timestamp,handedness,gesture,lm0_wrist_x,lm0_wrist_y,lm0_wrist_z,lm1_thumb_cmc_x,lm1_thumb_cmc_y,lm1_thumb_cmc_z,lm2_thumb_mcp_x,lm2_thumb_mcp_y,lm2_thumb_mcp_z,lm3_thumb_ip_x,lm3_thumb_ip_y,lm3_thumb_ip_z,lm4_thumb_tip_x,lm4_thumb_tip_y,lm4_thumb_tip_z,lm5_index_mcp_x,lm5_index_mcp_y,lm5_index_mcp_z,lm6_index_pip_x,lm6_index_pip_y,lm6_index_pip_z,lm7_index_dip_x,lm7_index_dip_y,lm7_index_dip_z,lm8_index_tip_x,lm8_index_tip_y,lm8_index_tip_z,lm9_middle_mcp_x,lm9_middle_mcp_y,lm9_middle_mcp_z,lm10_middle_pip_x,lm10_middle_pip_y,lm10_middle_pip_z,lm11_middle_dip_x,lm11_middle_dip_y,lm11_middle_dip_z,lm12_middle_tip_x,lm12_middle_tip_y,lm12_middle_tip_z,lm13_ring_mcp_x,lm13_ring_mcp_y,lm13_ring_mcp_z,lm14_ring_pip_x,lm14_ring_pip_y,lm14_ring_pip_z,lm15_ring_dip_x,lm15_ring_dip_y,lm15_ring_dip_z,lm16_ring_tip_x,lm16_ring_tip_y,lm16_ring_tip_z,lm17_pinky_mcp_x,lm17_pinky_mcp_y,lm17_pinky_mcp_z,lm18_pinky_pip_x,lm18_pinky_pip_y,lm18_pinky_pip_z,lm19_pinky_dip_x,lm19_pinky_dip_y,lm19_pinky_dip_z,lm20_pinky_tip_x,lm20_pinky_tip_y,lm20_pinky_tip_z
1780370642.853,right,fist,0.586778,0.926724,-0.000000,0.551382,0.926619,-0.004542,0.512697,0.937850,-0.012121,0.486320,0.963762,-0.019530,0.468251,0.992790,-0.028896,0.496550,0.903079,-0.023180,0.468374,0.962897,-0.038154,0.457547,1.006085,-0.047477,0.449124,1.034539,-0.053021,0.516079,0.909865,-0.029141,0.490055,0.975868,-0.041754,0.477999,1.026060,-0.048498,0.468996,1.059827,-0.054119,0.537831,0.924448,-0.034471,0.516455,0.994934,-0.046535,0.508529,1.039196,-0.048466,0.503396,1.061423,-0.050209,0.558782,0.946786,-0.039659,0.543592,1.005862,-0.050354,0.537289,1.039846,-0.049826,0.534745,1.057405,-0.048611
1780370643.368,right,fist,0.489241,0.639358,-0.000000,0.452879,0.628573,-0.000869,0.428598,0.582287,-0.001482,0.429893,0.533027,-0.005469,0.435103,0.496652,-0.008528,0.430667,0.534985,0.009454,0.411410,0.490879,-0.005110,0.415188,0.528879,-0.013563,0.426476,0.558496,-0.016388,0.443764,0.520760,0.003820,0.422129,0.476775,-0.011949,0.428892,0.526601,-0.015962,0.443356,0.555596,-0.013360,0.461009,0.509514,-0.004418,0.436986,0.464131,-0.018987,0.442011,0.514598,-0.015429,0.455205,0.545096,-0.007933,0.482046,0.502359,-0.013136,0.458592,0.476075,-0.022419,0.458749,0.513861,-0.018842,0.468907,0.539684,-0.012900
1780370643.910,right,fist,0.476723,0.577068,-0.000000,0.440040,0.567809,-0.000557,0.414416,0.520026,0.000312,0.417707,0.472312,-0.001519,0.426277,0.439738,-0.002406,0.418749,0.479746,0.006698,0.402076,0.432244,-0.007129,0.410266,0.460907,-0.014758,0.420982,0.490033,-0.016991,0.435144,0.464639,0.001550,0.419326,0.417533,-0.013042,0.429315,0.462519,-0.016092,0.439035,0.492481,-0.013115,0.453984,0.455092,-0.005732,0.437798,0.409287,-0.019394,0.445689,0.458891,-0.013951,0.453956,0.490007,-0.005503,0.475538,0.450634,-0.013376,0.459298,0.419936,-0.021672,0.461387,0.456167,-0.015903,0.467044,0.480610,-0.008705
1780370644.434,right,fist,0.499495,0.567760,-0.000000,0.472074,0.559680,-0.011809,0.449175,0.524305,-0.017182,0.444825,0.491719,-0.022250,0.450080,0.471504,-0.024287,0.454672,0.423890,-0.003494,0.445558,0.432823,-0.018153,0.453989,0.476031,-0.026802,0.459914,0.487121,-0.031484,0.475342,0.412205,-0.005043,0.467996,0.431440,-0.018647,0.472619,0.481463,-0.020877,0.475995,0.484640,-0.019707,0.497388,0.416774,-0.009550,0.490841,0.430791,-0.024217,0.490887,0.477756,-0.018772,0.493023,0.481689,-0.011787,0.519364,0.430014,-0.015611,0.513843,0.431429,-0.024102,0.508044,0.467373,-0.018756,0.506324,0.477863,-0.012181
1780370644.948,right,fist,0.538239,0.567084,-0.000000,0.514100,0.565529,-0.022866,0.491619,0.555536,-0.037458,0.486812,0.566793,-0.047674,0.498843,0.572322,-0.055102,0.506542,0.478298,-0.038706,0.507915,0.564701,-0.054290,0.508397,0.595189,-0.059700,0.507850,0.586691,-0.063373,0.534193,0.474039,-0.034622,0.532498,0.572755,-0.049502,0.528114,0.596298,-0.049407,0.525448,0.578963,-0.048984,0.557934,0.484106,-0.031860,0.553309,0.574297,-0.045941,0.546792,0.591346,-0.040709,0.542946,0.576999,-0.036014,0.576459,0.500204,-0.031497,0.571819,0.562932,-0.044219,0.564813,0.579888,-0.044190,0.560301,0.573670,-0.042044
1780370645.491,right,fist,0.533495,0.604031,-0.000000,0.530194,0.539057,0.004430,0.512961,0.493221,0.002119,0.488387,0.482309,-0.000969,0.470498,0.496888,-0.004230,0.497315,0.455307,-0.007975,0.457660,0.462367,-0.011213,0.462242,0.485007,-0.011413,0.472086,0.490569,-0.011610,0.486021,0.487278,-0.013476,0.448448,0.495695,-0.014754,0.456680,0.515594,-0.011191,0.469227,0.519148,-0.009576,0.477074,0.525359,-0.017861,0.443050,0.526043,-0.018820,0.453967,0.544434,-0.012028,0.466664,0.547913,-0.008540,0.471624,0.567006,-0.021813,0.450605,0.563665,-0.023598,0.461365,0.574459,-0.018083,0.471837,0.576320,-0.013590
1780370646.028,right,fist,0.539399,0.585571,-0.000000,0.548377,0.533764,0.006069,0.546322,0.480594,0.004811,0.529939,0.447559,0.001729,0.512750,0.437913,-0.000405,0.557617,0.442145,0.000448,0.515544,0.412059,-0.007450,0.511548,0.436431,-0.011602,0.518854,0.448661,-0.013942,0.550327,0.446354,-0.006411,0.503570,0.420882,-0.012746,0.504279,0.447942,-0.011993,0.513810,0.459530,-0.011595,0.539585,0.456851,-0.013312,0.495306,0.435562,-0.017324,0.497386,0.465249,-0.012781,0.507876,0.475635,-0.010571,0.526676,0.472652,-0.020203,0.493949,0.465195,-0.024220,0.496207,0.488049,-0.023009,0.505172,0.495829,-0.021819
1780370646.531,right,fist,0.543993,0.579751,-0.000000,0.510705,0.550109,0.002264,0.497828,0.497458,0.004890,0.505848,0.465830,0.004195,0.516406,0.446527,0.004146,0.512319,0.458394,0.012892,0.503796,0.415974,0.002316,0.502976,0.450591,-0.004241,0.507812,0.481334,-0.006384,0.526774,0.454359,0.007555,0.517265,0.409368,-0.004281,0.516858,0.456558,-0.007529,0.523530,0.486136,-0.005071,0.543402,0.455033,0.000310,0.532882,0.408161,-0.010472,0.530976,0.456794,-0.006562,0.536726,0.487031,0.000339,0.561860,0.461510,-0.007102,0.548708,0.427894,-0.013530,0.543807,0.461228,-0.008864,0.547897,0.484936,-0.002639
1780370647.061,right,fist,0.569622,0.579656,-0.000000,0.535815,0.567273,-0.005433,0.514712,0.515444,-0.005444,0.510900,0.466602,-0.006910,0.509301,0.435663,-0.005925,0.518381,0.466335,0.006492,0.515013,0.418582,-0.008676,0.523788,0.456891,-0.016044,0.527545,0.485667,-0.017612,0.536834,0.457236,0.003691,0.532919,0.411906,-0.011546,0.540382,0.464071,-0.014296,0.541153,0.485974,-0.011312,0.555882,0.453901,-0.002025,0.551795,0.411279,-0.017444,0.556235,0.463781,-0.011405,0.556347,0.486838,-0.002422,0.575649,0.455791,-0.008426,0.570892,0.426104,-0.016484,0.571450,0.460990,-0.010033,0.570461,0.478640,-0.002317
1780370647.588,right,fist,0.572669,0.609184,-0.000000,0.550036,0.603619,-0.023171,0.533609,0.573651,-0.034697,0.539500,0.543839,-0.042528,0.553342,0.523864,-0.046471,0.529677,0.473696,-0.018205,0.547392,0.490965,-0.031650,0.552421,0.530351,-0.037232,0.547459,0.535460,-0.040835,0.550742,0.457166,-0.014185,0.568507,0.484923,-0.028601,0.569030,0.534600,-0.030510,0.561829,0.534929,-0.029609,0.571963,0.457730,-0.013064,0.588400,0.483397,-0.028414,0.586113,0.528582,-0.024681,0.578378,0.530861,-0.019587,0.591813,0.468835,-0.014269,0.604187,0.487602,-0.024818,0.600321,0.521749,-0.022635,0.591657,0.525813,-0.018580
1780370648.109,right,fist,0.567724,0.601398,-0.000000,0.544255,0.604349,-0.024647,0.524011,0.589761,-0.038920,0.522723,0.584985,-0.048406,0.535269,0.573405,-0.054597,0.537458,0.494479,-0.034298,0.544611,0.567322,-0.049124,0.542848,0.604134,-0.054214,0.537915,0.599599,-0.057588,0.562797,0.486577,-0.029044,0.566819,0.572487,-0.044457,0.560215,0.607331,-0.045392,0.555820,0.596105,-0.045085,0.584719,0.494613,-0.025659,0.586394,0.577497,-0.040853,0.576158,0.606570,-0.036397,0.569093,0.598455,-0.031868,0.601915,0.510350,-0.024676,0.601688,0.567495,-0.037872,0.592921,0.592175,-0.037905,0.585904,0.589274,-0.035550
1780370648.655,right,fist,0.598612,0.636983,-0.000000,0.569816,0.610282,-0.005127,0.538348,0.592039,-0.009609,0.514082,0.593616,-0.013914,0.500241,0.599950,-0.018158,0.538474,0.546808,-0.014329,0.501304,0.575806,-0.023447,0.492366,0.605304,-0.026366,0.493082,0.612934,-0.027590,0.553269,0.566876,-0.018009,0.516800,0.596681,-0.026139,0.502718,0.622492,-0.026601,0.497863,0.631794,-0.026579,0.566475,0.598774,-0.022097,0.532524,0.626974,-0.031887,0.516519,0.648807,-0.031141,0.511326,0.654138,-0.029472,0.577731,0.635815,-0.026224,0.548966,0.659674,-0.035496,0.532953,0.669896,-0.035568,0.525489,0.671415,-0.033834
1780370649.164,right,fist,0.561224,0.622890,-0.000000,0.569924,0.570761,0.001911,0.566364,0.515801,-0.001987,0.546660,0.480129,-0.006060,0.527076,0.475767,-0.009662,0.566837,0.475146,-0.011621,0.526348,0.449241,-0.019304,0.526496,0.474076,-0.021386,0.535423,0.485845,-0.021991,0.554114,0.493808,-0.016808,0.513750,0.467883,-0.022318,0.516619,0.492242,-0.019004,0.526664,0.503781,-0.016872,0.539563,0.517702,-0.021510,0.504194,0.492735,-0.025729,0.508828,0.516927,-0.018283,0.519155,0.527047,-0.013678,0.524375,0.545925,-0.026085,0.500845,0.527395,-0.029651,0.506456,0.546050,-0.024752,0.515104,0.554036,-0.020628
1780370649.687,right,fist,0.596392,0.648211,-0.000000,0.565234,0.622552,-0.004831,0.550821,0.560534,-0.005425,0.562332,0.516655,-0.007739,0.576935,0.498394,-0.008050,0.565902,0.515232,0.003752,0.560502,0.471703,-0.010440,0.560235,0.516734,-0.016376,0.563821,0.544557,-0.017675,0.584038,0.514044,0.000665,0.576818,0.474973,-0.013606,0.575491,0.530153,-0.013805,0.579993,0.550527,-0.009093,0.602857,0.519992,-0.005281,0.593889,0.481765,-0.019011,0.590534,0.536024,-0.011935,0.594586,0.556676,-0.002633,0.622240,0.531062,-0.012026,0.610203,0.507181,-0.018991,0.604703,0.542126,-0.012991,0.608015,0.557123,-0.005920
1780370650.198,right,fist,0.602846,0.654602,-0.000000,0.573103,0.635364,-0.007862,0.557112,0.580876,-0.010377,0.565174,0.537077,-0.013864,0.574714,0.513963,-0.014856,0.566972,0.532932,0.000543,0.563873,0.489131,-0.015374,0.567445,0.530866,-0.022795,0.570145,0.557157,-0.024734,0.586627,0.530261,-0.001495,0.583390,0.490398,-0.016348,0.584106,0.542371,-0.017818,0.584818,0.560216,-0.014237,0.605976,0.534180,-0.006556,0.602321,0.496150,-0.020787,0.600015,0.547354,-0.014303,0.599850,0.565643,-0.005422,0.625719,0.542578,-0.012614,0.620226,0.517133,-0.019261,0.615396,0.549615,-0.012748,0.614430,0.563134,-0.005316
1780370650.723,right,fist,0.607016,0.673978,-0.000000,0.587554,0.673900,-0.030086,0.574812,0.652934,-0.047107,0.580531,0.630216,-0.058758,0.593504,0.611528,-0.066474,0.580652,0.540850,-0.031843,0.605420,0.591348,-0.049931,0.603471,0.629255,-0.058726,0.596948,0.629845,-0.064235,0.602170,0.531094,-0.024790,0.626811,0.591437,-0.044308,0.619605,0.632983,-0.047960,0.612190,0.631320,-0.048386,0.621967,0.536119,-0.020630,0.642107,0.596595,-0.038138,0.633053,0.632173,-0.034751,0.624971,0.629984,-0.030069,0.638142,0.549391,-0.019522,0.652078,0.593104,-0.031504,0.644605,0.622250,-0.031031,0.635766,0.621985,-0.028228
1780370651.263,right,fist,0.585233,0.618377,-0.000000,0.577111,0.576818,0.002556,0.556009,0.536179,-0.000020,0.532176,0.516563,-0.003189,0.514888,0.516602,-0.006534,0.553835,0.497410,-0.011844,0.510325,0.509920,-0.020369,0.514527,0.531754,-0.022720,0.525874,0.534228,-0.023328,0.555394,0.520007,-0.017091,0.506827,0.532743,-0.023392,0.513888,0.552655,-0.020133,0.526591,0.552548,-0.017992,0.554594,0.551145,-0.021913,0.507165,0.557672,-0.028600,0.515411,0.576699,-0.021492,0.529640,0.577559,-0.016367,0.552649,0.587279,-0.026226,0.515319,0.587097,-0.033497,0.521181,0.599583,-0.029959,0.534155,0.602037,-0.026038
1780370651.794,right,fist,0.583346,0.614344,-0.000000,0.555880,0.556209,-0.001328,0.555210,0.500384,-0.003046,0.558125,0.463706,-0.006537,0.561269,0.435251,-0.008050,0.601323,0.461644,0.005527,0.566394,0.432842,-0.006624,0.556272,0.468078,-0.014272,0.561281,0.487738,-0.018462,0.609262,0.467188,0.000317,0.565540,0.436764,-0.013060,0.555922,0.479063,-0.014924,0.564858,0.498393,-0.013376,0.610146,0.481808,-0.006972,0.567859,0.454768,-0.019825,0.560385,0.494163,-0.014946,0.570687,0.510644,-0.008888,0.605207,0.500353,-0.015038,0.572744,0.484300,-0.024206,0.567681,0.508444,-0.022405,0.576436,0.520839,-0.018574
1780370652.322,right,fist,0.579543,0.611943,-0.000000,0.551874,0.563170,-0.003755,0.549280,0.508192,-0.005373,0.554626,0.474966,-0.008220,0.561234,0.451259,-0.008493,0.586690,0.457703,0.006640,0.556443,0.439582,-0.006250,0.549149,0.477985,-0.014801,0.554297,0.495728,-0.019463,0.599927,0.463354,0.002238,0.561482,0.448072,-0.011065,0.554627,0.492064,-0.013358,0.562882,0.507926,-0.011831,0.607977,0.479863,-0.004822,0.570552,0.467344,-0.016674,0.564674,0.507036,-0.011649,0.573732,0.519935,-0.005687,0.611167,0.502417,-0.013167,0.579366,0.496517,-0.021131,0.574875,0.520022,-0.018872,0.582913,0.528184,-0.014805
1780370652.842,right,fist,0.613012,0.672485,-0.000000,0.590957,0.689942,-0.018647,0.576798,0.713789,-0.035126,0.579578,0.743122,-0.048520,0.582059,0.769285,-0.061700,0.585728,0.660453,-0.042050,0.596488,0.740943,-0.055628,0.596694,0.760557,-0.062246,0.593741,0.753159,-0.067436,0.609539,0.650900,-0.040589,0.615467,0.742236,-0.052461,0.612284,0.755457,-0.053297,0.608662,0.742680,-0.055514,0.630334,0.649020,-0.039116,0.633528,0.734996,-0.049723,0.629410,0.746844,-0.045019,0.625448,0.734205,-0.042406,0.648122,0.652201,-0.039698,0.648399,0.714548,-0.047949,0.642355,0.734301,-0.044845,0.637920,0.734353,-0.042168
1780370653.382,right,fist,0.565838,0.624902,-0.000000,0.564835,0.568529,0.004990,0.553483,0.520654,0.002689,0.529378,0.502651,0.000129,0.510580,0.508153,-0.002816,0.544701,0.491815,-0.013694,0.504681,0.479252,-0.017130,0.505587,0.500541,-0.015975,0.513815,0.510540,-0.014790,0.532042,0.521083,-0.018670,0.493492,0.504993,-0.020078,0.498473,0.525619,-0.015489,0.509976,0.535054,-0.012948,0.520572,0.553098,-0.021919,0.487000,0.534556,-0.021891,0.494351,0.552964,-0.014062,0.505776,0.561877,-0.010005,0.511151,0.587608,-0.024469,0.490621,0.571405,-0.024554,0.498240,0.583170,-0.018136,0.506994,0.589374,-0.013447
1780370653.913,right,fist,0.583507,0.610449,-0.000000,0.591021,0.557167,0.003310,0.585747,0.503024,-0.001244,0.566064,0.469009,-0.005776,0.546275,0.465331,-0.010637,0.586878,0.476649,-0.017122,0.551814,0.440669,-0.023032,0.550490,0.462409,-0.023843,0.557811,0.476953,-0.023776,0.571211,0.501658,-0.022445,0.536455,0.462036,-0.026002,0.538122,0.483380,-0.021772,0.547182,0.498512,-0.019392,0.554896,0.527449,-0.026223,0.526801,0.488679,-0.028047,0.530529,0.508295,-0.019738,0.539034,0.522066,-0.015056,0.539524,0.553779,-0.029405,0.521734,0.520942,-0.030225,0.527069,0.536854,-0.022820,0.533942,0.549069,-0.017506
1780370654.456,right,fist,0.592961,0.607313,-0.000000,0.567589,0.551778,-0.000893,0.566447,0.500189,-0.004108,0.569445,0.466016,-0.008960,0.574250,0.441540,-0.011883,0.611980,0.458788,0.001383,0.577365,0.430500,-0.009879,0.567286,0.462624,-0.016276,0.571870,0.480185,-0.019931,0.618299,0.466618,-0.004131,0.574089,0.438691,-0.016634,0.565942,0.474424,-0.018033,0.575835,0.489405,-0.017019,0.617879,0.482315,-0.011185,0.575252,0.458236,-0.021964,0.569030,0.490623,-0.016846,0.580059,0.503154,-0.011926,0.611461,0.501440,-0.018983,0.576835,0.489169,-0.027108,0.572645,0.510235,-0.025529,0.582318,0.520203,-0.022624
1780370654.982,right,fist,0.622861,0.642868,-0.000000,0.610218,0.656726,-0.032240,0.598473,0.648220,-0.050373,0.602577,0.621062,-0.062357,0.609338,0.594813,-0.070131,0.583503,0.548553,-0.037568,0.621324,0.572519,-0.054082,0.624499,0.608820,-0.060038,0.616189,0.614778,-0.064083,0.598826,0.526084,-0.028409,0.637252,0.558672,-0.046991,0.637314,0.600029,-0.048841,0.627840,0.602129,-0.048803,0.615210,0.518344,-0.021857,0.648830,0.552365,-0.038666,0.647158,0.588286,-0.035194,0.637867,0.590755,-0.031339,0.630147,0.519852,-0.018261,0.654575,0.545138,-0.030795,0.653999,0.573135,-0.031922,0.645460,0.576950,-0.030982
1780370655.486,right,fist,0.622346,0.647164,-0.000000,0.602214,0.672289,-0.031364,0.590238,0.671325,-0.049029,0.601662,0.660835,-0.060223,0.615141,0.644005,-0.067693,0.595290,0.572198,-0.041748,0.632956,0.631723,-0.058059,0.624929,0.660291,-0.065931,0.613538,0.650186,-0.072849,0.614818,0.551036,-0.033423,0.648697,0.624744,-0.050539,0.636995,0.652969,-0.053548,0.626550,0.641581,-0.056149,0.632163,0.545172,-0.027156,0.660809,0.619235,-0.041469,0.648625,0.642123,-0.038269,0.638077,0.629546,-0.036336,0.646150,0.549081,-0.024148,0.664401,0.604987,-0.037311,0.657400,0.626741,-0.039983,0.648483,0.620883,-0.040856
1780370655.991,right,fist,0.562704,0.628247,-0.000000,0.532067,0.597819,-0.001105,0.512192,0.558303,-0.006192,0.499759,0.530303,-0.011418,0.490129,0.518578,-0.016723,0.525103,0.497814,-0.020180,0.482986,0.507357,-0.032312,0.478184,0.544822,-0.035221,0.486375,0.563542,-0.035788,0.536440,0.514608,-0.025550,0.488686,0.530510,-0.037165,0.487302,0.566792,-0.035014,0.497331,0.578681,-0.032771,0.544732,0.543522,-0.030701,0.497028,0.560689,-0.041468,0.498789,0.590440,-0.034819,0.511055,0.595986,-0.029372,0.549341,0.579328,-0.035524,0.510491,0.595357,-0.044064,0.511073,0.611736,-0.040416,0.522404,0.610720,-0.036441
1780370656.509,right,fist,0.533640,0.631051,-0.000000,0.504378,0.618681,-0.001903,0.484647,0.576658,-0.003535,0.483883,0.538648,-0.008231,0.493301,0.521820,-0.011989,0.494393,0.516265,0.003946,0.480633,0.459983,-0.009384,0.473957,0.493441,-0.017359,0.477607,0.524692,-0.020756,0.506408,0.509849,-0.001920,0.491791,0.446995,-0.017052,0.483889,0.488645,-0.021792,0.488676,0.519345,-0.020801,0.520566,0.508882,-0.009940,0.508622,0.446338,-0.022067,0.498717,0.484089,-0.021713,0.500888,0.514695,-0.017871,0.537403,0.512967,-0.018676,0.526523,0.471932,-0.024820,0.515594,0.492680,-0.023601,0.515475,0.514911,-0.021003
1780370657.018,right,fist,0.546434,0.625328,-0.000000,0.516954,0.630076,-0.007937,0.490109,0.598831,-0.011588,0.481948,0.555362,-0.017154,0.494660,0.540173,-0.021621,0.494627,0.524809,0.001804,0.479748,0.471924,-0.010541,0.478954,0.497762,-0.019602,0.485769,0.524795,-0.024340,0.507839,0.510389,-0.001133,0.492537,0.449825,-0.014108,0.491801,0.483566,-0.020370,0.498965,0.511313,-0.021404,0.522895,0.503311,-0.006643,0.509928,0.441444,-0.017548,0.506522,0.472669,-0.019870,0.512214,0.503069,-0.018486,0.541009,0.502300,-0.013469,0.530684,0.458293,-0.020010,0.524610,0.477592,-0.020928,0.527044,0.503245,-0.020189
1780370657.541,right,fist,0.536887,0.612150,-0.000000,0.511067,0.596618,-0.002559,0.494261,0.555793,-0.005307,0.489160,0.520420,-0.010930,0.497568,0.512149,-0.015363,0.508726,0.488269,0.004395,0.503790,0.429936,-0.007987,0.491462,0.449917,-0.015622,0.491624,0.477758,-0.018777,0.519853,0.485396,-0.001387,0.515448,0.417342,-0.015623,0.501606,0.446004,-0.020120,0.503514,0.475449,-0.018862,0.532441,0.488080,-0.009261,0.530280,0.423399,-0.019507,0.515572,0.448559,-0.019499,0.515293,0.476943,-0.016088,0.547293,0.496343,-0.018096,0.543790,0.447684,-0.021579,0.530944,0.460660,-0.019519,0.529518,0.484029,-0.016559
1780370658.061,right,fist,0.531896,0.618666,-0.000000,0.552061,0.580341,0.008100,0.566767,0.539041,0.008141,0.565148,0.500177,0.007944,0.554262,0.478433,0.007546,0.548813,0.503279,-0.012639,0.535012,0.434415,-0.015352,0.526049,0.425682,-0.011165,0.523105,0.433102,-0.006108,0.530567,0.514110,-0.017446,0.517792,0.438021,-0.020722,0.510193,0.429313,-0.014058,0.508740,0.438039,-0.007751,0.513355,0.528077,-0.020274,0.503772,0.456761,-0.021905,0.499056,0.448865,-0.012889,0.499260,0.456335,-0.005318,0.497144,0.546959,-0.021837,0.490468,0.487220,-0.019994,0.489091,0.478240,-0.011292,0.490385,0.482778,-0.003767
1780370658.597,right,fist,0.549849,0.660286,-0.000000,0.569982,0.627224,0.006953,0.582712,0.593819,0.007897,0.582388,0.560713,0.007992,0.574673,0.540308,0.007898,0.565035,0.544822,-0.001205,0.552397,0.487190,-0.002118,0.544028,0.474504,-0.000965,0.539224,0.472983,0.001004,0.548058,0.548967,-0.005376,0.535679,0.485804,-0.005354,0.530034,0.477973,-0.002137,0.527992,0.481942,0.000735,0.531596,0.559150,-0.008399,0.521558,0.499030,-0.007491,0.519028,0.491470,-0.001633,0.519199,0.494397,0.002806,0.516404,0.574772,-0.010619,0.509427,0.522470,-0.007556,0.509797,0.513451,-0.000336,0.511925,0.514433,0.005573
1780370659.122,right,fist,0.627612,0.714663,-0.000000,0.608367,0.687512,0.001052,0.600385,0.645328,0.001100,0.595803,0.618702,-0.001886,0.590668,0.610200,-0.003475,0.614542,0.596759,0.009022,0.614027,0.544026,0.000359,0.599033,0.546483,-0.005259,0.593936,0.566178,-0.007341,0.618871,0.598017,0.003365,0.616306,0.541219,-0.004838,0.598792,0.549465,-0.007324,0.594524,0.569542,-0.006476,0.623416,0.603855,-0.004206,0.619214,0.550886,-0.010573,0.601654,0.557807,-0.010899,0.596276,0.576538,-0.009294,0.626626,0.613915,-0.012437,0.620916,0.575661,-0.015639,0.606185,0.577956,-0.014860,0.599656,0.595476,-0.013292
1780370659.636,right,fist,0.699312,0.792580,-0.000000,0.670168,0.785788,-0.009577,0.643883,0.751038,-0.015552,0.633047,0.711063,-0.023028,0.646441,0.704481,-0.029085,0.657091,0.670822,-0.000310,0.652215,0.611766,-0.014106,0.652532,0.630964,-0.024296,0.655819,0.658442,-0.029551,0.673988,0.662810,-0.002945,0.668810,0.595749,-0.017071,0.669716,0.625101,-0.023874,0.672794,0.655930,-0.025016,0.691316,0.662945,-0.008247,0.686748,0.599914,-0.019870,0.685151,0.626179,-0.021560,0.687195,0.656869,-0.019297,0.710242,0.670543,-0.014968,0.707382,0.622070,-0.021344,0.702990,0.634755,-0.021501,0.702068,0.658214,-0.020013
1780370660.146,right,fist,0.686356,0.813461,-0.000000,0.657575,0.811053,-0.010930,0.629716,0.782142,-0.018339,0.617985,0.746125,-0.026684,0.633952,0.740357,-0.033035,0.641512,0.698430,-0.005734,0.636974,0.637843,-0.019970,0.642369,0.667164,-0.028924,0.646689,0.698117,-0.033299,0.658764,0.686209,-0.007655,0.652776,0.621018,-0.020957,0.659401,0.657691,-0.024650,0.662344,0.687868,-0.023924,0.676569,0.683007,-0.012136,0.671373,0.620909,-0.023119,0.674974,0.654742,-0.020559,0.676060,0.685253,-0.015644,0.694818,0.689139,-0.018195,0.692975,0.642348,-0.024197,0.691936,0.661248,-0.021750,0.689926,0.685123,-0.018353
1780370660.653,right,fist,0.681156,0.841238,-0.000000,0.657672,0.837015,-0.022774,0.634960,0.812707,-0.037713,0.628650,0.794111,-0.049970,0.642535,0.798682,-0.059622,0.650039,0.731436,-0.027028,0.660040,0.709503,-0.042564,0.667392,0.751013,-0.047613,0.664799,0.776084,-0.049766,0.671612,0.720507,-0.024182,0.676937,0.685354,-0.042864,0.684626,0.735826,-0.045863,0.681083,0.760040,-0.044275,0.690745,0.719582,-0.023454,0.694828,0.685235,-0.041634,0.700474,0.732434,-0.037702,0.695670,0.757807,-0.030960,0.706046,0.728292,-0.024370,0.711803,0.700371,-0.036066,0.714061,0.730089,-0.032891,0.708409,0.748347,-0.028143
1780370661.176,right,fist,0.653473,0.868507,-0.000000,0.630981,0.851221,-0.012103,0.613862,0.822797,-0.020054,0.607866,0.801708,-0.026837,0.614668,0.788676,-0.031279,0.627677,0.742714,-0.011782,0.611849,0.767274,-0.025988,0.611883,0.801218,-0.033550,0.615305,0.811061,-0.037197,0.647818,0.748522,-0.012780,0.630391,0.780009,-0.024561,0.627506,0.815158,-0.026006,0.630476,0.818194,-0.025240,0.665275,0.769334,-0.016036,0.650761,0.796617,-0.027796,0.644942,0.825210,-0.024256,0.646262,0.825979,-0.019803,0.680123,0.797568,-0.020661,0.669117,0.818364,-0.027590,0.659942,0.838809,-0.024688,0.657408,0.841783,-0.020668
1780370661.701,right,fist,0.570238,0.834755,-0.000000,0.589704,0.788169,0.002593,0.596452,0.732110,-0.001656,0.588175,0.686096,-0.005476,0.571504,0.666515,-0.009258,0.591974,0.720469,-0.022348,0.566175,0.651360,-0.028945,0.567420,0.668637,-0.028658,0.573656,0.689916,-0.026832,0.570263,0.736585,-0.026364,0.548320,0.663266,-0.031193,0.551486,0.681117,-0.026416,0.557508,0.704093,-0.023006,0.549618,0.750937,-0.028566,0.533344,0.680250,-0.030992,0.537722,0.697185,-0.021752,0.543723,0.718082,-0.015724,0.531305,0.765782,-0.030074,0.525137,0.707399,-0.030509,0.529144,0.720375,-0.022179,0.532646,0.738965,-0.016005
1780370662.238,right,fist,0.563351,0.750187,-0.000000,0.583435,0.712598,0.005039,0.594450,0.665133,0.001322,0.588730,0.621872,-0.002838,0.574296,0.601545,-0.007099,0.602334,0.631059,-0.016916,0.574404,0.572057,-0.023202,0.568500,0.595192,-0.022426,0.574093,0.612901,-0.021060,0.585811,0.640804,-0.023133,0.557405,0.579328,-0.027977,0.553309,0.603303,-0.021999,0.559933,0.622841,-0.018401,0.567117,0.652045,-0.027921,0.543357,0.592548,-0.030792,0.540866,0.617420,-0.020802,0.547838,0.636727,-0.015028,0.547600,0.666068,-0.032094,0.533751,0.619094,-0.034182,0.533590,0.640063,-0.027029,0.539021,0.657426,-0.021670
1780370662.756,right,fist,0.556062,0.717167,-0.000000,0.527063,0.678483,-0.005282,0.515675,0.625262,-0.007716,0.518320,0.585316,-0.011640,0.526599,0.559690,-0.012560,0.543990,0.568341,0.006095,0.527463,0.541882,-0.007089,0.523310,0.583963,-0.014008,0.528545,0.600143,-0.017471,0.558946,0.570860,0.002433,0.535740,0.554606,-0.012112,0.532491,0.600156,-0.013145,0.542157,0.609985,-0.010231,0.571834,0.583011,-0.004363,0.548250,0.566654,-0.017958,0.543165,0.609433,-0.011837,0.552267,0.618829,-0.004451,0.582205,0.602262,-0.012499,0.558757,0.595389,-0.020871,0.553088,0.620999,-0.018098,0.560635,0.626904,-0.013628
1780370663.267,right,fist,0.580960,0.779680,-0.000000,0.556000,0.783250,-0.019518,0.531684,0.767493,-0.031003,0.524395,0.742641,-0.039449,0.535551,0.719242,-0.044642,0.539434,0.655695,-0.018903,0.549963,0.708871,-0.033596,0.553059,0.746384,-0.041706,0.551461,0.750833,-0.046664,0.562038,0.641198,-0.016235,0.571339,0.708038,-0.030026,0.569877,0.744185,-0.032796,0.567760,0.744466,-0.033274,0.583720,0.644011,-0.015953,0.591066,0.707874,-0.029243,0.585696,0.738965,-0.026272,0.581160,0.736857,-0.022429,0.603069,0.656289,-0.017919,0.607294,0.703619,-0.027558,0.602521,0.728865,-0.026801,0.597522,0.728423,-0.023966
1780370663.777,right,fist,0.567571,0.826569,-0.000000,0.533491,0.804602,-0.010697,0.506359,0.779624,-0.019478,0.489105,0.771760,-0.026760,0.491773,0.783327,-0.031403,0.512781,0.710767,-0.015404,0.486186,0.780580,-0.027622,0.495719,0.797650,-0.033561,0.506337,0.783596,-0.037210,0.532650,0.719738,-0.017472,0.503977,0.803456,-0.027244,0.514419,0.808394,-0.027426,0.522457,0.784841,-0.026982,0.552125,0.743985,-0.021045,0.524479,0.818002,-0.029102,0.532478,0.816607,-0.023697,0.540129,0.796091,-0.019116,0.568956,0.776111,-0.026223,0.545321,0.827676,-0.032514,0.549613,0.821796,-0.030169,0.556039,0.800541,-0.026627
1780370664.303,right,fist,0.542262,0.764410,-0.000000,0.532202,0.713900,0.003285,0.507431,0.677920,-0.000318,0.479028,0.673394,-0.004747,0.464921,0.687977,-0.009103,0.497420,0.636719,-0.010941,0.453614,0.658756,-0.020510,0.460363,0.682831,-0.023843,0.471814,0.681353,-0.025017,0.499813,0.667608,-0.017072,0.451785,0.689595,-0.024740,0.460382,0.709098,-0.021806,0.473108,0.706609,-0.019593,0.500964,0.704097,-0.022732,0.455173,0.718344,-0.029955,0.464559,0.734754,-0.022742,0.478059,0.732922,-0.017096,0.501545,0.742678,-0.027883,0.465133,0.747930,-0.033002,0.473192,0.756239,-0.027893,0.485677,0.754027,-0.022986
1780370664.844,right,fist,0.505983,0.685767,-0.000000,0.519119,0.634093,-0.000922,0.522259,0.578161,-0.004141,0.507451,0.536788,-0.006405,0.488471,0.535418,-0.008413,0.498960,0.561879,-0.014536,0.472337,0.523705,-0.018101,0.476613,0.541491,-0.018520,0.485678,0.555631,-0.018221,0.481027,0.585611,-0.015930,0.457777,0.544212,-0.016795,0.463465,0.561356,-0.013467,0.471834,0.577472,-0.011855,0.465808,0.610758,-0.016232,0.447287,0.569083,-0.015992,0.453948,0.584236,-0.009209,0.461793,0.599893,-0.005697,0.453606,0.636727,-0.016379,0.443233,0.597880,-0.015843,0.449359,0.610166,-0.009361,0.454942,0.623976,-0.004757
1780370665.355,right,fist,0.517024,0.692944,-0.000000,0.528304,0.642295,0.001511,0.529633,0.588034,-0.001454,0.517705,0.547627,-0.004168,0.500205,0.534783,-0.006946,0.517016,0.566471,-0.014516,0.486759,0.526414,-0.019303,0.487481,0.546233,-0.019965,0.495719,0.562062,-0.019658,0.500821,0.588167,-0.017743,0.472862,0.547299,-0.019733,0.475417,0.567078,-0.016003,0.483945,0.582470,-0.014195,0.485123,0.611187,-0.019835,0.463109,0.571378,-0.020887,0.466919,0.590362,-0.013509,0.474735,0.605830,-0.009502,0.470609,0.635514,-0.021580,0.458538,0.600098,-0.022085,0.462680,0.615605,-0.015453,0.468215,0.629762,-0.010655
1780370665.870,right,fist,0.518056,0.697109,-0.000000,0.528743,0.647335,0.001225,0.529717,0.593011,-0.002214,0.517162,0.553543,-0.005452,0.499039,0.541880,-0.008770,0.518014,0.568974,-0.015528,0.486742,0.530289,-0.021241,0.487575,0.550896,-0.022213,0.496411,0.566722,-0.022010,0.502431,0.591423,-0.018912,0.473235,0.552549,-0.021736,0.475624,0.573315,-0.017940,0.484662,0.588399,-0.016034,0.487165,0.615356,-0.021243,0.463789,0.577078,-0.023140,0.467431,0.596777,-0.015579,0.475985,0.612317,-0.011290,0.472826,0.640725,-0.023252,0.459071,0.606697,-0.024327,0.463192,0.621983,-0.017789,0.469518,0.635976,-0.012957
1780370666.375,right,fist,0.527127,0.683645,-0.000000,0.532269,0.632962,0.003054,0.526425,0.584214,-0.000812,0.508814,0.552090,-0.005624,0.493294,0.543691,-0.009640,0.532107,0.539510,-0.007637,0.490715,0.517134,-0.016282,0.488507,0.543490,-0.019118,0.497636,0.551989,-0.020481,0.526742,0.556212,-0.013570,0.480594,0.533885,-0.020556,0.481373,0.560355,-0.017619,0.491622,0.568130,-0.015803,0.517787,0.578689,-0.019451,0.474506,0.556014,-0.024848,0.476707,0.582010,-0.018011,0.487628,0.590234,-0.013788,0.507196,0.604821,-0.025258,0.473970,0.589611,-0.029631,0.477280,0.607309,-0.026415,0.487415,0.613831,-0.023587
1780370666.881,right,fist,0.535992,0.696981,-0.000000,0.502874,0.651567,-0.004526,0.494068,0.595071,-0.006853,0.497277,0.559394,-0.010736,0.504858,0.536624,-0.011932,0.532308,0.536770,0.005730,0.501284,0.518922,-0.006677,0.496096,0.556733,-0.014638,0.502394,0.573775,-0.019066,0.545248,0.539914,0.001699,0.506445,0.532694,-0.012379,0.503680,0.575101,-0.014964,0.515339,0.586800,-0.013743,0.553621,0.554965,-0.004973,0.517469,0.546043,-0.017642,0.513358,0.584845,-0.012674,0.524748,0.594823,-0.006579,0.556804,0.576736,-0.012996,0.528704,0.573279,-0.021186,0.523260,0.595549,-0.018927,0.531648,0.601731,-0.014885
1780370667.387,right,fist,0.537670,0.699654,-0.000000,0.505454,0.651640,-0.004255,0.496085,0.594959,-0.007106,0.497453,0.558829,-0.011499,0.504473,0.535741,-0.013042,0.535941,0.537821,0.004510,0.502625,0.520128,-0.008047,0.496966,0.559689,-0.015673,0.504178,0.575720,-0.019976,0.548112,0.542807,0.000115,0.506124,0.535895,-0.014003,0.503192,0.578950,-0.015906,0.515808,0.590007,-0.014418,0.555196,0.559890,-0.006848,0.516601,0.551214,-0.019648,0.512740,0.590853,-0.014159,0.525194,0.600898,-0.007825,0.557193,0.583161,-0.015112,0.527721,0.579367,-0.023630,0.521991,0.601535,-0.021459,0.530331,0.608382,-0.017478
1780370667.893,right,fist,0.542626,0.703777,-0.000000,0.509548,0.653793,-0.003547,0.499950,0.597740,-0.007179,0.499504,0.559228,-0.012295,0.502707,0.529473,-0.014826,0.540679,0.540442,0.003466,0.506537,0.523919,-0.008828,0.501784,0.564250,-0.016989,0.509341,0.580912,-0.021896,0.552945,0.547111,-0.001366,0.509886,0.539698,-0.015043,0.507626,0.581287,-0.017592,0.519610,0.594209,-0.017085,0.559030,0.565664,-0.008465,0.519340,0.557515,-0.020284,0.516312,0.594453,-0.015310,0.528612,0.605067,-0.010007,0.559642,0.589273,-0.016722,0.528438,0.584792,-0.024957,0.523505,0.606854,-0.023132,0.532362,0.614753,-0.019740
1780370668.402,right,fist,0.544234,0.703311,-0.000000,0.510929,0.653509,-0.004603,0.501186,0.597104,-0.008679,0.501646,0.559831,-0.014030,0.506717,0.534545,-0.016685,0.543144,0.539237,0.001016,0.507739,0.522172,-0.011963,0.501852,0.561914,-0.020044,0.509185,0.578514,-0.024719,0.554367,0.547659,-0.003498,0.510040,0.538585,-0.018028,0.506959,0.579304,-0.020318,0.519103,0.591982,-0.019427,0.559513,0.567819,-0.010318,0.519214,0.557416,-0.022832,0.515508,0.593111,-0.017640,0.527805,0.603744,-0.011900,0.559552,0.593162,-0.018384,0.529444,0.585734,-0.026761,0.523311,0.604780,-0.024809,0.530967,0.612114,-0.021215
1780370668.920,right,fist,0.541795,0.704232,-0.000000,0.508487,0.654564,-0.004319,0.499450,0.598199,-0.008436,0.501361,0.562696,-0.013848,0.506808,0.540025,-0.016779,0.539338,0.541890,0.000688,0.504483,0.525570,-0.012280,0.498482,0.563906,-0.020450,0.505500,0.580271,-0.025289,0.551189,0.549554,-0.003883,0.507741,0.543125,-0.018218,0.505011,0.583121,-0.020605,0.517255,0.594683,-0.019997,0.557104,0.569698,-0.010681,0.517168,0.561985,-0.022764,0.513694,0.597605,-0.017598,0.526127,0.606855,-0.012208,0.557634,0.594973,-0.018692,0.526605,0.590675,-0.026617,0.521569,0.609847,-0.024605,0.530492,0.615077,-0.021270
1780370669.453,right,fist,0.540601,0.702104,-0.000000,0.508049,0.654589,-0.004517,0.496894,0.599554,-0.008888,0.495696,0.562286,-0.014502,0.499377,0.535195,-0.017381,0.538207,0.539800,0.000304,0.502405,0.524477,-0.013233,0.497315,0.564403,-0.021096,0.505396,0.578817,-0.025423,0.549101,0.549346,-0.004443,0.505350,0.540670,-0.019079,0.502382,0.580899,-0.020792,0.514385,0.591489,-0.019458,0.554167,0.569777,-0.011528,0.513699,0.560774,-0.024411,0.510104,0.596224,-0.018634,0.522262,0.605061,-0.012340,0.554386,0.595572,-0.019780,0.524438,0.587749,-0.028196,0.518552,0.606603,-0.025689,0.526211,0.613657,-0.021566
1780370669.969,right,fist,0.543904,0.703335,-0.000000,0.511161,0.656734,-0.004532,0.500491,0.600369,-0.008100,0.500118,0.563277,-0.012857,0.504161,0.537368,-0.015033,0.541026,0.540246,0.001613,0.505442,0.525711,-0.011328,0.499312,0.563933,-0.019642,0.505972,0.582249,-0.024277,0.551946,0.548104,-0.002766,0.508267,0.542200,-0.016935,0.505554,0.582400,-0.019532,0.516988,0.596591,-0.018671,0.557284,0.568050,-0.009485,0.517821,0.561327,-0.021566,0.514842,0.596282,-0.017142,0.526537,0.606800,-0.011856,0.558190,0.594262,-0.017469,0.529118,0.590879,-0.025714,0.523129,0.609565,-0.024336,0.529722,0.616252,-0.021076
1780370670.475,right,fist,0.541528,0.701934,-0.000000,0.507701,0.653069,-0.003692,0.498421,0.596701,-0.007356,0.500864,0.561345,-0.012514,0.507291,0.538829,-0.015239,0.537435,0.538757,0.002499,0.503957,0.522842,-0.009645,0.498264,0.562275,-0.017366,0.505407,0.578269,-0.022124,0.549876,0.544989,-0.002403,0.507495,0.539394,-0.015977,0.504835,0.580486,-0.018053,0.517055,0.592009,-0.017277,0.556630,0.563802,-0.009571,0.517573,0.556228,-0.021376,0.514041,0.593479,-0.016251,0.526346,0.603368,-0.010929,0.558127,0.588258,-0.017919,0.526798,0.584522,-0.026111,0.521507,0.606625,-0.024189,0.530233,0.613882,-0.020866
1780370670.978,right,fist,0.543926,0.697206,-0.000000,0.511037,0.683752,-0.015279,0.488071,0.656059,-0.024282,0.479264,0.629947,-0.031014,0.487699,0.611126,-0.034389,0.504746,0.560581,-0.012715,0.486109,0.608990,-0.025082,0.491831,0.637502,-0.031688,0.499176,0.627325,-0.035981,0.524941,0.561735,-0.011770,0.502727,0.625455,-0.023544,0.507796,0.649411,-0.024963,0.514567,0.633226,-0.024539,0.543332,0.578393,-0.013199,0.520848,0.637589,-0.023822,0.523667,0.658064,-0.019731,0.530484,0.644424,-0.015531,0.558736,0.602542,-0.016609,0.539849,0.648232,-0.023426,0.539263,0.663164,-0.021990,0.543922,0.653774,-0.019151
1780370671.482,right,fist,0.524016,0.652640,-0.000000,0.537881,0.597100,0.001088,0.539017,0.544793,0.000308,0.519471,0.510621,0.000253,0.500335,0.510695,0.000295,0.507409,0.518944,-0.007998,0.482922,0.495095,-0.007305,0.486242,0.509616,-0.005438,0.493934,0.521656,-0.003957,0.488150,0.542238,-0.008725,0.469414,0.517637,-0.004401,0.473578,0.531587,-0.000519,0.481163,0.543422,0.000642,0.473917,0.570014,-0.008188,0.460949,0.545048,-0.003786,0.465656,0.556853,0.000936,0.473042,0.569479,0.002163,0.463930,0.599811,-0.007322,0.457861,0.575944,-0.003481,0.463187,0.586211,0.001982,0.468846,0.596936,0.005580
1780370672.024,right,fist,0.508410,0.542581,-0.000000,0.459872,0.539770,-0.001701,0.428211,0.503991,-0.007756,0.412216,0.473830,-0.014482,0.407302,0.457470,-0.018947,0.436341,0.387579,-0.008377,0.384758,0.431661,-0.026169,0.400497,0.466640,-0.037425,0.417022,0.462840,-0.044301,0.449957,0.391972,-0.014022,0.391819,0.453082,-0.028713,0.408013,0.484894,-0.029243,0.424170,0.474381,-0.029310,0.459712,0.416510,-0.021155,0.403534,0.473181,-0.032872,0.418828,0.502234,-0.024708,0.435608,0.491653,-0.019027,0.465809,0.454317,-0.028979,0.424405,0.504937,-0.038045,0.436432,0.523840,-0.035009,0.451739,0.511600,-0.031471
1780370672.533,right,fist,0.551144,0.495860,-0.000000,0.508929,0.506765,-0.015979,0.460506,0.470981,-0.023270,0.436157,0.422403,-0.030498,0.447485,0.393291,-0.032577,0.463697,0.338370,-0.003764,0.435950,0.346587,-0.024999,0.457798,0.404315,-0.034641,0.469880,0.405467,-0.040121,0.488714,0.313900,-0.006399,0.463142,0.341131,-0.027876,0.483873,0.408149,-0.026272,0.494166,0.395650,-0.020504,0.517483,0.309672,-0.014139,0.492191,0.330087,-0.035872,0.506216,0.396419,-0.024007,0.517430,0.385279,-0.011210,0.547417,0.315955,-0.024354,0.526488,0.343789,-0.036981,0.528330,0.390273,-0.031130,0.535353,0.384849,-0.023680
1780370673.038,right,fist,0.569195,0.571871,-0.000000,0.534857,0.571875,-0.019512,0.497507,0.530331,-0.028149,0.480064,0.475645,-0.035827,0.492582,0.456147,-0.038897,0.501825,0.428597,-0.007047,0.491555,0.390951,-0.026244,0.504655,0.445753,-0.034320,0.509379,0.463227,-0.038028,0.527939,0.412095,-0.006527,0.518481,0.382422,-0.026598,0.529215,0.448997,-0.027661,0.530172,0.457692,-0.023698,0.554577,0.407904,-0.010506,0.548156,0.375291,-0.031491,0.552578,0.438524,-0.023487,0.552081,0.451874,-0.012933,0.582354,0.411265,-0.016555,0.577345,0.383304,-0.028436,0.574894,0.426912,-0.022433,0.571431,0.443772,-0.014874
1780370673.576,right,fist,0.588907,0.611115,-0.000000,0.554837,0.612371,-0.017363,0.516572,0.563995,-0.025257,0.505790,0.502939,-0.033052,0.521704,0.477000,-0.036573,0.520139,0.470458,-0.005947,0.510866,0.411321,-0.027217,0.524521,0.462300,-0.037144,0.531944,0.495096,-0.040824,0.545983,0.452876,-0.006635,0.538807,0.400106,-0.027123,0.549743,0.466942,-0.028555,0.549958,0.491079,-0.024184,0.572314,0.447993,-0.011860,0.567684,0.391997,-0.032002,0.573076,0.455888,-0.023839,0.571356,0.483137,-0.013040,0.599823,0.453040,-0.019062,0.595895,0.415982,-0.030985,0.594470,0.457118,-0.024984,0.590620,0.479268,-0.017310
1780370674.078,right,fist,0.548702,0.602330,-0.000000,0.507133,0.604722,-0.004415,0.463000,0.562327,-0.006247,0.443078,0.506217,-0.011410,0.449674,0.469372,-0.014751,0.467307,0.484979,0.006168,0.442801,0.418826,-0.010943,0.450629,0.452173,-0.020930,0.463866,0.485985,-0.024779,0.485850,0.464637,0.000359,0.461702,0.399132,-0.017317,0.473017,0.453032,-0.020621,0.486544,0.489358,-0.017496,0.507480,0.451035,-0.008593,0.481784,0.383010,-0.024207,0.490667,0.439863,-0.017727,0.502891,0.479569,-0.008410,0.532549,0.444091,-0.018694,0.510854,0.402405,-0.027519,0.510544,0.442023,-0.022033,0.517571,0.472750,-0.015270
1780370674.595,right,fist,0.489736,0.594967,-0.000000,0.452009,0.568314,0.004685,0.435286,0.512793,0.007595,0.435023,0.463825,0.005331,0.437813,0.430649,0.003632,0.447590,0.453222,0.021925,0.436096,0.387978,0.011133,0.424155,0.410775,0.002618,0.423887,0.445129,-0.000941,0.459380,0.442442,0.013171,0.445386,0.367095,0.000322,0.430890,0.401202,-0.007105,0.431233,0.441569,-0.007503,0.474960,0.436033,0.002022,0.459551,0.363971,-0.009638,0.445769,0.402058,-0.012235,0.446378,0.442031,-0.009897,0.493949,0.434739,-0.009380,0.472586,0.393077,-0.016714,0.458594,0.424359,-0.016256,0.457811,0.460290,-0.013468
1780370675.133,right,fist,0.448883,0.665429,0.000000,0.477665,0.611472,-0.002478,0.494818,0.559400,-0.007850,0.506635,0.520067,-0.013692,0.510241,0.497286,-0.018950,0.449891,0.493398,-0.010246,0.427967,0.437096,-0.017161,0.431833,0.460663,-0.022584,0.440983,0.490128,-0.025014,0.422320,0.510652,-0.011923,0.408581,0.463419,-0.011498,0.413844,0.481213,-0.011303,0.422070,0.504549,-0.013148,0.399987,0.536548,-0.013414,0.393617,0.492959,-0.012125,0.399163,0.507142,-0.008014,0.405453,0.530261,-0.007015,0.382566,0.565073,-0.015158,0.382051,0.527717,-0.013285,0.388462,0.542445,-0.006795,0.393721,0.563012,-0.002053
1780370675.635,right,fist,0.317774,0.647663,-0.000000,0.350274,0.581277,-0.003745,0.353358,0.507784,-0.001920,0.334241,0.466186,0.002185,0.319828,0.460948,0.007886,0.293259,0.469859,-0.003178,0.311702,0.423537,0.000533,0.326334,0.446298,0.002523,0.328634,0.471527,0.003542,0.271222,0.486746,0.000877,0.295314,0.447831,0.008120,0.309806,0.466282,0.009979,0.312198,0.490334,0.009357,0.261429,0.508095,0.005749,0.283842,0.473543,0.011468,0.296973,0.487723,0.012928,0.300782,0.512209,0.012098,0.257098,0.529868,0.010558,0.273505,0.496979,0.014756,0.284998,0.507059,0.017947,0.289429,0.525875,0.019974
1780370676.174,right,fist,0.309586,0.650940,-0.000000,0.330249,0.599154,0.001124,0.333618,0.551370,0.002489,0.323534,0.526476,0.004052,0.311699,0.531382,0.005891,0.289524,0.512301,0.001939,0.300803,0.499429,0.004335,0.309531,0.515128,0.003299,0.312462,0.531043,0.001551,0.271821,0.531081,0.001307,0.284564,0.519450,0.007138,0.293312,0.532403,0.007156,0.295659,0.549253,0.004878,0.261685,0.557387,0.001384,0.272291,0.545617,0.006026,0.281103,0.554134,0.006109,0.284734,0.569564,0.004116,0.256311,0.584751,0.001603,0.264645,0.575435,0.005097,0.272369,0.582112,0.007684,0.275443,0.593906,0.008943
1780370676.678,right,fist,0.373778,0.685635,-0.000000,0.375478,0.651832,0.002441,0.368909,0.620773,0.001096,0.352733,0.607193,-0.000611,0.340675,0.607769,-0.002189,0.366055,0.599725,-0.004708,0.341533,0.594921,-0.008257,0.342303,0.610833,-0.009376,0.347971,0.617247,-0.009847,0.357791,0.611041,-0.007626,0.334206,0.607807,-0.009723,0.336833,0.622025,-0.008010,0.343557,0.626662,-0.007182,0.349964,0.625232,-0.010076,0.328312,0.622511,-0.011177,0.332096,0.636372,-0.007295,0.339200,0.639867,-0.005319,0.342760,0.642037,-0.012350,0.327009,0.641157,-0.013212,0.331190,0.651865,-0.010483,0.337237,0.654454,-0.008394
1780370677.191,right,fist,0.420003,0.628944,-0.000000,0.398834,0.611753,-0.000624,0.386838,0.589857,-0.003974,0.381701,0.574859,-0.007884,0.382323,0.567875,-0.010949,0.392187,0.547563,-0.004490,0.368444,0.569139,-0.012322,0.374852,0.583797,-0.017271,0.382592,0.580419,-0.020184,0.398056,0.555895,-0.007760,0.372525,0.585212,-0.014127,0.379935,0.594680,-0.014764,0.387286,0.588812,-0.015118,0.402422,0.571113,-0.011544,0.378565,0.599758,-0.016071,0.385277,0.607625,-0.013137,0.392437,0.601693,-0.011146,0.405234,0.591190,-0.015701,0.385609,0.613352,-0.018450,0.390785,0.618263,-0.016613,0.397745,0.612919,-0.014769
1780370677.721,right,fist,0.435755,0.626278,-0.000000,0.426557,0.599440,-0.000357,0.425530,0.570397,-0.002368,0.425206,0.546245,-0.004666,0.423591,0.528618,-0.005982,0.445828,0.549086,-0.002447,0.423620,0.535922,-0.008703,0.420568,0.550436,-0.012060,0.424303,0.556634,-0.013862,0.445442,0.553720,-0.004949,0.419971,0.542135,-0.010949,0.418667,0.557421,-0.011455,0.423339,0.563506,-0.011455,0.441483,0.561150,-0.007967,0.416632,0.553072,-0.012982,0.416594,0.568933,-0.010622,0.422002,0.573797,-0.008800,0.435571,0.570720,-0.011284,0.416254,0.569887,-0.015466,0.416204,0.581736,-0.015359,0.420944,0.584470,-0.014764
1780370678.225,right,fist,0.438651,0.595505,-0.000000,0.420600,0.597978,-0.001404,0.407302,0.585035,-0.000903,0.407909,0.567192,-0.001539,0.415659,0.557890,-0.001761,0.410135,0.563193,0.004476,0.404976,0.546421,-0.001618,0.409164,0.560018,-0.005201,0.411727,0.570411,-0.006381,0.418601,0.557242,0.002747,0.413284,0.539387,-0.003838,0.417975,0.559578,-0.005841,0.420144,0.570540,-0.004896,0.427280,0.552526,-0.000209,0.422078,0.535403,-0.006993,0.426295,0.557105,-0.005810,0.428492,0.569189,-0.002421,0.436557,0.550239,-0.003374,0.431689,0.537794,-0.007225,0.433259,0.553526,-0.005211,0.434907,0.564567,-0.002227
1780370678.731,right,fist,0.434289,0.569463,-0.000000,0.430852,0.556637,-0.018557,0.430943,0.536016,-0.026076,0.435848,0.515267,-0.030016,0.440507,0.502677,-0.031913,0.422863,0.493325,-0.014593,0.443842,0.487013,-0.022065,0.443986,0.508372,-0.025850,0.438850,0.518265,-0.027694,0.429686,0.491359,-0.006744,0.449436,0.487133,-0.015784,0.447948,0.510520,-0.018343,0.442302,0.521380,-0.018112,0.436354,0.493813,-0.000533,0.452708,0.491229,-0.009368,0.450961,0.512190,-0.009814,0.445446,0.522380,-0.007700,0.441776,0.498138,0.004390,0.453151,0.495302,-0.001261,0.451815,0.510570,-0.001730,0.446320,0.518084,-0.000340
1780370679.255,right,fist,0.440932,0.558731,-0.000000,0.438101,0.532181,0.000140,0.427371,0.508712,-0.001909,0.413596,0.499477,-0.004114,0.404136,0.499778,-0.005750,0.427444,0.487354,-0.004818,0.404921,0.495650,-0.010008,0.408157,0.507434,-0.012028,0.413452,0.506405,-0.013017,0.425656,0.498238,-0.007246,0.402360,0.510828,-0.011953,0.407607,0.520772,-0.011232,0.413778,0.519189,-0.010610,0.423056,0.512893,-0.009779,0.402237,0.525698,-0.013396,0.407907,0.534766,-0.010637,0.414145,0.532957,-0.008788,0.420318,0.529400,-0.012436,0.405882,0.541360,-0.015462,0.410532,0.547827,-0.014761,0.415777,0.545794,-0.013838
1780370679.778,right,fist,0.417977,0.586936,-0.000000,0.402278,0.580891,-0.001100,0.392143,0.571618,-0.002835,0.388957,0.565138,-0.006273,0.392378,0.564425,-0.009266,0.402410,0.540455,0.006724,0.396384,0.527713,0.001317,0.393996,0.542446,-0.002241,0.396237,0.552992,-0.003670,0.407399,0.536975,0.004556,0.400238,0.523858,-0.002686,0.399131,0.544518,-0.005293,0.403835,0.555387,-0.004430,0.413443,0.533650,0.001063,0.405089,0.523755,-0.004849,0.404674,0.543829,-0.004621,0.410043,0.552531,-0.002107,0.421210,0.532440,-0.002771,0.411867,0.524784,-0.005010,0.410832,0.538927,-0.003547,0.415348,0.546970,-0.001129
1780370680.283,right,fist,0.427484,0.571527,-0.000000,0.416591,0.567861,-0.002776,0.403638,0.558524,-0.004150,0.397113,0.543603,-0.005583,0.394867,0.531195,-0.006117,0.395379,0.562978,-0.000868,0.388447,0.535080,-0.005122,0.395992,0.532210,-0.007637,0.400230,0.539781,-0.008759,0.397959,0.561056,-0.001071,0.393360,0.530897,-0.004640,0.400927,0.531820,-0.005697,0.403958,0.542509,-0.005975,0.401766,0.556438,-0.001983,0.398704,0.528877,-0.005036,0.405231,0.531969,-0.004095,0.407376,0.543067,-0.003031,0.406595,0.551407,-0.003189,0.404315,0.529382,-0.004201,0.409700,0.533105,-0.002446,0.411996,0.543881,-0.000991
1780370680.783,right,fist,0.429511,0.578841,-0.000000,0.423036,0.569837,-0.015615,0.419310,0.549052,-0.022967,0.422609,0.529534,-0.027626,0.426614,0.519301,-0.030078,0.407683,0.508250,-0.012581,0.424797,0.497610,-0.022693,0.426519,0.519518,-0.027346,0.423123,0.530056,-0.029347,0.417229,0.508521,-0.008464,0.432719,0.499114,-0.019447,0.432571,0.526235,-0.021161,0.428423,0.533438,-0.019873,0.426915,0.512183,-0.006346,0.440354,0.506738,-0.017410,0.438467,0.531668,-0.015761,0.433419,0.537365,-0.012061,0.435852,0.518849,-0.005432,0.445314,0.514827,-0.012537,0.443460,0.533035,-0.011295,0.438037,0.538488,-0.008572
1780370681.346,right,fist,0.454194,0.634871,-0.000000,0.448330,0.617336,0.000531,0.444184,0.596105,0.000706,0.444797,0.578772,-0.000529,0.446746,0.562406,-0.000423,0.435457,0.553006,0.004125,0.446137,0.531753,0.000091,0.453154,0.551736,-0.001532,0.453878,0.569453,-0.001921,0.441055,0.547627,0.001231,0.453671,0.522464,-0.005095,0.459588,0.551386,-0.006786,0.458309,0.576340,-0.006285,0.447400,0.547049,-0.002465,0.458784,0.524584,-0.008547,0.462757,0.552690,-0.007362,0.460257,0.574858,-0.005125,0.453485,0.551718,-0.006160,0.465124,0.536931,-0.010085,0.467574,0.555074,-0.009187,0.464740,0.569469,-0.007788
1780370681.847,right,fist,0.529856,0.578505,-0.000000,0.512342,0.542496,-0.000572,0.493584,0.516974,-0.003840,0.476599,0.506520,-0.008105,0.463145,0.503144,-0.012397,0.491858,0.488742,-0.007166,0.470670,0.482640,-0.017330,0.458258,0.501350,-0.023584,0.452480,0.519622,-0.026374,0.498599,0.503144,-0.011043,0.473753,0.509910,-0.019715,0.461733,0.531026,-0.021909,0.458898,0.548230,-0.022498,0.505757,0.524096,-0.015395,0.481775,0.535917,-0.022285,0.473766,0.551032,-0.020787,0.473780,0.561599,-0.018770,0.512546,0.547476,-0.019880,0.492536,0.559759,-0.023518,0.487072,0.565327,-0.021618,0.487941,0.566898,-0.019349
1780370682.392,right,fist,0.656587,0.568283,-0.000000,0.667449,0.517065,0.003964,0.664393,0.468154,0.000926,0.647589,0.442034,-0.003480,0.630562,0.435819,-0.006673,0.677244,0.436671,-0.001811,0.637423,0.411868,-0.009371,0.633714,0.439187,-0.013398,0.640781,0.451989,-0.015993,0.667289,0.437919,-0.007451,0.624602,0.426260,-0.013834,0.626026,0.454547,-0.013867,0.636011,0.464740,-0.014298,0.653958,0.446093,-0.013047,0.614578,0.440112,-0.016166,0.617179,0.469788,-0.012433,0.627436,0.479500,-0.011348,0.639289,0.458910,-0.018906,0.610498,0.466919,-0.022779,0.612871,0.491131,-0.022503,0.621502,0.497040,-0.022266
1780370682.920,right,fist,0.689172,0.549402,-0.000000,0.656693,0.542111,-0.010384,0.627038,0.499222,-0.013189,0.628753,0.448741,-0.016614,0.645337,0.426820,-0.016673,0.633191,0.434046,0.001524,0.626340,0.391315,-0.015613,0.636224,0.435352,-0.023109,0.640322,0.453514,-0.025660,0.654362,0.423936,0.000016,0.649490,0.391838,-0.017162,0.656495,0.446036,-0.018784,0.655443,0.452569,-0.015177,0.674935,0.420505,-0.005285,0.672006,0.393748,-0.021824,0.675433,0.446082,-0.015845,0.673497,0.450932,-0.007257,0.696548,0.421185,-0.011980,0.692953,0.403873,-0.019866,0.692674,0.440552,-0.014326,0.691425,0.447491,-0.007678
1780370683.430,right,fist,0.687457,0.585979,-0.000000,0.665014,0.607902,-0.040894,0.644028,0.598944,-0.065407,0.646469,0.565165,-0.082499,0.654970,0.527500,-0.093699,0.621099,0.468570,-0.048759,0.667199,0.500285,-0.071300,0.672791,0.545592,-0.077791,0.661673,0.549435,-0.082149,0.640945,0.436867,-0.039022,0.688925,0.480869,-0.065257,0.690091,0.538146,-0.066730,0.676840,0.534069,-0.065246,0.664327,0.423328,-0.032817,0.706993,0.472458,-0.055279,0.704646,0.523159,-0.047640,0.691708,0.522480,-0.040577,0.686857,0.422950,-0.030851,0.717380,0.464170,-0.048077,0.716290,0.503050,-0.048399,0.704698,0.504771,-0.046103
1780370683.985,right,fist,0.593883,0.583050,0.000000,0.576758,0.637558,-0.023986,0.574805,0.696341,-0.044186,0.591493,0.724481,-0.057519,0.609159,0.716135,-0.066640,0.598232,0.634598,-0.071612,0.628776,0.743123,-0.094947,0.617516,0.735553,-0.096706,0.606663,0.706512,-0.093301,0.626444,0.603338,-0.064359,0.653500,0.726997,-0.085400,0.640239,0.719432,-0.077308,0.627711,0.686128,-0.068896,0.650824,0.588378,-0.056498,0.665397,0.702174,-0.066945,0.652376,0.694456,-0.055566,0.642993,0.665572,-0.047539,0.668128,0.582215,-0.050379,0.674221,0.669956,-0.053549,0.661096,0.667300,-0.047854,0.652917,0.645773,-0.044007
1780370684.501,right,fist,0.632084,0.536509,-0.000000,0.594017,0.505911,0.001951,0.553726,0.520766,-0.002647,0.532037,0.569137,-0.007438,0.526990,0.612347,-0.012351,0.539803,0.526291,-0.018804,0.510743,0.595911,-0.028144,0.523265,0.590861,-0.031970,0.535253,0.569996,-0.033116,0.557949,0.565329,-0.023800,0.528748,0.626072,-0.029576,0.539755,0.616145,-0.027774,0.552118,0.597018,-0.026698,0.576137,0.601723,-0.027448,0.547223,0.649071,-0.030706,0.557105,0.634600,-0.023085,0.568406,0.616212,-0.018424,0.593799,0.632675,-0.030570,0.568139,0.661756,-0.031533,0.575742,0.648072,-0.023529,0.585458,0.634334,-0.017573
1780370685.001,right,fist,0.631525,0.562070,-0.000000,0.614415,0.502492,0.002874,0.580224,0.465899,-0.001238,0.545825,0.464597,-0.005461,0.526133,0.486950,-0.009607,0.574047,0.444696,-0.018283,0.526268,0.462076,-0.026816,0.537359,0.479466,-0.028968,0.551062,0.478814,-0.029292,0.572958,0.488706,-0.023866,0.526192,0.503695,-0.028805,0.538161,0.516266,-0.023994,0.552082,0.514010,-0.021181,0.571115,0.534337,-0.028295,0.531030,0.539220,-0.031689,0.543996,0.547309,-0.022189,0.557367,0.546045,-0.016324,0.570000,0.578219,-0.032196,0.542094,0.570349,-0.033107,0.553219,0.574404,-0.024542,0.563981,0.576607,-0.018279
1780370685.525,right,fist,0.634958,0.565798,-0.000000,0.620884,0.511722,-0.001434,0.598925,0.461035,-0.007987,0.576584,0.434197,-0.014455,0.563413,0.431207,-0.020060,0.603527,0.408637,-0.018054,0.550716,0.426613,-0.031163,0.556017,0.455077,-0.034858,0.569811,0.456941,-0.035859,0.607750,0.439632,-0.022928,0.549769,0.464427,-0.034930,0.559867,0.486538,-0.032130,0.574454,0.484688,-0.029816,0.607894,0.477145,-0.027896,0.554330,0.498848,-0.038334,0.565671,0.516535,-0.031570,0.580769,0.514236,-0.026338,0.606086,0.517630,-0.032726,0.563904,0.529208,-0.040389,0.573650,0.540754,-0.037068,0.588230,0.538790,-0.033342
1780370686.043,right,fist,0.612543,0.592182,-0.000000,0.570442,0.581427,-0.009785,0.541576,0.536133,-0.014156,0.530562,0.494836,-0.018083,0.528718,0.464600,-0.018561,0.566506,0.434906,-0.002556,0.532393,0.455644,-0.017347,0.537568,0.499145,-0.026058,0.547575,0.505622,-0.031075,0.584060,0.433430,-0.004697,0.545561,0.474066,-0.019326,0.553506,0.515666,-0.020642,0.565705,0.511338,-0.018914,0.599151,0.449586,-0.009910,0.564112,0.494632,-0.023448,0.570016,0.529597,-0.017790,0.581542,0.520894,-0.011432,0.611037,0.475631,-0.016834,0.582606,0.513237,-0.026121,0.584834,0.534961,-0.024097,0.594186,0.528287,-0.019954
1780370686.572,right,fist,0.609144,0.592619,-0.000000,0.573833,0.600486,-0.009233,0.538801,0.565716,-0.011683,0.530777,0.520847,-0.014364,0.545188,0.500512,-0.013639,0.544199,0.469267,0.001364,0.526027,0.472598,-0.013080,0.539873,0.515710,-0.020122,0.547711,0.520281,-0.024223,0.563229,0.448560,-0.000847,0.545929,0.470489,-0.015746,0.560028,0.520492,-0.014911,0.567250,0.515207,-0.010649,0.583701,0.443962,-0.006704,0.567728,0.471572,-0.020875,0.577527,0.518039,-0.013282,0.584553,0.510705,-0.004815,0.604646,0.447988,-0.014371,0.589800,0.477912,-0.022093,0.593244,0.511236,-0.018268,0.598616,0.506139,-0.013279
1780370687.077,right,fist,0.617240,0.594495,-0.000000,0.581754,0.602691,-0.009766,0.546795,0.569837,-0.012621,0.539022,0.525160,-0.015792,0.552155,0.500085,-0.015418,0.549739,0.477291,0.000660,0.535229,0.471131,-0.014899,0.548895,0.514385,-0.022448,0.556269,0.521827,-0.026493,0.568321,0.455411,-0.001422,0.556028,0.466974,-0.016763,0.568712,0.518990,-0.016613,0.573737,0.515281,-0.012739,0.589030,0.448081,-0.007199,0.578887,0.465428,-0.021315,0.586814,0.513566,-0.013992,0.591194,0.507396,-0.005729,0.610724,0.448611,-0.014827,0.601387,0.470567,-0.021942,0.602918,0.504675,-0.017747,0.605873,0.500701,-0.012607
1780370687.578,right,fist,0.618689,0.590706,-0.000000,0.584785,0.601281,-0.009897,0.547867,0.567255,-0.012133,0.540540,0.521641,-0.014553,0.555512,0.499461,-0.013332,0.550826,0.477599,0.000250,0.537929,0.464497,-0.014895,0.552138,0.508669,-0.022317,0.558399,0.518617,-0.026452,0.569837,0.455904,-0.001579,0.558178,0.458152,-0.016246,0.571509,0.511742,-0.015738,0.575915,0.511285,-0.011788,0.590653,0.447330,-0.007101,0.581129,0.454233,-0.020242,0.589376,0.504235,-0.012449,0.593286,0.502316,-0.004206,0.612660,0.445854,-0.014501,0.603830,0.460436,-0.021319,0.605393,0.495909,-0.016954,0.607861,0.495112,-0.011878
1780370688.097,right,fist,0.618880,0.593109,-0.000000,0.584733,0.600264,-0.010330,0.549967,0.566499,-0.012932,0.543146,0.523155,-0.015479,0.558345,0.500870,-0.014294,0.553937,0.472789,-0.000348,0.543424,0.466845,-0.014893,0.556588,0.510074,-0.022115,0.561985,0.519102,-0.026250,0.573251,0.451853,-0.001818,0.564709,0.464739,-0.015387,0.575921,0.516196,-0.015142,0.578872,0.513972,-0.011972,0.594997,0.445928,-0.006853,0.588047,0.460118,-0.019902,0.593795,0.508499,-0.012924,0.596277,0.506447,-0.005424,0.617644,0.447560,-0.013751,0.611267,0.461761,-0.021315,0.609910,0.497824,-0.017512,0.610048,0.500908,-0.012654
1780370688.598,right,fist,0.624589,0.588087,-0.000000,0.592394,0.595448,-0.012492,0.557774,0.560634,-0.015945,0.551499,0.516744,-0.018949,0.566979,0.493326,-0.018103,0.560492,0.463980,-0.000240,0.552763,0.461256,-0.015336,0.565963,0.505222,-0.022889,0.570903,0.512442,-0.027265,0.581041,0.442174,-0.001173,0.574399,0.455102,-0.016115,0.585000,0.508494,-0.016364,0.587716,0.506868,-0.012876,0.603182,0.437067,-0.006064,0.598964,0.457644,-0.020200,0.603610,0.506014,-0.013859,0.604248,0.501984,-0.006363,0.626376,0.440036,-0.013032,0.621906,0.460960,-0.020573,0.620761,0.496174,-0.017124,0.619365,0.496214,-0.012496
1780386025.818,right,fist,0.561716,0.851863,-0.000000,0.542388,0.808703,-0.013055,0.537232,0.759755,-0.023179,0.539153,0.731469,-0.032468,0.543965,0.722329,-0.040953,0.578462,0.689753,-0.021881,0.546173,0.700688,-0.038305,0.528914,0.741878,-0.045825,0.527905,0.763205,-0.049389,0.594596,0.718602,-0.025422,0.555321,0.730792,-0.039089,0.534047,0.773257,-0.039156,0.532864,0.789452,-0.037362,0.604667,0.761528,-0.030664,0.565665,0.767373,-0.046051,0.544689,0.803094,-0.039956,0.544842,0.815840,-0.033297,0.608706,0.809573,-0.037100,0.577918,0.813340,-0.048927,0.560753,0.834491,-0.043893,0.561662,0.845351,-0.037346
1780386026.325,right,fist,0.632170,0.720816,-0.000000,0.604269,0.675708,-0.012056,0.591590,0.635239,-0.020992,0.590190,0.615192,-0.028740,0.598230,0.615409,-0.033931,0.630307,0.564620,-0.014297,0.591913,0.592757,-0.028221,0.588669,0.625868,-0.035311,0.598061,0.629259,-0.039526,0.647588,0.587468,-0.015914,0.601821,0.624226,-0.028344,0.600168,0.653070,-0.028798,0.611589,0.648678,-0.027708,0.658218,0.622579,-0.019605,0.614564,0.654657,-0.030137,0.611945,0.674711,-0.024575,0.622350,0.670475,-0.019208,0.663624,0.662260,-0.025055,0.630812,0.680997,-0.031458,0.625274,0.688345,-0.028558,0.631311,0.683695,-0.024411
1780386026.872,right,fist,0.672456,0.739005,-0.000000,0.654326,0.676080,-0.006382,0.637130,0.631351,-0.017664,0.616854,0.611547,-0.028303,0.603501,0.613143,-0.038155,0.672059,0.603186,-0.028513,0.616978,0.600212,-0.041173,0.614928,0.630199,-0.043292,0.629351,0.639774,-0.044404,0.675432,0.646158,-0.033583,0.612100,0.643083,-0.046183,0.615530,0.666895,-0.043389,0.631565,0.669984,-0.041862,0.671862,0.691364,-0.038506,0.612830,0.680822,-0.049513,0.616776,0.696332,-0.041331,0.632482,0.698839,-0.035806,0.664464,0.735805,-0.043869,0.619982,0.718219,-0.054454,0.622823,0.718313,-0.051680,0.636218,0.716376,-0.048397
1780386027.424,right,fist,0.684079,0.705443,-0.000000,0.693281,0.647205,-0.002772,0.685714,0.585680,-0.010839,0.661508,0.561798,-0.017090,0.640241,0.569566,-0.022419,0.676874,0.605543,-0.033653,0.636887,0.551128,-0.045077,0.647463,0.562806,-0.046406,0.660955,0.581596,-0.044362,0.660546,0.641373,-0.035765,0.622232,0.573901,-0.045469,0.635387,0.581077,-0.041517,0.647737,0.603202,-0.037309,0.644806,0.667533,-0.036114,0.613439,0.601981,-0.040377,0.626442,0.606683,-0.030367,0.637059,0.624263,-0.022973,0.631547,0.687391,-0.036247,0.609913,0.627922,-0.035899,0.620261,0.629718,-0.026530,0.628489,0.645730,-0.019771
1780386027.929,right,fist,0.689011,0.673541,-0.000000,0.704602,0.617523,-0.003053,0.702659,0.556968,-0.008883,0.681063,0.520937,-0.013216,0.659001,0.516703,-0.016717,0.692735,0.551307,-0.023304,0.663833,0.494133,-0.030505,0.668035,0.512271,-0.031633,0.676932,0.532099,-0.030850,0.670144,0.575054,-0.024156,0.647858,0.512031,-0.028517,0.654147,0.525704,-0.025611,0.660922,0.547564,-0.023529,0.649976,0.594256,-0.023752,0.634933,0.533810,-0.024973,0.643418,0.546554,-0.017883,0.649746,0.566166,-0.013779,0.633725,0.610023,-0.023331,0.630066,0.560768,-0.023050,0.638246,0.570742,-0.016690,0.641996,0.586357,-0.012223
1780386028.469,right,fist,0.708512,0.632746,-0.000000,0.725009,0.582750,0.002852,0.727399,0.527997,0.001177,0.713798,0.490132,-0.000502,0.695049,0.482378,-0.002025,0.718387,0.499680,-0.009442,0.691752,0.454322,-0.012435,0.691185,0.474824,-0.012641,0.698117,0.493605,-0.012011,0.696874,0.514872,-0.012352,0.674675,0.467922,-0.012841,0.676360,0.487755,-0.009800,0.682748,0.507365,-0.008064,0.676660,0.532589,-0.014018,0.660649,0.486935,-0.013050,0.664771,0.505935,-0.006851,0.670867,0.525092,-0.003558,0.659337,0.552887,-0.015246,0.653537,0.515368,-0.013954,0.658496,0.530759,-0.007657,0.663049,0.546522,-0.002988
1780386028.978,right,fist,0.699587,0.643362,-0.000000,0.713023,0.589865,0.004144,0.715510,0.530331,0.001698,0.700785,0.488557,-0.000923,0.682854,0.473107,-0.003741,0.713817,0.496487,-0.015236,0.679201,0.451449,-0.018760,0.674275,0.473693,-0.016739,0.679919,0.491416,-0.014872,0.696077,0.514173,-0.020588,0.661990,0.467399,-0.022314,0.659919,0.492168,-0.016763,0.667927,0.510509,-0.013880,0.677407,0.535650,-0.024357,0.648257,0.488262,-0.025794,0.648799,0.512601,-0.017282,0.657479,0.530872,-0.012704,0.658662,0.560768,-0.027443,0.640351,0.518684,-0.029739,0.643627,0.536278,-0.023255,0.650984,0.552801,-0.018283
1780386038.969,right,fist,0.510069,0.591322,0.000000,0.509384,0.554529,-0.008497,0.501970,0.519441,-0.013848,0.498324,0.491792,-0.018666,0.495471,0.474638,-0.023115,0.472947,0.527848,-0.005754,0.457807,0.504780,-0.012091,0.448530,0.487914,-0.017184,0.443790,0.474957,-0.020361,0.463965,0.549098,-0.005375,0.446618,0.525380,-0.010615,0.436764,0.508815,-0.014104,0.429670,0.494243,-0.016276,0.457666,0.571357,-0.006336,0.441294,0.550590,-0.011569,0.431799,0.535665,-0.012685,0.424412,0.522551,-0.012922,0.454250,0.594461,-0.008246,0.440135,0.582497,-0.012406,0.433312,0.570977,-0.012139,0.430166,0.560594,-0.011250
1780386039.502,right,fist,0.618389,0.653979,-0.000000,0.601680,0.596686,-0.000945,0.586246,0.548489,-0.008117,0.570201,0.519754,-0.015909,0.559208,0.508318,-0.023071,0.610376,0.505309,-0.017709,0.558315,0.498515,-0.031306,0.558178,0.531064,-0.036554,0.571761,0.541032,-0.038834,0.613812,0.538736,-0.023709,0.556236,0.536061,-0.035831,0.561566,0.561660,-0.034562,0.575687,0.567470,-0.033625,0.611996,0.576084,-0.029740,0.558374,0.570118,-0.039650,0.565026,0.591402,-0.033095,0.579515,0.596906,-0.028354,0.607116,0.615506,-0.035742,0.564671,0.603122,-0.043145,0.570281,0.614853,-0.039443,0.584460,0.620382,-0.035576
1780386040.045,right,fist,0.645409,0.586037,-0.000000,0.624908,0.540761,-0.001106,0.614111,0.497794,-0.006892,0.605684,0.472519,-0.013204,0.600576,0.465237,-0.018412,0.638789,0.449816,-0.011993,0.594675,0.445168,-0.023513,0.594530,0.474792,-0.028296,0.606026,0.485521,-0.030410,0.643004,0.471425,-0.017063,0.594264,0.474762,-0.027222,0.598598,0.498698,-0.026462,0.610646,0.503184,-0.025692,0.642515,0.499773,-0.022508,0.596945,0.501172,-0.030945,0.602147,0.522213,-0.025326,0.614119,0.525584,-0.021226,0.638426,0.532691,-0.028139,0.602524,0.528660,-0.034169,0.607031,0.542308,-0.030899,0.618381,0.545968,-0.027513
1780386040.582,right,fist,0.638532,0.633974,-0.000000,0.607211,0.596853,-0.010947,0.593515,0.550369,-0.017004,0.593963,0.518333,-0.021875,0.603290,0.503522,-0.023984,0.633950,0.477228,-0.009274,0.600022,0.493474,-0.021106,0.596021,0.528746,-0.027659,0.602632,0.536815,-0.031557,0.650480,0.494010,-0.010290,0.610304,0.521824,-0.020985,0.608704,0.552908,-0.021391,0.618408,0.552697,-0.020310,0.661036,0.523498,-0.013544,0.623357,0.549826,-0.023381,0.621189,0.573192,-0.018670,0.630984,0.570821,-0.014032,0.666907,0.558438,-0.018397,0.637763,0.574194,-0.024864,0.635002,0.586796,-0.022465,0.642586,0.585768,-0.018748
1780386041.084,right,fist,0.643177,0.649276,-0.000000,0.618544,0.639248,-0.018870,0.595916,0.602580,-0.028051,0.597320,0.570200,-0.034478,0.614725,0.554902,-0.036926,0.609663,0.495258,-0.014291,0.608778,0.523363,-0.030329,0.612289,0.566676,-0.038295,0.612929,0.570751,-0.043295,0.635707,0.486995,-0.012880,0.633476,0.531175,-0.028296,0.631513,0.580514,-0.029910,0.631038,0.577722,-0.028871,0.658985,0.497864,-0.014704,0.656552,0.545119,-0.030280,0.649509,0.586065,-0.025750,0.646805,0.580350,-0.020485,0.680310,0.518441,-0.018840,0.677287,0.557855,-0.029618,0.666528,0.589188,-0.028101,0.659621,0.587365,-0.024783
1780386041.622,right,fist,0.664892,0.716591,-0.000000,0.640383,0.691250,-0.021928,0.621238,0.657452,-0.035305,0.618831,0.647075,-0.045156,0.634430,0.649255,-0.051566,0.655835,0.572464,-0.029274,0.638094,0.638638,-0.045080,0.630935,0.678515,-0.051881,0.631341,0.675230,-0.056267,0.684588,0.592070,-0.027011,0.659025,0.672312,-0.041601,0.648566,0.700677,-0.042910,0.650505,0.686207,-0.043055,0.706627,0.624950,-0.026879,0.680001,0.699691,-0.040053,0.668285,0.714687,-0.034757,0.669304,0.695462,-0.030246,0.722463,0.660990,-0.029254,0.700236,0.714138,-0.038579,0.688269,0.727052,-0.035874,0.687029,0.716324,-0.032206
1780386042.150,right,fist,0.709255,0.761379,-0.000000,0.703986,0.693343,0.004153,0.681243,0.639218,-0.003432,0.651050,0.620390,-0.011729,0.627882,0.626602,-0.021121,0.685500,0.608967,-0.029805,0.624307,0.581534,-0.040906,0.617850,0.606874,-0.042003,0.627771,0.624847,-0.040681,0.679320,0.654415,-0.037994,0.614349,0.622988,-0.047833,0.616281,0.643640,-0.043235,0.632168,0.655641,-0.039501,0.670451,0.702175,-0.043938,0.609139,0.663934,-0.052857,0.616645,0.679888,-0.043076,0.634595,0.691991,-0.035419,0.660958,0.749236,-0.048656,0.616360,0.707008,-0.056486,0.624366,0.711803,-0.048671,0.640958,0.722009,-0.041365
1780386042.697,right,fist,0.702169,0.717217,-0.000000,0.716919,0.657889,0.004311,0.717362,0.595120,-0.002927,0.703766,0.554292,-0.010601,0.684994,0.537178,-0.019346,0.727044,0.578337,-0.031225,0.687403,0.503912,-0.040729,0.672892,0.516376,-0.039689,0.673504,0.536927,-0.037108,0.708122,0.608014,-0.038982,0.667095,0.523818,-0.047193,0.658673,0.541171,-0.040836,0.665862,0.564227,-0.036339,0.686042,0.635506,-0.044440,0.651227,0.549697,-0.050728,0.648463,0.567324,-0.039947,0.657855,0.591618,-0.032362,0.664283,0.660547,-0.048812,0.642481,0.585962,-0.053182,0.643873,0.593660,-0.044663,0.651721,0.614337,-0.037754
1780386043.201,right,fist,0.684750,0.655290,-0.000000,0.664231,0.605330,0.001513,0.662928,0.549832,0.002208,0.677302,0.519453,-0.001198,0.695105,0.521815,-0.004274,0.693785,0.520208,0.015581,0.699615,0.468564,0.005799,0.683840,0.477538,-0.002671,0.674146,0.503546,-0.007056,0.705438,0.524537,0.009131,0.713150,0.465878,-0.002576,0.693515,0.478264,-0.009745,0.682483,0.507741,-0.010887,0.718333,0.535364,0.000522,0.724818,0.478198,-0.009810,0.703872,0.491838,-0.013032,0.692248,0.520029,-0.011723,0.732345,0.553387,-0.008542,0.728108,0.508761,-0.015174,0.709940,0.516227,-0.015779,0.699067,0.539348,-0.014216
1780386043.731,right,fist,0.728387,0.606591,-0.000000,0.709746,0.560062,-0.000965,0.709438,0.513788,-0.001431,0.725007,0.486194,-0.004963,0.742215,0.488750,-0.008121,0.736423,0.493357,0.013317,0.744332,0.451184,0.005372,0.734112,0.449258,-0.002314,0.725531,0.461696,-0.006484,0.748304,0.499264,0.009121,0.758620,0.451497,-0.000034,0.744546,0.452108,-0.007578,0.733267,0.469741,-0.010138,0.760270,0.509073,0.002962,0.770656,0.460424,-0.004942,0.755017,0.462333,-0.009253,0.743037,0.481043,-0.009555,0.772994,0.524043,-0.003801,0.775185,0.484527,-0.008376,0.762018,0.481055,-0.009550,0.750298,0.493746,-0.008968
1780386044.242,right,fist,0.736159,0.578426,-0.000000,0.720103,0.539274,-0.001534,0.719317,0.503201,-0.002524,0.730715,0.479409,-0.006232,0.744875,0.475865,-0.009412,0.748998,0.486974,0.011390,0.757206,0.449861,0.003741,0.746763,0.444879,-0.003141,0.738056,0.455174,-0.006600,0.758197,0.491606,0.007813,0.768782,0.448499,-0.001100,0.754655,0.447205,-0.007769,0.743916,0.463313,-0.009561,0.768365,0.500265,0.002382,0.778445,0.457924,-0.005235,0.763837,0.458219,-0.008476,0.753183,0.474759,-0.007894,0.779841,0.514367,-0.003637,0.783747,0.479850,-0.007736,0.772048,0.475321,-0.008046,0.761420,0.486062,-0.006660
1780386044.791,right,fist,0.802183,0.618703,-0.000000,0.821559,0.577555,0.004638,0.838034,0.540801,0.001891,0.846583,0.506842,-0.002889,0.848258,0.484381,-0.006850,0.866349,0.531288,-0.001223,0.851547,0.463782,-0.010071,0.836471,0.474711,-0.014277,0.835520,0.492335,-0.016460,0.859397,0.533647,-0.008228,0.837663,0.461691,-0.016194,0.824715,0.478724,-0.015448,0.825582,0.499233,-0.014847,0.846913,0.535466,-0.015546,0.826317,0.465742,-0.022301,0.813783,0.484694,-0.017573,0.813566,0.506883,-0.014400,0.831701,0.537696,-0.022799,0.814780,0.483409,-0.028977,0.804994,0.496181,-0.027365,0.803887,0.515081,-0.025244
1780386045.315,right,fist,0.806645,0.621717,-0.000000,0.824705,0.581062,0.007317,0.830079,0.539220,0.006802,0.822863,0.507836,0.003929,0.810393,0.492101,0.000919,0.836690,0.496930,0.002087,0.809387,0.458218,-0.002556,0.801914,0.477148,-0.005673,0.805600,0.492173,-0.007696,0.823240,0.497760,-0.004632,0.793379,0.463623,-0.007313,0.789886,0.484575,-0.006046,0.796712,0.499742,-0.005762,0.807531,0.504524,-0.010937,0.779465,0.475609,-0.011907,0.778044,0.497770,-0.007420,0.786061,0.511653,-0.005621,0.791226,0.516459,-0.017030,0.769792,0.496501,-0.018252,0.770325,0.516234,-0.014805,0.777525,0.530126,-0.012114
1780386045.834,right,fist,0.790827,0.620626,-0.000000,0.799123,0.585006,0.010347,0.793603,0.552682,0.015349,0.784087,0.535481,0.018007,0.773161,0.535006,0.019753,0.784570,0.512986,0.013113,0.765086,0.516917,0.017107,0.762668,0.534876,0.017773,0.765115,0.546872,0.017433,0.769996,0.514516,0.008406,0.748996,0.522532,0.014525,0.747342,0.542297,0.015994,0.751393,0.555085,0.015534,0.756800,0.527128,0.004542,0.736721,0.536756,0.009224,0.737558,0.557681,0.010362,0.743048,0.569663,0.009378,0.745397,0.546299,0.001452,0.728947,0.555281,0.004009,0.732286,0.573639,0.006508,0.739143,0.584699,0.008042
1780386046.339,right,fist,0.775330,0.642150,-0.000000,0.791546,0.604640,0.001003,0.789483,0.565725,0.001209,0.776336,0.546683,0.001439,0.761508,0.547604,0.001152,0.776552,0.520243,0.000795,0.763872,0.527381,0.000285,0.762413,0.548890,-0.001798,0.766156,0.566677,-0.003365,0.756385,0.523970,0.000089,0.743645,0.536369,0.002606,0.743791,0.557564,0.002276,0.749585,0.573567,0.001175,0.738882,0.540756,-0.000132,0.727631,0.553059,0.001199,0.729951,0.572578,0.001405,0.736777,0.586232,0.000719,0.725094,0.562481,-0.000104,0.715489,0.571676,-0.000219,0.719392,0.588462,0.001698,0.726167,0.600053,0.003798
1780386046.873,right,fist,0.699151,0.643983,-0.000000,0.716614,0.597168,0.003202,0.711482,0.541931,0.004766,0.692548,0.513018,0.005753,0.672165,0.515679,0.006217,0.697318,0.492284,0.003170,0.670760,0.487067,0.001528,0.669102,0.507139,-0.001583,0.674849,0.523435,-0.003669,0.677531,0.502458,0.000690,0.653177,0.506530,0.002625,0.654960,0.527689,0.002934,0.663440,0.542837,0.002358,0.660048,0.524801,-0.001516,0.641263,0.529701,-0.000454,0.645432,0.549824,0.001216,0.654351,0.562083,0.001449,0.645365,0.553261,-0.003507,0.633598,0.556564,-0.003532,0.639667,0.575417,-0.000862,0.648046,0.585583,0.001665
1780386047.383,right,fist,0.654599,0.642449,-0.000000,0.657019,0.582214,0.008326,0.647612,0.533220,0.007861,0.632462,0.508554,0.004762,0.617490,0.508472,0.001367,0.630704,0.483972,0.001349,0.588873,0.474305,-0.003414,0.586370,0.500034,-0.006223,0.593575,0.509492,-0.008132,0.621535,0.500897,-0.006237,0.576655,0.494988,-0.009016,0.576845,0.520845,-0.007375,0.586166,0.531509,-0.006884,0.612441,0.528199,-0.013186,0.569584,0.524432,-0.014824,0.572143,0.547893,-0.010628,0.582757,0.555997,-0.008791,0.604293,0.561327,-0.019728,0.572739,0.560986,-0.022253,0.576020,0.574404,-0.019708,0.585622,0.579014,-0.017460
1780386047.888,right,fist,0.653597,0.655274,-0.000000,0.632392,0.610535,0.006738,0.613947,0.572340,0.004216,0.595707,0.548840,-0.000998,0.581279,0.540413,-0.006041,0.609185,0.515032,-0.002182,0.563583,0.522201,-0.013827,0.560953,0.549125,-0.019556,0.567981,0.558983,-0.022040,0.612374,0.530061,-0.010646,0.560300,0.545753,-0.020695,0.562411,0.575259,-0.020575,0.572388,0.584131,-0.019865,0.614893,0.555530,-0.019304,0.565355,0.572779,-0.028237,0.570130,0.599055,-0.023434,0.581721,0.605461,-0.019371,0.616449,0.586424,-0.027496,0.576902,0.600921,-0.033919,0.579131,0.617053,-0.031304,0.588671,0.619907,-0.028234
1780386048.418,right,fist,0.582005,0.678044,-0.000000,0.545837,0.679596,0.007469,0.526738,0.662757,0.006569,0.512905,0.648802,0.002981,0.503180,0.640116,-0.001121,0.529083,0.595808,0.000091,0.495424,0.616577,-0.006631,0.492011,0.649800,-0.010296,0.497076,0.671682,-0.011695,0.532041,0.597758,-0.006923,0.492598,0.624903,-0.014003,0.494282,0.660761,-0.015080,0.503880,0.681871,-0.014822,0.535160,0.611212,-0.013482,0.497639,0.642181,-0.019427,0.500706,0.672896,-0.017432,0.510024,0.690270,-0.015181,0.537440,0.634493,-0.019410,0.508637,0.657030,-0.023762,0.509127,0.677759,-0.022107,0.515384,0.690531,-0.019878
1780386048.993,right,fist,0.575441,0.688562,-0.000000,0.540298,0.689488,0.003494,0.519162,0.668409,0.002727,0.503180,0.649188,-0.000155,0.491373,0.635513,-0.002044,0.523102,0.597739,0.003268,0.489961,0.622845,-0.005074,0.494627,0.651225,-0.009424,0.504890,0.660416,-0.011143,0.525193,0.601011,-0.002258,0.488922,0.637317,-0.010998,0.496677,0.666133,-0.012043,0.507833,0.670433,-0.011383,0.527153,0.614872,-0.008441,0.491898,0.653533,-0.016959,0.500741,0.679104,-0.013794,0.512260,0.681276,-0.010173,0.528735,0.636660,-0.014588,0.500990,0.665020,-0.020998,0.506980,0.683002,-0.019380,0.517291,0.683855,-0.016614
1780386049.550,right,fist,0.540526,0.694298,-0.000000,0.529565,0.654880,0.015027,0.512149,0.630740,0.019568,0.492920,0.629531,0.020053,0.478290,0.641545,0.019791,0.503710,0.593402,0.015868,0.474642,0.600761,0.017674,0.469110,0.615701,0.018376,0.469889,0.621960,0.018226,0.496163,0.603174,0.006825,0.463845,0.619608,0.009545,0.467794,0.641618,0.011995,0.476352,0.646232,0.012970,0.490230,0.620784,-0.001384,0.458961,0.639529,0.000998,0.465989,0.660768,0.005233,0.475560,0.662409,0.006777,0.485820,0.644190,-0.008644,0.461740,0.657574,-0.007411,0.468477,0.673514,-0.003396,0.478374,0.677259,-0.000707
1780386050.088,right,fist,0.393668,0.837043,-0.000000,0.375032,0.779753,0.005926,0.343515,0.745908,0.005596,0.316736,0.758428,0.004168,0.301628,0.785010,0.002541,0.331457,0.722590,-0.006780,0.285240,0.747667,-0.010653,0.288392,0.776587,-0.010450,0.299787,0.783337,-0.009763,0.324030,0.757726,-0.012419,0.276838,0.781740,-0.014525,0.283413,0.806967,-0.011082,0.296936,0.807778,-0.008746,0.319650,0.798610,-0.016975,0.272343,0.819046,-0.018947,0.280993,0.840545,-0.013417,0.295292,0.839405,-0.009856,0.318656,0.841853,-0.020719,0.284576,0.858602,-0.023245,0.291820,0.869626,-0.018919,0.304010,0.867313,-0.015050
1780386050.594,right,fist,0.407433,0.913403,-0.000000,0.376458,0.865379,0.012278,0.337816,0.843661,0.012236,0.308981,0.857394,0.009473,0.294644,0.889405,0.006275,0.317317,0.816927,-0.005505,0.265427,0.865141,-0.012596,0.277531,0.889222,-0.014916,0.291048,0.884949,-0.015631,0.318085,0.851461,-0.015631,0.263589,0.897393,-0.019967,0.277742,0.916745,-0.015843,0.293568,0.908107,-0.012935,0.321841,0.891515,-0.024211,0.266903,0.934887,-0.026753,0.282734,0.948121,-0.018023,0.298921,0.935240,-0.012347,0.328431,0.934242,-0.031672,0.287840,0.966272,-0.034112,0.299005,0.970248,-0.027204,0.312725,0.958564,-0.021305
1780386051.125,right,fist,0.309443,0.835792,-0.000000,0.258844,0.885398,0.001457,0.216786,0.895216,-0.007646,0.190556,0.901074,-0.019482,0.171231,0.897534,-0.031002,0.197316,0.768178,-0.013373,0.152218,0.833853,-0.033064,0.148424,0.890074,-0.043626,0.155022,0.918665,-0.048660,0.210390,0.759356,-0.024178,0.162482,0.842800,-0.043436,0.177591,0.890697,-0.045331,0.194905,0.891023,-0.044197,0.226541,0.769159,-0.035675,0.182608,0.856585,-0.052205,0.200966,0.892680,-0.043367,0.217700,0.882371,-0.035086,0.243114,0.794402,-0.047333,0.207845,0.855063,-0.057922,0.218141,0.881333,-0.050932,0.231482,0.874548,-0.043641
1780386051.633,right,fist,0.330931,0.822776,-0.000000,0.273535,0.873978,-0.001187,0.229180,0.879459,-0.009796,0.199675,0.881040,-0.020452,0.181095,0.874195,-0.030362,0.213381,0.739846,-0.017251,0.162520,0.815175,-0.036518,0.171239,0.871815,-0.045767,0.187901,0.887203,-0.050169,0.229861,0.732911,-0.026726,0.176335,0.824522,-0.045100,0.188736,0.877021,-0.047268,0.205835,0.881540,-0.047219,0.249354,0.745084,-0.037065,0.200344,0.836521,-0.055072,0.211723,0.880989,-0.049913,0.226867,0.882209,-0.044118,0.269215,0.773738,-0.047499,0.230642,0.838729,-0.061429,0.235537,0.873933,-0.058291,0.248040,0.881032,-0.053349
1780386052.178,right,fist,0.353428,0.730818,-0.000001,0.296629,0.754116,0.001806,0.250775,0.738233,-0.003195,0.221944,0.721588,-0.011014,0.201573,0.709568,-0.018402,0.244606,0.597922,-0.006113,0.193329,0.650245,-0.024479,0.193757,0.713880,-0.035878,0.208042,0.742491,-0.041248,0.262215,0.589884,-0.015849,0.209789,0.665852,-0.030978,0.213171,0.730175,-0.034655,0.227764,0.751617,-0.035762,0.282363,0.601269,-0.026963,0.233076,0.677928,-0.041347,0.235136,0.733028,-0.038584,0.246962,0.749378,-0.034970,0.301444,0.628509,-0.038148,0.262032,0.678134,-0.048229,0.261282,0.717080,-0.045400,0.270858,0.731509,-0.041136
1780386052.696,right,fist,0.341613,0.565974,-0.000001,0.288017,0.585335,0.002110,0.247377,0.561678,0.000683,0.220397,0.535137,-0.004888,0.204555,0.507562,-0.008667,0.239537,0.440999,0.010541,0.194206,0.452239,-0.007519,0.198688,0.515004,-0.018239,0.216520,0.549709,-0.022236,0.248347,0.424714,0.001871,0.194337,0.448865,-0.018195,0.202083,0.520867,-0.022551,0.222905,0.551726,-0.019283,0.260544,0.420118,-0.009511,0.213457,0.464382,-0.028525,0.225079,0.524237,-0.026154,0.246384,0.544678,-0.018092,0.273461,0.428651,-0.021217,0.235533,0.467156,-0.031780,0.240387,0.510134,-0.028524,0.255668,0.528166,-0.021816
1780386053.256,right,fist,0.435368,0.399278,-0.000000,0.395170,0.401807,0.004425,0.372382,0.371278,0.006089,0.358256,0.341508,0.002615,0.348830,0.317859,-0.000459,0.371728,0.308994,0.021533,0.344958,0.285899,0.010856,0.343197,0.322578,0.001808,0.354173,0.354036,-0.002380,0.375736,0.295617,0.013743,0.343426,0.274837,0.001241,0.344565,0.324011,-0.006292,0.358236,0.357077,-0.007240,0.384466,0.283005,0.003716,0.349406,0.265670,-0.009043,0.353404,0.314353,-0.010460,0.369425,0.345076,-0.006869,0.396103,0.274493,-0.006393,0.365915,0.278311,-0.014315,0.367361,0.309951,-0.012997,0.381413,0.329950,-0.009029
1780386053.797,right,fist,0.496560,0.408035,-0.000000,0.469260,0.416020,0.002103,0.446229,0.398808,0.002387,0.437291,0.373373,-0.000865,0.437668,0.351533,-0.003853,0.440888,0.351701,0.012787,0.417523,0.334179,0.003993,0.416165,0.359533,-0.003313,0.425373,0.380507,-0.006915,0.445358,0.338489,0.006854,0.419348,0.321233,-0.002676,0.421275,0.354125,-0.008533,0.433389,0.375243,-0.009602,0.453950,0.325421,-0.000730,0.427008,0.306455,-0.009651,0.429366,0.340786,-0.011065,0.441371,0.362220,-0.009060,0.466638,0.312676,-0.008520,0.443677,0.310490,-0.013900,0.443565,0.336600,-0.012854,0.453722,0.353384,-0.010281
1780386054.324,right,fist,0.626988,0.323910,-0.000000,0.597760,0.323527,-0.001240,0.572706,0.297787,-0.002014,0.563377,0.266670,-0.005243,0.563248,0.247485,-0.007722,0.568946,0.250668,0.005893,0.550230,0.219066,-0.005275,0.549171,0.230210,-0.013150,0.556901,0.250619,-0.016320,0.580980,0.234438,0.001327,0.565539,0.200485,-0.008182,0.565408,0.221975,-0.012090,0.571025,0.242155,-0.012087,0.596475,0.224678,-0.005183,0.584472,0.188346,-0.014377,0.584426,0.219088,-0.013275,0.589276,0.245122,-0.009880,0.615117,0.221132,-0.012186,0.604879,0.199978,-0.017580,0.600547,0.222564,-0.015182,0.601138,0.243322,-0.011784
1780386054.859,right,fist,0.770330,0.310241,-0.000000,0.746593,0.285526,-0.006704,0.730907,0.246590,-0.010496,0.732899,0.210245,-0.015617,0.742661,0.184964,-0.019440,0.737111,0.194486,0.002846,0.736957,0.153022,-0.009332,0.740809,0.174584,-0.018368,0.742584,0.202514,-0.022402,0.754520,0.188035,0.000448,0.757437,0.148998,-0.011664,0.760318,0.181063,-0.018110,0.759947,0.208488,-0.018837,0.771815,0.191430,-0.004129,0.775381,0.152556,-0.015789,0.776043,0.181969,-0.015782,0.774125,0.206552,-0.012049,0.787672,0.204479,-0.009389,0.789969,0.175989,-0.016839,0.788333,0.191590,-0.014276,0.785658,0.206256,-0.009732
1780386055.384,right,fist,0.874772,0.328434,-0.000000,0.859067,0.291982,-0.009031,0.855816,0.244909,-0.013970,0.870280,0.215013,-0.019675,0.885732,0.198084,-0.023822,0.865126,0.202890,-0.000776,0.877305,0.159512,-0.013824,0.884263,0.178373,-0.023338,0.885303,0.204680,-0.027611,0.882979,0.207424,-0.002008,0.898740,0.171164,-0.014783,0.900459,0.205576,-0.021122,0.895318,0.232012,-0.022342,0.897975,0.218889,-0.005548,0.913288,0.184174,-0.017259,0.911449,0.215668,-0.016899,0.904074,0.240863,-0.013446,0.909924,0.237102,-0.010156,0.922188,0.210578,-0.017759,0.919608,0.229009,-0.015594,0.912395,0.246726,-0.011831
1780386055.890,right,fist,0.917175,0.467982,-0.000000,0.905607,0.429274,-0.009991,0.907690,0.383531,-0.016095,0.927487,0.366375,-0.023063,0.945686,0.364127,-0.028704,0.923315,0.340965,-0.003797,0.940989,0.299415,-0.017891,0.947069,0.323220,-0.027623,0.945866,0.352788,-0.031859,0.941146,0.351058,-0.004941,0.962550,0.319803,-0.020054,0.960559,0.358918,-0.026982,0.951489,0.386494,-0.027802,0.954968,0.366368,-0.008279,0.975435,0.336284,-0.022212,0.970439,0.371070,-0.022915,0.959484,0.395315,-0.019218,0.964563,0.386026,-0.012607,0.980888,0.364990,-0.021960,0.977169,0.383923,-0.020613,0.967874,0.399735,-0.016800
1780386056.678,right,fist,0.924209,0.700701,0.000000,0.928418,0.669989,-0.016461,0.942990,0.648806,-0.024262,0.961421,0.647130,-0.030208,0.977265,0.645407,-0.034952,0.968543,0.617134,-0.012990,0.989802,0.601984,-0.027851,0.991655,0.622325,-0.039361,0.985517,0.648470,-0.045228,0.976354,0.639920,-0.009082,0.995745,0.633194,-0.023626,0.990309,0.654854,-0.032933,0.981493,0.673690,-0.036721,0.980245,0.663745,-0.007250,0.997608,0.656482,-0.020034,0.992225,0.670946,-0.023753,0.983412,0.682045,-0.023455,0.980325,0.684693,-0.006799,0.994329,0.674336,-0.016113,0.990000,0.681707,-0.017522,0.981819,0.688755,-0.016165
1780386057.187,right,fist,0.882752,0.855446,-0.000000,0.877599,0.841604,-0.028870,0.883458,0.817890,-0.044709,0.904725,0.809328,-0.055365,0.923944,0.805387,-0.062831,0.905746,0.737259,-0.033348,0.934215,0.771170,-0.051389,0.930108,0.810771,-0.060370,0.918216,0.835472,-0.064514,0.928802,0.747554,-0.025091,0.953077,0.786828,-0.043761,0.939901,0.833218,-0.048931,0.924262,0.852801,-0.049377,0.945404,0.768891,-0.019188,0.965427,0.804897,-0.037550,0.950511,0.842705,-0.036539,0.935262,0.857048,-0.031944,0.955664,0.795022,-0.015351,0.972382,0.822530,-0.029535,0.960899,0.847091,-0.029478,0.947739,0.853759,-0.025945
1780386057.723,right,fist,0.779969,0.825904,-0.000000,0.761014,0.808597,-0.021023,0.743485,0.784132,-0.036216,0.745790,0.770936,-0.048274,0.763535,0.770648,-0.057699,0.771925,0.693099,-0.029629,0.769253,0.715814,-0.049472,0.765045,0.754872,-0.060141,0.762392,0.774647,-0.065535,0.797129,0.700859,-0.027371,0.789149,0.746018,-0.045167,0.779458,0.784845,-0.049311,0.776033,0.796286,-0.050453,0.817002,0.724449,-0.027353,0.809542,0.772167,-0.044312,0.796899,0.802301,-0.041439,0.791014,0.809164,-0.037227,0.832279,0.753857,-0.029332,0.826773,0.790168,-0.041222,0.813845,0.811444,-0.039211,0.805305,0.816837,-0.035233
1780386058.224,right,fist,0.758893,0.640577,-0.000000,0.737597,0.617059,-0.011925,0.721532,0.573389,-0.018194,0.724262,0.536665,-0.023525,0.738706,0.514863,-0.026111,0.748955,0.492021,-0.004962,0.737973,0.487830,-0.021786,0.734052,0.528182,-0.031278,0.734391,0.548824,-0.035570,0.769964,0.495646,-0.005740,0.754361,0.497358,-0.021324,0.747045,0.548616,-0.023043,0.748635,0.566185,-0.020485,0.788714,0.513272,-0.009680,0.774057,0.514039,-0.025385,0.763606,0.560452,-0.019440,0.763888,0.574437,-0.011560,0.805592,0.539163,-0.015008,0.792585,0.544160,-0.025574,0.780623,0.573434,-0.021982,0.778709,0.581699,-0.016164
1780386058.732,right,fist,0.739758,0.501599,-0.000000,0.713061,0.475634,-0.005080,0.694890,0.418667,-0.007191,0.696683,0.372638,-0.010556,0.707660,0.340101,-0.012579,0.721046,0.352748,0.005242,0.706545,0.328586,-0.008160,0.699235,0.363690,-0.017614,0.697569,0.395848,-0.021821,0.739926,0.355403,0.002341,0.721091,0.332629,-0.010523,0.712170,0.379634,-0.014286,0.712108,0.415609,-0.013178,0.758786,0.368061,-0.003177,0.739503,0.338841,-0.016081,0.728192,0.383786,-0.012835,0.726703,0.419013,-0.006807,0.777960,0.389198,-0.009434,0.756528,0.371193,-0.019080,0.745251,0.399317,-0.016801,0.744603,0.422926,-0.011975
1780386059.251,right,fist,0.673436,0.455904,-0.000000,0.643608,0.426664,0.000398,0.626269,0.375627,-0.000061,0.621451,0.335171,-0.003436,0.622095,0.300795,-0.005912,0.652099,0.299749,0.012438,0.629412,0.275450,-0.000620,0.617441,0.302388,-0.010433,0.616220,0.331439,-0.014891,0.665991,0.296926,0.006400,0.636314,0.275810,-0.006935,0.626356,0.320860,-0.011455,0.630263,0.355510,-0.010420,0.680020,0.302676,-0.002035,0.648742,0.282771,-0.015168,0.640368,0.327707,-0.012825,0.644971,0.361127,-0.007029,0.693164,0.317599,-0.010991,0.663301,0.306344,-0.020509,0.655240,0.337042,-0.018255,0.659553,0.361565,-0.013119
1780386059.773,right,fist,0.556479,0.357480,-0.000000,0.517579,0.333093,0.000975,0.498147,0.285142,0.000533,0.487159,0.244752,-0.002550,0.482265,0.210925,-0.004370,0.532403,0.197434,0.011829,0.493279,0.188007,-0.000929,0.488279,0.229234,-0.010870,0.497112,0.258137,-0.015721,0.539520,0.191673,0.005825,0.492719,0.182586,-0.006898,0.486557,0.231743,-0.011039,0.497433,0.258443,-0.010527,0.544168,0.197232,-0.002343,0.496446,0.190491,-0.015547,0.492981,0.239445,-0.012771,0.505602,0.262818,-0.007157,0.545623,0.212767,-0.010930,0.507132,0.212869,-0.020465,0.504992,0.248634,-0.018076,0.516782,0.268100,-0.013066
1780386060.295,right,fist,0.393979,0.306333,-0.000000,0.352321,0.297683,0.006887,0.333362,0.260952,0.006728,0.318490,0.234507,0.002712,0.306572,0.212392,-0.000786,0.352080,0.155917,0.011975,0.307255,0.162448,0.001181,0.308805,0.205697,-0.007179,0.322947,0.232692,-0.010942,0.355956,0.149492,0.003717,0.303468,0.159378,-0.007686,0.306233,0.210679,-0.011439,0.321419,0.237198,-0.011054,0.357348,0.155162,-0.005518,0.303989,0.169406,-0.016756,0.310888,0.218815,-0.014739,0.328500,0.242234,-0.010299,0.354870,0.170379,-0.014516,0.314190,0.189402,-0.022275,0.318741,0.224531,-0.020478,0.333470,0.242540,-0.016538
1780386060.809,right,fist,0.261331,0.262168,-0.000000,0.217811,0.266934,0.005058,0.193965,0.236436,0.002778,0.176235,0.212335,-0.003413,0.160165,0.194879,-0.008297,0.202700,0.124945,0.009098,0.154167,0.141713,-0.005724,0.162235,0.181825,-0.016073,0.180385,0.200142,-0.020346,0.205005,0.119442,0.000511,0.149664,0.143842,-0.014351,0.161116,0.190133,-0.018453,0.180754,0.204092,-0.017419,0.205033,0.126983,-0.009476,0.149288,0.156118,-0.023338,0.163680,0.200216,-0.020053,0.185804,0.211532,-0.013843,0.201943,0.145101,-0.019488,0.159288,0.171093,-0.028413,0.167907,0.202406,-0.025451,0.186285,0.213877,-0.019921
1780386061.344,right,fist,0.164725,0.305649,-0.000000,0.121265,0.323375,0.003384,0.086286,0.298625,0.002956,0.064218,0.272521,-0.002829,0.048247,0.247399,-0.006473,0.072614,0.200530,0.016481,0.032424,0.197935,-0.001380,0.046077,0.248039,-0.011880,0.070883,0.268666,-0.015546,0.077735,0.186348,0.006351,0.030597,0.191932,-0.014849,0.048613,0.250005,-0.019693,0.074546,0.266713,-0.015728,0.085812,0.176744,-0.006756,0.040033,0.197421,-0.025171,0.060988,0.247362,-0.019982,0.087548,0.256024,-0.009831,0.095838,0.176298,-0.020505,0.059244,0.199540,-0.031104,0.069832,0.234574,-0.026181,0.090714,0.242070,-0.017992
1780386061.880,right,fist,0.161528,0.295439,-0.000000,0.113388,0.307522,0.002689,0.069893,0.270420,0.002786,0.057210,0.221888,-0.002656,0.057439,0.177888,-0.007386,0.059689,0.197912,0.013694,0.022310,0.146473,-0.005223,0.026140,0.185881,-0.015980,0.044023,0.218230,-0.019387,0.072331,0.173805,0.003406,0.032433,0.121855,-0.018026,0.045745,0.181240,-0.023820,0.068814,0.213303,-0.020202,0.090479,0.152652,-0.009754,0.048745,0.102358,-0.028695,0.062062,0.163458,-0.025281,0.084166,0.196188,-0.016089,0.114412,0.136183,-0.023092,0.079120,0.119424,-0.033267,0.084747,0.162398,-0.027929,0.102939,0.183067,-0.019992
1780386062.388,right,fist,0.187148,0.333440,-0.000000,0.136248,0.347834,0.001203,0.086814,0.309227,0.001555,0.075903,0.249888,-0.003467,0.086225,0.206307,-0.008088,0.080712,0.235705,0.013278,0.040781,0.185121,-0.006259,0.043936,0.219925,-0.016529,0.061899,0.250332,-0.019750,0.096603,0.205319,0.002905,0.054325,0.154124,-0.019184,0.068735,0.212889,-0.023860,0.092674,0.243152,-0.019150,0.119101,0.180700,-0.010650,0.075516,0.136887,-0.031234,0.095783,0.200135,-0.024865,0.120568,0.228369,-0.013326,0.149438,0.162314,-0.024637,0.112796,0.148595,-0.037305,0.124089,0.196078,-0.030503,0.144094,0.214453,-0.021218
1780386062.905,right,fist,0.272886,0.393338,-0.000001,0.212089,0.410464,0.000239,0.166840,0.385668,-0.004049,0.139164,0.362189,-0.011762,0.121266,0.341486,-0.017345,0.157032,0.249117,0.001036,0.103743,0.277808,-0.017127,0.116412,0.338615,-0.027758,0.137122,0.357362,-0.032868,0.171525,0.238825,-0.008321,0.113755,0.287866,-0.027946,0.129575,0.350064,-0.031146,0.151019,0.364089,-0.029166,0.187894,0.247192,-0.019738,0.137934,0.307255,-0.038183,0.152200,0.359512,-0.032637,0.171569,0.369155,-0.024424,0.202996,0.271252,-0.031660,0.164304,0.317451,-0.041459,0.171379,0.355445,-0.035818,0.187321,0.365848,-0.028519
1780386063.438,right,fist,0.444723,0.548988,-0.000000,0.423269,0.479626,0.010230,0.391197,0.443757,0.007541,0.360560,0.445756,0.002403,0.341125,0.466251,-0.003551,0.374850,0.414063,-0.013298,0.317432,0.426316,-0.021821,0.326911,0.451474,-0.024247,0.342373,0.454339,-0.024728,0.371742,0.457700,-0.023087,0.315891,0.472057,-0.027521,0.328039,0.492080,-0.022493,0.345050,0.490059,-0.019513,0.370527,0.506382,-0.031095,0.319930,0.514100,-0.033559,0.333104,0.528819,-0.022991,0.349705,0.526067,-0.016517,0.371818,0.555962,-0.038039,0.331589,0.551888,-0.038722,0.342712,0.558407,-0.028430,0.357732,0.558085,-0.020580
1780386063.946,right,fist,0.653294,0.756308,-0.000000,0.653027,0.684880,-0.000590,0.629687,0.625427,-0.008602,0.594119,0.606850,-0.015709,0.566957,0.611471,-0.022752,0.633836,0.622692,-0.030559,0.578863,0.576348,-0.041995,0.570927,0.590800,-0.044556,0.577294,0.608195,-0.044103,0.619086,0.669131,-0.035037,0.560756,0.615769,-0.044736,0.563063,0.626271,-0.042158,0.576243,0.642371,-0.039634,0.603253,0.708663,-0.037698,0.551692,0.650980,-0.043996,0.558432,0.657549,-0.035473,0.571570,0.672748,-0.029239,0.589003,0.739902,-0.039730,0.552900,0.687575,-0.042341,0.559833,0.687449,-0.034147,0.571076,0.699711,-0.027978
1780386064.466,right,fist,0.702298,0.758092,-0.000000,0.710194,0.686531,0.001598,0.698411,0.617820,-0.008349,0.672684,0.579459,-0.017467,0.647539,0.568519,-0.027491,0.710661,0.611264,-0.040153,0.654775,0.545856,-0.051650,0.638026,0.548111,-0.050948,0.637018,0.565828,-0.047735,0.692555,0.654586,-0.046580,0.632628,0.580101,-0.056108,0.630274,0.587854,-0.048981,0.641909,0.605056,-0.043634,0.672288,0.691902,-0.050385,0.620739,0.613600,-0.057353,0.622480,0.619461,-0.045425,0.634292,0.637830,-0.036800,0.652270,0.724719,-0.053236,0.616035,0.653959,-0.058230,0.619577,0.649185,-0.049191,0.630426,0.660851,-0.041663
1780386065.017,right,fist,0.727883,0.740056,-0.000000,0.740160,0.668761,0.002823,0.732173,0.602789,-0.006993,0.712054,0.562587,-0.016115,0.687978,0.552972,-0.026363,0.743630,0.594033,-0.043756,0.693660,0.528764,-0.054201,0.673297,0.527895,-0.049235,0.668026,0.544658,-0.042576,0.726481,0.634100,-0.050898,0.672293,0.558985,-0.060404,0.661118,0.564162,-0.048846,0.665746,0.584142,-0.039111,0.706159,0.669355,-0.055067,0.659578,0.592788,-0.062202,0.655256,0.595009,-0.046378,0.663689,0.614523,-0.033715,0.685917,0.701170,-0.058205,0.651701,0.629152,-0.063810,0.650636,0.620684,-0.053268,0.659165,0.631402,-0.043085
1780386065.566,right,fist,0.739491,0.728133,-0.000000,0.751067,0.660245,0.000379,0.748801,0.596307,-0.009006,0.732335,0.557372,-0.018229,0.710873,0.543802,-0.028718,0.760466,0.588587,-0.038446,0.715311,0.525867,-0.050036,0.692436,0.529742,-0.046829,0.686705,0.549812,-0.041629,0.748190,0.628187,-0.044762,0.696105,0.561618,-0.055523,0.679001,0.564374,-0.046247,0.678885,0.580286,-0.038117,0.731401,0.663816,-0.049165,0.683776,0.594805,-0.059793,0.674170,0.593481,-0.046718,0.678828,0.611020,-0.035092,0.712119,0.693454,-0.052739,0.676563,0.629027,-0.062765,0.672494,0.621213,-0.055378,0.679801,0.632412,-0.046549
1780386066.078,right,fist,0.707680,0.645845,-0.000000,0.684659,0.577329,-0.003021,0.684807,0.521824,-0.007737,0.688638,0.483820,-0.012954,0.691316,0.457157,-0.017827,0.731502,0.489024,-0.011341,0.694410,0.447609,-0.023881,0.673519,0.462902,-0.029698,0.668304,0.483798,-0.032193,0.731540,0.510625,-0.015761,0.688353,0.466225,-0.027926,0.670377,0.489556,-0.028968,0.669445,0.512577,-0.028683,0.724975,0.536421,-0.021119,0.684204,0.493814,-0.033720,0.670192,0.514318,-0.031212,0.671510,0.534448,-0.027903,0.713636,0.563570,-0.026598,0.681436,0.529645,-0.036528,0.672817,0.540826,-0.036125,0.675861,0.553742,-0.034144
1780386066.675,right,fist,0.748313,0.616626,-0.000000,0.728766,0.579832,-0.001456,0.723674,0.525721,-0.002760,0.734683,0.493120,-0.007136,0.750454,0.491144,-0.010565,0.756895,0.487999,0.006618,0.762245,0.435579,-0.005976,0.748996,0.453632,-0.013303,0.742155,0.481384,-0.015767,0.769803,0.499785,0.001845,0.773985,0.449167,-0.012471,0.755512,0.480011,-0.016077,0.748794,0.512915,-0.013618,0.782655,0.516418,-0.005122,0.785268,0.468348,-0.018479,0.765284,0.498706,-0.016285,0.757501,0.530724,-0.009858,0.796005,0.538926,-0.012531,0.796007,0.497783,-0.020273,0.779266,0.511117,-0.017577,0.770885,0.534071,-0.012647
1780386067.221,right,fist,0.816494,0.636320,-0.000000,0.805822,0.585962,-0.001323,0.809958,0.539618,-0.003547,0.823695,0.519380,-0.009250,0.839412,0.526095,-0.014014,0.847452,0.518842,0.008884,0.864104,0.478420,-0.004372,0.847115,0.481747,-0.012905,0.835320,0.501208,-0.016225,0.857470,0.533564,0.003305,0.875198,0.488645,-0.010538,0.852779,0.494851,-0.015789,0.840102,0.517832,-0.015022,0.867466,0.551633,-0.004660,0.883341,0.507628,-0.016509,0.860093,0.512919,-0.016904,0.846382,0.535566,-0.012854,0.877783,0.575274,-0.013255,0.886837,0.535624,-0.019124,0.869303,0.533993,-0.017098,0.856028,0.551387,-0.013150
1780386067.753,right,fist,0.771121,0.658925,-0.000000,0.767685,0.599677,0.000736,0.785327,0.544441,0.001075,0.801770,0.515994,-0.002372,0.817993,0.503264,-0.004446,0.847118,0.536684,0.014050,0.844513,0.478411,-0.000053,0.818589,0.479678,-0.010230,0.801508,0.499471,-0.014641,0.854161,0.553209,0.006648,0.846109,0.489250,-0.008029,0.814537,0.497602,-0.012599,0.798468,0.522237,-0.011319,0.855874,0.575087,-0.003490,0.845016,0.510924,-0.018838,0.814129,0.521441,-0.016523,0.798774,0.547113,-0.009932,0.851594,0.599162,-0.014189,0.844535,0.543407,-0.023627,0.822013,0.542976,-0.020093,0.808333,0.561390,-0.013813
1780386068.266,right,fist,0.611246,0.782314,-0.000000,0.585312,0.675975,-0.005556,0.588111,0.601889,-0.015533,0.584684,0.552347,-0.026698,0.578074,0.508572,-0.038108,0.672548,0.580625,-0.019087,0.635988,0.499464,-0.038075,0.599539,0.501890,-0.050097,0.580608,0.521169,-0.056522,0.670530,0.612019,-0.025594,0.617746,0.527847,-0.041356,0.582158,0.544694,-0.044887,0.572013,0.573176,-0.046916,0.655691,0.645728,-0.033249,0.604787,0.565154,-0.048345,0.576161,0.580219,-0.045109,0.568916,0.605908,-0.041667,0.632560,0.676641,-0.041462,0.593621,0.614724,-0.052346,0.574853,0.614701,-0.049718,0.569921,0.629081,-0.045916
1780386068.770,right,fist,0.513339,0.956734,-0.000000,0.501205,0.867334,-0.002971,0.468311,0.793842,-0.015571,0.423711,0.772323,-0.027068,0.392822,0.793950,-0.039468,0.476987,0.765325,-0.047055,0.400800,0.744338,-0.061037,0.399357,0.789953,-0.060126,0.418571,0.814816,-0.058028,0.473889,0.832424,-0.054933,0.393616,0.813617,-0.067152,0.399059,0.845928,-0.060275,0.422294,0.858858,-0.056999,0.464919,0.903590,-0.060646,0.387581,0.872785,-0.075347,0.397768,0.899596,-0.064124,0.422687,0.914469,-0.056388,0.450802,0.973134,-0.065137,0.390820,0.941754,-0.080674,0.402671,0.951806,-0.074472,0.425662,0.960823,-0.068356
1780386069.344,right,fist,0.505834,0.977731,-0.000000,0.486777,0.920864,-0.005617,0.450616,0.883475,-0.016972,0.408705,0.881796,-0.026100,0.381985,0.897198,-0.035521,0.447703,0.862188,-0.044548,0.373924,0.879609,-0.057848,0.368322,0.903061,-0.056588,0.384487,0.916812,-0.053112,0.451357,0.902991,-0.048734,0.369838,0.906851,-0.062578,0.371327,0.930054,-0.057691,0.390289,0.943819,-0.052713,0.450553,0.952682,-0.050966,0.375532,0.961086,-0.063990,0.380973,0.974013,-0.054514,0.401399,0.980023,-0.046183,0.445691,1.007155,-0.052412,0.387234,1.007854,-0.064599,0.390478,1.013016,-0.058524,0.406785,1.017869,-0.051586
1780386069.891,right,fist,0.350686,0.786743,-0.000000,0.341035,0.675950,0.009833,0.301576,0.597659,0.004167,0.250258,0.572017,-0.002876,0.212186,0.590570,-0.009833,0.294639,0.563300,-0.027239,0.209302,0.528341,-0.039707,0.219601,0.564687,-0.041325,0.243015,0.579893,-0.039534,0.276552,0.630547,-0.037117,0.191906,0.584190,-0.045194,0.205230,0.617242,-0.036796,0.229448,0.632004,-0.030325,0.257082,0.695601,-0.044358,0.181259,0.640890,-0.048498,0.196584,0.668458,-0.031324,0.220701,0.682706,-0.019581,0.240684,0.755114,-0.050155,0.183301,0.698409,-0.049654,0.196864,0.716385,-0.033604,0.218540,0.734282,-0.021433
1780386070.419,right,fist,0.255784,0.772960,-0.000000,0.257262,0.666687,0.015561,0.238440,0.576697,0.016474,0.221923,0.502241,0.015109,0.219518,0.465261,0.013717,0.209699,0.544196,-0.014725,0.137647,0.488748,-0.019559,0.142124,0.523003,-0.016455,0.161886,0.546727,-0.012390,0.185700,0.599423,-0.024119,0.117544,0.542281,-0.025769,0.125275,0.573058,-0.015743,0.143965,0.592909,-0.009423,0.162727,0.658344,-0.030588,0.103512,0.599178,-0.029414,0.115571,0.624277,-0.013589,0.133902,0.644475,-0.004146,0.144425,0.718195,-0.035134,0.098253,0.659559,-0.031119,0.110570,0.674854,-0.015666,0.127648,0.691251,-0.004582
1780386070.928,right,fist,0.253830,0.766459,-0.000000,0.254249,0.674286,0.015848,0.239007,0.590516,0.014335,0.209377,0.539756,0.009285,0.178991,0.529157,0.003417,0.235701,0.539688,-0.014898,0.165511,0.474926,-0.024928,0.148840,0.514268,-0.023857,0.153763,0.546637,-0.020841,0.221527,0.569973,-0.028139,0.143519,0.517350,-0.034268,0.133232,0.555571,-0.025812,0.143121,0.577351,-0.020181,0.204044,0.609089,-0.039272,0.131159,0.560061,-0.043145,0.126248,0.592440,-0.031013,0.139232,0.612247,-0.023595,0.185516,0.652990,-0.048819,0.128050,0.612826,-0.053020,0.124520,0.628633,-0.045539,0.135217,0.641544,-0.039054
1780386071.471,right,fist,0.317464,0.786485,-0.000001,0.261662,0.713991,-0.000494,0.236769,0.625333,-0.008309,0.221970,0.568737,-0.019474,0.211290,0.531467,-0.029842,0.289585,0.519902,-0.012301,0.241994,0.452878,-0.040563,0.199635,0.494850,-0.059415,0.177873,0.543880,-0.067962,0.302923,0.534675,-0.023124,0.244023,0.464257,-0.048758,0.196280,0.507616,-0.059412,0.175398,0.555048,-0.062564,0.308014,0.566636,-0.035533,0.246859,0.508007,-0.055362,0.203816,0.543288,-0.057270,0.184046,0.581002,-0.055005,0.305911,0.609958,-0.048146,0.258285,0.573671,-0.058367,0.226386,0.586701,-0.056409,0.208195,0.603669,-0.052648
1780386071.989,right,fist,0.521491,0.701681,-0.000000,0.479832,0.642860,-0.002929,0.463738,0.567154,-0.005424,0.476082,0.511470,-0.013129,0.499083,0.500350,-0.019579,0.493928,0.500116,0.014975,0.490533,0.419440,-0.001382,0.473430,0.436979,-0.014979,0.468151,0.472927,-0.022303,0.515007,0.497473,0.007010,0.515266,0.404616,-0.011217,0.493612,0.425406,-0.023479,0.485784,0.467140,-0.027221,0.538443,0.504772,-0.004123,0.542403,0.413589,-0.018355,0.519134,0.430900,-0.024320,0.507958,0.471686,-0.024256,0.564158,0.523123,-0.016527,0.562403,0.457471,-0.024015,0.540478,0.457804,-0.025688,0.525160,0.484305,-0.024835
1780386072.492,right,fist,0.617885,0.825436,-0.000000,0.574827,0.786947,-0.008733,0.551733,0.709896,-0.013575,0.564868,0.650668,-0.021914,0.594157,0.666003,-0.028538,0.575599,0.632800,0.005144,0.572447,0.554607,-0.011806,0.563649,0.590870,-0.023355,0.565713,0.630000,-0.029327,0.598347,0.627169,-0.000275,0.597338,0.538894,-0.019243,0.585668,0.581650,-0.026115,0.587333,0.625792,-0.025350,0.621876,0.633750,-0.009400,0.625039,0.545078,-0.023532,0.609498,0.578251,-0.025739,0.606246,0.622079,-0.022697,0.647681,0.649459,-0.020482,0.649323,0.585135,-0.026864,0.632778,0.595485,-0.027611,0.624834,0.626596,-0.026336
1780386073.025,right,fist,0.620500,0.811891,-0.000000,0.581291,0.767288,-0.007955,0.563353,0.684032,-0.012578,0.575036,0.621523,-0.020329,0.601649,0.622201,-0.026909,0.596149,0.618106,0.005600,0.599524,0.539067,-0.010965,0.584792,0.549059,-0.023942,0.579426,0.582146,-0.030637,0.616971,0.616981,0.000342,0.623730,0.524764,-0.018117,0.603643,0.539636,-0.028169,0.595855,0.583224,-0.030003,0.638167,0.627617,-0.008217,0.647522,0.541452,-0.021761,0.626871,0.552602,-0.028110,0.617315,0.591358,-0.028558,0.661552,0.647709,-0.018446,0.666147,0.584090,-0.025567,0.648951,0.581763,-0.028588,0.637031,0.606231,-0.029101
1780386073.563,right,fist,0.620574,0.827939,-0.000000,0.585437,0.777445,-0.003264,0.576772,0.689902,-0.004534,0.599224,0.639859,-0.010447,0.627452,0.647761,-0.014747,0.596188,0.630113,0.011104,0.594458,0.549300,-0.004667,0.579099,0.584956,-0.014935,0.578816,0.628336,-0.019380,0.617145,0.628786,0.004032,0.621053,0.538313,-0.013178,0.600967,0.579970,-0.018369,0.599670,0.626372,-0.016051,0.638223,0.639054,-0.006405,0.644781,0.551304,-0.017551,0.622247,0.585627,-0.016748,0.617380,0.627531,-0.012128,0.660100,0.656783,-0.018583,0.661389,0.592338,-0.021114,0.639591,0.601691,-0.018638,0.630725,0.628708,-0.015544
1780386074.070,right,fist,0.627522,0.857338,-0.000000,0.589718,0.803926,-0.004386,0.577011,0.723039,-0.005207,0.586501,0.675231,-0.008926,0.602246,0.651517,-0.009556,0.600839,0.645812,0.010224,0.581125,0.605463,-0.008694,0.578876,0.662819,-0.017952,0.584374,0.698527,-0.021096,0.627597,0.645152,0.003838,0.603481,0.617367,-0.016852,0.598918,0.687155,-0.018913,0.605242,0.714083,-0.013764,0.652355,0.661700,-0.006538,0.623666,0.650012,-0.024656,0.618048,0.714967,-0.017428,0.625997,0.731344,-0.007339,0.672259,0.689653,-0.018243,0.642634,0.691416,-0.026609,0.636687,0.731527,-0.020813,0.646142,0.737818,-0.013596
1780386074.603,right,fist,0.656946,0.688865,-0.000000,0.614397,0.667967,-0.016206,0.587076,0.598703,-0.021713,0.594710,0.542171,-0.026862,0.611203,0.514019,-0.027304,0.596336,0.491807,-0.001577,0.587823,0.473902,-0.024727,0.597417,0.538532,-0.036242,0.604216,0.566245,-0.041247,0.626861,0.475370,-0.003521,0.615762,0.476054,-0.027715,0.620817,0.553583,-0.030103,0.624562,0.570374,-0.025075,0.656171,0.481751,-0.010608,0.645677,0.503730,-0.032130,0.643949,0.572947,-0.024962,0.644444,0.579798,-0.014697,0.683552,0.500085,-0.020221,0.672909,0.535021,-0.031482,0.664980,0.580279,-0.027396,0.661984,0.580323,-0.021121
1780386075.145,right,fist,0.664686,0.653424,-0.000000,0.622034,0.631014,-0.018353,0.593000,0.555322,-0.023132,0.606160,0.499839,-0.026380,0.630072,0.474221,-0.024854,0.602299,0.450389,-0.005190,0.600944,0.432908,-0.027192,0.611493,0.497486,-0.038064,0.615979,0.520294,-0.043814,0.635085,0.433487,-0.006020,0.632154,0.429415,-0.031092,0.635720,0.510948,-0.034361,0.635394,0.525462,-0.029989,0.666256,0.438847,-0.011723,0.664054,0.460545,-0.034555,0.659374,0.534081,-0.028420,0.654528,0.538673,-0.018843,0.694887,0.456493,-0.020085,0.692914,0.491232,-0.034886,0.682144,0.541472,-0.032732,0.673297,0.543211,-0.027433
1780386075.653,right,fist,0.673671,0.658365,-0.000000,0.636830,0.639774,-0.023804,0.609018,0.573945,-0.032424,0.618632,0.520848,-0.037948,0.641678,0.496000,-0.038082,0.611991,0.447935,-0.012784,0.617099,0.442771,-0.035637,0.628013,0.508400,-0.047141,0.630494,0.525311,-0.054001,0.647716,0.431990,-0.011322,0.651365,0.446824,-0.036506,0.653036,0.526856,-0.040616,0.649782,0.532489,-0.038178,0.680786,0.440239,-0.014713,0.684296,0.474386,-0.039354,0.676661,0.547808,-0.034103,0.668260,0.546656,-0.025747,0.709905,0.460368,-0.020998,0.712760,0.503075,-0.038521,0.700598,0.554816,-0.037532,0.688881,0.553435,-0.032997
1780386076.179,right,fist,0.649356,0.618440,-0.000000,0.639999,0.545908,-0.025447,0.637351,0.485237,-0.042949,0.628615,0.448868,-0.056454,0.620327,0.441333,-0.065679,0.704993,0.433453,-0.041523,0.628704,0.411725,-0.065371,0.603979,0.453070,-0.072903,0.611282,0.475962,-0.076322,0.713461,0.489390,-0.041826,0.622783,0.466041,-0.063304,0.602830,0.512924,-0.060593,0.618321,0.533588,-0.055785,0.706366,0.550831,-0.044643,0.617754,0.540779,-0.063037,0.604318,0.566746,-0.050550,0.621249,0.575514,-0.039725,0.689872,0.607689,-0.050615,0.620656,0.606161,-0.064249,0.612037,0.613476,-0.059106,0.626311,0.615681,-0.051874
1780386076.721,right,fist,0.676750,0.630857,-0.000000,0.685179,0.548246,-0.008707,0.675669,0.460769,-0.026210,0.646905,0.409528,-0.042699,0.622144,0.410495,-0.058734,0.703901,0.421755,-0.048438,0.627693,0.353561,-0.069625,0.614170,0.403120,-0.071420,0.628546,0.434069,-0.070492,0.693628,0.472096,-0.055443,0.609021,0.403421,-0.076939,0.605250,0.448385,-0.070544,0.623516,0.472673,-0.065524,0.672953,0.524563,-0.061816,0.593711,0.458652,-0.079969,0.596032,0.497968,-0.066666,0.618460,0.523161,-0.056949,0.647807,0.572860,-0.068165,0.585336,0.514883,-0.082387,0.592879,0.538688,-0.075770,0.616093,0.561282,-0.069421
1780386077.245,right,fist,0.610793,0.571248,-0.000000,0.628584,0.493319,0.000375,0.625799,0.402741,-0.009567,0.599892,0.337381,-0.018666,0.571043,0.319157,-0.027464,0.640672,0.372059,-0.034698,0.580162,0.307353,-0.049624,0.578272,0.345094,-0.052044,0.591344,0.367249,-0.051902,0.616136,0.411347,-0.042621,0.556082,0.341105,-0.055145,0.559896,0.376942,-0.048684,0.574909,0.401202,-0.044551,0.588299,0.449257,-0.049003,0.538228,0.384351,-0.058952,0.545248,0.418820,-0.046045,0.560564,0.442308,-0.037537,0.559526,0.486512,-0.054811,0.528152,0.435202,-0.061939,0.537612,0.461530,-0.053395,0.551325,0.479369,-0.046408
1780386077.776,right,fist,0.566752,0.526864,-0.000000,0.585154,0.458247,0.003405,0.587319,0.387427,-0.002681,0.569740,0.332015,-0.009452,0.547605,0.310534,-0.015747,0.601460,0.335637,-0.017029,0.548262,0.293063,-0.026305,0.542224,0.327863,-0.028457,0.551899,0.342586,-0.029592,0.583776,0.351901,-0.024521,0.527061,0.316379,-0.031975,0.527601,0.351632,-0.027671,0.540028,0.367934,-0.025832,0.561075,0.375505,-0.031049,0.510528,0.348367,-0.034820,0.513810,0.380874,-0.026542,0.526849,0.396224,-0.022998,0.536110,0.402959,-0.037528,0.501069,0.387118,-0.040924,0.506288,0.411557,-0.036914,0.518030,0.423108,-0.034090
1780386078.293,right,fist,0.555097,0.508675,-0.000000,0.527553,0.438186,-0.001396,0.533718,0.379583,-0.004894,0.543796,0.335704,-0.009789,0.552821,0.304030,-0.012122,0.598365,0.337314,0.002241,0.550578,0.290096,-0.010195,0.536160,0.329145,-0.017781,0.540791,0.355897,-0.022163,0.602724,0.338501,-0.002857,0.542212,0.291262,-0.016672,0.530052,0.337904,-0.018247,0.540001,0.363735,-0.017324,0.596273,0.346801,-0.009715,0.537533,0.311895,-0.021129,0.528673,0.357989,-0.016110,0.539351,0.381063,-0.011565,0.582938,0.358842,-0.017773,0.535756,0.346677,-0.027781,0.528327,0.380055,-0.028535,0.536621,0.397480,-0.027179
1780386078.795,right,fist,0.622675,0.470744,-0.000000,0.577026,0.461561,-0.006950,0.545064,0.395985,-0.006835,0.543997,0.330581,-0.008973,0.550489,0.291065,-0.007924,0.554365,0.338368,0.007390,0.544185,0.278415,-0.012671,0.554226,0.328788,-0.020319,0.561635,0.357550,-0.020954,0.578026,0.327793,0.003480,0.567658,0.278819,-0.017305,0.575365,0.342898,-0.019199,0.580548,0.358271,-0.013291,0.602895,0.324111,-0.004554,0.593371,0.285150,-0.024788,0.597505,0.348597,-0.016960,0.601389,0.363755,-0.004882,0.629798,0.324475,-0.013631,0.617814,0.300387,-0.022565,0.617432,0.343649,-0.014578,0.621808,0.358455,-0.005001
1780386079.308,right,fist,0.734886,0.417256,-0.000000,0.706145,0.404531,-0.027843,0.687103,0.369244,-0.044027,0.704695,0.322930,-0.056054,0.729754,0.295691,-0.065007,0.655714,0.282399,-0.025024,0.693528,0.243039,-0.046273,0.717170,0.267159,-0.060603,0.729034,0.298544,-0.068224,0.677264,0.254990,-0.019700,0.710413,0.214574,-0.041897,0.733109,0.258788,-0.050668,0.741490,0.298911,-0.051827,0.700872,0.244563,-0.017470,0.728924,0.207443,-0.039807,0.746230,0.252915,-0.040438,0.750269,0.290754,-0.034728,0.724415,0.248171,-0.017316,0.742914,0.222362,-0.034007,0.752846,0.256674,-0.032847,0.752181,0.284820,-0.027086
1780386079.845,right,fist,0.735367,0.343216,0.000000,0.775792,0.382366,-0.036306,0.813703,0.374039,-0.054153,0.840791,0.338140,-0.061464,0.851956,0.304345,-0.062975,0.808291,0.234064,-0.066989,0.880837,0.256272,-0.079564,0.879189,0.311176,-0.074738,0.859746,0.332709,-0.068433,0.807304,0.188103,-0.049717,0.883579,0.221613,-0.062882,0.877627,0.277504,-0.055764,0.856154,0.295669,-0.048436,0.808517,0.168926,-0.031977,0.874369,0.210981,-0.038900,0.868289,0.255182,-0.030492,0.850597,0.269386,-0.024138,0.808309,0.167788,-0.016698,0.857686,0.209233,-0.020940,0.854854,0.240859,-0.018418,0.841127,0.249505,-0.015458
1780386080.353,right,fist,0.664490,0.368904,-0.000000,0.692934,0.470567,0.003188,0.737054,0.520734,0.005433,0.776334,0.515353,0.008563,0.791062,0.484335,0.014526,0.781426,0.449595,-0.007613,0.834006,0.501927,-0.010579,0.810607,0.511562,-0.009012,0.788102,0.496451,-0.005571,0.790983,0.387322,-0.008105,0.838161,0.451143,-0.003022,0.819000,0.464996,0.003574,0.800080,0.451239,0.007618,0.791553,0.341526,-0.007270,0.823509,0.402639,0.002998,0.807594,0.416124,0.011644,0.790734,0.404193,0.014596,0.787284,0.308104,-0.006483,0.807701,0.362990,0.005614,0.794254,0.375544,0.015821,0.780374,0.366518,0.021955
1780386080.863,right,fist,0.682847,0.431670,-0.000000,0.650734,0.532138,0.006747,0.656205,0.621752,0.011307,0.677332,0.671674,0.015513,0.695931,0.668105,0.020963,0.720518,0.673397,0.003195,0.716115,0.745532,0.004723,0.703513,0.714822,0.003980,0.700570,0.674473,0.003664,0.753601,0.646234,0.001274,0.744609,0.699835,0.012378,0.730520,0.677091,0.016869,0.726654,0.647728,0.016592,0.773854,0.607097,0.000721,0.767422,0.653979,0.013036,0.752866,0.638591,0.019804,0.746385,0.609410,0.020261,0.785889,0.566972,0.000542,0.781848,0.606279,0.011906,0.769194,0.595203,0.022153,0.763724,0.572060,0.028324
1780386081.416,right,fist,0.696661,0.458927,-0.000000,0.638827,0.413575,0.004221,0.587215,0.420108,0.001482,0.547916,0.464006,-0.001388,0.533178,0.513622,-0.002141,0.569299,0.431676,-0.015861,0.516664,0.500441,-0.023033,0.532766,0.496815,-0.022612,0.551507,0.483203,-0.019870,0.583722,0.491384,-0.020051,0.528965,0.549974,-0.022202,0.542568,0.539148,-0.018143,0.561139,0.522711,-0.015027,0.600067,0.547251,-0.022538,0.551824,0.577608,-0.017510,0.562083,0.563611,-0.008470,0.579515,0.550179,-0.004736,0.614733,0.594544,-0.024840,0.578545,0.594535,-0.016753,0.586640,0.578360,-0.007156,0.599802,0.569447,-0.001508
1780386081.950,right,fist,0.616971,0.515217,-0.000000,0.615185,0.434090,0.008056,0.598387,0.359307,0.007759,0.574922,0.314517,0.005965,0.551558,0.314439,0.004370,0.570033,0.311032,-0.005188,0.521841,0.312852,-0.010052,0.527080,0.338202,-0.011059,0.540811,0.345732,-0.011079,0.554176,0.345703,-0.012538,0.508485,0.355675,-0.013973,0.517118,0.379339,-0.009755,0.533583,0.383955,-0.007495,0.539910,0.390915,-0.018689,0.505692,0.407247,-0.017683,0.517208,0.425397,-0.010321,0.532850,0.425527,-0.007255,0.528734,0.441041,-0.024531,0.510360,0.452277,-0.023255,0.523696,0.468348,-0.016889,0.537170,0.468746,-0.012090
1780386082.483,right,fist,0.556827,0.573413,-0.000001,0.522297,0.510005,0.005148,0.516191,0.436704,0.006999,0.520248,0.384067,0.003334,0.523593,0.343542,0.001140,0.559767,0.352769,0.024593,0.528072,0.304544,0.005682,0.508322,0.348584,-0.006603,0.506279,0.391888,-0.011117,0.576315,0.354885,0.013916,0.534619,0.306080,-0.007325,0.514466,0.371453,-0.012733,0.518427,0.415331,-0.008919,0.591097,0.368037,-0.000226,0.544107,0.333584,-0.020657,0.530733,0.403610,-0.016011,0.540139,0.442928,-0.005738,0.601453,0.392636,-0.014727,0.558356,0.364283,-0.025397,0.548835,0.410306,-0.019681,0.559090,0.439894,-0.010753
1780386082.995,right,fist,0.610477,0.557913,-0.000000,0.567463,0.553867,-0.015809,0.528456,0.510425,-0.028357,0.526552,0.453146,-0.042221,0.556040,0.441585,-0.054834,0.539777,0.378432,-0.011924,0.525845,0.293711,-0.034814,0.524397,0.305535,-0.053314,0.531117,0.352123,-0.063060,0.564798,0.359438,-0.015663,0.553164,0.261189,-0.036702,0.553121,0.271273,-0.050260,0.558426,0.318630,-0.055927,0.591865,0.357346,-0.022684,0.585988,0.262473,-0.038963,0.585261,0.272002,-0.046722,0.585937,0.314317,-0.049102,0.621394,0.368465,-0.031776,0.625263,0.296806,-0.043832,0.623122,0.300037,-0.048190,0.619564,0.331284,-0.049368
1780386083.520,right,fist,0.661199,0.527526,-0.000000,0.627701,0.511847,-0.025376,0.610350,0.465093,-0.041780,0.634518,0.423613,-0.056188,0.661983,0.398060,-0.068316,0.611918,0.366415,-0.032173,0.618966,0.288875,-0.054844,0.638707,0.315483,-0.068278,0.649030,0.356132,-0.075045,0.643222,0.342803,-0.031809,0.649754,0.252413,-0.052943,0.670713,0.292051,-0.065710,0.676119,0.337331,-0.072237,0.669596,0.338779,-0.033913,0.680190,0.255899,-0.053936,0.697626,0.294702,-0.061568,0.698140,0.342152,-0.063795,0.692739,0.353029,-0.038037,0.706035,0.294081,-0.054256,0.716084,0.312779,-0.058626,0.712005,0.351217,-0.059820
1780386084.023,right,fist,0.700201,0.506861,-0.000000,0.681664,0.499185,-0.039069,0.677141,0.469184,-0.061014,0.702121,0.442354,-0.076077,0.726118,0.424047,-0.087276,0.680798,0.365559,-0.052546,0.726804,0.346548,-0.074722,0.745027,0.398525,-0.081939,0.745362,0.439434,-0.084824,0.706390,0.337001,-0.043779,0.751046,0.306156,-0.069261,0.770363,0.370652,-0.075970,0.769151,0.414522,-0.076764,0.727894,0.329971,-0.037362,0.769120,0.298613,-0.063615,0.784779,0.358884,-0.064764,0.780640,0.398131,-0.060529,0.744562,0.339186,-0.033430,0.777635,0.315821,-0.055742,0.789099,0.355196,-0.058012,0.783266,0.384318,-0.055428
1780386084.561,right,fist,0.716434,0.542967,-0.000000,0.698477,0.524051,-0.044244,0.700004,0.494215,-0.069192,0.726673,0.497122,-0.086248,0.753729,0.513733,-0.098782,0.749518,0.440168,-0.065929,0.793562,0.491485,-0.090616,0.783840,0.549274,-0.093789,0.764415,0.566207,-0.093594,0.779354,0.441461,-0.054789,0.825586,0.490857,-0.084077,0.807130,0.562613,-0.086453,0.786514,0.573447,-0.084063,0.799634,0.455529,-0.045887,0.840662,0.495036,-0.076550,0.820441,0.559117,-0.071764,0.799532,0.569032,-0.062821,0.811408,0.476227,-0.039607,0.845830,0.497590,-0.064203,0.834232,0.543542,-0.063217,0.816790,0.553316,-0.058004
1780386085.091,right,fist,0.688639,0.635804,-0.000000,0.677331,0.588214,-0.027010,0.664541,0.550070,-0.052941,0.645124,0.544339,-0.075031,0.631072,0.556895,-0.096418,0.692963,0.591585,-0.064552,0.644872,0.605993,-0.097102,0.613401,0.608780,-0.115188,0.598175,0.605214,-0.125431,0.695763,0.645493,-0.064568,0.640265,0.669977,-0.095251,0.607377,0.657835,-0.103016,0.598995,0.642447,-0.107657,0.690496,0.691340,-0.064795,0.637071,0.718146,-0.093785,0.606442,0.696448,-0.089513,0.600501,0.671900,-0.083828,0.681350,0.723571,-0.067014,0.637877,0.747986,-0.086106,0.613348,0.731408,-0.081574,0.607940,0.708157,-0.076419
1780386085.643,right,fist,0.561956,0.659958,0.000000,0.563861,0.582473,-0.004186,0.544419,0.520594,-0.012564,0.514341,0.500494,-0.017292,0.489136,0.501081,-0.020629,0.536372,0.550005,-0.052327,0.483256,0.491835,-0.066544,0.477959,0.480056,-0.061264,0.490510,0.492583,-0.051098,0.517536,0.599775,-0.051595,0.456809,0.538803,-0.066718,0.451717,0.507693,-0.057342,0.465695,0.508860,-0.045259,0.500558,0.639102,-0.047988,0.443291,0.580459,-0.057518,0.442015,0.546480,-0.046169,0.455967,0.539900,-0.033571,0.488610,0.669328,-0.043405,0.444292,0.620716,-0.048951,0.441564,0.589523,-0.041827,0.452442,0.576036,-0.032211
1780386086.157,right,fist,0.502094,0.584953,-0.000000,0.508637,0.507571,0.012855,0.500777,0.440115,0.011125,0.477032,0.396074,0.008195,0.452354,0.379967,0.004559,0.497538,0.415277,-0.023377,0.449211,0.352834,-0.029673,0.440483,0.374884,-0.024562,0.447000,0.396696,-0.018873,0.477221,0.445209,-0.033669,0.425599,0.362567,-0.042139,0.422554,0.389067,-0.032971,0.434679,0.415326,-0.024202,0.457190,0.480418,-0.040529,0.409891,0.397323,-0.046244,0.410455,0.421054,-0.031801,0.423137,0.442468,-0.020098,0.439966,0.522509,-0.045316,0.405409,0.448847,-0.046747,0.407475,0.458331,-0.034289,0.417894,0.475037,-0.023695
1780386086.703,right,fist,0.503814,0.556821,-0.000000,0.462747,0.542779,0.002788,0.438707,0.483403,0.005108,0.435438,0.432221,0.001857,0.441585,0.401935,-0.000487,0.443097,0.417351,0.020230,0.420096,0.353997,0.007558,0.411811,0.395693,-0.001634,0.421899,0.438664,-0.005350,0.452583,0.403332,0.011543,0.424754,0.328309,-0.004521,0.413228,0.377975,-0.012587,0.424056,0.424145,-0.012199,0.467251,0.392951,0.000064,0.440206,0.314924,-0.013944,0.424990,0.360462,-0.018143,0.431562,0.404184,-0.016016,0.485655,0.386490,-0.011822,0.458216,0.339391,-0.020300,0.443526,0.372568,-0.020990,0.447773,0.411868,-0.018706
1780386087.277,right,fist,0.539288,0.514256,-0.000000,0.496853,0.501609,0.000541,0.468631,0.449846,0.001260,0.464838,0.397395,-0.003277,0.468275,0.359760,-0.006856,0.467804,0.391814,0.017500,0.438755,0.341336,0.001296,0.439610,0.378401,-0.010419,0.452808,0.412658,-0.015148,0.479999,0.372660,0.009935,0.450392,0.310939,-0.007939,0.449619,0.363165,-0.016857,0.461231,0.401857,-0.017228,0.496119,0.359230,-0.000740,0.468174,0.293899,-0.014869,0.463548,0.346373,-0.016818,0.472399,0.387118,-0.013148,0.516086,0.350540,-0.012236,0.490842,0.312889,-0.018477,0.480395,0.342887,-0.017504,0.482701,0.371069,-0.014334
1780386087.801,right,fist,0.594959,0.469450,-0.000000,0.559563,0.465402,-0.011468,0.525114,0.425669,-0.016837,0.512615,0.376113,-0.023419,0.502187,0.338822,-0.027526,0.503449,0.371572,0.000810,0.485102,0.323236,-0.018776,0.504418,0.345036,-0.030212,0.520818,0.371422,-0.033965,0.522384,0.342368,-0.001684,0.506109,0.290997,-0.020479,0.527992,0.336763,-0.025893,0.538009,0.366650,-0.023865,0.545527,0.322849,-0.007683,0.533198,0.272447,-0.026649,0.549625,0.325615,-0.022113,0.555890,0.359635,-0.013233,0.570483,0.313642,-0.014840,0.559256,0.277820,-0.025799,0.566930,0.316834,-0.019019,0.570343,0.343940,-0.010275
1780386088.311,right,fist,0.642581,0.431829,-0.000000,0.642710,0.447138,-0.040043,0.651994,0.431272,-0.057858,0.677746,0.396767,-0.066078,0.700924,0.361992,-0.068588,0.650527,0.304692,-0.052754,0.710915,0.331228,-0.070999,0.710775,0.370643,-0.074957,0.698595,0.382456,-0.078052,0.663540,0.270998,-0.038724,0.721140,0.329759,-0.057729,0.711127,0.376809,-0.058471,0.691705,0.381946,-0.058812,0.677341,0.259698,-0.027233,0.726353,0.323581,-0.045947,0.715510,0.367094,-0.042878,0.696437,0.372706,-0.039677,0.689065,0.265455,-0.018995,0.722251,0.312294,-0.037598,0.718307,0.345965,-0.042132,0.704063,0.355218,-0.042605
1780386088.823,right,fist,0.679110,0.439913,0.000000,0.663927,0.498861,-0.048769,0.671956,0.541601,-0.076692,0.700280,0.560479,-0.091346,0.725494,0.562476,-0.100125,0.728767,0.462957,-0.095483,0.752514,0.590112,-0.113764,0.725596,0.599378,-0.110467,0.711813,0.568105,-0.107770,0.759099,0.443015,-0.075857,0.772677,0.583445,-0.094390,0.746901,0.581311,-0.086842,0.737027,0.541229,-0.082108,0.776801,0.439659,-0.055999,0.781470,0.567110,-0.067887,0.759262,0.563809,-0.058678,0.752943,0.531223,-0.054341,0.785265,0.445615,-0.039403,0.784175,0.543249,-0.048752,0.766310,0.545288,-0.047936,0.760996,0.521080,-0.047730
1780386089.349,right,fist,0.684067,0.566289,-0.000000,0.635542,0.554688,-0.005112,0.586878,0.597369,-0.015729,0.569644,0.674220,-0.023521,0.575187,0.734761,-0.030238,0.585306,0.609972,-0.044823,0.550168,0.716497,-0.058978,0.563707,0.696176,-0.060219,0.578341,0.664999,-0.057977,0.617103,0.649812,-0.047447,0.573076,0.750412,-0.056778,0.581952,0.725034,-0.050890,0.598011,0.693264,-0.046532,0.644986,0.685111,-0.047994,0.602997,0.762708,-0.051745,0.608309,0.735454,-0.038897,0.620949,0.708286,-0.031225,0.668452,0.714065,-0.048287,0.629091,0.764149,-0.048214,0.632772,0.739681,-0.036719,0.643891,0.719266,-0.029152
1780386089.877,right,fist,0.548103,0.722244,-0.000000,0.543503,0.626659,0.000187,0.521877,0.552203,-0.003203,0.483232,0.526560,-0.003635,0.458211,0.541811,-0.001600,0.489195,0.570834,-0.027958,0.444093,0.509574,-0.029076,0.459468,0.523701,-0.020929,0.474306,0.545325,-0.013694,0.467210,0.621920,-0.027792,0.427235,0.551863,-0.024794,0.443465,0.558486,-0.014215,0.457501,0.577534,-0.007575,0.451096,0.667064,-0.024851,0.424093,0.600083,-0.017840,0.439489,0.600445,-0.006732,0.452101,0.619002,-0.002192,0.441669,0.704638,-0.021447,0.430648,0.645321,-0.014936,0.444077,0.645559,-0.005967,0.452202,0.662760,-0.000370
1780386090.399,right,fist,0.544810,0.666129,-0.000000,0.568809,0.591074,0.003073,0.568201,0.513405,-0.003996,0.538852,0.465028,-0.010488,0.510445,0.453465,-0.016695,0.569275,0.503407,-0.029996,0.530563,0.414271,-0.040436,0.530264,0.438913,-0.041627,0.539119,0.469566,-0.040020,0.536988,0.530440,-0.035092,0.504306,0.433975,-0.040601,0.508678,0.456283,-0.034932,0.516595,0.487119,-0.031003,0.506270,0.553745,-0.037744,0.482157,0.467161,-0.037753,0.489799,0.487125,-0.026021,0.496962,0.513245,-0.019590,0.479713,0.575065,-0.039620,0.469297,0.505215,-0.036349,0.478364,0.521116,-0.024740,0.483604,0.543264,-0.017190
1780386090.906,right,fist,0.555730,0.681458,-0.000001,0.527085,0.598776,0.000968,0.528334,0.520664,0.000606,0.535106,0.470101,-0.003920,0.541658,0.426886,-0.005578,0.592613,0.460976,0.018256,0.551266,0.412369,-0.000025,0.530429,0.451582,-0.011676,0.528966,0.486065,-0.016784,0.606687,0.469727,0.008994,0.551607,0.421540,-0.011675,0.531797,0.479987,-0.016708,0.539379,0.513330,-0.014129,0.613512,0.489188,-0.003760,0.555535,0.453102,-0.023151,0.542572,0.511653,-0.018402,0.555713,0.539541,-0.009800,0.612325,0.516236,-0.017499,0.564699,0.489302,-0.029528,0.555135,0.526689,-0.026061,0.566109,0.549170,-0.019178
1780386091.453,right,fist,0.652568,0.686299,-0.000000,0.604510,0.656764,-0.006659,0.576528,0.578766,-0.006450,0.574534,0.511087,-0.009002,0.571496,0.465510,-0.008324,0.580666,0.516916,0.012954,0.566097,0.450878,-0.007002,0.579422,0.501906,-0.016859,0.589144,0.541573,-0.018608,0.604112,0.504389,0.008333,0.592115,0.441332,-0.012099,0.604172,0.511954,-0.015869,0.610162,0.545139,-0.010827,0.630688,0.502189,-0.000521,0.619445,0.444323,-0.021184,0.626584,0.515073,-0.013642,0.630862,0.547703,-0.001196,0.659176,0.508108,-0.010349,0.645712,0.465777,-0.021275,0.646787,0.514939,-0.012400,0.650505,0.540488,-0.001311
1780386091.998,right,fist,0.686575,0.668067,-0.000000,0.662647,0.659434,-0.034668,0.639943,0.629290,-0.053910,0.639531,0.591339,-0.067530,0.652219,0.559663,-0.076027,0.614546,0.502942,-0.032524,0.637919,0.496007,-0.054486,0.655242,0.543028,-0.063662,0.658844,0.568263,-0.067924,0.642548,0.477079,-0.025892,0.669216,0.476971,-0.050085,0.682208,0.544566,-0.054630,0.677734,0.564705,-0.052862,0.671845,0.471112,-0.023055,0.699289,0.476925,-0.047531,0.704691,0.539559,-0.043508,0.696506,0.557868,-0.035636,0.699415,0.480098,-0.023177,0.721237,0.487591,-0.039235,0.721987,0.534763,-0.036152,0.711631,0.550395,-0.029825
1780386092.510,right,fist,0.719936,0.674446,-0.000000,0.686931,0.704406,-0.048037,0.672217,0.708585,-0.075985,0.695447,0.709036,-0.093292,0.720718,0.695871,-0.104334,0.696911,0.579406,-0.076072,0.744439,0.680509,-0.098843,0.733447,0.715078,-0.101630,0.718460,0.699459,-0.105000,0.729825,0.546312,-0.062593,0.770896,0.681282,-0.087480,0.750992,0.718706,-0.085743,0.734109,0.691699,-0.085349,0.758123,0.541073,-0.051384,0.790926,0.673381,-0.073655,0.771035,0.699370,-0.065997,0.754778,0.670725,-0.061604,0.778323,0.553250,-0.044610,0.799551,0.654023,-0.068000,0.786947,0.684619,-0.072779,0.773014,0.672413,-0.074310
1780386093.019,right,fist,0.666348,0.636866,-0.000000,0.635570,0.670253,-0.046960,0.628068,0.719614,-0.080725,0.640332,0.774145,-0.102892,0.653716,0.804675,-0.120073,0.665206,0.695630,-0.110019,0.657168,0.839114,-0.139955,0.642248,0.817265,-0.144252,0.641954,0.771021,-0.146005,0.704913,0.693504,-0.096279,0.685540,0.843959,-0.122643,0.671486,0.816063,-0.114747,0.672603,0.766302,-0.110654,0.732987,0.700420,-0.082591,0.714399,0.837457,-0.099856,0.700671,0.812116,-0.089361,0.701051,0.769231,-0.084875,0.751227,0.714720,-0.072431,0.736498,0.810081,-0.086000,0.723511,0.793936,-0.085806,0.722710,0.760360,-0.086838
1780386093.595,right,fist,0.629501,0.750755,-0.000000,0.611800,0.671720,0.002267,0.572930,0.622054,-0.001563,0.534221,0.621260,-0.004821,0.510358,0.648871,-0.007353,0.561712,0.596292,-0.021416,0.500858,0.596991,-0.027972,0.511113,0.617198,-0.027282,0.528751,0.623295,-0.024940,0.554611,0.651549,-0.025863,0.493230,0.642501,-0.030185,0.506140,0.655934,-0.024927,0.524773,0.661908,-0.020560,0.547933,0.707376,-0.028542,0.493828,0.689256,-0.029657,0.508278,0.696670,-0.019013,0.525777,0.702083,-0.012139,0.543486,0.758869,-0.030584,0.503795,0.729800,-0.029669,0.516283,0.734185,-0.019551,0.531324,0.742308,-0.012004
1780386094.138,right,fist,0.586815,0.722801,-0.000000,0.615493,0.653101,0.005028,0.621326,0.578404,-0.002081,0.601783,0.523922,-0.009275,0.575475,0.503674,-0.016342,0.622232,0.561881,-0.029814,0.592950,0.460031,-0.041356,0.592717,0.488963,-0.043616,0.600256,0.524109,-0.042318,0.588165,0.579365,-0.036242,0.566144,0.472034,-0.041876,0.569270,0.501073,-0.035784,0.575569,0.536388,-0.031423,0.556769,0.594416,-0.040178,0.543305,0.495194,-0.040219,0.549427,0.520954,-0.027421,0.555512,0.551169,-0.020042,0.530452,0.608491,-0.043244,0.528870,0.529489,-0.040151,0.536577,0.548435,-0.027377,0.540707,0.573421,-0.018605
1780386094.677,right,fist,0.591963,0.652782,-0.000000,0.567821,0.558639,0.002629,0.579940,0.495238,-0.001673,0.592432,0.447545,-0.008690,0.603402,0.412901,-0.014348,0.650952,0.475521,-0.000618,0.616974,0.399847,-0.014120,0.593319,0.420548,-0.022181,0.588958,0.450298,-0.026971,0.653310,0.483625,-0.009290,0.606423,0.395450,-0.023244,0.583384,0.427056,-0.024672,0.587491,0.460093,-0.024388,0.644574,0.498223,-0.019019,0.594625,0.416385,-0.031003,0.576006,0.447609,-0.025018,0.583377,0.477446,-0.020475,0.626717,0.511631,-0.029262,0.584164,0.455334,-0.039418,0.571997,0.477527,-0.037934,0.580056,0.502377,-0.035552
1780386095.186,right,fist,0.666947,0.717129,-0.000000,0.630179,0.668084,0.002290,0.618445,0.587823,0.004736,0.637110,0.541184,0.002166,0.658493,0.519455,0.000320,0.636357,0.537621,0.018336,0.629588,0.468461,0.003647,0.621058,0.504026,-0.005068,0.621641,0.544403,-0.007893,0.655700,0.537152,0.010169,0.651199,0.466595,-0.007085,0.640433,0.523316,-0.012021,0.641638,0.567443,-0.008636,0.676804,0.546602,-0.000924,0.669730,0.478594,-0.017184,0.658306,0.538668,-0.013864,0.659555,0.580805,-0.005565,0.699279,0.564526,-0.012346,0.685469,0.517082,-0.021984,0.674480,0.557243,-0.017346,0.676913,0.589957,-0.010368
1780386095.722,right,fist,0.716544,0.617715,-0.000000,0.675708,0.586859,-0.006552,0.650744,0.515698,-0.005011,0.654530,0.456162,-0.005875,0.661230,0.417700,-0.004253,0.650142,0.481820,0.015213,0.642504,0.416346,0.001326,0.654320,0.444226,-0.007345,0.661891,0.475553,-0.009767,0.671058,0.467926,0.013015,0.665635,0.406317,-0.000730,0.674702,0.451333,-0.006150,0.676971,0.481001,-0.004733,0.693160,0.462920,0.007083,0.688767,0.406588,-0.006228,0.692936,0.456500,-0.003608,0.693080,0.489002,0.002995,0.715551,0.464459,-0.000030,0.709183,0.425952,-0.006458,0.709193,0.460787,-0.001384,0.709196,0.486007,0.005126
1780386096.232,right,fist,0.726156,0.581092,-0.000000,0.684783,0.554230,-0.005494,0.657357,0.488769,-0.003217,0.661512,0.431060,-0.003691,0.670855,0.397835,-0.002172,0.650321,0.464414,0.019252,0.638658,0.401809,0.007058,0.654485,0.411377,-0.003771,0.667856,0.437643,-0.008367,0.669688,0.443430,0.017036,0.658484,0.384873,0.003919,0.674765,0.410765,-0.006183,0.684159,0.444409,-0.008663,0.691250,0.431955,0.011372,0.680147,0.377318,-0.000977,0.691531,0.413382,-0.003630,0.697682,0.452684,-0.000992,0.713600,0.427537,0.004621,0.704015,0.388713,-0.002947,0.707988,0.415560,-0.001903,0.711195,0.446295,0.001530
1780386096.744,right,fist,0.725026,0.609413,-0.000000,0.685602,0.579018,-0.008418,0.660095,0.504564,-0.007964,0.666736,0.441544,-0.009732,0.676580,0.403911,-0.009287,0.650651,0.477955,0.016873,0.639163,0.411979,0.004078,0.655288,0.427238,-0.007405,0.668514,0.456583,-0.012838,0.671029,0.458809,0.015019,0.660815,0.394650,0.001191,0.676068,0.424352,-0.009715,0.684673,0.459179,-0.013106,0.693582,0.450744,0.009348,0.685189,0.386468,-0.003709,0.694023,0.423737,-0.007772,0.698711,0.464803,-0.006642,0.717064,0.449726,0.002327,0.709268,0.409139,-0.005879,0.711832,0.438212,-0.006120,0.714537,0.468733,-0.004186
1780386097.279,right,fist,0.727996,0.612809,-0.000000,0.691633,0.584696,-0.010658,0.667879,0.514600,-0.012584,0.670469,0.452090,-0.015993,0.672758,0.407604,-0.016866,0.654008,0.477239,0.011125,0.645594,0.410446,-0.004509,0.662158,0.432648,-0.016561,0.674742,0.464513,-0.021658,0.675920,0.458301,0.009744,0.667908,0.391546,-0.005875,0.683140,0.431396,-0.014666,0.690728,0.467816,-0.015992,0.699934,0.451878,0.004485,0.693601,0.388703,-0.010374,0.702209,0.433742,-0.010540,0.705804,0.473361,-0.006208,0.724731,0.454636,-0.002186,0.717496,0.411624,-0.010697,0.720049,0.445811,-0.007490,0.721441,0.476015,-0.002603
1780386097.801,right,fist,0.723065,0.662506,-0.000000,0.696998,0.643210,-0.023051,0.682766,0.582698,-0.032966,0.691588,0.531986,-0.039955,0.696491,0.496014,-0.043324,0.667630,0.509555,-0.017698,0.680779,0.461729,-0.037442,0.697142,0.508248,-0.047339,0.701646,0.551338,-0.050763,0.697292,0.493526,-0.014189,0.706751,0.446163,-0.036721,0.720321,0.516198,-0.041156,0.719199,0.561648,-0.038265,0.725166,0.493301,-0.014050,0.734411,0.445260,-0.037272,0.740835,0.514286,-0.031560,0.735463,0.557939,-0.021454,0.748765,0.504987,-0.015501,0.757181,0.471838,-0.032138,0.756007,0.520107,-0.027084,0.746581,0.550972,-0.018857
1780388580.750,left,fist,0.453152,0.708015,-0.000000,0.439142,0.643870,-0.002664,0.448537,0.579390,-0.011621,0.471038,0.541779,-0.019299,0.491618,0.528775,-0.025009,0.448511,0.595861,-0.037347,0.490846,0.524275,-0.050340,0.484300,0.543402,-0.049728,0.472357,0.568163,-0.046166,0.467791,0.630454,-0.040859,0.507020,0.546856,-0.051613,0.498344,0.562445,-0.044164,0.486048,0.590520,-0.037299,0.486771,0.658795,-0.042908,0.516750,0.581286,-0.047039,0.506815,0.594244,-0.033488,0.496035,0.617958,-0.024019,0.504250,0.682773,-0.044988,0.522532,0.616929,-0.043115,0.512927,0.625247,-0.031773,0.504881,0.646693,-0.024142
1780388581.275,left,fist,0.438036,0.709584,-0.000000,0.422415,0.648773,-0.003909,0.428751,0.581155,-0.017014,0.450993,0.543369,-0.028950,0.473119,0.531578,-0.038963,0.422724,0.592309,-0.044852,0.467864,0.514390,-0.061921,0.467670,0.533919,-0.063722,0.456737,0.560893,-0.061324,0.441241,0.629744,-0.049919,0.485088,0.539352,-0.064586,0.481512,0.557242,-0.057275,0.469692,0.587667,-0.050306,0.462285,0.659581,-0.053584,0.498420,0.572591,-0.059849,0.492297,0.584845,-0.045099,0.480910,0.608796,-0.034615,0.483813,0.683073,-0.057463,0.505886,0.609146,-0.055386,0.498236,0.616427,-0.042524,0.488545,0.637666,-0.033946
1780388581.826,left,fist,0.438397,0.724253,-0.000000,0.416276,0.653248,-0.009721,0.425349,0.579005,-0.021570,0.456063,0.545013,-0.029125,0.483343,0.553072,-0.034977,0.428474,0.624471,-0.053430,0.468246,0.535306,-0.065681,0.457625,0.551530,-0.062829,0.445881,0.580964,-0.057888,0.456960,0.662099,-0.051836,0.489794,0.554464,-0.062956,0.476510,0.566795,-0.054954,0.464662,0.602660,-0.047262,0.482412,0.686241,-0.047950,0.506417,0.579882,-0.051637,0.492289,0.587253,-0.039519,0.481924,0.616689,-0.030841,0.503303,0.700645,-0.044144,0.511360,0.617070,-0.043196,0.497824,0.620809,-0.034227,0.492001,0.645132,-0.028176
1780388582.379,left,fist,0.421688,0.725444,-0.000000,0.397206,0.652321,-0.005521,0.396034,0.579614,-0.010600,0.420445,0.542894,-0.013712,0.445147,0.551542,-0.015125,0.429843,0.599363,-0.025567,0.448994,0.508045,-0.032562,0.438896,0.527287,-0.030292,0.432706,0.558326,-0.026916,0.459748,0.622192,-0.024061,0.469470,0.530523,-0.029045,0.455902,0.547859,-0.023696,0.449188,0.576303,-0.018901,0.481546,0.638866,-0.021580,0.481974,0.559765,-0.024581,0.469721,0.574068,-0.017738,0.464353,0.598340,-0.012742,0.496119,0.652203,-0.019000,0.492840,0.584681,-0.021727,0.481285,0.594681,-0.016623,0.476862,0.616869,-0.011988
1780388582.898,left,fist,0.421204,0.704663,-0.000000,0.411764,0.637297,-0.000774,0.417152,0.577430,-0.011151,0.439587,0.546848,-0.022104,0.462447,0.545640,-0.031661,0.412921,0.543537,-0.025556,0.459903,0.505106,-0.037780,0.465286,0.531008,-0.042070,0.455858,0.549209,-0.044213,0.428199,0.571387,-0.032896,0.476214,0.534145,-0.041109,0.477330,0.562331,-0.037832,0.463813,0.581829,-0.036403,0.446061,0.604965,-0.039402,0.489364,0.562439,-0.043642,0.487426,0.588407,-0.033830,0.474341,0.608001,-0.028199,0.464278,0.639596,-0.046100,0.494648,0.600109,-0.046280,0.490363,0.617695,-0.037145,0.479150,0.633605,-0.031067
1780388583.451,left,fist,0.414588,0.710716,-0.000000,0.411011,0.649888,-0.000941,0.419810,0.587682,-0.009594,0.442123,0.551485,-0.019442,0.463505,0.539843,-0.027976,0.408892,0.539093,-0.020002,0.465132,0.505704,-0.034984,0.470949,0.537155,-0.041443,0.461138,0.555154,-0.044896,0.415688,0.561524,-0.027731,0.476309,0.537919,-0.038344,0.477076,0.571179,-0.037305,0.464212,0.585851,-0.037003,0.427001,0.593066,-0.035449,0.482525,0.573193,-0.042303,0.479415,0.603016,-0.035777,0.465003,0.613993,-0.031896,0.440635,0.627770,-0.043560,0.483711,0.610857,-0.044922,0.481037,0.632878,-0.038305,0.468863,0.642878,-0.033925
1780388583.963,left,fist,0.412595,0.738422,-0.000000,0.456864,0.690469,-0.004192,0.472880,0.633937,-0.011242,0.484417,0.592577,-0.020629,0.493766,0.564530,-0.026854,0.425036,0.533582,-0.000857,0.473632,0.515951,-0.019213,0.477212,0.563857,-0.029200,0.466929,0.582057,-0.034874,0.414547,0.540863,-0.008146,0.474890,0.536674,-0.025118,0.472927,0.589482,-0.027062,0.457942,0.595901,-0.026445,0.411478,0.562237,-0.018042,0.469412,0.568545,-0.032781,0.464899,0.615918,-0.027755,0.448922,0.621101,-0.022771,0.414054,0.591285,-0.029062,0.457860,0.600774,-0.036532,0.456213,0.634213,-0.032691,0.443684,0.639686,-0.029077
1780388584.480,left,fist,0.413165,0.725670,-0.000000,0.457313,0.681664,-0.005567,0.477937,0.630872,-0.013463,0.494029,0.591520,-0.023012,0.498587,0.559005,-0.029192,0.432328,0.527063,-0.003949,0.481653,0.517807,-0.021227,0.484080,0.567830,-0.030434,0.473018,0.582968,-0.035836,0.421493,0.534140,-0.010358,0.481748,0.537274,-0.025987,0.478866,0.590424,-0.027399,0.463947,0.596827,-0.026877,0.417056,0.555951,-0.019167,0.474373,0.567054,-0.032475,0.469562,0.612183,-0.027168,0.454137,0.616752,-0.022392,0.417600,0.586143,-0.029224,0.460803,0.597847,-0.035970,0.458657,0.627854,-0.032278,0.446237,0.631700,-0.028921
1780388584.999,left,fist,0.394017,0.689875,-0.000000,0.385858,0.614891,0.001471,0.401301,0.554939,-0.004322,0.429692,0.532406,-0.010458,0.452605,0.533496,-0.015312,0.405230,0.527698,-0.017760,0.452398,0.491797,-0.027233,0.449735,0.511543,-0.030027,0.437154,0.529715,-0.030407,0.424587,0.562494,-0.023378,0.465039,0.521555,-0.027502,0.459720,0.541578,-0.024078,0.447134,0.561381,-0.022228,0.443030,0.599843,-0.028075,0.474949,0.559059,-0.028254,0.466327,0.578659,-0.018694,0.453599,0.597713,-0.013638,0.458227,0.635736,-0.032756,0.474008,0.602866,-0.029192,0.463597,0.618930,-0.019162,0.454015,0.634653,-0.012827
1780388585.517,left,fist,0.391042,0.708475,-0.000000,0.369587,0.626029,-0.002516,0.369924,0.549564,-0.006220,0.393413,0.511423,-0.008630,0.415701,0.522379,-0.009706,0.409665,0.565651,-0.021379,0.429027,0.478957,-0.025106,0.416751,0.496737,-0.021753,0.409349,0.526683,-0.018684,0.438172,0.594464,-0.021004,0.446786,0.512008,-0.021525,0.432175,0.527527,-0.015221,0.424898,0.554273,-0.011551,0.457677,0.618250,-0.019364,0.457843,0.544904,-0.019033,0.445331,0.557449,-0.012331,0.438662,0.581234,-0.009057,0.469804,0.637755,-0.017424,0.466820,0.576029,-0.018432,0.456049,0.585457,-0.013496,0.451076,0.607118,-0.009731
1780388586.028,left,fist,0.387924,0.706643,-0.000000,0.365185,0.624312,-0.001946,0.366271,0.548880,-0.003578,0.389696,0.514400,-0.003977,0.410834,0.532030,-0.003077,0.406561,0.561913,-0.016665,0.420931,0.483907,-0.017764,0.408379,0.501617,-0.013518,0.401383,0.530739,-0.010364,0.434414,0.587956,-0.015871,0.440005,0.511956,-0.015111,0.426007,0.525944,-0.009581,0.419379,0.553307,-0.006378,0.453795,0.610994,-0.013790,0.451256,0.546485,-0.012571,0.439403,0.557138,-0.007597,0.433640,0.581568,-0.005438,0.465810,0.631088,-0.011461,0.462543,0.577292,-0.012302,0.452213,0.585981,-0.008914,0.447580,0.608141,-0.006252
1780388586.582,left,fist,0.384942,0.696825,-0.000000,0.368642,0.621074,0.001522,0.369977,0.553110,-0.003614,0.385412,0.499530,-0.008512,0.403855,0.476588,-0.011359,0.381881,0.535233,-0.018787,0.422137,0.482541,-0.026437,0.418084,0.501580,-0.025508,0.406093,0.524178,-0.022801,0.406181,0.565371,-0.022590,0.438769,0.507034,-0.025412,0.432207,0.526523,-0.019433,0.420501,0.551844,-0.015151,0.428376,0.597810,-0.025192,0.450669,0.544415,-0.024140,0.442935,0.561439,-0.014048,0.432363,0.584215,-0.008509,0.446639,0.629039,-0.027538,0.452206,0.591263,-0.024672,0.443955,0.604140,-0.016522,0.437917,0.621078,-0.010931
1780388587.104,left,fist,0.424601,0.741014,-0.000000,0.469897,0.687453,-0.004772,0.483545,0.622175,-0.009429,0.486180,0.574701,-0.015225,0.486639,0.530877,-0.017590,0.438710,0.539523,-0.003695,0.491043,0.524009,-0.021809,0.496929,0.578490,-0.031436,0.487575,0.604225,-0.036577,0.427182,0.545412,-0.009412,0.489313,0.544347,-0.026999,0.490704,0.599614,-0.030262,0.477242,0.616217,-0.030073,0.422302,0.565644,-0.017434,0.481101,0.580124,-0.032845,0.479309,0.627479,-0.029695,0.464792,0.636486,-0.025417,0.422750,0.594094,-0.026353,0.466638,0.609960,-0.035505,0.465523,0.642698,-0.033539,0.452841,0.648226,-0.030742
1780388587.617,left,fist,0.405190,0.643120,-0.000000,0.434448,0.625182,-0.004599,0.454042,0.585680,-0.007002,0.455056,0.554869,-0.010233,0.449265,0.535676,-0.011310,0.435532,0.512192,-0.000493,0.462239,0.513488,-0.011718,0.461143,0.549182,-0.016444,0.455340,0.567777,-0.017925,0.420902,0.507608,-0.003319,0.449508,0.525688,-0.014900,0.444874,0.565537,-0.016224,0.437533,0.576010,-0.014398,0.408445,0.515034,-0.007923,0.435986,0.539832,-0.019400,0.431141,0.576212,-0.017089,0.423909,0.582479,-0.012713,0.398292,0.529678,-0.013136,0.422061,0.548830,-0.019142,0.419024,0.574310,-0.016498,0.411155,0.578554,-0.012755
1780388588.151,left,fist,0.420375,0.595600,-0.000000,0.438821,0.577999,-0.001887,0.450993,0.549617,-0.003191,0.451269,0.527572,-0.005871,0.446958,0.513336,-0.007329,0.438450,0.506553,0.004290,0.450872,0.493138,-0.003354,0.452071,0.515330,-0.007465,0.449098,0.529546,-0.008826,0.428618,0.503527,0.001829,0.443426,0.500503,-0.004823,0.442299,0.527879,-0.006380,0.436957,0.532025,-0.005833,0.419918,0.505937,-0.002116,0.435757,0.506000,-0.009393,0.434198,0.531275,-0.007964,0.427869,0.534958,-0.005255,0.411353,0.512358,-0.006363,0.426269,0.513095,-0.010264,0.426335,0.531861,-0.007859,0.420587,0.536041,-0.004918
1780388588.692,left,fist,0.436242,0.564045,-0.000000,0.452597,0.533642,-0.000506,0.455069,0.505517,-0.002312,0.455460,0.485427,-0.004728,0.455508,0.469630,-0.005858,0.432179,0.475957,-0.001210,0.457612,0.465107,-0.007498,0.459057,0.484343,-0.011167,0.453460,0.493709,-0.013749,0.430029,0.480007,-0.004225,0.460086,0.471269,-0.009626,0.460014,0.492410,-0.009750,0.453746,0.499334,-0.009709,0.431705,0.489667,-0.007951,0.460155,0.483899,-0.012153,0.458890,0.503312,-0.009799,0.452146,0.508724,-0.008345,0.436216,0.502290,-0.012051,0.457644,0.500762,-0.014597,0.456570,0.514618,-0.013523,0.450712,0.517889,-0.012764
1780388589.241,left,fist,0.466635,0.566908,-0.000000,0.458005,0.537820,0.001327,0.456348,0.504534,-0.002184,0.460768,0.479959,-0.006458,0.466900,0.469468,-0.009866,0.448935,0.483535,-0.008930,0.471412,0.454302,-0.014920,0.475114,0.468789,-0.016413,0.470199,0.478769,-0.017140,0.453962,0.492530,-0.013391,0.479193,0.465125,-0.017534,0.480573,0.481050,-0.015628,0.474448,0.489990,-0.014713,0.461947,0.504033,-0.017621,0.485190,0.481120,-0.019854,0.485127,0.496034,-0.015761,0.478901,0.503173,-0.013700,0.471375,0.516614,-0.021945,0.490478,0.497946,-0.021475,0.489750,0.510775,-0.017777,0.483890,0.518415,-0.015670
1780388589.759,left,fist,0.493971,0.556125,-0.000000,0.485938,0.522460,0.000186,0.485571,0.493225,-0.003826,0.493172,0.477176,-0.008260,0.503783,0.475414,-0.011955,0.480222,0.474978,-0.008704,0.501358,0.452642,-0.014098,0.502175,0.466608,-0.016289,0.495688,0.474965,-0.017833,0.489346,0.481918,-0.012296,0.510466,0.463114,-0.016356,0.508622,0.477849,-0.016203,0.500959,0.487571,-0.016448,0.500574,0.492029,-0.015586,0.516708,0.478477,-0.017516,0.513208,0.492036,-0.014992,0.505588,0.501101,-0.013933,0.512370,0.504137,-0.018955,0.521445,0.494020,-0.018651,0.517160,0.505575,-0.015679,0.510729,0.513647,-0.013976
1780388590.307,left,fist,0.488309,0.523345,-0.000000,0.471028,0.494374,0.000999,0.465699,0.462575,-0.000101,0.473373,0.441474,-0.001707,0.484912,0.435776,-0.002693,0.470106,0.434448,-0.002377,0.480797,0.409939,-0.004162,0.483574,0.420748,-0.004903,0.481444,0.432825,-0.005146,0.485136,0.434826,-0.004359,0.492095,0.420507,-0.003324,0.492701,0.431713,-0.002694,0.490031,0.443936,-0.002718,0.498984,0.441620,-0.006052,0.500289,0.440579,-0.003800,0.499462,0.451000,-0.001840,0.496678,0.461662,-0.001400,0.510352,0.451404,-0.007892,0.509150,0.451843,-0.004763,0.507094,0.460957,-0.001367,0.504628,0.469606,0.000885
1780388590.812,left,fist,0.419006,0.501579,-0.000000,0.393929,0.470412,-0.000293,0.387121,0.430299,-0.001191,0.396250,0.399838,-0.002009,0.407996,0.388386,-0.002144,0.402328,0.403262,-0.005824,0.408934,0.360571,-0.007672,0.408681,0.375468,-0.007776,0.407200,0.393043,-0.007311,0.421452,0.406257,-0.006552,0.422544,0.373400,-0.004416,0.419443,0.386430,-0.001922,0.416694,0.402765,-0.000926,0.436565,0.415087,-0.006972,0.431284,0.399008,-0.003487,0.428347,0.410062,-0.000014,0.426848,0.423642,0.000922,0.448578,0.426296,-0.007532,0.441225,0.415116,-0.003512,0.437509,0.423838,0.001010,0.436303,0.434294,0.003720
1780388591.339,left,fist,0.336319,0.456410,-0.000000,0.372233,0.404684,-0.006077,0.379434,0.339010,-0.009722,0.376531,0.297162,-0.013647,0.371582,0.272812,-0.014648,0.324961,0.267796,-0.005268,0.367168,0.243724,-0.018985,0.380395,0.283247,-0.024420,0.377058,0.306891,-0.026888,0.312234,0.282745,-0.008791,0.364125,0.273770,-0.021755,0.371107,0.318576,-0.022577,0.361161,0.330501,-0.021621,0.309828,0.311135,-0.014241,0.361545,0.309568,-0.026300,0.365185,0.347882,-0.023294,0.354276,0.352919,-0.020074,0.314083,0.344399,-0.020626,0.357875,0.345553,-0.027956,0.360674,0.372895,-0.026796,0.351227,0.378614,-0.024980
1780388591.846,left,fist,0.273975,0.419244,-0.000000,0.300134,0.408328,-0.023443,0.332686,0.363376,-0.032662,0.332295,0.309537,-0.038998,0.316307,0.274940,-0.040457,0.333268,0.274518,-0.013096,0.327934,0.243205,-0.036719,0.316491,0.293315,-0.046441,0.314294,0.315157,-0.049069,0.309152,0.255536,-0.008809,0.299013,0.251245,-0.032664,0.295803,0.310001,-0.035138,0.301201,0.314909,-0.030460,0.284655,0.250947,-0.009389,0.273167,0.270763,-0.032470,0.276193,0.322567,-0.028669,0.284107,0.320437,-0.020253,0.260172,0.253230,-0.012280,0.254895,0.281789,-0.024928,0.258936,0.321093,-0.022921,0.264895,0.319184,-0.017454
1780388592.389,left,fist,0.312715,0.380398,-0.000000,0.326138,0.394992,-0.032646,0.347731,0.382878,-0.047338,0.354860,0.345978,-0.055969,0.351022,0.310818,-0.060054,0.374430,0.298742,-0.032014,0.346276,0.285628,-0.053204,0.333599,0.314705,-0.061240,0.335356,0.325852,-0.064466,0.358961,0.269696,-0.023221,0.324588,0.272573,-0.045031,0.319003,0.317475,-0.046648,0.329717,0.323253,-0.043635,0.339884,0.257703,-0.018370,0.307971,0.270414,-0.039497,0.306444,0.312565,-0.034707,0.317617,0.318949,-0.027461,0.320199,0.257089,-0.016619,0.298646,0.272142,-0.032728,0.299412,0.306467,-0.032742,0.309467,0.315068,-0.028738
1780388592.913,left,fist,0.477153,0.359804,-0.000000,0.471350,0.375414,-0.033095,0.463183,0.359453,-0.049794,0.448262,0.329909,-0.059624,0.436474,0.304152,-0.066825,0.501044,0.299712,-0.043135,0.465999,0.293410,-0.061684,0.451214,0.312521,-0.070854,0.449986,0.327252,-0.075772,0.499250,0.273029,-0.031943,0.460432,0.272696,-0.049071,0.447407,0.297563,-0.052801,0.448939,0.312163,-0.054296,0.493076,0.259262,-0.023089,0.457575,0.262463,-0.038914,0.448001,0.285666,-0.037725,0.449669,0.300767,-0.035354,0.486068,0.254376,-0.016932,0.460095,0.258715,-0.030285,0.453308,0.280234,-0.031500,0.455257,0.294280,-0.029940
1780388593.567,left,fist,0.612041,0.352834,-0.000000,0.633811,0.364682,-0.026634,0.654930,0.344996,-0.039591,0.664890,0.307010,-0.048618,0.672124,0.271912,-0.055282,0.686579,0.271131,-0.025335,0.680276,0.235881,-0.045554,0.661036,0.257432,-0.057258,0.650335,0.283934,-0.062540,0.670330,0.243613,-0.019078,0.659571,0.212353,-0.040040,0.644308,0.244992,-0.047036,0.638166,0.273806,-0.047450,0.651111,0.231622,-0.015934,0.638741,0.209496,-0.035600,0.628974,0.243752,-0.035378,0.627381,0.272165,-0.030585,0.631549,0.231806,-0.015009,0.621982,0.220385,-0.030281,0.616172,0.247696,-0.030658,0.616588,0.270076,-0.026614
1780388594.118,left,fist,0.695919,0.293024,-0.000000,0.725723,0.287879,-0.017823,0.757114,0.262251,-0.025609,0.770012,0.220397,-0.032447,0.770909,0.182427,-0.036756,0.773023,0.189910,-0.009309,0.780347,0.141729,-0.029748,0.765474,0.161415,-0.041511,0.754665,0.189017,-0.045641,0.751531,0.173523,-0.007143,0.751393,0.134119,-0.029004,0.739277,0.172940,-0.035919,0.736649,0.201759,-0.034953,0.729919,0.166635,-0.008449,0.726158,0.144008,-0.029419,0.720006,0.184547,-0.028888,0.720866,0.210270,-0.022588,0.707657,0.166672,-0.011332,0.707133,0.154252,-0.025003,0.705065,0.185665,-0.023460,0.707455,0.205817,-0.017855
1780388594.633,left,fist,0.745121,0.320379,-0.000000,0.777958,0.319138,-0.009684,0.812218,0.297982,-0.014215,0.826858,0.252956,-0.019593,0.827783,0.211467,-0.022800,0.822867,0.235716,-0.001301,0.843355,0.192055,-0.018182,0.830425,0.216618,-0.027516,0.819852,0.238611,-0.030524,0.803698,0.219260,-0.002802,0.818572,0.178414,-0.020416,0.805883,0.217450,-0.026140,0.799050,0.240640,-0.025136,0.783972,0.210340,-0.006815,0.794133,0.183026,-0.024445,0.784616,0.226233,-0.021170,0.779015,0.249069,-0.013544,0.762231,0.205974,-0.011641,0.770979,0.189118,-0.021964,0.767773,0.221351,-0.017076,0.765162,0.239492,-0.009727
1780388595.166,left,fist,0.758764,0.332461,-0.000000,0.794480,0.333512,-0.005845,0.824693,0.309516,-0.007771,0.836115,0.266906,-0.011307,0.839341,0.231970,-0.012913,0.832212,0.268402,0.004162,0.852164,0.231108,-0.009472,0.839732,0.254141,-0.017797,0.827841,0.273151,-0.020629,0.815504,0.251942,0.001953,0.832501,0.218495,-0.012295,0.820981,0.249064,-0.018301,0.811684,0.268109,-0.018430,0.798277,0.240314,-0.002566,0.811819,0.218488,-0.016736,0.802400,0.253226,-0.015375,0.793967,0.272292,-0.009863,0.779722,0.231486,-0.007671,0.791679,0.217784,-0.015265,0.788390,0.241195,-0.011550,0.783151,0.254204,-0.005923
1780388595.675,left,fist,0.789714,0.376318,-0.000000,0.821481,0.387292,-0.004461,0.847630,0.367210,-0.005543,0.859438,0.331692,-0.007985,0.868841,0.305473,-0.008607,0.855178,0.319228,0.004284,0.873997,0.298940,-0.007765,0.867001,0.323564,-0.014683,0.856567,0.338997,-0.017445,0.842456,0.302780,0.001778,0.861006,0.285809,-0.010552,0.851315,0.321261,-0.014440,0.841986,0.335343,-0.013997,0.829187,0.292773,-0.003000,0.845115,0.293979,-0.016378,0.834855,0.327284,-0.014730,0.826053,0.333784,-0.010177,0.814314,0.288171,-0.008251,0.827868,0.302438,-0.016727,0.821044,0.323527,-0.015044,0.813951,0.320919,-0.011769
1780388596.178,left,fist,0.815026,0.541368,-0.000000,0.844816,0.559527,-0.005124,0.871105,0.543107,-0.007893,0.886505,0.517107,-0.011844,0.895370,0.489879,-0.013532,0.876632,0.480553,0.000813,0.902844,0.483979,-0.013413,0.894151,0.513170,-0.021188,0.883253,0.521166,-0.024436,0.868873,0.465304,-0.002025,0.894936,0.479907,-0.015855,0.882941,0.509874,-0.019506,0.872383,0.511848,-0.019191,0.859934,0.457402,-0.007234,0.880204,0.491312,-0.020956,0.866641,0.516958,-0.019947,0.857149,0.512341,-0.016297,0.850956,0.457461,-0.013081,0.866556,0.497511,-0.021166,0.855908,0.514571,-0.020168,0.846298,0.505841,-0.017867
1780388596.684,left,fist,0.809090,0.681054,-0.000000,0.835177,0.703803,0.001706,0.856167,0.691505,0.002393,0.870191,0.679020,0.000617,0.880862,0.669497,0.000235,0.862332,0.633907,0.009251,0.880798,0.647035,-0.000117,0.875377,0.670903,-0.005775,0.866690,0.677388,-0.008207,0.859470,0.623706,0.004372,0.880357,0.654310,-0.006510,0.866843,0.677904,-0.009689,0.855632,0.673255,-0.009118,0.855868,0.619101,-0.002149,0.872213,0.659439,-0.013655,0.856627,0.677004,-0.013455,0.845743,0.666133,-0.010359,0.850994,0.618699,-0.008623,0.863078,0.658939,-0.015480,0.852663,0.672161,-0.014703,0.844616,0.662252,-0.012476
1780388597.227,left,fist,0.800847,0.770018,-0.000000,0.822057,0.784347,0.001042,0.836115,0.774383,0.000644,0.846768,0.766099,-0.001216,0.854983,0.755496,-0.001397,0.833525,0.708039,0.006395,0.854478,0.743014,-0.000934,0.846410,0.760893,-0.006581,0.836209,0.757117,-0.010347,0.835641,0.703732,0.002313,0.858060,0.747546,-0.004681,0.847358,0.765870,-0.006602,0.837985,0.759503,-0.007266,0.838362,0.707243,-0.003018,0.858963,0.753165,-0.009121,0.846961,0.768300,-0.007222,0.836391,0.759849,-0.005393,0.841131,0.716481,-0.008775,0.854088,0.757069,-0.012559,0.844750,0.767157,-0.011588,0.836408,0.758532,-0.010529
1780388597.867,left,fist,0.853334,0.773698,-0.000000,0.867092,0.799089,0.002249,0.884288,0.801106,0.004174,0.897063,0.795807,0.003568,0.904574,0.791548,0.003261,0.902167,0.782910,0.013235,0.914603,0.786662,0.010622,0.908768,0.792082,0.006660,0.901302,0.793860,0.004195,0.901198,0.769773,0.009267,0.915008,0.776928,0.006661,0.907855,0.781853,0.002854,0.900191,0.781197,0.000681,0.899883,0.755748,0.004033,0.911991,0.767178,0.000210,0.903585,0.772504,-0.000698,0.896349,0.770868,-0.000396,0.897252,0.742144,-0.001268,0.906228,0.757551,-0.003249,0.899754,0.763579,-0.001447,0.893661,0.762385,0.000302
1780388598.410,left,fist,0.891009,0.839674,-0.000000,0.915506,0.878387,-0.001310,0.946973,0.890559,-0.002221,0.968438,0.892276,-0.005350,0.985436,0.898488,-0.006395,0.973372,0.831412,0.009710,0.987683,0.873800,-0.001973,0.972569,0.885334,-0.008295,0.966217,0.881198,-0.011168,0.969994,0.811281,0.005115,0.981194,0.868351,-0.007969,0.957451,0.871945,-0.010966,0.950641,0.856415,-0.009664,0.963724,0.797440,-0.001751,0.970103,0.856044,-0.015236,0.947674,0.857473,-0.013566,0.941987,0.840673,-0.008816,0.954951,0.787970,-0.008934,0.960277,0.837657,-0.015789,0.945667,0.840450,-0.013432,0.940613,0.824247,-0.009500
1780388598.919,left,fist,0.824283,0.816711,-0.000000,0.853572,0.854869,-0.003576,0.887988,0.861298,-0.005807,0.911046,0.858977,-0.009214,0.930406,0.858088,-0.010736,0.913121,0.789176,0.000701,0.924442,0.842479,-0.010669,0.903774,0.853615,-0.017591,0.892468,0.846627,-0.021500,0.906275,0.769320,-0.003085,0.912789,0.833597,-0.014178,0.891105,0.841263,-0.016779,0.881375,0.831391,-0.017044,0.894954,0.758974,-0.008677,0.898515,0.823285,-0.018400,0.880019,0.829611,-0.016167,0.872472,0.818799,-0.013203,0.880901,0.755834,-0.015031,0.884409,0.807945,-0.019642,0.871769,0.813667,-0.017272,0.866146,0.802446,-0.014658
1780388599.445,left,fist,0.687080,0.782074,-0.000000,0.715859,0.790909,-0.005478,0.740836,0.778897,-0.009860,0.756075,0.764761,-0.014870,0.769017,0.753253,-0.018532,0.744775,0.701504,-0.005234,0.765648,0.742436,-0.017332,0.754356,0.764485,-0.024657,0.745856,0.763360,-0.029146,0.731268,0.691906,-0.008517,0.750642,0.747354,-0.019445,0.737667,0.764952,-0.022210,0.728946,0.758619,-0.023538,0.716195,0.694467,-0.013373,0.733133,0.748996,-0.022721,0.722410,0.764023,-0.020769,0.715704,0.757572,-0.018868,0.701188,0.704962,-0.019202,0.715713,0.747601,-0.024314,0.708879,0.759028,-0.022616,0.703030,0.753449,-0.020807
1780388599.990,left,fist,0.558611,0.813232,-0.000000,0.584474,0.802174,-0.007865,0.602865,0.779375,-0.013982,0.609879,0.764231,-0.019906,0.610554,0.764164,-0.025109,0.590678,0.716720,-0.009874,0.610081,0.757297,-0.020948,0.603977,0.780068,-0.028823,0.596018,0.780072,-0.034468,0.574936,0.721946,-0.011705,0.596995,0.771452,-0.021228,0.590281,0.789157,-0.024662,0.581774,0.786886,-0.027594,0.560703,0.737909,-0.014781,0.582142,0.783159,-0.022611,0.578061,0.796906,-0.021852,0.571795,0.793482,-0.021522,0.549133,0.759107,-0.018981,0.567125,0.790984,-0.023661,0.564751,0.799549,-0.023121,0.558918,0.794225,-0.022752
1780388600.494,left,fist,0.450273,0.879786,-0.000000,0.465084,0.868454,-0.018280,0.474297,0.846067,-0.030647,0.469640,0.834480,-0.039895,0.456488,0.838568,-0.047455,0.444146,0.785716,-0.022919,0.457200,0.807556,-0.038908,0.460018,0.829556,-0.049483,0.452991,0.830809,-0.056145,0.428162,0.797622,-0.019867,0.441703,0.820519,-0.033759,0.446904,0.840402,-0.038484,0.443383,0.840998,-0.041184,0.416459,0.817410,-0.018592,0.429296,0.837749,-0.030316,0.436109,0.854148,-0.028724,0.434222,0.853734,-0.026880,0.408037,0.838937,-0.019052,0.417438,0.854670,-0.026154,0.424625,0.866431,-0.025195,0.425189,0.865759,-0.023506
1780388601.020,left,fist,0.347505,0.900342,-0.000000,0.348593,0.863006,-0.011349,0.333940,0.821821,-0.014552,0.310155,0.819313,-0.016688,0.295359,0.834646,-0.015986,0.308573,0.807118,-0.002927,0.288797,0.804834,-0.016309,0.303956,0.822449,-0.021649,0.314189,0.824833,-0.022559,0.300159,0.833847,-0.001674,0.283272,0.831115,-0.015519,0.304621,0.848509,-0.016011,0.312151,0.846676,-0.011967,0.295547,0.860647,-0.003181,0.283045,0.861723,-0.018007,0.303652,0.874371,-0.013117,0.310211,0.870758,-0.005077,0.292929,0.888892,-0.005645,0.283476,0.885034,-0.013171,0.297804,0.890341,-0.008268,0.303376,0.888833,-0.001696
1780388601.558,left,fist,0.306342,0.861989,-0.000000,0.302037,0.824375,-0.008222,0.286656,0.787344,-0.011296,0.264251,0.782426,-0.014168,0.250251,0.793581,-0.014436,0.271475,0.765074,-0.003030,0.245457,0.766814,-0.015766,0.257629,0.789321,-0.021234,0.267886,0.791349,-0.022912,0.265727,0.791380,-0.003642,0.242813,0.792339,-0.018021,0.260211,0.808058,-0.019917,0.268929,0.804014,-0.017425,0.262970,0.816603,-0.006360,0.244331,0.820784,-0.021495,0.263044,0.830912,-0.018085,0.272208,0.825140,-0.011428,0.262042,0.842003,-0.009749,0.249276,0.842937,-0.018867,0.261997,0.847860,-0.015943,0.269683,0.843949,-0.010916
1780388602.065,left,fist,0.277341,0.804070,-0.000000,0.276902,0.773841,-0.010653,0.261498,0.733398,-0.010354,0.240944,0.725307,-0.008494,0.230997,0.732056,-0.003655,0.252180,0.723866,-0.000626,0.228577,0.720311,-0.010541,0.237743,0.739854,-0.014429,0.246073,0.743380,-0.014955,0.248097,0.745392,0.002470,0.229164,0.747103,-0.008382,0.244074,0.762037,-0.009891,0.250532,0.757019,-0.007534,0.245317,0.764116,0.003112,0.230289,0.769255,-0.010307,0.246750,0.781667,-0.008747,0.253960,0.776249,-0.003557,0.243186,0.781924,0.002995,0.232742,0.786043,-0.006032,0.246234,0.794908,-0.004726,0.253479,0.793034,-0.000819
1780388602.590,left,fist,0.230381,0.794167,-0.000000,0.228540,0.748859,-0.008230,0.212344,0.708180,-0.009764,0.186404,0.703235,-0.010915,0.172507,0.717423,-0.009187,0.200654,0.698842,0.001792,0.174293,0.691403,-0.009330,0.185634,0.710670,-0.014342,0.194621,0.713349,-0.015904,0.194075,0.723469,0.002023,0.170095,0.719684,-0.010907,0.188423,0.734813,-0.012969,0.196897,0.732954,-0.010539,0.190163,0.747554,-0.000007,0.170496,0.746482,-0.014647,0.189918,0.758085,-0.011466,0.198781,0.755969,-0.004737,0.187512,0.773551,-0.002691,0.175563,0.771854,-0.012094,0.189751,0.777388,-0.009608,0.197400,0.776334,-0.004709
1780388603.129,left,fist,0.172281,0.797981,-0.000000,0.164361,0.751386,-0.005480,0.149177,0.712876,-0.007124,0.127823,0.705164,-0.008835,0.113872,0.714492,-0.008978,0.152394,0.702285,0.001520,0.121598,0.699219,-0.008423,0.125136,0.715833,-0.014934,0.133994,0.722115,-0.018022,0.146611,0.724183,0.000861,0.118033,0.727477,-0.009509,0.125522,0.740436,-0.013981,0.134512,0.741138,-0.015061,0.141418,0.748570,-0.001416,0.116743,0.753663,-0.012222,0.125566,0.764187,-0.011929,0.134671,0.761541,-0.009209,0.136522,0.774833,-0.004169,0.121777,0.780688,-0.011665,0.129534,0.788018,-0.010997,0.136600,0.785355,-0.008665
1780388603.806,left,fist,0.170235,0.743822,-0.000000,0.162073,0.699250,-0.004291,0.145228,0.665371,-0.006016,0.122919,0.665026,-0.008246,0.110153,0.680109,-0.009287,0.139790,0.655683,0.000517,0.111782,0.654184,-0.008286,0.113315,0.672860,-0.014008,0.121333,0.680058,-0.016909,0.136240,0.677734,-0.000680,0.110300,0.686511,-0.010171,0.118159,0.699305,-0.013880,0.128526,0.699324,-0.014662,0.134331,0.700781,-0.003173,0.112382,0.712872,-0.013004,0.122167,0.721236,-0.013021,0.132671,0.718547,-0.010890,0.133426,0.724869,-0.006045,0.120147,0.734755,-0.013086,0.128616,0.739825,-0.012853,0.137023,0.736518,-0.011091
1780388604.328,left,fist,0.228147,0.666483,-0.000000,0.231359,0.622168,-0.009461,0.223730,0.574946,-0.010944,0.204108,0.552689,-0.011978,0.189928,0.549470,-0.010051,0.214778,0.548344,0.001496,0.188247,0.530670,-0.011000,0.193415,0.557328,-0.016727,0.202808,0.566487,-0.018155,0.204856,0.567392,0.002798,0.180766,0.558117,-0.011228,0.193146,0.582121,-0.014028,0.203271,0.583069,-0.011850,0.197477,0.588119,0.001390,0.179595,0.585041,-0.013479,0.193629,0.604752,-0.012277,0.203630,0.603623,-0.006852,0.191710,0.610773,-0.000857,0.181178,0.608089,-0.009816,0.191897,0.620188,-0.008978,0.200375,0.620380,-0.005246
1780388604.857,left,fist,0.210459,0.584411,-0.000000,0.213498,0.541614,-0.013221,0.209711,0.490831,-0.013303,0.193795,0.461073,-0.011566,0.182579,0.453976,-0.007138,0.209452,0.470297,0.002208,0.182939,0.443583,-0.006865,0.183074,0.470882,-0.011588,0.191352,0.485254,-0.012377,0.198805,0.484709,0.007647,0.175035,0.467045,-0.002699,0.180166,0.494047,-0.006531,0.189416,0.501353,-0.005554,0.189702,0.501260,0.010390,0.170233,0.490672,-0.002273,0.177721,0.514027,-0.003979,0.187821,0.520181,-0.000592,0.182092,0.519122,0.012257,0.168348,0.506795,0.003899,0.175444,0.523717,0.003665,0.184507,0.533215,0.006851
1780388605.380,left,fist,0.177523,0.529077,-0.000000,0.178903,0.487698,-0.011751,0.178602,0.440301,-0.012686,0.169216,0.411275,-0.012248,0.158666,0.403586,-0.010433,0.185613,0.413633,0.000549,0.160125,0.388021,-0.008613,0.150351,0.410493,-0.014848,0.152857,0.430961,-0.017086,0.173791,0.421324,0.004787,0.148532,0.403502,-0.006688,0.145408,0.430997,-0.011975,0.152243,0.449799,-0.011765,0.163556,0.433257,0.006834,0.140349,0.421785,-0.006415,0.141680,0.446985,-0.009615,0.150622,0.462772,-0.007090,0.155617,0.447392,0.008141,0.138967,0.436544,-0.002382,0.140669,0.455569,-0.004422,0.148357,0.468740,-0.002222
1780388605.894,left,fist,0.104912,0.524309,-0.000000,0.104914,0.487271,-0.010470,0.104480,0.440676,-0.010975,0.094827,0.412054,-0.010060,0.084293,0.403146,-0.007145,0.121131,0.407394,0.001085,0.089386,0.379769,-0.008571,0.081757,0.404659,-0.014522,0.087031,0.424414,-0.016111,0.114111,0.411407,0.005030,0.085192,0.389104,-0.005783,0.079864,0.416509,-0.010189,0.085242,0.432148,-0.009443,0.106348,0.419601,0.006878,0.079297,0.401789,-0.005204,0.075321,0.427321,-0.007030,0.081805,0.441515,-0.003885,0.099117,0.430427,0.008087,0.078180,0.412647,-0.001009,0.076016,0.433178,-0.001732,0.081961,0.447684,0.001485
1780388606.406,left,fist,0.023768,0.471462,-0.000000,0.019566,0.439686,-0.011755,0.017111,0.393969,-0.015557,0.008660,0.357941,-0.017307,0.000237,0.336098,-0.018413,0.043824,0.366765,-0.006945,0.016330,0.330448,-0.015416,-0.001858,0.316981,-0.022988,-0.012740,0.312162,-0.027024,0.040779,0.364446,-0.002748,0.017905,0.332317,-0.010949,-0.000545,0.326177,-0.017728,-0.014449,0.326660,-0.020835,0.036152,0.365641,0.000316,0.015750,0.335950,-0.008318,-0.000342,0.330862,-0.013264,-0.011242,0.328940,-0.014402,0.031309,0.370432,0.002748,0.014344,0.344006,-0.005133,0.001820,0.339721,-0.008006,-0.007151,0.338760,-0.007693
1780388606.906,left,fist,0.005711,0.439352,-0.000000,0.013570,0.408453,-0.013006,0.017005,0.360241,-0.017417,0.006991,0.320579,-0.019614,-0.002820,0.295044,-0.021436,0.035640,0.337829,-0.008943,0.012759,0.294721,-0.018057,-0.005586,0.280382,-0.026393,-0.016817,0.277884,-0.031163,0.023612,0.337888,-0.004586,0.004932,0.299759,-0.012990,-0.012769,0.285975,-0.021006,-0.026622,0.282313,-0.025575,0.012162,0.342100,-0.001492,-0.003344,0.305350,-0.009659,-0.017974,0.291007,-0.014840,-0.027607,0.282320,-0.016917,0.001387,0.349193,0.000786,-0.010879,0.316505,-0.006811,-0.021029,0.307163,-0.009617,-0.027071,0.302495,-0.009969
1780388607.424,left,fist,0.205825,0.573285,-0.000000,0.237022,0.524977,-0.007280,0.252806,0.457160,-0.009569,0.238175,0.411092,-0.012865,0.218146,0.394355,-0.013809,0.227038,0.395767,0.000585,0.223350,0.338974,-0.016007,0.228525,0.381271,-0.024651,0.232146,0.415597,-0.027208,0.201814,0.405502,-0.002156,0.195780,0.351412,-0.018896,0.206218,0.407674,-0.022080,0.212522,0.438177,-0.019418,0.178464,0.422420,-0.007482,0.173008,0.378712,-0.024440,0.187414,0.429560,-0.019504,0.195092,0.457655,-0.010973,0.155053,0.446757,-0.013437,0.152799,0.410631,-0.022551,0.166502,0.440595,-0.015997,0.173818,0.460266,-0.007962
1780388607.932,left,fist,0.279515,0.642869,-0.000000,0.305161,0.555234,-0.000422,0.299740,0.486507,-0.004102,0.291503,0.442415,-0.010903,0.281903,0.403726,-0.015060,0.230579,0.456198,0.002526,0.258179,0.384763,-0.014595,0.285976,0.403592,-0.024820,0.297734,0.431796,-0.028960,0.222773,0.470152,-0.004973,0.262124,0.400504,-0.020681,0.289630,0.436402,-0.023845,0.294651,0.467661,-0.022510,0.224824,0.489192,-0.014582,0.265987,0.427934,-0.028657,0.288301,0.463950,-0.024722,0.290372,0.493852,-0.018382,0.234602,0.510993,-0.024797,0.267257,0.466069,-0.032240,0.283867,0.488299,-0.027689,0.285740,0.510366,-0.021992
1780388608.465,left,fist,0.254231,0.619154,0.000000,0.288471,0.580686,-0.011008,0.308200,0.517965,-0.013034,0.304158,0.462506,-0.015496,0.282672,0.450541,-0.017725,0.276176,0.459961,0.003666,0.276891,0.405598,-0.006689,0.283186,0.400072,-0.018117,0.287784,0.416539,-0.024639,0.257156,0.459229,0.003826,0.254564,0.392377,-0.006937,0.265088,0.395694,-0.019148,0.272192,0.424467,-0.026279,0.238969,0.466647,0.001674,0.233384,0.399451,-0.009588,0.245707,0.401992,-0.019787,0.254055,0.433906,-0.024848,0.218563,0.482592,-0.001527,0.216647,0.427466,-0.011517,0.227896,0.426508,-0.017538,0.236642,0.450021,-0.020714
1780388608.976,left,fist,0.288300,0.616369,0.000000,0.321202,0.579371,-0.008635,0.342053,0.531138,-0.010829,0.340374,0.482052,-0.013763,0.322233,0.469037,-0.016604,0.313013,0.484394,0.004653,0.312769,0.437231,-0.003687,0.320150,0.432964,-0.013039,0.325242,0.446819,-0.018431,0.296588,0.482225,0.004385,0.294604,0.427589,-0.004874,0.305704,0.430932,-0.015187,0.311599,0.456027,-0.021115,0.280361,0.485864,0.002156,0.276476,0.430283,-0.007116,0.288922,0.432319,-0.015327,0.296043,0.459809,-0.019203,0.261929,0.495773,-0.000949,0.261139,0.448762,-0.008575,0.272920,0.446138,-0.013201,0.281554,0.466242,-0.015515
1780388609.496,left,fist,0.319003,0.620332,-0.000000,0.337354,0.565331,0.003039,0.333362,0.508189,0.002865,0.326022,0.473227,-0.000944,0.318285,0.444453,-0.003010,0.294723,0.474847,0.008013,0.304070,0.418700,-0.004444,0.328698,0.435266,-0.012923,0.337365,0.464468,-0.015911,0.286147,0.480504,0.000383,0.301003,0.416889,-0.011416,0.328684,0.442803,-0.016100,0.335614,0.476776,-0.016233,0.280287,0.489920,-0.008867,0.296622,0.426215,-0.020673,0.322470,0.452302,-0.019507,0.328790,0.485676,-0.015056,0.277620,0.504756,-0.018198,0.294027,0.452961,-0.026478,0.312277,0.467764,-0.023687,0.316634,0.494753,-0.019198
1780388610.011,left,fist,0.267563,0.613311,-0.000000,0.252755,0.555426,0.002928,0.252599,0.496814,-0.005915,0.264323,0.458358,-0.016395,0.278674,0.444821,-0.026089,0.239765,0.474183,-0.023575,0.276639,0.406300,-0.037516,0.290916,0.420612,-0.043020,0.288349,0.441736,-0.045016,0.254064,0.496791,-0.032783,0.293630,0.426208,-0.042386,0.302059,0.446661,-0.039632,0.293822,0.470456,-0.038138,0.272617,0.521559,-0.040936,0.305783,0.449582,-0.046007,0.310468,0.468314,-0.036225,0.302545,0.490193,-0.030187,0.292540,0.545443,-0.049009,0.317330,0.481504,-0.048352,0.320722,0.490033,-0.038386,0.315197,0.506084,-0.031719
1780388610.561,left,fist,0.328585,0.652574,-0.000000,0.313642,0.591625,-0.001338,0.317938,0.524492,-0.009065,0.334770,0.482121,-0.016476,0.354373,0.464312,-0.022004,0.323187,0.532944,-0.030165,0.364765,0.460553,-0.043302,0.360724,0.471994,-0.044333,0.350611,0.496533,-0.041468,0.342998,0.564198,-0.034235,0.381109,0.483095,-0.044070,0.373251,0.496623,-0.037729,0.362571,0.524231,-0.031466,0.362918,0.590726,-0.037186,0.395217,0.510431,-0.041487,0.385983,0.521993,-0.029186,0.375903,0.546116,-0.020055,0.381269,0.612740,-0.040115,0.402671,0.544664,-0.038498,0.394180,0.552091,-0.027555,0.386259,0.574309,-0.019584
1780388611.093,left,fist,0.348483,0.708497,-0.000000,0.387774,0.647339,0.000352,0.401164,0.590270,-0.004885,0.409007,0.547175,-0.012838,0.414051,0.509816,-0.018927,0.351157,0.521752,-0.005023,0.390170,0.487216,-0.019900,0.409990,0.516874,-0.027284,0.412980,0.546262,-0.029980,0.341827,0.536889,-0.013011,0.389378,0.506946,-0.028163,0.406934,0.550884,-0.031139,0.404361,0.581320,-0.030395,0.339466,0.565047,-0.021846,0.382682,0.533117,-0.036388,0.399748,0.573178,-0.032761,0.398518,0.601285,-0.026876,0.342220,0.599884,-0.030734,0.375862,0.572087,-0.039989,0.390132,0.593373,-0.035920,0.392081,0.613317,-0.030383
1780388611.626,left,fist,0.354834,0.687735,-0.000000,0.386843,0.661442,-0.006241,0.412223,0.619424,-0.011618,0.420911,0.584165,-0.018566,0.420061,0.555730,-0.023320,0.395506,0.535559,-0.002159,0.412206,0.504821,-0.016533,0.417925,0.547488,-0.024756,0.415334,0.582559,-0.027787,0.377995,0.531818,-0.005866,0.398741,0.508737,-0.020392,0.404857,0.561821,-0.024632,0.400460,0.594774,-0.024447,0.359581,0.537887,-0.011639,0.381186,0.509537,-0.026361,0.389435,0.562196,-0.023736,0.386049,0.594194,-0.018485,0.340667,0.555566,-0.018102,0.364071,0.543102,-0.029424,0.372203,0.578324,-0.027069,0.369485,0.599921,-0.022487
1780388612.133,left,fist,0.333402,0.673306,-0.000000,0.353913,0.614559,0.004623,0.387807,0.573993,0.000755,0.419305,0.554000,-0.004820,0.442549,0.540209,-0.008984,0.393303,0.538072,-0.011334,0.439384,0.560993,-0.020030,0.438498,0.587041,-0.022654,0.427223,0.597365,-0.023125,0.393689,0.565759,-0.019474,0.442578,0.589229,-0.024043,0.436653,0.613348,-0.021245,0.422649,0.616978,-0.020100,0.393338,0.602830,-0.026904,0.442641,0.614793,-0.029664,0.435068,0.635270,-0.021437,0.421490,0.639517,-0.016605,0.391909,0.642983,-0.034055,0.434103,0.646578,-0.033342,0.429318,0.658437,-0.025074,0.417308,0.660983,-0.019383
1780388612.644,left,fist,0.369834,0.693586,-0.000000,0.363729,0.617602,0.000075,0.379150,0.552638,-0.001076,0.406088,0.527636,-0.002268,0.422692,0.541222,-0.002683,0.418773,0.561629,-0.006425,0.444881,0.532025,-0.009208,0.437618,0.537710,-0.009950,0.429258,0.551728,-0.009928,0.435060,0.600374,-0.008459,0.460333,0.558718,-0.009048,0.449038,0.562210,-0.006515,0.436209,0.578903,-0.004097,0.444922,0.635665,-0.009939,0.465770,0.593994,-0.009461,0.455336,0.593732,-0.004801,0.443055,0.606165,-0.001671,0.449119,0.665926,-0.011328,0.459646,0.628743,-0.009541,0.450130,0.627374,-0.004056,0.440859,0.637434,0.000258
1780388613.204,left,fist,0.438302,0.763349,-0.000000,0.438456,0.693403,-0.016743,0.461907,0.646117,-0.024154,0.492763,0.639538,-0.026795,0.505805,0.662941,-0.026913,0.491621,0.720972,-0.034095,0.529489,0.666355,-0.038078,0.516246,0.643590,-0.033063,0.502371,0.647831,-0.029068,0.503101,0.753933,-0.025992,0.538393,0.688084,-0.032666,0.520515,0.664054,-0.026261,0.506950,0.672470,-0.020562,0.509191,0.771591,-0.017456,0.541288,0.707113,-0.024238,0.524741,0.687909,-0.018002,0.511127,0.697284,-0.012449,0.510815,0.777582,-0.009598,0.533200,0.723962,-0.016907,0.522655,0.709745,-0.015604,0.511792,0.719769,-0.013013
1780388613.731,left,fist,0.495126,0.831877,-0.000000,0.507891,0.765475,-0.014518,0.538955,0.738286,-0.018134,0.569764,0.741936,-0.017135,0.580304,0.758739,-0.013448,0.571115,0.819026,-0.023835,0.608256,0.779617,-0.021251,0.601006,0.750949,-0.013387,0.587934,0.740413,-0.007704,0.576302,0.854568,-0.014282,0.609460,0.801556,-0.014604,0.598369,0.771704,-0.008276,0.584971,0.764377,-0.003195,0.576425,0.871642,-0.004080,0.603954,0.816733,-0.005575,0.594482,0.792718,-0.001508,0.581366,0.787310,0.001846,0.574108,0.873040,0.005564,0.596271,0.829718,0.002294,0.590484,0.809084,0.003414,0.580153,0.803994,0.005707
1780388614.280,left,fist,0.584161,0.807347,-0.000000,0.588323,0.727852,-0.011782,0.617947,0.684291,-0.013274,0.650513,0.676163,-0.010754,0.665140,0.683925,-0.006069,0.666360,0.742393,-0.014116,0.689894,0.697388,-0.008920,0.675426,0.679644,-0.002988,0.660330,0.682579,0.000619,0.672288,0.779570,-0.004738,0.685569,0.725996,0.001067,0.670247,0.708600,0.005932,0.658116,0.712859,0.007872,0.670357,0.802073,0.005173,0.680361,0.748211,0.008103,0.667573,0.731813,0.010505,0.654665,0.734613,0.010903,0.665610,0.812692,0.014707,0.674314,0.768225,0.015093,0.664891,0.754497,0.016639,0.655018,0.755678,0.018134
1780388614.800,left,fist,0.633683,0.802804,-0.000000,0.636307,0.725784,-0.011554,0.664472,0.680536,-0.012404,0.695354,0.668585,-0.009108,0.707315,0.676816,-0.003758,0.717814,0.734132,-0.014198,0.733864,0.681590,-0.008481,0.716757,0.670442,-0.002537,0.703292,0.678972,0.000770,0.725053,0.767048,-0.004839,0.730820,0.710874,0.001063,0.713558,0.699284,0.005644,0.702092,0.707223,0.007235,0.723782,0.787780,0.005186,0.726906,0.734252,0.008058,0.713280,0.723415,0.009366,0.700392,0.729793,0.008862,0.719355,0.796671,0.014823,0.722650,0.753562,0.014137,0.711826,0.745186,0.014136,0.701504,0.749007,0.014629
1780388615.325,left,fist,0.640197,0.809138,-0.000000,0.643544,0.733122,-0.017602,0.674286,0.689108,-0.019853,0.705865,0.676914,-0.016296,0.714874,0.691413,-0.010252,0.724367,0.756918,-0.020809,0.739913,0.694779,-0.014555,0.722567,0.680030,-0.006681,0.708998,0.688315,-0.002046,0.730206,0.789478,-0.008206,0.737198,0.723774,-0.003543,0.719302,0.709057,0.001394,0.708197,0.717004,0.003709,0.728675,0.807205,0.004882,0.733890,0.745234,0.005439,0.719306,0.730355,0.005670,0.706354,0.735816,0.005265,0.724361,0.812544,0.017327,0.729990,0.763585,0.014054,0.718851,0.752765,0.012613,0.707666,0.756327,0.012739
1780388615.863,left,fist,0.627702,0.808628,-0.000000,0.628543,0.728886,-0.015593,0.658131,0.680461,-0.017534,0.689867,0.667680,-0.014456,0.701402,0.677920,-0.008773,0.711434,0.739622,-0.016715,0.730148,0.681398,-0.010575,0.713154,0.665171,-0.003318,0.697974,0.671258,0.001106,0.718735,0.773263,-0.005220,0.726133,0.709671,0.000173,0.709067,0.695059,0.004704,0.697774,0.701465,0.006625,0.718068,0.793223,0.006662,0.723208,0.731886,0.008828,0.709321,0.718705,0.009612,0.696849,0.723746,0.009133,0.714513,0.801521,0.017925,0.720064,0.751431,0.016852,0.709199,0.739996,0.016654,0.698860,0.742447,0.017270
1780388616.401,left,fist,0.624062,0.812223,-0.000000,0.625592,0.733177,-0.014321,0.656644,0.684832,-0.015065,0.688852,0.671965,-0.010991,0.700759,0.682273,-0.004395,0.711798,0.743277,-0.014195,0.729631,0.684337,-0.007381,0.712170,0.668869,-0.000473,0.698037,0.675851,0.003610,0.717833,0.776925,-0.002958,0.726189,0.712802,0.003635,0.708925,0.697135,0.008470,0.697697,0.703876,0.010455,0.715746,0.797484,0.008631,0.722518,0.737098,0.011647,0.708943,0.721781,0.012489,0.696765,0.726870,0.011976,0.710997,0.806432,0.019669,0.718058,0.758011,0.019497,0.707681,0.744682,0.019595,0.697230,0.746714,0.020286
1780388616.931,left,fist,0.629584,0.817875,-0.000000,0.633541,0.740905,-0.015124,0.663380,0.697764,-0.017645,0.694398,0.686819,-0.015371,0.706318,0.696091,-0.010750,0.716548,0.758469,-0.017328,0.732437,0.699525,-0.011918,0.714253,0.686291,-0.005960,0.700342,0.695966,-0.002651,0.721336,0.791976,-0.006513,0.728890,0.728460,-0.001985,0.711027,0.713806,0.001900,0.699605,0.722240,0.003325,0.718164,0.811429,0.004844,0.724618,0.751654,0.005845,0.710263,0.736684,0.006762,0.697223,0.743084,0.006581,0.712654,0.818503,0.015669,0.720012,0.770562,0.013403,0.709092,0.758551,0.013338,0.698194,0.762452,0.014268
1780388617.464,left,fist,0.609721,0.779524,-0.000000,0.608718,0.698732,-0.018989,0.640322,0.647189,-0.021765,0.673999,0.629548,-0.018717,0.685703,0.639534,-0.012708,0.695245,0.714127,-0.022210,0.715970,0.644320,-0.017617,0.697662,0.626011,-0.010138,0.682400,0.632838,-0.005314,0.704145,0.747825,-0.009243,0.716382,0.673793,-0.006947,0.696838,0.656202,-0.001967,0.684006,0.662907,0.001289,0.704435,0.766100,0.003989,0.712818,0.694595,0.003087,0.696620,0.677916,0.004414,0.682956,0.683298,0.005363,0.700913,0.770833,0.016394,0.707788,0.713620,0.012396,0.696140,0.699677,0.011405,0.685040,0.701552,0.012184
1780388618.014,left,fist,0.473262,0.709309,-0.000000,0.446350,0.626320,-0.009412,0.448811,0.545197,-0.015680,0.471171,0.490718,-0.019542,0.492177,0.474630,-0.020757,0.501583,0.559627,-0.027880,0.536828,0.463917,-0.036224,0.518542,0.466609,-0.035293,0.505296,0.495433,-0.032698,0.531247,0.591020,-0.025389,0.558937,0.489869,-0.032353,0.537461,0.491772,-0.027576,0.525330,0.520225,-0.022711,0.550227,0.615566,-0.022368,0.574600,0.518749,-0.027218,0.555800,0.519094,-0.019347,0.544964,0.544415,-0.013105,0.560262,0.633754,-0.019631,0.572340,0.557897,-0.022657,0.559008,0.553840,-0.017269,0.550855,0.574255,-0.012175
1780388618.536,left,fist,0.378406,0.671032,-0.000000,0.345635,0.606687,0.000425,0.334603,0.521773,-0.007680,0.348327,0.453970,-0.015372,0.369854,0.422644,-0.021085,0.345588,0.518575,-0.035636,0.383104,0.406209,-0.048453,0.385610,0.427041,-0.047687,0.379658,0.460680,-0.043486,0.377844,0.540221,-0.040308,0.411952,0.421979,-0.048472,0.409559,0.447785,-0.040133,0.399918,0.486150,-0.033176,0.408631,0.559719,-0.043091,0.437021,0.441402,-0.046284,0.432226,0.464316,-0.032212,0.422666,0.499875,-0.022636,0.434485,0.577348,-0.045373,0.449060,0.483934,-0.045246,0.443864,0.495903,-0.034591,0.437463,0.522843,-0.026756
1780388619.050,left,fist,0.333680,0.691128,-0.000000,0.311399,0.623817,0.008481,0.294417,0.553484,-0.000772,0.293777,0.495433,-0.013363,0.301394,0.463305,-0.025089,0.260655,0.527742,-0.028062,0.296988,0.420025,-0.045041,0.324633,0.425033,-0.048929,0.331228,0.452181,-0.049117,0.275200,0.554356,-0.041828,0.318837,0.437103,-0.053082,0.344689,0.452154,-0.047361,0.345023,0.480486,-0.044310,0.299303,0.576724,-0.053984,0.337883,0.458106,-0.061714,0.358899,0.475192,-0.049319,0.357800,0.504454,-0.041750,0.327124,0.595332,-0.065432,0.356902,0.494161,-0.065835,0.369705,0.504364,-0.054110,0.367406,0.528698,-0.046554
1780388619.587,left,fist,0.230810,0.463987,-0.000000,0.251350,0.432387,-0.018024,0.260214,0.379996,-0.026171,0.245133,0.350398,-0.033369,0.224830,0.350147,-0.038219,0.232357,0.314486,-0.011466,0.213400,0.270640,-0.029184,0.210485,0.313692,-0.038981,0.216558,0.347676,-0.042257,0.209181,0.323863,-0.008727,0.191840,0.281357,-0.029326,0.196022,0.338804,-0.035139,0.207136,0.374032,-0.033027,0.190332,0.335277,-0.008982,0.173687,0.289705,-0.027029,0.180527,0.337214,-0.026451,0.193069,0.370738,-0.020038,0.175606,0.350044,-0.010826,0.161770,0.314953,-0.021958,0.166914,0.341279,-0.020730,0.177039,0.363985,-0.015847
1780388620.125,left,fist,0.307518,0.316017,-0.000000,0.310077,0.326785,-0.023911,0.315492,0.310564,-0.033719,0.311167,0.286318,-0.038892,0.304122,0.267306,-0.040852,0.338379,0.239359,-0.027961,0.301610,0.223667,-0.043738,0.283845,0.248037,-0.049220,0.279634,0.268804,-0.050360,0.330774,0.213196,-0.020149,0.287602,0.217200,-0.035278,0.277303,0.252460,-0.035974,0.281679,0.271334,-0.033920,0.320413,0.200662,-0.014793,0.280839,0.205259,-0.028877,0.272943,0.238717,-0.026050,0.276468,0.258483,-0.021370,0.309053,0.197798,-0.011643,0.279629,0.198204,-0.024006,0.272952,0.222858,-0.024802,0.275145,0.241233,-0.021770
1780388620.672,left,fist,0.388303,0.218787,-0.000000,0.378297,0.240188,-0.034828,0.375339,0.235740,-0.053093,0.369925,0.203766,-0.063025,0.367518,0.167717,-0.069441,0.406027,0.163017,-0.057184,0.365891,0.125506,-0.073997,0.348153,0.144358,-0.075131,0.344151,0.164304,-0.073575,0.405507,0.126763,-0.043676,0.355528,0.107815,-0.061400,0.342626,0.143325,-0.058350,0.347590,0.167857,-0.054282,0.398330,0.105098,-0.031680,0.352885,0.088319,-0.049072,0.341150,0.124606,-0.043834,0.345528,0.149659,-0.037866,0.388050,0.093785,-0.021946,0.355754,0.085815,-0.038760,0.345129,0.112424,-0.040476,0.346633,0.134406,-0.038186
1780388621.213,left,fist,0.367597,0.210884,-0.000000,0.353251,0.243076,-0.042666,0.341431,0.244789,-0.068369,0.324767,0.217517,-0.084397,0.311381,0.183267,-0.097409,0.367244,0.148216,-0.078095,0.313547,0.120572,-0.097186,0.296530,0.148180,-0.098108,0.294929,0.176925,-0.096474,0.360922,0.108572,-0.061251,0.300114,0.094455,-0.081547,0.289069,0.138107,-0.078748,0.297082,0.169746,-0.075540,0.349843,0.088248,-0.045131,0.294377,0.073787,-0.066155,0.285321,0.119195,-0.063708,0.294008,0.153193,-0.059845,0.337009,0.078327,-0.031066,0.296163,0.073289,-0.051839,0.286352,0.107426,-0.056100,0.291399,0.135979,-0.056075
1780388622.076,left,fist,0.618800,0.353206,0.000000,0.634813,0.387292,-0.018333,0.662329,0.408834,-0.028136,0.682549,0.403850,-0.036628,0.693174,0.377803,-0.045396,0.690452,0.343393,-0.019995,0.718406,0.319488,-0.035611,0.722856,0.313950,-0.046208,0.717417,0.319592,-0.051342,0.681378,0.306014,-0.017646,0.710435,0.277716,-0.032166,0.704879,0.279900,-0.039190,0.692764,0.294158,-0.041691,0.668355,0.275727,-0.017329,0.696611,0.245941,-0.030976,0.691375,0.250935,-0.032092,0.678460,0.266259,-0.029978,0.652440,0.249403,-0.018470,0.675082,0.220110,-0.029458,0.673332,0.224535,-0.029440,0.663801,0.237681,-0.026843
1780388622.586,left,fist,0.705066,0.354113,-0.000000,0.727696,0.404810,-0.015464,0.766214,0.436830,-0.023568,0.797166,0.434792,-0.033082,0.813018,0.407082,-0.040007,0.817830,0.378857,-0.006022,0.860961,0.369472,-0.027968,0.834832,0.376984,-0.041257,0.808515,0.382259,-0.045621,0.811507,0.337362,-0.006921,0.848110,0.327945,-0.031385,0.810562,0.346885,-0.040064,0.782233,0.362031,-0.039101,0.801970,0.299764,-0.011374,0.841250,0.288871,-0.032961,0.809532,0.312133,-0.032313,0.781604,0.330484,-0.024703,0.789284,0.267064,-0.017413,0.818715,0.258585,-0.030804,0.805136,0.275772,-0.029187,0.787687,0.290849,-0.023224
1780388623.120,left,fist,0.666197,0.279725,-0.000000,0.682836,0.323599,-0.015389,0.712202,0.353381,-0.024025,0.738186,0.348269,-0.033748,0.751274,0.318689,-0.041409,0.759577,0.308074,-0.006046,0.795202,0.294863,-0.025577,0.773689,0.296238,-0.037789,0.749822,0.299993,-0.041926,0.755543,0.270913,-0.005967,0.789026,0.257598,-0.026367,0.757177,0.266866,-0.034210,0.734002,0.278919,-0.033917,0.749953,0.236953,-0.009202,0.784411,0.224627,-0.027197,0.758126,0.236463,-0.027803,0.734099,0.248674,-0.022313,0.742312,0.206285,-0.014012,0.771239,0.193437,-0.024923,0.758208,0.204396,-0.023834,0.740531,0.216698,-0.019177
1780388623.648,left,fist,0.573072,0.445851,-0.000000,0.588319,0.495743,-0.003316,0.611207,0.534095,-0.006601,0.634923,0.543667,-0.012138,0.646115,0.521201,-0.016748,0.650641,0.500938,-0.000127,0.685759,0.507170,-0.013166,0.669899,0.519084,-0.022459,0.651033,0.518561,-0.025992,0.650358,0.472188,-0.004139,0.683212,0.476861,-0.015600,0.661462,0.493555,-0.021321,0.641594,0.493796,-0.022779,0.647052,0.442868,-0.009646,0.678829,0.447698,-0.018411,0.659971,0.468696,-0.017715,0.640338,0.472399,-0.014841,0.641389,0.411671,-0.015879,0.667788,0.413472,-0.021116,0.659163,0.435999,-0.018868,0.644262,0.446539,-0.015523
1780388624.165,left,fist,0.538237,0.666039,-0.000000,0.557690,0.719702,0.000732,0.590741,0.745647,0.000201,0.615312,0.755736,-0.003669,0.632590,0.752149,-0.006613,0.625642,0.710491,0.004035,0.667395,0.712157,-0.008306,0.655227,0.742041,-0.018181,0.637630,0.748950,-0.022893,0.623830,0.687970,-0.002427,0.664580,0.698339,-0.014109,0.641871,0.729726,-0.019777,0.621321,0.727531,-0.021578,0.619866,0.663091,-0.010378,0.660983,0.672109,-0.020144,0.639718,0.704644,-0.018254,0.618322,0.707040,-0.014762,0.613383,0.635379,-0.018791,0.645359,0.650492,-0.027080,0.633438,0.678942,-0.024649,0.615768,0.683255,-0.021190
1780388624.698,left,fist,0.556025,0.676904,-0.000000,0.584310,0.712292,-0.000866,0.616232,0.718310,-0.002247,0.639560,0.714301,-0.007017,0.656061,0.697880,-0.010668,0.637904,0.668167,0.007385,0.674314,0.658142,-0.004551,0.670610,0.691347,-0.013490,0.656201,0.706912,-0.017105,0.635946,0.650260,0.001095,0.676839,0.645267,-0.011716,0.665668,0.684959,-0.019284,0.646042,0.696427,-0.021685,0.631714,0.629280,-0.007176,0.672765,0.624255,-0.019353,0.660723,0.665605,-0.020421,0.640836,0.679666,-0.017932,0.624320,0.604989,-0.015931,0.657029,0.610571,-0.025414,0.651765,0.642452,-0.024663,0.636308,0.655090,-0.022063
1780388625.208,left,fist,0.534698,0.738765,-0.000000,0.578711,0.769559,0.010015,0.612243,0.757463,0.011946,0.634315,0.745564,0.007689,0.649649,0.731767,0.004532,0.624818,0.675374,0.017836,0.663778,0.681874,0.005428,0.662687,0.729317,-0.004464,0.647291,0.754134,-0.008795,0.620172,0.662005,0.004718,0.665628,0.678102,-0.007971,0.659424,0.733981,-0.015346,0.639376,0.756282,-0.017525,0.613948,0.654249,-0.009959,0.660021,0.673035,-0.023218,0.651401,0.728746,-0.023502,0.631361,0.749232,-0.020004,0.604967,0.652659,-0.024279,0.643024,0.674963,-0.033875,0.638260,0.712747,-0.031050,0.620640,0.727374,-0.026572
1780388625.751,left,fist,0.508542,0.779552,-0.000000,0.549673,0.817243,0.004882,0.587032,0.818531,0.004118,0.611762,0.810857,-0.000744,0.631638,0.803373,-0.003815,0.610045,0.721877,0.009404,0.646309,0.754299,-0.003163,0.636514,0.803456,-0.011752,0.618161,0.822041,-0.015181,0.604874,0.704798,-0.000241,0.645618,0.748660,-0.011612,0.630883,0.803563,-0.015810,0.610025,0.819053,-0.015864,0.596041,0.699175,-0.011275,0.635267,0.745398,-0.023771,0.619617,0.796281,-0.021681,0.599296,0.809632,-0.016590,0.583333,0.703668,-0.022191,0.614985,0.745950,-0.031629,0.605295,0.783173,-0.027912,0.588447,0.793754,-0.022273
1780388626.283,left,fist,0.563347,0.734455,-0.000000,0.598816,0.774727,0.003061,0.635966,0.780599,0.002894,0.661801,0.779452,-0.002204,0.679613,0.770467,-0.006387,0.661236,0.731735,0.013947,0.702104,0.726987,0.001165,0.697252,0.764735,-0.009373,0.682808,0.783050,-0.013964,0.658612,0.714025,0.004977,0.701841,0.719216,-0.008728,0.687619,0.763378,-0.017061,0.665953,0.776145,-0.019483,0.653117,0.694379,-0.006124,0.695249,0.700653,-0.019644,0.680127,0.746549,-0.021092,0.657926,0.763034,-0.017984,0.644316,0.672595,-0.017504,0.678229,0.685410,-0.027951,0.671037,0.720823,-0.027037,0.653965,0.735942,-0.023610
1780388626.795,left,fist,0.628178,0.691117,-0.000000,0.660314,0.726175,0.007272,0.688084,0.724836,0.010711,0.707920,0.715235,0.008186,0.718135,0.694980,0.006025,0.704053,0.676417,0.024847,0.734939,0.670987,0.016786,0.730003,0.699370,0.008251,0.715872,0.711192,0.004360,0.704719,0.663243,0.015110,0.740692,0.660568,0.006064,0.730350,0.692188,-0.002075,0.711179,0.701913,-0.005261,0.703635,0.646298,0.003191,0.742430,0.647167,-0.007010,0.729413,0.680518,-0.009623,0.708136,0.691491,-0.008016,0.699653,0.627299,-0.008721,0.733225,0.629234,-0.016408,0.727556,0.659871,-0.015808,0.711062,0.677113,-0.013424
1780388627.371,left,fist,0.629726,0.666758,-0.000000,0.655659,0.703104,0.004488,0.679114,0.701882,0.006930,0.696059,0.692392,0.004626,0.706516,0.674564,0.002605,0.695115,0.657519,0.019899,0.721383,0.655993,0.012715,0.717157,0.677434,0.004945,0.704821,0.687038,0.001393,0.696538,0.643841,0.012334,0.727457,0.642084,0.004042,0.719144,0.669969,-0.003777,0.702896,0.681895,-0.006996,0.696365,0.627729,0.002777,0.731763,0.623795,-0.006246,0.723770,0.654697,-0.010471,0.707073,0.669173,-0.010558,0.693770,0.610961,-0.006781,0.724979,0.609602,-0.013342,0.722812,0.636362,-0.014016,0.710050,0.653955,-0.013035
1780388627.892,left,fist,0.661728,0.644525,-0.000000,0.685856,0.678849,0.005153,0.709652,0.673902,0.008891,0.726436,0.663535,0.007665,0.734964,0.643633,0.006894,0.722620,0.620578,0.024453,0.746034,0.624764,0.017095,0.742592,0.648091,0.008650,0.730789,0.658773,0.005265,0.724499,0.609513,0.017459,0.753560,0.616916,0.009521,0.744860,0.644775,0.001713,0.729598,0.653641,-0.000793,0.725115,0.597635,0.008166,0.758428,0.605509,-0.002085,0.748389,0.637079,-0.006877,0.731762,0.647148,-0.005960,0.723861,0.585119,-0.000860,0.755330,0.590390,-0.007500,0.752398,0.619379,-0.007608,0.740004,0.636039,-0.005366
1780388628.428,left,fist,0.725967,0.664570,-0.000000,0.717718,0.606394,0.004826,0.728895,0.564030,0.007894,0.751020,0.541523,0.011205,0.765100,0.538337,0.015896,0.776182,0.557370,0.000013,0.797416,0.541415,0.006117,0.792120,0.549002,0.013497,0.783047,0.559076,0.018631,0.789080,0.591360,-0.000632,0.806413,0.572576,0.008667,0.797791,0.576374,0.016416,0.789557,0.583686,0.020152,0.794885,0.624238,-0.000041,0.811837,0.603101,0.007159,0.804384,0.601302,0.013036,0.795160,0.607309,0.015067,0.795511,0.653684,0.001203,0.807635,0.632178,0.006607,0.801911,0.627966,0.011920,0.794030,0.631602,0.015393
1780388628.987,left,fist,0.753003,0.757048,-0.000000,0.764461,0.729549,-0.027036,0.796641,0.720481,-0.032199,0.821297,0.704003,-0.031657,0.836955,0.687623,-0.027734,0.837570,0.769083,-0.016239,0.851542,0.698888,-0.029452,0.829079,0.679355,-0.035395,0.812794,0.690064,-0.036242,0.839051,0.764015,-0.003817,0.850459,0.697800,-0.020068,0.826302,0.680175,-0.024151,0.812144,0.689355,-0.021521,0.836957,0.753195,0.005474,0.847239,0.690343,-0.013848,0.824253,0.675694,-0.014966,0.810475,0.686821,-0.009143,0.832775,0.741353,0.013141,0.843287,0.692540,-0.003555,0.824770,0.681616,-0.005642,0.811215,0.691449,-0.001139
1780388629.528,left,fist,0.762212,0.825321,-0.000000,0.775774,0.791484,-0.031017,0.797831,0.804688,-0.041545,0.822259,0.820709,-0.046166,0.843979,0.828628,-0.047640,0.837097,0.895677,-0.031358,0.882984,0.865804,-0.042575,0.875096,0.821321,-0.046468,0.856285,0.804154,-0.046720,0.840700,0.903942,-0.017341,0.883253,0.869624,-0.032483,0.872948,0.822139,-0.036578,0.855298,0.807903,-0.035405,0.842016,0.898259,-0.005272,0.881853,0.866667,-0.023618,0.872909,0.824371,-0.026008,0.854684,0.813912,-0.022175,0.843678,0.884679,0.005288,0.877522,0.864689,-0.010672,0.871385,0.833812,-0.013165,0.854077,0.822623,-0.010100
1780388630.028,left,fist,0.808288,0.902769,-0.000000,0.810585,0.842080,-0.005108,0.827417,0.786803,-0.012812,0.852183,0.760928,-0.019082,0.874912,0.766093,-0.023755,0.842167,0.805757,-0.028055,0.888395,0.781218,-0.036138,0.882330,0.790880,-0.033699,0.866916,0.802817,-0.029421,0.854822,0.846986,-0.028594,0.902798,0.813652,-0.036678,0.894284,0.821854,-0.034286,0.876958,0.831895,-0.031243,0.867102,0.885095,-0.027885,0.913500,0.846938,-0.033973,0.903605,0.852406,-0.027985,0.887696,0.860549,-0.022877,0.877442,0.916658,-0.026868,0.914702,0.881953,-0.032344,0.905704,0.881505,-0.027937,0.891082,0.888326,-0.023315
1780388630.577,left,fist,0.800450,0.835253,-0.000000,0.816577,0.814389,0.007175,0.828222,0.789644,0.008159,0.843937,0.773662,0.004783,0.856377,0.763607,0.002176,0.810172,0.723161,0.017935,0.843922,0.719577,0.012950,0.849102,0.749178,0.007569,0.841035,0.773292,0.005422,0.819875,0.719024,0.010881,0.855818,0.716715,0.005173,0.857921,0.755820,0.000055,0.847442,0.786769,-0.001015,0.833192,0.721677,0.003196,0.868712,0.722694,-0.004065,0.867105,0.769757,-0.004843,0.855195,0.803838,-0.001833,0.847729,0.730245,-0.003982,0.878702,0.730215,-0.007183,0.879374,0.758925,-0.004153,0.870089,0.783871,0.000300
1780388631.081,left,fist,0.771299,0.775989,0.000000,0.791691,0.819764,0.004963,0.821505,0.835176,0.008390,0.843546,0.849902,0.007347,0.858303,0.841144,0.006633,0.842967,0.768333,0.022749,0.871865,0.774286,0.017197,0.876613,0.807913,0.009647,0.872164,0.833431,0.005865,0.843645,0.755240,0.014967,0.879367,0.758863,0.007762,0.882946,0.800964,-0.000444,0.874390,0.831695,-0.003838,0.842605,0.743644,0.005193,0.879960,0.748987,-0.003020,0.882788,0.794055,-0.008451,0.873388,0.825220,-0.009291,0.840568,0.736170,-0.004759,0.873654,0.745299,-0.011452,0.879477,0.779545,-0.013645,0.873997,0.807081,-0.013397
1780388631.589,left,fist,0.649194,0.753964,-0.000000,0.667756,0.796993,-0.003744,0.698418,0.830436,-0.007146,0.725384,0.851836,-0.013192,0.746496,0.842848,-0.017887,0.735308,0.790382,0.004775,0.771194,0.797170,-0.009041,0.761146,0.826409,-0.020340,0.743539,0.836553,-0.025395,0.735499,0.768857,0.000037,0.774222,0.776473,-0.012180,0.759734,0.811020,-0.019938,0.740135,0.819852,-0.022816,0.732325,0.745739,-0.006938,0.770074,0.750084,-0.017594,0.756550,0.787186,-0.018701,0.737161,0.800514,-0.016905,0.725376,0.722117,-0.014833,0.752360,0.736555,-0.023476,0.746529,0.769012,-0.023773,0.732668,0.785161,-0.022072
1780388632.104,left,fist,0.478583,0.740618,-0.000000,0.496282,0.808113,-0.008756,0.513074,0.854478,-0.022442,0.522809,0.888500,-0.037706,0.529277,0.901547,-0.051731,0.577016,0.795119,-0.019976,0.578210,0.850754,-0.045496,0.550738,0.881991,-0.061433,0.529293,0.897326,-0.069202,0.568041,0.761561,-0.027611,0.564087,0.823006,-0.053983,0.533982,0.863286,-0.064437,0.511922,0.883720,-0.067762,0.550076,0.735615,-0.036932,0.547762,0.789556,-0.059589,0.523707,0.829756,-0.061929,0.506434,0.850498,-0.058908,0.527644,0.720369,-0.046989,0.528037,0.762046,-0.060392,0.515639,0.791931,-0.060185,0.505126,0.809433,-0.057081
1780388632.617,left,fist,0.349997,0.723151,-0.000000,0.358959,0.766075,-0.019400,0.355375,0.812242,-0.040971,0.341209,0.843169,-0.060893,0.324108,0.862682,-0.082885,0.382587,0.761604,-0.050665,0.347162,0.816886,-0.078309,0.321822,0.844558,-0.096971,0.304015,0.863315,-0.107336,0.368070,0.719883,-0.051924,0.328837,0.782370,-0.076022,0.303458,0.820060,-0.083271,0.286620,0.843830,-0.086962,0.348458,0.691427,-0.053224,0.315038,0.744784,-0.073359,0.294925,0.783203,-0.071247,0.283191,0.807520,-0.067052,0.328950,0.677344,-0.056036,0.303199,0.712303,-0.068386,0.290283,0.742471,-0.064112,0.283306,0.763432,-0.058905
1780388633.215,left,fist,0.262036,0.698135,-0.000000,0.250459,0.753899,-0.024956,0.220253,0.786544,-0.035155,0.186202,0.790812,-0.039794,0.164702,0.784744,-0.042124,0.207331,0.678211,-0.036864,0.164536,0.697067,-0.050185,0.150807,0.740428,-0.056303,0.146993,0.778627,-0.058555,0.198956,0.655316,-0.027516,0.154938,0.684459,-0.039692,0.144475,0.733959,-0.042006,0.146262,0.772158,-0.041947,0.193190,0.651098,-0.019335,0.152187,0.682013,-0.030727,0.145749,0.725240,-0.031461,0.149340,0.759066,-0.029486,0.189086,0.657106,-0.012686,0.158056,0.681494,-0.023014,0.150900,0.715107,-0.025044,0.152741,0.744067,-0.024093
1780388633.743,left,fist,0.241211,0.670564,-0.000000,0.264194,0.652881,-0.018756,0.274671,0.612663,-0.025524,0.253501,0.591657,-0.030469,0.233204,0.593536,-0.033545,0.264894,0.551689,-0.010449,0.248059,0.513265,-0.026208,0.232805,0.546036,-0.035685,0.229195,0.575506,-0.039603,0.243227,0.546012,-0.006635,0.228365,0.511397,-0.023856,0.217387,0.557818,-0.030785,0.220209,0.590431,-0.030392,0.225119,0.545999,-0.005807,0.212177,0.514254,-0.021856,0.205155,0.554071,-0.024069,0.209496,0.583876,-0.020224,0.210894,0.552606,-0.006476,0.199771,0.531850,-0.017414,0.196800,0.556758,-0.017408,0.201941,0.580472,-0.013367
1780388634.248,left,fist,0.349829,0.565282,-0.000000,0.378478,0.553010,-0.007576,0.405832,0.512902,-0.009380,0.413202,0.469073,-0.012278,0.397219,0.463393,-0.013299,0.396781,0.443954,0.003201,0.406188,0.395961,-0.008541,0.398252,0.427784,-0.016227,0.392988,0.455408,-0.019115,0.381585,0.434721,0.001673,0.388313,0.390081,-0.010394,0.380600,0.428391,-0.014452,0.377028,0.456537,-0.013354,0.365919,0.431709,-0.002177,0.371320,0.384886,-0.012198,0.367812,0.419161,-0.009617,0.366039,0.446839,-0.004340,0.349178,0.434228,-0.007201,0.353516,0.395504,-0.011844,0.353830,0.418099,-0.007641,0.353967,0.442062,-0.002387
1780388634.752,left,fist,0.439680,0.395073,-0.000000,0.467152,0.393983,-0.005004,0.491796,0.371073,-0.006668,0.505067,0.337648,-0.009413,0.493522,0.319222,-0.011449,0.487821,0.321401,0.004890,0.501046,0.288928,-0.002747,0.501971,0.300535,-0.009892,0.495956,0.318973,-0.013173,0.478364,0.307169,0.003779,0.491956,0.269812,-0.003345,0.492701,0.287256,-0.008854,0.486480,0.309284,-0.010618,0.467941,0.297322,0.000975,0.480736,0.255630,-0.004796,0.484009,0.269110,-0.006985,0.478884,0.290527,-0.006674,0.455701,0.290372,-0.002660,0.465649,0.259349,-0.006196,0.470856,0.265192,-0.006598,0.469629,0.279996,-0.005847
1780388635.252,left,fist,0.409351,0.309026,-0.000000,0.435302,0.309931,-0.003464,0.457734,0.286892,-0.002076,0.465756,0.254390,-0.001816,0.455700,0.238730,-0.001028,0.457188,0.246768,0.009537,0.468573,0.214634,0.004274,0.467421,0.213266,-0.001033,0.461829,0.228228,-0.003100,0.446837,0.232444,0.009167,0.457579,0.199931,0.003328,0.454312,0.205572,-0.001762,0.448527,0.225334,-0.002873,0.436495,0.222682,0.007081,0.446554,0.189735,0.002233,0.445385,0.192881,-0.000938,0.440856,0.210869,-0.000960,0.425274,0.216428,0.004355,0.431692,0.190634,0.002073,0.433693,0.188341,0.001134,0.433328,0.197829,0.001664
1780388635.786,left,fist,0.378858,0.316608,-0.000000,0.394334,0.312558,-0.013719,0.410785,0.289714,-0.018264,0.416405,0.262092,-0.021883,0.413851,0.237732,-0.023770,0.422332,0.244795,-0.004589,0.427311,0.204334,-0.014530,0.415250,0.209804,-0.021634,0.408163,0.227239,-0.024489,0.411196,0.233927,-0.001053,0.414443,0.193833,-0.012608,0.401506,0.208318,-0.018968,0.396707,0.230370,-0.019653,0.400897,0.228282,0.000321,0.404602,0.191342,-0.009476,0.394934,0.203130,-0.012285,0.391508,0.223648,-0.010649,0.391873,0.227573,0.000421,0.393806,0.199581,-0.005141,0.388665,0.201632,-0.005847,0.386269,0.214482,-0.004049
1780388636.315,left,fist,0.329440,0.410966,-0.000000,0.340427,0.411781,-0.015181,0.351415,0.391602,-0.020985,0.352567,0.366494,-0.025564,0.347721,0.344555,-0.028707,0.363284,0.335860,-0.009134,0.358862,0.295080,-0.020648,0.344869,0.304263,-0.027955,0.339387,0.322621,-0.031022,0.353243,0.325589,-0.005717,0.350564,0.286128,-0.018035,0.335595,0.300829,-0.023644,0.331678,0.321032,-0.024054,0.343461,0.321184,-0.004550,0.340994,0.286277,-0.016098,0.328795,0.299811,-0.018494,0.326344,0.318817,-0.016416,0.334679,0.322531,-0.004670,0.332341,0.294432,-0.012308,0.325836,0.302366,-0.013004,0.324883,0.318918,-0.010889
1780388636.858,left,fist,0.255501,0.627319,-0.000000,0.277129,0.621752,-0.012757,0.291836,0.585472,-0.015940,0.285763,0.551209,-0.018117,0.269998,0.546422,-0.018913,0.282281,0.528851,-0.003337,0.278490,0.489042,-0.013843,0.269096,0.505893,-0.020571,0.265580,0.530541,-0.022952,0.265050,0.523568,-0.000244,0.260048,0.487886,-0.012015,0.252909,0.520489,-0.016663,0.254286,0.551007,-0.015791,0.249700,0.523598,0.000570,0.245717,0.486777,-0.011123,0.241268,0.515254,-0.012671,0.243611,0.544067,-0.009335,0.236579,0.529081,0.000387,0.232076,0.499922,-0.007413,0.230816,0.515407,-0.007528,0.234310,0.536455,-0.004580
1780388637.384,left,fist,0.465921,0.697817,-0.000000,0.502782,0.647101,0.000153,0.518842,0.591713,-0.001605,0.519053,0.552308,-0.007506,0.509172,0.533092,-0.011994,0.470709,0.515311,0.015015,0.485839,0.472033,0.002757,0.508190,0.486008,-0.009555,0.519795,0.511584,-0.016065,0.461230,0.518988,0.008366,0.485625,0.476135,-0.003256,0.509625,0.497896,-0.013189,0.519047,0.530865,-0.017364,0.456136,0.528483,-0.000537,0.481584,0.487588,-0.010876,0.505454,0.506246,-0.015321,0.516608,0.537598,-0.015175,0.456100,0.545877,-0.010227,0.478260,0.509915,-0.016307,0.497446,0.519258,-0.016394,0.508702,0.544024,-0.014243
1780388637.915,left,fist,0.508047,0.783208,-0.000000,0.543351,0.718986,0.011013,0.556239,0.657269,0.008392,0.566552,0.615147,0.000751,0.575401,0.588583,-0.005784,0.515686,0.576101,0.000444,0.568601,0.530215,-0.013789,0.594070,0.566382,-0.022229,0.598142,0.606924,-0.025293,0.517198,0.584801,-0.012956,0.576407,0.530171,-0.022328,0.601477,0.573329,-0.023574,0.603509,0.615457,-0.023101,0.525359,0.610125,-0.026220,0.577173,0.552244,-0.033675,0.599947,0.592286,-0.028293,0.602034,0.632605,-0.023034,0.537570,0.647570,-0.038901,0.574766,0.602082,-0.041203,0.592358,0.621124,-0.033606,0.596704,0.649701,-0.027089
1780388638.440,left,fist,0.503632,0.796152,0.000000,0.509398,0.707644,0.012726,0.519676,0.638443,0.004671,0.534908,0.592883,-0.006937,0.549046,0.565741,-0.018075,0.517154,0.594624,-0.027985,0.572454,0.544059,-0.043216,0.597232,0.565639,-0.044655,0.600607,0.596286,-0.041990,0.522514,0.630266,-0.042942,0.587829,0.577448,-0.054028,0.608988,0.607248,-0.048713,0.606618,0.634337,-0.044090,0.535089,0.676072,-0.055194,0.593681,0.611261,-0.061953,0.613905,0.634969,-0.050141,0.613000,0.661654,-0.041402,0.550668,0.724693,-0.066093,0.599052,0.667257,-0.067633,0.616369,0.665028,-0.056783,0.618578,0.671584,-0.047835
1780388638.945,left,fist,0.473143,0.762124,-0.000000,0.456558,0.678259,-0.010772,0.468127,0.596446,-0.017587,0.497559,0.548717,-0.020610,0.521107,0.547739,-0.020716,0.508988,0.645566,-0.039382,0.552727,0.553463,-0.046546,0.537633,0.537689,-0.040330,0.522013,0.556005,-0.033797,0.535992,0.683871,-0.035447,0.575823,0.574707,-0.045841,0.555406,0.562643,-0.037803,0.540649,0.585583,-0.029139,0.554493,0.709271,-0.030034,0.590665,0.608111,-0.036629,0.572876,0.597299,-0.026173,0.559553,0.616031,-0.016829,0.564439,0.725766,-0.024704,0.590614,0.647802,-0.028134,0.580565,0.632182,-0.021695,0.570587,0.644477,-0.015281
1780388639.445,left,fist,0.421120,0.715352,-0.000000,0.399661,0.632566,-0.005644,0.403021,0.549951,-0.010330,0.427551,0.497443,-0.012038,0.449881,0.496716,-0.011593,0.444784,0.578165,-0.034554,0.482916,0.477753,-0.038643,0.469129,0.476404,-0.031638,0.456516,0.504725,-0.025309,0.476534,0.610665,-0.032262,0.507703,0.499859,-0.037930,0.488882,0.501807,-0.029285,0.475667,0.532745,-0.021478,0.499597,0.637025,-0.027823,0.527559,0.530130,-0.030570,0.511189,0.530234,-0.020707,0.498695,0.556574,-0.013658,0.513629,0.659305,-0.023051,0.528937,0.591515,-0.026711,0.515057,0.589842,-0.021670,0.504444,0.611516,-0.016813
1780388639.982,left,fist,0.407888,0.708996,-0.000000,0.382931,0.629506,-0.004311,0.383536,0.550214,-0.008671,0.404599,0.494755,-0.011327,0.425141,0.483911,-0.011431,0.422889,0.573704,-0.032344,0.460705,0.469013,-0.040456,0.447304,0.475606,-0.035392,0.436155,0.505534,-0.028910,0.454531,0.602852,-0.031723,0.484316,0.489229,-0.040141,0.467629,0.497562,-0.032074,0.458724,0.529660,-0.024151,0.478405,0.624844,-0.029616,0.503853,0.514326,-0.035149,0.488262,0.522593,-0.025134,0.479231,0.553457,-0.016703,0.493257,0.640022,-0.027194,0.514437,0.558676,-0.031975,0.506772,0.549412,-0.027167,0.499616,0.567332,-0.021850
1780388640.513,left,fist,0.385555,0.695149,-0.000000,0.357718,0.615466,-0.001288,0.353862,0.533593,-0.006833,0.373879,0.480180,-0.010134,0.397256,0.464819,-0.011030,0.387382,0.558297,-0.038495,0.422580,0.449493,-0.046789,0.408425,0.456490,-0.039484,0.398251,0.490468,-0.031120,0.421084,0.587524,-0.039268,0.448949,0.463201,-0.049547,0.431429,0.476155,-0.038472,0.422845,0.514412,-0.027632,0.448583,0.609789,-0.037512,0.471434,0.489287,-0.043128,0.454908,0.504616,-0.027942,0.446707,0.539260,-0.015780,0.467386,0.630260,-0.034956,0.483189,0.535712,-0.037993,0.469854,0.541554,-0.027758,0.461785,0.572293,-0.018696
1780388641.035,left,fist,0.381832,0.692813,-0.000000,0.354914,0.616689,0.000109,0.350116,0.539513,-0.004758,0.367303,0.483759,-0.007746,0.386326,0.461702,-0.008466,0.383000,0.555222,-0.036673,0.416981,0.449591,-0.045392,0.405359,0.453693,-0.038218,0.396025,0.484683,-0.029684,0.415732,0.582434,-0.038290,0.443590,0.461168,-0.049577,0.427935,0.474327,-0.038452,0.420029,0.510983,-0.027094,0.442813,0.604615,-0.037407,0.465837,0.486109,-0.044377,0.450123,0.501823,-0.028692,0.442122,0.535394,-0.015447,0.461466,0.626302,-0.035579,0.478210,0.530596,-0.038695,0.465379,0.535978,-0.027675,0.457742,0.565903,-0.017782
1780388641.536,left,fist,0.382976,0.693462,-0.000000,0.354164,0.619759,-0.000271,0.349278,0.540237,-0.005063,0.365046,0.481367,-0.008324,0.380009,0.453066,-0.009152,0.380870,0.553455,-0.035430,0.416852,0.445427,-0.044800,0.405857,0.457597,-0.038905,0.396354,0.491794,-0.031043,0.412192,0.581234,-0.037165,0.442593,0.461051,-0.047963,0.428588,0.477679,-0.037899,0.419357,0.514524,-0.027558,0.438431,0.602285,-0.036659,0.462754,0.488405,-0.042378,0.448582,0.504794,-0.027243,0.439846,0.537465,-0.014821,0.457120,0.620862,-0.035473,0.474924,0.524875,-0.036903,0.463692,0.530307,-0.025721,0.455811,0.559604,-0.016267
1780388642.051,left,fist,0.321323,0.681047,-0.000000,0.291036,0.609506,-0.001083,0.285252,0.525859,-0.008845,0.304529,0.459608,-0.016473,0.330784,0.433923,-0.021751,0.295634,0.520176,-0.028331,0.335537,0.414273,-0.041549,0.334892,0.436152,-0.042873,0.326087,0.468410,-0.040443,0.328928,0.538364,-0.032579,0.362830,0.427949,-0.040315,0.359479,0.456066,-0.033884,0.349465,0.492579,-0.028318,0.359927,0.557059,-0.035697,0.387179,0.447497,-0.039200,0.382531,0.472579,-0.026281,0.372544,0.508301,-0.017273,0.385101,0.575943,-0.038749,0.399857,0.491498,-0.039091,0.395954,0.506413,-0.028904,0.390394,0.534048,-0.021147
1780388642.591,left,fist,0.281398,0.650907,-0.000000,0.261087,0.581759,0.007742,0.256548,0.510552,0.001526,0.267067,0.461491,-0.008044,0.280398,0.441644,-0.016163,0.234534,0.471311,-0.011706,0.282763,0.401526,-0.023784,0.291941,0.427910,-0.028533,0.283593,0.455885,-0.030819,0.250050,0.486630,-0.023766,0.298628,0.412486,-0.031231,0.306329,0.442164,-0.028001,0.296427,0.468177,-0.026649,0.272010,0.505999,-0.035079,0.314851,0.427272,-0.039658,0.321377,0.456569,-0.030122,0.311754,0.481589,-0.024502,0.297416,0.528452,-0.046020,0.330931,0.454329,-0.044413,0.334813,0.476679,-0.033857,0.326356,0.501771,-0.027082
1780388643.126,left,fist,0.264734,0.453422,-0.000000,0.297485,0.400511,-0.004822,0.315141,0.339313,-0.005950,0.310387,0.290551,-0.009218,0.302445,0.253824,-0.010096,0.297554,0.283138,0.010104,0.304755,0.241593,-0.003902,0.307732,0.288557,-0.011458,0.303923,0.319254,-0.013408,0.276437,0.280938,0.006740,0.286280,0.239962,-0.005995,0.290002,0.300006,-0.008388,0.285054,0.323835,-0.005903,0.255051,0.285388,0.000289,0.263742,0.241977,-0.014787,0.270720,0.299751,-0.008748,0.267494,0.326551,0.000176,0.230757,0.299858,-0.006643,0.241541,0.264187,-0.015462,0.251113,0.304056,-0.007796,0.250498,0.327385,0.001288
1780388643.645,left,fist,0.265978,0.316572,-0.000000,0.287608,0.308434,-0.021906,0.306763,0.276623,-0.030968,0.302036,0.238696,-0.036800,0.290280,0.217294,-0.038413,0.314803,0.210341,-0.014358,0.297504,0.184355,-0.033056,0.288672,0.223245,-0.041403,0.292929,0.241589,-0.043979,0.293633,0.195195,-0.008892,0.277501,0.177290,-0.028134,0.271820,0.224057,-0.029382,0.280291,0.234889,-0.025340,0.274116,0.188002,-0.007244,0.259879,0.171847,-0.025522,0.256550,0.212704,-0.020098,0.265835,0.223146,-0.011532,0.255550,0.186926,-0.007736,0.247356,0.173606,-0.017680,0.246128,0.199885,-0.013760,0.252426,0.209174,-0.007298
1780388644.180,left,fist,0.273371,0.288887,-0.000000,0.247531,0.299433,-0.026268,0.235014,0.265896,-0.033587,0.227570,0.222931,-0.034977,0.218746,0.190707,-0.032507,0.251655,0.182976,-0.025376,0.206879,0.181553,-0.037814,0.207236,0.217869,-0.041596,0.219363,0.231661,-0.042311,0.254531,0.165540,-0.014225,0.207959,0.179585,-0.027390,0.211245,0.219256,-0.027021,0.224518,0.229123,-0.024054,0.252707,0.163879,-0.005670,0.211446,0.179283,-0.020078,0.214729,0.216263,-0.017116,0.226793,0.226299,-0.011908,0.249494,0.170333,0.000728,0.218207,0.185784,-0.011609,0.219513,0.211912,-0.012853,0.228579,0.222359,-0.010286
1780388644.698,left,fist,0.284766,0.301190,-0.000000,0.257445,0.314849,-0.021072,0.239394,0.284396,-0.027076,0.226446,0.244748,-0.028048,0.213966,0.219854,-0.026301,0.252816,0.206700,-0.024179,0.213102,0.206884,-0.030455,0.214251,0.239774,-0.030492,0.225820,0.253243,-0.029236,0.256792,0.191352,-0.013586,0.217490,0.201739,-0.022399,0.219446,0.236311,-0.021768,0.230801,0.245490,-0.019338,0.257575,0.189894,-0.004056,0.221113,0.202655,-0.014456,0.222874,0.232973,-0.012916,0.234380,0.240186,-0.009356,0.255643,0.194732,0.004228,0.227817,0.204076,-0.005994,0.228542,0.227457,-0.007406,0.238186,0.236219,-0.005469
1780388645.235,left,fist,0.191433,0.327075,-0.000000,0.163149,0.344229,-0.017224,0.141139,0.320652,-0.021386,0.125498,0.291092,-0.020983,0.113763,0.274030,-0.018423,0.145207,0.241973,-0.020296,0.104937,0.244840,-0.023655,0.105290,0.277050,-0.022890,0.116870,0.291467,-0.021104,0.149881,0.229366,-0.009704,0.113518,0.241956,-0.014797,0.116707,0.274963,-0.014076,0.128007,0.283877,-0.012104,0.152482,0.230326,0.000504,0.119143,0.244389,-0.007099,0.122418,0.272961,-0.007003,0.133725,0.281803,-0.004739,0.152472,0.236574,0.010159,0.127012,0.246422,0.002157,0.128962,0.267696,0.000897,0.138178,0.276648,0.002636
1780388645.772,left,fist,0.195975,0.254371,-0.000000,0.175135,0.254885,-0.015657,0.155798,0.222225,-0.018299,0.139180,0.188839,-0.017639,0.126665,0.166273,-0.014938,0.169950,0.155429,-0.012795,0.135076,0.140692,-0.019859,0.123451,0.159928,-0.023479,0.124036,0.178735,-0.024273,0.169403,0.147748,-0.005342,0.136889,0.142503,-0.012978,0.130105,0.168180,-0.016378,0.133090,0.184571,-0.016665,0.167290,0.147602,0.000746,0.136251,0.143996,-0.009077,0.131422,0.167954,-0.011885,0.135589,0.183416,-0.010856,0.163962,0.152455,0.006047,0.139486,0.148006,-0.003060,0.134741,0.165317,-0.005309,0.137513,0.179856,-0.003978
1780388646.393,left,fist,0.354625,0.127701,-0.000000,0.345249,0.113713,-0.022128,0.339409,0.081883,-0.033615,0.332257,0.050288,-0.040983,0.325713,0.028393,-0.046021,0.381660,0.035643,-0.023566,0.355592,0.008295,-0.039310,0.344975,0.025767,-0.048551,0.345905,0.040896,-0.052674,0.378242,0.026490,-0.015776,0.352192,0.004120,-0.030466,0.341860,0.022858,-0.034824,0.343545,0.034681,-0.035354,0.371659,0.022081,-0.010120,0.347198,0.005858,-0.022683,0.338571,0.023764,-0.021821,0.340150,0.036106,-0.018760,0.364221,0.021024,-0.006284,0.344128,0.007768,-0.015262,0.336839,0.023884,-0.014888,0.337582,0.035493,-0.011800
1780388646.901,left,fist,0.554532,0.311745,-0.000000,0.572089,0.335939,-0.003284,0.588257,0.353021,-0.004702,0.601170,0.360405,-0.006839,0.610244,0.357877,-0.008111,0.603706,0.333452,0.003215,0.612935,0.325676,-0.004184,0.603738,0.324642,-0.009665,0.597510,0.327056,-0.012028,0.601677,0.310469,0.002544,0.611746,0.306054,-0.004754,0.601131,0.308390,-0.008083,0.594802,0.311390,-0.008398,0.598269,0.290528,0.000572,0.607250,0.285308,-0.006400,0.596786,0.289811,-0.004902,0.590471,0.293666,-0.001770,0.593486,0.273362,-0.001761,0.601546,0.268405,-0.005463,0.593676,0.273513,-0.002666,0.588368,0.277962,0.001095
1780388647.405,left,fist,0.706514,0.307670,-0.000000,0.715928,0.347248,-0.010904,0.736601,0.377114,-0.015439,0.755058,0.368315,-0.018743,0.765461,0.348808,-0.019178,0.774076,0.363300,-0.004123,0.776348,0.370651,-0.016488,0.754175,0.364952,-0.022664,0.746413,0.357944,-0.024967,0.779515,0.332343,-0.003069,0.773777,0.338430,-0.013870,0.750896,0.337804,-0.014704,0.747269,0.335205,-0.012643,0.777971,0.302312,-0.004511,0.769589,0.308688,-0.014525,0.749313,0.313640,-0.009819,0.745928,0.313512,-0.004314,0.772396,0.273892,-0.007240,0.765187,0.282560,-0.012216,0.750791,0.289130,-0.008233,0.747901,0.290442,-0.003386
1780388647.929,left,fist,0.680689,0.247972,-0.000000,0.688407,0.288387,-0.014936,0.707461,0.320507,-0.022342,0.725219,0.311112,-0.027908,0.736783,0.293042,-0.030272,0.763237,0.314981,-0.009727,0.750932,0.299585,-0.025930,0.727341,0.293458,-0.035060,0.720349,0.295815,-0.039215,0.771407,0.275845,-0.008079,0.744878,0.258391,-0.021560,0.721760,0.261075,-0.023702,0.721309,0.268351,-0.022832,0.769503,0.237838,-0.009323,0.740715,0.225846,-0.022458,0.721125,0.233436,-0.020330,0.721955,0.241164,-0.016538,0.762174,0.204466,-0.012326,0.740947,0.201449,-0.020347,0.725392,0.207408,-0.018783,0.725273,0.210984,-0.015158
1780388648.483,left,fist,0.575393,0.356191,-0.000000,0.582118,0.390211,-0.008517,0.594648,0.423198,-0.015496,0.607620,0.419722,-0.021940,0.614537,0.396748,-0.026642,0.644354,0.394794,-0.008698,0.627060,0.413697,-0.022555,0.608865,0.413331,-0.031546,0.606026,0.411171,-0.036468,0.645201,0.361502,-0.009853,0.619060,0.383959,-0.019268,0.603435,0.385341,-0.021853,0.604145,0.384560,-0.023403,0.638451,0.331279,-0.012673,0.611983,0.354381,-0.020453,0.600136,0.357081,-0.018356,0.602215,0.353739,-0.016718,0.627293,0.304809,-0.016744,0.607705,0.325221,-0.020219,0.598654,0.330189,-0.017931,0.599958,0.326832,-0.015587
1780388649.025,left,fist,0.500547,0.594386,-0.000000,0.514099,0.639590,-0.006928,0.538850,0.664027,-0.011074,0.556476,0.657561,-0.015453,0.564224,0.642676,-0.018015,0.578095,0.613782,-0.005495,0.583329,0.664251,-0.018440,0.563354,0.669936,-0.025299,0.551769,0.661695,-0.028205,0.576606,0.587270,-0.007365,0.571480,0.644515,-0.019274,0.549440,0.646594,-0.021540,0.541873,0.635850,-0.020923,0.568176,0.567537,-0.010987,0.558387,0.623419,-0.021943,0.538502,0.620734,-0.020055,0.533334,0.607275,-0.016523,0.556087,0.552982,-0.015393,0.549699,0.599461,-0.020770,0.536858,0.599940,-0.018234,0.532800,0.587729,-0.014950
1780388649.535,left,fist,0.392225,0.495882,-0.000000,0.419212,0.517699,-0.008506,0.454322,0.509280,-0.010899,0.472507,0.477234,-0.013925,0.477730,0.445928,-0.016472,0.460670,0.434772,-0.001149,0.478793,0.418815,-0.013159,0.480543,0.442842,-0.021997,0.477273,0.465920,-0.026272,0.449256,0.413017,-0.001702,0.466725,0.405579,-0.013227,0.467922,0.435779,-0.020109,0.464964,0.460252,-0.023005,0.433569,0.395865,-0.004422,0.449162,0.395175,-0.017708,0.451649,0.430808,-0.021180,0.449802,0.459929,-0.020806,0.412909,0.382825,-0.007771,0.428877,0.383732,-0.018203,0.433681,0.413297,-0.019490,0.433521,0.439551,-0.018236
1780388650.058,left,fist,0.370760,0.776071,-0.000000,0.425259,0.749677,-0.005707,0.451851,0.688542,-0.009155,0.462443,0.644590,-0.013348,0.471604,0.617189,-0.014577,0.421711,0.573058,-0.002895,0.479445,0.603765,-0.018066,0.469880,0.650559,-0.026851,0.452629,0.651369,-0.032953,0.406101,0.579870,-0.008432,0.468274,0.626935,-0.021175,0.454709,0.670151,-0.021710,0.436861,0.665626,-0.022210,0.394183,0.605864,-0.016317,0.451139,0.648427,-0.027633,0.438787,0.686845,-0.022146,0.422669,0.683496,-0.018524,0.385760,0.642509,-0.025534,0.429275,0.670056,-0.032125,0.421252,0.697395,-0.028538,0.406893,0.696830,-0.025773
1780388650.596,left,fist,0.349908,0.798900,-0.000000,0.343624,0.705927,-0.001352,0.360468,0.629899,-0.009018,0.389625,0.583349,-0.015796,0.415481,0.575357,-0.020432,0.376805,0.641644,-0.031779,0.428060,0.574836,-0.043899,0.411786,0.592357,-0.043482,0.393900,0.617603,-0.040146,0.398207,0.690079,-0.035159,0.443100,0.613941,-0.042269,0.426337,0.628565,-0.034805,0.410909,0.657277,-0.028826,0.417026,0.733313,-0.036993,0.451509,0.658798,-0.039427,0.435286,0.669466,-0.025989,0.420440,0.695158,-0.017329,0.432548,0.770145,-0.038611,0.454167,0.701609,-0.036999,0.439923,0.707885,-0.025385,0.429321,0.730406,-0.017303
1780388651.131,left,fist,0.418233,0.805798,-0.000000,0.414242,0.710436,0.000858,0.434279,0.647128,0.000236,0.464504,0.631844,-0.000255,0.484427,0.646002,-0.000130,0.476442,0.664043,-0.008356,0.498283,0.606895,-0.007706,0.492009,0.599183,-0.004483,0.484228,0.606231,-0.002230,0.496913,0.707121,-0.008790,0.506187,0.649237,-0.005272,0.491210,0.650961,-0.000268,0.479172,0.666601,0.002261,0.506952,0.745349,-0.008212,0.506610,0.691696,-0.005382,0.493598,0.694889,-0.000947,0.481995,0.711347,0.000729,0.509878,0.775711,-0.007381,0.506824,0.732279,-0.004906,0.496701,0.734626,-0.000596,0.488248,0.748859,0.002484
1780388651.656,left,fist,0.449559,0.826511,-0.000000,0.471290,0.776024,0.005531,0.500981,0.743077,0.002240,0.527865,0.746361,-0.004150,0.545312,0.757753,-0.008808,0.513476,0.696359,0.002676,0.556408,0.733501,-0.006507,0.545130,0.758312,-0.012242,0.530904,0.757430,-0.016101,0.516970,0.707935,-0.006126,0.557971,0.762715,-0.012413,0.542097,0.785068,-0.013112,0.527515,0.777374,-0.013872,0.519890,0.730930,-0.015392,0.555334,0.785977,-0.017466,0.537470,0.805244,-0.012359,0.523479,0.795474,-0.010087,0.522044,0.762092,-0.025168,0.546305,0.806719,-0.022666,0.531247,0.820243,-0.017004,0.519446,0.811649,-0.013767
1780388652.168,left,fist,0.451295,0.830707,-0.000000,0.481411,0.802435,0.003414,0.508310,0.772945,-0.000029,0.531943,0.768744,-0.006193,0.546790,0.770811,-0.010279,0.513385,0.696932,0.002927,0.556740,0.733436,-0.006148,0.546099,0.761359,-0.012105,0.531648,0.761989,-0.016278,0.515283,0.702941,-0.004590,0.559741,0.760411,-0.010729,0.544748,0.786086,-0.010942,0.529889,0.778729,-0.011608,0.517194,0.722952,-0.012968,0.556920,0.781337,-0.016024,0.539935,0.803683,-0.011371,0.525338,0.795326,-0.009475,0.519108,0.753013,-0.021975,0.545328,0.803588,-0.020978,0.530174,0.819553,-0.016381,0.517030,0.811565,-0.013971
1780388652.678,left,fist,0.449280,0.834954,-0.000000,0.489666,0.825534,0.002175,0.516143,0.797334,-0.000865,0.535721,0.782384,-0.006432,0.546603,0.775145,-0.009720,0.514740,0.696993,0.002854,0.558487,0.733910,-0.006536,0.547682,0.764114,-0.013105,0.532107,0.765812,-0.017762,0.514562,0.700930,-0.004155,0.560670,0.760231,-0.010736,0.545966,0.786832,-0.011342,0.530046,0.779807,-0.012318,0.515088,0.720713,-0.012207,0.556410,0.780124,-0.015972,0.539731,0.803224,-0.011991,0.524372,0.796700,-0.010496,0.516577,0.751392,-0.020995,0.543646,0.802797,-0.021204,0.529506,0.819977,-0.017674,0.516662,0.814304,-0.015926
1780388653.227,left,fist,0.446936,0.833372,-0.000000,0.489758,0.826533,0.001529,0.516259,0.797010,-0.001798,0.535123,0.779014,-0.007585,0.546349,0.769974,-0.010977,0.512722,0.694389,0.002417,0.557402,0.732145,-0.007550,0.546227,0.762501,-0.014294,0.530830,0.762172,-0.019217,0.511711,0.697845,-0.004674,0.559171,0.757489,-0.011933,0.543998,0.783596,-0.012371,0.528562,0.774175,-0.013327,0.511542,0.717444,-0.012976,0.554459,0.776569,-0.017440,0.537629,0.799090,-0.013198,0.522718,0.790387,-0.011650,0.512609,0.748366,-0.022082,0.540952,0.799600,-0.022889,0.526498,0.816570,-0.019469,0.513598,0.809265,-0.017938
1780388653.732,left,fist,0.447136,0.832746,-0.000000,0.488868,0.825553,0.001531,0.515818,0.795036,-0.001553,0.534947,0.776596,-0.006966,0.545532,0.767090,-0.009971,0.512461,0.693237,0.001554,0.556912,0.730829,-0.008319,0.545715,0.761848,-0.014543,0.530243,0.762495,-0.018966,0.511341,0.696228,-0.005296,0.558985,0.755698,-0.012647,0.543720,0.783041,-0.012672,0.528114,0.774875,-0.013090,0.511133,0.715606,-0.013273,0.553725,0.776004,-0.017922,0.536758,0.799753,-0.013522,0.521943,0.791954,-0.011593,0.512230,0.746499,-0.022005,0.540434,0.799190,-0.022772,0.526380,0.816759,-0.019258,0.514065,0.809942,-0.017506
1780388654.272,left,fist,0.424964,0.815317,-0.000000,0.472728,0.806640,-0.000531,0.500842,0.772465,-0.004547,0.520032,0.747658,-0.010901,0.531845,0.728498,-0.014457,0.488401,0.663948,-0.000966,0.541225,0.696557,-0.013904,0.532859,0.732136,-0.020447,0.518363,0.737454,-0.023981,0.484966,0.670245,-0.007545,0.540588,0.725246,-0.018291,0.525640,0.757865,-0.017759,0.510504,0.753517,-0.016590,0.483539,0.692434,-0.015763,0.532507,0.751863,-0.023204,0.516323,0.777785,-0.017551,0.502354,0.772295,-0.013558,0.483857,0.725002,-0.024914,0.518736,0.774693,-0.026559,0.506733,0.794847,-0.021893,0.495397,0.791261,-0.018707
1780388654.777,left,fist,0.356526,0.783990,-0.000000,0.409694,0.746614,-0.001675,0.432572,0.690926,-0.007046,0.444861,0.646679,-0.014649,0.453653,0.620899,-0.019506,0.404987,0.580685,-0.006627,0.463407,0.593089,-0.021448,0.457188,0.634769,-0.029470,0.442181,0.643248,-0.034693,0.397557,0.598749,-0.014435,0.463348,0.632323,-0.027141,0.450539,0.668194,-0.028120,0.432730,0.666931,-0.029046,0.393952,0.632912,-0.023572,0.453720,0.670049,-0.033269,0.439245,0.699946,-0.027986,0.422541,0.697466,-0.025007,0.393339,0.675006,-0.033590,0.440916,0.702296,-0.037846,0.431832,0.725061,-0.033266,0.418168,0.725902,-0.030416
1780388655.314,left,fist,0.333992,0.767040,-0.000000,0.370391,0.707696,0.002290,0.388925,0.642947,-0.003025,0.398532,0.594864,-0.010744,0.405596,0.570852,-0.016393,0.362588,0.555361,-0.010509,0.421065,0.549620,-0.023441,0.419692,0.592125,-0.029200,0.404817,0.606514,-0.032788,0.358841,0.579593,-0.019860,0.426286,0.590140,-0.029043,0.418672,0.627564,-0.027294,0.400971,0.633310,-0.027541,0.359498,0.618186,-0.029434,0.422141,0.630892,-0.036088,0.412081,0.662320,-0.028485,0.395586,0.666255,-0.024903,0.362879,0.663165,-0.039275,0.415713,0.665717,-0.040580,0.409046,0.688987,-0.033190,0.393725,0.695587,-0.028957
1780388655.824,left,fist,0.306867,0.716839,-0.000000,0.297904,0.646996,-0.005284,0.306047,0.570195,-0.017933,0.328694,0.522937,-0.030648,0.349881,0.507661,-0.041217,0.296340,0.540622,-0.033327,0.356643,0.489041,-0.051354,0.357933,0.522780,-0.057903,0.342974,0.542829,-0.060904,0.310876,0.576612,-0.040588,0.372250,0.520645,-0.053616,0.368257,0.554232,-0.050006,0.351049,0.576279,-0.048086,0.329564,0.615557,-0.047686,0.383617,0.560760,-0.055009,0.376156,0.589752,-0.043439,0.359050,0.609731,-0.036634,0.349275,0.654053,-0.055497,0.389142,0.600850,-0.056252,0.381990,0.621762,-0.045572,0.367026,0.641855,-0.038818
1780388656.348,left,fist,0.268307,0.683373,-0.000000,0.243639,0.617379,-0.005793,0.242668,0.533686,-0.020675,0.266571,0.480978,-0.034501,0.293728,0.464451,-0.046225,0.234959,0.537437,-0.045558,0.283884,0.439829,-0.064640,0.285217,0.466929,-0.069524,0.272964,0.500375,-0.069624,0.261562,0.572681,-0.050764,0.307470,0.469839,-0.063829,0.304791,0.497028,-0.056987,0.290744,0.533226,-0.052209,0.290460,0.600390,-0.054891,0.326646,0.504856,-0.058875,0.321836,0.529977,-0.042500,0.308716,0.562771,-0.032702,0.318489,0.622256,-0.059685,0.340047,0.538329,-0.055243,0.334535,0.560441,-0.039910,0.325012,0.591411,-0.030754
1780388656.874,left,fist,0.217874,0.672981,-0.000000,0.235588,0.561779,-0.005355,0.222728,0.489400,-0.012778,0.210731,0.448312,-0.021729,0.202310,0.417255,-0.027168,0.141668,0.478581,-0.007875,0.182384,0.396117,-0.026175,0.208268,0.429997,-0.034621,0.209490,0.462586,-0.039505,0.136979,0.504943,-0.015132,0.189966,0.417055,-0.032331,0.213158,0.462547,-0.033135,0.205953,0.491047,-0.032167,0.145019,0.533929,-0.024607,0.199956,0.457123,-0.039073,0.217396,0.499009,-0.033752,0.207088,0.525173,-0.029242,0.161651,0.560543,-0.035261,0.203948,0.502632,-0.043681,0.217028,0.526846,-0.040913,0.209705,0.545267,-0.038368
1780388657.383,left,fist,0.257715,0.679943,-0.000000,0.289188,0.608619,-0.008016,0.297118,0.525947,-0.012761,0.285252,0.481491,-0.018868,0.271366,0.449471,-0.022045,0.232397,0.461199,-0.003061,0.271519,0.415979,-0.021047,0.293123,0.457380,-0.029666,0.298752,0.493274,-0.032278,0.212290,0.475119,-0.006506,0.267088,0.451897,-0.023577,0.283351,0.506459,-0.027153,0.280974,0.536215,-0.025825,0.200778,0.500946,-0.012529,0.255359,0.483781,-0.029900,0.267808,0.538164,-0.027658,0.262891,0.565106,-0.021707,0.194465,0.535180,-0.019416,0.238773,0.511750,-0.029251,0.251034,0.544757,-0.025487,0.246913,0.566543,-0.019368
1780388657.927,left,fist,0.275813,0.684276,-0.000000,0.310406,0.620273,-0.007130,0.323914,0.541424,-0.011578,0.322463,0.486892,-0.017529,0.317895,0.441816,-0.020787,0.265734,0.467550,0.000332,0.307329,0.438873,-0.016765,0.325331,0.477796,-0.025487,0.328275,0.507334,-0.028717,0.246242,0.475773,-0.003457,0.301908,0.465944,-0.020665,0.312709,0.524315,-0.024205,0.306480,0.553120,-0.022683,0.233549,0.498662,-0.009931,0.289927,0.494600,-0.028317,0.296285,0.551539,-0.026135,0.287737,0.575799,-0.019799,0.225793,0.531188,-0.017171,0.271092,0.521014,-0.028303,0.278298,0.556637,-0.025358,0.270586,0.574656,-0.019589
1780388658.459,left,fist,0.277749,0.680166,-0.000000,0.311158,0.614284,-0.007283,0.322680,0.536676,-0.012222,0.320775,0.483279,-0.018520,0.315768,0.437487,-0.021864,0.263007,0.465293,-0.001252,0.306290,0.438237,-0.019139,0.324476,0.481561,-0.027795,0.326720,0.511939,-0.030962,0.243726,0.473549,-0.005364,0.302047,0.462617,-0.022739,0.312832,0.522346,-0.025907,0.305047,0.548572,-0.024431,0.231984,0.496263,-0.012159,0.290148,0.490646,-0.030814,0.296491,0.548190,-0.028235,0.286708,0.570640,-0.021930,0.225122,0.528498,-0.019703,0.272110,0.516980,-0.031047,0.280093,0.553442,-0.027672,0.272213,0.571342,-0.021786
1780388658.997,left,fist,0.301557,0.708787,-0.000000,0.339539,0.649465,-0.006537,0.357367,0.573640,-0.011562,0.361474,0.520405,-0.017843,0.362162,0.473490,-0.021142,0.304948,0.488460,-0.003258,0.352421,0.470206,-0.020341,0.367143,0.516833,-0.028285,0.366604,0.550229,-0.030917,0.286713,0.494669,-0.007590,0.345986,0.497800,-0.023956,0.353034,0.557117,-0.026161,0.344671,0.584071,-0.024345,0.274797,0.517620,-0.014289,0.332096,0.524369,-0.031289,0.334472,0.580588,-0.027844,0.324419,0.602184,-0.021429,0.267614,0.549869,-0.021742,0.313928,0.547349,-0.031853,0.318204,0.583476,-0.027969,0.309339,0.600184,-0.022074
1780388659.526,left,fist,0.359746,0.770936,-0.000000,0.411404,0.725014,-0.002704,0.434738,0.666084,-0.007452,0.445348,0.619734,-0.014316,0.453939,0.578970,-0.018032,0.398016,0.562866,-0.002060,0.452115,0.564059,-0.019599,0.455117,0.619845,-0.028619,0.445095,0.644863,-0.033024,0.383321,0.566333,-0.009135,0.444738,0.584349,-0.026016,0.442941,0.642913,-0.028353,0.429040,0.660033,-0.027441,0.372772,0.586290,-0.018381,0.429969,0.612062,-0.033191,0.425845,0.661497,-0.029067,0.411536,0.671390,-0.023853,0.366657,0.616368,-0.028385,0.410975,0.636910,-0.036176,0.409655,0.670316,-0.032346,0.397778,0.677158,-0.028023
1780388660.069,left,fist,0.369840,0.791236,-0.000000,0.425184,0.750842,-0.001511,0.450142,0.693580,-0.005598,0.462612,0.648168,-0.012157,0.471117,0.606891,-0.015603,0.418869,0.587878,-0.000432,0.473266,0.597840,-0.018561,0.472527,0.655240,-0.028534,0.460603,0.679137,-0.033714,0.405407,0.589563,-0.008213,0.467835,0.615296,-0.026032,0.462022,0.675003,-0.028861,0.446734,0.692566,-0.028028,0.395764,0.608221,-0.018228,0.453712,0.641660,-0.033327,0.445201,0.690807,-0.028899,0.429154,0.699966,-0.023335,0.389980,0.637625,-0.029042,0.434036,0.662539,-0.037115,0.429866,0.694706,-0.033330,0.417185,0.699794,-0.029028
1780388660.610,left,fist,0.409467,0.790900,-0.000000,0.460815,0.762655,-0.000425,0.481453,0.710085,-0.003541,0.491312,0.668510,-0.009048,0.499465,0.635020,-0.011706,0.459111,0.611739,0.001694,0.509613,0.624455,-0.014417,0.507541,0.673039,-0.023497,0.494859,0.693493,-0.028571,0.449652,0.610408,-0.006015,0.509300,0.635183,-0.021899,0.501802,0.687992,-0.024077,0.485944,0.701508,-0.023170,0.443648,0.624749,-0.015825,0.499198,0.658384,-0.029583,0.488340,0.704231,-0.024860,0.471855,0.711054,-0.019642,0.440480,0.649727,-0.026385,0.481028,0.680810,-0.034510,0.473623,0.712691,-0.031274,0.460050,0.715137,-0.027726
1780388661.161,left,fist,0.386362,0.733352,-0.000000,0.430181,0.703091,-0.002672,0.451940,0.647579,-0.006072,0.459818,0.601514,-0.011414,0.465062,0.558657,-0.013796,0.427869,0.556077,-0.000562,0.470781,0.552475,-0.018543,0.473839,0.606414,-0.026826,0.464866,0.632892,-0.029777,0.413956,0.553583,-0.006766,0.466568,0.568319,-0.024365,0.462965,0.628614,-0.025574,0.449926,0.645055,-0.022561,0.402770,0.565622,-0.015397,0.453141,0.594545,-0.032108,0.446134,0.646109,-0.027019,0.432507,0.654550,-0.019721,0.394908,0.587587,-0.024619,0.434362,0.614727,-0.033715,0.430498,0.648518,-0.029351,0.418189,0.652640,-0.023737
1780388661.692,left,fist,0.353354,0.720567,-0.000000,0.398825,0.681737,-0.003296,0.421351,0.625481,-0.008264,0.429117,0.582737,-0.014906,0.435495,0.545371,-0.018617,0.391059,0.526334,-0.003943,0.439311,0.528739,-0.021396,0.444975,0.581349,-0.029218,0.436265,0.614075,-0.031932,0.375912,0.525869,-0.010421,0.433642,0.543777,-0.027441,0.433856,0.603857,-0.028934,0.420922,0.627424,-0.026529,0.364313,0.542424,-0.018889,0.417661,0.566167,-0.034581,0.414948,0.618983,-0.029836,0.401930,0.634490,-0.023345,0.355724,0.570273,-0.027996,0.396817,0.590657,-0.036925,0.396183,0.625600,-0.032777,0.385321,0.634610,-0.027488
1780388662.194,left,fist,0.353427,0.725600,-0.000000,0.407120,0.679139,0.003269,0.426012,0.626534,-0.000676,0.433959,0.585849,-0.008121,0.436405,0.560462,-0.013360,0.394799,0.530907,-0.000767,0.450159,0.536972,-0.014980,0.449152,0.580297,-0.022054,0.436872,0.592844,-0.026262,0.385490,0.544889,-0.010624,0.448897,0.565036,-0.022540,0.442075,0.607216,-0.021864,0.427142,0.610392,-0.020845,0.380416,0.571643,-0.021756,0.439767,0.594266,-0.031705,0.432108,0.631077,-0.025245,0.418223,0.633227,-0.020552,0.379301,0.605972,-0.033349,0.425479,0.622051,-0.037249,0.421239,0.649197,-0.031453,0.409504,0.653373,-0.027198
1780388662.728,left,fist,0.437900,0.856777,-0.000000,0.493592,0.840160,0.004265,0.520707,0.800706,0.001411,0.538706,0.770885,-0.005026,0.549909,0.752759,-0.009519,0.508126,0.694719,0.001401,0.561522,0.728075,-0.011820,0.555745,0.767154,-0.019746,0.540084,0.779999,-0.024003,0.502716,0.708450,-0.007829,0.561140,0.754677,-0.018684,0.550278,0.792547,-0.019284,0.532983,0.799732,-0.018655,0.499912,0.736195,-0.018102,0.552333,0.783928,-0.025892,0.540528,0.815563,-0.020466,0.525288,0.820921,-0.016058,0.498558,0.772293,-0.028748,0.538082,0.809409,-0.030019,0.530925,0.833543,-0.023916,0.520786,0.839709,-0.019453
1780388663.232,left,fist,0.565440,0.734342,-0.000000,0.597277,0.712318,0.006323,0.617686,0.683414,0.006058,0.634352,0.667446,0.001823,0.647058,0.657284,-0.000837,0.614924,0.595934,0.015662,0.655077,0.623324,0.007796,0.649483,0.660385,-0.000412,0.634495,0.677412,-0.005233,0.617320,0.592620,0.008259,0.658971,0.627608,0.002876,0.651251,0.665188,-0.000555,0.635710,0.681210,-0.001746,0.621696,0.601948,-0.000314,0.661245,0.635084,-0.003988,0.652092,0.671434,-0.001407,0.637494,0.685998,0.001441,0.627029,0.621060,-0.009186,0.656720,0.651567,-0.008978,0.648825,0.678724,-0.004246,0.635784,0.688855,-0.000022
1780388663.752,left,fist,0.684222,0.512529,-0.000000,0.703405,0.542012,0.004277,0.715301,0.546879,0.007490,0.725841,0.540776,0.006456,0.732815,0.530643,0.006036,0.723275,0.509031,0.020851,0.738349,0.515540,0.015795,0.735907,0.530036,0.011064,0.726095,0.535867,0.010027,0.725583,0.492916,0.015320,0.745538,0.501167,0.006908,0.735922,0.515480,-0.000002,0.719731,0.515402,-0.001471,0.727357,0.473362,0.008101,0.748756,0.485534,-0.002166,0.733721,0.500661,-0.006263,0.715164,0.497300,-0.004812,0.726117,0.449183,0.001353,0.746676,0.466770,-0.003558,0.739712,0.483115,-0.002535,0.726460,0.485878,0.000391
1780388664.289,left,fist,0.682187,0.446018,-0.000000,0.692197,0.486425,-0.002972,0.710115,0.511294,-0.001911,0.727253,0.499978,-0.001874,0.733715,0.481635,-0.001417,0.724454,0.501157,0.005484,0.742200,0.505829,-0.001864,0.737689,0.499865,-0.006800,0.727059,0.495161,-0.008325,0.725913,0.477851,0.004337,0.743926,0.482436,-0.004697,0.729782,0.475771,-0.008710,0.715339,0.473019,-0.008176,0.725361,0.456643,0.001775,0.743173,0.460264,-0.007967,0.727783,0.457198,-0.008394,0.713483,0.455909,-0.005030,0.722803,0.433606,-0.001013,0.738057,0.438232,-0.007621,0.730206,0.440439,-0.006747,0.720576,0.441418,-0.003754
1780388664.792,left,fist,0.772057,0.423302,-0.000000,0.786703,0.460299,-0.001514,0.803022,0.481734,-0.000326,0.819384,0.474574,-0.000419,0.825108,0.459766,0.000571,0.813438,0.476158,0.010473,0.829555,0.477443,0.004697,0.820856,0.469875,0.000207,0.811803,0.467813,-0.001444,0.814412,0.455339,0.009095,0.830741,0.455895,0.002506,0.817277,0.450868,-0.000695,0.807773,0.451466,-0.000327,0.813798,0.436514,0.006186,0.829917,0.436040,-0.000886,0.815329,0.434395,0.000040,0.805086,0.435045,0.003549,0.811504,0.416128,0.002962,0.823415,0.417485,-0.000825,0.813429,0.420083,0.001423,0.805569,0.422328,0.004931
1780388665.706,left,fist,0.789235,0.092404,0.000000,0.814354,0.091124,-0.009822,0.841535,0.079152,-0.008607,0.858732,0.057449,-0.005563,0.870206,0.038789,-0.001514,0.845084,0.093822,0.006908,0.863276,0.068078,0.009355,0.873184,0.047840,0.008372,0.880047,0.031608,0.007528,0.839461,0.081817,0.013021,0.854899,0.059244,0.017991,0.865291,0.040520,0.016483,0.872661,0.024069,0.014801,0.833181,0.071121,0.017438,0.846902,0.050809,0.021283,0.856661,0.036829,0.020310,0.864528,0.024666,0.019296,0.826666,0.061930,0.020731,0.839195,0.047178,0.023367,0.846706,0.037507,0.024339,0.852829,0.029319,0.025232
1780388666.250,left,fist,0.718526,0.085594,-0.000000,0.733197,0.101991,-0.005804,0.745871,0.110090,-0.012449,0.749864,0.107695,-0.019619,0.748514,0.101978,-0.026853,0.760149,0.050440,-0.009811,0.760694,0.062697,-0.020280,0.750654,0.089699,-0.028115,0.741552,0.108214,-0.032300,0.748002,0.038868,-0.011434,0.747549,0.056293,-0.020229,0.737199,0.087587,-0.023855,0.728173,0.106506,-0.025714,0.734559,0.032446,-0.013800,0.734798,0.048039,-0.022739,0.727211,0.076924,-0.021748,0.719409,0.093951,-0.019551,0.720425,0.029843,-0.016634,0.721521,0.043946,-0.022447,0.717527,0.066727,-0.020096,0.712413,0.079731,-0.017104
1780388666.907,left,fist,0.412136,0.479827,-0.000000,0.418753,0.435748,-0.001073,0.410205,0.396873,-0.001930,0.399048,0.375725,-0.004949,0.387882,0.366262,-0.006488,0.383588,0.386626,0.005916,0.382652,0.343745,-0.004437,0.393836,0.366778,-0.011319,0.395595,0.391896,-0.013377,0.377993,0.393223,0.001640,0.380780,0.346713,-0.007856,0.392388,0.375157,-0.011409,0.391803,0.401872,-0.011158,0.372234,0.402119,-0.004385,0.377219,0.357220,-0.013457,0.388872,0.384264,-0.011106,0.389043,0.410340,-0.006273,0.366044,0.414947,-0.010730,0.371888,0.375430,-0.014804,0.381546,0.389949,-0.010108,0.382758,0.409921,-0.005105
1780388667.453,left,fist,0.389797,0.651681,-0.000000,0.364022,0.583939,0.001254,0.364036,0.520619,-0.003779,0.383801,0.478674,-0.009026,0.407833,0.473036,-0.013282,0.375643,0.498748,-0.016891,0.401082,0.436028,-0.023592,0.399948,0.456206,-0.025488,0.392954,0.479968,-0.025913,0.403428,0.516293,-0.021326,0.421570,0.464298,-0.020993,0.417467,0.481301,-0.016484,0.410796,0.504124,-0.014804,0.426797,0.539487,-0.024687,0.435913,0.500632,-0.021208,0.430440,0.514162,-0.013255,0.423843,0.534459,-0.010075,0.444750,0.564413,-0.028124,0.445184,0.537757,-0.022082,0.439943,0.550873,-0.012578,0.436396,0.567196,-0.006810
1780388667.959,left,fist,0.492193,0.666899,-0.000000,0.544743,0.663278,0.001325,0.575330,0.633395,-0.002091,0.594320,0.609496,-0.008939,0.610171,0.587036,-0.013084,0.569444,0.523398,0.005069,0.614518,0.562325,-0.010904,0.602816,0.609223,-0.019786,0.587006,0.621725,-0.024368,0.559602,0.514135,-0.003729,0.610675,0.571783,-0.019210,0.592453,0.619626,-0.021277,0.575126,0.621878,-0.019855,0.550196,0.520623,-0.014546,0.596535,0.583387,-0.028355,0.576945,0.624338,-0.023555,0.559778,0.621446,-0.017548,0.541619,0.538099,-0.025894,0.575298,0.587866,-0.033094,0.563360,0.617761,-0.028387,0.550002,0.614102,-0.023234
1780388668.494,left,fist,0.543550,0.609254,-0.000000,0.571813,0.633718,-0.000512,0.598830,0.633815,-0.001667,0.618744,0.628311,-0.005741,0.635078,0.620783,-0.008098,0.613154,0.588224,0.007933,0.636649,0.591113,-0.003967,0.624105,0.613434,-0.010022,0.611368,0.616015,-0.011359,0.608088,0.572128,0.003331,0.629535,0.588987,-0.008506,0.609351,0.611258,-0.011137,0.597838,0.604127,-0.009749,0.601683,0.555071,-0.003404,0.620746,0.577644,-0.016663,0.600047,0.595951,-0.013773,0.588234,0.586826,-0.007875,0.592973,0.536096,-0.010171,0.609893,0.560565,-0.017135,0.597085,0.576429,-0.012373,0.587008,0.568573,-0.006520
1780388669.029,left,fist,0.599829,0.581321,-0.000000,0.621756,0.606147,-0.005132,0.646033,0.616109,-0.008462,0.663856,0.611795,-0.012256,0.676431,0.598921,-0.014601,0.667280,0.557211,-0.001807,0.678636,0.595578,-0.011832,0.662777,0.608848,-0.017806,0.651530,0.607693,-0.020309,0.662405,0.537885,-0.003546,0.667606,0.584109,-0.012497,0.649264,0.594023,-0.014684,0.639379,0.589695,-0.014278,0.653173,0.525521,-0.006766,0.656878,0.572754,-0.015577,0.639972,0.579718,-0.013597,0.631017,0.574169,-0.010011,0.641324,0.518146,-0.010606,0.646186,0.555464,-0.015714,0.635161,0.565693,-0.012975,0.627950,0.563586,-0.009070
1780388669.541,left,fist,0.522653,0.552855,-0.000000,0.542218,0.562892,-0.004634,0.560476,0.562289,-0.007126,0.573161,0.557334,-0.010433,0.580963,0.548683,-0.013413,0.575694,0.523897,0.001316,0.589834,0.513840,-0.005013,0.587451,0.515156,-0.011176,0.583891,0.517728,-0.014888,0.567424,0.509422,-0.000093,0.580612,0.499701,-0.006552,0.575708,0.506788,-0.011620,0.569649,0.514110,-0.014161,0.557085,0.498016,-0.002681,0.568730,0.489280,-0.008638,0.564090,0.498469,-0.009128,0.557656,0.506645,-0.008276,0.545030,0.489709,-0.005830,0.553503,0.478498,-0.009280,0.551306,0.486421,-0.007434,0.547333,0.495146,-0.005108
1780388670.083,left,fist,0.422410,0.611454,-0.000000,0.439397,0.597371,-0.004409,0.451584,0.567357,-0.006111,0.452421,0.543176,-0.007849,0.449079,0.526005,-0.008364,0.437878,0.516451,-0.000838,0.450589,0.518441,-0.008330,0.451442,0.542853,-0.012387,0.448266,0.552848,-0.014073,0.425547,0.515187,-0.001836,0.439811,0.532328,-0.007407,0.439778,0.559331,-0.008475,0.435207,0.561138,-0.008351,0.414608,0.523905,-0.004099,0.428586,0.540395,-0.011165,0.429810,0.564392,-0.009496,0.426137,0.566071,-0.007072,0.404659,0.537806,-0.006767,0.416938,0.544328,-0.010986,0.420444,0.562336,-0.008339,0.418733,0.567013,-0.005078
1780388670.603,left,fist,0.358594,0.597898,-0.000000,0.379033,0.566955,0.000986,0.386473,0.531796,-0.001350,0.390507,0.505195,-0.004836,0.393251,0.489543,-0.006994,0.362824,0.485735,-0.004614,0.394271,0.474333,-0.011893,0.395054,0.497885,-0.015054,0.388288,0.508302,-0.017129,0.361480,0.497155,-0.009332,0.397897,0.489890,-0.015393,0.395425,0.512513,-0.014403,0.386889,0.518661,-0.014217,0.363549,0.514994,-0.014443,0.397933,0.510179,-0.019334,0.394042,0.530906,-0.015441,0.385645,0.535861,-0.013359,0.367987,0.535991,-0.019732,0.395818,0.530654,-0.021553,0.392697,0.546864,-0.018636,0.384382,0.552774,-0.017103
1780388671.133,left,fist,0.306489,0.584792,-0.000000,0.294843,0.547401,0.001316,0.293224,0.504446,-0.002747,0.302804,0.473465,-0.007650,0.314369,0.457598,-0.011311,0.286267,0.487149,-0.009659,0.312204,0.445245,-0.017389,0.316388,0.460931,-0.020283,0.311236,0.477321,-0.021095,0.298361,0.497339,-0.014296,0.325458,0.459504,-0.018316,0.326496,0.475951,-0.016370,0.318649,0.490445,-0.015506,0.312212,0.509082,-0.018795,0.335703,0.476119,-0.019847,0.335217,0.491588,-0.014033,0.327793,0.504056,-0.011150,0.326157,0.521914,-0.023452,0.342740,0.493445,-0.021561,0.341556,0.507406,-0.015664,0.335431,0.519239,-0.012135
1780388671.680,left,fist,0.304087,0.578686,-0.000000,0.305632,0.535991,0.000604,0.299199,0.504084,-0.001794,0.293942,0.480906,-0.005534,0.290520,0.464667,-0.007903,0.268740,0.495584,-0.000760,0.288403,0.457018,-0.007393,0.295149,0.474142,-0.010986,0.292574,0.487397,-0.013459,0.269961,0.501072,-0.005074,0.295310,0.461734,-0.010557,0.299529,0.481442,-0.010482,0.295176,0.494421,-0.010551,0.275649,0.507692,-0.010064,0.300419,0.473944,-0.014162,0.303393,0.493989,-0.011402,0.298908,0.505938,-0.009896,0.284530,0.514579,-0.015401,0.304670,0.489898,-0.016788,0.307199,0.506189,-0.014599,0.303009,0.517309,-0.013381
1780388672.194,left,fist,0.307976,0.563396,-0.000000,0.315182,0.536527,-0.008670,0.316258,0.498331,-0.010597,0.304158,0.480553,-0.011774,0.292282,0.477409,-0.010976,0.307074,0.472503,-0.000505,0.292751,0.455151,-0.010076,0.292189,0.477768,-0.015149,0.297099,0.490084,-0.016493,0.296937,0.482402,0.001387,0.283491,0.468958,-0.009059,0.287632,0.493430,-0.011680,0.294578,0.500701,-0.010048,0.288596,0.493069,0.001258,0.276058,0.484472,-0.009148,0.282645,0.506082,-0.008111,0.290731,0.511558,-0.003856,0.281253,0.504898,0.000344,0.272614,0.499961,-0.006076,0.278300,0.514349,-0.004907,0.285342,0.519212,-0.001463
1780388672.742,left,fist,0.254255,0.461694,-0.000000,0.240810,0.462712,-0.018008,0.231719,0.440156,-0.024943,0.224476,0.410825,-0.027679,0.218361,0.384223,-0.028978,0.255738,0.385586,-0.020389,0.228945,0.369029,-0.026609,0.214115,0.371319,-0.029777,0.206497,0.377273,-0.031829,0.255614,0.371814,-0.013664,0.227708,0.363795,-0.019210,0.216396,0.377473,-0.020418,0.212702,0.389734,-0.021220,0.252808,0.366917,-0.008179,0.226101,0.361868,-0.013478,0.219167,0.377531,-0.012584,0.218448,0.387521,-0.011896,0.249713,0.368309,-0.004295,0.230369,0.367722,-0.011161,0.224891,0.380743,-0.012007,0.224095,0.389169,-0.011276
1780388673.307,left,fist,0.076555,0.503775,-0.000000,0.062655,0.491699,-0.037684,0.051288,0.448344,-0.052091,0.039542,0.402990,-0.059610,0.028871,0.370775,-0.063474,0.074072,0.366924,-0.036287,0.026228,0.326629,-0.053005,0.013240,0.362308,-0.060804,0.018118,0.391482,-0.063191,0.065018,0.366158,-0.020333,0.023223,0.334060,-0.039790,0.015362,0.374074,-0.047697,0.022241,0.401413,-0.048482,0.055235,0.367572,-0.007432,0.018074,0.342782,-0.026218,0.012032,0.380111,-0.030705,0.019950,0.404831,-0.028498,0.046465,0.368329,0.003009,0.018539,0.350933,-0.012248,0.013006,0.377609,-0.016363,0.020341,0.400387,-0.014735
1780388673.920,left,fist,0.155311,0.659858,-0.000000,0.208044,0.639635,-0.027654,0.236017,0.553110,-0.039364,0.221577,0.479552,-0.049160,0.194722,0.438317,-0.055899,0.207245,0.437666,-0.022244,0.201133,0.355307,-0.049574,0.196074,0.411238,-0.062473,0.195449,0.459104,-0.066805,0.169642,0.432264,-0.019056,0.159339,0.350794,-0.047354,0.160011,0.431638,-0.052553,0.167836,0.485484,-0.048629,0.133059,0.441678,-0.020517,0.123809,0.357734,-0.049744,0.129442,0.435302,-0.045034,0.139004,0.491588,-0.033156,0.097924,0.464636,-0.023941,0.092440,0.394859,-0.044307,0.100215,0.443454,-0.039663,0.110402,0.489139,-0.030122
1780388674.438,left,fist,0.321390,0.653549,-0.000000,0.371150,0.603122,-0.019762,0.409705,0.490532,-0.026518,0.417887,0.389191,-0.032409,0.391422,0.341153,-0.033119,0.359679,0.386796,-0.005312,0.384671,0.353404,-0.029160,0.389711,0.428804,-0.035104,0.378808,0.448338,-0.034711,0.328622,0.385069,-0.005110,0.358350,0.374221,-0.028855,0.360271,0.471174,-0.027814,0.344517,0.468381,-0.020529,0.300193,0.401191,-0.009907,0.329667,0.404644,-0.039032,0.333656,0.489363,-0.030768,0.318372,0.488896,-0.017599,0.271524,0.424787,-0.015844,0.298130,0.421512,-0.032203,0.305056,0.475184,-0.023913,0.292714,0.481135,-0.012674
1780388674.967,left,fist,0.282425,0.678201,-0.000000,0.327871,0.656117,-0.017687,0.372998,0.562350,-0.024328,0.387790,0.475892,-0.030874,0.365654,0.425740,-0.032914,0.343404,0.443690,-0.003040,0.355840,0.422146,-0.031435,0.356273,0.480497,-0.044153,0.351539,0.507649,-0.047558,0.312408,0.425726,-0.003463,0.328095,0.455463,-0.029934,0.324753,0.532814,-0.032991,0.317014,0.532314,-0.028224,0.282997,0.431636,-0.009518,0.297528,0.488033,-0.036016,0.297595,0.551886,-0.031590,0.293056,0.542421,-0.022308,0.254752,0.448930,-0.017556,0.268480,0.506224,-0.032341,0.269709,0.550169,-0.030424,0.265168,0.538669,-0.024609
1780388675.511,left,fist,0.241301,0.505054,0.000000,0.271356,0.532648,-0.015508,0.292287,0.552432,-0.028863,0.302174,0.551072,-0.040987,0.308181,0.530014,-0.052859,0.313142,0.430388,-0.024427,0.320852,0.416810,-0.039885,0.314602,0.425628,-0.050616,0.308076,0.436004,-0.056456,0.294809,0.388397,-0.022817,0.302089,0.380646,-0.030874,0.294537,0.400174,-0.034132,0.287960,0.417379,-0.036256,0.271678,0.369165,-0.022383,0.271382,0.381901,-0.028755,0.265475,0.405028,-0.027186,0.261033,0.420282,-0.026076,0.247959,0.366015,-0.023529,0.243612,0.386253,-0.027544,0.241128,0.406496,-0.024724,0.240061,0.418346,-0.021524
1780388676.167,left,fist,0.505948,0.531958,0.000000,0.528403,0.532095,-0.014246,0.548759,0.512988,-0.024012,0.551631,0.485378,-0.032066,0.545168,0.458414,-0.038279,0.565092,0.437697,-0.014958,0.546414,0.449636,-0.031790,0.538828,0.478304,-0.042163,0.543770,0.482792,-0.048257,0.544400,0.423488,-0.015383,0.525770,0.444131,-0.030206,0.520066,0.483575,-0.033886,0.527869,0.484309,-0.034958,0.521976,0.423143,-0.017992,0.506132,0.445435,-0.032737,0.503923,0.479886,-0.029339,0.512727,0.480845,-0.025245,0.501451,0.430258,-0.021965,0.489580,0.448859,-0.030606,0.489212,0.474494,-0.027527,0.496610,0.478358,-0.023870
1780388676.672,left,fist,0.494482,0.516446,-0.000000,0.517627,0.526572,-0.019324,0.550901,0.509478,-0.027746,0.571180,0.481180,-0.033483,0.572804,0.446314,-0.036629,0.566725,0.416568,-0.014040,0.555374,0.435627,-0.030500,0.545138,0.463330,-0.039897,0.545395,0.457830,-0.044778,0.551229,0.390542,-0.010531,0.529999,0.427305,-0.024623,0.522808,0.464211,-0.027740,0.527069,0.455539,-0.027680,0.531005,0.379732,-0.010073,0.510512,0.421198,-0.022929,0.507584,0.455272,-0.019850,0.513102,0.448176,-0.015892,0.509717,0.377721,-0.011800,0.494185,0.413263,-0.019276,0.493533,0.441480,-0.017482,0.498313,0.441362,-0.014090
1780388677.190,left,fist,0.372509,0.559950,-0.000000,0.408604,0.555458,-0.014500,0.450287,0.507293,-0.016252,0.472359,0.452567,-0.016950,0.470166,0.403770,-0.014639,0.444276,0.435394,0.000492,0.453274,0.399624,-0.014351,0.442372,0.441001,-0.021318,0.436910,0.456572,-0.023385,0.422433,0.419881,0.002484,0.426823,0.396988,-0.013111,0.417745,0.456604,-0.015447,0.415233,0.468681,-0.012724,0.398233,0.413888,0.000843,0.401732,0.398044,-0.017699,0.396758,0.459892,-0.012786,0.395615,0.475224,-0.004348,0.372860,0.412187,-0.001893,0.378470,0.405837,-0.013262,0.376891,0.450901,-0.008198,0.376176,0.465435,-0.000855
1780388677.720,left,fist,0.346037,0.739407,-0.000000,0.388209,0.710231,-0.008814,0.419272,0.606783,-0.007465,0.433056,0.533400,-0.007096,0.419728,0.496521,-0.005207,0.386519,0.540881,-0.000554,0.402197,0.481293,-0.018273,0.407242,0.521710,-0.028034,0.404348,0.562228,-0.031121,0.358952,0.541878,-0.002496,0.380245,0.506766,-0.021656,0.380520,0.573001,-0.025218,0.371190,0.607708,-0.022481,0.332128,0.553754,-0.007846,0.356188,0.536330,-0.027782,0.358379,0.598252,-0.024531,0.350659,0.624742,-0.017089,0.306014,0.572814,-0.013933,0.330994,0.563053,-0.025704,0.335725,0.605477,-0.021322,0.330186,0.622335,-0.015058
1780388678.222,left,fist,0.307264,0.750125,-0.000000,0.344344,0.695363,-0.012105,0.366585,0.597932,-0.014383,0.377230,0.522749,-0.017514,0.362363,0.484190,-0.018034,0.322298,0.527196,-0.001967,0.341001,0.486434,-0.020890,0.345096,0.544852,-0.028100,0.338543,0.573147,-0.029466,0.293971,0.535274,-0.003716,0.317755,0.518180,-0.021995,0.321908,0.592198,-0.022426,0.312849,0.608695,-0.018032,0.268413,0.557033,-0.009419,0.294582,0.552688,-0.029761,0.300020,0.621777,-0.022457,0.292185,0.639608,-0.012237,0.243289,0.585289,-0.016328,0.266148,0.578725,-0.026780,0.275979,0.620549,-0.019153,0.272972,0.633584,-0.010087
1780388678.771,left,fist,0.287903,0.721498,-0.000000,0.315600,0.678986,-0.015768,0.334876,0.587648,-0.020554,0.343329,0.512556,-0.024312,0.327053,0.473477,-0.024348,0.299091,0.509540,-0.005653,0.306783,0.486690,-0.022504,0.310305,0.542016,-0.027541,0.305317,0.560637,-0.028498,0.270797,0.513706,-0.005069,0.280663,0.508250,-0.020911,0.290219,0.574794,-0.019285,0.286582,0.576703,-0.014327,0.245473,0.533465,-0.008479,0.256522,0.543047,-0.025089,0.268897,0.601293,-0.016149,0.266963,0.603821,-0.006793,0.221500,0.560412,-0.013730,0.234065,0.572807,-0.022265,0.246823,0.609645,-0.015674,0.247172,0.611379,-0.008473
1780388679.323,left,fist,0.316882,0.689095,-0.000000,0.347610,0.668041,-0.018085,0.376696,0.607372,-0.026751,0.393963,0.551980,-0.034181,0.389755,0.512265,-0.037123,0.356869,0.489860,-0.012242,0.365454,0.471507,-0.038682,0.359001,0.539291,-0.050362,0.353493,0.579563,-0.052916,0.327105,0.478867,-0.010895,0.337761,0.487455,-0.035039,0.335988,0.560110,-0.035465,0.334162,0.587238,-0.029625,0.297539,0.488474,-0.014321,0.311587,0.516691,-0.035062,0.315016,0.577145,-0.027060,0.315729,0.596174,-0.016299,0.270348,0.510011,-0.019966,0.286948,0.538638,-0.029051,0.292844,0.583535,-0.023554,0.294149,0.596650,-0.016007
1780388680.214,left,fist,0.375008,0.467943,-0.000000,0.368472,0.526219,-0.019285,0.345607,0.572397,-0.042233,0.313470,0.586586,-0.062901,0.287250,0.572511,-0.083365,0.367987,0.524179,-0.054827,0.304658,0.530237,-0.085893,0.286166,0.542434,-0.104755,0.285295,0.557078,-0.115063,0.358409,0.462609,-0.054912,0.293248,0.484850,-0.077654,0.291896,0.503310,-0.080751,0.305321,0.512944,-0.083977,0.348639,0.411240,-0.055466,0.293766,0.441234,-0.071411,0.296199,0.464206,-0.063794,0.312514,0.475731,-0.058541,0.340548,0.374190,-0.058579,0.303616,0.402956,-0.067934,0.305584,0.417653,-0.062810,0.318030,0.422740,-0.058410
1780388680.760,left,fist,0.378129,0.294357,-0.000000,0.343714,0.375631,-0.022476,0.294955,0.401347,-0.031544,0.248243,0.405921,-0.035530,0.211926,0.401121,-0.035227,0.258851,0.279412,-0.024105,0.222357,0.374068,-0.031223,0.251174,0.394333,-0.033075,0.273774,0.380667,-0.033323,0.252755,0.248922,-0.013544,0.225578,0.355658,-0.022643,0.252405,0.374016,-0.022501,0.271734,0.358216,-0.021602,0.254078,0.241370,-0.003762,0.228099,0.338567,-0.013456,0.252216,0.356865,-0.009036,0.270661,0.343940,-0.004661,0.256822,0.249213,0.004380,0.237904,0.321941,-0.005042,0.257068,0.336744,-0.004098,0.273487,0.325962,-0.000630
1780388681.285,left,fist,0.246769,0.248335,-0.000000,0.270660,0.330154,-0.027994,0.258133,0.413083,-0.037024,0.236555,0.483802,-0.039643,0.214514,0.535980,-0.038260,0.180596,0.407983,-0.024384,0.208276,0.505379,-0.030798,0.230225,0.474675,-0.033398,0.233510,0.433313,-0.034591,0.163891,0.403700,-0.010791,0.200386,0.494198,-0.019125,0.220875,0.465439,-0.021163,0.223459,0.429819,-0.021693,0.162285,0.400615,0.001512,0.196130,0.483081,-0.007434,0.214611,0.455915,-0.004796,0.215603,0.423676,-0.002094,0.167710,0.401594,0.011652,0.194779,0.466096,0.001624,0.210993,0.442719,0.001601,0.212474,0.411662,0.004276
1780388681.836,left,fist,0.229660,0.524116,-0.000000,0.271395,0.495157,-0.015613,0.316499,0.515070,-0.021480,0.350157,0.556074,-0.023717,0.371036,0.595556,-0.024458,0.307898,0.593503,-0.021969,0.348849,0.619057,-0.030452,0.367757,0.618957,-0.034593,0.377596,0.617785,-0.036413,0.294286,0.641089,-0.016081,0.338156,0.654358,-0.020282,0.356045,0.644769,-0.020168,0.364633,0.637374,-0.020564,0.284357,0.671944,-0.010875,0.325117,0.676592,-0.014364,0.337377,0.663426,-0.010601,0.342120,0.656314,-0.008431,0.279056,0.688913,-0.006976,0.313189,0.689408,-0.010346,0.322649,0.676476,-0.006856,0.324778,0.667601,-0.003346
1780388682.365,left,fist,0.380738,0.701409,-0.000000,0.377703,0.614784,-0.002086,0.398707,0.534499,-0.007173,0.426681,0.479964,-0.011309,0.454079,0.465770,-0.012432,0.415771,0.538988,-0.017235,0.462217,0.484988,-0.025551,0.445770,0.499002,-0.024993,0.428474,0.519210,-0.022215,0.434226,0.581430,-0.018206,0.474242,0.523192,-0.022533,0.457827,0.533945,-0.017480,0.441407,0.553293,-0.013078,0.449678,0.620415,-0.018447,0.476011,0.564834,-0.019450,0.461110,0.574287,-0.009530,0.447095,0.590617,-0.002998,0.461964,0.652960,-0.018535,0.475825,0.602429,-0.016343,0.463562,0.607853,-0.007678,0.453686,0.620516,-0.001252
1780388682.876,left,fist,0.442266,0.642012,-0.000000,0.431100,0.569110,-0.003170,0.438637,0.490577,-0.010416,0.459101,0.432143,-0.017577,0.472756,0.394408,-0.021773,0.420012,0.448817,-0.016643,0.477892,0.416833,-0.030518,0.481916,0.452863,-0.035517,0.469192,0.472491,-0.038217,0.434660,0.467596,-0.022743,0.493974,0.448231,-0.033486,0.492438,0.484046,-0.033496,0.477806,0.497482,-0.033796,0.453648,0.492653,-0.029186,0.506777,0.482233,-0.036997,0.502032,0.516235,-0.031345,0.487258,0.526141,-0.028221,0.475204,0.521864,-0.036191,0.512899,0.518085,-0.039266,0.506282,0.547983,-0.034447,0.492813,0.555471,-0.031124
1780388683.430,left,fist,0.471438,0.792249,-0.000000,0.509413,0.742582,-0.010070,0.525505,0.649456,-0.013931,0.529737,0.580928,-0.017338,0.523001,0.533494,-0.018405,0.465432,0.554497,-0.011177,0.503470,0.544564,-0.029898,0.507631,0.614107,-0.040483,0.499699,0.646146,-0.045743,0.439899,0.572156,-0.012574,0.489580,0.588742,-0.029817,0.492890,0.654482,-0.032566,0.482701,0.682255,-0.032528,0.422331,0.606177,-0.016407,0.474606,0.628579,-0.032290,0.477991,0.688133,-0.028574,0.468068,0.714995,-0.024140,0.411125,0.646206,-0.021487,0.456052,0.665034,-0.031293,0.460482,0.712003,-0.029649,0.451886,0.734662,-0.026610
1780388683.931,left,fist,0.367873,0.865069,-0.000000,0.418970,0.842016,-0.027580,0.449663,0.801340,-0.045029,0.436042,0.781364,-0.056671,0.402793,0.790692,-0.066921,0.382893,0.690070,-0.048049,0.407015,0.733864,-0.064358,0.413615,0.788472,-0.075700,0.406118,0.810068,-0.083824,0.352531,0.702449,-0.041909,0.383864,0.761588,-0.052952,0.392652,0.805613,-0.061055,0.386401,0.819438,-0.069298,0.331648,0.730093,-0.035314,0.359901,0.774405,-0.044523,0.372781,0.805202,-0.044856,0.371155,0.813232,-0.046374,0.316362,0.761675,-0.030480,0.343384,0.784976,-0.034563,0.355336,0.814142,-0.028863,0.355417,0.828096,-0.024660
1780388684.486,left,fist,0.398185,0.831979,0.000000,0.432994,0.770357,-0.011050,0.463118,0.711780,-0.024160,0.483770,0.688592,-0.037357,0.498981,0.677378,-0.050638,0.420829,0.638096,-0.034012,0.461029,0.668580,-0.057438,0.480868,0.719694,-0.071839,0.484658,0.748740,-0.080625,0.397702,0.684948,-0.041352,0.460436,0.734640,-0.061820,0.471356,0.781559,-0.068833,0.466937,0.798478,-0.074198,0.384014,0.746445,-0.049192,0.446082,0.793793,-0.071224,0.459649,0.830825,-0.070313,0.458947,0.843625,-0.068306,0.376975,0.809057,-0.057759,0.430628,0.841883,-0.073417,0.445744,0.866771,-0.069806,0.449024,0.875024,-0.065618
1780388685.026,left,fist,0.387535,0.836407,-0.000000,0.351482,0.760675,-0.013496,0.335379,0.655064,-0.026638,0.349875,0.570052,-0.034792,0.381325,0.543057,-0.039365,0.367690,0.721004,-0.062512,0.397344,0.574864,-0.076934,0.380760,0.600501,-0.070569,0.368441,0.645038,-0.062455,0.410833,0.745079,-0.058938,0.425733,0.587426,-0.071286,0.409718,0.612061,-0.060491,0.402136,0.660176,-0.051285,0.445630,0.754620,-0.053049,0.449844,0.612067,-0.058820,0.436041,0.636127,-0.043721,0.428528,0.677608,-0.033345,0.470787,0.754500,-0.047278,0.468144,0.643964,-0.051605,0.456904,0.657579,-0.043268,0.452286,0.690990,-0.037016
1780388685.541,left,fist,0.440203,0.894562,-0.000000,0.455250,0.801156,-0.016483,0.447326,0.699781,-0.028368,0.437984,0.627635,-0.040457,0.425935,0.588250,-0.049736,0.349874,0.672689,-0.010303,0.400469,0.605936,-0.035619,0.421932,0.630542,-0.056722,0.423866,0.660109,-0.070819,0.339610,0.715823,-0.013901,0.408177,0.650269,-0.031659,0.426931,0.681390,-0.042989,0.422324,0.712952,-0.052064,0.341360,0.766141,-0.020713,0.412392,0.705915,-0.035272,0.428409,0.735541,-0.035733,0.422923,0.770248,-0.036342,0.351257,0.824648,-0.030451,0.409313,0.771203,-0.040139,0.422346,0.788401,-0.040482,0.416430,0.816115,-0.039498
1780388686.077,left,fist,0.463697,0.939196,-0.000000,0.518471,0.868283,-0.011536,0.550236,0.761508,-0.018628,0.565660,0.683090,-0.025916,0.559356,0.623638,-0.029588,0.480380,0.631049,-0.009914,0.543237,0.642765,-0.033120,0.544355,0.721401,-0.046654,0.530719,0.742830,-0.054766,0.450997,0.652065,-0.014942,0.526555,0.684935,-0.035594,0.524480,0.761170,-0.039022,0.507808,0.774906,-0.039920,0.431576,0.694720,-0.023166,0.507347,0.733736,-0.042065,0.505431,0.798632,-0.037948,0.488479,0.809865,-0.033443,0.420833,0.747228,-0.033120,0.483223,0.777363,-0.043280,0.484866,0.822899,-0.040433,0.471437,0.832345,-0.036740
1780388686.608,left,fist,0.414937,0.834059,-0.000000,0.445594,0.779085,-0.022772,0.467569,0.712811,-0.040489,0.462228,0.679569,-0.056564,0.437274,0.689160,-0.070334,0.387469,0.602844,-0.026000,0.423932,0.672487,-0.055813,0.438430,0.726037,-0.078006,0.432087,0.732048,-0.091732,0.354850,0.641067,-0.026997,0.403464,0.733942,-0.049148,0.417590,0.775445,-0.060661,0.409828,0.772276,-0.069045,0.334477,0.698088,-0.030983,0.383546,0.781146,-0.050353,0.396720,0.809386,-0.051567,0.387333,0.803890,-0.052024,0.322868,0.759261,-0.037681,0.362521,0.819352,-0.049787,0.376505,0.835637,-0.050045,0.370119,0.827015,-0.048766
1780388687.232,left,fist,0.299790,0.722122,-0.000000,0.306832,0.671678,-0.056900,0.285210,0.656715,-0.085928,0.257425,0.685045,-0.101613,0.238917,0.721046,-0.113332,0.210657,0.678900,-0.082717,0.225293,0.751407,-0.120850,0.243584,0.756483,-0.140865,0.244952,0.752559,-0.151725,0.195445,0.730627,-0.063140,0.222588,0.804992,-0.097210,0.251515,0.786212,-0.101171,0.257678,0.763757,-0.100177,0.195908,0.773903,-0.047347,0.222872,0.838301,-0.075822,0.250576,0.815479,-0.066836,0.259171,0.795150,-0.056700,0.203535,0.807113,-0.036284,0.229364,0.849472,-0.060253,0.250190,0.828228,-0.059415,0.254851,0.805594,-0.053203
1780388687.767,left,fist,0.287058,0.714844,-0.000000,0.285391,0.689336,-0.054315,0.251527,0.670715,-0.078429,0.209611,0.692816,-0.092005,0.172590,0.737641,-0.098359,0.171018,0.618350,-0.051293,0.180402,0.694905,-0.090532,0.212682,0.699712,-0.106632,0.223840,0.684223,-0.113162,0.159428,0.667958,-0.037352,0.165996,0.754460,-0.081130,0.209459,0.748856,-0.088005,0.221661,0.727303,-0.083609,0.162435,0.719483,-0.030220,0.174872,0.799810,-0.073242,0.219168,0.780681,-0.066584,0.228454,0.752132,-0.052643,0.175144,0.766270,-0.027708,0.198879,0.820824,-0.062561,0.230807,0.798909,-0.065452,0.232904,0.766283,-0.059062
1780388688.307,left,fist,0.306916,0.733568,-0.000000,0.317789,0.669245,-0.022944,0.301297,0.574269,-0.029986,0.276595,0.509610,-0.035038,0.245066,0.498649,-0.035588,0.238703,0.529127,-0.005443,0.238655,0.517342,-0.026515,0.262244,0.560270,-0.035979,0.261966,0.574585,-0.039440,0.215779,0.560800,-0.001577,0.228886,0.578876,-0.020585,0.261231,0.616813,-0.022743,0.254904,0.611977,-0.019504,0.203344,0.606099,-0.002911,0.222443,0.638261,-0.022831,0.253546,0.660618,-0.018768,0.249068,0.651009,-0.011624,0.195500,0.652669,-0.006690,0.215906,0.681618,-0.016786,0.238959,0.696666,-0.013512,0.237290,0.692242,-0.007844
1780388688.832,left,fist,0.302631,0.735322,-0.000000,0.327621,0.673530,-0.015609,0.328971,0.564733,-0.018132,0.320629,0.480824,-0.019994,0.298917,0.442845,-0.017412,0.288694,0.513089,-0.006154,0.277585,0.464574,-0.025359,0.295961,0.522128,-0.029430,0.298717,0.541595,-0.028417,0.262988,0.535870,-0.005506,0.257991,0.507418,-0.026515,0.283209,0.573289,-0.025136,0.283343,0.579770,-0.017984,0.240231,0.567605,-0.009091,0.245562,0.564893,-0.033087,0.272348,0.622501,-0.025851,0.274053,0.627523,-0.014159,0.217943,0.602156,-0.013857,0.229733,0.604449,-0.026949,0.251488,0.639442,-0.021203,0.254226,0.644215,-0.012604
1780388689.333,left,fist,0.326067,0.709174,-0.000000,0.343714,0.632572,-0.010170,0.332963,0.542595,-0.015258,0.320835,0.477766,-0.021356,0.302187,0.431153,-0.023807,0.261520,0.499981,-0.002952,0.288046,0.436904,-0.023749,0.314269,0.477339,-0.033580,0.317914,0.507301,-0.036995,0.241751,0.523995,-0.006039,0.286010,0.477759,-0.024414,0.311910,0.531458,-0.026266,0.307366,0.555719,-0.023862,0.232938,0.558179,-0.012695,0.283885,0.519561,-0.032403,0.306529,0.567804,-0.028318,0.300514,0.589317,-0.021098,0.231519,0.597136,-0.020453,0.275071,0.562348,-0.031708,0.292561,0.591760,-0.027983,0.286793,0.610584,-0.022013
1780388689.865,left,fist,0.267486,0.689577,-0.000000,0.237760,0.632856,-0.004108,0.219860,0.542682,-0.014042,0.217079,0.464181,-0.023619,0.220251,0.418813,-0.030252,0.192522,0.548350,-0.033397,0.234193,0.440075,-0.050963,0.247778,0.469382,-0.054250,0.238216,0.499268,-0.055476,0.215218,0.568975,-0.040938,0.263881,0.462947,-0.054275,0.271197,0.497862,-0.049127,0.258672,0.527067,-0.047194,0.243785,0.586103,-0.048313,0.287943,0.491590,-0.057898,0.291711,0.526441,-0.047757,0.278747,0.554034,-0.042721,0.274274,0.598466,-0.056130,0.307275,0.516620,-0.059372,0.308434,0.546537,-0.052160,0.296559,0.576084,-0.048341
1780388690.412,left,fist,0.259260,0.684310,-0.000000,0.221474,0.633584,-0.002814,0.204653,0.548912,-0.011996,0.205730,0.470410,-0.020321,0.219614,0.420640,-0.025659,0.197582,0.542760,-0.031271,0.235635,0.443938,-0.045189,0.242578,0.472604,-0.046479,0.232864,0.501485,-0.045959,0.224516,0.558874,-0.037197,0.263844,0.464710,-0.045006,0.266737,0.497104,-0.037261,0.255809,0.527100,-0.033626,0.254813,0.572562,-0.042433,0.288274,0.495078,-0.045856,0.287445,0.527227,-0.032738,0.276190,0.556471,-0.026341,0.285592,0.584658,-0.047983,0.306924,0.519873,-0.046637,0.304666,0.548497,-0.036049,0.294894,0.576305,-0.029946
1780388690.932,left,fist,0.291457,0.690989,-0.000000,0.270506,0.605247,-0.002219,0.278433,0.520098,-0.009183,0.301204,0.455366,-0.014967,0.328390,0.427168,-0.018023,0.291013,0.498316,-0.020177,0.338522,0.454882,-0.029243,0.327996,0.482109,-0.030369,0.312172,0.499966,-0.029730,0.315905,0.532459,-0.023110,0.354614,0.494631,-0.024563,0.342836,0.517416,-0.018160,0.328213,0.535847,-0.015303,0.339431,0.569211,-0.025385,0.364225,0.540260,-0.023301,0.351753,0.561122,-0.011258,0.337970,0.578653,-0.005672,0.360002,0.604750,-0.027931,0.371278,0.579413,-0.022536,0.358839,0.600378,-0.011030,0.348306,0.615672,-0.004025
1780388691.460,left,fist,0.330267,0.730196,-0.000000,0.354083,0.651674,-0.007088,0.395342,0.579802,-0.018455,0.432462,0.537273,-0.029382,0.447053,0.532393,-0.037786,0.377213,0.523310,-0.035523,0.445312,0.562018,-0.054739,0.433245,0.595488,-0.060979,0.413792,0.587685,-0.065090,0.368216,0.573497,-0.043679,0.441816,0.622598,-0.058992,0.422598,0.643199,-0.055154,0.402806,0.630654,-0.054648,0.363377,0.630564,-0.051991,0.429833,0.670517,-0.062508,0.409632,0.683966,-0.051923,0.392245,0.672371,-0.046841,0.361511,0.687058,-0.061420,0.415794,0.709284,-0.064265,0.399899,0.714323,-0.056383,0.381273,0.704386,-0.052499
1780388691.991,left,fist,0.371013,0.708915,-0.000000,0.407822,0.652319,-0.010531,0.442620,0.595168,-0.022607,0.470556,0.569253,-0.033554,0.478657,0.577645,-0.042234,0.404533,0.536563,-0.038259,0.466007,0.588861,-0.058644,0.458032,0.627270,-0.066770,0.438575,0.622136,-0.072747,0.384539,0.580644,-0.044584,0.457405,0.640652,-0.064611,0.444460,0.665844,-0.065315,0.428052,0.653258,-0.067483,0.373290,0.634735,-0.051042,0.442337,0.693198,-0.065695,0.429476,0.705555,-0.058642,0.413906,0.690926,-0.055102,0.367025,0.688760,-0.058938,0.423784,0.725382,-0.068296,0.415638,0.726742,-0.065465,0.399631,0.712843,-0.064187
1780388692.539,left,fist,0.372390,0.718770,-0.000000,0.408218,0.661249,-0.012201,0.441838,0.598572,-0.023733,0.468602,0.566477,-0.033516,0.476785,0.576869,-0.041121,0.402356,0.538823,-0.037593,0.466143,0.591433,-0.057243,0.459648,0.630334,-0.065433,0.439283,0.626032,-0.071651,0.382225,0.582000,-0.042749,0.456437,0.641463,-0.061903,0.443772,0.670493,-0.062417,0.426363,0.659672,-0.064146,0.370954,0.636368,-0.048257,0.441256,0.694289,-0.063123,0.428232,0.709211,-0.057151,0.411852,0.695457,-0.053812,0.364144,0.692471,-0.055325,0.421604,0.725869,-0.065784,0.413417,0.729538,-0.064128,0.397522,0.719066,-0.063093
1780388693.048,left,fist,0.370906,0.725720,-0.000000,0.409517,0.664762,-0.012658,0.444290,0.601032,-0.024750,0.470639,0.569558,-0.035719,0.478906,0.584112,-0.044773,0.403829,0.539354,-0.035755,0.466276,0.596423,-0.056799,0.458848,0.631375,-0.066426,0.438630,0.623557,-0.073399,0.383760,0.584788,-0.041653,0.457542,0.647299,-0.061809,0.443427,0.670748,-0.062673,0.425187,0.657979,-0.064292,0.372646,0.640484,-0.048414,0.443066,0.700614,-0.064400,0.428138,0.710689,-0.058728,0.411444,0.695598,-0.055017,0.366263,0.696735,-0.056996,0.423319,0.733083,-0.068081,0.414199,0.731201,-0.067011,0.398378,0.718295,-0.066007
1780388693.553,left,fist,0.375269,0.734348,-0.000000,0.413844,0.670843,-0.012637,0.446498,0.607092,-0.023859,0.469314,0.576218,-0.033998,0.478301,0.587160,-0.042402,0.403413,0.544524,-0.033860,0.467433,0.604565,-0.054451,0.462164,0.639137,-0.064499,0.442603,0.632477,-0.071863,0.381885,0.588969,-0.039545,0.456315,0.652907,-0.059242,0.446299,0.676720,-0.060931,0.428362,0.663761,-0.063116,0.369038,0.644739,-0.046117,0.439141,0.702784,-0.063512,0.430753,0.715052,-0.058912,0.416166,0.701627,-0.055301,0.361249,0.702860,-0.054308,0.416256,0.736453,-0.067353,0.415600,0.735426,-0.066591,0.405878,0.724831,-0.065085
1780388694.094,left,fist,0.377966,0.729290,-0.000000,0.416902,0.668886,-0.013585,0.449678,0.606686,-0.024827,0.472545,0.577699,-0.034669,0.478695,0.589812,-0.042732,0.405900,0.545514,-0.035972,0.471163,0.604856,-0.057409,0.466550,0.640590,-0.067699,0.446244,0.636532,-0.074961,0.383895,0.589299,-0.040985,0.458220,0.654375,-0.061251,0.448520,0.677444,-0.062636,0.430003,0.665208,-0.064397,0.370801,0.645213,-0.046966,0.439927,0.702973,-0.064954,0.432401,0.714689,-0.060186,0.418112,0.700578,-0.056191,0.363104,0.703195,-0.054564,0.418582,0.738222,-0.068177,0.417273,0.737690,-0.067448,0.406589,0.726574,-0.065830
1780388694.636,left,fist,0.375356,0.729746,-0.000000,0.413979,0.671853,-0.011356,0.446387,0.611444,-0.022153,0.469859,0.580016,-0.031515,0.478280,0.583368,-0.038630,0.404071,0.543404,-0.037409,0.468075,0.606285,-0.058024,0.462642,0.643748,-0.066400,0.443411,0.636551,-0.072384,0.382229,0.587353,-0.043222,0.456607,0.657172,-0.064196,0.445455,0.682167,-0.065321,0.427647,0.669284,-0.067292,0.369341,0.643975,-0.049380,0.439072,0.705278,-0.067530,0.428957,0.718750,-0.062082,0.414097,0.704842,-0.058196,0.361186,0.702716,-0.056806,0.415346,0.738728,-0.070011,0.413134,0.738211,-0.069034,0.402041,0.725031,-0.067722
1780388695.166,left,fist,0.370115,0.744327,-0.000000,0.411861,0.686863,-0.009396,0.441063,0.622441,-0.018168,0.458580,0.583779,-0.026519,0.462044,0.581152,-0.033677,0.392848,0.541614,-0.028558,0.452809,0.606177,-0.049435,0.448703,0.646673,-0.061181,0.431894,0.640429,-0.070026,0.367640,0.582586,-0.035313,0.436911,0.650459,-0.055252,0.431007,0.678963,-0.059283,0.414152,0.666821,-0.063221,0.351223,0.637471,-0.042854,0.412712,0.692044,-0.062962,0.412732,0.712972,-0.061556,0.402203,0.704357,-0.059689,0.340546,0.695175,-0.051280,0.388518,0.727005,-0.067618,0.397310,0.731693,-0.069123,0.395887,0.722839,-0.068663
1780388695.686,left,fist,0.370304,0.745750,-0.000000,0.412157,0.685554,-0.012729,0.441710,0.623592,-0.024188,0.459222,0.589184,-0.034910,0.468245,0.588770,-0.043984,0.398076,0.539721,-0.030314,0.458615,0.609175,-0.052858,0.454551,0.651018,-0.065563,0.436877,0.644791,-0.074854,0.373211,0.582473,-0.036002,0.443876,0.653270,-0.057249,0.436917,0.682282,-0.061152,0.418905,0.668804,-0.064696,0.357130,0.638322,-0.042899,0.421060,0.695631,-0.062942,0.419295,0.715991,-0.060074,0.406247,0.705142,-0.057028,0.346878,0.696094,-0.051165,0.397934,0.730951,-0.066177,0.402751,0.735226,-0.066096,0.395128,0.723198,-0.064506
1780388696.198,left,fist,0.371501,0.749370,-0.000000,0.413141,0.690734,-0.011099,0.443756,0.630809,-0.022408,0.463789,0.594253,-0.033043,0.472671,0.584895,-0.041802,0.400269,0.541180,-0.030911,0.463014,0.608927,-0.053629,0.457827,0.651076,-0.066369,0.439593,0.644495,-0.075467,0.377039,0.583753,-0.037302,0.448982,0.654728,-0.058829,0.440605,0.683915,-0.062691,0.422871,0.671621,-0.066397,0.361847,0.639681,-0.044649,0.427559,0.698842,-0.064380,0.423263,0.718942,-0.061089,0.409710,0.708027,-0.058159,0.352375,0.698158,-0.053201,0.403658,0.732786,-0.067799,0.407227,0.736746,-0.067549,0.399572,0.724705,-0.066149
1780388696.746,left,fist,0.374256,0.755206,-0.000000,0.418741,0.695494,-0.010422,0.451169,0.634702,-0.020852,0.471367,0.597905,-0.030767,0.477160,0.587906,-0.038223,0.407475,0.543852,-0.026639,0.472077,0.612331,-0.049941,0.463949,0.652403,-0.063214,0.443875,0.641804,-0.072719,0.385100,0.583414,-0.033405,0.457948,0.654713,-0.056828,0.446216,0.683190,-0.061684,0.427536,0.668034,-0.065536,0.370244,0.637573,-0.041343,0.437232,0.698300,-0.062348,0.429121,0.719177,-0.058737,0.413876,0.706938,-0.055098,0.361362,0.695372,-0.050576,0.414560,0.731984,-0.065858,0.413386,0.739345,-0.065611,0.400790,0.728120,-0.063951
1780388697.256,left,fist,0.371337,0.761579,-0.000000,0.418546,0.697520,-0.007317,0.450755,0.629687,-0.015917,0.473233,0.591121,-0.025181,0.489077,0.584501,-0.031336,0.413356,0.534178,-0.016006,0.472510,0.592765,-0.035672,0.461891,0.638086,-0.046326,0.443400,0.633425,-0.054360,0.393378,0.571870,-0.023421,0.461309,0.643127,-0.043906,0.447652,0.675145,-0.048419,0.430263,0.661194,-0.052308,0.379668,0.624033,-0.032284,0.443981,0.691052,-0.049144,0.432077,0.714103,-0.046369,0.415449,0.700504,-0.044417,0.371235,0.679652,-0.042433,0.424120,0.723110,-0.053426,0.419081,0.733208,-0.053263,0.403913,0.719861,-0.052671
1780388697.769,left,fist,0.370349,0.762150,-0.000000,0.417663,0.693487,-0.007162,0.452804,0.622928,-0.015328,0.475921,0.583493,-0.024121,0.488708,0.584472,-0.029596,0.416066,0.535838,-0.015802,0.476917,0.599382,-0.035106,0.464796,0.641778,-0.044809,0.445801,0.633455,-0.052116,0.396675,0.576246,-0.023301,0.466819,0.652250,-0.043858,0.450541,0.680182,-0.047702,0.433269,0.663751,-0.050917,0.383515,0.629603,-0.032252,0.449345,0.701431,-0.048728,0.434058,0.718659,-0.045922,0.417675,0.700567,-0.043846,0.375395,0.685513,-0.042531,0.429527,0.731815,-0.052735,0.421339,0.737567,-0.052679,0.405008,0.721157,-0.052281
1780388698.274,left,fist,0.403295,0.772556,-0.000000,0.441098,0.730595,-0.015779,0.465752,0.670159,-0.027563,0.478091,0.623477,-0.038158,0.482024,0.594817,-0.045982,0.418454,0.549225,-0.024913,0.450993,0.591897,-0.048850,0.453269,0.643289,-0.061917,0.443439,0.643792,-0.069969,0.387900,0.578449,-0.027857,0.432015,0.631078,-0.050170,0.437696,0.681089,-0.054420,0.427876,0.681861,-0.056534,0.364991,0.622780,-0.033201,0.409747,0.677192,-0.054750,0.417236,0.716911,-0.052585,0.407424,0.718415,-0.049332,0.348621,0.673556,-0.040257,0.385942,0.720504,-0.055250,0.394857,0.742628,-0.056505,0.388763,0.738265,-0.055477
1780388698.818,left,fist,0.409313,0.777083,-0.000000,0.437258,0.730462,-0.014445,0.458639,0.650481,-0.024618,0.464284,0.593336,-0.034082,0.443011,0.586394,-0.040227,0.400852,0.534385,-0.010614,0.418426,0.569115,-0.032137,0.431387,0.623657,-0.045547,0.428396,0.628676,-0.053082,0.367975,0.552776,-0.013433,0.397324,0.617292,-0.030027,0.415828,0.667583,-0.034338,0.410933,0.658451,-0.035738,0.344747,0.593591,-0.019326,0.379509,0.658026,-0.033596,0.398181,0.695641,-0.028902,0.393269,0.686059,-0.024469,0.329534,0.641482,-0.027483,0.362227,0.693781,-0.034902,0.380393,0.718352,-0.031381,0.379461,0.710615,-0.026760
1780388699.334,left,fist,0.352960,0.744982,-0.000000,0.365596,0.688484,-0.029797,0.349831,0.608497,-0.043722,0.316086,0.574820,-0.053558,0.278732,0.596629,-0.058692,0.279317,0.536317,-0.017329,0.293956,0.539863,-0.043059,0.317908,0.579155,-0.058110,0.312843,0.588579,-0.067090,0.253909,0.576387,-0.013458,0.276872,0.601222,-0.037533,0.309312,0.632185,-0.045234,0.301341,0.628842,-0.047059,0.244326,0.630738,-0.014479,0.271178,0.657907,-0.040077,0.304076,0.674479,-0.039014,0.298058,0.667198,-0.034245,0.242819,0.686332,-0.018292,0.273565,0.706686,-0.036217,0.300679,0.711507,-0.036696,0.300091,0.700744,-0.033109
1780388699.841,left,fist,0.316344,0.725030,-0.000000,0.317277,0.675071,-0.043107,0.287948,0.636358,-0.060340,0.246389,0.646556,-0.069440,0.212122,0.667147,-0.071940,0.225005,0.572852,-0.032078,0.214431,0.648969,-0.060967,0.242021,0.671267,-0.073273,0.253245,0.660343,-0.078648,0.210708,0.616580,-0.021717,0.199135,0.694490,-0.054155,0.238971,0.702177,-0.059129,0.251682,0.683656,-0.055117,0.209822,0.665318,-0.017454,0.206289,0.733058,-0.052898,0.247487,0.730120,-0.049850,0.258278,0.706243,-0.039282,0.219159,0.711869,-0.016779,0.225981,0.756290,-0.045189,0.256579,0.748054,-0.048159,0.264439,0.722924,-0.043004
1780388700.350,left,fist,0.338687,0.701430,-0.000000,0.343872,0.679745,-0.041198,0.321420,0.673112,-0.062032,0.288191,0.697735,-0.073872,0.251651,0.720735,-0.080123,0.242249,0.601977,-0.047877,0.264540,0.661583,-0.079684,0.272459,0.689252,-0.097453,0.262033,0.704674,-0.109129,0.221640,0.646678,-0.038191,0.254253,0.730172,-0.069707,0.286482,0.728696,-0.073721,0.290140,0.706697,-0.073170,0.217997,0.696247,-0.032938,0.254673,0.769519,-0.057969,0.284995,0.758414,-0.046254,0.285133,0.736058,-0.035886,0.225640,0.742721,-0.032627,0.263548,0.791195,-0.053232,0.287009,0.774425,-0.051375,0.283956,0.748977,-0.046078
1780388700.861,left,fist,0.330524,0.714051,-0.000000,0.373124,0.733700,-0.014286,0.399344,0.736001,-0.025257,0.405257,0.721130,-0.034488,0.412989,0.718525,-0.045072,0.359809,0.675383,-0.034366,0.369121,0.762532,-0.049536,0.375508,0.792822,-0.061964,0.377580,0.798069,-0.071270,0.328846,0.685964,-0.036726,0.344571,0.787035,-0.046782,0.353373,0.808274,-0.052223,0.358000,0.807156,-0.060213,0.305017,0.703123,-0.038901,0.320497,0.790254,-0.051370,0.330901,0.811301,-0.050735,0.336968,0.811422,-0.052477,0.287608,0.720031,-0.042243,0.294089,0.785823,-0.051365,0.295570,0.804828,-0.047700,0.296227,0.806579,-0.046268
1780388701.384,left,fist,0.488687,0.751066,-0.000000,0.497342,0.671856,0.008543,0.522714,0.621903,0.010306,0.545504,0.589558,0.010391,0.562365,0.573303,0.011247,0.557436,0.605226,-0.001468,0.589676,0.596665,0.000192,0.592968,0.614197,0.004214,0.587285,0.627777,0.007579,0.570156,0.648138,-0.006801,0.592000,0.642329,-0.001822,0.580064,0.656521,0.003053,0.565618,0.666675,0.005300,0.576110,0.696446,-0.010453,0.592637,0.688664,-0.004317,0.579926,0.697980,0.002249,0.564409,0.706132,0.004590,0.576554,0.741317,-0.013417,0.586114,0.735096,-0.006054,0.575873,0.736873,0.001572,0.563407,0.738967,0.006386
1780388701.927,left,fist,0.521128,0.778163,-0.000000,0.562605,0.731282,-0.004856,0.581527,0.676720,-0.011045,0.595841,0.634999,-0.019097,0.604685,0.605303,-0.024365,0.541059,0.574659,-0.005491,0.597570,0.556161,-0.023018,0.606517,0.598877,-0.032797,0.599943,0.625724,-0.037285,0.539932,0.583749,-0.010127,0.605198,0.603446,-0.025255,0.604153,0.651218,-0.028833,0.590794,0.665104,-0.029563,0.545513,0.607786,-0.016710,0.605289,0.641509,-0.030103,0.597878,0.681419,-0.029078,0.582904,0.689080,-0.026496,0.555496,0.638565,-0.024087,0.599109,0.673198,-0.030464,0.593920,0.703975,-0.028575,0.582924,0.709585,-0.025877
1780388702.448,left,fist,0.522837,0.790859,-0.000000,0.569321,0.735858,-0.002363,0.583468,0.667936,-0.005426,0.589092,0.619898,-0.011005,0.592825,0.578605,-0.012883,0.536450,0.578786,0.005172,0.585504,0.559411,-0.013608,0.588983,0.610259,-0.023541,0.577694,0.627442,-0.028857,0.525904,0.580090,-0.001873,0.588831,0.583283,-0.020399,0.585770,0.640830,-0.023253,0.569839,0.647927,-0.022212,0.522655,0.595747,-0.011938,0.583723,0.615062,-0.029152,0.576887,0.668140,-0.025828,0.560176,0.671763,-0.020693,0.525208,0.619622,-0.022929,0.572575,0.643414,-0.032343,0.568147,0.680775,-0.030489,0.553816,0.683929,-0.027440
1780388702.983,left,fist,0.450972,0.757380,-0.000000,0.485337,0.719216,-0.004678,0.505470,0.644841,-0.009503,0.518515,0.592339,-0.017280,0.524276,0.559346,-0.022524,0.466667,0.550102,0.004481,0.495237,0.502055,-0.016625,0.511966,0.533526,-0.027434,0.514190,0.569507,-0.030163,0.445486,0.548048,-0.001310,0.490022,0.533291,-0.021432,0.496051,0.602453,-0.023474,0.483908,0.628815,-0.019161,0.428766,0.560306,-0.010656,0.476293,0.565595,-0.031859,0.478161,0.628240,-0.028185,0.464114,0.645949,-0.019772,0.415188,0.581642,-0.020599,0.457116,0.589270,-0.031503,0.460181,0.630847,-0.026832,0.447272,0.642953,-0.019931
1780388703.546,left,fist,0.397801,0.752701,-0.000000,0.433138,0.707550,-0.007332,0.451779,0.613067,-0.008330,0.462283,0.551714,-0.011006,0.462725,0.514345,-0.010699,0.407804,0.524126,-0.000230,0.428349,0.474571,-0.017994,0.441263,0.532277,-0.024613,0.438477,0.569578,-0.025237,0.382986,0.529199,-0.003665,0.414955,0.520853,-0.019928,0.425116,0.592611,-0.020260,0.415406,0.613328,-0.016435,0.362402,0.550585,-0.010403,0.397168,0.554503,-0.029335,0.405400,0.619924,-0.024730,0.394601,0.636389,-0.016968,0.344596,0.579646,-0.017776,0.377085,0.577966,-0.028261,0.385175,0.623478,-0.022481,0.375076,0.639522,-0.015026
1780388704.102,left,fist,0.344081,0.730858,-0.000000,0.367055,0.671744,-0.018172,0.369470,0.564339,-0.024770,0.362072,0.483101,-0.030920,0.333014,0.469075,-0.032399,0.320942,0.506794,-0.010087,0.307792,0.458963,-0.035008,0.330710,0.516853,-0.043281,0.339009,0.548765,-0.043466,0.293835,0.530452,-0.009426,0.295040,0.515953,-0.032418,0.323183,0.578687,-0.032235,0.322784,0.582635,-0.025640,0.271878,0.565800,-0.013530,0.285273,0.570892,-0.037102,0.312286,0.620932,-0.030022,0.311466,0.622744,-0.018939,0.252846,0.604473,-0.019575,0.273112,0.614802,-0.032042,0.294362,0.645440,-0.026886,0.293808,0.648793,-0.018719
1780388704.645,left,fist,0.329848,0.701958,-0.000000,0.338427,0.644607,-0.029753,0.316672,0.562353,-0.040527,0.286533,0.514714,-0.048545,0.256973,0.519367,-0.050798,0.257938,0.522736,-0.010173,0.237815,0.514388,-0.037683,0.269317,0.542982,-0.048710,0.283258,0.550307,-0.051124,0.241797,0.558886,-0.003738,0.236244,0.568504,-0.030349,0.276253,0.595112,-0.032556,0.278818,0.586187,-0.026359,0.233382,0.602987,-0.003895,0.241855,0.624362,-0.031835,0.276888,0.638756,-0.027345,0.276990,0.626674,-0.016397,0.228876,0.647353,-0.006964,0.243492,0.665820,-0.022658,0.268193,0.674179,-0.020327,0.268086,0.667984,-0.013231
1780388705.175,left,fist,0.334096,0.707909,-0.000000,0.333342,0.665212,-0.043946,0.304961,0.621005,-0.062503,0.269352,0.609656,-0.074147,0.237788,0.615766,-0.078744,0.246358,0.556887,-0.031879,0.211423,0.615441,-0.063582,0.242320,0.642953,-0.075337,0.259669,0.635550,-0.078456,0.236441,0.603555,-0.020485,0.210678,0.659301,-0.057978,0.252980,0.671255,-0.064038,0.264441,0.654508,-0.058607,0.235223,0.651497,-0.015602,0.226278,0.702039,-0.053865,0.265962,0.703607,-0.050761,0.273645,0.679799,-0.038496,0.240195,0.696197,-0.014248,0.240245,0.728686,-0.041420,0.269394,0.725980,-0.042993,0.275874,0.703496,-0.036358
1780388705.722,left,fist,0.333449,0.709096,-0.000000,0.333998,0.664082,-0.038596,0.309439,0.625384,-0.055616,0.276562,0.621417,-0.066222,0.245673,0.629586,-0.070620,0.242963,0.556727,-0.028341,0.232446,0.618735,-0.057820,0.258750,0.651698,-0.070219,0.271104,0.655686,-0.074793,0.229787,0.603692,-0.019995,0.225224,0.672567,-0.054192,0.263891,0.682699,-0.060743,0.275480,0.669654,-0.057084,0.228290,0.652792,-0.017327,0.231565,0.713960,-0.052619,0.270224,0.711864,-0.050182,0.279235,0.691186,-0.039721,0.235479,0.699430,-0.017855,0.244297,0.739256,-0.045230,0.273556,0.733010,-0.047432,0.279919,0.709701,-0.041322
1780388706.266,left,fist,0.340645,0.719604,-0.000000,0.344569,0.671145,-0.036529,0.325856,0.627077,-0.053761,0.292989,0.624099,-0.064003,0.261007,0.640048,-0.068796,0.253426,0.566221,-0.035161,0.263347,0.612315,-0.062099,0.290231,0.646071,-0.073642,0.297896,0.654074,-0.079478,0.235771,0.615035,-0.027657,0.248496,0.675485,-0.057477,0.286692,0.688466,-0.061599,0.297572,0.677681,-0.058903,0.231612,0.667527,-0.024752,0.251402,0.723050,-0.054818,0.287471,0.723044,-0.050429,0.294854,0.705864,-0.041664,0.236522,0.716771,-0.025020,0.260180,0.755798,-0.049167,0.288798,0.747392,-0.050534,0.293641,0.724173,-0.045791
1780388706.810,left,fist,0.270126,0.825971,-0.000000,0.265611,0.797267,-0.041932,0.228595,0.775715,-0.070378,0.179298,0.787490,-0.086839,0.140630,0.807352,-0.104465,0.261386,0.733885,-0.106489,0.192579,0.773946,-0.138698,0.150242,0.815502,-0.152694,0.116332,0.857843,-0.160249,0.250651,0.737167,-0.094048,0.174745,0.777076,-0.124831,0.130174,0.822778,-0.137122,0.097404,0.870093,-0.147212,0.236143,0.748140,-0.079735,0.165674,0.792496,-0.106872,0.125230,0.834345,-0.118482,0.096649,0.875355,-0.127080,0.221060,0.769534,-0.066134,0.168752,0.815984,-0.090968,0.136082,0.853872,-0.101725,0.111664,0.888549,-0.109121
1780388707.321,left,fist,0.414700,0.729436,-0.000000,0.454928,0.670856,-0.005485,0.474854,0.608244,-0.013661,0.484175,0.562254,-0.023749,0.493494,0.527965,-0.030862,0.431169,0.510759,-0.013723,0.486448,0.509084,-0.035564,0.487873,0.561407,-0.046028,0.476587,0.576822,-0.050844,0.414390,0.537456,-0.020511,0.482083,0.573081,-0.039965,0.475432,0.620826,-0.042188,0.457588,0.620828,-0.042533,0.404956,0.579369,-0.029121,0.469909,0.614583,-0.046787,0.461950,0.650842,-0.042501,0.444772,0.648611,-0.037895,0.400652,0.626479,-0.038445,0.453809,0.646021,-0.047999,0.451485,0.669315,-0.043819,0.437963,0.670889,-0.039263
1780388707.853,left,fist,0.517289,0.755974,-0.000000,0.567741,0.705049,0.003347,0.584513,0.644883,0.000490,0.593820,0.601640,-0.007123,0.600302,0.567059,-0.012637,0.538157,0.556982,0.006296,0.582830,0.517967,-0.012664,0.598213,0.549964,-0.024676,0.598134,0.582264,-0.029660,0.531155,0.561782,-0.003072,0.595973,0.571861,-0.020947,0.594374,0.623339,-0.025082,0.578068,0.640119,-0.024484,0.531721,0.580509,-0.014662,0.592291,0.604631,-0.029681,0.585575,0.649996,-0.027503,0.569566,0.659996,-0.023095,0.537324,0.606746,-0.026713,0.584162,0.631031,-0.033174,0.580358,0.665343,-0.029380,0.568102,0.673795,-0.024908
1780388708.365,left,fist,0.528125,0.768799,-0.000000,0.578714,0.723237,0.000507,0.594866,0.661784,-0.003767,0.602724,0.615511,-0.011871,0.611728,0.577042,-0.017296,0.554292,0.571992,-0.000226,0.600042,0.527747,-0.021803,0.617876,0.571002,-0.034264,0.617233,0.607076,-0.039275,0.546086,0.575226,-0.008558,0.611295,0.576496,-0.028723,0.613289,0.633370,-0.032244,0.597881,0.651323,-0.031106,0.544625,0.593064,-0.019267,0.606191,0.614930,-0.036837,0.600265,0.664976,-0.033589,0.583432,0.674952,-0.028142,0.548469,0.619792,-0.030564,0.597032,0.646500,-0.039570,0.593680,0.683052,-0.035944,0.580430,0.690466,-0.031336
1780388708.901,left,fist,0.527624,0.775803,-0.000000,0.578818,0.732111,0.000641,0.595944,0.669911,-0.003180,0.605197,0.622633,-0.010998,0.613494,0.583104,-0.016203,0.556288,0.576993,0.001289,0.603705,0.538131,-0.019336,0.620409,0.576250,-0.031136,0.620469,0.607227,-0.036019,0.548216,0.580283,-0.007007,0.613821,0.596062,-0.026485,0.611647,0.649518,-0.029394,0.595106,0.660308,-0.028235,0.547229,0.599028,-0.017740,0.609577,0.627477,-0.034947,0.601531,0.675245,-0.031172,0.584552,0.681009,-0.025761,0.551390,0.626064,-0.029125,0.600136,0.655116,-0.038395,0.594900,0.691161,-0.034812,0.581316,0.696426,-0.030236
1780388709.451,left,fist,0.530827,0.777813,-0.000000,0.583741,0.735556,0.001219,0.601219,0.674090,-0.002629,0.608783,0.626211,-0.010645,0.615324,0.588743,-0.016203,0.563474,0.580374,0.001389,0.609789,0.543693,-0.017926,0.625932,0.578647,-0.027894,0.626753,0.611742,-0.031424,0.554385,0.582742,-0.007113,0.619380,0.607227,-0.025286,0.613680,0.660352,-0.026737,0.596272,0.668637,-0.024609,0.552701,0.602139,-0.017926,0.614698,0.637706,-0.034271,0.604323,0.684754,-0.029944,0.587409,0.688391,-0.024335,0.556287,0.630673,-0.029336,0.603999,0.662706,-0.038001,0.597944,0.698667,-0.033997,0.584768,0.703093,-0.029174
1780471252.225,right,fist,0.474999,0.573953,-0.000000,0.465167,0.568054,-0.012068,0.461406,0.559588,-0.019883,0.463116,0.554591,-0.025678,0.465806,0.549106,-0.030793,0.479259,0.517056,-0.020080,0.482839,0.534643,-0.028557,0.476978,0.555110,-0.033859,0.470330,0.568798,-0.036824,0.484248,0.517801,-0.017284,0.483944,0.546093,-0.025745,0.474416,0.564412,-0.029276,0.466024,0.575408,-0.031304,0.486361,0.522140,-0.014883,0.483521,0.546515,-0.023077,0.474988,0.561561,-0.024400,0.467859,0.571412,-0.024274,0.486974,0.528993,-0.013206,0.482419,0.544775,-0.019405,0.476058,0.558146,-0.019451,0.470950,0.567077,-0.018232
1780471257.385,right,fist,0.491546,0.662136,0.000000,0.479188,0.629324,-0.015600,0.463591,0.606298,-0.027511,0.454399,0.582563,-0.037649,0.450320,0.561258,-0.046801,0.425720,0.665422,-0.018262,0.410767,0.647337,-0.029115,0.420447,0.633636,-0.038263,0.431019,0.631002,-0.043928,0.429132,0.697384,-0.014910,0.413095,0.674423,-0.022073,0.420625,0.660982,-0.026667,0.430149,0.660251,-0.030544,0.436243,0.721773,-0.012899,0.419235,0.698506,-0.017986,0.424753,0.685379,-0.017919,0.433966,0.683492,-0.018326,0.445370,0.739611,-0.012240,0.428514,0.720836,-0.015200,0.432843,0.707844,-0.013182,0.440825,0.703881,-0.011621
1780471257.611,right,fist,0.507071,0.672668,0.000000,0.490112,0.633352,-0.012266,0.469466,0.606119,-0.022328,0.456689,0.583870,-0.031027,0.451226,0.563945,-0.038777,0.435185,0.674883,-0.016299,0.415451,0.653066,-0.026852,0.422996,0.637032,-0.035493,0.433568,0.633151,-0.040823,0.438860,0.707863,-0.014351,0.420176,0.680005,-0.020691,0.426090,0.664176,-0.024665,0.436149,0.661801,-0.028137,0.446907,0.729186,-0.013302,0.428548,0.703694,-0.016950,0.432665,0.688387,-0.016309,0.441749,0.683992,-0.016477,0.457064,0.742527,-0.013476,0.440342,0.722447,-0.015061,0.442230,0.707712,-0.012417,0.449162,0.701395,-0.010268
1780471260.602,right,fist,0.511786,0.906768,-0.000000,0.486768,0.868438,-0.006617,0.477029,0.801611,-0.010732,0.480781,0.747316,-0.015700,0.486284,0.703015,-0.019837,0.507868,0.769900,-0.002860,0.509868,0.719933,-0.015755,0.499811,0.714731,-0.025805,0.493132,0.728448,-0.030911,0.526232,0.774162,-0.004964,0.526349,0.724114,-0.015441,0.514446,0.726008,-0.021618,0.508108,0.745123,-0.024220,0.541244,0.786561,-0.008925,0.540606,0.735326,-0.019196,0.528471,0.734827,-0.019761,0.521285,0.752714,-0.017796,0.553236,0.804887,-0.013630,0.554633,0.755630,-0.021964,0.546319,0.745226,-0.021749,0.539192,0.755642,-0.019423
1780471260.842,right,fist,0.506987,0.811614,-0.000000,0.478095,0.743297,0.001589,0.474685,0.668192,0.002196,0.479940,0.617749,-0.000281,0.488685,0.583205,-0.000805,0.523617,0.610875,0.013136,0.481916,0.588013,-0.000606,0.471788,0.632912,-0.009397,0.477935,0.658013,-0.013394,0.539288,0.618869,0.005440,0.490110,0.597696,-0.006920,0.478939,0.650396,-0.007588,0.487571,0.672523,-0.004748,0.549032,0.641330,-0.004955,0.500872,0.623079,-0.017560,0.491332,0.673556,-0.008855,0.502285,0.692028,0.000398,0.552901,0.672943,-0.016170,0.515482,0.652347,-0.023616,0.506347,0.683169,-0.016942,0.514787,0.698788,-0.009046
1780471261.051,right,fist,0.511728,0.824264,-0.000000,0.482882,0.758126,-0.000563,0.478042,0.687585,-0.001370,0.482764,0.644024,-0.005271,0.492711,0.614197,-0.006180,0.527402,0.620789,0.014931,0.486070,0.601087,-0.001484,0.476661,0.649468,-0.012498,0.484422,0.670315,-0.018271,0.543580,0.628321,0.006991,0.493688,0.612708,-0.010128,0.484782,0.669977,-0.012754,0.497245,0.689181,-0.010091,0.554604,0.650133,-0.004314,0.506602,0.633367,-0.020204,0.496838,0.686047,-0.012478,0.509127,0.702662,-0.003093,0.559896,0.682481,-0.016881,0.521402,0.666596,-0.026268,0.512973,0.698287,-0.020957,0.523104,0.712761,-0.013520
1780471261.304,right,fist,0.542537,0.796781,-0.000000,0.503017,0.725996,-0.001780,0.499583,0.661118,-0.007352,0.503055,0.613368,-0.013991,0.509299,0.586065,-0.018277,0.557317,0.600033,-0.004665,0.504115,0.566415,-0.018604,0.497220,0.611333,-0.026855,0.507989,0.636396,-0.031556,0.564178,0.612862,-0.010250,0.499652,0.582457,-0.023820,0.496303,0.628256,-0.024362,0.510481,0.648732,-0.023694,0.560296,0.636830,-0.017160,0.499513,0.606455,-0.029161,0.498392,0.648742,-0.022171,0.512887,0.667858,-0.016522,0.548380,0.665250,-0.024818,0.501602,0.643979,-0.033726,0.499749,0.673367,-0.030804,0.511008,0.690685,-0.027070
1780471261.546,right,fist,0.549059,0.736635,-0.000000,0.565377,0.683001,0.003828,0.567222,0.621608,-0.002207,0.548427,0.579686,-0.009154,0.525913,0.570374,-0.016504,0.575647,0.585373,-0.018178,0.535121,0.530175,-0.028494,0.530210,0.556586,-0.030404,0.538645,0.576337,-0.030143,0.557798,0.609895,-0.026085,0.517537,0.546774,-0.033566,0.515141,0.574518,-0.028897,0.524444,0.595477,-0.025772,0.537382,0.635525,-0.032935,0.502079,0.569588,-0.039404,0.502848,0.598012,-0.029435,0.513197,0.619356,-0.022675,0.515922,0.662321,-0.039143,0.493092,0.603975,-0.044031,0.496691,0.625242,-0.036099,0.505625,0.644950,-0.029496
1780471261.792,right,fist,0.556623,0.734098,-0.000000,0.580715,0.671965,0.001097,0.583753,0.608535,-0.003130,0.564539,0.567239,-0.006561,0.543508,0.557392,-0.009639,0.569344,0.596644,-0.021385,0.548709,0.528474,-0.026955,0.552667,0.549886,-0.026576,0.559583,0.574728,-0.024747,0.542103,0.613660,-0.023914,0.528868,0.543351,-0.024807,0.534678,0.559999,-0.019896,0.538785,0.584075,-0.017393,0.519040,0.631025,-0.024696,0.510575,0.562421,-0.022806,0.518332,0.578726,-0.014342,0.522782,0.601401,-0.010319,0.501792,0.648189,-0.024997,0.500006,0.589098,-0.022051,0.508062,0.600382,-0.013376,0.511109,0.618421,-0.007795
1780471262.042,right,fist,0.565270,0.725103,-0.000000,0.591011,0.667056,-0.001943,0.596289,0.611501,-0.004561,0.578474,0.576374,-0.005749,0.561633,0.565625,-0.005425,0.565097,0.582707,-0.012362,0.561041,0.525561,-0.014620,0.568289,0.548359,-0.013704,0.572049,0.574618,-0.012100,0.540236,0.591421,-0.012030,0.541347,0.536134,-0.009432,0.550315,0.551913,-0.005747,0.553248,0.574018,-0.004178,0.521085,0.606363,-0.010712,0.524537,0.556269,-0.006548,0.535144,0.567349,-0.001169,0.539001,0.588601,0.000649,0.507395,0.624980,-0.009352,0.513519,0.587635,-0.006065,0.523283,0.593607,-0.000230,0.526591,0.609165,0.003887
1780471262.287,right,fist,0.597137,0.700218,-0.000000,0.617328,0.644805,0.001806,0.620791,0.589249,0.000160,0.605532,0.551271,-0.001395,0.586760,0.544256,-0.002776,0.601974,0.549347,-0.007892,0.579868,0.509926,-0.010498,0.580772,0.530448,-0.011588,0.587042,0.550954,-0.011655,0.577611,0.564188,-0.010166,0.560983,0.525686,-0.008794,0.564251,0.544430,-0.005997,0.570159,0.563534,-0.004880,0.556250,0.585389,-0.011429,0.545510,0.548878,-0.008817,0.550649,0.564473,-0.003492,0.556477,0.582730,-0.001349,0.538970,0.609702,-0.012404,0.535768,0.578401,-0.009530,0.541698,0.592067,-0.002857,0.546395,0.606741,0.001956
1780471262.494,right,fist,0.639084,0.651522,-0.000000,0.646369,0.595453,0.004619,0.643096,0.539553,0.003281,0.628713,0.503310,0.001153,0.610444,0.497814,-0.001213,0.627949,0.504515,-0.007923,0.592492,0.482360,-0.011599,0.594486,0.505189,-0.012213,0.604061,0.517082,-0.012160,0.612449,0.527605,-0.013043,0.578482,0.503006,-0.014559,0.582651,0.525796,-0.010946,0.593399,0.538535,-0.009017,0.597908,0.556165,-0.017088,0.567700,0.526979,-0.018769,0.573598,0.548680,-0.011677,0.584259,0.561992,-0.007456,0.585066,0.588887,-0.020556,0.565466,0.559965,-0.022502,0.572093,0.576216,-0.016163,0.580979,0.588747,-0.010889
1780471262.733,right,fist,0.657786,0.615039,-0.000000,0.653616,0.559089,0.005627,0.637653,0.512672,0.002108,0.614625,0.496255,-0.002534,0.596283,0.507576,-0.007578,0.630249,0.478780,-0.013657,0.586092,0.474415,-0.020494,0.590365,0.499015,-0.020808,0.602073,0.506070,-0.020029,0.623704,0.510497,-0.021009,0.577735,0.502896,-0.025682,0.584237,0.525928,-0.020678,0.597613,0.532520,-0.017615,0.616134,0.546649,-0.027158,0.573129,0.531399,-0.031124,0.581548,0.552119,-0.022121,0.595452,0.558200,-0.016393,0.609058,0.586072,-0.032579,0.577795,0.565539,-0.035701,0.586359,0.578118,-0.028567,0.598515,0.584466,-0.022833
1780471262.978,right,fist,0.665867,0.597327,-0.000000,0.652827,0.546562,0.004199,0.627069,0.510556,-0.000441,0.599762,0.507399,-0.006213,0.583944,0.526665,-0.012151,0.618985,0.476199,-0.014696,0.573016,0.489381,-0.024503,0.581534,0.512367,-0.027183,0.594336,0.512955,-0.027612,0.619354,0.511176,-0.021974,0.569703,0.522719,-0.029311,0.579677,0.542513,-0.025151,0.593954,0.541726,-0.022129,0.618343,0.550560,-0.028440,0.570679,0.553933,-0.034764,0.582127,0.570431,-0.025694,0.597379,0.569901,-0.019171,0.617343,0.590878,-0.034315,0.581048,0.586353,-0.038526,0.590982,0.594649,-0.031320,0.604807,0.595380,-0.025237
1780471263.180,right,fist,0.668956,0.577356,-0.000000,0.647633,0.530141,0.005223,0.616445,0.507472,0.001135,0.587477,0.518831,-0.004526,0.573762,0.544073,-0.010717,0.606505,0.483246,-0.012847,0.562943,0.519658,-0.023409,0.574767,0.536191,-0.027310,0.588771,0.530335,-0.028520,0.613702,0.517877,-0.020669,0.566088,0.554289,-0.028380,0.578635,0.565755,-0.025352,0.593283,0.558267,-0.023387,0.620130,0.556803,-0.027678,0.573483,0.584301,-0.034755,0.586714,0.592190,-0.026714,0.602225,0.584608,-0.020861,0.626129,0.596591,-0.033931,0.587836,0.611102,-0.039009,0.598191,0.612734,-0.032365,0.612446,0.606481,-0.026627
1780471263.427,right,fist,0.671057,0.557536,-0.000000,0.643240,0.519836,0.002917,0.610256,0.510184,-0.003698,0.583683,0.528763,-0.010666,0.573402,0.555055,-0.018210,0.605050,0.494663,-0.026748,0.565356,0.551025,-0.036822,0.578562,0.555668,-0.037157,0.591693,0.543176,-0.035939,0.620374,0.528828,-0.033850,0.575871,0.586442,-0.042996,0.589116,0.584448,-0.038203,0.602992,0.569247,-0.035150,0.633575,0.565339,-0.039191,0.587759,0.615047,-0.047158,0.600920,0.609520,-0.037787,0.615672,0.593478,-0.031258,0.645479,0.601356,-0.043659,0.606942,0.634386,-0.050151,0.616140,0.624444,-0.043282,0.629372,0.608344,-0.037469
1780471263.632,right,fist,0.665946,0.559162,-0.000000,0.629138,0.555536,-0.008113,0.601225,0.555249,-0.019600,0.586270,0.566745,-0.030571,0.586154,0.578736,-0.041150,0.599545,0.497181,-0.030229,0.579935,0.573800,-0.046221,0.594251,0.586209,-0.050784,0.603718,0.567757,-0.052632,0.622331,0.505214,-0.035149,0.601270,0.592717,-0.051492,0.613150,0.594204,-0.049865,0.620676,0.570122,-0.047694,0.644610,0.523842,-0.040460,0.621994,0.604709,-0.056326,0.631515,0.601585,-0.049518,0.639324,0.576041,-0.042805,0.665109,0.546963,-0.046135,0.644377,0.608596,-0.058389,0.648016,0.603123,-0.055323,0.653898,0.578135,-0.050908
1780471263.861,right,fist,0.662713,0.593174,-0.000000,0.636486,0.600678,-0.020908,0.613623,0.599968,-0.035502,0.606649,0.595779,-0.046933,0.620896,0.580619,-0.055435,0.606829,0.504581,-0.028311,0.609847,0.563042,-0.044023,0.620558,0.589639,-0.051034,0.623366,0.583027,-0.055340,0.630953,0.492055,-0.026481,0.632938,0.557580,-0.042022,0.638471,0.584929,-0.043829,0.639131,0.576701,-0.043709,0.655437,0.494561,-0.026696,0.655779,0.542333,-0.043075,0.656529,0.568828,-0.038845,0.656160,0.566553,-0.033491,0.678402,0.505819,-0.028908,0.679427,0.535956,-0.041507,0.676256,0.561205,-0.039604,0.673492,0.567895,-0.035472
1780471264.076,right,fist,0.688214,0.594473,-0.000000,0.663978,0.607615,-0.018602,0.639624,0.603271,-0.030168,0.635657,0.578717,-0.038584,0.647818,0.550138,-0.043662,0.622851,0.499609,-0.021398,0.641542,0.537460,-0.034364,0.652293,0.563119,-0.040175,0.651199,0.565471,-0.044018,0.642123,0.474106,-0.019126,0.662135,0.520865,-0.031952,0.667991,0.554429,-0.033999,0.665545,0.557005,-0.034523,0.664428,0.465086,-0.018733,0.682554,0.510431,-0.032437,0.682767,0.544031,-0.030072,0.677187,0.549265,-0.026725,0.686710,0.466707,-0.020184,0.698678,0.488148,-0.031028,0.697554,0.510774,-0.030477,0.691228,0.515926,-0.027800
1780471264.292,right,fist,0.707024,0.592063,-0.000000,0.685972,0.604428,-0.023343,0.661457,0.593075,-0.035026,0.654362,0.563812,-0.042671,0.662099,0.534365,-0.046427,0.636110,0.505167,-0.021105,0.659083,0.505405,-0.035727,0.672420,0.539454,-0.041968,0.670742,0.550485,-0.045966,0.652662,0.476552,-0.017016,0.677067,0.486253,-0.033982,0.688325,0.533037,-0.036926,0.684383,0.543803,-0.036402,0.673044,0.462558,-0.015513,0.695778,0.471738,-0.033327,0.703341,0.519911,-0.029502,0.698933,0.535540,-0.023768,0.694410,0.459247,-0.016136,0.710416,0.469412,-0.029566,0.714362,0.506897,-0.028011,0.708439,0.521523,-0.023831
1780471264.510,right,fist,0.732176,0.595270,-0.000000,0.708793,0.606530,-0.022327,0.680370,0.588721,-0.032090,0.671872,0.550743,-0.038783,0.678805,0.521270,-0.041511,0.656343,0.519314,-0.013402,0.665838,0.496094,-0.028858,0.681843,0.525268,-0.034577,0.684059,0.543154,-0.036790,0.671671,0.492679,-0.009632,0.682514,0.472945,-0.026561,0.700145,0.517513,-0.028361,0.696628,0.532251,-0.025522,0.690734,0.476168,-0.009357,0.700172,0.455051,-0.027636,0.714186,0.500070,-0.022491,0.711017,0.517868,-0.014675,0.711310,0.469242,-0.011037,0.717481,0.452768,-0.023204,0.725477,0.487797,-0.019116,0.721372,0.505149,-0.012793
1780471264.734,right,fist,0.748353,0.601731,-0.000000,0.720296,0.612262,-0.010056,0.686836,0.582811,-0.012551,0.679922,0.538053,-0.015239,0.686826,0.510231,-0.015203,0.678866,0.532502,-0.000701,0.670076,0.493534,-0.016474,0.687364,0.521157,-0.024334,0.693925,0.540430,-0.027054,0.695115,0.510779,-0.001774,0.686781,0.472571,-0.017127,0.704882,0.512236,-0.019622,0.706102,0.528529,-0.017092,0.712903,0.494939,-0.005931,0.705151,0.456202,-0.020939,0.720243,0.497919,-0.015170,0.721251,0.515752,-0.007062,0.731554,0.485385,-0.011273,0.726180,0.457110,-0.019823,0.733909,0.487775,-0.014328,0.734043,0.504669,-0.007635
1780471264.970,right,fist,0.759512,0.593419,-0.000000,0.731251,0.608314,-0.009938,0.697687,0.582147,-0.013061,0.687891,0.535283,-0.016517,0.693860,0.503262,-0.017237,0.686825,0.531018,-0.002108,0.675722,0.487820,-0.019003,0.694137,0.516629,-0.026987,0.701706,0.537252,-0.029515,0.703351,0.509580,-0.003152,0.693424,0.471618,-0.019954,0.712611,0.513651,-0.022886,0.714063,0.531774,-0.020652,0.720444,0.492150,-0.007129,0.710675,0.454134,-0.023430,0.727180,0.500314,-0.017511,0.729026,0.521280,-0.009072,0.738501,0.479188,-0.012149,0.730790,0.453254,-0.020808,0.740339,0.486062,-0.014911,0.741539,0.503223,-0.007888
1780471265.181,right,fist,0.764725,0.598166,-0.000000,0.733330,0.613131,-0.010275,0.697526,0.576049,-0.011581,0.690851,0.522672,-0.013034,0.697814,0.495459,-0.011964,0.694205,0.524915,-0.000760,0.685170,0.481331,-0.017033,0.701572,0.514556,-0.024896,0.708522,0.536378,-0.027631,0.711855,0.504164,-0.001362,0.702441,0.465645,-0.017769,0.719846,0.512153,-0.020389,0.721912,0.530432,-0.017801,0.729421,0.488719,-0.005149,0.720344,0.450617,-0.021222,0.735068,0.500398,-0.015574,0.737513,0.521365,-0.007322,0.748028,0.475902,-0.010117,0.741100,0.451039,-0.018974,0.749500,0.486820,-0.013680,0.750755,0.503920,-0.007169
1780471265.407,right,fist,0.713496,0.641756,-0.000000,0.681432,0.623969,-0.002944,0.658864,0.573363,-0.003389,0.654965,0.529352,-0.006240,0.658005,0.497766,-0.006892,0.668868,0.517698,0.007857,0.657994,0.481800,-0.006270,0.661370,0.525306,-0.012767,0.667279,0.545073,-0.014477,0.685117,0.510556,0.002903,0.673483,0.476988,-0.011628,0.676295,0.527006,-0.012725,0.684003,0.540817,-0.008501,0.704113,0.508953,-0.004996,0.691288,0.477791,-0.017795,0.692309,0.524742,-0.010690,0.699129,0.537325,-0.001696,0.725640,0.512677,-0.013799,0.712382,0.490851,-0.018937,0.709881,0.522163,-0.012058,0.715383,0.532822,-0.004621
1780471265.643,right,fist,0.600288,0.714653,-0.000000,0.571456,0.675802,0.002943,0.557806,0.625510,0.004358,0.557578,0.587558,0.001873,0.559605,0.559005,0.000755,0.573422,0.568613,0.017570,0.559920,0.530952,0.005410,0.555861,0.566388,-0.002807,0.562557,0.592517,-0.006086,0.584155,0.565617,0.010299,0.566777,0.530397,-0.003491,0.562824,0.570596,-0.008123,0.570620,0.597489,-0.006616,0.596503,0.566018,0.000503,0.575129,0.537896,-0.010510,0.571451,0.576946,-0.007499,0.579015,0.601093,-0.001514,0.611531,0.573003,-0.009927,0.589275,0.553983,-0.014775,0.583471,0.583772,-0.010489,0.588787,0.604830,-0.004884
1780471265.877,right,fist,0.498559,0.757236,-0.000000,0.465945,0.703798,0.001526,0.459428,0.649735,-0.000151,0.460255,0.609205,-0.004286,0.462416,0.579150,-0.006332,0.499361,0.594231,0.009991,0.455281,0.566587,-0.006111,0.451118,0.606957,-0.017359,0.462653,0.630211,-0.022476,0.504096,0.596923,0.003590,0.451094,0.570944,-0.012727,0.448583,0.615452,-0.017748,0.461898,0.635120,-0.017430,0.503615,0.605260,-0.004982,0.452581,0.582204,-0.018191,0.449805,0.625752,-0.013919,0.463380,0.643391,-0.007687,0.499850,0.619734,-0.014231,0.458075,0.608576,-0.022587,0.455693,0.640046,-0.019827,0.467301,0.655455,-0.014740
1780471266.113,right,fist,0.455455,0.756939,-0.000000,0.426557,0.706524,-0.001396,0.421657,0.653170,-0.005558,0.421783,0.614723,-0.010863,0.421708,0.590252,-0.014021,0.460322,0.597782,-0.001720,0.412708,0.573947,-0.014267,0.407544,0.609963,-0.020877,0.417498,0.628213,-0.023796,0.461701,0.604825,-0.006172,0.407565,0.587804,-0.018599,0.406298,0.627653,-0.019160,0.419117,0.641192,-0.017803,0.457406,0.618874,-0.012025,0.406204,0.605841,-0.021678,0.407010,0.642450,-0.016311,0.420456,0.654841,-0.011636,0.449358,0.638794,-0.018795,0.409997,0.634746,-0.026020,0.409767,0.660296,-0.024567,0.420606,0.671871,-0.021854
1780471266.337,right,fist,0.430956,0.755567,-0.000000,0.439396,0.702134,0.002434,0.438186,0.641199,-0.000808,0.431862,0.593903,-0.004465,0.424881,0.566227,-0.007685,0.434488,0.606281,-0.014628,0.393523,0.567190,-0.023216,0.392134,0.598321,-0.023872,0.402717,0.616461,-0.022812,0.421486,0.629715,-0.019953,0.378016,0.589237,-0.026960,0.379515,0.619790,-0.021949,0.391349,0.635784,-0.018244,0.406838,0.657350,-0.024684,0.367272,0.615207,-0.031538,0.371320,0.644703,-0.022500,0.383698,0.661399,-0.015964,0.392043,0.688479,-0.028947,0.363786,0.652773,-0.035560,0.369169,0.673414,-0.030420,0.380408,0.688428,-0.025183
1780471266.563,right,fist,0.416640,0.749286,-0.000000,0.430177,0.683922,-0.001531,0.425158,0.621702,-0.005597,0.409223,0.580123,-0.007992,0.395476,0.564641,-0.009076,0.403239,0.634181,-0.025055,0.377920,0.567085,-0.031224,0.385660,0.583213,-0.029386,0.394502,0.605252,-0.026031,0.380587,0.662820,-0.025464,0.360792,0.588302,-0.028703,0.370300,0.599594,-0.023111,0.377603,0.621919,-0.019191,0.362254,0.687234,-0.024313,0.347922,0.614774,-0.024056,0.358599,0.624573,-0.015308,0.365160,0.645115,-0.010424,0.349599,0.707254,-0.022936,0.344299,0.647408,-0.021226,0.353291,0.654937,-0.013875,0.357293,0.671855,-0.008977
1780471266.789,right,fist,0.416852,0.736776,0.000000,0.432795,0.677211,-0.011045,0.427517,0.620978,-0.019342,0.415598,0.573157,-0.024067,0.403363,0.548362,-0.025267,0.385121,0.648258,-0.032389,0.373048,0.557007,-0.042329,0.389213,0.569342,-0.041788,0.396155,0.594878,-0.038866,0.364492,0.668809,-0.027971,0.358721,0.568380,-0.034930,0.374347,0.578621,-0.029130,0.379804,0.604330,-0.024169,0.350283,0.681170,-0.023031,0.349794,0.589795,-0.024352,0.364233,0.597403,-0.015334,0.369059,0.620642,-0.009906,0.341679,0.688100,-0.018985,0.345466,0.618235,-0.018003,0.357150,0.621315,-0.012444,0.360696,0.639014,-0.008651
1780471267.016,right,fist,0.422285,0.708135,-0.000000,0.437914,0.648661,-0.013458,0.433640,0.590723,-0.022363,0.414228,0.555212,-0.027795,0.397465,0.540641,-0.029783,0.384399,0.610118,-0.029609,0.382351,0.518938,-0.040775,0.399154,0.539048,-0.043404,0.403303,0.569126,-0.043330,0.364792,0.626940,-0.025459,0.368806,0.527829,-0.033097,0.382984,0.543064,-0.030227,0.385388,0.573097,-0.027587,0.353709,0.635650,-0.021306,0.359980,0.547836,-0.024146,0.373077,0.560293,-0.017280,0.375742,0.587159,-0.013182,0.348299,0.640508,-0.018299,0.354571,0.572636,-0.018493,0.365953,0.579435,-0.013385,0.368701,0.600582,-0.009705
1780471267.246,right,fist,0.419320,0.634401,0.000000,0.441410,0.578887,-0.013508,0.443317,0.516655,-0.023055,0.433586,0.462787,-0.028734,0.422566,0.425580,-0.031338,0.399590,0.530651,-0.034729,0.397546,0.440450,-0.045767,0.415420,0.443422,-0.046384,0.423608,0.466559,-0.044107,0.377218,0.542956,-0.030052,0.383819,0.445440,-0.037397,0.400932,0.447942,-0.033183,0.405403,0.472105,-0.029683,0.362754,0.551871,-0.025054,0.373314,0.460282,-0.028239,0.389149,0.464008,-0.020453,0.393700,0.486584,-0.015750,0.354331,0.558784,-0.020992,0.367186,0.490366,-0.023131,0.380180,0.489765,-0.018554,0.383967,0.505487,-0.014793
1780471267.476,right,fist,0.428326,0.578698,-0.000000,0.448431,0.520149,-0.004645,0.452774,0.465417,-0.009582,0.438318,0.425314,-0.012452,0.424296,0.407450,-0.013168,0.414712,0.450768,-0.019219,0.412056,0.381248,-0.024387,0.422502,0.398027,-0.023289,0.427081,0.423883,-0.021034,0.390563,0.464480,-0.018165,0.393324,0.392546,-0.019382,0.405213,0.406936,-0.015011,0.408217,0.431051,-0.012301,0.373985,0.480985,-0.016235,0.379092,0.415364,-0.015362,0.390868,0.424841,-0.009145,0.394619,0.446916,-0.006233,0.363727,0.499089,-0.014396,0.370446,0.450440,-0.013606,0.380859,0.456113,-0.008294,0.383976,0.472795,-0.004360
1780471267.706,right,fist,0.445646,0.524122,-0.000000,0.459328,0.465762,0.005799,0.454357,0.411560,0.005603,0.434976,0.377783,0.004531,0.415179,0.373311,0.003351,0.447622,0.372159,-0.004337,0.414636,0.338191,-0.006937,0.413518,0.360823,-0.007797,0.421868,0.379402,-0.007690,0.426852,0.388952,-0.008704,0.397429,0.356042,-0.007353,0.398164,0.378886,-0.003858,0.407049,0.395359,-0.002139,0.407105,0.412883,-0.011944,0.383499,0.380460,-0.009469,0.386813,0.402177,-0.002932,0.395755,0.417823,0.000113,0.389827,0.442621,-0.014629,0.375418,0.416805,-0.012536,0.380468,0.435146,-0.005730,0.388023,0.449443,-0.000674
1780471267.933,right,fist,0.488612,0.537248,-0.000000,0.484741,0.480241,0.008584,0.477773,0.427676,0.007810,0.463347,0.393892,0.004025,0.447971,0.381245,0.001413,0.489892,0.375936,0.005584,0.442386,0.356820,-0.004949,0.440234,0.387730,-0.011543,0.450406,0.401311,-0.015262,0.485922,0.380064,-0.003249,0.431577,0.361886,-0.012292,0.433315,0.395478,-0.012425,0.445825,0.407582,-0.012118,0.478245,0.392559,-0.012519,0.425651,0.378145,-0.019199,0.429197,0.413755,-0.013605,0.443468,0.424033,-0.009977,0.468194,0.411748,-0.021687,0.428062,0.406525,-0.026962,0.430346,0.435034,-0.024326,0.442390,0.446049,-0.021708
1780471268.161,right,fist,0.522277,0.551928,-0.000000,0.487615,0.506931,0.000957,0.475906,0.453679,0.000217,0.474846,0.420119,-0.004101,0.483850,0.398138,-0.005868,0.509331,0.385054,0.016046,0.472443,0.370662,0.000276,0.471420,0.416335,-0.010467,0.484204,0.436952,-0.015621,0.518532,0.382269,0.008856,0.473324,0.371075,-0.009284,0.473731,0.422570,-0.013643,0.490167,0.439692,-0.011401,0.526132,0.386465,-0.001283,0.480276,0.377380,-0.016828,0.480482,0.426847,-0.012117,0.496965,0.442230,-0.004139,0.530643,0.400617,-0.012469,0.491790,0.398567,-0.021332,0.491394,0.431881,-0.017966,0.505271,0.447457,-0.011786
1780471268.389,right,fist,0.582465,0.563593,-0.000000,0.548810,0.546938,0.000164,0.523240,0.493995,0.001025,0.523633,0.452742,-0.001667,0.535860,0.432374,-0.002868,0.529941,0.430990,0.010528,0.511807,0.393069,-0.003970,0.516305,0.439035,-0.010719,0.526254,0.464643,-0.012581,0.545505,0.422407,0.003883,0.526946,0.387208,-0.011850,0.532532,0.444328,-0.012713,0.544281,0.466088,-0.007723,0.564974,0.420304,-0.005630,0.545296,0.384875,-0.020616,0.549012,0.442051,-0.014099,0.559718,0.464028,-0.004630,0.587582,0.424814,-0.015672,0.568152,0.403631,-0.023531,0.567622,0.442385,-0.017818,0.576417,0.459063,-0.010715
1780471268.621,right,fist,0.638478,0.584514,-0.000000,0.604651,0.581807,-0.005790,0.573038,0.540493,-0.006588,0.567471,0.495655,-0.008590,0.581397,0.474158,-0.008201,0.579576,0.471986,0.000983,0.566295,0.442252,-0.014978,0.576968,0.487927,-0.022272,0.586010,0.509710,-0.024670,0.601040,0.459232,-0.002205,0.587803,0.433592,-0.017398,0.597836,0.492315,-0.016779,0.605889,0.508166,-0.011863,0.623999,0.454643,-0.008399,0.611104,0.424617,-0.024458,0.617288,0.484919,-0.016404,0.624014,0.505079,-0.006186,0.648543,0.456319,-0.015357,0.637800,0.436455,-0.024632,0.636039,0.478850,-0.018464,0.638095,0.495045,-0.011002
1780471268.853,right,fist,0.667232,0.595051,-0.000000,0.643336,0.603530,-0.023090,0.618489,0.590191,-0.037445,0.616326,0.564187,-0.047647,0.630438,0.540728,-0.053771,0.608111,0.468185,-0.028404,0.633677,0.519587,-0.044286,0.643588,0.557175,-0.051391,0.642065,0.566557,-0.055908,0.631754,0.444890,-0.024894,0.655728,0.505382,-0.041349,0.659209,0.548310,-0.043438,0.657373,0.554234,-0.043548,0.656740,0.440022,-0.023492,0.678527,0.494705,-0.038814,0.676071,0.532957,-0.034968,0.670628,0.538256,-0.030776,0.680279,0.447575,-0.024594,0.696916,0.485996,-0.036474,0.691509,0.517494,-0.036133,0.682587,0.524202,-0.033618
1780471269.085,right,fist,0.689138,0.602067,-0.000000,0.664314,0.617768,-0.030421,0.640732,0.609816,-0.048269,0.644096,0.596996,-0.060521,0.660406,0.573014,-0.068424,0.639828,0.491464,-0.037585,0.672006,0.554718,-0.054601,0.672540,0.594419,-0.061154,0.663500,0.591964,-0.066108,0.664348,0.467851,-0.030965,0.694680,0.546432,-0.048979,0.690949,0.587775,-0.050574,0.682982,0.577807,-0.050811,0.688306,0.463593,-0.026942,0.713963,0.537282,-0.043566,0.707578,0.569552,-0.039293,0.697907,0.558754,-0.035280,0.708957,0.471072,-0.026064,0.725931,0.523878,-0.040010,0.720709,0.551079,-0.040846,0.711131,0.545949,-0.039324
1780471269.330,right,fist,0.701662,0.587933,-0.000000,0.675523,0.600229,-0.026864,0.651469,0.604541,-0.044191,0.648299,0.614956,-0.056053,0.660843,0.609943,-0.064777,0.661104,0.521989,-0.046625,0.674753,0.618347,-0.062539,0.670953,0.627058,-0.068375,0.665536,0.605489,-0.073479,0.690519,0.508646,-0.041164,0.701251,0.618854,-0.056025,0.695223,0.614033,-0.055341,0.688660,0.583981,-0.055686,0.717241,0.510548,-0.036921,0.721790,0.610343,-0.052083,0.716588,0.604614,-0.044259,0.711655,0.578342,-0.037742,0.738732,0.520703,-0.035592,0.740095,0.589120,-0.051100,0.733577,0.587406,-0.051190,0.728596,0.566737,-0.048572
1780471269.585,right,fist,0.700321,0.611240,-0.000000,0.661639,0.609089,-0.015473,0.633226,0.621470,-0.031550,0.621770,0.646083,-0.045019,0.626639,0.670480,-0.057844,0.631350,0.564169,-0.040834,0.612142,0.665275,-0.058842,0.621386,0.673952,-0.065500,0.628794,0.649867,-0.069004,0.658957,0.572452,-0.043374,0.636222,0.681683,-0.058145,0.644317,0.681995,-0.057598,0.649872,0.656524,-0.057433,0.686471,0.592986,-0.046458,0.662065,0.690194,-0.059505,0.664106,0.685532,-0.051661,0.668443,0.661196,-0.045311,0.710864,0.618962,-0.051127,0.688519,0.689994,-0.061533,0.685019,0.684634,-0.057474,0.685651,0.663021,-0.052600
1780471269.820,right,fist,0.692220,0.608889,-0.000000,0.665286,0.567617,0.003802,0.625772,0.571239,0.000903,0.601758,0.610470,-0.003036,0.595693,0.649302,-0.007217,0.600488,0.556025,-0.010721,0.568522,0.618115,-0.017610,0.584206,0.622134,-0.020824,0.595662,0.606778,-0.022489,0.611594,0.591796,-0.017516,0.574721,0.651015,-0.022110,0.590431,0.648975,-0.019516,0.604045,0.633690,-0.017585,0.625468,0.629616,-0.023301,0.585531,0.680883,-0.027956,0.601207,0.673051,-0.020246,0.615238,0.656829,-0.014486,0.641786,0.666290,-0.028445,0.608744,0.695863,-0.032342,0.619288,0.688167,-0.025332,0.631358,0.676439,-0.019163
1780471270.048,right,fist,0.647210,0.636263,-0.000000,0.629918,0.571695,0.005818,0.603111,0.537968,0.005669,0.578878,0.532332,0.003808,0.563768,0.551234,0.001822,0.574775,0.526579,-0.000069,0.542810,0.545678,-0.003156,0.552479,0.558143,-0.005579,0.565202,0.558096,-0.006684,0.570332,0.564652,-0.005289,0.539682,0.580956,-0.005580,0.550984,0.591867,-0.003813,0.563977,0.590160,-0.003028,0.569619,0.605723,-0.009724,0.540120,0.611087,-0.009602,0.551390,0.619360,-0.004093,0.564339,0.618334,-0.001004,0.572267,0.645364,-0.013699,0.548841,0.640257,-0.013042,0.558591,0.644801,-0.006335,0.569947,0.645904,-0.000928
1780471270.276,right,fist,0.606468,0.641011,-0.000000,0.607323,0.575650,0.001737,0.591852,0.526230,0.001487,0.569445,0.509116,0.001087,0.552354,0.519846,0.000985,0.558461,0.501828,-0.000274,0.539599,0.502228,-0.000832,0.545389,0.516395,-0.002367,0.554731,0.526653,-0.003264,0.543293,0.533118,-0.002146,0.526748,0.528641,0.000363,0.534026,0.540894,0.001355,0.544505,0.552229,0.001247,0.533180,0.569760,-0.003361,0.518378,0.557622,-0.000686,0.527025,0.565785,0.002265,0.538009,0.575876,0.003124,0.528228,0.606564,-0.004432,0.518897,0.592861,-0.002484,0.527470,0.597356,0.002012,0.536133,0.603883,0.005701
1780471270.562,right,fist,0.597095,0.608282,-0.000000,0.614511,0.552036,-0.000031,0.611207,0.496321,-0.000372,0.593968,0.458918,-0.000027,0.576384,0.449083,0.000995,0.582250,0.458538,-0.006047,0.565863,0.435411,-0.005132,0.570558,0.449630,-0.003407,0.576148,0.464749,-0.002317,0.560779,0.478165,-0.006703,0.547749,0.450149,-0.003561,0.554877,0.462282,-0.000496,0.561141,0.479393,0.000568,0.543246,0.505288,-0.006403,0.533579,0.472282,-0.003221,0.542670,0.480196,0.001560,0.549767,0.495935,0.003198,0.530899,0.535521,-0.005896,0.527034,0.505657,-0.003939,0.535371,0.511138,0.001474,0.540873,0.522289,0.005479
1780471270.793,right,fist,0.608675,0.590944,-0.000000,0.624833,0.534622,0.006791,0.626649,0.478437,0.006361,0.612402,0.441210,0.005058,0.594638,0.431113,0.003479,0.623646,0.437391,-0.006754,0.588837,0.402838,-0.008748,0.585972,0.426865,-0.008055,0.593123,0.443864,-0.007171,0.602931,0.449298,-0.012078,0.571421,0.412043,-0.011206,0.570170,0.437774,-0.006460,0.578844,0.455569,-0.003993,0.582539,0.467950,-0.015942,0.555810,0.428707,-0.014196,0.556732,0.454540,-0.006555,0.565581,0.471849,-0.002775,0.563477,0.493383,-0.019128,0.546739,0.459101,-0.018046,0.549406,0.480068,-0.010905,0.556316,0.496650,-0.005549
1780471271.018,right,fist,0.624403,0.592113,-0.000000,0.637325,0.530765,0.013628,0.637098,0.475396,0.014229,0.622604,0.438919,0.011419,0.604578,0.429631,0.008569,0.646600,0.433628,0.003275,0.605325,0.395788,-0.001625,0.600030,0.424138,-0.003316,0.608095,0.437378,-0.004471,0.636258,0.441170,-0.007884,0.590952,0.400959,-0.010429,0.588219,0.430436,-0.006484,0.598927,0.445871,-0.004633,0.621766,0.457037,-0.018070,0.577702,0.417317,-0.018594,0.575882,0.449922,-0.009974,0.588001,0.463357,-0.005947,0.605067,0.480285,-0.027551,0.571152,0.451391,-0.028813,0.571695,0.477254,-0.022990,0.582624,0.491351,-0.018912
1780471271.245,right,fist,0.630049,0.609260,-0.000000,0.604665,0.536300,0.009625,0.607220,0.484515,0.009798,0.611237,0.449201,0.005126,0.618489,0.422584,0.002008,0.663246,0.446548,0.017734,0.622230,0.408187,0.005928,0.607670,0.445570,-0.003401,0.611609,0.469295,-0.008901,0.669635,0.450939,0.006230,0.615290,0.407112,-0.006521,0.602238,0.450214,-0.009860,0.613063,0.474716,-0.010063,0.667454,0.462671,-0.006809,0.616066,0.415310,-0.017358,0.602701,0.457103,-0.011222,0.613425,0.479474,-0.005530,0.658061,0.478221,-0.020040,0.618245,0.445128,-0.027009,0.609284,0.471826,-0.023185,0.619033,0.490343,-0.018498
1780471271.484,right,fist,0.633258,0.597469,-0.000000,0.612646,0.536807,0.004257,0.615125,0.481358,0.005885,0.622830,0.446275,0.003310,0.631921,0.417881,0.002000,0.653886,0.437350,0.020212,0.632933,0.400716,0.007181,0.616832,0.432989,-0.002796,0.613686,0.464417,-0.007313,0.665545,0.440179,0.012013,0.636484,0.399165,-0.001929,0.618596,0.443298,-0.006702,0.619614,0.476122,-0.005410,0.675882,0.451625,0.001263,0.643674,0.410605,-0.011290,0.628258,0.457435,-0.007732,0.631947,0.489292,-0.001207,0.682972,0.471554,-0.009987,0.652785,0.437299,-0.016973,0.641690,0.466454,-0.012961,0.646408,0.491001,-0.006914
1780471271.712,right,fist,0.654040,0.610154,-0.000000,0.628518,0.562613,0.003423,0.622383,0.501345,0.005451,0.632845,0.467218,0.003045,0.645656,0.450787,0.001727,0.645100,0.457193,0.016615,0.637734,0.410621,0.003523,0.628209,0.451402,-0.003877,0.630277,0.485385,-0.006321,0.659739,0.459748,0.008948,0.649896,0.412094,-0.005968,0.639007,0.463841,-0.009047,0.643704,0.498478,-0.005713,0.676889,0.468713,-0.001286,0.664414,0.418590,-0.015180,0.653621,0.471098,-0.010860,0.658692,0.506143,-0.002856,0.695911,0.486288,-0.011744,0.679243,0.446594,-0.019603,0.668453,0.479668,-0.015051,0.672451,0.507524,-0.008496
1780471271.941,right,fist,0.671375,0.622457,-0.000000,0.639183,0.589680,-0.003147,0.624512,0.521562,-0.002622,0.637755,0.477461,-0.004797,0.656017,0.464114,-0.005456,0.644860,0.470449,0.008989,0.638166,0.423853,-0.004435,0.634429,0.470440,-0.011657,0.638370,0.504229,-0.014232,0.663855,0.471149,0.004808,0.656603,0.424881,-0.009894,0.650813,0.482195,-0.012134,0.654804,0.514252,-0.008578,0.684272,0.479603,-0.002233,0.676918,0.426413,-0.017091,0.668051,0.484450,-0.011851,0.669799,0.519383,-0.003252,0.706084,0.495647,-0.009925,0.695168,0.457990,-0.019273,0.684108,0.495838,-0.014603,0.683583,0.523165,-0.007929
1780471272.171,right,fist,0.682102,0.636806,-0.000000,0.647200,0.608491,-0.004955,0.629364,0.538267,-0.005557,0.643717,0.490547,-0.008444,0.664105,0.472088,-0.009713,0.643620,0.492819,0.004316,0.637745,0.440487,-0.010640,0.640659,0.487986,-0.018078,0.644813,0.520752,-0.020510,0.665003,0.489316,0.000305,0.659384,0.437614,-0.014992,0.659693,0.497259,-0.017479,0.661762,0.528059,-0.014181,0.687526,0.493571,-0.006503,0.681994,0.438510,-0.021927,0.678115,0.499367,-0.016543,0.677716,0.533698,-0.007750,0.710874,0.504579,-0.013994,0.700518,0.468173,-0.023009,0.693203,0.508508,-0.017398,0.691546,0.535748,-0.010141
1780471272.430,right,fist,0.693616,0.670018,-0.000000,0.658491,0.641845,-0.006651,0.640300,0.574086,-0.006956,0.651385,0.526021,-0.009003,0.664014,0.505072,-0.008695,0.651991,0.526490,0.003970,0.649332,0.477005,-0.011899,0.654185,0.525012,-0.019418,0.657303,0.554459,-0.021483,0.675015,0.523612,0.001250,0.673283,0.478625,-0.014639,0.673953,0.538780,-0.016997,0.673088,0.564290,-0.013785,0.698024,0.527661,-0.004594,0.697541,0.478818,-0.020948,0.693426,0.539922,-0.015625,0.689901,0.570988,-0.006857,0.720787,0.537464,-0.011252,0.720419,0.501033,-0.020952,0.712294,0.539962,-0.015869,0.705942,0.564858,-0.008863
1780471272.665,right,fist,0.696470,0.678130,-0.000000,0.669622,0.666377,-0.019094,0.646020,0.624951,-0.027756,0.646051,0.586979,-0.033917,0.661119,0.572542,-0.036108,0.649747,0.518111,-0.012035,0.657822,0.532854,-0.026440,0.665050,0.579103,-0.032969,0.664890,0.590109,-0.036758,0.674772,0.505037,-0.010400,0.683657,0.526982,-0.025369,0.685356,0.584733,-0.026732,0.680849,0.590448,-0.024790,0.699587,0.510027,-0.011878,0.709370,0.528704,-0.028496,0.706285,0.581486,-0.023190,0.699781,0.589627,-0.016296,0.722261,0.525985,-0.015429,0.731783,0.537355,-0.026741,0.726064,0.575637,-0.023117,0.717596,0.583749,-0.017589
1780471272.897,right,fist,0.696279,0.679125,-0.000000,0.672736,0.671697,-0.024511,0.652059,0.637029,-0.037031,0.652436,0.606953,-0.045242,0.665498,0.586360,-0.048989,0.659859,0.522940,-0.022555,0.675524,0.563989,-0.037531,0.678295,0.609016,-0.043606,0.672702,0.610323,-0.047663,0.685066,0.512121,-0.018412,0.699931,0.560874,-0.034414,0.697095,0.612880,-0.036051,0.690477,0.607624,-0.035310,0.709246,0.521917,-0.017070,0.724707,0.561573,-0.033348,0.718290,0.604623,-0.028675,0.709882,0.600217,-0.023592,0.730124,0.542907,-0.018245,0.742416,0.575981,-0.030554,0.734519,0.607745,-0.029569,0.724157,0.604083,-0.026546
1780471273.133,right,fist,0.692228,0.671373,-0.000000,0.665354,0.660235,-0.021626,0.644125,0.629424,-0.034670,0.647378,0.605425,-0.044465,0.665096,0.593431,-0.050771,0.662594,0.514803,-0.021713,0.667727,0.568515,-0.039282,0.668828,0.611597,-0.048425,0.667196,0.613554,-0.053933,0.690469,0.508940,-0.019635,0.693813,0.573041,-0.035604,0.689224,0.619323,-0.037972,0.686908,0.615575,-0.037997,0.714632,0.522697,-0.020439,0.717564,0.584157,-0.036736,0.709303,0.621120,-0.033666,0.704599,0.614281,-0.029436,0.735558,0.546906,-0.023553,0.736336,0.593647,-0.034300,0.724871,0.622679,-0.032871,0.715530,0.619712,-0.029638
1780471273.343,right,fist,0.685557,0.680731,-0.000000,0.660329,0.667994,-0.023443,0.640354,0.642570,-0.037091,0.642324,0.640576,-0.047120,0.661087,0.638328,-0.053969,0.658659,0.551984,-0.029854,0.655455,0.626009,-0.047975,0.653272,0.664238,-0.056186,0.650224,0.653401,-0.061460,0.688954,0.552787,-0.026727,0.680250,0.641460,-0.044540,0.672825,0.677204,-0.046772,0.669082,0.659734,-0.046852,0.714965,0.570644,-0.026199,0.705778,0.645865,-0.044194,0.697146,0.670260,-0.040231,0.692690,0.653245,-0.035160,0.735728,0.595560,-0.028041,0.730449,0.647184,-0.042331,0.723246,0.664656,-0.041998,0.719441,0.654160,-0.038894
1780471273.666,right,fist,0.672953,0.685972,-0.000000,0.647108,0.659430,-0.016946,0.629797,0.626363,-0.029052,0.618546,0.602121,-0.039371,0.614375,0.590189,-0.047456,0.645501,0.528787,-0.025042,0.620243,0.563184,-0.043843,0.614451,0.614580,-0.052185,0.614866,0.638776,-0.055318,0.669491,0.538919,-0.025488,0.639585,0.583554,-0.041914,0.630943,0.634317,-0.044085,0.633324,0.650520,-0.043081,0.691228,0.568497,-0.027934,0.665383,0.609525,-0.044407,0.653214,0.647868,-0.040641,0.652986,0.658776,-0.034798,0.709942,0.605738,-0.031854,0.697145,0.624670,-0.042797,0.687750,0.641825,-0.039692,0.686350,0.646804,-0.034171
1780471273.906,right,fist,0.619876,0.622729,0.000000,0.587522,0.568715,0.018602,0.584561,0.518554,0.029298,0.581338,0.481436,0.033842,0.574060,0.448684,0.038292,0.615458,0.490050,0.043446,0.615276,0.445923,0.051658,0.606066,0.424426,0.052344,0.596090,0.409029,0.051767,0.620938,0.486925,0.032378,0.617740,0.441299,0.040898,0.605488,0.418021,0.039345,0.595780,0.405158,0.036875,0.623020,0.485692,0.020306,0.619363,0.441289,0.026264,0.605712,0.419657,0.026026,0.593759,0.409058,0.024886,0.621143,0.485991,0.008757,0.613940,0.444011,0.015199,0.602837,0.427379,0.018456,0.592349,0.420037,0.019837
1780471274.421,right,fist,0.544980,0.577621,-0.000000,0.528493,0.587500,0.002637,0.521269,0.581879,0.003890,0.517460,0.576210,0.003134,0.515464,0.565083,0.001699,0.537192,0.542501,0.012003,0.525512,0.529981,0.013471,0.515682,0.529537,0.011677,0.508885,0.533797,0.010278,0.538882,0.522501,0.009617,0.526037,0.510354,0.012206,0.513403,0.513174,0.008544,0.505105,0.520864,0.005340,0.540760,0.505954,0.006824,0.527860,0.493077,0.010344,0.515718,0.494840,0.007093,0.508610,0.498519,0.003752,0.542068,0.491833,0.003952,0.531950,0.478280,0.007103,0.520759,0.477438,0.007344,0.512526,0.481901,0.007044
1780471274.640,right,fist,0.542933,0.591152,-0.000000,0.526285,0.595772,0.008226,0.520191,0.588182,0.013140,0.516464,0.583282,0.014610,0.515654,0.574588,0.014870,0.535259,0.540470,0.022960,0.525345,0.523301,0.026715,0.514852,0.522164,0.025999,0.507664,0.527978,0.025601,0.538020,0.522889,0.018267,0.525664,0.504035,0.023472,0.512514,0.506074,0.020133,0.503874,0.516895,0.017399,0.540870,0.509908,0.013118,0.527558,0.490033,0.017381,0.514991,0.491391,0.013852,0.508064,0.498353,0.010954,0.542840,0.499670,0.008371,0.531825,0.478133,0.011365,0.521092,0.475618,0.011698,0.513665,0.481014,0.011982
1780471274.847,right,fist,0.548006,0.605114,-0.000000,0.535052,0.583863,0.006733,0.536520,0.563335,0.009876,0.538542,0.546186,0.009415,0.542130,0.531646,0.008104,0.571575,0.561029,0.018118,0.559448,0.535062,0.015602,0.546301,0.528501,0.009710,0.535572,0.537293,0.006319,0.574941,0.545398,0.012998,0.559059,0.511294,0.011404,0.542866,0.513638,0.004808,0.533868,0.528186,0.000365,0.575751,0.530389,0.007332,0.561900,0.491587,0.004755,0.544917,0.498347,-0.000339,0.535952,0.516780,-0.003355,0.572934,0.513552,0.002208,0.565013,0.479762,0.000752,0.552685,0.483767,0.000856,0.544127,0.501952,0.001426
