timestamp,handedness,gesture,lm0_wrist_x,lm0_wrist_y,lm0_wrist_z,lm1_thumb_cmc_x,lm1_thumb_cmc_y,lm1_thumb_cmc_z,lm2_thumb_mcp_x,lm2_thumb_mcp_y,lm2_thumb_mcp_z,lm3_thumb_ip_x,lm3_thumb_ip_y,lm3_thumb_ip_z,lm4_thumb_tip_x,lm4_thumb_tip_y,lm4_thumb_tip_z,lm5_index_mcp_x,lm5_index_mcp_y,lm5_index_mcp_z,lm6_index_pip_x,lm6_index_pip_y,lm6_index_pip_z,lm7_index_dip_x,lm7_index_dip_y,lm7_index_dip_z,lm8_index_tip_x,lm8_index_tip_y,lm8_index_tip_z,lm9_middle_mcp_x,lm9_middle_mcp_y,lm9_middle_mcp_z,lm10_middle_pip_x,lm10_middle_pip_y,lm10_middle_pip_z,lm11_middle_dip_x,lm11_middle_dip_y,lm11_middle_dip_z,lm12_middle_tip_x,lm12_middle_tip_y,lm12_middle_tip_z,lm13_ring_mcp_x,lm13_ring_mcp_y,lm13_ring_mcp_z,lm14_ring_pip_x,lm14_ring_pip_y,lm14_ring_pip_z,lm15_ring_dip_x,lm15_ring_dip_y,lm15_ring_dip_z,lm16_ring_tip_x,lm16_ring_tip_y,lm16_ring_tip_z,lm17_pinky_mcp_x,lm17_pinky_mcp_y,lm17_pinky_mcp_z,lm18_pinky_pip_x,lm18_pinky_pip_y,lm18_pinky_pip_z,lm19_pinky_dip_x,lm19_pinky_dip_y,lm19_pinky_dip_z,lm20_pinky_tip_x,lm20_pinky_tip_y,lm20_pinky_tip_z
1780385787.552,right,victory,0.589505,0.850682,0.000000,0.597428,0.795092,-0.005235,0.583622,0.731810,-0.012032,0.560344,0.683994,-0.016895,0.543489,0.651734,-0.021373,0.605110,0.728184,-0.022885,0.600268,0.650456,-0.030898,0.584994,0.611831,-0.033423,0.570631,0.586222,-0.034703,0.587729,0.745675,-0.024126,0.564340,0.668449,-0.031309,0.545279,0.633719,-0.031382,0.532260,0.614565,-0.031838,0.566917,0.763597,-0.024678,0.545203,0.694692,-0.030939,0.540937,0.670082,-0.026851,0.541415,0.658253,-0.023582,0.547053,0.778883,-0.025007,0.534781,0.720844,-0.029700,0.534424,0.700231,-0.025875,0.537435,0.689558,-0.022268
1780385788.104,right,victory,0.610089,0.689722,0.000000,0.625601,0.639958,0.004618,0.622579,0.596472,0.002968,0.607169,0.572348,0.000357,0.592607,0.561472,-0.002957,0.620980,0.571007,-0.009495,0.622488,0.512101,-0.016369,0.621775,0.476485,-0.019909,0.620771,0.449826,-0.021203,0.602116,0.574326,-0.013108,0.589674,0.511737,-0.017287,0.580682,0.477266,-0.017506,0.572390,0.452941,-0.017483,0.585901,0.584923,-0.015163,0.575399,0.540968,-0.016217,0.582031,0.549472,-0.011572,0.587141,0.565330,-0.007471,0.573939,0.599595,-0.016929,0.571872,0.569734,-0.014888,0.578086,0.575414,-0.008701,0.582736,0.586881,-0.003218
1780385788.636,right,victory,0.605953,0.692661,0.000000,0.617227,0.642519,0.005866,0.612295,0.600070,0.004114,0.597368,0.580620,0.000880,0.582668,0.573440,-0.003191,0.613695,0.577887,-0.009342,0.612826,0.520631,-0.016491,0.610470,0.485680,-0.019950,0.607867,0.459456,-0.021218,0.597827,0.583470,-0.014699,0.585380,0.522217,-0.020334,0.574402,0.486903,-0.021490,0.564483,0.461968,-0.021893,0.582381,0.595728,-0.018343,0.567147,0.553332,-0.021129,0.571477,0.563455,-0.016398,0.576453,0.578863,-0.011802,0.569601,0.612390,-0.021525,0.563121,0.580815,-0.020732,0.568209,0.586834,-0.014178,0.573317,0.597829,-0.008242
1780385789.151,right,victory,0.616693,0.624556,0.000000,0.588263,0.602599,-0.002473,0.572610,0.574043,-0.007357,0.560712,0.555259,-0.014057,0.555263,0.539063,-0.020131,0.599637,0.507411,-0.004012,0.587268,0.467131,-0.012483,0.577299,0.439288,-0.018084,0.568272,0.419060,-0.021494,0.605561,0.509807,-0.009307,0.592679,0.456306,-0.020876,0.579690,0.425142,-0.027995,0.569075,0.403371,-0.031077,0.606573,0.521845,-0.014881,0.573638,0.502487,-0.027742,0.563191,0.525363,-0.028454,0.561766,0.543227,-0.024954,0.601351,0.541061,-0.020726,0.573629,0.530288,-0.028553,0.567743,0.547513,-0.026799,0.569236,0.561730,-0.023115
1780385789.656,right,victory,0.630406,0.618974,0.000000,0.610778,0.602967,-0.005215,0.595991,0.569947,-0.010302,0.591249,0.543174,-0.017385,0.599166,0.525258,-0.024121,0.610843,0.504928,-0.003236,0.597815,0.461693,-0.011148,0.590239,0.436112,-0.015325,0.585336,0.414093,-0.017605,0.626630,0.502308,-0.008191,0.626154,0.444707,-0.018220,0.623653,0.411288,-0.023478,0.621824,0.386622,-0.024907,0.639773,0.511657,-0.014307,0.622453,0.485534,-0.029491,0.610706,0.514686,-0.031612,0.605890,0.539164,-0.028037,0.648394,0.527482,-0.020669,0.629558,0.508498,-0.031019,0.617484,0.529345,-0.029991,0.611536,0.549369,-0.026349
1780385790.200,right,victory,0.642882,0.618057,0.000000,0.621576,0.602585,-0.007407,0.605897,0.567734,-0.013817,0.603192,0.536447,-0.021845,0.612269,0.515250,-0.029494,0.622871,0.496324,-0.006219,0.611295,0.451235,-0.014696,0.604510,0.424101,-0.019466,0.600483,0.399641,-0.022333,0.639882,0.494349,-0.010640,0.642516,0.433200,-0.021048,0.641211,0.397102,-0.026872,0.640753,0.369888,-0.028994,0.654003,0.505576,-0.016248,0.641100,0.475273,-0.031819,0.627058,0.503859,-0.034080,0.620180,0.529327,-0.030728,0.663906,0.523403,-0.022252,0.648395,0.497570,-0.032882,0.635719,0.518097,-0.031569,0.628986,0.539824,-0.027792
1780385790.747,right,victory,0.641562,0.624855,0.000000,0.618696,0.599768,-0.006212,0.604978,0.555913,-0.012566,0.600283,0.523916,-0.021596,0.609594,0.500714,-0.030238,0.633098,0.484947,-0.001876,0.620364,0.436476,-0.011051,0.613093,0.407230,-0.016626,0.608552,0.380482,-0.020222,0.650814,0.484998,-0.008382,0.653786,0.420495,-0.020739,0.651568,0.380970,-0.028012,0.649083,0.349664,-0.030740,0.664073,0.498260,-0.016429,0.640775,0.458915,-0.035791,0.622399,0.492399,-0.038930,0.613912,0.521742,-0.035010,0.670583,0.518688,-0.024785,0.646393,0.487329,-0.038758,0.629837,0.510089,-0.038397,0.620992,0.534185,-0.034603
1780385791.279,right,victory,0.680654,0.653832,0.000000,0.656364,0.629423,-0.008580,0.637846,0.587367,-0.016519,0.637018,0.550305,-0.026446,0.652101,0.530036,-0.036016,0.657142,0.503357,-0.008560,0.642696,0.446196,-0.019490,0.634302,0.411636,-0.025588,0.628546,0.381524,-0.029267,0.678215,0.501826,-0.014106,0.683228,0.426595,-0.026509,0.683611,0.382518,-0.033201,0.684077,0.348828,-0.035637,0.696294,0.517398,-0.021033,0.682691,0.479210,-0.039571,0.666812,0.512941,-0.042226,0.658625,0.542480,-0.038270,0.710516,0.541897,-0.028429,0.692967,0.512376,-0.041101,0.678030,0.536836,-0.039458,0.669879,0.562197,-0.034969
1780385791.789,right,victory,0.564149,0.715972,0.000000,0.528613,0.699098,-0.010165,0.508135,0.678990,-0.020489,0.492788,0.658939,-0.032198,0.486086,0.645168,-0.042582,0.528867,0.583618,-0.009926,0.506957,0.543403,-0.022459,0.490998,0.515868,-0.030305,0.477458,0.493822,-0.034602,0.541248,0.579957,-0.013913,0.517845,0.523858,-0.027169,0.502656,0.490334,-0.032447,0.491472,0.462398,-0.033871,0.550504,0.589704,-0.019655,0.511463,0.576253,-0.037362,0.501000,0.613989,-0.037526,0.501340,0.643896,-0.031963,0.552819,0.612904,-0.026406,0.519483,0.607673,-0.037923,0.507633,0.632380,-0.035863,0.504574,0.654363,-0.030984
1780385792.329,right,victory,0.432597,0.741556,0.000000,0.393389,0.740952,-0.005303,0.371641,0.722053,-0.014046,0.352979,0.709631,-0.024643,0.339716,0.699291,-0.034139,0.391527,0.625391,-0.009409,0.368510,0.581375,-0.020544,0.350107,0.551975,-0.027823,0.333487,0.534636,-0.032669,0.397671,0.623165,-0.014989,0.371324,0.568348,-0.031605,0.346361,0.543207,-0.041308,0.326994,0.529757,-0.045991,0.397970,0.636218,-0.020726,0.352702,0.632724,-0.036534,0.349691,0.669655,-0.034602,0.356247,0.691941,-0.028663,0.392530,0.660591,-0.027145,0.356711,0.666447,-0.036176,0.356394,0.692642,-0.032718,0.364666,0.708471,-0.027503
1780385792.915,right,victory,0.396031,0.735582,0.000000,0.362135,0.731202,-0.000899,0.344921,0.712263,-0.006975,0.327823,0.701400,-0.015313,0.312983,0.698168,-0.022808,0.361435,0.619658,-0.003022,0.335662,0.579963,-0.010897,0.317054,0.555976,-0.016458,0.301016,0.540081,-0.020414,0.363615,0.619755,-0.009021,0.332789,0.573024,-0.019797,0.310600,0.548421,-0.026425,0.294778,0.532208,-0.030126,0.361241,0.634671,-0.015027,0.318870,0.632065,-0.025028,0.317089,0.665695,-0.022393,0.323932,0.685048,-0.017832,0.354645,0.658869,-0.021594,0.323095,0.667238,-0.027926,0.323745,0.690281,-0.024829,0.331850,0.701901,-0.020676
1780385793.473,right,victory,0.473990,0.701123,0.000000,0.472059,0.633644,0.004313,0.452077,0.593604,0.001781,0.428014,0.589380,-0.002450,0.408731,0.603708,-0.007325,0.448137,0.570990,-0.010972,0.425825,0.509467,-0.017861,0.410110,0.479630,-0.020399,0.396702,0.458278,-0.021305,0.429478,0.593015,-0.016646,0.393043,0.538879,-0.023007,0.369327,0.512451,-0.024859,0.351170,0.495422,-0.025693,0.414913,0.623163,-0.020456,0.386476,0.593803,-0.024573,0.396814,0.606544,-0.020147,0.408210,0.620203,-0.015538,0.405292,0.654696,-0.023892,0.392178,0.637751,-0.024325,0.401721,0.644418,-0.017680,0.411229,0.650662,-0.011543
1780385793.985,right,victory,0.631308,0.690925,0.000000,0.641762,0.624061,-0.001093,0.627609,0.574077,-0.007370,0.602679,0.557370,-0.013270,0.580265,0.559714,-0.020033,0.627873,0.558277,-0.025613,0.612264,0.478504,-0.037228,0.601190,0.434938,-0.042855,0.591020,0.400860,-0.045383,0.604846,0.578354,-0.029329,0.573461,0.501269,-0.037991,0.555608,0.457901,-0.039387,0.540429,0.425698,-0.040495,0.584486,0.603152,-0.031170,0.559395,0.536671,-0.037573,0.569866,0.544113,-0.031453,0.579400,0.563466,-0.025722,0.570108,0.626250,-0.032873,0.558215,0.574142,-0.035441,0.567191,0.577353,-0.027762,0.574411,0.591922,-0.020801
1780385794.534,right,victory,0.690259,0.679604,0.000000,0.705141,0.617397,0.000556,0.696167,0.561675,-0.006027,0.674548,0.537083,-0.012349,0.653302,0.529426,-0.019592,0.697192,0.549107,-0.029040,0.686742,0.465386,-0.040252,0.678570,0.420435,-0.044447,0.671083,0.385436,-0.045958,0.674480,0.568177,-0.033405,0.648995,0.487426,-0.043406,0.635101,0.441401,-0.044315,0.622711,0.407770,-0.045019,0.652832,0.588398,-0.035351,0.630784,0.511272,-0.042413,0.641420,0.516573,-0.035696,0.649946,0.535026,-0.029566,0.636472,0.607108,-0.036850,0.627060,0.544061,-0.040037,0.637332,0.545540,-0.032346,0.644756,0.560436,-0.025280
1780385795.088,right,victory,0.726704,0.684296,0.000000,0.743887,0.621881,0.000441,0.737651,0.558318,-0.007538,0.714785,0.523088,-0.015299,0.692159,0.506670,-0.024322,0.749237,0.544037,-0.029908,0.744462,0.457772,-0.042201,0.737617,0.409734,-0.047776,0.730439,0.373657,-0.050476,0.725885,0.562025,-0.035222,0.708873,0.473467,-0.047119,0.695850,0.423525,-0.050103,0.683648,0.387481,-0.052320,0.701690,0.580563,-0.038023,0.679538,0.497131,-0.047089,0.684183,0.506159,-0.041418,0.690150,0.527459,-0.035711,0.680317,0.597862,-0.040219,0.669509,0.532380,-0.045094,0.677284,0.537800,-0.038046,0.684861,0.555562,-0.031249
1780385795.618,right,victory,0.720525,0.622443,0.000000,0.736979,0.569934,0.002494,0.734202,0.514720,-0.002873,0.716583,0.483901,-0.008390,0.697084,0.468428,-0.014851,0.741232,0.494934,-0.022548,0.737882,0.418439,-0.031734,0.731174,0.376902,-0.034703,0.724544,0.346493,-0.035419,0.720651,0.506553,-0.027521,0.704884,0.423963,-0.036703,0.692151,0.381909,-0.037433,0.681441,0.351848,-0.037276,0.699079,0.521670,-0.030176,0.679345,0.455977,-0.036796,0.682616,0.471285,-0.030050,0.687820,0.491630,-0.023381,0.679583,0.538966,-0.032200,0.670918,0.487455,-0.034379,0.676070,0.498960,-0.025880,0.681691,0.516300,-0.018015
1780385796.160,right,victory,0.719398,0.615784,0.000000,0.734614,0.563368,0.005237,0.731904,0.511550,0.001925,0.715613,0.485102,-0.002523,0.697502,0.474098,-0.007994,0.737867,0.487971,-0.015852,0.734027,0.415261,-0.024561,0.727364,0.374560,-0.027861,0.720985,0.346030,-0.028706,0.718451,0.497194,-0.022040,0.703109,0.417857,-0.029851,0.689528,0.376969,-0.031153,0.678162,0.348607,-0.031308,0.697966,0.512053,-0.026089,0.677676,0.452787,-0.031476,0.680198,0.468445,-0.025777,0.685561,0.488422,-0.019779,0.678829,0.530462,-0.029434,0.668256,0.484341,-0.030653,0.672628,0.493805,-0.022759,0.678599,0.508415,-0.015279
1780385796.705,right,victory,0.720760,0.667646,0.000000,0.739654,0.608823,0.001087,0.735794,0.547107,-0.005928,0.715109,0.510647,-0.012606,0.693392,0.493553,-0.020362,0.743456,0.530282,-0.027962,0.738005,0.445687,-0.039148,0.730570,0.399278,-0.044102,0.723303,0.364283,-0.046352,0.720206,0.546624,-0.032700,0.701797,0.458151,-0.042328,0.687828,0.409693,-0.044169,0.675076,0.374472,-0.045823,0.696347,0.564479,-0.034886,0.675227,0.485816,-0.041845,0.680515,0.496031,-0.035531,0.686202,0.517636,-0.029854,0.675371,0.581944,-0.036501,0.666371,0.520854,-0.039779,0.673592,0.528118,-0.032103,0.680200,0.545436,-0.025080
1780385797.253,right,victory,0.711301,0.657101,0.000000,0.728396,0.597869,-0.000430,0.721422,0.535662,-0.007970,0.697485,0.503298,-0.015119,0.673875,0.490316,-0.023409,0.730301,0.520414,-0.026754,0.723325,0.439447,-0.037249,0.715494,0.395166,-0.041615,0.707923,0.362009,-0.043535,0.707818,0.537014,-0.031102,0.688006,0.453745,-0.040665,0.674735,0.408293,-0.042291,0.662529,0.375259,-0.043621,0.685044,0.555673,-0.033240,0.663202,0.481497,-0.040737,0.669511,0.493428,-0.034477,0.675378,0.514744,-0.028641,0.665240,0.574228,-0.034956,0.656065,0.513966,-0.038709,0.663655,0.522467,-0.031047,0.669629,0.540474,-0.024044
1780385797.770,right,victory,0.693592,0.622679,0.000000,0.710518,0.569239,0.001495,0.706783,0.516942,-0.003377,0.689085,0.487997,-0.008432,0.670600,0.476319,-0.014226,0.706321,0.497502,-0.020115,0.700877,0.423569,-0.028963,0.694634,0.383137,-0.032463,0.688371,0.352871,-0.033549,0.684367,0.509225,-0.023986,0.667336,0.431624,-0.031333,0.654564,0.388745,-0.032189,0.642423,0.358439,-0.032502,0.663885,0.525241,-0.025848,0.647735,0.462484,-0.031144,0.655496,0.472649,-0.025558,0.661594,0.491961,-0.020059,0.647822,0.542717,-0.027299,0.643991,0.493973,-0.029152,0.652703,0.499588,-0.022091,0.658816,0.513470,-0.015409
1780385798.315,right,victory,0.661198,0.632007,0.000000,0.631975,0.581965,-0.002887,0.622504,0.533622,-0.008451,0.619552,0.500580,-0.015590,0.624386,0.477080,-0.022045,0.661891,0.491432,-0.009457,0.658855,0.437720,-0.021343,0.650489,0.403689,-0.028128,0.640413,0.380351,-0.031674,0.670092,0.503741,-0.015908,0.663945,0.435671,-0.033170,0.648482,0.397838,-0.041778,0.634422,0.373721,-0.044378,0.670106,0.523033,-0.022349,0.634035,0.481391,-0.039535,0.614755,0.497862,-0.039214,0.607820,0.515966,-0.033516,0.660344,0.546458,-0.028955,0.627359,0.518307,-0.037851,0.615299,0.527410,-0.034402,0.614246,0.540714,-0.028897
1780385798.855,right,victory,0.639498,0.645394,0.000000,0.616650,0.618108,-0.006663,0.600952,0.571483,-0.013047,0.600189,0.539077,-0.022126,0.612148,0.520905,-0.030821,0.624997,0.491774,-0.001780,0.613270,0.442091,-0.012380,0.606068,0.412079,-0.019813,0.600122,0.386186,-0.024598,0.645061,0.494293,-0.008474,0.650820,0.430560,-0.021673,0.648043,0.390342,-0.030108,0.643633,0.358253,-0.033648,0.661741,0.511631,-0.016824,0.644622,0.476658,-0.035941,0.626851,0.510749,-0.038781,0.617161,0.538784,-0.034848,0.672473,0.538064,-0.025699,0.652808,0.510886,-0.038537,0.635375,0.533358,-0.037052,0.625456,0.555763,-0.032704
1780385799.381,right,victory,0.627684,0.666335,0.000000,0.601068,0.646668,-0.011577,0.582790,0.613634,-0.021431,0.580528,0.586178,-0.032441,0.583533,0.564561,-0.042962,0.596797,0.522660,-0.012930,0.580360,0.469105,-0.026170,0.570209,0.436129,-0.034398,0.563044,0.408909,-0.039352,0.620264,0.519690,-0.017491,0.620552,0.452238,-0.031706,0.616122,0.411428,-0.040275,0.612062,0.379446,-0.044008,0.640265,0.535142,-0.023608,0.623078,0.509342,-0.042388,0.610094,0.544870,-0.045241,0.604896,0.572749,-0.041751,0.655433,0.560241,-0.030506,0.634491,0.544860,-0.043276,0.620963,0.568919,-0.041862,0.615792,0.590550,-0.037529
1780385799.899,right,victory,0.601909,0.687189,0.000000,0.571670,0.673308,-0.010657,0.548412,0.652127,-0.021541,0.532577,0.634288,-0.033871,0.535562,0.629979,-0.045547,0.557191,0.555472,-0.012324,0.536388,0.507785,-0.026208,0.521665,0.482489,-0.035003,0.508091,0.462943,-0.040155,0.578930,0.547794,-0.017107,0.570586,0.490561,-0.032385,0.557572,0.458780,-0.040951,0.543743,0.435849,-0.043970,0.597808,0.558644,-0.023346,0.564540,0.561545,-0.041690,0.554327,0.599854,-0.044337,0.552651,0.626882,-0.040377,0.609092,0.583979,-0.030583,0.579349,0.594674,-0.041410,0.566497,0.619569,-0.040255,0.561438,0.637887,-0.036271
1780385800.424,right,victory,0.551225,0.712512,0.000000,0.511499,0.710696,-0.004122,0.488761,0.693629,-0.012511,0.473056,0.686471,-0.022885,0.459116,0.676938,-0.032873,0.496837,0.602090,-0.011317,0.473666,0.566616,-0.024928,0.455087,0.545295,-0.034258,0.438939,0.531535,-0.039989,0.507303,0.599408,-0.018291,0.478907,0.555337,-0.035338,0.454639,0.538824,-0.044874,0.435226,0.528595,-0.049291,0.514856,0.612652,-0.025506,0.473130,0.617786,-0.042318,0.467039,0.655003,-0.041318,0.469834,0.678744,-0.036071,0.516623,0.640689,-0.033250,0.482731,0.652229,-0.043020,0.476363,0.676763,-0.039660,0.478341,0.692761,-0.034518
1780385800.928,right,victory,0.511836,0.733934,0.000000,0.478314,0.737986,0.002171,0.458039,0.722841,-0.001854,0.440970,0.717156,-0.008889,0.429292,0.720412,-0.015084,0.463850,0.641658,0.002350,0.439611,0.615873,-0.004784,0.421112,0.600709,-0.009754,0.406582,0.592941,-0.013492,0.468013,0.640231,-0.005772,0.436259,0.608940,-0.018058,0.411422,0.599642,-0.025836,0.394546,0.596959,-0.029774,0.468690,0.654457,-0.013935,0.430081,0.667658,-0.024759,0.433140,0.699039,-0.022030,0.441994,0.711691,-0.016913,0.466149,0.677826,-0.022462,0.436640,0.698943,-0.028566,0.440208,0.719611,-0.025604,0.448523,0.726104,-0.021560
1780385801.438,right,victory,0.488661,0.737704,0.000000,0.490504,0.675121,0.005828,0.475016,0.643159,0.009035,0.454117,0.635947,0.011758,0.440451,0.639878,0.014591,0.453501,0.626743,0.000302,0.438823,0.581473,0.002485,0.428575,0.559683,0.004880,0.420282,0.544083,0.006905,0.437569,0.653571,-0.000665,0.411512,0.620632,0.001335,0.396132,0.602161,0.003294,0.384863,0.591059,0.004968,0.430852,0.681405,0.000178,0.421027,0.657942,0.004279,0.430739,0.656884,0.007799,0.439442,0.666097,0.010831,0.429980,0.708781,0.001583,0.425498,0.688416,0.008053,0.432518,0.688721,0.014291,0.440250,0.695889,0.019508
1780385801.971,right,victory,0.471714,0.719231,0.000000,0.484995,0.657632,-0.004631,0.481363,0.613440,-0.003354,0.469932,0.591690,0.000561,0.457994,0.590549,0.006248,0.438636,0.595933,-0.011805,0.425036,0.536306,-0.013211,0.418291,0.504734,-0.011242,0.414405,0.482003,-0.008153,0.420980,0.622471,-0.007683,0.394223,0.573637,-0.010835,0.385279,0.543067,-0.009102,0.382075,0.524830,-0.005529,0.413035,0.647923,-0.002684,0.416307,0.614746,-0.005224,0.428703,0.614707,-0.004001,0.437173,0.624851,0.000189,0.412392,0.669393,0.002272,0.418422,0.642595,0.004150,0.426915,0.643247,0.007570,0.434199,0.653487,0.012166
1780385802.621,right,victory,0.553426,0.721045,0.000000,0.578483,0.646395,-0.015231,0.574171,0.575230,-0.025538,0.552361,0.526706,-0.031821,0.530353,0.504170,-0.038491,0.543636,0.560149,-0.040590,0.538512,0.462561,-0.056701,0.534144,0.402270,-0.066597,0.528675,0.354848,-0.072397,0.510030,0.575940,-0.037021,0.484677,0.478775,-0.050554,0.470325,0.423285,-0.056322,0.456799,0.381433,-0.059548,0.488237,0.593119,-0.032390,0.470480,0.494664,-0.042707,0.467933,0.441514,-0.046460,0.464345,0.405410,-0.048774,0.480371,0.606937,-0.028247,0.484068,0.535034,-0.035142,0.493792,0.510730,-0.034580,0.501214,0.497159,-0.033180
1780385803.122,right,victory,0.715303,0.717548,0.000000,0.745131,0.655677,-0.000240,0.746775,0.582683,-0.008415,0.728489,0.532543,-0.015583,0.705170,0.506534,-0.024179,0.750593,0.569211,-0.040468,0.755684,0.463771,-0.055141,0.754817,0.402118,-0.060924,0.751971,0.353566,-0.063180,0.718868,0.578064,-0.045267,0.700852,0.460723,-0.057020,0.688994,0.393175,-0.057995,0.676537,0.345067,-0.059138,0.688197,0.591077,-0.046731,0.672405,0.485401,-0.055209,0.683924,0.494101,-0.047274,0.691556,0.522890,-0.040101,0.663557,0.605619,-0.047498,0.658857,0.522191,-0.051353,0.669848,0.529647,-0.041663,0.676345,0.554058,-0.032943
1780385803.660,right,victory,0.798610,0.692654,0.000000,0.825870,0.630445,0.009511,0.833705,0.565086,0.004665,0.822336,0.515614,-0.001704,0.805067,0.485977,-0.009187,0.848709,0.532861,-0.023758,0.853844,0.442404,-0.038652,0.852709,0.386270,-0.046918,0.849060,0.344422,-0.051047,0.826893,0.543822,-0.033583,0.823554,0.438603,-0.047638,0.814322,0.375315,-0.051947,0.804871,0.332219,-0.054403,0.800027,0.556163,-0.040221,0.781153,0.461375,-0.047027,0.772761,0.467199,-0.037617,0.771701,0.487395,-0.029149,0.773544,0.569958,-0.045997,0.761693,0.496153,-0.045947,0.760668,0.496754,-0.034717,0.764958,0.510203,-0.024822
1780385804.162,right,victory,0.755688,0.612713,0.000000,0.749327,0.556123,0.006248,0.736290,0.509232,0.000060,0.711518,0.488767,-0.009534,0.691116,0.482249,-0.019330,0.763465,0.473163,-0.008719,0.752259,0.406298,-0.020220,0.740662,0.369507,-0.026129,0.728788,0.342329,-0.029114,0.759952,0.483192,-0.019918,0.749940,0.403329,-0.032575,0.736998,0.363133,-0.037538,0.725297,0.333977,-0.039450,0.750132,0.501183,-0.030051,0.712859,0.447326,-0.041221,0.701545,0.469886,-0.038394,0.701516,0.490445,-0.033286,0.734652,0.522780,-0.039762,0.707346,0.484543,-0.045117,0.698143,0.490391,-0.040627,0.698339,0.499517,-0.035774
1780385804.702,right,victory,0.668286,0.625147,0.000000,0.645725,0.598084,-0.006431,0.629999,0.553651,-0.012508,0.624799,0.520622,-0.020889,0.635621,0.503519,-0.028791,0.660576,0.481815,-0.003589,0.646900,0.433016,-0.015043,0.637812,0.404074,-0.022584,0.630008,0.380980,-0.026954,0.678104,0.482821,-0.009351,0.681505,0.416732,-0.022874,0.676145,0.376288,-0.030591,0.669284,0.347072,-0.033167,0.692355,0.497151,-0.016672,0.670142,0.459489,-0.034633,0.652091,0.483924,-0.037988,0.642640,0.508586,-0.034497,0.700335,0.519705,-0.024539,0.674937,0.494470,-0.036355,0.656431,0.510226,-0.036173,0.645409,0.528734,-0.032783
1780385805.218,right,victory,0.592610,0.675860,0.000000,0.561437,0.644590,-0.005870,0.544160,0.605362,-0.012815,0.533635,0.576892,-0.021933,0.534626,0.556705,-0.030126,0.576648,0.524874,-0.003897,0.560893,0.475622,-0.015371,0.548648,0.446935,-0.023208,0.537192,0.425152,-0.027598,0.589985,0.524748,-0.009739,0.584075,0.460090,-0.023354,0.572304,0.421463,-0.031042,0.559953,0.394651,-0.033835,0.599740,0.536835,-0.017083,0.567815,0.508533,-0.034404,0.549083,0.533005,-0.038292,0.538801,0.557547,-0.035734,0.602711,0.558764,-0.024887,0.572713,0.543342,-0.035888,0.556313,0.562853,-0.035722,0.546589,0.582858,-0.032634
1780385805.718,right,victory,0.516255,0.723207,0.000000,0.474907,0.699550,-0.003612,0.455236,0.664677,-0.011548,0.437493,0.643340,-0.021753,0.421587,0.630971,-0.031330,0.484404,0.571759,-0.008734,0.462888,0.518591,-0.021701,0.446192,0.482575,-0.031366,0.429866,0.458267,-0.038008,0.492245,0.576304,-0.015929,0.465310,0.516783,-0.033529,0.440916,0.482536,-0.045449,0.421344,0.460739,-0.052455,0.493280,0.594768,-0.023202,0.445504,0.571061,-0.040234,0.434324,0.608064,-0.039141,0.434572,0.635951,-0.034114,0.486899,0.623052,-0.031069,0.447222,0.614276,-0.041468,0.441934,0.639073,-0.038496,0.446408,0.658233,-0.033707
1780385806.220,right,victory,0.449291,0.742231,0.000000,0.441411,0.683176,0.011558,0.423653,0.638698,0.010495,0.399752,0.618634,0.005759,0.379783,0.615622,0.000691,0.421800,0.597434,-0.004206,0.390673,0.542004,-0.012609,0.370613,0.517257,-0.015632,0.353165,0.502211,-0.016739,0.414476,0.608903,-0.015536,0.376894,0.547509,-0.025201,0.351726,0.520347,-0.028718,0.332110,0.502301,-0.030039,0.405734,0.634697,-0.025060,0.356408,0.620512,-0.032809,0.354369,0.653974,-0.029096,0.361663,0.673501,-0.024257,0.396425,0.668498,-0.033638,0.359637,0.668221,-0.037669,0.355758,0.687412,-0.033595,0.359506,0.697782,-0.028997
1780385806.721,right,victory,0.394003,0.782776,0.000000,0.385408,0.716262,0.008690,0.362687,0.673204,0.007559,0.338986,0.666650,0.003493,0.319973,0.676763,-0.001460,0.356727,0.642644,-0.006063,0.328931,0.592139,-0.014258,0.310442,0.568323,-0.017830,0.294455,0.553369,-0.019369,0.341780,0.662431,-0.015370,0.304132,0.609139,-0.023595,0.276048,0.588706,-0.026553,0.254033,0.578082,-0.027632,0.330143,0.694194,-0.022931,0.290353,0.681591,-0.028699,0.297288,0.701540,-0.024523,0.309609,0.713060,-0.019609,0.322429,0.731805,-0.029840,0.295715,0.726828,-0.031628,0.302914,0.739325,-0.025417,0.314782,0.743904,-0.019355
1780385807.222,right,victory,0.337804,0.918927,0.000000,0.329312,0.858837,0.006087,0.309130,0.827972,0.005549,0.289990,0.829114,0.002675,0.275840,0.847363,-0.000838,0.306013,0.805340,-0.002140,0.286326,0.761562,-0.007692,0.271428,0.742995,-0.010166,0.259182,0.733948,-0.010967,0.289463,0.824232,-0.008084,0.259844,0.780535,-0.012287,0.239137,0.766378,-0.013640,0.223373,0.761717,-0.013870,0.277073,0.852503,-0.013000,0.250794,0.843933,-0.015696,0.258457,0.856479,-0.014108,0.269221,0.865293,-0.011753,0.269040,0.885514,-0.017458,0.258952,0.887204,-0.017232,0.266761,0.894819,-0.013530,0.276102,0.897097,-0.009906
1780385807.734,right,victory,0.343264,0.923244,0.000000,0.336719,0.868441,0.009474,0.318307,0.836402,0.010309,0.299468,0.834062,0.008631,0.284164,0.845700,0.006428,0.313670,0.811167,-0.000864,0.289580,0.772691,-0.004269,0.273405,0.759867,-0.004689,0.261200,0.756127,-0.004070,0.299114,0.830413,-0.008136,0.265365,0.794331,-0.011594,0.242734,0.782545,-0.012441,0.225769,0.777574,-0.012256,0.288166,0.859411,-0.013721,0.257676,0.855587,-0.015237,0.264176,0.870263,-0.012137,0.273637,0.877906,-0.008847,0.281117,0.893156,-0.018476,0.264590,0.895270,-0.017704,0.272093,0.903301,-0.012491,0.281958,0.905352,-0.007555
1780385808.244,right,victory,0.429848,0.848225,0.000000,0.428570,0.797619,0.005256,0.414108,0.763745,0.004437,0.398770,0.757073,0.001478,0.385139,0.765321,-0.001996,0.409479,0.741592,-0.003539,0.392556,0.699710,-0.008899,0.379653,0.680101,-0.011332,0.368346,0.667703,-0.012376,0.395814,0.755415,-0.009668,0.372196,0.711253,-0.014658,0.354742,0.694851,-0.016149,0.341252,0.687050,-0.016311,0.384733,0.777705,-0.014790,0.361313,0.758069,-0.018792,0.366933,0.770730,-0.016424,0.375255,0.780851,-0.013167,0.376840,0.804188,-0.019498,0.363423,0.793239,-0.020365,0.368954,0.800567,-0.015821,0.376726,0.806074,-0.011358
1780385808.769,right,victory,0.568658,0.930152,0.000000,0.543677,0.885066,-0.000597,0.523431,0.845455,-0.008732,0.502403,0.837056,-0.018088,0.490871,0.844872,-0.028178,0.550053,0.803538,-0.018430,0.532063,0.756351,-0.030620,0.516607,0.732254,-0.037483,0.502623,0.715355,-0.041643,0.556968,0.827680,-0.026521,0.538058,0.781122,-0.041741,0.517068,0.762130,-0.047457,0.500035,0.753852,-0.050010,0.556192,0.859232,-0.033895,0.517149,0.836379,-0.048115,0.501949,0.845678,-0.047916,0.497693,0.854097,-0.044655,0.548800,0.893219,-0.040857,0.514575,0.873190,-0.048602,0.505269,0.873424,-0.045643,0.506342,0.875786,-0.042119
1780385809.293,right,victory,0.698690,0.928469,0.000000,0.710673,0.875391,-0.004558,0.713860,0.823304,-0.017366,0.699088,0.788866,-0.029228,0.681807,0.779585,-0.042491,0.741307,0.852754,-0.035722,0.747920,0.798818,-0.050127,0.744386,0.761560,-0.057523,0.739059,0.734390,-0.062005,0.728787,0.879518,-0.041289,0.729981,0.828112,-0.058313,0.722562,0.787517,-0.063419,0.713949,0.762504,-0.066307,0.709507,0.893472,-0.045245,0.694655,0.823471,-0.059041,0.685858,0.801035,-0.057853,0.682077,0.795982,-0.055363,0.688043,0.897491,-0.048645,0.675637,0.831933,-0.057171,0.673255,0.811431,-0.054812,0.675377,0.807397,-0.052252
1780385809.864,right,victory,0.699544,0.891195,0.000000,0.718586,0.849355,0.000273,0.725809,0.802950,-0.008193,0.713541,0.759281,-0.016534,0.699419,0.734599,-0.026169,0.749152,0.812272,-0.025448,0.760535,0.755531,-0.038614,0.761025,0.717224,-0.045965,0.758711,0.686763,-0.049925,0.735888,0.830730,-0.031508,0.743596,0.768889,-0.046364,0.735938,0.723694,-0.051062,0.726479,0.695461,-0.053168,0.717534,0.838517,-0.036077,0.710087,0.766227,-0.048296,0.700214,0.737912,-0.048166,0.695011,0.728704,-0.045858,0.697678,0.837095,-0.039702,0.691593,0.775298,-0.046350,0.688966,0.759249,-0.043590,0.690597,0.758279,-0.040323
1780385810.442,right,victory,0.709956,0.879574,0.000000,0.732429,0.846988,0.001583,0.748563,0.809434,-0.005223,0.751813,0.768957,-0.011732,0.748355,0.737571,-0.019768,0.762500,0.810452,-0.027600,0.778650,0.751920,-0.042402,0.780473,0.710232,-0.049850,0.779011,0.679024,-0.053313,0.746904,0.822713,-0.033524,0.757111,0.754247,-0.049067,0.750816,0.707285,-0.052841,0.743145,0.678741,-0.054279,0.726607,0.824621,-0.037862,0.724645,0.749564,-0.051143,0.714969,0.718396,-0.050116,0.708993,0.707110,-0.046994,0.705242,0.818966,-0.041073,0.704701,0.756750,-0.049148,0.701969,0.741109,-0.046380,0.701869,0.739941,-0.042619
1780385810.943,right,victory,0.701194,0.915565,0.000000,0.712580,0.861905,-0.001735,0.718271,0.810775,-0.012704,0.707446,0.767238,-0.023814,0.694639,0.741752,-0.035922,0.751109,0.822418,-0.028207,0.767451,0.766941,-0.043721,0.768309,0.726388,-0.051983,0.766032,0.694619,-0.056396,0.742469,0.846126,-0.034929,0.755353,0.785830,-0.053520,0.745609,0.738222,-0.059469,0.733314,0.708592,-0.061387,0.725467,0.858137,-0.040376,0.715592,0.782038,-0.055892,0.699497,0.751883,-0.055578,0.690006,0.742309,-0.052078,0.704177,0.859765,-0.045081,0.694444,0.792614,-0.053353,0.687196,0.771709,-0.050496,0.685179,0.767339,-0.046706
1780385811.463,right,victory,0.667678,0.938991,-0.000000,0.664747,0.872739,-0.004385,0.665000,0.823712,-0.014118,0.659375,0.792107,-0.024986,0.656737,0.775799,-0.035809,0.718953,0.828435,-0.016229,0.740114,0.782110,-0.031377,0.740886,0.744785,-0.040689,0.737392,0.713190,-0.045736,0.720923,0.860821,-0.023334,0.741658,0.819829,-0.042644,0.727381,0.780418,-0.050878,0.709351,0.757562,-0.052573,0.713337,0.887481,-0.030779,0.702509,0.834309,-0.047831,0.678598,0.806240,-0.051502,0.661057,0.794682,-0.049638,0.698567,0.906649,-0.038218,0.678609,0.853682,-0.048308,0.663525,0.827323,-0.048812,0.654439,0.812421,-0.046662
1780385812.010,right,victory,0.635939,0.959280,0.000000,0.624311,0.887427,-0.006112,0.619457,0.833901,-0.016500,0.610062,0.805527,-0.028045,0.600894,0.803332,-0.039574,0.675016,0.823713,-0.015805,0.686576,0.769365,-0.030595,0.681890,0.730701,-0.039772,0.674610,0.699504,-0.045169,0.682160,0.858792,-0.022679,0.696191,0.811948,-0.041644,0.681343,0.780363,-0.049745,0.664962,0.764434,-0.051631,0.678360,0.890951,-0.030221,0.656415,0.839803,-0.047765,0.627986,0.822219,-0.051349,0.609422,0.819033,-0.049237,0.665565,0.917659,-0.038048,0.639052,0.873186,-0.047761,0.619791,0.854118,-0.047898,0.608795,0.844585,-0.045778
1780385812.534,right,victory,0.621313,0.804609,0.000000,0.600224,0.744764,-0.003445,0.589144,0.695306,-0.011457,0.578908,0.663085,-0.021501,0.576277,0.639596,-0.030895,0.642848,0.652762,-0.011669,0.648616,0.586383,-0.026318,0.643138,0.542579,-0.035022,0.634500,0.510987,-0.039465,0.654300,0.671941,-0.019899,0.669160,0.595883,-0.038630,0.658494,0.548731,-0.048528,0.643726,0.516768,-0.051275,0.657280,0.696443,-0.028456,0.631708,0.639463,-0.047772,0.605454,0.638536,-0.050879,0.587924,0.647886,-0.046939,0.649203,0.720658,-0.037047,0.619803,0.680150,-0.048066,0.599722,0.675479,-0.046643,0.586839,0.678083,-0.042134
1780385813.100,right,victory,0.606277,0.688573,0.000000,0.578658,0.641018,-0.008510,0.563787,0.593078,-0.018685,0.555682,0.560486,-0.031344,0.559291,0.545266,-0.043638,0.607967,0.510332,-0.008451,0.603422,0.445260,-0.024262,0.597025,0.405059,-0.035372,0.589543,0.373219,-0.041972,0.628574,0.521647,-0.015614,0.641248,0.451705,-0.035120,0.632386,0.408483,-0.046782,0.618911,0.379629,-0.050820,0.641549,0.546053,-0.024318,0.618413,0.500970,-0.046056,0.590032,0.519461,-0.050945,0.571540,0.543056,-0.047656,0.644719,0.577254,-0.033683,0.614811,0.548075,-0.047454,0.590739,0.558870,-0.047312,0.575516,0.574797,-0.043313
1780385813.659,right,victory,0.516404,0.698711,0.000000,0.480294,0.671322,-0.008415,0.456056,0.633983,-0.018358,0.440349,0.607758,-0.031045,0.440227,0.590762,-0.043231,0.490166,0.526666,-0.007315,0.473066,0.467170,-0.023838,0.458711,0.430782,-0.035247,0.444737,0.404905,-0.041925,0.509723,0.526324,-0.015043,0.502617,0.443548,-0.036053,0.484096,0.406180,-0.048235,0.464540,0.385868,-0.051997,0.524561,0.541715,-0.024344,0.483854,0.507566,-0.048762,0.461249,0.547400,-0.053082,0.450497,0.584730,-0.048168,0.530419,0.570768,-0.034289,0.490750,0.559338,-0.049779,0.472082,0.588042,-0.049302,0.463998,0.614635,-0.044322
1780385814.175,right,victory,0.414502,0.730750,-0.000000,0.366559,0.709168,-0.008467,0.341270,0.678412,-0.021377,0.317714,0.659136,-0.036601,0.297146,0.637956,-0.051723,0.382651,0.550302,-0.016001,0.360040,0.470264,-0.035794,0.334579,0.431307,-0.048695,0.310141,0.411670,-0.055711,0.396167,0.550553,-0.023274,0.351558,0.490727,-0.045348,0.323516,0.504644,-0.053473,0.308110,0.525084,-0.055271,0.402571,0.568606,-0.032122,0.347410,0.538518,-0.055284,0.320074,0.581994,-0.056035,0.308526,0.621027,-0.050936,0.399734,0.601761,-0.041593,0.354653,0.586566,-0.057346,0.334173,0.615850,-0.055959,0.324847,0.645704,-0.050868
1780385814.730,right,victory,0.318315,0.763445,0.000000,0.257166,0.713280,0.001906,0.230804,0.657734,-0.011122,0.202569,0.618830,-0.029650,0.175611,0.598350,-0.047276,0.289769,0.534181,-0.011846,0.261096,0.430049,-0.030338,0.236784,0.369610,-0.041718,0.211313,0.333961,-0.048889,0.298412,0.538665,-0.027014,0.261370,0.413532,-0.055210,0.223191,0.353677,-0.072208,0.191748,0.327434,-0.080622,0.292452,0.563808,-0.041111,0.215063,0.495327,-0.063838,0.186777,0.548601,-0.060370,0.178366,0.596168,-0.052085,0.274871,0.600271,-0.055619,0.210000,0.574484,-0.068930,0.192087,0.607510,-0.064637,0.189915,0.636727,-0.057869
1780385815.271,right,victory,0.316082,0.803945,0.000000,0.253266,0.749523,0.005937,0.226628,0.690227,-0.007929,0.196525,0.647814,-0.028079,0.166531,0.619596,-0.047548,0.285035,0.555063,-0.015069,0.248097,0.439073,-0.033990,0.219290,0.375180,-0.045001,0.188852,0.335858,-0.052134,0.292095,0.560873,-0.033074,0.252607,0.421420,-0.061028,0.211888,0.358207,-0.076805,0.177052,0.326481,-0.084978,0.284795,0.589486,-0.049340,0.200252,0.512610,-0.071635,0.171073,0.567547,-0.066768,0.161642,0.614485,-0.058389,0.265638,0.630515,-0.065672,0.196549,0.598702,-0.078659,0.175670,0.631196,-0.073478,0.169324,0.658753,-0.066621
1780385815.777,right,victory,0.282786,0.807530,0.000000,0.239049,0.744492,0.014850,0.203376,0.688567,0.004701,0.158957,0.667241,-0.012055,0.123239,0.669934,-0.028400,0.234599,0.579868,-0.013892,0.182791,0.475046,-0.032112,0.146788,0.423736,-0.040675,0.113217,0.393636,-0.045611,0.236025,0.592414,-0.035030,0.183614,0.465652,-0.059072,0.139601,0.414132,-0.069464,0.106337,0.392251,-0.074495,0.226609,0.626508,-0.053576,0.143086,0.570701,-0.070275,0.119572,0.623693,-0.062832,0.115717,0.665134,-0.053970,0.209270,0.672999,-0.071360,0.143328,0.650487,-0.078396,0.128518,0.682099,-0.070378,0.128542,0.706849,-0.062691
1780385816.288,right,victory,0.251855,0.840484,-0.000000,0.198466,0.797966,0.007880,0.159761,0.755542,-0.004431,0.121081,0.742280,-0.019835,0.082770,0.737727,-0.037257,0.187116,0.620633,-0.033841,0.141222,0.503930,-0.056544,0.108414,0.446413,-0.070933,0.075916,0.402318,-0.080987,0.195949,0.646162,-0.047101,0.107818,0.622951,-0.072643,0.073160,0.677026,-0.078873,0.059647,0.721339,-0.081967,0.193094,0.690316,-0.057697,0.103536,0.669124,-0.077500,0.076253,0.713788,-0.073475,0.071068,0.747419,-0.068622,0.180484,0.740710,-0.066800,0.113936,0.722388,-0.079509,0.091807,0.746910,-0.075109,0.087413,0.764812,-0.069288
1780385816.818,right,victory,0.266590,0.772666,0.000000,0.233368,0.742057,-0.000667,0.200978,0.692852,-0.009564,0.171373,0.661731,-0.019233,0.146429,0.656804,-0.033208,0.210074,0.619340,-0.029615,0.178951,0.549047,-0.046994,0.162285,0.492363,-0.064401,0.148180,0.438979,-0.078862,0.216989,0.627910,-0.035750,0.159216,0.620793,-0.049775,0.126862,0.623178,-0.058801,0.102104,0.622137,-0.067226,0.216793,0.658433,-0.039700,0.150501,0.667043,-0.048607,0.120180,0.685408,-0.049657,0.101838,0.699129,-0.052317,0.208395,0.704729,-0.043655,0.156165,0.709781,-0.054027,0.128982,0.718581,-0.054772,0.112083,0.725077,-0.054840
1780385817.335,right,victory,0.267299,0.804810,0.000001,0.251702,0.701113,0.009315,0.219512,0.632756,0.000820,0.177321,0.617281,-0.009740,0.142626,0.630941,-0.020032,0.209129,0.589850,-0.032763,0.185539,0.475044,-0.058933,0.184145,0.402296,-0.072542,0.188515,0.347270,-0.078432,0.192355,0.624351,-0.044122,0.121315,0.529278,-0.070959,0.082673,0.465843,-0.082080,0.054584,0.417047,-0.088435,0.176184,0.677487,-0.051256,0.096676,0.646330,-0.068277,0.104433,0.670668,-0.055888,0.121547,0.684959,-0.042637,0.162634,0.733775,-0.057326,0.108939,0.713539,-0.061928,0.119049,0.726040,-0.046425,0.136144,0.729114,-0.031845
1780385817.836,right,victory,0.253881,0.843959,0.000001,0.278700,0.713131,-0.020578,0.264774,0.616410,-0.030508,0.221076,0.578909,-0.034349,0.185735,0.576873,-0.035146,0.202073,0.606028,-0.049291,0.169809,0.467428,-0.061065,0.146845,0.402266,-0.061115,0.125306,0.356223,-0.057914,0.157739,0.651563,-0.040118,0.092650,0.538922,-0.057111,0.052873,0.479065,-0.059657,0.021901,0.443760,-0.056320,0.137347,0.694549,-0.028144,0.133642,0.606091,-0.041737,0.160176,0.603839,-0.038601,0.178335,0.626438,-0.028517,0.133009,0.728073,-0.016946,0.143121,0.651836,-0.017780,0.162344,0.654793,-0.008683,0.177068,0.677523,0.002850
1780385818.343,right,victory,0.286010,0.834901,0.000001,0.321234,0.735584,-0.043731,0.327882,0.632190,-0.059935,0.328241,0.555927,-0.066812,0.332017,0.499021,-0.069464,0.234441,0.580609,-0.056234,0.202455,0.435918,-0.066826,0.182329,0.367987,-0.068508,0.162181,0.314911,-0.067016,0.196897,0.614401,-0.034444,0.146402,0.488696,-0.047830,0.118066,0.413422,-0.051711,0.097659,0.364840,-0.050257,0.184100,0.650017,-0.012960,0.191069,0.548148,-0.031313,0.229356,0.549077,-0.037698,0.257138,0.568605,-0.032882,0.186013,0.676260,0.006118,0.206705,0.602010,-0.007171,0.232728,0.613400,-0.010791,0.253667,0.636012,-0.006823
1780385818.845,right,victory,0.378224,0.754736,0.000001,0.429068,0.676612,-0.033294,0.451767,0.592429,-0.050432,0.437816,0.534702,-0.059829,0.408824,0.516138,-0.067813,0.369189,0.521037,-0.055952,0.368751,0.382071,-0.072559,0.360750,0.304860,-0.083161,0.351240,0.244246,-0.089296,0.326987,0.537949,-0.042221,0.298263,0.407089,-0.056510,0.279484,0.332335,-0.062498,0.263544,0.279208,-0.065883,0.304315,0.557906,-0.028037,0.285728,0.436491,-0.035650,0.281760,0.378290,-0.035911,0.277984,0.337347,-0.035534,0.298636,0.577483,-0.016402,0.292642,0.485123,-0.018379,0.294880,0.445697,-0.013819,0.299459,0.420234,-0.009512
1780385819.381,right,victory,0.477032,0.733036,0.000001,0.524891,0.661540,-0.017252,0.542657,0.576978,-0.024063,0.523341,0.519428,-0.026301,0.501099,0.494042,-0.026808,0.497735,0.505740,-0.038348,0.511982,0.377509,-0.050814,0.520065,0.309500,-0.052838,0.525120,0.259037,-0.050759,0.456654,0.506030,-0.031543,0.437452,0.374055,-0.046385,0.427794,0.298721,-0.050253,0.419598,0.250325,-0.048417,0.430433,0.524964,-0.023156,0.445694,0.468048,-0.038335,0.467494,0.481247,-0.040439,0.478449,0.508196,-0.034433,0.415551,0.551898,-0.015144,0.436303,0.511556,-0.021569,0.452700,0.524002,-0.017499,0.460603,0.547528,-0.009556
1780385819.929,right,victory,0.512781,0.706790,0.000000,0.539342,0.623914,0.003593,0.537050,0.533580,-0.007182,0.503906,0.474822,-0.018769,0.474127,0.443866,-0.031630,0.560712,0.508973,-0.035884,0.575669,0.394534,-0.057468,0.588157,0.330317,-0.066636,0.599305,0.280542,-0.069726,0.535020,0.519671,-0.045584,0.524918,0.373931,-0.066555,0.508941,0.296772,-0.072446,0.495121,0.237752,-0.074243,0.504999,0.538564,-0.051960,0.468571,0.425538,-0.069573,0.459817,0.444671,-0.062505,0.462217,0.471442,-0.052116,0.475189,0.560410,-0.056986,0.452529,0.477047,-0.063465,0.452854,0.495167,-0.051437,0.460308,0.521797,-0.039385
1780385820.446,right,victory,0.475879,0.722845,0.000000,0.454625,0.609056,-0.004062,0.454676,0.526905,-0.016522,0.449165,0.470233,-0.033327,0.452859,0.416946,-0.049381,0.542329,0.507931,-0.014764,0.561720,0.417823,-0.033375,0.570823,0.355640,-0.045365,0.575293,0.303862,-0.052994,0.552120,0.536979,-0.028130,0.577833,0.426436,-0.054615,0.582405,0.349599,-0.071535,0.580938,0.289924,-0.079682,0.548402,0.566452,-0.041425,0.515071,0.452887,-0.070176,0.473901,0.451741,-0.073258,0.447482,0.466528,-0.067661,0.529442,0.588360,-0.054975,0.494358,0.502065,-0.072625,0.463822,0.496293,-0.070095,0.443917,0.505538,-0.063865
1780385820.949,right,victory,0.503424,0.749491,0.000000,0.467742,0.694281,-0.015535,0.446089,0.625148,-0.031191,0.432549,0.564805,-0.050356,0.450244,0.550486,-0.068324,0.497415,0.503174,-0.007417,0.487728,0.413026,-0.027019,0.482687,0.355783,-0.039124,0.481936,0.311523,-0.046707,0.528105,0.512346,-0.016131,0.539099,0.406070,-0.038866,0.539082,0.336513,-0.051888,0.540280,0.280087,-0.056784,0.551713,0.543569,-0.027951,0.521671,0.477812,-0.058107,0.495991,0.523447,-0.061176,0.487657,0.564578,-0.053639,0.564307,0.586688,-0.041089,0.524076,0.542021,-0.059645,0.505660,0.573065,-0.056861,0.504302,0.604552,-0.049522
1780385821.487,right,victory,0.668242,0.878339,0.000001,0.632812,0.844270,-0.021422,0.612760,0.794063,-0.037446,0.635110,0.777373,-0.053732,0.663276,0.772340,-0.069440,0.629504,0.662810,-0.027998,0.612433,0.578624,-0.047036,0.603391,0.521276,-0.059222,0.597805,0.472074,-0.067856,0.663345,0.663847,-0.032513,0.674228,0.571648,-0.051982,0.683405,0.514446,-0.063432,0.692484,0.465747,-0.069794,0.691462,0.692767,-0.039166,0.701762,0.655872,-0.064161,0.683251,0.713880,-0.066745,0.669357,0.758567,-0.062061,0.714409,0.737385,-0.047580,0.714865,0.718651,-0.066909,0.699388,0.754433,-0.065237,0.687153,0.783450,-0.059617
1780385822.022,right,victory,0.742783,0.826655,0.000001,0.718950,0.778227,-0.024018,0.716706,0.720902,-0.038679,0.751533,0.699850,-0.052265,0.783671,0.692657,-0.064962,0.726253,0.601941,-0.027916,0.717199,0.515842,-0.045245,0.712304,0.458759,-0.055924,0.710211,0.411746,-0.063502,0.759581,0.608413,-0.029857,0.780870,0.516590,-0.047155,0.797173,0.459644,-0.058236,0.812709,0.414135,-0.064740,0.783149,0.645099,-0.034035,0.807033,0.597287,-0.057439,0.790602,0.638941,-0.063011,0.777637,0.675385,-0.061335,0.799687,0.696464,-0.040015,0.799220,0.690576,-0.059536,0.782215,0.716209,-0.061650,0.769497,0.738030,-0.059276
1780385822.563,right,victory,0.784247,0.607105,0.000000,0.764940,0.541399,-0.013034,0.760888,0.467729,-0.024696,0.769186,0.431324,-0.038745,0.787419,0.439597,-0.052408,0.831397,0.405820,-0.012123,0.842301,0.324932,-0.029090,0.849906,0.273059,-0.040016,0.855145,0.232569,-0.047229,0.857615,0.437522,-0.019822,0.897709,0.365656,-0.046574,0.895193,0.315872,-0.060812,0.881919,0.284182,-0.063735,0.871023,0.478724,-0.029350,0.860282,0.414691,-0.059491,0.820602,0.426321,-0.066112,0.792892,0.450759,-0.060299,0.871828,0.521268,-0.039598,0.845067,0.475006,-0.059978,0.812635,0.479517,-0.061837,0.791712,0.495332,-0.057123
1780385823.114,right,victory,0.806138,0.584311,0.000000,0.788205,0.494848,0.004690,0.785718,0.428373,-0.003896,0.779717,0.381894,-0.015069,0.769211,0.352505,-0.026670,0.843190,0.396643,-0.020790,0.850844,0.301367,-0.038551,0.850402,0.243118,-0.048922,0.846043,0.197587,-0.054875,0.842543,0.423165,-0.032861,0.841041,0.316236,-0.059858,0.814879,0.262056,-0.072632,0.790140,0.234123,-0.076709,0.828401,0.447026,-0.042739,0.788634,0.359550,-0.063730,0.759214,0.363223,-0.063517,0.746846,0.377534,-0.057254,0.804969,0.466905,-0.051709,0.765153,0.407607,-0.061425,0.748206,0.406527,-0.057029,0.746040,0.413060,-0.050355
1780385823.616,right,victory,0.722258,0.589247,0.000000,0.689104,0.547166,-0.007559,0.671273,0.483412,-0.012283,0.678875,0.424218,-0.020157,0.704332,0.403591,-0.027480,0.696123,0.425131,0.007777,0.686482,0.364449,-0.000198,0.680487,0.329842,-0.006573,0.677186,0.300596,-0.011675,0.718632,0.421143,0.002696,0.730244,0.345670,-0.007702,0.730057,0.303427,-0.015849,0.727918,0.270956,-0.020705,0.738297,0.431786,-0.005032,0.741058,0.357620,-0.023492,0.724637,0.383087,-0.030566,0.713536,0.417275,-0.030516,0.757048,0.451336,-0.013238,0.745345,0.404483,-0.027721,0.728586,0.416749,-0.031917,0.717651,0.441399,-0.032330
1780385824.136,right,victory,0.712515,0.611896,0.000000,0.682011,0.579941,-0.013966,0.668328,0.517101,-0.019806,0.689576,0.460488,-0.026638,0.716207,0.441402,-0.033260,0.648137,0.446999,-0.003772,0.630967,0.377355,-0.012616,0.624582,0.331233,-0.020335,0.621182,0.293287,-0.026641,0.675308,0.430858,-0.006255,0.671628,0.351130,-0.015926,0.670891,0.300099,-0.026006,0.672206,0.260386,-0.033380,0.702524,0.436683,-0.011159,0.705136,0.371969,-0.026833,0.700245,0.399485,-0.034598,0.697299,0.428929,-0.036650,0.727788,0.454656,-0.017209,0.725408,0.412664,-0.030862,0.717266,0.433691,-0.034034,0.711630,0.460079,-0.034275
1780385824.751,right,victory,0.538677,0.686754,0.000000,0.495817,0.668393,-0.011456,0.462717,0.615386,-0.020978,0.450257,0.564684,-0.033367,0.455752,0.533521,-0.045845,0.478410,0.493437,-0.010072,0.449716,0.423915,-0.026792,0.429020,0.381445,-0.036430,0.410687,0.349220,-0.042150,0.506881,0.481022,-0.018933,0.501437,0.370025,-0.039721,0.479112,0.322571,-0.050057,0.456809,0.294767,-0.052430,0.535520,0.491126,-0.030037,0.504652,0.441928,-0.058245,0.480919,0.495764,-0.063139,0.470355,0.540980,-0.057361,0.562076,0.517117,-0.041752,0.531126,0.489339,-0.059441,0.512217,0.529861,-0.057664,0.505330,0.565893,-0.051459
1780385825.328,right,victory,0.432509,0.992360,0.000000,0.365920,0.987601,-0.007744,0.316111,0.962443,-0.022985,0.279197,0.959304,-0.041693,0.247410,0.955844,-0.060005,0.303469,0.805363,-0.021264,0.245825,0.746482,-0.055133,0.202897,0.743405,-0.076399,0.168294,0.751055,-0.086819,0.330450,0.782666,-0.035813,0.265253,0.685822,-0.074255,0.214393,0.699988,-0.092367,0.179102,0.735382,-0.096115,0.357242,0.791710,-0.051875,0.283174,0.810771,-0.089129,0.262209,0.898448,-0.094643,0.258288,0.964078,-0.087209,0.377996,0.831254,-0.068494,0.322872,0.894806,-0.090994,0.303008,0.957014,-0.090805,0.294683,0.998281,-0.083990
1780385826.029,right,victory,0.772447,0.926945,0.000000,0.760033,0.912742,-0.036905,0.748859,0.892886,-0.071315,0.725805,0.866074,-0.099546,0.705955,0.852567,-0.126501,0.774634,0.993330,-0.090495,0.760236,0.969068,-0.130230,0.739317,0.922769,-0.151340,0.725091,0.896966,-0.164288,0.776607,1.007539,-0.089075,0.753245,0.919510,-0.132819,0.733457,0.858413,-0.144913,0.718877,0.830414,-0.149888,0.772759,0.993448,-0.088051,0.736303,0.904260,-0.121111,0.722221,0.883226,-0.121047,0.716072,0.891150,-0.119112,0.762845,0.966964,-0.089805,0.727354,0.895269,-0.110276,0.715834,0.872402,-0.107831,0.710006,0.878680,-0.104286
1780385826.552,right,victory,0.786960,0.845208,0.000000,0.766496,0.837581,-0.035579,0.766493,0.812395,-0.056054,0.799961,0.808926,-0.072417,0.830643,0.803503,-0.087124,0.769550,0.700433,-0.037726,0.762807,0.656112,-0.062411,0.773573,0.628179,-0.079065,0.787656,0.611394,-0.089332,0.800254,0.685278,-0.033647,0.805507,0.607143,-0.059900,0.825475,0.590215,-0.072525,0.843571,0.589235,-0.077172,0.824592,0.697557,-0.033341,0.849271,0.675788,-0.065980,0.847072,0.731967,-0.071783,0.839713,0.771730,-0.067490,0.844079,0.728432,-0.035363,0.860078,0.727992,-0.060964,0.854018,0.765156,-0.064393,0.844592,0.791264,-0.061233
1780385827.071,right,victory,0.773909,0.703754,0.000000,0.753448,0.676648,-0.024247,0.748868,0.632260,-0.037706,0.774772,0.597060,-0.049260,0.797416,0.578722,-0.059278,0.742216,0.535211,-0.019521,0.737128,0.474857,-0.034337,0.741139,0.439173,-0.045483,0.748821,0.410639,-0.053592,0.768517,0.523062,-0.017617,0.773518,0.449196,-0.033432,0.787807,0.412827,-0.044810,0.801246,0.385645,-0.051798,0.791463,0.533701,-0.018467,0.812098,0.475745,-0.040613,0.815008,0.513975,-0.047587,0.812281,0.549709,-0.047612,0.812380,0.561046,-0.021130,0.825918,0.538057,-0.042072,0.825788,0.561756,-0.048110,0.821064,0.583844,-0.048566
1780385827.614,right,victory,0.711761,0.641617,0.000000,0.680121,0.609334,-0.011029,0.664909,0.555808,-0.017527,0.678798,0.510296,-0.025794,0.700642,0.489490,-0.033669,0.672313,0.467916,-0.004369,0.658245,0.410577,-0.014284,0.653437,0.373169,-0.021982,0.651150,0.341301,-0.028162,0.698293,0.461483,-0.008927,0.702236,0.389110,-0.020506,0.701666,0.346546,-0.030069,0.701751,0.314531,-0.036449,0.721722,0.477448,-0.015532,0.728151,0.416177,-0.033224,0.716150,0.451884,-0.038724,0.707080,0.486669,-0.038539,0.743398,0.508208,-0.022905,0.742173,0.474986,-0.037343,0.727639,0.496383,-0.039438,0.715493,0.521957,-0.038435
1780385828.118,right,victory,0.573412,0.641935,0.000000,0.538788,0.608424,-0.009184,0.515306,0.555973,-0.017762,0.505330,0.509784,-0.029435,0.518718,0.480972,-0.040115,0.543489,0.458968,-0.002112,0.524176,0.396271,-0.017949,0.509751,0.360790,-0.028663,0.495736,0.333783,-0.035183,0.565679,0.454711,-0.009748,0.570390,0.363727,-0.030247,0.553518,0.322391,-0.041209,0.534974,0.297308,-0.044112,0.585852,0.469202,-0.019748,0.566479,0.409296,-0.044445,0.544536,0.451712,-0.047398,0.534096,0.490376,-0.041160,0.602235,0.498088,-0.030605,0.574301,0.470638,-0.046175,0.552813,0.493874,-0.045559,0.542672,0.515860,-0.040527
1780385828.650,right,victory,0.519629,0.686951,0.000000,0.476836,0.647272,-0.007931,0.452277,0.594332,-0.017165,0.435713,0.558811,-0.030021,0.435033,0.525444,-0.042189,0.484930,0.488180,-0.003727,0.461305,0.419686,-0.020973,0.444542,0.377174,-0.032952,0.428337,0.343095,-0.040847,0.509621,0.485376,-0.013607,0.506949,0.382219,-0.040107,0.483572,0.343351,-0.055821,0.458369,0.328074,-0.061049,0.528482,0.498864,-0.025221,0.489337,0.438599,-0.055506,0.458646,0.489443,-0.061679,0.442203,0.537603,-0.056713,0.538456,0.525238,-0.037219,0.494004,0.506350,-0.057907,0.468471,0.545317,-0.059481,0.455393,0.579546,-0.055251
1780385829.156,right,victory,0.497473,0.702983,0.000000,0.447726,0.661330,-0.007714,0.421144,0.611352,-0.018430,0.401110,0.577875,-0.033055,0.397777,0.548216,-0.046377,0.456598,0.498162,-0.004075,0.431778,0.425969,-0.024352,0.413028,0.385458,-0.038951,0.394558,0.358339,-0.048079,0.480584,0.494985,-0.014350,0.467478,0.389524,-0.043821,0.440050,0.351224,-0.062619,0.412674,0.340026,-0.069907,0.497380,0.509482,-0.026223,0.449433,0.450907,-0.055687,0.421036,0.503079,-0.060030,0.405516,0.552518,-0.054078,0.503059,0.538821,-0.038897,0.453268,0.529026,-0.057684,0.430020,0.564549,-0.058305,0.417479,0.595772,-0.053490
1780385829.765,right,victory,0.483322,0.704493,0.000000,0.430816,0.667747,-0.007586,0.400577,0.628747,-0.020176,0.377672,0.600906,-0.036355,0.373967,0.565228,-0.051566,0.441253,0.501070,-0.008016,0.414858,0.433363,-0.027525,0.392208,0.394415,-0.041678,0.371329,0.368648,-0.050698,0.461524,0.498138,-0.018276,0.443814,0.397245,-0.046815,0.411612,0.364010,-0.064508,0.382522,0.356565,-0.071669,0.473892,0.513484,-0.029849,0.425633,0.462389,-0.058563,0.396610,0.513415,-0.063831,0.381719,0.563740,-0.059442,0.474801,0.543861,-0.041960,0.426568,0.536898,-0.060079,0.404129,0.572661,-0.060829,0.392705,0.604990,-0.056722
1780385830.324,right,victory,0.448780,0.700266,0.000000,0.397497,0.660449,-0.003803,0.369218,0.618452,-0.014895,0.348948,0.590471,-0.029632,0.343717,0.554603,-0.043730,0.415438,0.497573,-0.008492,0.387273,0.428863,-0.027303,0.361914,0.390799,-0.040448,0.337497,0.367899,-0.048229,0.428860,0.497825,-0.019872,0.404720,0.398105,-0.044125,0.371195,0.361551,-0.057659,0.341467,0.348353,-0.062943,0.436015,0.515234,-0.032243,0.384770,0.464390,-0.058555,0.357013,0.507278,-0.062530,0.343402,0.550134,-0.058281,0.433853,0.547855,-0.044731,0.384786,0.533446,-0.061865,0.366846,0.573341,-0.060848,0.360851,0.610294,-0.055887
1780385830.850,right,victory,0.374593,0.657502,0.000000,0.373913,0.563955,0.009384,0.361064,0.475337,0.003853,0.336218,0.410494,-0.003755,0.313575,0.373021,-0.012879,0.361371,0.441404,-0.028525,0.318467,0.349539,-0.045364,0.291953,0.305859,-0.051193,0.268493,0.277933,-0.053197,0.348315,0.469038,-0.041928,0.295481,0.364990,-0.060902,0.255633,0.328857,-0.064367,0.227516,0.314343,-0.064667,0.329054,0.512517,-0.052275,0.260965,0.444416,-0.066245,0.244634,0.472607,-0.057525,0.246967,0.502920,-0.048156,0.307174,0.564830,-0.061343,0.254787,0.528040,-0.068640,0.251188,0.542204,-0.060377,0.261371,0.556411,-0.051779
1780385831.397,right,victory,0.299471,0.752047,0.000001,0.333040,0.653623,-0.018467,0.329659,0.553512,-0.028386,0.305747,0.474482,-0.029983,0.281623,0.425563,-0.028526,0.273887,0.538074,-0.061274,0.255740,0.393579,-0.075051,0.249308,0.320163,-0.076276,0.247551,0.269750,-0.073684,0.229846,0.571340,-0.050410,0.178780,0.434253,-0.063950,0.174240,0.359872,-0.058387,0.181402,0.312739,-0.051322,0.203278,0.600624,-0.036413,0.192901,0.479369,-0.040933,0.213887,0.455714,-0.028806,0.230950,0.460468,-0.018103,0.192688,0.623553,-0.023638,0.202077,0.537725,-0.022127,0.218885,0.520309,-0.011923,0.231267,0.523447,-0.001840
1780385831.922,right,victory,0.305276,0.768288,0.000001,0.344950,0.661490,-0.027561,0.343979,0.545975,-0.037973,0.320201,0.462865,-0.037866,0.297067,0.418042,-0.034033,0.273807,0.534472,-0.065104,0.255676,0.388155,-0.077062,0.253506,0.311388,-0.076596,0.254931,0.255774,-0.072725,0.229223,0.563505,-0.048781,0.182210,0.422010,-0.061670,0.185202,0.345405,-0.056244,0.199666,0.301659,-0.048498,0.207290,0.590042,-0.030062,0.209515,0.476325,-0.037452,0.239597,0.468938,-0.029114,0.262793,0.489334,-0.019244,0.203112,0.610384,-0.013080,0.222508,0.533078,-0.014300,0.242526,0.533727,-0.007966,0.256402,0.552391,0.000018
1780385832.460,right,victory,0.335422,0.784544,0.000001,0.381391,0.683989,-0.032329,0.393033,0.562428,-0.047348,0.366211,0.481013,-0.050256,0.333336,0.449937,-0.049147,0.314288,0.557878,-0.076928,0.304917,0.397608,-0.091445,0.308417,0.315328,-0.092831,0.312461,0.252043,-0.090566,0.267869,0.579179,-0.059292,0.227919,0.419755,-0.076884,0.233684,0.334245,-0.073479,0.247060,0.284762,-0.067208,0.244409,0.596436,-0.038373,0.244981,0.457391,-0.047780,0.273711,0.448618,-0.036104,0.294709,0.469486,-0.024264,0.239778,0.610030,-0.019529,0.257178,0.512351,-0.020754,0.278626,0.514131,-0.010207,0.294388,0.536682,0.000488
1780385832.997,right,victory,0.402861,0.772009,0.000001,0.450507,0.690636,-0.031192,0.466616,0.579410,-0.049041,0.452268,0.483918,-0.056081,0.431290,0.428058,-0.061053,0.417807,0.581416,-0.085195,0.417378,0.418440,-0.105983,0.419134,0.335128,-0.110752,0.421740,0.271559,-0.111321,0.367424,0.586667,-0.071545,0.340708,0.421496,-0.086533,0.342317,0.338548,-0.083023,0.347634,0.287221,-0.080134,0.333555,0.595063,-0.055328,0.334755,0.449999,-0.062794,0.361099,0.419165,-0.055081,0.379095,0.417064,-0.050125,0.316694,0.604570,-0.041216,0.329712,0.521312,-0.047468,0.349786,0.508767,-0.044222,0.362032,0.512749,-0.040758
1780385833.500,right,victory,0.289531,0.783171,0.000001,0.324267,0.678192,-0.039260,0.319879,0.565451,-0.052283,0.287105,0.498057,-0.052718,0.250939,0.492408,-0.048969,0.236003,0.563626,-0.059638,0.220162,0.419406,-0.068176,0.221622,0.341078,-0.069510,0.223192,0.282189,-0.068125,0.196483,0.595861,-0.038581,0.147708,0.463018,-0.047099,0.155118,0.387182,-0.044144,0.173951,0.343962,-0.038947,0.181341,0.622305,-0.016985,0.178357,0.504556,-0.025341,0.213355,0.491684,-0.023012,0.240351,0.506078,-0.017319,0.183165,0.636534,0.002023,0.200261,0.554060,-0.004522,0.226743,0.554224,-0.003576,0.246283,0.572251,0.000774
1780385834.034,right,victory,0.257885,0.792062,0.000001,0.286151,0.683939,-0.036505,0.280706,0.575643,-0.043269,0.251633,0.510717,-0.037612,0.216855,0.509320,-0.026877,0.191119,0.566358,-0.043740,0.168721,0.436231,-0.044165,0.166836,0.368195,-0.038279,0.166414,0.315950,-0.031914,0.159145,0.604583,-0.020611,0.105129,0.484510,-0.025305,0.112085,0.417181,-0.019142,0.133776,0.378798,-0.010706,0.152018,0.637994,0.002426,0.146369,0.529247,-0.005296,0.179946,0.508169,-0.005648,0.208676,0.513592,-0.000396,0.159365,0.657970,0.023555,0.170690,0.579807,0.017992,0.195753,0.572162,0.016381,0.217701,0.583202,0.019379
1780385834.594,right,victory,0.433071,0.800556,0.000001,0.479906,0.698870,-0.017956,0.481223,0.581781,-0.028937,0.460260,0.487329,-0.032822,0.436130,0.434367,-0.036064,0.443754,0.570584,-0.063226,0.444528,0.417421,-0.077858,0.440232,0.335249,-0.081150,0.435290,0.273984,-0.081806,0.391238,0.581271,-0.056222,0.365146,0.432109,-0.068276,0.355783,0.348753,-0.068402,0.349278,0.292538,-0.068498,0.355492,0.598031,-0.046135,0.347941,0.464612,-0.052276,0.361819,0.409827,-0.051215,0.370365,0.385088,-0.051532,0.340702,0.612794,-0.036726,0.357114,0.521833,-0.041318,0.379538,0.498878,-0.039160,0.394891,0.498502,-0.036828
1780385835.137,right,victory,0.553198,0.813622,0.000000,0.600949,0.735218,0.001256,0.614381,0.633137,-0.009515,0.598232,0.560657,-0.018927,0.569117,0.519911,-0.030297,0.618653,0.614960,-0.052809,0.634211,0.472869,-0.069000,0.635388,0.395082,-0.073392,0.632800,0.333166,-0.074616,0.575608,0.619437,-0.059968,0.566489,0.459826,-0.075258,0.561793,0.376188,-0.075309,0.554306,0.314696,-0.075765,0.533514,0.628414,-0.062339,0.528742,0.474713,-0.073385,0.544005,0.492102,-0.061592,0.550375,0.530855,-0.051558,0.499508,0.641984,-0.063583,0.506942,0.530163,-0.069180,0.522940,0.543524,-0.056219,0.529557,0.576484,-0.044602
1780385835.746,right,victory,0.540741,0.765133,0.000000,0.583490,0.686482,0.008804,0.590740,0.596681,0.004079,0.570005,0.533946,-0.001104,0.542082,0.501031,-0.008144,0.592554,0.562398,-0.031071,0.601549,0.437981,-0.041347,0.601855,0.367236,-0.043672,0.598719,0.314673,-0.043473,0.554774,0.562806,-0.038674,0.547283,0.421271,-0.046581,0.541205,0.347387,-0.044343,0.533246,0.299304,-0.042937,0.518940,0.572511,-0.041921,0.510038,0.440456,-0.044247,0.520737,0.442463,-0.033275,0.525857,0.470463,-0.025040,0.490400,0.591901,-0.043900,0.491818,0.498429,-0.041602,0.505620,0.501181,-0.028718,0.514429,0.523441,-0.018033
1780385836.311,right,victory,0.468265,0.691159,0.000000,0.501524,0.610478,0.006133,0.497831,0.533269,0.005157,0.476535,0.482641,0.004102,0.454768,0.458202,0.002524,0.490163,0.498055,-0.019712,0.488001,0.393080,-0.024935,0.484760,0.339820,-0.025410,0.479524,0.298335,-0.024972,0.454377,0.505216,-0.023172,0.436817,0.400488,-0.027949,0.428614,0.343204,-0.026912,0.419977,0.303618,-0.026369,0.423857,0.523433,-0.023403,0.411322,0.428004,-0.025029,0.423948,0.433376,-0.019139,0.430601,0.458561,-0.014284,0.404825,0.546486,-0.022716,0.411616,0.491924,-0.022194,0.425783,0.493819,-0.016016,0.434057,0.508902,-0.010005
1780385836.812,right,victory,0.452244,0.689323,0.000000,0.487021,0.614515,0.005687,0.494867,0.542762,0.006407,0.498635,0.481267,0.008326,0.507531,0.438692,0.010868,0.471049,0.496819,-0.020990,0.474841,0.394354,-0.026329,0.471052,0.336892,-0.026841,0.466690,0.297767,-0.026008,0.434278,0.502595,-0.021336,0.415136,0.399539,-0.024559,0.409472,0.346375,-0.019973,0.405773,0.312082,-0.016204,0.406641,0.520145,-0.018553,0.398794,0.437577,-0.016184,0.411378,0.434098,-0.007343,0.419560,0.450260,-0.000692,0.391013,0.544234,-0.015133,0.397063,0.499095,-0.010403,0.408591,0.498539,-0.002337,0.417626,0.511838,0.005208
1780385837.347,right,victory,0.455792,0.689971,0.000000,0.488241,0.611384,0.001518,0.496257,0.538232,-0.000839,0.501604,0.476416,-0.001293,0.509203,0.434705,-0.001113,0.470736,0.490012,-0.028257,0.474663,0.387662,-0.036367,0.473117,0.329040,-0.038738,0.473003,0.288004,-0.039302,0.434031,0.499941,-0.027184,0.412639,0.403621,-0.031458,0.409575,0.352501,-0.027177,0.411330,0.321239,-0.023807,0.407913,0.523762,-0.023181,0.404065,0.456665,-0.020007,0.419267,0.455819,-0.010852,0.430846,0.474405,-0.004621,0.393776,0.555509,-0.019181,0.398874,0.526632,-0.014393,0.410376,0.531805,-0.006979,0.420834,0.548456,-0.000160
1780385837.874,right,victory,0.445744,0.681980,0.000000,0.478047,0.613066,-0.008799,0.488906,0.543577,-0.014020,0.497841,0.475852,-0.014900,0.502477,0.425959,-0.014274,0.456944,0.487416,-0.030322,0.459255,0.380085,-0.036188,0.460962,0.322930,-0.037572,0.462862,0.281727,-0.037513,0.420829,0.498031,-0.024274,0.395049,0.395704,-0.025418,0.394522,0.351060,-0.020623,0.400256,0.326478,-0.017411,0.396868,0.521987,-0.016630,0.393071,0.449826,-0.015615,0.406513,0.439846,-0.009745,0.417122,0.448806,-0.005711,0.386641,0.548560,-0.009524,0.394491,0.503809,-0.008908,0.407948,0.503818,-0.004026,0.419451,0.514683,0.000955
1780385838.379,right,victory,0.418014,0.698088,0.000000,0.460732,0.628626,-0.012468,0.470397,0.554293,-0.020538,0.462172,0.491347,-0.024481,0.453036,0.448135,-0.028135,0.423141,0.494494,-0.037069,0.423678,0.381827,-0.049153,0.420899,0.317515,-0.053665,0.418231,0.269973,-0.055671,0.383198,0.504198,-0.033355,0.360327,0.396769,-0.042798,0.358918,0.351861,-0.040785,0.363285,0.330813,-0.037960,0.355877,0.526179,-0.028860,0.332846,0.428803,-0.035379,0.334488,0.375920,-0.032271,0.340836,0.344729,-0.029367,0.342864,0.550738,-0.024721,0.326311,0.474027,-0.030027,0.325404,0.434903,-0.027230,0.328564,0.409284,-0.023383
1780385838.908,right,victory,0.270592,0.771483,0.000001,0.292248,0.652440,-0.012273,0.281235,0.559062,-0.017642,0.246191,0.515567,-0.017410,0.214944,0.514830,-0.014319,0.219948,0.544524,-0.038521,0.193465,0.419078,-0.046812,0.176843,0.356034,-0.047107,0.165088,0.310021,-0.045175,0.180407,0.589371,-0.031112,0.122284,0.489783,-0.041103,0.105752,0.429178,-0.037407,0.101689,0.387750,-0.031766,0.160875,0.631647,-0.021249,0.147216,0.548494,-0.024407,0.170545,0.531134,-0.014857,0.192348,0.539594,-0.004919,0.157195,0.666767,-0.012381,0.159713,0.603236,-0.007693,0.176196,0.589725,0.002833,0.191503,0.595874,0.013075
1780385839.408,right,victory,0.256425,0.567552,0.000000,0.245820,0.477097,0.016640,0.217754,0.413490,0.017435,0.185268,0.387812,0.014115,0.158410,0.390305,0.010198,0.210290,0.373975,-0.004686,0.176684,0.301490,-0.014169,0.155630,0.263391,-0.017746,0.137322,0.238141,-0.019265,0.191489,0.395146,-0.017945,0.139773,0.314431,-0.028976,0.101492,0.286812,-0.032230,0.071810,0.274248,-0.033141,0.174450,0.433503,-0.028240,0.115854,0.409827,-0.032284,0.125222,0.437026,-0.023140,0.141269,0.449200,-0.015216,0.161683,0.479754,-0.037456,0.122091,0.474398,-0.035440,0.131704,0.491279,-0.024825,0.146673,0.494676,-0.015986
1780385839.925,right,victory,0.305461,0.575257,0.000000,0.262892,0.579693,-0.005842,0.232420,0.556791,-0.015336,0.206990,0.543541,-0.028452,0.183840,0.524541,-0.040243,0.244883,0.424853,-0.005069,0.210496,0.374387,-0.020278,0.183855,0.345377,-0.029457,0.160331,0.326304,-0.034823,0.254162,0.406206,-0.015008,0.220323,0.319133,-0.034173,0.189069,0.278528,-0.043918,0.163308,0.255241,-0.047067,0.261961,0.408994,-0.026589,0.201303,0.389101,-0.051082,0.182480,0.446890,-0.054200,0.179123,0.493292,-0.048909,0.265431,0.431920,-0.038669,0.217657,0.435798,-0.056338,0.205043,0.479492,-0.056493,0.203798,0.516708,-0.051904
1780385840.453,right,victory,0.471817,0.637799,0.000000,0.430309,0.647032,-0.014509,0.392744,0.632385,-0.028531,0.369694,0.613275,-0.044517,0.355977,0.597652,-0.059582,0.367084,0.497269,-0.019992,0.323090,0.443797,-0.039017,0.294361,0.417498,-0.050917,0.269839,0.396985,-0.058302,0.392128,0.469613,-0.027922,0.364665,0.363935,-0.047299,0.338540,0.316605,-0.059095,0.316823,0.283694,-0.064674,0.421993,0.468134,-0.037692,0.386764,0.440487,-0.061204,0.373798,0.494110,-0.065429,0.370950,0.535338,-0.061957,0.451098,0.485850,-0.048783,0.424724,0.474981,-0.065326,0.408566,0.501829,-0.064989,0.400083,0.523038,-0.060834
1780385840.973,right,victory,0.674517,0.753773,0.000001,0.637671,0.754292,-0.024908,0.606686,0.732464,-0.045250,0.628716,0.723204,-0.065819,0.667599,0.716738,-0.086523,0.597107,0.589639,-0.037905,0.562284,0.529246,-0.060468,0.540004,0.491618,-0.074214,0.520662,0.452899,-0.083850,0.629037,0.555070,-0.041941,0.621439,0.463763,-0.062065,0.622692,0.403155,-0.072792,0.623429,0.346889,-0.078796,0.662368,0.556057,-0.048018,0.675162,0.545399,-0.073061,0.677424,0.625190,-0.074776,0.675974,0.684021,-0.069488,0.694776,0.578248,-0.056554,0.704822,0.591358,-0.076371,0.701734,0.650495,-0.074648,0.695424,0.696995,-0.069033
1780385841.508,right,victory,0.729138,0.803039,0.000001,0.705107,0.807059,-0.034529,0.694560,0.786367,-0.057242,0.725901,0.782739,-0.077032,0.759439,0.778392,-0.095905,0.693712,0.651645,-0.045132,0.678499,0.592883,-0.070030,0.671550,0.549217,-0.085140,0.668059,0.505677,-0.095532,0.724189,0.623152,-0.043442,0.738521,0.537336,-0.068309,0.758260,0.487475,-0.081352,0.775469,0.441643,-0.087775,0.750300,0.633043,-0.044507,0.780053,0.624199,-0.075046,0.780215,0.700516,-0.078351,0.774527,0.751771,-0.072766,0.773181,0.665493,-0.048393,0.790923,0.686426,-0.075524,0.785055,0.740358,-0.078155,0.774017,0.777774,-0.074137
1780385842.012,right,victory,0.733787,0.873522,0.000001,0.709539,0.872034,-0.033020,0.701653,0.850761,-0.055903,0.733038,0.860247,-0.076010,0.767266,0.867406,-0.095082,0.714718,0.723473,-0.044494,0.706255,0.666317,-0.069993,0.702964,0.624879,-0.085272,0.702763,0.588377,-0.095308,0.746856,0.708173,-0.043688,0.767290,0.634308,-0.069252,0.789224,0.597830,-0.082305,0.808922,0.567248,-0.088448,0.771396,0.726926,-0.045539,0.799053,0.730645,-0.075661,0.790920,0.801138,-0.078274,0.781182,0.846454,-0.072431,0.791665,0.764740,-0.050034,0.803816,0.790910,-0.074830,0.790601,0.840424,-0.075864,0.776136,0.871767,-0.071171
1780385842.534,right,victory,0.738235,0.886158,0.000001,0.712773,0.884695,-0.032896,0.701491,0.866479,-0.057077,0.728407,0.875964,-0.078638,0.759832,0.880410,-0.099152,0.716284,0.734491,-0.046084,0.707048,0.675909,-0.070871,0.703593,0.636115,-0.085408,0.703504,0.601071,-0.094622,0.748413,0.721160,-0.045484,0.770934,0.650096,-0.070361,0.795027,0.615582,-0.082866,0.815668,0.587252,-0.088373,0.772558,0.740608,-0.047261,0.799044,0.747455,-0.076636,0.790385,0.819519,-0.078640,0.779182,0.867037,-0.072268,0.791387,0.779497,-0.051681,0.804446,0.802652,-0.075735,0.791799,0.852890,-0.075451,0.776465,0.887437,-0.069484
1780385843.083,right,victory,0.734441,0.899738,0.000001,0.707652,0.895199,-0.032134,0.694744,0.875387,-0.056737,0.718917,0.886034,-0.079003,0.748966,0.898454,-0.100553,0.712251,0.746624,-0.047508,0.704464,0.689581,-0.072456,0.700848,0.650222,-0.086991,0.699821,0.612487,-0.096492,0.746577,0.735567,-0.047659,0.770292,0.665118,-0.073295,0.793781,0.632150,-0.085685,0.813556,0.603774,-0.090941,0.772552,0.755899,-0.049835,0.795755,0.766498,-0.078808,0.782093,0.839303,-0.079275,0.767289,0.885793,-0.071879,0.793093,0.795218,-0.054726,0.805009,0.820981,-0.077367,0.789797,0.870600,-0.075521,0.772584,0.903270,-0.068604
1780385843.625,right,victory,0.736488,0.909018,0.000001,0.709011,0.902734,-0.030365,0.695420,0.880601,-0.053416,0.720184,0.893160,-0.074391,0.752925,0.907746,-0.094548,0.714261,0.754936,-0.044704,0.706287,0.697047,-0.069007,0.702188,0.657364,-0.083452,0.699748,0.620650,-0.093133,0.748282,0.742044,-0.045360,0.771092,0.672145,-0.070359,0.794575,0.641002,-0.082731,0.813761,0.614721,-0.087964,0.774342,0.761822,-0.048033,0.796842,0.778207,-0.074876,0.783505,0.850979,-0.075060,0.768921,0.895955,-0.068029,0.795369,0.801442,-0.053516,0.805497,0.834151,-0.075055,0.790331,0.882715,-0.073752,0.773322,0.912809,-0.067510
1780385844.156,right,victory,0.675420,0.936454,-0.000000,0.674589,0.885201,-0.021885,0.676425,0.837928,-0.042984,0.671744,0.803525,-0.061561,0.663042,0.766290,-0.080912,0.693758,0.862157,-0.050257,0.705304,0.850792,-0.072532,0.710790,0.846337,-0.088206,0.712868,0.845507,-0.098255,0.697515,0.896586,-0.048096,0.704257,0.900938,-0.066324,0.707443,0.903986,-0.074103,0.708250,0.908933,-0.081410,0.696744,0.933489,-0.046166,0.700076,0.946035,-0.061717,0.699891,0.954581,-0.065230,0.699024,0.964360,-0.068487,0.693050,0.968593,-0.045746,0.696176,0.983440,-0.054221,0.695847,0.989468,-0.053600,0.694836,0.994810,-0.054711
1780385844.811,right,victory,0.561528,0.902731,-0.000000,0.536583,0.862913,-0.014307,0.507753,0.820036,-0.025256,0.483974,0.790123,-0.034829,0.463401,0.772565,-0.045652,0.509284,0.814695,-0.039671,0.481473,0.787028,-0.060845,0.457695,0.776052,-0.074614,0.435793,0.767141,-0.085034,0.522180,0.839020,-0.043790,0.507526,0.846695,-0.070824,0.498091,0.865682,-0.082747,0.488288,0.876811,-0.089900,0.537490,0.871046,-0.047876,0.515566,0.901854,-0.073859,0.500872,0.932590,-0.079004,0.487810,0.952224,-0.080153,0.552924,0.903539,-0.052353,0.530057,0.934657,-0.073446,0.514066,0.959503,-0.077267,0.500388,0.974520,-0.077926
1780385845.340,right,victory,0.335336,0.736070,0.000000,0.322736,0.683998,-0.010657,0.296668,0.660324,-0.010205,0.275469,0.642495,-0.007819,0.258526,0.620350,-0.004150,0.270844,0.703113,0.013234,0.252090,0.677797,0.021174,0.248736,0.650253,0.023871,0.250485,0.633322,0.025974,0.270975,0.719780,0.021700,0.250117,0.695067,0.032312,0.244797,0.666658,0.033796,0.243889,0.644649,0.034129,0.273016,0.725022,0.028553,0.254753,0.703000,0.039082,0.249016,0.678037,0.042587,0.247676,0.658363,0.043965,0.278522,0.719272,0.033733,0.261004,0.701741,0.043275,0.254277,0.680056,0.048597,0.252424,0.663811,0.052125
1780385845.848,right,victory,0.317293,0.753243,0.000000,0.259592,0.718837,-0.001247,0.229425,0.675803,-0.015376,0.201780,0.653082,-0.033233,0.172950,0.634763,-0.051089,0.269008,0.547324,-0.024603,0.241468,0.457151,-0.042864,0.215244,0.409788,-0.052858,0.188249,0.379129,-0.058218,0.278881,0.558391,-0.036944,0.242577,0.451540,-0.057788,0.210901,0.397879,-0.067435,0.181681,0.363084,-0.072256,0.280274,0.588383,-0.048217,0.209178,0.557511,-0.069940,0.189830,0.606958,-0.069331,0.186063,0.646548,-0.063784,0.271738,0.631903,-0.059479,0.215964,0.621238,-0.072535,0.197400,0.648865,-0.069022,0.191084,0.671168,-0.063663
1780385846.388,right,victory,0.288052,0.802355,-0.000000,0.225629,0.752650,0.003410,0.191171,0.704403,-0.008550,0.161694,0.675065,-0.024909,0.132005,0.647817,-0.041989,0.247246,0.556658,-0.019988,0.213975,0.448236,-0.042541,0.185238,0.394707,-0.056730,0.155081,0.359411,-0.065626,0.259607,0.578024,-0.034123,0.176907,0.539595,-0.066975,0.142807,0.594347,-0.077972,0.129249,0.646080,-0.080640,0.259041,0.613173,-0.047507,0.174317,0.598172,-0.074476,0.152646,0.651359,-0.072787,0.150566,0.693873,-0.066207,0.247930,0.655495,-0.060337,0.181768,0.645100,-0.076619,0.159809,0.674019,-0.073274,0.153431,0.697610,-0.066588
1780385846.904,right,victory,0.297887,0.824847,-0.000000,0.228672,0.773054,0.001389,0.192792,0.720589,-0.010873,0.162895,0.686773,-0.027727,0.134253,0.661949,-0.045335,0.249691,0.563215,-0.018187,0.213204,0.460353,-0.039497,0.185682,0.405970,-0.053789,0.156013,0.365329,-0.063532,0.263542,0.583135,-0.032382,0.183000,0.544443,-0.064473,0.147230,0.598883,-0.077028,0.129869,0.653349,-0.080951,0.264544,0.621275,-0.046013,0.183504,0.606394,-0.072480,0.160607,0.656615,-0.072792,0.154551,0.700005,-0.067699,0.253589,0.670519,-0.059499,0.190063,0.661611,-0.075249,0.166140,0.687626,-0.073036,0.155180,0.713507,-0.067455
1780385847.415,right,victory,0.305943,0.791962,0.000000,0.245385,0.749100,-0.013452,0.212321,0.706024,-0.030318,0.183804,0.671052,-0.050099,0.166447,0.637258,-0.068602,0.263688,0.556598,-0.021558,0.228570,0.470068,-0.043261,0.207067,0.416590,-0.057995,0.187316,0.372147,-0.067225,0.284103,0.558364,-0.029319,0.255311,0.447061,-0.055733,0.235978,0.379511,-0.072391,0.217504,0.333352,-0.080837,0.296165,0.580449,-0.038089,0.229788,0.540133,-0.067037,0.195105,0.585649,-0.072392,0.174940,0.631324,-0.068628,0.294720,0.620367,-0.047924,0.236672,0.609769,-0.066382,0.209013,0.641422,-0.066246,0.190785,0.673671,-0.061631
1780385847.967,right,victory,0.285234,0.797272,0.000000,0.220936,0.741516,0.003246,0.201307,0.676605,-0.004872,0.186115,0.617732,-0.017410,0.168005,0.569730,-0.029454,0.256876,0.573203,-0.014489,0.239827,0.463359,-0.030202,0.219301,0.399141,-0.037641,0.198839,0.355114,-0.041558,0.267841,0.575300,-0.027681,0.242218,0.447490,-0.050762,0.213402,0.373279,-0.062942,0.187721,0.327531,-0.068643,0.265579,0.596866,-0.039524,0.191468,0.522724,-0.064047,0.158203,0.563699,-0.063996,0.143485,0.606189,-0.057509,0.248052,0.634184,-0.050884,0.186333,0.597399,-0.067243,0.162768,0.624807,-0.065225,0.153577,0.655491,-0.059619
1780385848.498,right,victory,0.356943,0.736251,0.000001,0.389404,0.643128,-0.009642,0.374271,0.541333,-0.019754,0.339418,0.464461,-0.026047,0.309063,0.431097,-0.032466,0.363392,0.536831,-0.056717,0.350101,0.395132,-0.074310,0.340734,0.320523,-0.080082,0.328468,0.261638,-0.082548,0.320350,0.560632,-0.056399,0.277962,0.425317,-0.072023,0.251238,0.347816,-0.072714,0.225003,0.293019,-0.073637,0.284772,0.590590,-0.052660,0.256708,0.470390,-0.064842,0.277123,0.473027,-0.054841,0.291776,0.502652,-0.045428,0.262378,0.616265,-0.049048,0.258968,0.518995,-0.055819,0.272327,0.512913,-0.048046,0.279977,0.525841,-0.040397
1780385849.010,right,victory,0.471765,0.750469,0.000001,0.518013,0.670712,-0.016694,0.524210,0.565537,-0.032344,0.497398,0.487618,-0.043406,0.465069,0.453099,-0.054542,0.523216,0.558859,-0.064308,0.534697,0.426371,-0.089713,0.542376,0.351143,-0.103379,0.545380,0.278883,-0.110886,0.477722,0.570966,-0.064258,0.453076,0.407049,-0.085003,0.439270,0.315913,-0.090079,0.425120,0.242755,-0.094124,0.435006,0.589199,-0.061145,0.424983,0.435292,-0.079496,0.438784,0.460774,-0.066421,0.445118,0.503882,-0.053600,0.403192,0.605426,-0.058475,0.408115,0.483197,-0.067891,0.421045,0.505093,-0.052461,0.425157,0.545158,-0.038658
1780385849.516,right,victory,0.566162,0.769246,0.000000,0.612874,0.694649,0.003077,0.625901,0.590546,-0.008520,0.602281,0.515654,-0.020244,0.574269,0.467954,-0.033959,0.644198,0.584313,-0.047275,0.672749,0.455791,-0.067843,0.684480,0.381005,-0.077206,0.692411,0.318105,-0.082166,0.604364,0.582341,-0.057216,0.614371,0.428399,-0.074956,0.611007,0.339382,-0.078841,0.604410,0.267334,-0.082402,0.562887,0.584151,-0.062822,0.562265,0.435306,-0.075585,0.568067,0.465876,-0.063130,0.571125,0.507309,-0.052315,0.526995,0.591370,-0.067514,0.536671,0.482974,-0.073859,0.545650,0.506376,-0.059900,0.549116,0.542663,-0.047555
1780385850.050,right,victory,0.623414,0.792127,0.000000,0.673898,0.726928,0.010845,0.698358,0.638107,0.003399,0.689144,0.568740,-0.005906,0.669858,0.521178,-0.017249,0.722139,0.618712,-0.035424,0.758282,0.502310,-0.054249,0.773061,0.430463,-0.062798,0.781728,0.372901,-0.066470,0.686525,0.607950,-0.047943,0.709437,0.460117,-0.064569,0.711695,0.372271,-0.067673,0.709905,0.303158,-0.069286,0.647008,0.600248,-0.056065,0.650053,0.459172,-0.066856,0.647646,0.481476,-0.055517,0.646906,0.518858,-0.044685,0.609445,0.598569,-0.062837,0.619738,0.499942,-0.066641,0.623421,0.518651,-0.052976,0.626498,0.551430,-0.040246
1780385850.591,right,victory,0.655417,0.787304,0.000000,0.705355,0.730077,0.020913,0.729161,0.655859,0.020658,0.721688,0.595277,0.016327,0.703064,0.552612,0.010603,0.753082,0.631052,-0.014044,0.788071,0.532271,-0.025701,0.802230,0.469851,-0.029412,0.808932,0.422422,-0.030001,0.725598,0.609760,-0.028388,0.753958,0.480161,-0.040894,0.756953,0.403980,-0.042382,0.754795,0.349283,-0.041578,0.691574,0.593493,-0.038187,0.690850,0.475604,-0.041500,0.683051,0.498178,-0.029274,0.680994,0.531119,-0.018505,0.657521,0.586787,-0.046302,0.660976,0.514144,-0.042077,0.660378,0.532380,-0.027798,0.662841,0.559179,-0.015453
1780385851.097,right,victory,0.652356,0.769616,0.000000,0.699746,0.715676,0.020395,0.717970,0.645923,0.022712,0.709670,0.592467,0.020452,0.691871,0.555456,0.016742,0.736001,0.609526,-0.004514,0.764675,0.518227,-0.012774,0.775224,0.460483,-0.015020,0.778648,0.419063,-0.014496,0.710540,0.585107,-0.017286,0.728973,0.468159,-0.025143,0.729984,0.400909,-0.025389,0.726087,0.354390,-0.023875,0.679221,0.572467,-0.026312,0.672956,0.478505,-0.026670,0.669013,0.500543,-0.016839,0.668240,0.529963,-0.008178,0.647287,0.573109,-0.033819,0.645972,0.516397,-0.027116,0.646551,0.535011,-0.013715,0.649511,0.560695,-0.002327
1780385851.640,right,victory,0.648111,0.756066,0.000000,0.691240,0.703686,0.019360,0.704459,0.636863,0.023903,0.695114,0.590877,0.024186,0.675948,0.561469,0.022890,0.717402,0.594699,0.002156,0.742310,0.507372,-0.001226,0.748848,0.454605,-0.000359,0.748379,0.419205,0.002249,0.690992,0.569630,-0.008436,0.704974,0.462062,-0.010489,0.704093,0.404418,-0.008215,0.698839,0.366524,-0.005252,0.660713,0.560638,-0.015966,0.651970,0.479050,-0.014504,0.650588,0.500520,-0.008276,0.651463,0.529613,-0.002363,0.630467,0.565849,-0.021737,0.627451,0.517673,-0.015670,0.629395,0.535625,-0.005535,0.633821,0.559387,0.003329
1780385852.148,right,victory,0.638855,0.749298,0.000000,0.680063,0.695800,0.022772,0.688051,0.632372,0.030690,0.678969,0.587583,0.033797,0.662466,0.559940,0.035628,0.698959,0.580661,0.010091,0.718778,0.500506,0.007871,0.721984,0.450870,0.009600,0.718231,0.422171,0.013497,0.672983,0.557458,-0.000492,0.679271,0.450016,-0.002647,0.674564,0.398274,0.001200,0.666517,0.370580,0.006791,0.644164,0.552416,-0.008166,0.630373,0.480588,-0.005696,0.628664,0.495316,0.001307,0.629472,0.518795,0.008713,0.614444,0.564531,-0.013905,0.608952,0.527543,-0.004383,0.610531,0.543160,0.007484,0.615037,0.566208,0.017889
1780385852.689,right,victory,0.603959,0.725763,0.000000,0.635187,0.657206,0.015174,0.639699,0.583954,0.018906,0.628321,0.539181,0.018008,0.607789,0.515511,0.016116,0.649338,0.539934,0.007895,0.654092,0.464993,0.001611,0.651803,0.420576,-0.001688,0.645323,0.393515,-0.002129,0.626183,0.525530,-0.003267,0.623944,0.429675,-0.009145,0.612319,0.381646,-0.011180,0.600403,0.356725,-0.010306,0.599145,0.527751,-0.012812,0.576370,0.466151,-0.015547,0.571429,0.489998,-0.012038,0.574764,0.516325,-0.007395,0.572188,0.543506,-0.021343,0.557442,0.513809,-0.019462,0.556569,0.538034,-0.012133,0.562661,0.560755,-0.005037
1780385853.190,right,victory,0.499471,0.692920,0.000000,0.529346,0.614066,0.015331,0.526872,0.545622,0.018201,0.508767,0.507792,0.017403,0.486104,0.492645,0.015103,0.526568,0.493001,0.000621,0.525976,0.407102,-0.002796,0.524034,0.357330,-0.003177,0.519819,0.323862,-0.001858,0.495955,0.485472,-0.008940,0.480871,0.383875,-0.009582,0.469525,0.338213,-0.007749,0.459625,0.313793,-0.005182,0.466540,0.499051,-0.015740,0.450683,0.443493,-0.013485,0.456333,0.469310,-0.006883,0.461582,0.499226,-0.000885,0.442486,0.526425,-0.021356,0.437739,0.497592,-0.014770,0.444565,0.517262,-0.004161,0.449487,0.539110,0.005122
1780385853.720,right,victory,0.457216,0.685585,0.000000,0.489280,0.624872,0.003478,0.494068,0.578351,-0.000633,0.483051,0.552173,-0.006796,0.469304,0.537030,-0.013563,0.475299,0.490526,-0.010736,0.476116,0.396695,-0.017509,0.471253,0.345298,-0.020517,0.464845,0.309853,-0.021064,0.440898,0.491497,-0.016254,0.423598,0.395399,-0.020359,0.411194,0.341660,-0.021334,0.400692,0.304438,-0.021513,0.411503,0.512338,-0.019967,0.399337,0.450857,-0.022257,0.410528,0.470689,-0.017860,0.419302,0.499302,-0.013056,0.389899,0.543075,-0.023386,0.388582,0.511414,-0.021642,0.398858,0.524692,-0.013192,0.406818,0.543676,-0.004929
1780385854.239,right,victory,0.424131,0.696939,0.000000,0.455377,0.621754,0.000509,0.451986,0.555326,-0.002194,0.427542,0.509370,-0.004121,0.404950,0.485300,-0.005482,0.434135,0.494551,-0.018129,0.430791,0.395048,-0.022467,0.425007,0.343165,-0.022339,0.418657,0.307827,-0.020730,0.397481,0.501781,-0.018908,0.371451,0.406672,-0.023256,0.357274,0.354454,-0.022498,0.347182,0.318993,-0.021139,0.368230,0.522484,-0.017203,0.360802,0.459444,-0.018188,0.373132,0.466630,-0.013460,0.381377,0.488605,-0.008742,0.349046,0.549153,-0.015145,0.356312,0.509886,-0.011433,0.369643,0.516648,-0.003546,0.378377,0.535640,0.004031
1780385854.756,right,victory,0.406705,0.692126,0.000000,0.414865,0.612773,0.013254,0.408164,0.543399,0.011604,0.387245,0.497143,0.005515,0.365046,0.474010,-0.000670,0.412829,0.494715,-0.006951,0.394285,0.394818,-0.020750,0.375605,0.349843,-0.025506,0.358355,0.323232,-0.026570,0.405888,0.501189,-0.021231,0.380172,0.383270,-0.039107,0.351759,0.332407,-0.044229,0.329096,0.302532,-0.044537,0.389824,0.522450,-0.033608,0.333610,0.446412,-0.048887,0.317694,0.488267,-0.042362,0.319426,0.522488,-0.032699,0.369351,0.553650,-0.044738,0.323241,0.515905,-0.052794,0.314375,0.545053,-0.045963,0.319467,0.568243,-0.037681
1780385855.314,right,victory,0.369043,0.720307,0.000000,0.326208,0.655879,-0.004966,0.308557,0.596116,-0.015748,0.292057,0.553842,-0.030408,0.280384,0.514887,-0.043455,0.372680,0.500210,-0.006978,0.358201,0.413316,-0.024150,0.346055,0.358327,-0.035047,0.331460,0.314980,-0.041741,0.385840,0.505534,-0.018072,0.376563,0.393361,-0.041702,0.355800,0.335023,-0.054551,0.334110,0.296621,-0.059482,0.387782,0.523933,-0.030340,0.334403,0.444268,-0.056756,0.301534,0.479975,-0.058972,0.284065,0.519024,-0.052844,0.376479,0.551741,-0.043122,0.327566,0.509854,-0.060548,0.303124,0.534387,-0.059685,0.290522,0.562757,-0.054451
1780385855.858,right,victory,0.366903,0.737605,0.000000,0.319715,0.668582,-0.002955,0.299383,0.611008,-0.014109,0.279642,0.573126,-0.029769,0.267529,0.535396,-0.044186,0.367573,0.505562,-0.007425,0.356019,0.411418,-0.023923,0.340371,0.355877,-0.034369,0.321548,0.313794,-0.040544,0.379825,0.513129,-0.019680,0.365640,0.394785,-0.040913,0.345208,0.330603,-0.053897,0.324224,0.285212,-0.059961,0.381505,0.534738,-0.032688,0.322759,0.456898,-0.057553,0.289744,0.495755,-0.060340,0.271869,0.536054,-0.055524,0.369756,0.566243,-0.045999,0.316888,0.526753,-0.062112,0.291482,0.551757,-0.060912,0.278410,0.577919,-0.056057
1780385856.379,right,victory,0.366903,0.762260,0.000000,0.314816,0.691888,-0.001462,0.291124,0.635794,-0.014513,0.269963,0.596488,-0.033253,0.256143,0.555852,-0.050907,0.358287,0.517592,-0.009002,0.338809,0.420658,-0.030746,0.320202,0.364104,-0.044862,0.298692,0.325005,-0.052364,0.372983,0.525057,-0.024092,0.358491,0.398009,-0.049130,0.336223,0.330023,-0.063542,0.312713,0.286971,-0.069666,0.376166,0.549759,-0.039988,0.313145,0.471740,-0.067572,0.278192,0.513334,-0.069165,0.259884,0.556886,-0.062482,0.364715,0.586999,-0.056166,0.311093,0.543929,-0.072458,0.283161,0.570340,-0.068787,0.267272,0.598866,-0.061600
1780385856.919,right,victory,0.380739,0.756760,0.000000,0.324470,0.688123,-0.002047,0.299312,0.632025,-0.014112,0.277330,0.593387,-0.031701,0.267392,0.548447,-0.047862,0.375470,0.516827,-0.006997,0.363019,0.414873,-0.026011,0.345975,0.351578,-0.039154,0.326223,0.307110,-0.047395,0.389330,0.523998,-0.020855,0.361812,0.411023,-0.045905,0.335840,0.341358,-0.061404,0.313850,0.295929,-0.069782,0.392839,0.546028,-0.035710,0.329712,0.474521,-0.061421,0.292243,0.512698,-0.062796,0.272602,0.556493,-0.057837,0.382923,0.579585,-0.051298,0.326516,0.545015,-0.068421,0.297215,0.569315,-0.067402,0.281696,0.595543,-0.062933
1780385857.420,right,victory,0.382611,0.550818,0.000000,0.387113,0.492544,-0.012254,0.380137,0.431689,-0.024625,0.363206,0.392070,-0.034792,0.345831,0.362569,-0.047282,0.381361,0.411563,-0.047668,0.354984,0.349618,-0.066613,0.334152,0.315188,-0.077490,0.316715,0.285519,-0.085699,0.373365,0.436031,-0.052412,0.346079,0.375106,-0.073455,0.325313,0.332925,-0.086612,0.307191,0.298577,-0.096707,0.364830,0.471917,-0.055885,0.326867,0.435955,-0.076955,0.296294,0.410183,-0.089203,0.273244,0.388063,-0.097265,0.355959,0.511410,-0.058970,0.323780,0.497548,-0.079047,0.299589,0.485042,-0.088692,0.281060,0.472457,-0.094896
1780385857.930,right,victory,0.319702,0.771043,0.000000,0.261797,0.717077,-0.002060,0.235595,0.673444,-0.014752,0.210243,0.641582,-0.031699,0.190070,0.601368,-0.048510,0.300537,0.538937,-0.014054,0.275139,0.439248,-0.034464,0.252009,0.381504,-0.047761,0.227087,0.340990,-0.055368,0.311953,0.546920,-0.025973,0.255786,0.449772,-0.046537,0.219765,0.418804,-0.055554,0.194586,0.402341,-0.060501,0.312923,0.569921,-0.038756,0.240792,0.514602,-0.061472,0.210346,0.557201,-0.060840,0.197075,0.601405,-0.055728,0.301800,0.606189,-0.051958,0.245648,0.582389,-0.066897,0.221769,0.608630,-0.064409,0.210000,0.635391,-0.059294
1780385858.451,right,victory,0.315555,0.775272,0.000000,0.258031,0.714646,0.003175,0.232651,0.668951,-0.009036,0.206815,0.633071,-0.028127,0.185708,0.586282,-0.046605,0.300719,0.534387,-0.003303,0.280834,0.433306,-0.021209,0.257325,0.374404,-0.033582,0.233474,0.334586,-0.040764,0.311609,0.541802,-0.020407,0.266267,0.432945,-0.040050,0.234507,0.369611,-0.051511,0.210655,0.327794,-0.058541,0.312681,0.564691,-0.038407,0.241429,0.503939,-0.060757,0.207729,0.548263,-0.061005,0.192217,0.595838,-0.056506,0.300838,0.600605,-0.056735,0.243424,0.569553,-0.071787,0.218592,0.600052,-0.068979,0.206822,0.632458,-0.063758
1780385858.965,right,victory,0.334934,0.768441,0.000000,0.274916,0.700727,0.005093,0.249881,0.650617,-0.005925,0.225335,0.611629,-0.024275,0.207928,0.563790,-0.041814,0.323059,0.529691,0.000182,0.306757,0.428365,-0.016049,0.288219,0.366705,-0.027969,0.268010,0.321975,-0.035757,0.336287,0.532919,-0.017692,0.303178,0.419231,-0.038676,0.274773,0.350141,-0.052150,0.251675,0.304687,-0.060355,0.339182,0.552172,-0.036181,0.272709,0.485524,-0.057299,0.236148,0.525680,-0.057076,0.217350,0.571199,-0.052863,0.327927,0.582508,-0.055197,0.270364,0.555793,-0.068222,0.241138,0.579426,-0.065929,0.225273,0.604786,-0.061959
1780385859.497,right,victory,0.332917,0.769844,0.000000,0.274396,0.704378,0.002492,0.248396,0.654873,-0.009683,0.221818,0.619650,-0.029011,0.206083,0.572644,-0.047244,0.319216,0.530138,0.000284,0.303546,0.429773,-0.015793,0.284947,0.368648,-0.027748,0.264967,0.323986,-0.035963,0.333130,0.532559,-0.017331,0.300072,0.420244,-0.039364,0.272668,0.352072,-0.054017,0.250389,0.305457,-0.062902,0.337824,0.551200,-0.035975,0.269811,0.486305,-0.059183,0.233258,0.528322,-0.060310,0.214911,0.574346,-0.056567,0.327930,0.582623,-0.055313,0.268521,0.557194,-0.070647,0.240378,0.584741,-0.069448,0.226810,0.613744,-0.065979
1780385860.002,right,victory,0.405421,0.749504,0.000000,0.351564,0.704452,-0.012113,0.311745,0.654732,-0.027395,0.281705,0.621293,-0.046284,0.261086,0.584282,-0.064618,0.352708,0.513567,-0.014308,0.320146,0.434879,-0.038547,0.298387,0.391287,-0.054288,0.278481,0.354258,-0.062917,0.383601,0.509356,-0.025016,0.375457,0.399801,-0.053493,0.351585,0.341756,-0.069861,0.326434,0.301407,-0.075120,0.409659,0.529269,-0.038105,0.358791,0.493735,-0.071928,0.325106,0.543192,-0.080426,0.307851,0.587949,-0.075611,0.427203,0.566940,-0.051745,0.376363,0.552299,-0.072132,0.345144,0.588497,-0.071514,0.327913,0.622458,-0.065138
1780385860.509,right,victory,0.680902,0.723497,0.000001,0.639529,0.685662,-0.026338,0.616597,0.626014,-0.046938,0.644289,0.594746,-0.067921,0.683509,0.584532,-0.088297,0.637126,0.476130,-0.036246,0.619349,0.384098,-0.060599,0.608377,0.322472,-0.076678,0.601168,0.266373,-0.088724,0.676431,0.470794,-0.042167,0.693037,0.359983,-0.066347,0.704850,0.288850,-0.081206,0.716537,0.225050,-0.090510,0.710026,0.503534,-0.050459,0.732523,0.449878,-0.079840,0.712044,0.520172,-0.081258,0.695684,0.573140,-0.075625,0.739005,0.559271,-0.061253,0.749377,0.536116,-0.084764,0.732547,0.576318,-0.082561,0.717781,0.608519,-0.076362
1780385861.012,right,victory,0.864041,0.647718,0.000001,0.848880,0.610954,-0.055489,0.863845,0.557240,-0.081382,0.924947,0.540413,-0.100452,0.972969,0.534974,-0.116294,0.869591,0.398901,-0.050324,0.881849,0.292247,-0.080400,0.898840,0.222528,-0.099095,0.915783,0.166709,-0.109741,0.913084,0.401076,-0.039418,0.948376,0.296023,-0.068723,0.976679,0.238265,-0.083922,0.999658,0.186979,-0.089709,0.942731,0.433973,-0.034660,0.991542,0.413527,-0.077588,0.980251,0.483862,-0.088363,0.962866,0.526289,-0.082696,0.961579,0.486745,-0.033656,0.994369,0.489645,-0.066638,0.984515,0.532537,-0.071669,0.966594,0.560241,-0.066788
1780385862.219,right,victory,0.755492,0.554498,0.000000,0.744731,0.562090,-0.044886,0.762441,0.557019,-0.066448,0.804001,0.562021,-0.080360,0.838520,0.557611,-0.092322,0.770079,0.416598,-0.054832,0.781768,0.339976,-0.076770,0.792797,0.299161,-0.089702,0.806324,0.265169,-0.098646,0.799512,0.416198,-0.043579,0.822255,0.339436,-0.066348,0.844826,0.302950,-0.078991,0.864390,0.270817,-0.086879,0.818854,0.440347,-0.035339,0.852647,0.427199,-0.068812,0.850098,0.478053,-0.081335,0.842915,0.515108,-0.082947,0.831076,0.477004,-0.029237,0.852434,0.487774,-0.062464,0.847178,0.521357,-0.074427,0.837347,0.545037,-0.077194
1780385862.737,right,victory,0.790562,0.593178,0.000001,0.791476,0.605106,-0.052219,0.816334,0.586867,-0.074362,0.858716,0.581924,-0.087362,0.891601,0.582858,-0.097381,0.820632,0.448283,-0.061843,0.838342,0.366936,-0.089948,0.858650,0.315814,-0.106616,0.875871,0.273155,-0.116510,0.850265,0.442786,-0.046372,0.891248,0.360554,-0.074086,0.927768,0.324444,-0.087276,0.958046,0.291858,-0.093214,0.867360,0.457150,-0.034680,0.912334,0.450481,-0.071264,0.907483,0.518021,-0.077861,0.896587,0.562206,-0.072184,0.874926,0.485577,-0.026398,0.906768,0.485529,-0.057649,0.904224,0.529523,-0.063325,0.894790,0.563565,-0.060207
1780385863.248,right,victory,0.812538,0.630661,0.000000,0.814461,0.650514,-0.051233,0.841390,0.638624,-0.071143,0.882076,0.639281,-0.082352,0.911959,0.646194,-0.089834,0.856740,0.502528,-0.055909,0.879508,0.424116,-0.082389,0.903902,0.378241,-0.097949,0.926590,0.344547,-0.106753,0.884409,0.501644,-0.040798,0.923715,0.432738,-0.065888,0.958243,0.405693,-0.077941,0.988435,0.383561,-0.083094,0.900041,0.517219,-0.029960,0.943508,0.527706,-0.064661,0.930562,0.587785,-0.071047,0.912739,0.623302,-0.065285,0.906124,0.546211,-0.022702,0.938153,0.558781,-0.051824,0.930262,0.597915,-0.056824,0.913900,0.624357,-0.053262
1780385863.762,right,victory,0.849989,0.655773,0.000000,0.858698,0.669531,-0.050363,0.886975,0.657152,-0.063814,0.925512,0.656552,-0.067962,0.955854,0.658868,-0.069266,0.904073,0.522689,-0.043426,0.932266,0.452264,-0.059944,0.957255,0.414318,-0.069710,0.979574,0.389727,-0.074956,0.927568,0.535066,-0.025528,0.963255,0.470622,-0.042600,0.991462,0.442383,-0.055018,1.012929,0.424796,-0.061164,0.940432,0.559230,-0.012330,0.981337,0.556025,-0.044066,0.986499,0.611547,-0.063689,0.980870,0.654367,-0.068190,0.943808,0.588577,-0.001650,0.975921,0.589785,-0.031590,0.981318,0.626083,-0.047035,0.974006,0.657925,-0.051904
1780385864.274,right,victory,0.840881,0.637392,0.000000,0.845697,0.651566,-0.054218,0.871401,0.637010,-0.073614,0.912005,0.635224,-0.083368,0.945416,0.635496,-0.089713,0.885333,0.509220,-0.053421,0.911134,0.432877,-0.075832,0.936023,0.390143,-0.088493,0.958115,0.357537,-0.095038,0.909823,0.512032,-0.034534,0.945931,0.443797,-0.055776,0.977078,0.416038,-0.065502,1.002290,0.391496,-0.068703,0.924562,0.529142,-0.020515,0.966837,0.533956,-0.054892,0.959929,0.593322,-0.065880,0.945177,0.628735,-0.062702,0.930857,0.553966,-0.009814,0.963210,0.564973,-0.040685,0.960235,0.606510,-0.050523,0.946476,0.633717,-0.049910
1780385864.786,right,victory,0.838569,0.627035,0.000000,0.840494,0.637643,-0.048306,0.863715,0.622256,-0.067056,0.905344,0.620476,-0.078120,0.938566,0.619608,-0.086270,0.879590,0.494806,-0.048785,0.903445,0.416893,-0.072255,0.927432,0.371167,-0.086423,0.949728,0.335514,-0.094515,0.906182,0.497355,-0.034610,0.941909,0.429704,-0.056534,0.973388,0.403942,-0.067811,0.998178,0.381586,-0.072677,0.922020,0.514649,-0.024900,0.963523,0.513311,-0.058653,0.959427,0.572418,-0.068895,0.945280,0.611521,-0.065980,0.927970,0.542395,-0.018253,0.959672,0.541603,-0.048047,0.956704,0.581894,-0.055855,0.941265,0.613396,-0.054266
1780385865.298,right,victory,0.829081,0.609545,0.000000,0.833348,0.611632,-0.046135,0.852260,0.593621,-0.065072,0.886674,0.593040,-0.077155,0.916667,0.595313,-0.085713,0.869224,0.467238,-0.043751,0.892530,0.393636,-0.067216,0.914342,0.346459,-0.081403,0.934792,0.308375,-0.089926,0.895709,0.473302,-0.031850,0.933054,0.403863,-0.055891,0.963611,0.377800,-0.068744,0.988564,0.351905,-0.074401,0.911956,0.493895,-0.024469,0.954270,0.488618,-0.057497,0.943613,0.542584,-0.064791,0.927343,0.569777,-0.060187,0.920249,0.526333,-0.020430,0.950175,0.529510,-0.045992,0.943845,0.560931,-0.050913,0.927896,0.576322,-0.048443
1780385865.826,right,victory,0.724273,0.641926,0.000000,0.709576,0.607002,-0.032017,0.713129,0.560181,-0.051793,0.751345,0.548140,-0.069239,0.783263,0.548121,-0.084584,0.739537,0.440275,-0.035240,0.741070,0.350096,-0.056638,0.746708,0.292390,-0.070308,0.754412,0.244765,-0.079993,0.774555,0.447897,-0.034454,0.803219,0.362234,-0.055961,0.826421,0.318997,-0.068048,0.846032,0.281779,-0.074739,0.796781,0.482354,-0.036695,0.828713,0.447586,-0.063155,0.813296,0.494650,-0.064424,0.798054,0.525769,-0.059106,0.810984,0.532784,-0.041830,0.828098,0.516700,-0.062230,0.813396,0.543527,-0.061375,0.799829,0.562987,-0.056428
1780385866.340,right,victory,0.525966,0.774858,0.000001,0.489043,0.732378,-0.018698,0.455214,0.675115,-0.035514,0.455217,0.649806,-0.053641,0.476991,0.653754,-0.071662,0.505537,0.526541,-0.030241,0.495707,0.425536,-0.049490,0.488521,0.362933,-0.060328,0.481499,0.309074,-0.067496,0.546962,0.537622,-0.036873,0.569088,0.443268,-0.057023,0.569982,0.384722,-0.067642,0.565299,0.339995,-0.071569,0.577623,0.579838,-0.045073,0.553930,0.570799,-0.070314,0.521460,0.619834,-0.074594,0.501293,0.658846,-0.069691,0.596854,0.637400,-0.054834,0.571425,0.638401,-0.071822,0.545955,0.662899,-0.070736,0.530311,0.683837,-0.065214
1780385866.867,right,victory,0.431107,0.847457,0.000000,0.390296,0.790810,-0.019194,0.354775,0.740577,-0.042194,0.329702,0.703173,-0.066685,0.327102,0.699011,-0.091205,0.408747,0.571127,-0.037009,0.396229,0.446730,-0.066126,0.382735,0.372564,-0.083893,0.367943,0.314200,-0.094176,0.453004,0.595208,-0.046570,0.473015,0.485795,-0.079394,0.460149,0.426904,-0.096219,0.438463,0.391709,-0.100884,0.481451,0.649914,-0.057325,0.432780,0.641605,-0.092080,0.386063,0.677671,-0.099310,0.355336,0.710011,-0.093864,0.491738,0.717199,-0.069042,0.437829,0.725240,-0.089979,0.399563,0.746613,-0.087136,0.373516,0.764817,-0.078835
1780385867.420,right,victory,0.453550,0.889585,0.000001,0.404341,0.786721,-0.014707,0.370313,0.710930,-0.037682,0.337611,0.677093,-0.062842,0.311363,0.675964,-0.088761,0.431879,0.594311,-0.045267,0.426483,0.468256,-0.077112,0.405920,0.381758,-0.095457,0.385857,0.309913,-0.107539,0.467125,0.630519,-0.060201,0.480748,0.500912,-0.103765,0.456201,0.435635,-0.124677,0.425764,0.402894,-0.131649,0.485414,0.690119,-0.074840,0.414514,0.637432,-0.117903,0.361727,0.663734,-0.125445,0.329800,0.693027,-0.119609,0.482542,0.763208,-0.090036,0.412416,0.738566,-0.115310,0.369308,0.748138,-0.114740,0.343704,0.756265,-0.109052
1780385867.955,right,victory,0.484069,0.846529,0.000000,0.490262,0.723768,-0.000020,0.463639,0.621673,-0.023338,0.413330,0.572062,-0.045829,0.374121,0.541017,-0.071342,0.500684,0.585639,-0.081965,0.467855,0.444895,-0.119436,0.446355,0.362063,-0.141999,0.427578,0.292424,-0.156891,0.485916,0.658478,-0.097371,0.427710,0.526860,-0.134287,0.376982,0.455303,-0.144774,0.338433,0.408057,-0.153320,0.456378,0.728659,-0.107645,0.382442,0.601249,-0.132735,0.370318,0.607426,-0.116455,0.379895,0.635274,-0.102646,0.420379,0.787878,-0.117041,0.358049,0.680809,-0.132996,0.352391,0.665861,-0.119194,0.367054,0.672388,-0.106174
1780385868.463,right,victory,0.490501,0.850116,0.000001,0.521087,0.731133,-0.019634,0.503860,0.599415,-0.039285,0.462419,0.514410,-0.051797,0.413910,0.484784,-0.063857,0.500396,0.626877,-0.086938,0.487033,0.451325,-0.112878,0.471770,0.355521,-0.124095,0.456310,0.275333,-0.130300,0.454293,0.675650,-0.084297,0.393531,0.510048,-0.106344,0.356634,0.414766,-0.109151,0.326739,0.350390,-0.113514,0.412731,0.717115,-0.077252,0.370885,0.543054,-0.092610,0.396585,0.530568,-0.078995,0.419000,0.562453,-0.068274,0.381805,0.745125,-0.070969,0.362215,0.604262,-0.079892,0.383534,0.594119,-0.068099,0.401483,0.616625,-0.058029
1780385868.979,right,victory,0.487197,0.845760,0.000001,0.519219,0.722052,-0.022727,0.499945,0.596969,-0.045463,0.454545,0.519322,-0.059236,0.406075,0.498224,-0.072024,0.492672,0.632644,-0.100870,0.479278,0.454552,-0.129647,0.466648,0.359178,-0.142120,0.452571,0.276608,-0.148965,0.444677,0.677646,-0.094666,0.383272,0.511617,-0.119500,0.345789,0.414466,-0.123422,0.314120,0.344375,-0.128251,0.403772,0.713755,-0.082625,0.369149,0.550866,-0.095311,0.392951,0.541619,-0.078539,0.412935,0.571648,-0.066421,0.375416,0.733566,-0.071821,0.365960,0.605756,-0.075944,0.384599,0.601118,-0.061394,0.399008,0.622666,-0.050078
1780385869.495,right,victory,0.490377,0.842193,0.000001,0.522716,0.720626,-0.019933,0.504989,0.597297,-0.043241,0.459724,0.523703,-0.057508,0.410858,0.503062,-0.071380,0.495854,0.626357,-0.104220,0.485798,0.445498,-0.134964,0.474293,0.350178,-0.147586,0.460650,0.272293,-0.153498,0.448077,0.673265,-0.099240,0.388599,0.498134,-0.124342,0.352733,0.400334,-0.126867,0.321528,0.331422,-0.129764,0.408120,0.709562,-0.087970,0.372319,0.545279,-0.100231,0.396259,0.531944,-0.083484,0.416228,0.556973,-0.071064,0.381710,0.730876,-0.077329,0.370469,0.606345,-0.080719,0.389480,0.598332,-0.065267,0.403778,0.614962,-0.052929
1780385870.040,right,victory,0.493085,0.839422,0.000001,0.525635,0.718236,-0.020815,0.508694,0.596363,-0.044490,0.464078,0.522389,-0.058775,0.416528,0.497763,-0.072530,0.500067,0.622288,-0.105134,0.488277,0.441651,-0.135612,0.476909,0.347166,-0.147930,0.463519,0.269193,-0.153505,0.451670,0.669393,-0.099141,0.392007,0.493991,-0.125587,0.358113,0.395149,-0.128776,0.329062,0.322435,-0.131431,0.411710,0.704579,-0.086714,0.375938,0.540020,-0.100010,0.397905,0.516989,-0.084868,0.416713,0.530953,-0.073227,0.385293,0.724625,-0.074802,0.376675,0.601213,-0.078622,0.395391,0.589459,-0.064040,0.410198,0.599576,-0.052134
1780385870.543,right,victory,0.492572,0.830438,0.000001,0.526319,0.714559,-0.023129,0.513115,0.589022,-0.044591,0.474520,0.499031,-0.056652,0.432075,0.464368,-0.067285,0.502739,0.608921,-0.098750,0.490548,0.429730,-0.126212,0.480073,0.338215,-0.136120,0.467077,0.263058,-0.140352,0.451541,0.645916,-0.090440,0.395059,0.478230,-0.115108,0.364382,0.384386,-0.116185,0.337371,0.317081,-0.116955,0.411557,0.677097,-0.076550,0.384499,0.526962,-0.088307,0.411133,0.522313,-0.070966,0.431118,0.552295,-0.057356,0.386251,0.696823,-0.064083,0.383809,0.589288,-0.068027,0.402986,0.586648,-0.054945,0.415969,0.604561,-0.043652
1780385871.091,right,victory,0.476620,0.809492,0.000001,0.513101,0.701171,-0.023258,0.499816,0.588151,-0.044178,0.457584,0.519665,-0.056591,0.417472,0.495533,-0.068498,0.481798,0.594462,-0.094209,0.463845,0.421601,-0.121239,0.453231,0.331353,-0.130387,0.442432,0.259854,-0.133058,0.431067,0.627332,-0.084828,0.373976,0.468612,-0.108099,0.346851,0.374458,-0.109141,0.324674,0.306785,-0.108514,0.393518,0.654791,-0.070129,0.373261,0.521296,-0.080528,0.396094,0.514445,-0.065931,0.411875,0.541937,-0.053545,0.370937,0.672347,-0.056947,0.376700,0.580027,-0.059381,0.396246,0.574359,-0.047685,0.408303,0.590989,-0.036880
1780385871.639,right,victory,0.473825,0.810654,0.000001,0.507929,0.698025,-0.023574,0.493544,0.584245,-0.043970,0.448908,0.516529,-0.055905,0.407443,0.497293,-0.066613,0.474216,0.593628,-0.091411,0.453368,0.423347,-0.119424,0.441105,0.333198,-0.128582,0.429699,0.262479,-0.130693,0.423282,0.625658,-0.081481,0.364817,0.468906,-0.107545,0.337310,0.374897,-0.109467,0.316356,0.309883,-0.108029,0.386519,0.653995,-0.066298,0.369869,0.529162,-0.078806,0.394884,0.528947,-0.063379,0.412641,0.560004,-0.048567,0.364362,0.674446,-0.052719,0.372472,0.589597,-0.054590,0.391725,0.588280,-0.041362,0.403617,0.607168,-0.028580
1780385872.140,right,victory,0.475749,0.812320,0.000001,0.509417,0.700842,-0.023591,0.496437,0.586081,-0.043369,0.454525,0.513210,-0.054564,0.413838,0.491036,-0.064185,0.478361,0.592126,-0.089213,0.458240,0.421210,-0.114931,0.447348,0.331283,-0.121774,0.436533,0.260581,-0.122406,0.427588,0.622867,-0.079204,0.369125,0.468589,-0.104618,0.341013,0.376612,-0.105510,0.319627,0.313096,-0.103115,0.390572,0.651064,-0.064030,0.374181,0.531135,-0.076560,0.398367,0.531751,-0.061039,0.415188,0.563176,-0.045944,0.368038,0.671969,-0.050477,0.375354,0.589827,-0.052186,0.394297,0.589358,-0.038957,0.406277,0.608937,-0.026126
1780385872.689,right,victory,0.475530,0.814028,0.000001,0.508230,0.701999,-0.024512,0.494793,0.584741,-0.046475,0.456418,0.503076,-0.058692,0.425036,0.457547,-0.069332,0.477544,0.597108,-0.102203,0.457276,0.425863,-0.130526,0.448245,0.334678,-0.140541,0.437482,0.262312,-0.144660,0.427876,0.626094,-0.090051,0.369984,0.469252,-0.118586,0.343249,0.375578,-0.121571,0.320642,0.308250,-0.122321,0.391002,0.652383,-0.071394,0.373721,0.519074,-0.081329,0.398701,0.516332,-0.061358,0.416080,0.545870,-0.045450,0.367991,0.669850,-0.054565,0.373050,0.577382,-0.055032,0.391638,0.573801,-0.040648,0.404009,0.591284,-0.028060
1780385873.202,right,victory,0.473702,0.807571,0.000001,0.509795,0.693108,-0.024664,0.500739,0.572611,-0.045147,0.458903,0.500736,-0.055359,0.420641,0.472322,-0.064251,0.472963,0.593363,-0.099276,0.455339,0.416584,-0.123427,0.445011,0.326747,-0.128984,0.435138,0.254616,-0.129672,0.423045,0.626583,-0.087430,0.368087,0.465267,-0.113971,0.342457,0.371355,-0.115883,0.322523,0.302901,-0.114802,0.388269,0.652073,-0.069028,0.370117,0.506558,-0.080963,0.392310,0.497186,-0.065093,0.407920,0.521618,-0.050991,0.368807,0.665535,-0.051855,0.375224,0.567470,-0.053202,0.393204,0.559834,-0.039841,0.404811,0.574406,-0.027520
1780385873.737,right,victory,0.475651,0.777447,0.000001,0.514662,0.676933,-0.020653,0.517412,0.564789,-0.029699,0.493423,0.480154,-0.030389,0.468020,0.437252,-0.028280,0.466175,0.543922,-0.058075,0.453263,0.387401,-0.068272,0.449075,0.307213,-0.067329,0.445554,0.244256,-0.063740,0.423069,0.563367,-0.044908,0.379913,0.419483,-0.056985,0.370432,0.336215,-0.053628,0.367530,0.279129,-0.048066,0.398041,0.586485,-0.028317,0.397304,0.479144,-0.034410,0.421833,0.478159,-0.024935,0.437514,0.503044,-0.014105,0.387793,0.606963,-0.012940,0.401637,0.530863,-0.012064,0.421097,0.532074,-0.002484,0.433912,0.552434,0.007793
1780385874.279,right,victory,0.502291,0.748726,0.000001,0.533583,0.647022,-0.010010,0.519656,0.545209,-0.021668,0.482357,0.479191,-0.029738,0.450650,0.451324,-0.037269,0.506721,0.539140,-0.056288,0.494330,0.393376,-0.075122,0.486220,0.314878,-0.080879,0.476052,0.255647,-0.082062,0.462042,0.562260,-0.054946,0.422198,0.421048,-0.071220,0.398913,0.342659,-0.071452,0.376282,0.290180,-0.070607,0.427589,0.588004,-0.050025,0.408602,0.468746,-0.058924,0.430693,0.472650,-0.047220,0.443792,0.501695,-0.036600,0.408458,0.607966,-0.045794,0.413466,0.519147,-0.047338,0.431680,0.520828,-0.036394,0.440916,0.544097,-0.026227
1780385874.816,right,victory,0.505052,0.757073,0.000000,0.484677,0.673156,-0.016193,0.483676,0.574311,-0.030920,0.491317,0.505238,-0.049476,0.520522,0.510184,-0.066714,0.568298,0.512949,-0.012284,0.586969,0.407329,-0.034430,0.595935,0.343036,-0.048446,0.603467,0.289737,-0.057402,0.594750,0.547258,-0.021708,0.644352,0.458678,-0.048093,0.661872,0.389063,-0.063266,0.671078,0.328664,-0.069336,0.609301,0.598257,-0.034126,0.614362,0.505957,-0.069596,0.570402,0.519843,-0.075605,0.538193,0.544530,-0.068935,0.610788,0.653906,-0.047589,0.593118,0.575038,-0.072440,0.555658,0.568922,-0.072926,0.527260,0.578134,-0.067003
1780385875.323,right,victory,0.544992,0.792159,0.000000,0.525913,0.699000,-0.016718,0.537228,0.585679,-0.027843,0.574068,0.532310,-0.042486,0.611224,0.558229,-0.056541,0.617356,0.535044,-0.014191,0.640304,0.428716,-0.032347,0.656440,0.365059,-0.043941,0.672857,0.313811,-0.053111,0.647677,0.574056,-0.022551,0.711031,0.493253,-0.044674,0.742960,0.435534,-0.058637,0.768558,0.391347,-0.066466,0.661585,0.630363,-0.033476,0.696987,0.552901,-0.065003,0.651454,0.559769,-0.070917,0.614673,0.581359,-0.066506,0.664317,0.695678,-0.045760,0.672089,0.630270,-0.070555,0.636642,0.616023,-0.073227,0.603918,0.620232,-0.070065
1780385875.867,right,victory,0.549903,0.798095,0.000000,0.532800,0.703656,-0.015325,0.541528,0.593442,-0.027022,0.576851,0.547976,-0.042611,0.613125,0.573399,-0.058263,0.619470,0.535545,-0.015308,0.640177,0.429293,-0.034220,0.655817,0.365166,-0.047044,0.672256,0.313289,-0.056991,0.649623,0.573440,-0.024646,0.712125,0.491703,-0.046001,0.744897,0.433559,-0.059893,0.771512,0.390252,-0.068168,0.663813,0.629702,-0.036356,0.698385,0.558251,-0.066350,0.653718,0.565601,-0.072260,0.616938,0.587848,-0.068619,0.667558,0.696367,-0.049366,0.679407,0.635324,-0.072348,0.645092,0.627034,-0.073336,0.612565,0.637117,-0.069492
1780385876.369,right,victory,0.699721,0.911701,0.000000,0.673121,0.860951,-0.020829,0.672072,0.801196,-0.035198,0.707578,0.803265,-0.049661,0.741971,0.816669,-0.063484,0.703039,0.691811,-0.021526,0.702074,0.617128,-0.038285,0.704579,0.571843,-0.049669,0.708697,0.536161,-0.057822,0.734563,0.704731,-0.025029,0.761141,0.630670,-0.041766,0.779054,0.592516,-0.052519,0.794436,0.563180,-0.058741,0.755710,0.742373,-0.031011,0.780027,0.712689,-0.052095,0.758308,0.759718,-0.055334,0.740344,0.795664,-0.052621,0.769992,0.794794,-0.039061,0.776481,0.793422,-0.056520,0.758151,0.824025,-0.057153,0.742774,0.845543,-0.054227
1780385876.903,right,victory,0.670335,0.870205,0.000000,0.671296,0.824242,-0.009636,0.682674,0.790081,-0.017577,0.696229,0.805021,-0.026751,0.707977,0.829670,-0.036008,0.729609,0.780337,-0.009387,0.747591,0.751613,-0.020042,0.759487,0.738994,-0.027723,0.769572,0.731510,-0.033160,0.742740,0.814861,-0.013241,0.772087,0.805213,-0.024331,0.784574,0.805216,-0.031663,0.792111,0.805185,-0.035689,0.745966,0.851348,-0.018540,0.756802,0.852898,-0.032526,0.732588,0.848506,-0.034740,0.712251,0.842062,-0.032902,0.742215,0.889824,-0.024713,0.744370,0.889682,-0.035176,0.726907,0.881953,-0.034713,0.711287,0.873064,-0.032138
1780385877.459,right,victory,0.672222,0.774296,-0.000000,0.692375,0.739281,0.001518,0.706133,0.701095,-0.004531,0.707812,0.663754,-0.011034,0.703212,0.636292,-0.018481,0.724082,0.697388,-0.020733,0.732091,0.636754,-0.034070,0.728060,0.601304,-0.041004,0.721837,0.575832,-0.044087,0.713061,0.709492,-0.026899,0.717482,0.640465,-0.040186,0.708628,0.598671,-0.044224,0.699462,0.572764,-0.045998,0.696966,0.716256,-0.031976,0.688840,0.648347,-0.043098,0.676780,0.632894,-0.042212,0.669540,0.634367,-0.039513,0.678908,0.717992,-0.036415,0.671120,0.662636,-0.043077,0.666472,0.651188,-0.041080,0.665430,0.653238,-0.038231
1780385877.979,right,victory,0.668697,0.765165,-0.000000,0.667182,0.721049,-0.007515,0.676156,0.675992,-0.014209,0.688368,0.649708,-0.022597,0.699350,0.660968,-0.030531,0.719201,0.675422,-0.003216,0.737516,0.644587,-0.015596,0.743807,0.619786,-0.024352,0.747034,0.599743,-0.029818,0.728159,0.698296,-0.007970,0.761174,0.673439,-0.025831,0.760720,0.644751,-0.034683,0.752077,0.624900,-0.036000,0.731359,0.723668,-0.014290,0.746083,0.685682,-0.031877,0.725763,0.676930,-0.034334,0.708303,0.680340,-0.030120,0.729565,0.750864,-0.021395,0.728080,0.712281,-0.032635,0.711788,0.701272,-0.033128,0.699242,0.702104,-0.030148
1780385878.495,right,victory,0.654475,0.750003,-0.000000,0.650490,0.703691,-0.003733,0.655742,0.658473,-0.008408,0.661436,0.632893,-0.015311,0.670193,0.634250,-0.021874,0.698987,0.651844,-0.000083,0.714168,0.617795,-0.010621,0.716119,0.592938,-0.018006,0.715185,0.572311,-0.022321,0.708365,0.671804,-0.005868,0.735104,0.635048,-0.021729,0.729729,0.606896,-0.029861,0.717836,0.590124,-0.031100,0.712496,0.693285,-0.012880,0.718673,0.650175,-0.028893,0.696400,0.645126,-0.031838,0.678394,0.651573,-0.028389,0.711207,0.713974,-0.020243,0.703734,0.675732,-0.030158,0.686030,0.665979,-0.030766,0.673221,0.666917,-0.028190
1780385879.036,right,victory,0.664550,0.759438,-0.000000,0.662122,0.702568,-0.001265,0.668232,0.659337,-0.007290,0.669907,0.632331,-0.015393,0.673515,0.621338,-0.023063,0.717701,0.666244,-0.005984,0.732339,0.626758,-0.019691,0.727311,0.597237,-0.028528,0.718362,0.577730,-0.032876,0.722794,0.687729,-0.013142,0.740305,0.634973,-0.029338,0.728387,0.598530,-0.036535,0.714740,0.580182,-0.038045,0.719910,0.705078,-0.021018,0.714398,0.644271,-0.034755,0.692460,0.633666,-0.034713,0.677815,0.639043,-0.030788,0.709588,0.715794,-0.029247,0.696807,0.665954,-0.036498,0.682363,0.653431,-0.034853,0.673668,0.653915,-0.031491
1780385879.565,right,victory,0.678685,0.717732,-0.000000,0.675156,0.668630,-0.001189,0.680527,0.630350,-0.005858,0.682528,0.606830,-0.012698,0.688920,0.600485,-0.019142,0.728668,0.634889,-0.000567,0.739415,0.597790,-0.012105,0.734216,0.571714,-0.020276,0.725904,0.556401,-0.024269,0.734338,0.650696,-0.006519,0.749902,0.605281,-0.020132,0.739859,0.573535,-0.026825,0.727544,0.557291,-0.028119,0.733150,0.664445,-0.013484,0.727614,0.610312,-0.026011,0.707829,0.604841,-0.027058,0.694490,0.612714,-0.023891,0.724987,0.672917,-0.020737,0.713126,0.628191,-0.027791,0.698431,0.623746,-0.026722,0.689585,0.630109,-0.023684
1780385880.099,right,victory,0.683187,0.720983,-0.000000,0.680679,0.671018,-0.000282,0.686727,0.635436,-0.004292,0.688980,0.612490,-0.010706,0.696393,0.600815,-0.016737,0.733919,0.645115,0.001501,0.746628,0.611628,-0.009188,0.744434,0.585099,-0.016944,0.738188,0.567443,-0.020758,0.739320,0.658986,-0.004672,0.756977,0.615663,-0.017689,0.749538,0.583116,-0.024533,0.738383,0.565151,-0.026036,0.738307,0.669838,-0.011897,0.734234,0.615294,-0.023915,0.714405,0.606247,-0.025688,0.699785,0.611030,-0.023196,0.730739,0.675106,-0.019391,0.718533,0.630620,-0.026066,0.703759,0.623719,-0.025793,0.694201,0.627337,-0.023522
1780385880.604,right,victory,0.684399,0.722201,-0.000000,0.682092,0.671609,-0.000089,0.688540,0.636434,-0.004196,0.691204,0.613747,-0.010685,0.698651,0.602584,-0.016881,0.736908,0.647592,0.000993,0.748471,0.612387,-0.009412,0.746454,0.585906,-0.017054,0.740648,0.568260,-0.020955,0.741482,0.661077,-0.005352,0.757638,0.615412,-0.018221,0.750267,0.582662,-0.025141,0.739658,0.564385,-0.026906,0.739555,0.671359,-0.012620,0.735023,0.615938,-0.024563,0.715281,0.607192,-0.026178,0.701042,0.612155,-0.023709,0.731067,0.676006,-0.020124,0.719268,0.631270,-0.026766,0.704645,0.624331,-0.026331,0.695247,0.627969,-0.024019
1780385881.111,right,victory,0.684212,0.722774,-0.000000,0.681970,0.672674,-0.000301,0.688497,0.636778,-0.004420,0.691402,0.614210,-0.010921,0.699148,0.603179,-0.017037,0.736906,0.647350,0.001058,0.749133,0.612120,-0.009570,0.746700,0.585920,-0.017135,0.740758,0.568858,-0.020875,0.741546,0.661258,-0.005235,0.758646,0.615793,-0.018180,0.750621,0.583993,-0.024773,0.739521,0.567017,-0.026130,0.739772,0.671715,-0.012563,0.734583,0.616565,-0.024459,0.714548,0.607862,-0.025916,0.700489,0.613026,-0.023279,0.731537,0.676800,-0.020195,0.719677,0.632806,-0.026706,0.704890,0.625870,-0.026283,0.695729,0.629269,-0.023978
1780385881.652,right,victory,0.684637,0.724927,-0.000000,0.682144,0.672998,0.000071,0.688744,0.637168,-0.003879,0.691409,0.614427,-0.010273,0.698766,0.603778,-0.016318,0.736643,0.648658,0.000976,0.749873,0.614368,-0.009625,0.747285,0.588016,-0.017154,0.740745,0.570285,-0.020818,0.741169,0.662639,-0.005348,0.758100,0.617377,-0.018206,0.750106,0.584893,-0.024710,0.739023,0.567242,-0.026083,0.739525,0.673432,-0.012652,0.734673,0.618704,-0.024354,0.714678,0.609314,-0.025773,0.700288,0.613771,-0.023179,0.731577,0.679004,-0.020217,0.720280,0.635096,-0.026321,0.705424,0.627815,-0.025598,0.695816,0.630857,-0.023166
1780385882.170,right,victory,0.690042,0.750237,0.000000,0.692385,0.694979,-0.011360,0.705707,0.658158,-0.009221,0.728628,0.648237,-0.006215,0.741944,0.656065,-0.001765,0.701825,0.630447,0.016695,0.713134,0.592714,0.020477,0.724009,0.576470,0.019757,0.733840,0.565816,0.018510,0.715009,0.648825,0.022072,0.729591,0.619817,0.024533,0.742880,0.603163,0.018765,0.753075,0.593489,0.014048,0.724476,0.672224,0.024276,0.739752,0.650323,0.019278,0.739765,0.651754,0.006148,0.736519,0.662306,-0.000957,0.732750,0.692399,0.025766,0.742071,0.677163,0.018989,0.741921,0.674657,0.008923,0.739420,0.679223,0.002647
1780385882.712,right,victory,0.708332,0.646331,0.000000,0.721339,0.629712,-0.023718,0.747622,0.621845,-0.031084,0.772828,0.631556,-0.033721,0.791254,0.642767,-0.034266,0.764775,0.563178,-0.020284,0.795964,0.548804,-0.031276,0.816215,0.555766,-0.038781,0.831625,0.567987,-0.042459,0.770378,0.581157,-0.011870,0.804017,0.568370,-0.021738,0.824665,0.580332,-0.027960,0.839413,0.594023,-0.030716,0.771075,0.602257,-0.005888,0.797938,0.612913,-0.019785,0.789789,0.634253,-0.025021,0.779382,0.643992,-0.024134,0.767309,0.623618,-0.001540,0.785125,0.633287,-0.012933,0.783941,0.647556,-0.016823,0.776469,0.652602,-0.016418
1780385883.559,right,victory,0.778617,0.431014,0.000000,0.758566,0.455034,-0.024575,0.745924,0.505035,-0.039090,0.731886,0.552436,-0.047955,0.728331,0.590672,-0.053934,0.788046,0.544646,-0.044133,0.769446,0.627535,-0.059802,0.752117,0.655640,-0.065541,0.739892,0.667964,-0.066642,0.801482,0.552629,-0.036665,0.799923,0.650715,-0.053503,0.786219,0.700104,-0.056620,0.772769,0.728167,-0.056161,0.803359,0.554145,-0.029648,0.780141,0.629759,-0.045386,0.754743,0.620865,-0.044002,0.739151,0.602061,-0.038591,0.795928,0.553567,-0.024180,0.774266,0.608788,-0.033140,0.759296,0.615932,-0.031732,0.750766,0.614808,-0.028213
1780385884.062,right,victory,0.710566,0.444188,0.000000,0.670282,0.461588,-0.022862,0.646582,0.526356,-0.032337,0.644394,0.589089,-0.033842,0.662913,0.609622,-0.033484,0.683597,0.530226,-0.052741,0.681384,0.614201,-0.062631,0.677164,0.664499,-0.065598,0.673281,0.703922,-0.067200,0.710950,0.544055,-0.042711,0.721270,0.644336,-0.053248,0.715469,0.700426,-0.055251,0.709573,0.742590,-0.056304,0.726763,0.555069,-0.030772,0.716628,0.643618,-0.039291,0.697459,0.653916,-0.039330,0.685857,0.654453,-0.038332,0.732509,0.562366,-0.020052,0.712865,0.610311,-0.027681,0.696541,0.609539,-0.028498,0.686693,0.601093,-0.027850
1780385884.564,right,victory,0.706168,0.455810,0.000000,0.665861,0.482812,-0.028859,0.645343,0.545779,-0.041552,0.641656,0.605464,-0.044071,0.657454,0.628422,-0.043283,0.687981,0.557268,-0.068086,0.693072,0.643621,-0.082740,0.693530,0.694997,-0.089392,0.695403,0.737159,-0.093585,0.713303,0.566041,-0.052834,0.732352,0.669613,-0.069892,0.733037,0.729935,-0.075616,0.734436,0.774519,-0.079592,0.726957,0.572495,-0.034868,0.712145,0.655210,-0.045355,0.687960,0.645731,-0.042393,0.675153,0.626923,-0.038251,0.731373,0.577993,-0.018636,0.710444,0.629564,-0.024844,0.693601,0.625835,-0.024601,0.684178,0.612163,-0.023168
1780385885.096,right,victory,0.689159,0.465744,0.000000,0.650901,0.501325,-0.026443,0.642039,0.577264,-0.035967,0.651327,0.644782,-0.036663,0.675146,0.656477,-0.034938,0.680515,0.563608,-0.055843,0.698810,0.625633,-0.065055,0.708782,0.667847,-0.068791,0.719994,0.706989,-0.072692,0.707211,0.568266,-0.043233,0.746653,0.645354,-0.056221,0.763762,0.696205,-0.061812,0.779763,0.736252,-0.066994,0.723414,0.568852,-0.028548,0.726583,0.652956,-0.042329,0.700646,0.648484,-0.044500,0.686958,0.633478,-0.043782,0.730601,0.571537,-0.014898,0.719383,0.628354,-0.027313,0.700228,0.628284,-0.031675,0.688653,0.618292,-0.033433
1780385885.696,right,victory,0.678336,0.526344,0.000000,0.662173,0.594944,-0.035442,0.680083,0.655021,-0.052397,0.707315,0.698863,-0.056814,0.730858,0.692923,-0.058336,0.700389,0.602074,-0.087556,0.736413,0.637751,-0.110995,0.762956,0.662631,-0.125023,0.787967,0.682319,-0.135106,0.723014,0.574188,-0.070926,0.778985,0.595784,-0.095001,0.811661,0.620744,-0.106205,0.836973,0.640655,-0.115883,0.738048,0.558829,-0.051234,0.773114,0.619268,-0.066832,0.760531,0.653590,-0.067412,0.747169,0.669354,-0.067389,0.746609,0.557683,-0.033510,0.760689,0.611725,-0.046687,0.750187,0.639352,-0.050632,0.739818,0.652692,-0.052718
1780385886.229,right,victory,0.634422,0.520383,0.000000,0.627425,0.583580,-0.026895,0.647709,0.639909,-0.041511,0.675475,0.679078,-0.047397,0.698870,0.676018,-0.050552,0.662123,0.581854,-0.063774,0.688435,0.613416,-0.079346,0.706784,0.633536,-0.086959,0.724415,0.648180,-0.092303,0.679881,0.548687,-0.053330,0.728797,0.566749,-0.072477,0.760354,0.584285,-0.080822,0.785044,0.595441,-0.087482,0.691109,0.531850,-0.040444,0.729366,0.592589,-0.055619,0.717788,0.623185,-0.055574,0.705335,0.632950,-0.054133,0.697472,0.529510,-0.028791,0.714495,0.588901,-0.040842,0.704447,0.614499,-0.042859,0.695150,0.623776,-0.043129
1780385886.758,right,victory,0.576251,0.617870,0.000000,0.563897,0.616830,-0.029859,0.566826,0.621322,-0.048467,0.582944,0.637466,-0.060980,0.601831,0.647817,-0.072783,0.589273,0.567925,-0.051757,0.611284,0.552024,-0.070861,0.628764,0.552540,-0.081551,0.643605,0.558368,-0.088309,0.607297,0.581400,-0.043360,0.628922,0.606833,-0.064637,0.628304,0.641513,-0.071783,0.621983,0.662634,-0.074336,0.617898,0.600290,-0.035851,0.633484,0.628928,-0.054900,0.628374,0.657313,-0.056674,0.619700,0.670946,-0.055122,0.622994,0.618583,-0.030156,0.632997,0.639186,-0.045480,0.626556,0.656993,-0.047876,0.617139,0.665943,-0.047043
1780385887.277,right,victory,0.575406,0.636096,-0.000000,0.557583,0.647985,-0.022442,0.551589,0.669460,-0.043990,0.563272,0.696360,-0.062715,0.578608,0.715784,-0.082561,0.564615,0.644440,-0.055320,0.577564,0.666105,-0.077532,0.585038,0.683367,-0.092668,0.589243,0.697855,-0.101432,0.587074,0.649341,-0.053519,0.607226,0.691152,-0.079353,0.612544,0.719419,-0.089880,0.613311,0.741737,-0.095009,0.602601,0.654184,-0.051097,0.611475,0.698109,-0.073282,0.605071,0.727174,-0.076070,0.597540,0.747509,-0.074501,0.610768,0.658537,-0.049799,0.613278,0.687255,-0.062836,0.607428,0.707287,-0.060421,0.601013,0.721460,-0.056916
1780385887.816,right,victory,0.574248,0.685369,0.000000,0.557980,0.715264,-0.012503,0.545783,0.746014,-0.024076,0.540160,0.770520,-0.034661,0.531371,0.785759,-0.046016,0.511900,0.681971,-0.026049,0.504383,0.703311,-0.042127,0.503453,0.720752,-0.054568,0.502236,0.732902,-0.062918,0.520451,0.660715,-0.029162,0.506666,0.660781,-0.044084,0.498446,0.672905,-0.055505,0.490770,0.683980,-0.063694,0.535250,0.652092,-0.032948,0.527821,0.668952,-0.051764,0.530337,0.693985,-0.061633,0.532545,0.710672,-0.066313,0.554666,0.653480,-0.036535,0.552864,0.680337,-0.053279,0.555205,0.702993,-0.058887,0.556236,0.717687,-0.061208
1780385888.347,right,victory,0.544497,0.683632,0.000000,0.508673,0.696181,-0.009493,0.480905,0.715824,-0.023220,0.469887,0.753079,-0.036217,0.471180,0.787989,-0.050356,0.480956,0.645646,-0.034361,0.457079,0.635484,-0.050776,0.439587,0.637118,-0.060749,0.423583,0.641934,-0.067556,0.500094,0.644079,-0.039451,0.482378,0.649185,-0.058905,0.467162,0.665115,-0.066291,0.455364,0.681493,-0.070616,0.518547,0.659211,-0.044117,0.499035,0.706178,-0.062030,0.486742,0.738526,-0.065064,0.478178,0.759370,-0.064870,0.533790,0.684852,-0.048944,0.513974,0.727313,-0.059946,0.501333,0.747912,-0.060115,0.491943,0.758427,-0.059421
1780385888.891,right,victory,0.538910,0.698621,0.000000,0.499346,0.704771,-0.003224,0.469496,0.711955,-0.014294,0.455080,0.738815,-0.026350,0.454499,0.763424,-0.039279,0.468285,0.645475,-0.026416,0.436322,0.623529,-0.039994,0.415775,0.615908,-0.047355,0.397437,0.609895,-0.052619,0.483731,0.644422,-0.033760,0.454557,0.632113,-0.051946,0.433129,0.633319,-0.060420,0.416268,0.638609,-0.065275,0.497864,0.661064,-0.039969,0.465885,0.705500,-0.055675,0.453609,0.738712,-0.058528,0.446554,0.759274,-0.058164,0.508612,0.690596,-0.045922,0.482995,0.727589,-0.054163,0.470867,0.745891,-0.054116,0.462597,0.753895,-0.053596
1780385889.425,right,victory,0.486587,0.769649,0.000000,0.444969,0.771479,-0.003579,0.411890,0.762591,-0.014788,0.387752,0.768698,-0.025984,0.369181,0.782818,-0.037749,0.420086,0.662916,-0.029381,0.383613,0.618998,-0.045586,0.356713,0.603070,-0.054263,0.333312,0.597837,-0.059792,0.431533,0.674826,-0.035192,0.381924,0.685639,-0.052810,0.368415,0.716915,-0.055905,0.362045,0.736604,-0.056626,0.439593,0.706784,-0.040169,0.391540,0.743788,-0.056055,0.388435,0.771626,-0.053528,0.392401,0.783718,-0.049026,0.443352,0.748833,-0.044871,0.402891,0.763229,-0.056749,0.386402,0.778219,-0.055896,0.376672,0.782336,-0.052986
1780385889.980,right,victory,0.417662,0.838555,0.000000,0.380020,0.788580,0.001947,0.335164,0.767920,-0.010500,0.298449,0.791366,-0.024822,0.276218,0.821206,-0.040718,0.323647,0.715587,-0.033940,0.266302,0.689301,-0.055659,0.231557,0.682294,-0.066290,0.204372,0.678832,-0.071485,0.333781,0.740571,-0.045608,0.268068,0.722304,-0.069166,0.225537,0.730550,-0.076762,0.194882,0.742700,-0.079723,0.343553,0.783186,-0.055279,0.274173,0.842704,-0.074605,0.269095,0.887161,-0.072293,0.277173,0.907800,-0.066385,0.351278,0.833665,-0.064282,0.298650,0.881360,-0.073260,0.289596,0.904549,-0.068487,0.290735,0.911675,-0.063186
1780385890.497,right,victory,0.398854,0.728706,0.000000,0.352354,0.703535,-0.000844,0.306348,0.713452,-0.019135,0.278465,0.773506,-0.039427,0.268243,0.823566,-0.060748,0.296713,0.630884,-0.043936,0.236404,0.610320,-0.068354,0.199324,0.605644,-0.080139,0.168711,0.603726,-0.087217,0.313532,0.635649,-0.056944,0.245125,0.630451,-0.085690,0.203807,0.645854,-0.095896,0.173438,0.660433,-0.100802,0.331533,0.665232,-0.067516,0.270497,0.756815,-0.089706,0.271001,0.807886,-0.085661,0.280734,0.825577,-0.078477,0.347194,0.708838,-0.077842,0.301888,0.779001,-0.088419,0.292258,0.812995,-0.083305,0.290274,0.823856,-0.078193
1780385891.029,right,victory,0.327588,0.718564,-0.000000,0.311719,0.651474,0.000830,0.275722,0.616735,-0.011275,0.234092,0.628523,-0.023168,0.200279,0.652575,-0.037734,0.272927,0.556348,-0.045406,0.219681,0.480930,-0.067473,0.186153,0.444709,-0.079185,0.156000,0.416864,-0.086313,0.271984,0.587641,-0.052140,0.195051,0.589585,-0.072224,0.174503,0.633425,-0.072594,0.171646,0.661593,-0.071908,0.267307,0.634217,-0.056212,0.195736,0.649932,-0.071947,0.190773,0.683085,-0.064234,0.202641,0.697571,-0.056880,0.259431,0.682639,-0.059129,0.206941,0.685197,-0.068125,0.201934,0.700490,-0.061078,0.210115,0.704303,-0.053933
1780385891.556,right,victory,0.308570,0.781945,0.000000,0.298587,0.696157,0.010209,0.273863,0.629709,0.002169,0.234311,0.595071,-0.009596,0.198669,0.583171,-0.022007,0.274543,0.564635,-0.027933,0.236130,0.444631,-0.045943,0.212560,0.383163,-0.050819,0.189910,0.335447,-0.052349,0.269059,0.578758,-0.043365,0.220772,0.447126,-0.065664,0.185325,0.380277,-0.072237,0.156865,0.334506,-0.074598,0.255128,0.616250,-0.055695,0.167865,0.554199,-0.077415,0.142986,0.600861,-0.073945,0.138866,0.639648,-0.066050,0.235382,0.667196,-0.066346,0.168459,0.639901,-0.080744,0.154363,0.665616,-0.077876,0.153388,0.683493,-0.072306
1780385892.057,right,victory,0.330383,0.806930,0.000001,0.271474,0.750700,0.001762,0.241638,0.687396,-0.012547,0.212745,0.645910,-0.031450,0.182647,0.617169,-0.049913,0.298348,0.553698,-0.023173,0.275506,0.426190,-0.040670,0.258406,0.349668,-0.049355,0.240326,0.292502,-0.054890,0.302752,0.563196,-0.038273,0.273100,0.423843,-0.061792,0.242623,0.345338,-0.073981,0.215926,0.293194,-0.080703,0.293441,0.596272,-0.051721,0.209467,0.525700,-0.073328,0.175879,0.570107,-0.072199,0.163362,0.608005,-0.066945,0.272580,0.644152,-0.065143,0.204306,0.614471,-0.079126,0.184654,0.641646,-0.076736,0.181997,0.661851,-0.072233
1780385892.606,right,victory,0.354820,0.796935,0.000000,0.298300,0.720570,0.005621,0.273724,0.652808,-0.005146,0.252190,0.598876,-0.019989,0.226327,0.561934,-0.035803,0.355210,0.547054,-0.014609,0.354510,0.421194,-0.028482,0.347439,0.342681,-0.035749,0.336725,0.281693,-0.041504,0.359169,0.554315,-0.027347,0.294798,0.452793,-0.046306,0.255432,0.463748,-0.048867,0.237830,0.491964,-0.049047,0.346514,0.576342,-0.039113,0.272929,0.494109,-0.056833,0.243700,0.527452,-0.051755,0.237618,0.569811,-0.045878,0.322451,0.605180,-0.050443,0.259671,0.563534,-0.064585,0.241511,0.588026,-0.063122,0.242389,0.615669,-0.059295
1780385893.148,right,victory,0.401051,0.786447,0.000001,0.348240,0.695973,-0.004956,0.327693,0.629600,-0.019690,0.307060,0.586192,-0.039099,0.290706,0.538771,-0.058383,0.427023,0.530261,-0.018484,0.431579,0.423020,-0.037358,0.428239,0.347783,-0.048843,0.422248,0.288272,-0.055839,0.438463,0.541993,-0.031232,0.440465,0.402922,-0.056410,0.431364,0.311231,-0.072889,0.420375,0.242229,-0.081684,0.433683,0.567178,-0.043867,0.376414,0.456365,-0.073929,0.327636,0.469776,-0.081837,0.297831,0.497723,-0.079741,0.409653,0.597609,-0.056366,0.355782,0.528078,-0.076838,0.321950,0.538151,-0.078566,0.302201,0.558735,-0.075354
1780385893.693,right,victory,0.481446,0.801590,0.000000,0.450028,0.693906,-0.013442,0.439944,0.588216,-0.026357,0.432896,0.514876,-0.042448,0.447606,0.459421,-0.056374,0.539102,0.528001,-0.014593,0.557765,0.418655,-0.035276,0.564005,0.347948,-0.047603,0.567552,0.287492,-0.055831,0.562678,0.556424,-0.024367,0.597543,0.434294,-0.051540,0.607256,0.350782,-0.069411,0.609783,0.282639,-0.078194,0.572049,0.593875,-0.036113,0.540131,0.478458,-0.071758,0.489226,0.478857,-0.081598,0.452047,0.495056,-0.079236,0.562602,0.630254,-0.048503,0.509085,0.554925,-0.076476,0.467447,0.551082,-0.082683,0.438243,0.556709,-0.081251
1780385894.217,right,victory,0.498722,0.798655,0.000000,0.470819,0.693303,-0.013244,0.465235,0.586621,-0.025324,0.459914,0.514537,-0.041108,0.473714,0.458097,-0.055408,0.563367,0.526714,-0.012295,0.583095,0.418158,-0.032234,0.592680,0.351638,-0.043905,0.602298,0.296404,-0.051685,0.588245,0.559619,-0.022296,0.628779,0.444288,-0.048566,0.644621,0.363916,-0.066507,0.655221,0.296675,-0.075556,0.599376,0.601913,-0.034502,0.576703,0.486459,-0.071038,0.525587,0.486750,-0.081662,0.489085,0.504270,-0.079491,0.592854,0.641964,-0.047220,0.544857,0.561180,-0.075953,0.504300,0.557210,-0.082214,0.477017,0.566418,-0.080672
1780385894.728,right,victory,0.499589,0.795655,0.000000,0.470404,0.683865,-0.012446,0.466423,0.578261,-0.023683,0.461875,0.506335,-0.038671,0.473429,0.450111,-0.052279,0.565422,0.524987,-0.011257,0.582606,0.415610,-0.031137,0.591835,0.347753,-0.043488,0.600721,0.290877,-0.051946,0.589925,0.556146,-0.021606,0.627521,0.441380,-0.048685,0.640756,0.357947,-0.067979,0.648009,0.289429,-0.077895,0.600178,0.597130,-0.033959,0.576809,0.482102,-0.070180,0.525525,0.478800,-0.081314,0.488530,0.493843,-0.079665,0.592190,0.634852,-0.046831,0.542914,0.554651,-0.075373,0.502114,0.547687,-0.082039,0.474719,0.554880,-0.080814
1780385895.274,right,victory,0.494410,0.795564,0.000000,0.465858,0.683430,-0.012763,0.459695,0.580105,-0.025139,0.452018,0.508649,-0.041135,0.463540,0.451521,-0.055682,0.557541,0.522726,-0.013591,0.575495,0.413952,-0.034420,0.583994,0.344102,-0.047277,0.591620,0.285293,-0.055840,0.581920,0.552268,-0.023775,0.617703,0.435627,-0.050724,0.630285,0.352726,-0.069099,0.637249,0.282993,-0.078366,0.592253,0.591962,-0.035876,0.565189,0.474574,-0.071486,0.514779,0.476463,-0.081326,0.478871,0.495648,-0.078846,0.583720,0.629399,-0.048651,0.532347,0.548209,-0.076210,0.492269,0.542336,-0.081963,0.465484,0.550733,-0.080111
1780385895.822,right,victory,0.491230,0.797168,0.000000,0.461756,0.677537,-0.009942,0.455449,0.574933,-0.021365,0.449787,0.503647,-0.036362,0.460198,0.446612,-0.049969,0.546876,0.517300,-0.011826,0.561356,0.415845,-0.033206,0.567339,0.347511,-0.047619,0.570357,0.289477,-0.057210,0.568457,0.546908,-0.023469,0.592610,0.425397,-0.051274,0.591806,0.343778,-0.069454,0.584140,0.279043,-0.078500,0.575869,0.585161,-0.036804,0.545313,0.468861,-0.070557,0.495346,0.471453,-0.078906,0.459006,0.491132,-0.076237,0.563379,0.621351,-0.050769,0.511949,0.544146,-0.075640,0.472586,0.536734,-0.080083,0.446520,0.542948,-0.077954
1780388272.858,left,victory,0.548716,0.675510,0.000000,0.574413,0.681246,-0.015694,0.599269,0.668995,-0.027352,0.612172,0.653585,-0.039616,0.600184,0.646369,-0.050683,0.607483,0.566265,-0.020206,0.628691,0.511900,-0.035024,0.641017,0.477404,-0.043195,0.649066,0.444567,-0.047906,0.586128,0.552924,-0.024317,0.595660,0.489230,-0.043639,0.602094,0.445519,-0.053739,0.604955,0.407333,-0.057151,0.565633,0.559482,-0.029654,0.590632,0.574747,-0.053925,0.594488,0.617158,-0.057862,0.592485,0.641237,-0.052693,0.551066,0.580866,-0.036320,0.576512,0.606132,-0.051696,0.582737,0.636059,-0.051546,0.584010,0.654545,-0.046822
1780388273.367,left,victory,0.513234,0.690916,0.000000,0.547760,0.684518,-0.009515,0.573389,0.666171,-0.019957,0.589711,0.652083,-0.032502,0.580700,0.650873,-0.043722,0.569857,0.559143,-0.015273,0.590402,0.501057,-0.028657,0.600677,0.463398,-0.037186,0.607197,0.430960,-0.042851,0.547803,0.556122,-0.022809,0.555693,0.493551,-0.039595,0.561331,0.450800,-0.049532,0.563694,0.413794,-0.054512,0.531035,0.571971,-0.031000,0.564502,0.577895,-0.049702,0.573972,0.614362,-0.051876,0.573137,0.636013,-0.048294,0.521986,0.602497,-0.040455,0.554803,0.617746,-0.050899,0.562585,0.641656,-0.048823,0.560785,0.657871,-0.044422
1780388273.904,left,victory,0.451800,0.640580,0.000000,0.451611,0.578892,0.006267,0.470379,0.534726,0.002178,0.495113,0.519341,-0.004036,0.516967,0.518159,-0.009880,0.468567,0.503304,-0.015462,0.479965,0.430284,-0.025624,0.485407,0.382133,-0.030557,0.489686,0.344826,-0.034164,0.483481,0.521133,-0.025534,0.511090,0.450661,-0.037091,0.530273,0.414159,-0.042648,0.545006,0.389510,-0.046655,0.496798,0.550479,-0.033363,0.534681,0.502471,-0.041330,0.530271,0.517742,-0.034221,0.520426,0.533623,-0.027850,0.508374,0.583876,-0.040900,0.533638,0.547004,-0.043404,0.528300,0.553787,-0.034822,0.519225,0.565036,-0.027481
1780388274.423,left,victory,0.494276,0.606964,0.000000,0.483219,0.546669,0.001578,0.490387,0.504010,-0.002001,0.506972,0.480228,-0.005555,0.520069,0.469707,-0.009073,0.507044,0.480967,-0.017427,0.511783,0.411883,-0.024807,0.514086,0.371481,-0.027438,0.516228,0.340394,-0.028263,0.529693,0.492287,-0.019307,0.554572,0.423012,-0.025781,0.570312,0.385237,-0.027148,0.581889,0.360256,-0.027139,0.545386,0.512945,-0.019018,0.552388,0.465096,-0.020012,0.543225,0.462527,-0.014615,0.534735,0.470235,-0.010037,0.553753,0.535942,-0.018588,0.548480,0.503033,-0.015437,0.537144,0.501159,-0.007930,0.528924,0.508634,-0.001488
1780388274.955,left,victory,0.551986,0.594589,0.000000,0.545492,0.536838,-0.000823,0.556698,0.492377,-0.006216,0.577154,0.472000,-0.011601,0.594327,0.468895,-0.017017,0.565744,0.479685,-0.020275,0.575407,0.416517,-0.030561,0.580730,0.376397,-0.035751,0.585688,0.345571,-0.038275,0.584691,0.497007,-0.023569,0.611878,0.441007,-0.031106,0.629990,0.405179,-0.033507,0.644657,0.380841,-0.034802,0.598962,0.520069,-0.025415,0.617277,0.478436,-0.029667,0.612273,0.473357,-0.025194,0.605309,0.478149,-0.020721,0.609150,0.542600,-0.027392,0.621664,0.503966,-0.027778,0.619930,0.494426,-0.021440,0.616883,0.493783,-0.015540
1780388275.462,left,victory,0.531197,0.643909,0.000000,0.520213,0.577475,0.000875,0.535860,0.525790,-0.003428,0.559941,0.507721,-0.006895,0.578827,0.503538,-0.010317,0.539773,0.512874,-0.022651,0.546407,0.444968,-0.033330,0.547332,0.398394,-0.040262,0.548590,0.360567,-0.045101,0.560098,0.532493,-0.025949,0.584791,0.464789,-0.033433,0.600828,0.421831,-0.038409,0.614341,0.389900,-0.043274,0.576987,0.555282,-0.027001,0.599732,0.493815,-0.031023,0.589164,0.493361,-0.027630,0.578923,0.504496,-0.025375,0.589672,0.574984,-0.027800,0.593394,0.531403,-0.029772,0.580605,0.531260,-0.025296,0.573302,0.540294,-0.021423
1780388275.990,left,victory,0.480832,0.609629,0.000000,0.469954,0.545938,0.003546,0.483008,0.493595,0.000921,0.505772,0.473832,-0.001909,0.524540,0.467387,-0.004642,0.486176,0.467792,-0.015709,0.490299,0.397875,-0.022287,0.490398,0.353014,-0.025418,0.490776,0.318281,-0.027394,0.506504,0.480852,-0.020112,0.529363,0.408553,-0.023799,0.542236,0.366135,-0.025948,0.553607,0.338140,-0.028267,0.523254,0.502504,-0.022231,0.542464,0.452142,-0.021593,0.532391,0.458490,-0.015398,0.522758,0.473316,-0.011536,0.535975,0.526383,-0.024289,0.537628,0.494339,-0.020383,0.528542,0.499662,-0.012091,0.523206,0.510999,-0.005954
1780388276.494,left,victory,0.413579,0.570462,0.000000,0.415321,0.512783,0.001643,0.431041,0.468606,-0.003054,0.453445,0.459256,-0.009294,0.471349,0.466111,-0.015008,0.426032,0.444236,-0.013305,0.443140,0.388331,-0.022215,0.449870,0.352702,-0.027204,0.453639,0.322803,-0.030530,0.434442,0.465186,-0.020358,0.458720,0.411349,-0.028974,0.472897,0.380171,-0.033038,0.483096,0.355256,-0.036145,0.444958,0.492808,-0.026413,0.480000,0.458272,-0.034188,0.480950,0.470279,-0.031603,0.474200,0.482408,-0.028191,0.455829,0.520985,-0.032518,0.481400,0.492439,-0.035241,0.479855,0.495690,-0.030416,0.473703,0.500831,-0.026166
1780388276.999,left,victory,0.388435,0.580734,0.000000,0.405908,0.566232,-0.011100,0.417764,0.542091,-0.017663,0.409245,0.526295,-0.024116,0.395797,0.520699,-0.029752,0.409886,0.476486,-0.011468,0.420506,0.432973,-0.020711,0.425629,0.406335,-0.025726,0.428521,0.383821,-0.028234,0.392921,0.475465,-0.012716,0.388626,0.428700,-0.023794,0.386079,0.398438,-0.030140,0.383117,0.372789,-0.032439,0.379514,0.487900,-0.014957,0.387880,0.484372,-0.029566,0.397027,0.506666,-0.033032,0.400609,0.521561,-0.030527,0.369984,0.507280,-0.018010,0.379719,0.508620,-0.027182,0.388371,0.520430,-0.027214,0.392926,0.528391,-0.024319
1780388277.536,left,victory,0.424067,0.549756,0.000000,0.432727,0.533323,-0.010438,0.432412,0.508228,-0.015320,0.418430,0.489010,-0.019822,0.406705,0.475490,-0.023467,0.437833,0.462315,-0.005790,0.446911,0.428970,-0.013236,0.452320,0.407424,-0.018303,0.456216,0.390278,-0.021243,0.425934,0.458750,-0.005609,0.423961,0.415100,-0.013832,0.421327,0.389599,-0.018912,0.418733,0.368989,-0.020861,0.416474,0.467316,-0.006827,0.411030,0.445824,-0.018719,0.413311,0.463852,-0.021540,0.415803,0.478048,-0.019557,0.409631,0.482343,-0.008787,0.405443,0.472430,-0.018059,0.408268,0.482904,-0.018810,0.411974,0.491142,-0.016714
1780388278.069,left,victory,0.463336,0.445349,0.000000,0.461894,0.428823,-0.014214,0.454097,0.401832,-0.017957,0.441164,0.385872,-0.019811,0.432514,0.371291,-0.020389,0.467611,0.363810,-0.006371,0.470256,0.331428,-0.012435,0.473604,0.309338,-0.016426,0.476979,0.291542,-0.018382,0.459424,0.363343,-0.002589,0.455883,0.326448,-0.009099,0.452786,0.304462,-0.012785,0.451929,0.284768,-0.013528,0.452440,0.371382,-0.000891,0.442638,0.356223,-0.012869,0.441489,0.376432,-0.016786,0.444148,0.386881,-0.015037,0.448071,0.382421,-0.000130,0.438822,0.374036,-0.010596,0.438063,0.388826,-0.012909,0.439930,0.397863,-0.011629
1780388278.609,left,victory,0.426625,0.339485,0.000000,0.419116,0.320475,-0.009137,0.406007,0.296907,-0.012844,0.391914,0.288455,-0.016068,0.383460,0.280491,-0.018603,0.413274,0.255354,-0.006878,0.408443,0.218696,-0.014171,0.405945,0.193349,-0.018669,0.404448,0.173317,-0.020802,0.407769,0.261900,-0.006049,0.397352,0.229055,-0.014239,0.388819,0.208878,-0.018502,0.382502,0.191314,-0.019663,0.403972,0.275327,-0.006469,0.387061,0.269284,-0.017725,0.387104,0.286133,-0.020248,0.391561,0.294490,-0.018001,0.401234,0.292256,-0.007484,0.385984,0.289552,-0.015669,0.385549,0.300738,-0.016251,0.389215,0.306529,-0.014211
1780388279.155,left,victory,0.359212,0.376386,0.000000,0.353656,0.349729,-0.009191,0.340342,0.324354,-0.010072,0.324531,0.317275,-0.010513,0.314147,0.314655,-0.009781,0.346199,0.287441,0.002931,0.342509,0.250652,-0.000344,0.341849,0.225319,-0.002904,0.341638,0.204713,-0.004073,0.339003,0.295612,0.005361,0.331309,0.267307,0.000898,0.325247,0.249123,-0.002523,0.320680,0.231938,-0.003498,0.334106,0.309645,0.005729,0.319539,0.301271,-0.003581,0.320375,0.317987,-0.007978,0.324369,0.326403,-0.007032,0.331352,0.325081,0.005438,0.318157,0.317811,-0.001517,0.319044,0.327743,-0.003541,0.323205,0.333444,-0.002731
1780388279.674,left,victory,0.292895,0.357466,0.000000,0.285732,0.337420,-0.011101,0.273183,0.311927,-0.012014,0.258603,0.302277,-0.011450,0.247830,0.299033,-0.009519,0.279742,0.270552,-0.001409,0.275657,0.231662,-0.004926,0.273976,0.206649,-0.007352,0.273009,0.186553,-0.008380,0.271664,0.279242,0.002330,0.263754,0.252578,-0.002166,0.256891,0.236269,-0.005259,0.252062,0.220900,-0.006020,0.266274,0.294004,0.004150,0.252116,0.287989,-0.004975,0.251462,0.303646,-0.009329,0.254177,0.311285,-0.008629,0.264183,0.309750,0.005238,0.251317,0.305777,-0.002396,0.251563,0.316187,-0.004658,0.255212,0.322438,-0.003887
1780388280.175,left,victory,0.245849,0.361789,0.000000,0.240717,0.329557,-0.012047,0.226840,0.300079,-0.012025,0.208724,0.291776,-0.010088,0.195212,0.291607,-0.006615,0.229862,0.266972,-0.001565,0.225470,0.226932,-0.005851,0.223495,0.200843,-0.008368,0.222371,0.180432,-0.008991,0.219371,0.277771,0.002259,0.206844,0.247132,-0.002219,0.197634,0.228083,-0.005205,0.190788,0.212055,-0.005733,0.212325,0.293559,0.003836,0.200221,0.285513,-0.006819,0.204332,0.298641,-0.012242,0.208442,0.306401,-0.011504,0.209586,0.309456,0.004698,0.198931,0.300019,-0.004101,0.200055,0.305168,-0.007002,0.201512,0.311004,-0.006426
1780388280.721,left,victory,0.232447,0.319537,0.000000,0.213407,0.310776,-0.013473,0.199817,0.280939,-0.014704,0.192110,0.252990,-0.012392,0.187609,0.230798,-0.008413,0.219252,0.232343,-0.008825,0.217414,0.189046,-0.009182,0.216468,0.166283,-0.009128,0.216442,0.147124,-0.008771,0.221728,0.224824,-0.001960,0.219183,0.183429,-0.000902,0.213862,0.158894,-0.000142,0.210034,0.142388,0.000701,0.220904,0.225476,0.003306,0.207866,0.193255,-0.000833,0.198598,0.189512,-0.005730,0.192641,0.188125,-0.007391,0.218946,0.230507,0.007880,0.205404,0.210211,0.001787,0.198181,0.213790,-0.002322,0.192803,0.221463,-0.003737
1780388281.257,left,victory,0.202631,0.313363,0.000000,0.201350,0.262917,-0.017761,0.190199,0.214947,-0.014567,0.170826,0.190318,-0.007989,0.155053,0.185311,0.001085,0.211304,0.189252,0.007934,0.216729,0.144766,0.009398,0.221723,0.119302,0.009178,0.226846,0.097172,0.009373,0.196727,0.193993,0.016070,0.193897,0.153087,0.018965,0.189301,0.127572,0.017170,0.186943,0.108575,0.016323,0.184279,0.207006,0.020283,0.171552,0.180553,0.012398,0.165389,0.191866,0.002455,0.162833,0.200751,-0.000153,0.176506,0.221761,0.023319,0.164101,0.196237,0.014077,0.162147,0.201505,0.007329,0.162399,0.212812,0.004974
1780388281.864,left,victory,0.204110,0.369162,0.000000,0.202348,0.345091,-0.019036,0.189663,0.306040,-0.024535,0.165861,0.281854,-0.027855,0.148112,0.266741,-0.030038,0.200758,0.238922,-0.009895,0.203936,0.185294,-0.018910,0.207684,0.148163,-0.025029,0.210699,0.119508,-0.027875,0.184845,0.238719,-0.005256,0.177426,0.181947,-0.014244,0.170759,0.144838,-0.019999,0.166416,0.116870,-0.021585,0.172956,0.254306,-0.003196,0.157402,0.235788,-0.018392,0.154242,0.259861,-0.024659,0.155290,0.277700,-0.023053,0.165324,0.276300,-0.002337,0.150348,0.265765,-0.014597,0.149637,0.282047,-0.017408,0.152153,0.294444,-0.015580
1780388282.450,left,victory,0.264066,0.461632,0.000000,0.253239,0.432991,-0.018030,0.229669,0.407373,-0.022003,0.200653,0.409512,-0.024314,0.180179,0.413464,-0.024990,0.221453,0.347098,-0.005043,0.205829,0.295547,-0.014462,0.198160,0.260374,-0.020711,0.192782,0.231625,-0.023487,0.209273,0.366638,-0.000850,0.185337,0.327754,-0.011287,0.168814,0.308609,-0.017353,0.156199,0.293251,-0.018525,0.204387,0.391986,0.000458,0.184261,0.393825,-0.017826,0.197765,0.416882,-0.022998,0.210467,0.427957,-0.019234,0.204896,0.416645,0.000630,0.186939,0.418644,-0.013412,0.196533,0.432505,-0.014643,0.207858,0.438874,-0.010902
1780388282.974,left,victory,0.315338,0.517417,0.000000,0.303255,0.493556,-0.016336,0.280613,0.473414,-0.019502,0.256159,0.480097,-0.021225,0.239517,0.488382,-0.021633,0.278695,0.415648,-0.004270,0.263271,0.368421,-0.011049,0.255702,0.337267,-0.015598,0.250518,0.311077,-0.017877,0.269102,0.432821,0.000238,0.249447,0.397723,-0.008026,0.235850,0.381142,-0.013269,0.225877,0.365757,-0.014776,0.264850,0.454816,0.002204,0.243586,0.454543,-0.012444,0.251962,0.477415,-0.017288,0.261669,0.487234,-0.015024,0.265033,0.475493,0.003067,0.246897,0.479991,-0.008577,0.253390,0.493970,-0.010387,0.262757,0.499398,-0.008164
1780388283.508,left,victory,0.326479,0.611947,0.000000,0.321873,0.588384,-0.013412,0.308534,0.563425,-0.015470,0.290381,0.557016,-0.016094,0.277374,0.555832,-0.015529,0.315318,0.517799,-0.003305,0.312502,0.475370,-0.008376,0.312298,0.448757,-0.011721,0.313269,0.427880,-0.013262,0.305120,0.525123,0.000459,0.298101,0.488787,-0.005464,0.291180,0.467938,-0.009761,0.287213,0.450295,-0.011192,0.298188,0.539918,0.002084,0.284734,0.529740,-0.008787,0.283814,0.550685,-0.013840,0.286376,0.563687,-0.013161,0.295226,0.556456,0.002798,0.282599,0.553815,-0.006026,0.283697,0.565520,-0.008381,0.287757,0.573543,-0.007461
1780388284.035,left,victory,0.289981,0.661508,0.000000,0.280819,0.631246,-0.011648,0.265719,0.609516,-0.008950,0.249439,0.612619,-0.003843,0.239242,0.621925,0.003026,0.272213,0.577076,0.004910,0.266874,0.544361,0.007565,0.265530,0.525069,0.009121,0.265414,0.509770,0.010473,0.266462,0.588415,0.010366,0.262239,0.557145,0.014616,0.260319,0.537724,0.015104,0.260102,0.522484,0.015352,0.262187,0.606507,0.013055,0.247846,0.597901,0.009553,0.244598,0.607335,0.001703,0.244277,0.613541,-0.001497,0.260090,0.624718,0.014984,0.245425,0.618521,0.009365,0.243453,0.623408,0.003306,0.244925,0.630928,0.000104
1780388284.576,left,victory,0.240491,0.680435,0.000000,0.232231,0.641682,-0.012435,0.215298,0.619399,-0.009944,0.196700,0.624338,-0.005130,0.186612,0.638580,0.001636,0.220668,0.594798,0.005665,0.214468,0.561569,0.006492,0.212464,0.541424,0.006753,0.212707,0.524448,0.007307,0.213126,0.607689,0.010802,0.201180,0.583506,0.013558,0.195163,0.569536,0.013249,0.192662,0.557421,0.013028,0.208060,0.625133,0.012892,0.191497,0.617850,0.007949,0.191263,0.625683,0.000861,0.193756,0.629959,-0.001364,0.205935,0.642614,0.013992,0.189906,0.633752,0.008387,0.190928,0.635996,0.003681,0.195946,0.642253,0.001627
1780388285.090,left,victory,0.229498,0.715003,0.000000,0.234884,0.680672,-0.010739,0.225110,0.644071,-0.013770,0.202008,0.636336,-0.016664,0.185969,0.637505,-0.018618,0.222376,0.601637,-0.003121,0.220386,0.553991,-0.009978,0.221511,0.524230,-0.014169,0.223518,0.502380,-0.016013,0.208542,0.609860,-0.002206,0.195896,0.569012,-0.009715,0.187110,0.545711,-0.014196,0.180581,0.528162,-0.015522,0.199470,0.628112,-0.003169,0.183211,0.609983,-0.015367,0.187075,0.630585,-0.018655,0.192902,0.646350,-0.016272,0.192832,0.650969,-0.004917,0.179132,0.636713,-0.014033,0.178229,0.644680,-0.014993,0.179190,0.652547,-0.012824
1780388285.746,left,victory,0.191095,0.793360,0.000000,0.179590,0.767552,-0.009152,0.157251,0.747280,-0.013975,0.133088,0.756206,-0.019741,0.115649,0.769739,-0.024905,0.140214,0.691779,-0.002594,0.126871,0.648023,-0.011675,0.118806,0.617408,-0.018035,0.113828,0.591731,-0.021625,0.132119,0.706978,-0.004725,0.102915,0.681784,-0.015153,0.083101,0.668839,-0.021513,0.066019,0.658313,-0.024021,0.131639,0.730056,-0.008523,0.103340,0.741531,-0.024533,0.117186,0.757776,-0.027452,0.130663,0.762912,-0.024137,0.134986,0.758403,-0.012993,0.110185,0.769546,-0.025620,0.117987,0.780992,-0.025551,0.128672,0.784073,-0.021956
1780388286.294,left,victory,0.207803,0.786314,0.000000,0.191602,0.771898,-0.010530,0.167004,0.753638,-0.014398,0.144292,0.756269,-0.018720,0.126914,0.765230,-0.021986,0.150882,0.697084,-0.003135,0.131762,0.653744,-0.011733,0.120532,0.627145,-0.017607,0.112198,0.605077,-0.020687,0.143775,0.714209,-0.004030,0.109373,0.696603,-0.014694,0.088346,0.691190,-0.021570,0.069955,0.687080,-0.024338,0.143890,0.735453,-0.006589,0.116960,0.746831,-0.022797,0.131489,0.761413,-0.026137,0.144463,0.768251,-0.023043,0.148000,0.758618,-0.009983,0.126640,0.764419,-0.021820,0.130987,0.774589,-0.021983,0.137150,0.779815,-0.018848
1780388286.825,left,victory,0.250399,0.821715,0.000000,0.242261,0.795580,-0.021472,0.223517,0.781036,-0.032228,0.202067,0.794643,-0.041615,0.184021,0.812506,-0.050126,0.188862,0.723682,-0.015973,0.171334,0.676912,-0.030334,0.158301,0.644682,-0.041104,0.146856,0.618956,-0.047540,0.179082,0.747984,-0.013278,0.146010,0.726532,-0.029257,0.122414,0.715500,-0.039325,0.100972,0.707379,-0.043880,0.179257,0.776737,-0.012970,0.155794,0.787026,-0.034310,0.172227,0.795493,-0.039107,0.186569,0.797388,-0.035958,0.185822,0.805472,-0.014276,0.168243,0.812428,-0.030831,0.179260,0.817390,-0.031918,0.191563,0.815776,-0.028267
1780388287.373,left,victory,0.297164,0.869538,0.000000,0.293601,0.841109,-0.016112,0.279313,0.824762,-0.026752,0.257953,0.844422,-0.036954,0.238612,0.865509,-0.046504,0.246991,0.768410,-0.017643,0.232662,0.713660,-0.033872,0.222329,0.680481,-0.044800,0.213531,0.651945,-0.051217,0.233864,0.793667,-0.018947,0.199026,0.763152,-0.035522,0.174143,0.748404,-0.044928,0.152125,0.736595,-0.049190,0.232024,0.826344,-0.021806,0.209509,0.833628,-0.042598,0.229481,0.840223,-0.045000,0.244920,0.840583,-0.040735,0.238226,0.859126,-0.025787,0.229205,0.870682,-0.042044,0.243541,0.873706,-0.041218,0.255057,0.869371,-0.036315
1780388287.898,left,victory,0.354448,0.897050,0.000000,0.373238,0.872620,-0.017829,0.384487,0.849886,-0.031712,0.374046,0.853276,-0.045112,0.356163,0.862739,-0.057602,0.359575,0.770515,-0.028454,0.359563,0.702779,-0.048732,0.358380,0.664348,-0.058854,0.353879,0.633000,-0.063704,0.331093,0.789779,-0.030883,0.312507,0.747736,-0.054484,0.296613,0.715967,-0.065930,0.279476,0.686103,-0.069334,0.315289,0.826623,-0.034351,0.336409,0.852595,-0.059033,0.356662,0.869960,-0.061385,0.365469,0.872339,-0.055121,0.308621,0.867020,-0.039131,0.332343,0.892208,-0.053565,0.351350,0.900093,-0.050209,0.361168,0.896595,-0.042839
1780388288.431,left,victory,0.445964,0.909269,0.000000,0.477349,0.909119,-0.013352,0.498333,0.896127,-0.025429,0.510561,0.888431,-0.038823,0.521312,0.894062,-0.050767,0.500931,0.789672,-0.015900,0.522202,0.732778,-0.030347,0.533229,0.695069,-0.038955,0.541056,0.662167,-0.044119,0.479892,0.782517,-0.020290,0.488177,0.727560,-0.037815,0.495731,0.690153,-0.046960,0.500936,0.659636,-0.050357,0.461597,0.794444,-0.025989,0.488867,0.808172,-0.046027,0.497814,0.842366,-0.048507,0.499458,0.863342,-0.044012,0.449465,0.821308,-0.033047,0.476539,0.842623,-0.043995,0.485149,0.866015,-0.041897,0.486503,0.879589,-0.036780
1780388288.937,left,victory,0.521772,0.850947,0.000000,0.563028,0.862053,0.000203,0.588670,0.855947,-0.004033,0.607948,0.855591,-0.012367,0.621138,0.841802,-0.019101,0.588675,0.748854,0.006336,0.615718,0.733774,-0.002851,0.632431,0.713898,-0.009151,0.642944,0.692482,-0.012542,0.580338,0.733613,-0.003663,0.614415,0.690961,-0.016148,0.636615,0.661025,-0.022728,0.653772,0.634335,-0.024593,0.572634,0.736142,-0.014910,0.615869,0.762255,-0.033421,0.617211,0.810126,-0.035402,0.611021,0.841458,-0.030067,0.569013,0.756043,-0.026381,0.602941,0.790373,-0.036807,0.603645,0.824195,-0.034174,0.597438,0.848182,-0.028592
1780388289.448,left,victory,0.581500,0.739724,0.000000,0.603329,0.776097,-0.006468,0.627536,0.796974,-0.009657,0.650246,0.806698,-0.015596,0.666553,0.791454,-0.020362,0.650213,0.729378,0.010567,0.675488,0.716088,0.005971,0.692308,0.706909,0.002481,0.705638,0.697680,0.000873,0.652054,0.711855,0.006831,0.685776,0.684051,-0.001252,0.708325,0.671013,-0.007307,0.725547,0.655761,-0.009374,0.648833,0.696215,0.000519,0.681325,0.721682,-0.017059,0.672533,0.760080,-0.024556,0.658281,0.779081,-0.023404,0.644050,0.685365,-0.006012,0.667440,0.721250,-0.019475,0.659262,0.749932,-0.023091,0.644656,0.764519,-0.021927
1780388289.964,left,victory,0.647572,0.667175,0.000000,0.659252,0.703886,-0.008260,0.679796,0.729919,-0.012755,0.701277,0.740689,-0.018143,0.716980,0.729447,-0.022407,0.702762,0.707638,-0.004609,0.728318,0.737105,-0.011712,0.742664,0.753536,-0.015144,0.755311,0.764356,-0.016833,0.708727,0.686895,-0.006557,0.751476,0.679421,-0.017364,0.772028,0.678659,-0.021189,0.789197,0.675773,-0.021910,0.708703,0.666147,-0.009676,0.738960,0.690467,-0.026508,0.720674,0.714225,-0.026231,0.704188,0.720972,-0.020830,0.705280,0.646621,-0.013214,0.722461,0.679714,-0.026361,0.709122,0.698281,-0.025212,0.695288,0.701533,-0.021008
1780388290.509,left,victory,0.687970,0.669666,0.000000,0.696689,0.705613,-0.007323,0.714153,0.733051,-0.011120,0.732695,0.737230,-0.015910,0.745324,0.722185,-0.019872,0.744792,0.730876,-0.003405,0.765035,0.762328,-0.010848,0.777241,0.780104,-0.015674,0.788474,0.792361,-0.018592,0.750544,0.706106,-0.006497,0.786974,0.710035,-0.016754,0.805790,0.713620,-0.022439,0.820779,0.713457,-0.024486,0.747924,0.680991,-0.010585,0.768211,0.699194,-0.027167,0.749393,0.714536,-0.029228,0.733958,0.718589,-0.025213,0.740065,0.658064,-0.014936,0.749991,0.682872,-0.027872,0.737198,0.698947,-0.027360,0.724896,0.703537,-0.023331
1780388291.016,left,victory,0.745381,0.680793,0.000000,0.756577,0.715802,-0.005974,0.776325,0.738837,-0.008274,0.794886,0.743722,-0.011719,0.806940,0.731185,-0.014415,0.804882,0.725638,-0.000611,0.828476,0.750430,-0.006138,0.842994,0.762626,-0.009932,0.855507,0.769870,-0.012445,0.808262,0.702011,-0.003654,0.845102,0.695938,-0.012194,0.864484,0.695756,-0.017464,0.879206,0.692450,-0.019782,0.804569,0.679980,-0.007729,0.829777,0.692039,-0.022573,0.816046,0.716739,-0.025595,0.802087,0.727503,-0.023137,0.797014,0.660537,-0.011972,0.812146,0.682980,-0.023812,0.803187,0.702457,-0.024251,0.792409,0.709652,-0.021628
1780388291.569,left,victory,0.806690,0.753645,0.000000,0.820671,0.792531,-0.005854,0.841567,0.812459,-0.007472,0.861588,0.820664,-0.011348,0.877499,0.814115,-0.014631,0.866262,0.772412,0.005021,0.895095,0.768188,0.000061,0.913802,0.762495,-0.003841,0.929618,0.757260,-0.006477,0.868245,0.758270,0.001903,0.902771,0.747320,-0.006555,0.925979,0.746437,-0.013326,0.943651,0.745375,-0.016972,0.866126,0.742905,-0.003050,0.893860,0.765822,-0.018281,0.882766,0.793413,-0.023994,0.868178,0.805134,-0.023340,0.862479,0.729853,-0.008348,0.882297,0.756991,-0.020725,0.876152,0.781849,-0.023989,0.864549,0.794319,-0.023549
1780388292.070,left,victory,0.818125,0.776659,0.000000,0.828936,0.814955,-0.008086,0.853654,0.845653,-0.011439,0.875613,0.860586,-0.016041,0.891599,0.850861,-0.019346,0.887198,0.816991,-0.001192,0.915717,0.840569,-0.007681,0.932382,0.851846,-0.011789,0.946673,0.857934,-0.014065,0.890766,0.791541,-0.004695,0.935811,0.785728,-0.015231,0.960945,0.789847,-0.021549,0.980236,0.790964,-0.023890,0.887604,0.769527,-0.009620,0.914099,0.802991,-0.027893,0.898285,0.831350,-0.032124,0.882846,0.840785,-0.029187,0.881421,0.754102,-0.014804,0.897453,0.794289,-0.028786,0.884583,0.815453,-0.029351,0.870183,0.820907,-0.026159
1780388292.572,left,victory,0.790827,0.649875,0.000000,0.812906,0.693914,-0.008811,0.841857,0.713150,-0.014103,0.858440,0.694266,-0.020997,0.864878,0.665383,-0.027008,0.884269,0.673614,-0.004839,0.915446,0.684405,-0.015899,0.934014,0.694091,-0.023837,0.950137,0.700691,-0.029064,0.880868,0.636884,-0.010689,0.923518,0.610077,-0.025603,0.950689,0.596879,-0.036674,0.971858,0.582095,-0.042522,0.866768,0.611139,-0.017828,0.889742,0.618453,-0.040661,0.877055,0.650940,-0.048074,0.863983,0.667924,-0.046951,0.846079,0.596900,-0.025210,0.858989,0.629876,-0.042191,0.855114,0.658070,-0.044900,0.850025,0.671405,-0.043419
1780388293.115,left,victory,0.767620,0.475180,0.000000,0.792894,0.506842,-0.011892,0.824130,0.507330,-0.017384,0.837415,0.471590,-0.023579,0.840170,0.431070,-0.028550,0.866315,0.465422,-0.007140,0.904638,0.470379,-0.016361,0.928656,0.472488,-0.022063,0.947573,0.471302,-0.025969,0.858031,0.428308,-0.010731,0.894881,0.384266,-0.023715,0.917492,0.362430,-0.032397,0.933468,0.341778,-0.036711,0.840773,0.404569,-0.015940,0.862245,0.397219,-0.038149,0.850005,0.429207,-0.044676,0.837167,0.446090,-0.042896,0.819854,0.394046,-0.021677,0.833046,0.409992,-0.040443,0.828012,0.433293,-0.043979,0.821083,0.442521,-0.042391
1780388293.623,left,victory,0.773054,0.377974,0.000000,0.800724,0.402443,-0.013562,0.832822,0.395517,-0.018944,0.848704,0.361927,-0.024884,0.849598,0.323530,-0.029597,0.859959,0.354628,-0.006749,0.899950,0.352817,-0.016312,0.922337,0.354049,-0.022206,0.940847,0.352926,-0.025826,0.852544,0.323606,-0.008080,0.886500,0.275875,-0.021326,0.905463,0.251583,-0.029820,0.919723,0.230276,-0.033840,0.838269,0.307063,-0.011150,0.863497,0.292507,-0.031233,0.852224,0.320220,-0.034590,0.839469,0.338311,-0.030608,0.822776,0.302433,-0.015111,0.845530,0.300581,-0.029630,0.843431,0.316636,-0.029139,0.834958,0.326186,-0.024994
1780388294.256,left,victory,0.767782,0.330715,0.000000,0.792695,0.352668,-0.005945,0.823341,0.351880,-0.008629,0.842803,0.331906,-0.012868,0.848276,0.302355,-0.015966,0.846963,0.304823,-0.001843,0.881595,0.303252,-0.008648,0.900298,0.303735,-0.012910,0.916047,0.303652,-0.015693,0.841135,0.276715,-0.006713,0.878183,0.224337,-0.017675,0.899845,0.201331,-0.024508,0.915386,0.181533,-0.027633,0.828335,0.260480,-0.012577,0.858379,0.254107,-0.030917,0.850322,0.292734,-0.034519,0.838565,0.314406,-0.031512,0.813279,0.255125,-0.018537,0.836902,0.269081,-0.032691,0.835364,0.296297,-0.033150,0.827949,0.308457,-0.030120
1780388294.771,left,victory,0.736585,0.324193,0.000000,0.767593,0.340275,0.000158,0.796840,0.339089,-0.001018,0.817795,0.329606,-0.005724,0.825491,0.305464,-0.009466,0.811770,0.273231,0.006148,0.844188,0.254985,0.000772,0.860893,0.244824,-0.002896,0.875226,0.232674,-0.005259,0.806191,0.250231,-0.002219,0.841696,0.198021,-0.012457,0.863116,0.168019,-0.020414,0.877973,0.143062,-0.024203,0.795694,0.238662,-0.011302,0.828678,0.245017,-0.027258,0.827802,0.289269,-0.031728,0.821260,0.316442,-0.029581,0.785212,0.239124,-0.020243,0.811716,0.257733,-0.029979,0.814317,0.291674,-0.029620,0.809653,0.313981,-0.026595
1780388295.291,left,victory,0.706813,0.386625,0.000000,0.720399,0.333783,0.022846,0.736024,0.314144,0.026655,0.752306,0.302069,0.025713,0.762338,0.293202,0.025552,0.752840,0.290264,0.003295,0.775206,0.249284,-0.006377,0.785540,0.215299,-0.010581,0.792305,0.187777,-0.011676,0.763810,0.304214,-0.009493,0.804909,0.273190,-0.025570,0.829584,0.249268,-0.033338,0.846676,0.233488,-0.035753,0.770753,0.331997,-0.017992,0.794301,0.345378,-0.020085,0.787784,0.352670,-0.009713,0.780193,0.355543,0.000208,0.772136,0.366458,-0.025265,0.787433,0.375107,-0.014957,0.779129,0.381945,0.000186,0.770792,0.383301,0.012527
1780388295.792,left,victory,0.698274,0.414148,0.000000,0.667778,0.367415,-0.009317,0.662230,0.322844,-0.014221,0.666343,0.302229,-0.016902,0.672633,0.293021,-0.018921,0.715744,0.283541,-0.012477,0.721683,0.224584,-0.010236,0.726427,0.195101,-0.007549,0.733350,0.171204,-0.005784,0.732955,0.299451,-0.006895,0.732873,0.255702,-0.004028,0.727775,0.240232,-0.000337,0.730107,0.229949,0.002172,0.737814,0.316316,-0.001298,0.726397,0.277595,-0.001302,0.713155,0.262690,-0.000807,0.709829,0.259780,0.000502,0.733521,0.326843,0.004033,0.724086,0.287640,0.003072,0.714972,0.272506,0.004943,0.711767,0.268610,0.007715
1780388296.306,left,victory,0.557525,0.555609,0.000000,0.537559,0.485954,-0.006881,0.541338,0.423625,-0.013755,0.560067,0.395646,-0.019474,0.573679,0.386658,-0.025312,0.577129,0.386698,-0.026929,0.582363,0.296521,-0.039353,0.589304,0.245976,-0.046838,0.596148,0.206436,-0.051023,0.604224,0.403221,-0.025941,0.628966,0.321842,-0.033932,0.647751,0.276167,-0.036964,0.664258,0.244568,-0.038235,0.619114,0.429891,-0.023826,0.613478,0.398716,-0.027616,0.599136,0.408314,-0.025269,0.589755,0.429397,-0.021701,0.624815,0.457521,-0.022563,0.615490,0.436051,-0.025074,0.601936,0.445313,-0.021005,0.593060,0.464159,-0.015775
1780388296.813,left,victory,0.469405,0.716887,0.000000,0.456298,0.639414,-0.004227,0.469647,0.576124,-0.011926,0.498702,0.557771,-0.019321,0.522925,0.562013,-0.026604,0.494960,0.544815,-0.026325,0.504325,0.449268,-0.038017,0.511539,0.396459,-0.043225,0.518637,0.356712,-0.045485,0.524557,0.565550,-0.027993,0.557687,0.480386,-0.038303,0.581862,0.429572,-0.043439,0.603144,0.397308,-0.045659,0.542452,0.597006,-0.027493,0.544250,0.553689,-0.031814,0.529107,0.559054,-0.027400,0.518230,0.576016,-0.022242,0.551805,0.626883,-0.027618,0.544203,0.595619,-0.027003,0.531661,0.601846,-0.018508,0.523451,0.618123,-0.010303
1780388297.379,left,victory,0.470082,0.735547,0.000000,0.458712,0.651495,-0.002790,0.475588,0.589339,-0.009635,0.507352,0.577604,-0.016293,0.532611,0.586542,-0.022917,0.500369,0.563391,-0.024248,0.513729,0.470308,-0.035089,0.522757,0.417631,-0.039754,0.530859,0.376037,-0.041755,0.529626,0.587130,-0.026743,0.566389,0.504408,-0.036374,0.593159,0.455041,-0.041104,0.616520,0.423205,-0.043021,0.547537,0.619433,-0.027060,0.553551,0.566385,-0.031953,0.537203,0.565186,-0.028296,0.524595,0.578434,-0.023525,0.557778,0.650058,-0.027738,0.549950,0.610095,-0.027519,0.535789,0.611233,-0.019491,0.526683,0.624802,-0.011671
1780388297.947,left,victory,0.485626,0.736649,0.000000,0.469100,0.658213,-0.017049,0.484311,0.589422,-0.030832,0.515786,0.553072,-0.039451,0.541807,0.546389,-0.047251,0.506700,0.610279,-0.054175,0.522549,0.515649,-0.070274,0.533054,0.462053,-0.076723,0.542888,0.419769,-0.080295,0.536588,0.630003,-0.047807,0.576475,0.543254,-0.064794,0.604535,0.492827,-0.070410,0.628334,0.458758,-0.072932,0.554853,0.645849,-0.038382,0.562556,0.566551,-0.048488,0.542965,0.565344,-0.040322,0.528804,0.580342,-0.031769,0.564490,0.654022,-0.029896,0.560094,0.591192,-0.035167,0.544942,0.589764,-0.027392,0.535937,0.603087,-0.019248
1780388298.468,left,victory,0.488347,0.722995,0.000000,0.482599,0.653831,0.002560,0.496986,0.597301,-0.005590,0.523832,0.574534,-0.014739,0.547898,0.567702,-0.023757,0.491652,0.568206,-0.027176,0.508478,0.485939,-0.041557,0.518806,0.441672,-0.047555,0.528211,0.410756,-0.049724,0.512101,0.589360,-0.035927,0.545053,0.497249,-0.050564,0.566432,0.443321,-0.055886,0.583617,0.405519,-0.058107,0.534276,0.621553,-0.041892,0.568700,0.553732,-0.052928,0.558566,0.566634,-0.045247,0.545848,0.586057,-0.036454,0.553616,0.657064,-0.047315,0.571053,0.596410,-0.049849,0.561038,0.604376,-0.037699,0.552465,0.621706,-0.026532
1780388298.979,left,victory,0.492234,0.729090,0.000000,0.488712,0.657581,0.004667,0.502076,0.603060,-0.003824,0.526719,0.582414,-0.013983,0.550113,0.579363,-0.023920,0.496627,0.569073,-0.027521,0.512035,0.482975,-0.042710,0.519745,0.431097,-0.049414,0.525334,0.390440,-0.052768,0.514778,0.589406,-0.038027,0.548129,0.498774,-0.055560,0.568788,0.446410,-0.060933,0.583939,0.407936,-0.062916,0.534520,0.619871,-0.045594,0.574167,0.562034,-0.056703,0.566913,0.579059,-0.046284,0.554206,0.597180,-0.035644,0.552468,0.654367,-0.052849,0.576815,0.601635,-0.053511,0.568888,0.609668,-0.039416,0.558675,0.622456,-0.027252
1780388299.510,left,victory,0.476409,0.752293,0.000000,0.518839,0.719342,0.001471,0.541103,0.682215,-0.005980,0.560184,0.656918,-0.017755,0.576437,0.634385,-0.028159,0.501131,0.587822,-0.006860,0.518562,0.508578,-0.022058,0.535089,0.457190,-0.031403,0.548691,0.417778,-0.036165,0.499625,0.591510,-0.018399,0.527991,0.508149,-0.034381,0.546344,0.456624,-0.042085,0.560192,0.412332,-0.045268,0.504706,0.611950,-0.030033,0.560667,0.588661,-0.047010,0.567629,0.625261,-0.044340,0.561863,0.652623,-0.037031,0.516717,0.643564,-0.041987,0.557420,0.625226,-0.049149,0.564610,0.647411,-0.041954,0.561130,0.666953,-0.033795
1780388300.035,left,victory,0.417246,0.800705,0.000000,0.456479,0.804678,-0.007776,0.486722,0.788090,-0.016988,0.507836,0.776045,-0.029246,0.501956,0.770138,-0.039620,0.492076,0.672784,-0.007695,0.523539,0.629776,-0.020469,0.540914,0.594399,-0.027980,0.552942,0.565380,-0.032508,0.471120,0.661069,-0.016777,0.495273,0.593443,-0.035177,0.512353,0.551625,-0.044052,0.523961,0.519275,-0.046955,0.453750,0.670063,-0.026975,0.495659,0.678716,-0.049825,0.499928,0.727923,-0.050502,0.494769,0.759398,-0.043485,0.443417,0.697317,-0.038212,0.482756,0.718766,-0.051209,0.485087,0.752225,-0.047786,0.477625,0.773668,-0.041114
1780388300.548,left,victory,0.407168,0.819902,0.000000,0.448835,0.837771,-0.002925,0.478228,0.835466,-0.009809,0.497837,0.837515,-0.020307,0.499813,0.829085,-0.029456,0.489484,0.735368,-0.004344,0.524264,0.709456,-0.016442,0.545066,0.686397,-0.023963,0.560504,0.663622,-0.028458,0.475381,0.718159,-0.014396,0.508872,0.675186,-0.031344,0.531282,0.645645,-0.040629,0.548586,0.618794,-0.044215,0.460612,0.720215,-0.025144,0.499360,0.753259,-0.046795,0.498978,0.800887,-0.049008,0.492530,0.828495,-0.043407,0.449797,0.740560,-0.036327,0.483156,0.774913,-0.049059,0.486565,0.809004,-0.046620,0.483236,0.831101,-0.040782
1780388301.075,left,victory,0.420731,0.854271,0.000000,0.461367,0.878874,-0.003721,0.487943,0.882131,-0.011261,0.506533,0.891264,-0.022130,0.519856,0.896169,-0.031679,0.508939,0.784815,-0.005810,0.544999,0.771144,-0.018589,0.567769,0.751483,-0.026309,0.585675,0.731316,-0.030913,0.497343,0.764665,-0.015173,0.533379,0.733411,-0.032346,0.557186,0.709199,-0.040781,0.576207,0.687723,-0.043688,0.483534,0.765269,-0.025372,0.519609,0.808730,-0.048333,0.518419,0.859974,-0.051380,0.511265,0.891400,-0.046005,0.470891,0.784752,-0.035835,0.500945,0.828059,-0.049610,0.502312,0.863403,-0.047658,0.497352,0.886911,-0.041877
1780388301.617,left,victory,0.412764,0.865658,0.000000,0.451086,0.892858,-0.003555,0.480337,0.896682,-0.010754,0.498923,0.906705,-0.021530,0.505147,0.911801,-0.030870,0.502614,0.799612,-0.005726,0.539973,0.781666,-0.018357,0.562827,0.761385,-0.025596,0.580808,0.742197,-0.029896,0.489094,0.777448,-0.015619,0.525209,0.742354,-0.034716,0.549465,0.717134,-0.044395,0.568213,0.695710,-0.047580,0.473950,0.777208,-0.026128,0.509559,0.821789,-0.050251,0.507521,0.872715,-0.053361,0.500903,0.902832,-0.047531,0.460080,0.797111,-0.036856,0.491359,0.844599,-0.050324,0.490444,0.879755,-0.047648,0.484280,0.901569,-0.041297
1780388302.122,left,victory,0.405741,0.863689,0.000000,0.444499,0.891270,-0.003281,0.474530,0.895422,-0.010570,0.493272,0.903608,-0.021404,0.496310,0.900709,-0.030607,0.497714,0.797315,-0.006784,0.534148,0.778519,-0.019803,0.556821,0.759488,-0.027479,0.575010,0.740046,-0.032350,0.483148,0.774703,-0.017009,0.518138,0.739476,-0.036906,0.542018,0.715398,-0.046862,0.559992,0.694127,-0.050621,0.466517,0.772457,-0.027698,0.501630,0.815912,-0.050852,0.497791,0.865170,-0.051725,0.489828,0.891407,-0.045053,0.452039,0.791430,-0.038876,0.483627,0.838775,-0.051428,0.480435,0.872300,-0.047740,0.472418,0.890281,-0.041164
1780388302.631,left,victory,0.445531,0.837811,0.000000,0.489237,0.860189,-0.000460,0.516962,0.854182,-0.004966,0.536497,0.855453,-0.013136,0.550156,0.851474,-0.019796,0.529743,0.755221,0.001350,0.561876,0.739597,-0.009142,0.582497,0.719405,-0.016195,0.597858,0.699862,-0.020551,0.519057,0.739191,-0.008804,0.554276,0.702419,-0.022788,0.577649,0.676999,-0.030310,0.596545,0.654700,-0.033131,0.506742,0.743623,-0.019896,0.545075,0.779302,-0.039701,0.546507,0.828815,-0.042200,0.540761,0.859948,-0.037568,0.496211,0.767032,-0.031216,0.526476,0.805952,-0.043493,0.527837,0.840234,-0.041879,0.522764,0.863092,-0.036997
1780388303.142,left,victory,0.525159,0.803148,0.000000,0.568567,0.808164,0.003173,0.594738,0.798848,-0.000790,0.616245,0.796502,-0.009492,0.630925,0.775689,-0.016717,0.591744,0.689571,0.007698,0.619520,0.665847,-0.001738,0.637697,0.641511,-0.008420,0.649994,0.618613,-0.011964,0.585312,0.679957,-0.003689,0.621610,0.635649,-0.015474,0.645545,0.605690,-0.021014,0.664025,0.578933,-0.022396,0.580133,0.688123,-0.016170,0.628237,0.709460,-0.033229,0.629790,0.756655,-0.033675,0.622358,0.786466,-0.027855,0.578825,0.714095,-0.028740,0.616828,0.739208,-0.037857,0.615787,0.771211,-0.033837,0.606597,0.793998,-0.027506
1780388303.665,left,victory,0.497837,0.831182,0.000000,0.541458,0.843919,0.002735,0.569051,0.834639,-0.001865,0.589141,0.832906,-0.011423,0.603265,0.825813,-0.019478,0.574438,0.726150,0.005472,0.604232,0.705650,-0.004242,0.623786,0.680888,-0.010781,0.637220,0.657468,-0.015049,0.565626,0.711871,-0.006826,0.602308,0.667303,-0.020384,0.626122,0.638418,-0.027267,0.644862,0.612826,-0.029878,0.557186,0.716635,-0.019840,0.605270,0.743252,-0.038171,0.603532,0.794074,-0.037335,0.594093,0.824271,-0.030807,0.552782,0.740794,-0.033118,0.589247,0.778588,-0.043772,0.587816,0.811160,-0.040099,0.579066,0.829802,-0.034102
1780388304.228,left,victory,0.446383,0.779161,0.000000,0.482398,0.779923,-0.007676,0.515151,0.760086,-0.015697,0.537269,0.746562,-0.026200,0.532527,0.738714,-0.034857,0.517811,0.646444,-0.008631,0.551399,0.605617,-0.021233,0.568679,0.573124,-0.028642,0.579974,0.543365,-0.033163,0.498128,0.631330,-0.017352,0.525185,0.562478,-0.034956,0.544201,0.520305,-0.044303,0.557147,0.484833,-0.047754,0.480293,0.636836,-0.027032,0.523645,0.648054,-0.049975,0.531352,0.698670,-0.052542,0.529485,0.729665,-0.046840,0.469126,0.661007,-0.037511,0.509328,0.687070,-0.051182,0.514093,0.722194,-0.049196,0.510052,0.744965,-0.043603
1780388304.738,left,victory,0.340144,0.730889,0.000000,0.374440,0.706041,-0.014378,0.399993,0.671078,-0.024309,0.404393,0.639468,-0.035733,0.397671,0.614061,-0.045924,0.375243,0.551669,-0.016361,0.377543,0.464978,-0.031509,0.376950,0.407275,-0.040898,0.377196,0.358954,-0.045814,0.350276,0.548231,-0.021155,0.358571,0.465436,-0.040622,0.362505,0.402344,-0.052631,0.364313,0.354187,-0.057206,0.327982,0.562910,-0.027183,0.355202,0.550830,-0.052959,0.372180,0.590771,-0.059628,0.380299,0.626384,-0.055553,0.310446,0.592733,-0.034157,0.338279,0.588807,-0.050399,0.356775,0.613022,-0.050250,0.368696,0.637092,-0.044689
1780388305.243,left,victory,0.257937,0.676085,0.000000,0.284198,0.635076,-0.017606,0.300972,0.579752,-0.030100,0.297671,0.537030,-0.043365,0.275463,0.535307,-0.054917,0.264234,0.475628,-0.018590,0.275735,0.395764,-0.034654,0.278293,0.349126,-0.044272,0.276785,0.309298,-0.049528,0.233922,0.483782,-0.023067,0.213650,0.394109,-0.045223,0.201260,0.337460,-0.058248,0.188872,0.290947,-0.063096,0.212575,0.513639,-0.028673,0.237719,0.483896,-0.057813,0.263468,0.521776,-0.062892,0.275603,0.553349,-0.056516,0.201499,0.551899,-0.035468,0.229017,0.531085,-0.053584,0.252226,0.548082,-0.051807,0.267193,0.566881,-0.044603
1780388305.748,left,victory,0.240518,0.672442,0.000000,0.275969,0.603983,0.002865,0.292478,0.548877,-0.006658,0.305310,0.510664,-0.020912,0.319242,0.492512,-0.033478,0.238202,0.478073,-0.010737,0.244444,0.397595,-0.025390,0.248262,0.342722,-0.034967,0.249805,0.299085,-0.042070,0.235824,0.491054,-0.024598,0.244357,0.401099,-0.047375,0.250709,0.341026,-0.060978,0.256319,0.293011,-0.068843,0.241830,0.519745,-0.037135,0.291230,0.462042,-0.056416,0.309005,0.490696,-0.051400,0.312829,0.515848,-0.043056,0.258465,0.552613,-0.050030,0.295677,0.505537,-0.058083,0.312521,0.515960,-0.050229,0.318655,0.529997,-0.042133
1780388306.286,left,victory,0.264232,0.690747,0.000000,0.245293,0.609389,0.004296,0.250443,0.533102,-0.005734,0.278012,0.485143,-0.017654,0.302339,0.466164,-0.028780,0.225418,0.515596,-0.029891,0.233850,0.413344,-0.048840,0.245730,0.358644,-0.059807,0.257388,0.317696,-0.065886,0.244818,0.542650,-0.041210,0.263173,0.432481,-0.059007,0.284244,0.374189,-0.064900,0.301401,0.334888,-0.069017,0.271080,0.566567,-0.050302,0.304586,0.460846,-0.061873,0.313049,0.462253,-0.054976,0.312697,0.482417,-0.048399,0.298905,0.586569,-0.059531,0.323961,0.500867,-0.061605,0.324267,0.491153,-0.052556,0.318868,0.494702,-0.045139
1780388306.793,left,victory,0.356084,0.719604,0.000000,0.385873,0.675182,-0.007300,0.406259,0.615845,-0.016728,0.417109,0.575375,-0.028303,0.406913,0.550885,-0.038575,0.353399,0.523169,-0.010262,0.359007,0.451133,-0.026322,0.369246,0.406500,-0.037123,0.380504,0.373682,-0.043144,0.332191,0.534415,-0.018258,0.327011,0.442586,-0.035877,0.348803,0.404364,-0.043413,0.371137,0.389735,-0.045314,0.319633,0.557969,-0.027504,0.342160,0.487337,-0.049159,0.371515,0.511130,-0.049737,0.389701,0.545349,-0.044207,0.319039,0.587400,-0.037630,0.353438,0.547455,-0.054341,0.378488,0.563120,-0.054024,0.392975,0.587457,-0.049367
1780388307.337,left,victory,0.368495,0.743688,0.000000,0.398122,0.718416,-0.015060,0.423244,0.674411,-0.027406,0.436273,0.643723,-0.040684,0.424612,0.634424,-0.052247,0.393833,0.552577,-0.017468,0.403037,0.481770,-0.035144,0.412206,0.440364,-0.046038,0.422317,0.408454,-0.052360,0.366047,0.558029,-0.023366,0.360340,0.471852,-0.044353,0.378698,0.441598,-0.053155,0.397623,0.430906,-0.055378,0.345424,0.581661,-0.031191,0.371410,0.538265,-0.057641,0.395933,0.579681,-0.060184,0.410103,0.620785,-0.054462,0.336415,0.616896,-0.040572,0.373079,0.611808,-0.061284,0.393930,0.637324,-0.064041,0.404686,0.659790,-0.060928
1780388307.850,left,victory,0.328383,0.735618,0.000000,0.351258,0.734737,-0.013203,0.369526,0.730631,-0.024546,0.367098,0.728791,-0.036833,0.350784,0.729635,-0.048640,0.387006,0.639862,-0.013869,0.408054,0.603406,-0.030597,0.420778,0.587545,-0.040032,0.428970,0.582842,-0.043442,0.365424,0.618905,-0.016583,0.373264,0.567738,-0.033898,0.377724,0.554052,-0.040977,0.379211,0.556320,-0.041029,0.343387,0.615664,-0.021239,0.347212,0.631207,-0.041244,0.349537,0.674672,-0.045419,0.350446,0.709177,-0.040792,0.324082,0.626422,-0.027089,0.330065,0.657300,-0.039863,0.334256,0.692338,-0.040313,0.338005,0.718670,-0.035761
1780388308.358,left,victory,0.392814,0.628213,0.000000,0.409474,0.641402,-0.008394,0.422144,0.644886,-0.014703,0.418588,0.639885,-0.021690,0.412380,0.632162,-0.028585,0.441587,0.596155,-0.010250,0.456041,0.582259,-0.020800,0.463385,0.583881,-0.027607,0.467683,0.592443,-0.030792,0.430817,0.569033,-0.011824,0.429464,0.545446,-0.024486,0.431205,0.541662,-0.031261,0.433138,0.544197,-0.033160,0.417914,0.552284,-0.014369,0.408233,0.564901,-0.028724,0.401269,0.597396,-0.031429,0.397298,0.621987,-0.028586,0.405340,0.545644,-0.017442,0.399466,0.558222,-0.026305,0.395650,0.582948,-0.025182,0.394133,0.601351,-0.021231
1780388308.900,left,victory,0.535111,0.549127,0.000000,0.549530,0.564173,-0.009675,0.562833,0.567080,-0.015032,0.564437,0.550710,-0.020634,0.565127,0.531950,-0.026013,0.592797,0.539009,-0.006198,0.614391,0.537126,-0.013630,0.627916,0.533848,-0.019314,0.640432,0.530114,-0.023231,0.588596,0.514023,-0.007081,0.608717,0.493294,-0.015034,0.620811,0.477428,-0.022054,0.632923,0.463656,-0.026214,0.578970,0.497787,-0.009028,0.589744,0.483713,-0.021803,0.578381,0.499044,-0.026241,0.569146,0.511723,-0.025631,0.565913,0.490996,-0.011536,0.568183,0.484305,-0.022973,0.561555,0.497065,-0.024864,0.555839,0.508664,-0.023353
1780388309.460,left,victory,0.510987,0.540872,0.000000,0.527172,0.545554,-0.007140,0.541852,0.537104,-0.010458,0.547149,0.518579,-0.014506,0.548671,0.497877,-0.018276,0.570207,0.520274,-0.003595,0.593354,0.517794,-0.010577,0.607561,0.513966,-0.015271,0.619413,0.509966,-0.018160,0.565124,0.504059,-0.006205,0.586544,0.478360,-0.014846,0.599444,0.459655,-0.021524,0.609227,0.444833,-0.024971,0.554605,0.495168,-0.009982,0.565676,0.480666,-0.023423,0.559107,0.487222,-0.029062,0.552519,0.493054,-0.029178,0.542268,0.491666,-0.014141,0.548125,0.482821,-0.024994,0.546803,0.483829,-0.027908,0.545120,0.485119,-0.027669
1780388309.961,left,victory,0.418884,0.596412,0.000000,0.437156,0.586697,-0.008442,0.449873,0.562588,-0.012840,0.448023,0.535459,-0.017409,0.441352,0.512643,-0.021611,0.453765,0.513394,-0.007645,0.467841,0.481659,-0.015486,0.476754,0.462375,-0.021384,0.484393,0.445475,-0.025429,0.441420,0.503178,-0.009651,0.448803,0.456234,-0.017623,0.454900,0.430283,-0.023277,0.459213,0.410032,-0.027088,0.427718,0.504830,-0.012709,0.433930,0.471062,-0.024608,0.439439,0.490754,-0.027611,0.441040,0.510338,-0.027209,0.414208,0.514881,-0.016410,0.422788,0.498211,-0.026708,0.428854,0.513156,-0.028036,0.431059,0.528664,-0.027246
1780388310.489,left,victory,0.356484,0.576186,0.000000,0.372427,0.549219,0.005156,0.382196,0.525544,0.002685,0.394063,0.508538,-0.002543,0.405936,0.495525,-0.006724,0.357626,0.484578,-0.001372,0.361973,0.439024,-0.007486,0.367173,0.411838,-0.010795,0.372209,0.391035,-0.012954,0.358533,0.488047,-0.009242,0.365140,0.436053,-0.019208,0.373630,0.407102,-0.025045,0.380972,0.385965,-0.028186,0.364099,0.499021,-0.016240,0.390090,0.468625,-0.025111,0.399634,0.485762,-0.023484,0.402080,0.500581,-0.019956,0.373367,0.512650,-0.022894,0.394209,0.497520,-0.026425,0.400051,0.508348,-0.023114,0.400067,0.517562,-0.019563
1780388311.018,left,victory,0.375441,0.580754,0.000000,0.374911,0.539860,0.008886,0.381319,0.506806,0.008125,0.390825,0.487340,0.004924,0.401602,0.477052,0.002222,0.378276,0.485477,-0.005228,0.387114,0.437914,-0.012160,0.393353,0.410901,-0.015137,0.398194,0.391530,-0.016625,0.384772,0.494544,-0.013447,0.399613,0.444634,-0.022475,0.410135,0.418417,-0.026514,0.417547,0.401932,-0.028664,0.392754,0.509053,-0.020001,0.417599,0.475804,-0.025825,0.425164,0.486482,-0.021820,0.426400,0.497364,-0.017429,0.401729,0.526608,-0.025854,0.420932,0.504472,-0.026481,0.426350,0.508404,-0.021336,0.426662,0.512897,-0.016679
1780388311.546,left,victory,0.445605,0.576299,0.000000,0.461455,0.551780,0.002540,0.469081,0.529963,-0.000381,0.473611,0.513732,-0.004980,0.478480,0.501634,-0.009416,0.449292,0.495855,-0.006730,0.453572,0.455301,-0.013738,0.460618,0.432751,-0.018196,0.467315,0.417091,-0.020649,0.448153,0.503361,-0.011583,0.471474,0.484106,-0.020641,0.481899,0.495583,-0.023054,0.486122,0.508588,-0.022854,0.451679,0.516197,-0.015872,0.475942,0.501411,-0.022859,0.484210,0.511776,-0.021511,0.486878,0.523126,-0.018835,0.457691,0.529588,-0.019909,0.475223,0.518730,-0.022247,0.482602,0.522114,-0.019242,0.486451,0.526913,-0.016049
1780388312.062,left,victory,0.532169,0.584262,0.000000,0.543899,0.569685,-0.008606,0.551669,0.550128,-0.014055,0.546930,0.538141,-0.019578,0.537028,0.533500,-0.024491,0.538735,0.495751,-0.006445,0.543957,0.462692,-0.013207,0.547031,0.441754,-0.017996,0.549434,0.423952,-0.020888,0.527836,0.499543,-0.007679,0.520141,0.462201,-0.015241,0.517498,0.440169,-0.020243,0.515506,0.421550,-0.022693,0.519242,0.512976,-0.009845,0.521249,0.493197,-0.021151,0.530351,0.511109,-0.022740,0.535082,0.526568,-0.020312,0.512987,0.531627,-0.012623,0.516971,0.517462,-0.020727,0.524675,0.526752,-0.019875,0.528840,0.536511,-0.016957
1780388312.567,left,victory,0.518551,0.605503,0.000000,0.520999,0.599904,-0.015301,0.516088,0.583699,-0.022404,0.502202,0.568034,-0.027627,0.491800,0.553519,-0.032170,0.533273,0.534074,-0.014582,0.541911,0.505838,-0.023166,0.546312,0.485250,-0.028559,0.548983,0.466830,-0.031625,0.522375,0.523073,-0.011973,0.523840,0.481672,-0.021188,0.521556,0.453882,-0.026388,0.520193,0.429474,-0.028254,0.511564,0.526414,-0.010739,0.501270,0.508160,-0.024206,0.497108,0.529591,-0.027912,0.497026,0.546436,-0.026138,0.503351,0.537403,-0.010416,0.494095,0.526921,-0.021882,0.491982,0.542886,-0.023541,0.493772,0.556803,-0.021623
1780388313.079,left,victory,0.467670,0.597676,0.000000,0.474416,0.589304,-0.011737,0.473322,0.569606,-0.017919,0.460585,0.552399,-0.023397,0.450760,0.535606,-0.028249,0.485977,0.522382,-0.010345,0.496688,0.492022,-0.018745,0.502739,0.470869,-0.024313,0.506686,0.452013,-0.027680,0.474639,0.513691,-0.009859,0.476142,0.471054,-0.019205,0.474521,0.441850,-0.025113,0.473048,0.415482,-0.027765,0.463829,0.517887,-0.010459,0.458210,0.495194,-0.023251,0.457069,0.515911,-0.026004,0.457180,0.532183,-0.023979,0.454938,0.529707,-0.011828,0.449766,0.520148,-0.022343,0.450257,0.535261,-0.022929,0.452438,0.548022,-0.020454
1780388313.591,left,victory,0.436578,0.622974,0.000000,0.451133,0.617485,-0.010932,0.459108,0.600418,-0.017517,0.449390,0.582533,-0.023990,0.439397,0.566275,-0.029877,0.466062,0.543451,-0.010345,0.480333,0.511359,-0.019836,0.489417,0.491415,-0.025689,0.496068,0.474064,-0.029079,0.452701,0.533922,-0.011484,0.455857,0.487026,-0.022315,0.456687,0.457691,-0.028917,0.456819,0.432001,-0.031921,0.439623,0.538396,-0.013724,0.439361,0.516750,-0.028911,0.442711,0.543830,-0.031944,0.444725,0.563492,-0.029571,0.427509,0.551331,-0.016594,0.429000,0.541796,-0.028879,0.432768,0.560863,-0.029406,0.435572,0.575705,-0.026569
1780388314.145,left,victory,0.418528,0.689410,0.000000,0.444223,0.686624,-0.006546,0.460723,0.680406,-0.015326,0.473350,0.681714,-0.025846,0.482309,0.686130,-0.035703,0.463838,0.614220,-0.014484,0.482602,0.578633,-0.026129,0.495653,0.560104,-0.032681,0.507912,0.544820,-0.036627,0.450670,0.610162,-0.019848,0.462182,0.580925,-0.033951,0.472234,0.564442,-0.040409,0.481225,0.553257,-0.042920,0.439249,0.619482,-0.025698,0.463968,0.633790,-0.041620,0.473617,0.663626,-0.043868,0.478041,0.686437,-0.041187,0.431853,0.639998,-0.032218,0.453754,0.659927,-0.041909,0.463459,0.677900,-0.041801,0.469162,0.692353,-0.039252
1780388314.672,left,victory,0.335750,0.749473,0.000000,0.343224,0.695023,-0.004612,0.368452,0.663030,-0.011852,0.395257,0.654050,-0.017511,0.415732,0.655691,-0.022735,0.373716,0.661834,-0.029653,0.402344,0.615097,-0.040638,0.420981,0.589512,-0.045028,0.436881,0.569944,-0.047472,0.382900,0.697037,-0.031496,0.424530,0.675055,-0.041138,0.449791,0.666032,-0.041807,0.469132,0.660019,-0.041937,0.387950,0.731210,-0.031784,0.425530,0.707074,-0.038770,0.424746,0.696847,-0.032130,0.416930,0.693845,-0.025755,0.390022,0.761142,-0.032245,0.417989,0.733685,-0.035551,0.419321,0.718814,-0.029292,0.414035,0.713649,-0.023172
1780388315.219,left,victory,0.277638,0.822606,0.000000,0.265825,0.746344,-0.012917,0.289808,0.687535,-0.021559,0.324010,0.659638,-0.025511,0.346663,0.659031,-0.028496,0.298465,0.702721,-0.041499,0.325446,0.629386,-0.050294,0.343567,0.590522,-0.051984,0.359017,0.560047,-0.053194,0.320314,0.739751,-0.037128,0.362637,0.683713,-0.047601,0.389031,0.650011,-0.049907,0.407729,0.626391,-0.051961,0.336526,0.765843,-0.030919,0.371606,0.688194,-0.041902,0.363831,0.659800,-0.042044,0.352084,0.653926,-0.040355,0.349176,0.777291,-0.024460,0.364832,0.706854,-0.033607,0.352271,0.687869,-0.034120,0.340149,0.690593,-0.033178
1780388315.766,left,victory,0.288291,0.865592,0.000000,0.274905,0.783456,-0.013870,0.299978,0.718822,-0.024168,0.338066,0.693437,-0.027783,0.363126,0.696727,-0.031039,0.310902,0.752500,-0.051566,0.342872,0.687227,-0.060035,0.360674,0.647799,-0.061816,0.376386,0.612518,-0.063420,0.333784,0.786334,-0.044608,0.384184,0.722081,-0.055845,0.402413,0.707426,-0.057022,0.412062,0.706421,-0.056057,0.350785,0.809326,-0.034285,0.385815,0.724569,-0.039683,0.394895,0.674612,-0.039462,0.401931,0.648690,-0.039510,0.361807,0.818599,-0.023605,0.372341,0.746215,-0.024080,0.360738,0.720754,-0.020105,0.353954,0.715098,-0.017973
1780388316.308,left,victory,0.274252,0.904377,0.000000,0.258859,0.818439,-0.019274,0.285870,0.749155,-0.030707,0.327150,0.721369,-0.034132,0.353539,0.730322,-0.036985,0.294438,0.798120,-0.055541,0.326388,0.728308,-0.063140,0.343555,0.690053,-0.062996,0.359490,0.655200,-0.063382,0.318540,0.832935,-0.046850,0.368434,0.766551,-0.059321,0.386306,0.750928,-0.061407,0.395857,0.746657,-0.060828,0.336937,0.853044,-0.035136,0.374523,0.760971,-0.045143,0.387191,0.706154,-0.049788,0.396929,0.675211,-0.052468,0.348602,0.856862,-0.023003,0.359508,0.777504,-0.028555,0.348144,0.749502,-0.028528,0.341222,0.743174,-0.028865
1780388316.854,left,victory,0.266739,0.906263,0.000000,0.245561,0.823968,-0.019825,0.270537,0.745282,-0.030310,0.312502,0.710416,-0.032564,0.340534,0.716019,-0.034563,0.281856,0.799437,-0.056768,0.311047,0.729024,-0.064569,0.327343,0.685479,-0.065081,0.342289,0.646331,-0.066510,0.308551,0.831368,-0.047925,0.354092,0.757082,-0.058953,0.373405,0.729387,-0.061161,0.385422,0.715050,-0.062428,0.328196,0.846428,-0.036337,0.363441,0.749355,-0.047565,0.374921,0.692908,-0.054344,0.383580,0.661514,-0.059140,0.340771,0.844835,-0.024238,0.349359,0.762128,-0.032942,0.335234,0.734176,-0.036072,0.325321,0.728314,-0.039036
1780388317.359,left,victory,0.236167,0.923861,0.000000,0.214109,0.846084,-0.016980,0.230371,0.775373,-0.029092,0.262833,0.734875,-0.034990,0.287130,0.733668,-0.039134,0.236305,0.821814,-0.056593,0.256397,0.738813,-0.070745,0.269607,0.689599,-0.074556,0.282990,0.649143,-0.077027,0.265048,0.849426,-0.050546,0.311374,0.766780,-0.064805,0.332795,0.727051,-0.066592,0.346522,0.704015,-0.067850,0.287599,0.859232,-0.042087,0.317164,0.749854,-0.055436,0.305556,0.724055,-0.054664,0.293995,0.725108,-0.051922,0.303288,0.853993,-0.033616,0.312139,0.764905,-0.043216,0.294913,0.745652,-0.043672,0.281067,0.749645,-0.042939
1780388317.879,left,victory,0.252902,0.839558,0.000000,0.240761,0.769052,-0.015534,0.265014,0.704122,-0.026432,0.299267,0.671262,-0.031897,0.319041,0.682161,-0.036315,0.263495,0.718870,-0.049793,0.283458,0.644424,-0.061151,0.299802,0.599855,-0.064794,0.313732,0.565141,-0.067864,0.287025,0.754252,-0.045243,0.326480,0.692031,-0.057204,0.351663,0.655158,-0.059585,0.369294,0.630731,-0.062328,0.306431,0.779676,-0.038799,0.340512,0.697944,-0.049655,0.333770,0.678631,-0.049542,0.322738,0.682078,-0.048369,0.322995,0.792061,-0.032557,0.338511,0.719422,-0.040466,0.325081,0.704692,-0.041221,0.313376,0.710955,-0.041413
1780388318.430,left,victory,0.286334,0.734156,0.000000,0.292966,0.671170,-0.000641,0.314561,0.623735,-0.009153,0.339369,0.609688,-0.017563,0.357927,0.610210,-0.025314,0.308343,0.597918,-0.028789,0.331549,0.537253,-0.043109,0.346912,0.503065,-0.051821,0.359744,0.476117,-0.057276,0.312797,0.630893,-0.035213,0.348945,0.580971,-0.048436,0.371884,0.554695,-0.053343,0.388976,0.537211,-0.057136,0.321081,0.668539,-0.039949,0.366814,0.629305,-0.048933,0.376494,0.625220,-0.045457,0.375250,0.629171,-0.042178,0.331531,0.704111,-0.044775,0.367290,0.667805,-0.048830,0.374909,0.649846,-0.044722,0.375874,0.637175,-0.041063
1780388318.959,left,victory,0.326447,0.680458,0.000000,0.348715,0.662370,-0.011476,0.365666,0.633633,-0.020533,0.370318,0.613932,-0.030449,0.357880,0.609936,-0.039397,0.348847,0.544329,-0.012444,0.363453,0.493241,-0.024983,0.372480,0.462310,-0.033060,0.379818,0.437021,-0.037721,0.328888,0.548465,-0.016392,0.324035,0.487755,-0.031732,0.323660,0.448643,-0.041267,0.322573,0.417359,-0.045712,0.312848,0.567639,-0.021438,0.328951,0.544294,-0.041919,0.344879,0.573330,-0.046310,0.351986,0.597023,-0.043160,0.303371,0.595146,-0.027185,0.324800,0.583830,-0.041199,0.337320,0.602220,-0.041428,0.341899,0.618276,-0.037764
1780388319.486,left,victory,0.319303,0.650720,0.000000,0.334257,0.630048,-0.012007,0.339841,0.602569,-0.019853,0.328134,0.587061,-0.028029,0.312023,0.578640,-0.035517,0.334937,0.533876,-0.011932,0.345863,0.486514,-0.023352,0.352697,0.456487,-0.030512,0.356640,0.431189,-0.034579,0.316220,0.533100,-0.014024,0.306214,0.473970,-0.027345,0.299619,0.438482,-0.035226,0.292774,0.407215,-0.038693,0.301267,0.549246,-0.017154,0.296778,0.524774,-0.035854,0.308446,0.556299,-0.038561,0.315522,0.579202,-0.034584,0.289654,0.574332,-0.020946,0.289863,0.555530,-0.034749,0.299971,0.575303,-0.033420,0.307684,0.592476,-0.028527
1780388320.019,left,victory,0.339734,0.614017,0.000000,0.348709,0.598522,-0.012561,0.347512,0.577925,-0.019861,0.334100,0.564841,-0.026853,0.319004,0.554614,-0.033193,0.348473,0.518525,-0.011813,0.355205,0.475188,-0.022502,0.358142,0.447550,-0.029302,0.359094,0.423876,-0.033294,0.333147,0.515781,-0.012263,0.324824,0.466075,-0.024152,0.316672,0.435385,-0.031178,0.309080,0.408181,-0.034226,0.321286,0.527079,-0.013945,0.310964,0.505979,-0.029470,0.316485,0.529083,-0.032400,0.321813,0.545714,-0.029743,0.312956,0.546435,-0.016499,0.306524,0.538728,-0.028598,0.311507,0.553771,-0.028958,0.317636,0.565079,-0.025903
1780388320.556,left,victory,0.334575,0.605888,0.000000,0.344761,0.583855,-0.011024,0.344031,0.557484,-0.016981,0.329989,0.542567,-0.022836,0.314242,0.534551,-0.028037,0.339717,0.501169,-0.008401,0.345433,0.456494,-0.017181,0.347837,0.427911,-0.023348,0.348625,0.403887,-0.027191,0.324975,0.500145,-0.008759,0.316685,0.453113,-0.018431,0.309958,0.423782,-0.024922,0.303819,0.398465,-0.028215,0.313847,0.512244,-0.010290,0.304923,0.487398,-0.023074,0.310649,0.507861,-0.025362,0.315585,0.524579,-0.023156,0.306188,0.531203,-0.012718,0.300603,0.518732,-0.022818,0.306191,0.530998,-0.022843,0.312216,0.541935,-0.020066
1780388321.080,left,victory,0.273467,0.496184,0.000000,0.285788,0.473245,-0.016669,0.284873,0.438876,-0.024660,0.266268,0.415751,-0.031588,0.248513,0.399932,-0.037514,0.286339,0.373299,-0.012748,0.296577,0.320607,-0.024076,0.301480,0.287788,-0.031788,0.304257,0.260355,-0.036403,0.268072,0.369571,-0.011135,0.262590,0.311421,-0.023717,0.255898,0.275860,-0.031701,0.249974,0.244399,-0.035517,0.253745,0.380382,-0.011362,0.242659,0.348890,-0.028076,0.247034,0.373056,-0.031803,0.252529,0.394195,-0.029388,0.242727,0.399525,-0.012838,0.234414,0.378777,-0.025843,0.238494,0.392797,-0.026549,0.244402,0.407089,-0.023576
1780388321.587,left,victory,0.245893,0.472761,0.000000,0.260239,0.444674,-0.018051,0.258707,0.404884,-0.027497,0.234633,0.382844,-0.035937,0.211042,0.370806,-0.043446,0.254458,0.326444,-0.016073,0.264048,0.263582,-0.029131,0.268488,0.222882,-0.038235,0.270598,0.188496,-0.044125,0.232083,0.323649,-0.015471,0.220454,0.254295,-0.029864,0.209424,0.211130,-0.039751,0.199351,0.173953,-0.045039,0.215770,0.339029,-0.016468,0.199371,0.298742,-0.035948,0.205078,0.324840,-0.040828,0.211472,0.349355,-0.038817,0.205039,0.364947,-0.018726,0.195263,0.344643,-0.035187,0.202718,0.360777,-0.037032,0.211700,0.377218,-0.034257
1780388322.095,left,victory,0.358710,0.538472,0.000000,0.385680,0.528333,-0.017697,0.404648,0.507665,-0.030058,0.396527,0.480847,-0.042743,0.381574,0.461124,-0.054496,0.408492,0.399388,-0.018383,0.431216,0.342478,-0.035633,0.444991,0.308962,-0.047002,0.456155,0.280722,-0.053516,0.384269,0.387582,-0.021246,0.383920,0.304902,-0.040120,0.383221,0.251279,-0.052376,0.382256,0.207751,-0.058678,0.360977,0.399856,-0.025723,0.361185,0.364472,-0.049670,0.373069,0.402022,-0.054521,0.381209,0.434164,-0.051116,0.339029,0.425816,-0.031319,0.343690,0.403364,-0.048325,0.354146,0.429236,-0.046918,0.361545,0.452198,-0.041397
1780388322.606,left,victory,0.566006,0.589713,0.000000,0.597451,0.605005,-0.007990,0.627716,0.604154,-0.015900,0.646526,0.594314,-0.025822,0.646741,0.570152,-0.034390,0.651440,0.506859,-0.006615,0.687090,0.480778,-0.019407,0.708205,0.463358,-0.028130,0.725778,0.448563,-0.033313,0.636001,0.482470,-0.013404,0.662585,0.416341,-0.029236,0.682195,0.381139,-0.039289,0.698299,0.352620,-0.044058,0.616416,0.475761,-0.021295,0.648140,0.472454,-0.042656,0.651288,0.518328,-0.045934,0.647612,0.548494,-0.041769,0.597371,0.484643,-0.029741,0.623596,0.501117,-0.043953,0.629736,0.528355,-0.042931,0.629511,0.543476,-0.038285
1780388323.172,left,victory,0.576829,0.592098,0.000000,0.599768,0.614999,-0.002921,0.624298,0.622500,-0.005187,0.645765,0.618858,-0.010441,0.656753,0.598269,-0.014952,0.640573,0.562340,0.007530,0.669702,0.560003,0.004113,0.686384,0.558652,0.001560,0.700229,0.556817,-0.000009,0.638519,0.542405,0.002237,0.667876,0.503949,-0.004884,0.685788,0.485619,-0.009769,0.699163,0.471525,-0.012011,0.632654,0.528878,-0.004586,0.663005,0.530462,-0.018486,0.660787,0.566579,-0.022475,0.652005,0.590743,-0.020946,0.626231,0.522205,-0.011563,0.652093,0.532996,-0.022093,0.652562,0.562754,-0.023077,0.645139,0.586706,-0.021209
1780388323.697,left,victory,0.569835,0.597196,0.000000,0.584912,0.626017,-0.003613,0.604580,0.637915,-0.005978,0.623134,0.640375,-0.010550,0.636469,0.630173,-0.014536,0.621564,0.591079,0.006255,0.642358,0.592152,0.003971,0.655561,0.592328,0.002516,0.665758,0.593555,0.001591,0.622434,0.573828,0.002031,0.652059,0.544922,-0.002350,0.669413,0.534672,-0.004899,0.682250,0.527673,-0.005940,0.620468,0.559057,-0.003890,0.649992,0.562100,-0.015863,0.647500,0.594878,-0.020624,0.638207,0.616332,-0.020621,0.617989,0.547545,-0.009864,0.638610,0.565857,-0.020942,0.635119,0.591605,-0.024057,0.625347,0.607533,-0.024271
1780388324.226,left,victory,0.654792,0.670642,0.000000,0.671515,0.711581,-0.005716,0.698065,0.744731,-0.009064,0.719239,0.765190,-0.014138,0.734363,0.759521,-0.017557,0.734125,0.711805,-0.000396,0.768875,0.735703,-0.006524,0.788435,0.745559,-0.010741,0.805158,0.751774,-0.013464,0.735962,0.683440,-0.004934,0.781408,0.667347,-0.014891,0.806740,0.664969,-0.020574,0.827377,0.661347,-0.023076,0.730785,0.660012,-0.010507,0.765221,0.686637,-0.026047,0.750850,0.718234,-0.026649,0.735278,0.729047,-0.022313,0.721303,0.644690,-0.016577,0.743644,0.684285,-0.028366,0.733022,0.707344,-0.026706,0.719109,0.712598,-0.022258
1780388324.758,left,victory,0.699332,0.745722,0.000000,0.715929,0.802912,-0.003266,0.741560,0.845935,-0.008156,0.759085,0.872857,-0.016623,0.772337,0.875186,-0.023713,0.796601,0.810601,-0.001470,0.834716,0.849253,-0.010991,0.858492,0.865745,-0.016830,0.879352,0.874681,-0.020517,0.799235,0.774619,-0.010759,0.853197,0.773565,-0.026552,0.885228,0.779443,-0.035340,0.910612,0.779845,-0.038760,0.792183,0.746064,-0.020836,0.820038,0.804043,-0.044133,0.796656,0.845053,-0.047458,0.776558,0.858305,-0.042398,0.779677,0.731916,-0.030941,0.794523,0.798122,-0.046510,0.779379,0.821931,-0.045354,0.764465,0.823424,-0.040209
1780388325.301,left,victory,0.654843,0.686218,0.000000,0.673894,0.738487,-0.007711,0.699122,0.775915,-0.017464,0.714825,0.801072,-0.030202,0.725831,0.810047,-0.041325,0.764121,0.736556,-0.012860,0.809558,0.767386,-0.028732,0.837935,0.780342,-0.038144,0.861978,0.785530,-0.043754,0.760606,0.693412,-0.022892,0.815911,0.683833,-0.044355,0.850434,0.680630,-0.056648,0.878326,0.673265,-0.061894,0.745888,0.661484,-0.033542,0.771455,0.717322,-0.061316,0.751599,0.763685,-0.064837,0.733770,0.782785,-0.058791,0.725164,0.647396,-0.044568,0.738556,0.711126,-0.062380,0.726247,0.743925,-0.060112,0.713858,0.753758,-0.053253
1780388325.831,left,victory,0.580922,0.755478,0.000000,0.606465,0.851391,-0.016798,0.628521,0.915284,-0.038560,0.631656,0.961638,-0.063278,0.628291,0.982023,-0.085877,0.696475,0.883865,-0.046994,0.763424,0.933099,-0.076624,0.802140,0.960864,-0.091728,0.836478,0.980119,-0.100949,0.691022,0.823952,-0.059390,0.741046,0.844119,-0.102608,0.783234,0.853166,-0.123701,0.818797,0.857516,-0.133085,0.669909,0.782100,-0.071540,0.658463,0.886817,-0.113272,0.630827,0.947704,-0.118982,0.613048,0.978293,-0.112495,0.639089,0.763335,-0.085049,0.626917,0.861807,-0.106834,0.609997,0.899402,-0.103577,0.599510,0.913660,-0.095927
1780388326.462,left,victory,0.405295,0.676508,-0.000000,0.398345,0.706657,-0.003414,0.387013,0.725915,-0.013114,0.370648,0.727671,-0.024265,0.357289,0.726623,-0.036400,0.418416,0.753206,-0.017176,0.394718,0.749191,-0.031490,0.378701,0.729328,-0.042733,0.372471,0.711250,-0.050317,0.422634,0.728974,-0.023402,0.399101,0.726209,-0.035468,0.379565,0.706944,-0.041568,0.371857,0.691141,-0.046460,0.422445,0.701521,-0.029691,0.402049,0.699302,-0.041143,0.382325,0.688424,-0.041533,0.374483,0.678304,-0.041457,0.418708,0.673508,-0.036114,0.402416,0.671146,-0.043156,0.389153,0.667539,-0.040722,0.383086,0.662533,-0.039038
1780388326.994,left,victory,0.378357,0.611271,0.000000,0.372147,0.553402,0.008325,0.384450,0.511522,0.007593,0.402361,0.498311,0.004619,0.418532,0.499250,0.001532,0.383804,0.486689,-0.003965,0.383426,0.431586,-0.010864,0.378959,0.397216,-0.015588,0.373583,0.369029,-0.018125,0.399827,0.494014,-0.011325,0.418148,0.437542,-0.013084,0.428088,0.405113,-0.015042,0.435210,0.381287,-0.016974,0.413752,0.512448,-0.017172,0.430642,0.489933,-0.015002,0.425325,0.501372,-0.010416,0.418500,0.512218,-0.007506,0.424120,0.535850,-0.022889,0.430151,0.520359,-0.016678,0.424436,0.528589,-0.008170,0.419172,0.537844,-0.002153
1780388327.520,left,victory,0.419134,0.599064,0.000000,0.413051,0.549242,0.006639,0.423299,0.514327,0.005109,0.437814,0.499780,0.001989,0.452395,0.498854,-0.001528,0.425727,0.493614,-0.008046,0.426077,0.443682,-0.015008,0.424792,0.410680,-0.019203,0.422225,0.384297,-0.021595,0.439715,0.501780,-0.013876,0.458796,0.451727,-0.016376,0.468467,0.427276,-0.016112,0.473434,0.409715,-0.016247,0.451472,0.519126,-0.018277,0.467811,0.489371,-0.017104,0.464286,0.498211,-0.010574,0.458496,0.508523,-0.006160,0.460140,0.541052,-0.022527,0.468099,0.517420,-0.017751,0.463831,0.523208,-0.009159,0.459164,0.531798,-0.002893
1780388328.046,left,victory,0.434625,0.654011,0.000000,0.455543,0.650103,-0.015192,0.468626,0.635918,-0.025115,0.455766,0.632928,-0.035080,0.438883,0.628566,-0.044456,0.466144,0.553552,-0.016519,0.480410,0.502412,-0.030157,0.489340,0.473231,-0.036727,0.495269,0.448032,-0.039267,0.445412,0.545320,-0.017912,0.439978,0.486143,-0.034053,0.436019,0.449705,-0.042219,0.431397,0.418399,-0.043856,0.427683,0.554288,-0.020787,0.430358,0.568719,-0.041587,0.440020,0.607660,-0.045542,0.445532,0.629084,-0.040549,0.413940,0.571261,-0.024613,0.419209,0.593150,-0.036546,0.426962,0.620324,-0.034886,0.431604,0.634097,-0.029294
1780388328.554,left,victory,0.335714,0.702903,0.000000,0.359077,0.709379,-0.016931,0.375251,0.704664,-0.029213,0.359689,0.705036,-0.041887,0.339598,0.701263,-0.054402,0.382583,0.606232,-0.021031,0.410682,0.552697,-0.038587,0.427357,0.523052,-0.047456,0.438519,0.496365,-0.051100,0.358667,0.586711,-0.023436,0.359056,0.517100,-0.042745,0.357583,0.472588,-0.053417,0.354796,0.431935,-0.056328,0.336667,0.592046,-0.027335,0.332066,0.618372,-0.051414,0.338172,0.663532,-0.057179,0.343553,0.685776,-0.052422,0.318848,0.610618,-0.032132,0.317391,0.642145,-0.046724,0.324506,0.676667,-0.044503,0.330857,0.695792,-0.037433
1780388329.099,left,victory,0.349944,0.734059,0.000001,0.379543,0.721650,-0.018429,0.404979,0.706690,-0.034577,0.410279,0.697723,-0.052005,0.394757,0.702956,-0.068303,0.396545,0.580978,-0.024369,0.423060,0.507576,-0.043446,0.438445,0.465426,-0.052961,0.447965,0.428224,-0.056656,0.366117,0.573162,-0.028670,0.362890,0.488266,-0.052082,0.359397,0.431903,-0.064040,0.353273,0.384234,-0.066785,0.339296,0.587609,-0.034309,0.366386,0.612236,-0.064520,0.381021,0.665574,-0.070448,0.385156,0.698920,-0.063291,0.320971,0.614815,-0.041065,0.345914,0.636958,-0.057699,0.361705,0.672054,-0.054482,0.370329,0.698297,-0.045630
1780388329.626,left,victory,0.413076,0.732147,0.000000,0.452779,0.713808,-0.017045,0.484033,0.690917,-0.032184,0.503313,0.676705,-0.049652,0.497580,0.676538,-0.065634,0.474360,0.552889,-0.020319,0.496994,0.472879,-0.038540,0.509149,0.423548,-0.048043,0.515710,0.378729,-0.052716,0.443730,0.544407,-0.027590,0.447176,0.451767,-0.052220,0.447248,0.387169,-0.065958,0.444868,0.333715,-0.070122,0.417591,0.563732,-0.036340,0.457667,0.573273,-0.069016,0.480622,0.627797,-0.077906,0.492485,0.666834,-0.072522,0.401480,0.599916,-0.046163,0.437233,0.615593,-0.065035,0.457405,0.650359,-0.064985,0.471004,0.680530,-0.058400
1780388330.139,left,victory,0.416667,0.806694,0.000000,0.409382,0.701122,-0.007519,0.444701,0.631246,-0.018893,0.491742,0.609107,-0.028280,0.530305,0.614283,-0.036456,0.459719,0.611803,-0.039469,0.485486,0.506344,-0.054954,0.498631,0.443189,-0.062084,0.511532,0.395209,-0.066426,0.491313,0.652992,-0.041448,0.547227,0.579888,-0.054197,0.584837,0.539554,-0.058969,0.616097,0.515199,-0.062367,0.511122,0.695504,-0.040964,0.542944,0.621239,-0.048576,0.524292,0.611844,-0.041563,0.505369,0.621133,-0.035387,0.523005,0.731165,-0.041085,0.533434,0.664497,-0.043988,0.517540,0.654249,-0.035233,0.504624,0.665031,-0.027078
1780388330.675,left,victory,0.354136,0.963182,0.000001,0.327612,0.838444,-0.012950,0.344220,0.727232,-0.026366,0.382812,0.665090,-0.036211,0.421140,0.649017,-0.044179,0.375859,0.751348,-0.049488,0.372804,0.618733,-0.066184,0.372350,0.548167,-0.073259,0.374491,0.484791,-0.078263,0.418421,0.769934,-0.047734,0.463491,0.638941,-0.067782,0.496057,0.563710,-0.077389,0.524439,0.507580,-0.083083,0.443167,0.786511,-0.042297,0.445365,0.652506,-0.055778,0.418372,0.667578,-0.047795,0.402412,0.699725,-0.038416,0.456448,0.793067,-0.037425,0.444115,0.695425,-0.044747,0.421175,0.699143,-0.036222,0.411279,0.719823,-0.026678
1780388331.215,left,victory,0.340913,0.696467,0.000000,0.333884,0.599186,0.004741,0.352763,0.533661,0.002698,0.383072,0.516272,-0.001166,0.408586,0.522143,-0.005131,0.363631,0.499294,-0.007508,0.371349,0.410072,-0.014656,0.373116,0.358625,-0.018247,0.373955,0.318753,-0.019617,0.391736,0.521961,-0.014185,0.423651,0.444746,-0.018709,0.441626,0.400592,-0.021893,0.454846,0.367895,-0.023768,0.412623,0.555146,-0.019427,0.432912,0.504588,-0.023478,0.421606,0.510209,-0.022321,0.408602,0.522032,-0.019526,0.426928,0.588511,-0.024149,0.433984,0.540075,-0.022721,0.423464,0.539016,-0.015173,0.413137,0.549006,-0.008208
1780388331.756,left,victory,0.316743,0.684716,0.000000,0.338396,0.634403,-0.000539,0.351890,0.597963,-0.009180,0.366499,0.581588,-0.020434,0.376625,0.579583,-0.031036,0.329365,0.536556,-0.015056,0.338326,0.474574,-0.026766,0.340773,0.435708,-0.033945,0.340907,0.402524,-0.039448,0.315597,0.553073,-0.025390,0.322313,0.508517,-0.041773,0.323406,0.473691,-0.049613,0.322701,0.445132,-0.054252,0.308654,0.582649,-0.035280,0.341368,0.561468,-0.051091,0.362794,0.571483,-0.051648,0.374026,0.583548,-0.049318,0.308155,0.618871,-0.045473,0.333477,0.602093,-0.054767,0.348587,0.599290,-0.053402,0.357817,0.598326,-0.050897
1780388332.291,left,victory,0.392819,0.622602,0.000000,0.411121,0.605515,-0.008219,0.423669,0.589700,-0.016503,0.431495,0.579383,-0.025862,0.426941,0.579694,-0.034426,0.409722,0.525149,-0.013473,0.418231,0.481165,-0.023546,0.422532,0.453769,-0.029282,0.424249,0.429774,-0.032553,0.393788,0.529324,-0.017098,0.392622,0.490492,-0.029369,0.389759,0.462414,-0.035607,0.385826,0.439351,-0.038121,0.382083,0.543948,-0.021232,0.402342,0.541153,-0.035519,0.413850,0.562986,-0.037509,0.418072,0.580032,-0.034518,0.376551,0.564807,-0.026221,0.396953,0.565292,-0.035073,0.408638,0.578664,-0.034504,0.414651,0.591612,-0.031329
1780388332.798,left,victory,0.420271,0.613014,0.000000,0.434177,0.602206,-0.008741,0.446986,0.582849,-0.015599,0.450567,0.567405,-0.022925,0.441344,0.566353,-0.029541,0.437102,0.521163,-0.009830,0.447532,0.484808,-0.018592,0.453071,0.462235,-0.023789,0.456548,0.442721,-0.026709,0.422539,0.521323,-0.012588,0.420452,0.478388,-0.023678,0.419485,0.451564,-0.029775,0.417109,0.428242,-0.032126,0.410194,0.532384,-0.016111,0.425355,0.523172,-0.030456,0.435131,0.545608,-0.032580,0.437966,0.561123,-0.029500,0.401919,0.549951,-0.020261,0.418141,0.545817,-0.029118,0.427398,0.560316,-0.027994,0.430635,0.571814,-0.024500
1780388333.325,left,victory,0.386386,0.646280,0.000000,0.402852,0.633075,-0.012713,0.416263,0.613894,-0.022419,0.417726,0.600856,-0.032108,0.407459,0.601689,-0.041083,0.405053,0.540974,-0.015534,0.415423,0.498622,-0.026378,0.420404,0.471681,-0.032843,0.423125,0.447723,-0.036555,0.387201,0.542899,-0.017249,0.383139,0.501225,-0.030328,0.378990,0.472163,-0.037650,0.373872,0.446749,-0.040684,0.372699,0.557684,-0.019914,0.387545,0.555702,-0.036529,0.397865,0.580246,-0.039859,0.400973,0.596966,-0.037013,0.363330,0.579288,-0.023508,0.378582,0.578290,-0.034000,0.389028,0.594189,-0.033485,0.394060,0.607113,-0.029960
1780388333.858,left,victory,0.388040,0.664774,0.000000,0.405215,0.650868,-0.012244,0.420095,0.633082,-0.022196,0.420674,0.622824,-0.032319,0.410074,0.627432,-0.041715,0.409349,0.562826,-0.016329,0.420155,0.519872,-0.027722,0.425676,0.491814,-0.034152,0.429020,0.467081,-0.037814,0.390584,0.563275,-0.018334,0.387582,0.522198,-0.032153,0.384204,0.494018,-0.039263,0.379722,0.468413,-0.041945,0.375872,0.576527,-0.021188,0.391620,0.578545,-0.037976,0.401624,0.605366,-0.040640,0.404741,0.622394,-0.037207,0.366396,0.597331,-0.025039,0.382374,0.602841,-0.035292,0.393545,0.618148,-0.034809,0.399330,0.628333,-0.031288
1780388334.367,left,victory,0.398069,0.663640,0.000000,0.416465,0.654207,-0.011463,0.431497,0.633753,-0.018767,0.425189,0.619204,-0.026061,0.411661,0.614868,-0.032807,0.425807,0.564668,-0.011497,0.439622,0.525329,-0.021453,0.447782,0.500069,-0.027324,0.453727,0.478771,-0.030341,0.408705,0.560626,-0.012944,0.406155,0.509710,-0.024860,0.404562,0.477735,-0.031895,0.402352,0.450810,-0.034554,0.393633,0.570390,-0.015311,0.400272,0.560898,-0.031581,0.407676,0.589322,-0.034639,0.409969,0.609443,-0.031331,0.381222,0.587767,-0.018364,0.390760,0.585774,-0.029155,0.397737,0.606899,-0.028034,0.400126,0.622320,-0.023785
1780388334.889,left,victory,0.400663,0.675390,0.000000,0.419518,0.667601,-0.011014,0.434135,0.649269,-0.017986,0.430041,0.634811,-0.024976,0.417376,0.629244,-0.031327,0.430421,0.576786,-0.010868,0.445168,0.538236,-0.020334,0.453449,0.512804,-0.025777,0.458996,0.491120,-0.028546,0.413032,0.571495,-0.012334,0.411950,0.523403,-0.023757,0.411280,0.492071,-0.030486,0.409607,0.465998,-0.032927,0.397719,0.579845,-0.014721,0.405164,0.576611,-0.030417,0.412044,0.604632,-0.033764,0.414002,0.624822,-0.030706,0.385776,0.596346,-0.017831,0.395973,0.600938,-0.028516,0.402780,0.622770,-0.028142,0.405544,0.639387,-0.024358
1780388335.392,left,victory,0.408097,0.688237,0.000000,0.426456,0.682140,-0.011765,0.441610,0.667551,-0.019611,0.439916,0.653377,-0.027448,0.427895,0.646953,-0.034588,0.441872,0.594559,-0.012750,0.457773,0.556656,-0.022540,0.466534,0.532719,-0.027999,0.472441,0.511309,-0.030826,0.424525,0.586667,-0.014088,0.424456,0.538958,-0.026024,0.424494,0.508244,-0.032769,0.423304,0.481662,-0.035193,0.408379,0.592728,-0.016371,0.416657,0.592254,-0.032415,0.422566,0.621872,-0.035891,0.423642,0.640832,-0.032865,0.395400,0.607271,-0.019445,0.405881,0.614015,-0.029911,0.412651,0.635210,-0.029719,0.415371,0.649785,-0.026187
1780388335.933,left,victory,0.401261,0.686186,0.000000,0.420184,0.680775,-0.012834,0.433910,0.661672,-0.020112,0.424282,0.646034,-0.027211,0.409970,0.634924,-0.033720,0.434278,0.592270,-0.012210,0.449080,0.553198,-0.022438,0.458094,0.527990,-0.028413,0.464514,0.505678,-0.031660,0.417623,0.585170,-0.013257,0.417376,0.533016,-0.025412,0.416180,0.499587,-0.032633,0.414830,0.469561,-0.035561,0.402618,0.592541,-0.015493,0.403525,0.579811,-0.032261,0.409001,0.611542,-0.035613,0.412255,0.632152,-0.032539,0.389266,0.608027,-0.018554,0.392936,0.603693,-0.030098,0.398805,0.625717,-0.029616,0.402704,0.640708,-0.025934
1780388336.471,left,victory,0.365479,0.688213,0.000000,0.383857,0.677252,-0.013565,0.395417,0.655567,-0.021835,0.383437,0.643882,-0.030055,0.367241,0.635559,-0.037737,0.390458,0.581747,-0.012609,0.404022,0.536621,-0.023319,0.411747,0.507772,-0.029857,0.416383,0.482495,-0.033600,0.372834,0.579308,-0.013745,0.367886,0.524662,-0.027006,0.362887,0.490424,-0.034975,0.357427,0.459070,-0.038264,0.358126,0.591431,-0.016113,0.355901,0.573193,-0.034228,0.363418,0.606282,-0.037083,0.367845,0.626241,-0.033255,0.345458,0.611758,-0.019266,0.346977,0.599573,-0.031620,0.354054,0.620748,-0.030095,0.358868,0.635154,-0.025393
1780388336.978,left,victory,0.338780,0.711481,0.000000,0.358949,0.694455,-0.013550,0.372132,0.665083,-0.021985,0.360663,0.649292,-0.030711,0.342545,0.644401,-0.038790,0.363384,0.584310,-0.011878,0.376724,0.531971,-0.023790,0.383957,0.498128,-0.030963,0.388141,0.469071,-0.034842,0.342681,0.584775,-0.014086,0.334187,0.524058,-0.028820,0.327363,0.486506,-0.037782,0.320367,0.452269,-0.041323,0.325329,0.601086,-0.017560,0.326164,0.583320,-0.038224,0.336719,0.619275,-0.041775,0.341700,0.642802,-0.037296,0.311272,0.626408,-0.021759,0.315725,0.612650,-0.035408,0.325597,0.635504,-0.033525,0.330922,0.652444,-0.027879
1780388337.509,left,victory,0.343130,0.725915,0.000000,0.365407,0.710363,-0.014841,0.382666,0.685518,-0.025334,0.376983,0.666748,-0.035957,0.359127,0.662855,-0.045842,0.369933,0.591854,-0.016624,0.384483,0.535523,-0.029390,0.391821,0.499942,-0.036782,0.395883,0.469052,-0.040694,0.347694,0.591874,-0.018579,0.339652,0.528883,-0.034126,0.333541,0.489402,-0.043237,0.326887,0.456283,-0.046832,0.328898,0.608549,-0.021539,0.336627,0.596163,-0.042624,0.349611,0.628926,-0.046801,0.355640,0.653870,-0.042690,0.314469,0.633880,-0.025360,0.326357,0.627401,-0.039400,0.339050,0.649158,-0.038469,0.346347,0.667656,-0.033308
1780388338.041,left,victory,0.337859,0.714627,0.000000,0.358617,0.694244,-0.014223,0.371666,0.663148,-0.023043,0.358984,0.647301,-0.032040,0.340498,0.642137,-0.040427,0.360479,0.580251,-0.013523,0.373855,0.525007,-0.025507,0.380729,0.489609,-0.032622,0.384431,0.459716,-0.036436,0.338831,0.582339,-0.015542,0.328892,0.518571,-0.030277,0.320573,0.480514,-0.039226,0.312164,0.448079,-0.042794,0.321138,0.600814,-0.018773,0.321372,0.580403,-0.039531,0.333519,0.614600,-0.043399,0.339735,0.638684,-0.039151,0.307000,0.628183,-0.022732,0.310889,0.611080,-0.036909,0.322507,0.633347,-0.035282,0.329729,0.651983,-0.029674
1780388338.557,left,victory,0.331822,0.710433,0.000000,0.349802,0.694066,-0.014805,0.359082,0.669711,-0.024665,0.344371,0.662323,-0.034543,0.324824,0.658371,-0.043976,0.349035,0.591819,-0.015366,0.359197,0.540025,-0.028244,0.364696,0.506913,-0.036147,0.367399,0.477632,-0.040742,0.329171,0.592277,-0.016846,0.317145,0.535447,-0.032183,0.307485,0.501440,-0.041197,0.298237,0.469729,-0.045056,0.314145,0.608920,-0.019552,0.307799,0.591034,-0.040169,0.318922,0.626844,-0.043082,0.326333,0.647986,-0.038787,0.302408,0.634748,-0.023029,0.300050,0.623349,-0.037496,0.309904,0.646884,-0.035631,0.317824,0.662929,-0.030216
1780388339.101,left,victory,0.328875,0.721023,0.000000,0.341524,0.703615,-0.014181,0.346607,0.684757,-0.024426,0.331871,0.688552,-0.034484,0.316357,0.690429,-0.044266,0.333821,0.615846,-0.016740,0.339339,0.569772,-0.030513,0.342071,0.540169,-0.039286,0.343958,0.514283,-0.044132,0.314532,0.619920,-0.018013,0.297881,0.571343,-0.032966,0.285571,0.540961,-0.042082,0.276021,0.512898,-0.046023,0.301236,0.637856,-0.020355,0.292900,0.630187,-0.039043,0.303539,0.657400,-0.042135,0.312096,0.673696,-0.038557,0.292797,0.662688,-0.023504,0.288645,0.662473,-0.036672,0.298256,0.681469,-0.034860,0.307401,0.691804,-0.029582
1780388339.606,left,victory,0.310014,0.757889,0.000000,0.321028,0.744095,-0.023240,0.321903,0.732902,-0.038459,0.314612,0.735160,-0.051436,0.307165,0.730701,-0.064342,0.304730,0.667386,-0.030514,0.306599,0.627767,-0.046412,0.305918,0.599338,-0.057016,0.305067,0.572520,-0.063713,0.285281,0.672705,-0.027843,0.264735,0.632904,-0.044804,0.247781,0.605114,-0.054893,0.233552,0.579175,-0.060125,0.272806,0.691886,-0.026432,0.253522,0.680904,-0.048076,0.263218,0.706641,-0.052560,0.273304,0.723087,-0.050237,0.267157,0.716318,-0.026255,0.254677,0.718141,-0.044054,0.264423,0.734221,-0.045222,0.276293,0.742335,-0.042000
1780388340.122,left,victory,0.306836,0.756203,0.000000,0.320109,0.745710,-0.017308,0.323654,0.734807,-0.029825,0.303472,0.744161,-0.041093,0.281488,0.748638,-0.051758,0.308243,0.663254,-0.023586,0.310125,0.617399,-0.038717,0.310613,0.589474,-0.047306,0.309209,0.564498,-0.052400,0.286315,0.664319,-0.023925,0.266096,0.623526,-0.040599,0.251476,0.598654,-0.049912,0.238709,0.572905,-0.053982,0.272890,0.683080,-0.025233,0.263709,0.688797,-0.045045,0.274743,0.713876,-0.048275,0.283197,0.723444,-0.045275,0.265750,0.709227,-0.027559,0.266225,0.727523,-0.042769,0.277777,0.743260,-0.042905,0.288353,0.746749,-0.039079
1780388340.642,left,victory,0.290015,0.698055,0.000000,0.305028,0.672515,-0.013758,0.314453,0.643617,-0.023326,0.300851,0.639979,-0.032898,0.282721,0.645367,-0.041682,0.295940,0.569434,-0.016356,0.301292,0.512101,-0.029811,0.304176,0.477015,-0.037056,0.303777,0.447242,-0.040333,0.272560,0.574927,-0.018047,0.255107,0.522857,-0.033740,0.242413,0.489973,-0.042366,0.229605,0.459118,-0.044865,0.255787,0.595399,-0.020716,0.263232,0.600974,-0.040085,0.278425,0.628586,-0.043540,0.285446,0.644745,-0.038932,0.244663,0.622443,-0.024330,0.257000,0.633426,-0.035421,0.270826,0.650716,-0.033366,0.278680,0.659727,-0.027644
1780388341.151,left,victory,0.317309,0.733001,0.000000,0.338959,0.704334,-0.010336,0.352824,0.677034,-0.020860,0.360582,0.658484,-0.033270,0.361833,0.657520,-0.044511,0.337338,0.586613,-0.013993,0.348527,0.523362,-0.027170,0.353393,0.485604,-0.034533,0.354857,0.454554,-0.038831,0.314506,0.593760,-0.019528,0.307066,0.533206,-0.037027,0.300268,0.495999,-0.046548,0.292439,0.466420,-0.050280,0.297363,0.616687,-0.025914,0.315649,0.603392,-0.046834,0.333288,0.626748,-0.051325,0.343315,0.647135,-0.048175,0.288530,0.648342,-0.033198,0.312772,0.650010,-0.046720,0.331549,0.662987,-0.047637,0.343951,0.674588,-0.044319
1780388341.678,left,victory,0.396812,0.725825,0.000000,0.392455,0.661939,-0.003561,0.408328,0.616244,-0.008585,0.431785,0.600168,-0.012106,0.448782,0.601691,-0.015335,0.426936,0.624027,-0.023622,0.443324,0.564662,-0.029616,0.451952,0.533914,-0.031582,0.460185,0.509671,-0.032598,0.445135,0.649416,-0.022936,0.479783,0.607600,-0.027884,0.502398,0.585271,-0.027937,0.519492,0.571987,-0.027747,0.455034,0.674074,-0.020338,0.473868,0.626727,-0.022335,0.466055,0.610605,-0.016932,0.456958,0.608640,-0.012422,0.459965,0.693183,-0.017875,0.469368,0.650198,-0.018522,0.461345,0.635412,-0.012878,0.453473,0.634243,-0.007670
1780388342.180,left,victory,0.384607,0.733821,0.000000,0.380908,0.671895,-0.004814,0.396761,0.625969,-0.010399,0.421134,0.612580,-0.014398,0.439210,0.618610,-0.018063,0.414067,0.634024,-0.024080,0.430983,0.577491,-0.030297,0.439423,0.545628,-0.032598,0.447489,0.520263,-0.034239,0.431876,0.658159,-0.023562,0.466955,0.616918,-0.029073,0.489618,0.595569,-0.030268,0.507832,0.583258,-0.031317,0.442060,0.681516,-0.021257,0.464631,0.633693,-0.024192,0.456028,0.623218,-0.019434,0.445727,0.626630,-0.015490,0.447788,0.700846,-0.019238,0.459539,0.657239,-0.020903,0.452952,0.646414,-0.016043,0.446033,0.648889,-0.011438
1780388342.685,left,victory,0.365936,0.729850,0.000000,0.364421,0.670162,-0.006635,0.382772,0.626268,-0.013075,0.406701,0.611358,-0.017863,0.425382,0.612771,-0.021712,0.389923,0.635785,-0.023578,0.403756,0.581996,-0.032077,0.409473,0.549444,-0.035990,0.414802,0.524793,-0.038389,0.405734,0.661985,-0.023569,0.436788,0.623527,-0.031770,0.457979,0.603793,-0.034081,0.475856,0.592132,-0.035737,0.417870,0.684999,-0.022507,0.442357,0.636033,-0.030026,0.433488,0.627202,-0.026654,0.423033,0.633276,-0.022752,0.426951,0.701854,-0.021762,0.440009,0.654858,-0.026624,0.432571,0.645288,-0.022752,0.425177,0.651241,-0.018528
1780388343.256,left,victory,0.350097,0.723684,0.000000,0.353073,0.671681,-0.003361,0.364179,0.619254,-0.007735,0.372075,0.576988,-0.011585,0.368678,0.546613,-0.014711,0.361753,0.644426,-0.012074,0.380761,0.627168,-0.019075,0.391723,0.618966,-0.022335,0.400712,0.615133,-0.023739,0.370132,0.672507,-0.013794,0.395310,0.639189,-0.020793,0.407979,0.621125,-0.022794,0.416573,0.611661,-0.023917,0.379873,0.695868,-0.015182,0.407461,0.657298,-0.022184,0.410335,0.641946,-0.021475,0.407223,0.637914,-0.019273,0.390399,0.713362,-0.016425,0.411286,0.674332,-0.019571,0.413725,0.655310,-0.017731,0.412066,0.645465,-0.015570
1780388343.809,left,victory,0.340577,0.715917,0.000000,0.340253,0.669916,-0.001511,0.355004,0.625720,-0.007855,0.374341,0.608465,-0.013726,0.381913,0.607255,-0.019079,0.337776,0.624273,-0.022954,0.339507,0.574333,-0.032564,0.336430,0.548699,-0.037693,0.330820,0.529666,-0.041321,0.339814,0.649179,-0.027471,0.355627,0.614845,-0.038467,0.362351,0.607872,-0.040931,0.363411,0.606094,-0.042738,0.347450,0.672939,-0.030999,0.375985,0.631634,-0.039445,0.382815,0.625150,-0.037774,0.379795,0.626006,-0.036333,0.357614,0.692342,-0.034493,0.381188,0.657895,-0.039505,0.387320,0.646055,-0.038131,0.386282,0.636644,-0.037146
1780388344.355,left,victory,0.330938,0.725174,0.000000,0.329919,0.673856,-0.001518,0.342768,0.620469,-0.006680,0.355188,0.579617,-0.010777,0.354181,0.548791,-0.014201,0.337102,0.630851,-0.023141,0.348154,0.580947,-0.031379,0.350013,0.551169,-0.033245,0.348288,0.530075,-0.033137,0.345152,0.657624,-0.025868,0.371849,0.615974,-0.032930,0.382433,0.601453,-0.030636,0.387935,0.596304,-0.028517,0.355868,0.682073,-0.027495,0.386956,0.640459,-0.032457,0.390744,0.625202,-0.027055,0.388321,0.619508,-0.022515,0.368084,0.702975,-0.029006,0.392255,0.658841,-0.030027,0.393542,0.639306,-0.024853,0.390265,0.628242,-0.020547
1780388344.869,left,victory,0.342478,0.728206,0.000000,0.339259,0.679808,-0.002480,0.354364,0.636037,-0.007247,0.376168,0.610521,-0.011281,0.394773,0.600898,-0.015252,0.358738,0.637658,-0.020850,0.369820,0.581848,-0.029764,0.375505,0.544608,-0.033525,0.380347,0.514311,-0.035935,0.373725,0.659448,-0.023620,0.404749,0.615161,-0.031903,0.427468,0.594895,-0.034444,0.446050,0.580308,-0.036081,0.385260,0.684883,-0.025302,0.412292,0.645129,-0.033396,0.417276,0.631095,-0.032819,0.417927,0.623020,-0.031171,0.394888,0.707492,-0.026683,0.411387,0.671509,-0.033833,0.414703,0.652070,-0.033496,0.415749,0.637870,-0.031884
1780388345.390,left,victory,0.327156,0.719776,0.000000,0.342066,0.672310,0.001739,0.365213,0.634921,-0.003199,0.385802,0.617962,-0.009289,0.400249,0.608750,-0.014518,0.354388,0.602049,-0.017264,0.369533,0.544462,-0.029429,0.375732,0.505526,-0.036734,0.378388,0.472137,-0.041594,0.351098,0.622010,-0.025441,0.370467,0.587062,-0.039522,0.383399,0.567837,-0.045321,0.392444,0.551752,-0.048632,0.352237,0.651570,-0.032758,0.384639,0.635454,-0.045165,0.400212,0.637221,-0.045018,0.407920,0.635769,-0.043220,0.357708,0.684441,-0.039807,0.387388,0.666576,-0.046275,0.400337,0.661145,-0.043797,0.408997,0.653629,-0.041144
1780388345.892,left,victory,0.323202,0.700820,0.000000,0.341953,0.681152,-0.013576,0.356499,0.656293,-0.023281,0.349700,0.645319,-0.033133,0.334880,0.648830,-0.042114,0.342226,0.574929,-0.015115,0.353315,0.521697,-0.028010,0.360266,0.489735,-0.035245,0.363638,0.462516,-0.038718,0.319698,0.576022,-0.017269,0.309299,0.519815,-0.032603,0.301981,0.484529,-0.041259,0.293572,0.453475,-0.044138,0.301603,0.593633,-0.020493,0.310978,0.592916,-0.040353,0.324580,0.622691,-0.044176,0.330373,0.642483,-0.039897,0.288700,0.619383,-0.024571,0.301272,0.622617,-0.036351,0.313857,0.642086,-0.034529,0.320292,0.655034,-0.029086
1780388346.424,left,victory,0.321654,0.684022,0.000000,0.335444,0.669214,-0.013732,0.340078,0.650689,-0.023275,0.324240,0.646560,-0.032609,0.306821,0.642983,-0.041565,0.330855,0.583460,-0.016429,0.339267,0.535734,-0.028959,0.343719,0.505377,-0.036715,0.346752,0.478907,-0.041419,0.311804,0.582105,-0.017793,0.298295,0.529302,-0.031407,0.287081,0.495988,-0.039672,0.277358,0.466350,-0.043734,0.299064,0.597029,-0.020150,0.285433,0.579020,-0.037735,0.294157,0.606546,-0.040749,0.302551,0.625207,-0.037948,0.290889,0.621320,-0.023319,0.282393,0.617602,-0.037200,0.290484,0.635652,-0.036980,0.300096,0.647962,-0.033221
1780388346.928,left,victory,0.330315,0.683049,0.000000,0.344601,0.671692,-0.015600,0.346230,0.654754,-0.025487,0.326729,0.654506,-0.034302,0.307962,0.652699,-0.042738,0.336494,0.590301,-0.018364,0.342538,0.547429,-0.030523,0.344897,0.519461,-0.037942,0.346363,0.494450,-0.042326,0.319145,0.589102,-0.018130,0.304496,0.542207,-0.031423,0.292691,0.511738,-0.039389,0.282874,0.484624,-0.043078,0.307718,0.603508,-0.018925,0.294107,0.592271,-0.036587,0.302581,0.618963,-0.039738,0.310692,0.636052,-0.036818,0.300476,0.626209,-0.020519,0.291680,0.624970,-0.034384,0.299606,0.641575,-0.034201,0.309017,0.651639,-0.030359
1780388347.493,left,victory,0.329105,0.688162,0.000000,0.344976,0.667230,-0.012739,0.353505,0.641811,-0.020886,0.341231,0.640847,-0.029200,0.324377,0.643700,-0.037005,0.334598,0.576871,-0.012218,0.337787,0.526796,-0.023182,0.339086,0.494890,-0.029542,0.338022,0.468463,-0.032907,0.315534,0.584645,-0.013714,0.297800,0.539344,-0.027770,0.284380,0.512066,-0.036096,0.271688,0.487390,-0.039021,0.302390,0.604890,-0.016320,0.299820,0.597642,-0.035864,0.314335,0.625155,-0.039816,0.323037,0.641102,-0.036001,0.293458,0.631145,-0.019510,0.295682,0.629576,-0.033257,0.308417,0.646244,-0.032745,0.317398,0.655305,-0.028182
1780388348.020,left,victory,0.299950,0.707460,0.000000,0.317801,0.652916,0.001494,0.331607,0.618350,-0.006898,0.348850,0.603732,-0.017799,0.363984,0.598394,-0.028309,0.310950,0.583303,-0.019013,0.314424,0.524499,-0.032915,0.313970,0.487683,-0.041064,0.312205,0.454979,-0.047090,0.303453,0.600083,-0.029407,0.314540,0.554215,-0.052582,0.319248,0.516460,-0.065128,0.322000,0.484180,-0.072128,0.302013,0.628034,-0.037922,0.335847,0.608713,-0.056355,0.356604,0.611557,-0.056657,0.368673,0.614916,-0.053352,0.307109,0.659124,-0.046339,0.333306,0.641927,-0.055606,0.349614,0.637976,-0.052487,0.358970,0.632920,-0.048561
1780388348.564,left,victory,0.290919,0.720588,0.000000,0.290848,0.660389,0.002885,0.308505,0.613438,-0.001187,0.329178,0.588387,-0.005076,0.343723,0.571184,-0.008350,0.308728,0.598327,-0.020758,0.324402,0.540442,-0.030207,0.328936,0.503684,-0.034369,0.329495,0.474481,-0.036052,0.318234,0.628267,-0.025984,0.351097,0.589868,-0.032872,0.368249,0.573467,-0.031828,0.379397,0.564750,-0.030969,0.328460,0.660827,-0.029577,0.366169,0.624176,-0.033356,0.371584,0.610399,-0.026164,0.369618,0.605598,-0.020605,0.339134,0.689562,-0.032902,0.367102,0.649476,-0.032682,0.370029,0.630760,-0.024872,0.368282,0.620300,-0.018316
1780388349.101,left,victory,0.298073,0.718122,0.000000,0.301775,0.659420,-0.000411,0.323331,0.619036,-0.005657,0.346946,0.601608,-0.010059,0.362855,0.597113,-0.014402,0.316862,0.612060,-0.023280,0.331963,0.564674,-0.032216,0.336884,0.532710,-0.036082,0.337249,0.505286,-0.038192,0.321583,0.643469,-0.027420,0.352449,0.615803,-0.035926,0.369519,0.605117,-0.036520,0.379173,0.599315,-0.036772,0.328227,0.676037,-0.030185,0.359853,0.653969,-0.035416,0.371618,0.638697,-0.032473,0.376068,0.629231,-0.030189,0.336315,0.703935,-0.032801,0.359526,0.677978,-0.033637,0.367990,0.660062,-0.029305,0.372603,0.646093,-0.026107
1780388349.651,left,victory,0.305963,0.500615,0.000000,0.341400,0.505695,-0.009302,0.367586,0.544100,-0.014467,0.376564,0.588745,-0.016935,0.373008,0.617509,-0.018419,0.348032,0.590224,-0.026934,0.376435,0.640538,-0.034801,0.390527,0.671350,-0.038316,0.399097,0.700063,-0.040455,0.331795,0.617982,-0.023527,0.342712,0.693157,-0.032473,0.346466,0.745957,-0.035825,0.345936,0.789769,-0.037122,0.320443,0.628077,-0.018560,0.341345,0.658208,-0.024270,0.351889,0.638312,-0.021029,0.354220,0.617866,-0.016566,0.315735,0.627039,-0.014261,0.333104,0.642893,-0.018405,0.342454,0.630269,-0.015473,0.345503,0.614817,-0.011383
1780388350.152,left,victory,0.349798,0.482008,-0.000000,0.382061,0.515687,-0.003080,0.396682,0.571979,-0.001213,0.389649,0.610286,0.003481,0.375275,0.621550,0.008586,0.373237,0.636672,-0.015047,0.389883,0.711525,-0.017746,0.397549,0.754783,-0.019361,0.401523,0.788422,-0.020873,0.348393,0.638987,-0.010773,0.365024,0.671809,-0.007964,0.368787,0.664499,-0.002399,0.365813,0.660716,0.000549,0.334119,0.627770,-0.006024,0.355494,0.636635,-0.004755,0.361900,0.622690,-0.003080,0.360888,0.604920,-0.002362,0.328114,0.614053,-0.001268,0.343035,0.623153,-0.003973,0.348415,0.609660,-0.004901,0.349206,0.591501,-0.004412
1780388350.669,left,victory,0.364434,0.505666,0.000000,0.395323,0.560700,-0.003855,0.391323,0.622610,-0.009156,0.368009,0.659846,-0.012766,0.345854,0.677393,-0.015906,0.375475,0.661799,-0.026394,0.388952,0.747458,-0.033146,0.393414,0.793326,-0.035400,0.392921,0.830141,-0.036813,0.347724,0.656542,-0.025951,0.332847,0.741418,-0.030699,0.318399,0.793099,-0.031449,0.303204,0.831213,-0.032159,0.331146,0.637451,-0.023553,0.337593,0.678922,-0.024170,0.351653,0.668898,-0.019191,0.357162,0.650349,-0.015256,0.323976,0.615229,-0.021527,0.335005,0.640466,-0.021721,0.346581,0.630794,-0.016524,0.351007,0.614873,-0.011577
1780388351.182,left,victory,0.444221,0.532570,0.000000,0.428423,0.572308,-0.015075,0.403932,0.607050,-0.025125,0.379933,0.625076,-0.031251,0.365811,0.630818,-0.035327,0.424276,0.560047,-0.034483,0.402707,0.556700,-0.043521,0.390152,0.573945,-0.045682,0.380420,0.592164,-0.046609,0.424034,0.546051,-0.030922,0.390741,0.558218,-0.042934,0.366993,0.581754,-0.044518,0.355168,0.597413,-0.044307,0.423423,0.547356,-0.026861,0.391220,0.602475,-0.040901,0.379736,0.629583,-0.043183,0.380432,0.640721,-0.041052,0.420351,0.558397,-0.022838,0.393146,0.607043,-0.033484,0.382275,0.629122,-0.035359,0.380906,0.635551,-0.034600
1780388351.695,left,victory,0.422380,0.577574,0.000000,0.420700,0.629497,-0.018911,0.419186,0.666334,-0.033378,0.418638,0.684971,-0.043900,0.425031,0.682675,-0.055104,0.455931,0.632512,-0.046553,0.478725,0.632227,-0.061723,0.499212,0.628377,-0.072838,0.518569,0.618027,-0.081193,0.460130,0.610188,-0.042759,0.466877,0.588649,-0.065103,0.466872,0.579070,-0.080603,0.469599,0.568164,-0.091512,0.457859,0.595766,-0.037704,0.459105,0.591656,-0.058731,0.457487,0.602647,-0.072373,0.459249,0.609528,-0.080611,0.452226,0.591202,-0.032619,0.445239,0.611256,-0.048882,0.441466,0.620874,-0.057297,0.442540,0.626403,-0.063030
1780388352.235,left,victory,0.515779,0.479506,0.000000,0.510650,0.531661,-0.001428,0.486420,0.557037,-0.005095,0.461263,0.552362,-0.008342,0.443366,0.541653,-0.011073,0.480008,0.566358,-0.015168,0.459783,0.616942,-0.021848,0.451020,0.649697,-0.025119,0.444217,0.674317,-0.027022,0.468638,0.538809,-0.017476,0.437934,0.567731,-0.021936,0.420347,0.585168,-0.024021,0.406311,0.596785,-0.026089,0.462153,0.511747,-0.018751,0.436270,0.534988,-0.022846,0.445743,0.539481,-0.019998,0.456811,0.537355,-0.017210,0.458701,0.488983,-0.020016,0.443541,0.514686,-0.022242,0.450289,0.521735,-0.017939,0.457765,0.519101,-0.013840
1780388352.771,left,victory,0.530481,0.450250,0.000000,0.542043,0.507568,0.001218,0.530870,0.551843,0.000382,0.510963,0.568686,-0.000345,0.494831,0.569250,-0.000519,0.510255,0.581354,-0.009717,0.506432,0.645949,-0.011553,0.503432,0.680050,-0.011449,0.499842,0.705055,-0.011263,0.490914,0.564080,-0.010166,0.466608,0.616572,-0.012333,0.449924,0.645770,-0.013570,0.436238,0.662093,-0.014163,0.481394,0.539647,-0.008851,0.479827,0.566653,-0.006048,0.490735,0.563976,-0.001708,0.498556,0.552983,0.001509,0.477533,0.516445,-0.007718,0.483527,0.535244,-0.002920,0.492683,0.530353,0.003162,0.498966,0.519257,0.008153
1780388353.304,left,victory,0.459651,0.446850,0.000000,0.487353,0.484515,-0.013976,0.506866,0.537234,-0.019890,0.508078,0.562346,-0.022346,0.494324,0.557616,-0.024019,0.464513,0.587020,-0.023953,0.469428,0.659230,-0.027616,0.467253,0.697941,-0.029245,0.462281,0.726906,-0.029778,0.445471,0.582105,-0.015793,0.440267,0.647298,-0.017763,0.431901,0.686803,-0.018317,0.422026,0.710948,-0.017924,0.435877,0.567931,-0.007189,0.451799,0.593853,-0.007831,0.466824,0.584176,-0.008695,0.474571,0.566524,-0.007312,0.431700,0.552570,0.000471,0.448133,0.568360,-0.000949,0.459641,0.560296,-0.000792,0.465679,0.547059,0.001297
1780388353.814,left,victory,0.500232,0.670854,0.000000,0.480026,0.670624,-0.017508,0.465986,0.690206,-0.028198,0.466536,0.724229,-0.037855,0.470331,0.757924,-0.045750,0.448045,0.757340,-0.023381,0.417264,0.802458,-0.040479,0.399348,0.827724,-0.047991,0.387150,0.851024,-0.050514,0.466543,0.781803,-0.023019,0.458183,0.849280,-0.043640,0.452003,0.890290,-0.052121,0.447670,0.927135,-0.052933,0.485800,0.786333,-0.023933,0.483268,0.768267,-0.046779,0.483327,0.729201,-0.048914,0.483809,0.708167,-0.042112,0.502034,0.778160,-0.026042,0.498114,0.747813,-0.039518,0.495644,0.719166,-0.037774,0.494234,0.704553,-0.031288
1780388354.319,left,victory,0.505072,0.686014,0.000000,0.484282,0.655862,-0.015302,0.460780,0.639802,-0.027150,0.447904,0.625702,-0.039537,0.436237,0.615219,-0.051289,0.430110,0.727291,-0.019896,0.398064,0.765023,-0.034311,0.380615,0.785993,-0.042678,0.366805,0.806676,-0.047788,0.443667,0.751929,-0.022877,0.419626,0.803623,-0.038318,0.406150,0.835122,-0.047461,0.397378,0.863982,-0.052129,0.461590,0.761629,-0.027342,0.450178,0.758619,-0.045150,0.453815,0.732052,-0.049417,0.458875,0.718512,-0.047764,0.481239,0.761369,-0.033291,0.472045,0.749755,-0.045445,0.469225,0.725375,-0.046244,0.468491,0.708312,-0.043893
1780388354.823,left,victory,0.489288,0.705984,0.000000,0.468733,0.677656,-0.016689,0.449736,0.660979,-0.028667,0.441291,0.655606,-0.040844,0.440806,0.661438,-0.052468,0.410571,0.751214,-0.021961,0.376997,0.788663,-0.036384,0.359371,0.810703,-0.044773,0.345311,0.833602,-0.049802,0.425620,0.778177,-0.025011,0.400835,0.830463,-0.041584,0.387672,0.867079,-0.051779,0.378091,0.900239,-0.056692,0.446420,0.789348,-0.029412,0.437363,0.782878,-0.050185,0.438364,0.743143,-0.057399,0.439532,0.715635,-0.056848,0.468876,0.786385,-0.034993,0.467382,0.775812,-0.049812,0.467243,0.744260,-0.052134,0.468188,0.717924,-0.050264
1780388355.359,left,victory,0.432323,0.699783,0.000000,0.415014,0.704399,-0.014373,0.403284,0.711608,-0.027881,0.405891,0.708330,-0.041413,0.418223,0.705288,-0.055286,0.393946,0.788562,-0.029554,0.369151,0.848287,-0.045387,0.354451,0.880695,-0.053596,0.344835,0.910170,-0.058554,0.414305,0.794521,-0.032094,0.410793,0.852761,-0.050118,0.405805,0.883573,-0.060001,0.402923,0.911052,-0.065041,0.433085,0.783498,-0.034843,0.433295,0.779211,-0.055676,0.427886,0.753053,-0.062684,0.424160,0.738627,-0.062967,0.446355,0.761999,-0.038131,0.438746,0.740914,-0.054004,0.428176,0.711623,-0.056571,0.420120,0.690104,-0.055251
1780388355.868,left,victory,0.413973,0.793706,-0.000000,0.407735,0.763379,-0.012997,0.408403,0.719134,-0.021258,0.408664,0.678741,-0.027227,0.417673,0.660765,-0.030789,0.452060,0.722153,-0.018063,0.433785,0.672436,-0.032316,0.422624,0.688909,-0.038889,0.421198,0.710305,-0.041232,0.454850,0.722178,-0.015155,0.433798,0.669211,-0.029088,0.422966,0.685689,-0.031099,0.424523,0.703532,-0.030577,0.453115,0.720300,-0.013827,0.433247,0.668307,-0.026669,0.422602,0.685682,-0.023746,0.424594,0.703900,-0.019422,0.447534,0.717391,-0.013394,0.429373,0.676042,-0.023408,0.421662,0.688204,-0.023070,0.423442,0.704296,-0.020366
1780388356.370,left,victory,0.462835,0.813224,-0.000000,0.451826,0.769143,-0.019790,0.442889,0.711126,-0.029195,0.442441,0.660859,-0.035334,0.455434,0.649784,-0.038772,0.481418,0.710059,-0.014482,0.462041,0.665719,-0.027899,0.450447,0.685969,-0.035554,0.450187,0.707165,-0.038363,0.486615,0.713675,-0.007309,0.465032,0.671146,-0.021527,0.454743,0.694501,-0.026136,0.453781,0.717098,-0.026373,0.487381,0.715977,-0.002697,0.464904,0.675018,-0.017080,0.456548,0.699823,-0.018396,0.455482,0.726577,-0.015103,0.485385,0.718933,0.000724,0.466544,0.679605,-0.008504,0.459555,0.691687,-0.009409,0.457927,0.710232,-0.006953
1780388356.879,left,victory,0.452109,0.813384,-0.000000,0.433134,0.771585,-0.017294,0.425682,0.713734,-0.026046,0.429856,0.664146,-0.030882,0.445489,0.647478,-0.032329,0.472260,0.716470,-0.025166,0.450994,0.661762,-0.036322,0.440496,0.688260,-0.038259,0.440890,0.716599,-0.037970,0.483608,0.720404,-0.019240,0.454954,0.668932,-0.031755,0.444003,0.696111,-0.030905,0.445027,0.719864,-0.028567,0.488017,0.722600,-0.014595,0.457983,0.673212,-0.026681,0.447937,0.701001,-0.022646,0.448412,0.727951,-0.017622,0.487006,0.725992,-0.011211,0.461127,0.682875,-0.023359,0.451027,0.695680,-0.024658,0.448550,0.714178,-0.022679
1780388358.560,left,victory,0.523830,0.381105,0.000000,0.498797,0.360091,-0.023506,0.483860,0.355544,-0.039973,0.478381,0.361367,-0.055607,0.475867,0.376757,-0.070571,0.464858,0.480178,-0.034125,0.435461,0.534705,-0.052775,0.416058,0.568370,-0.064017,0.402106,0.599624,-0.071544,0.486569,0.497529,-0.036215,0.478109,0.572224,-0.060141,0.473099,0.621481,-0.071802,0.468486,0.661870,-0.076864,0.510553,0.491235,-0.040040,0.502825,0.492785,-0.069332,0.494710,0.448560,-0.076831,0.486806,0.417492,-0.075185,0.531333,0.469274,-0.045316,0.522124,0.459271,-0.067709,0.512717,0.423633,-0.070878,0.503158,0.395031,-0.068741
1780388359.101,left,victory,0.501285,0.411886,0.000000,0.472665,0.402302,-0.019469,0.446430,0.406990,-0.032049,0.443694,0.423014,-0.044385,0.458007,0.443883,-0.056342,0.437540,0.532678,-0.024260,0.411279,0.589085,-0.040313,0.395017,0.622768,-0.049677,0.382907,0.654721,-0.055431,0.460292,0.542548,-0.027876,0.450188,0.615922,-0.046787,0.444814,0.663472,-0.058096,0.442820,0.702825,-0.063737,0.483395,0.531319,-0.033272,0.477405,0.542106,-0.059091,0.468422,0.498080,-0.066286,0.461750,0.466345,-0.064241,0.505355,0.508638,-0.039873,0.500708,0.520973,-0.058433,0.492965,0.491820,-0.059960,0.486479,0.465238,-0.056918
1780388359.637,left,victory,0.643609,0.488103,0.000000,0.618141,0.482501,-0.013891,0.590431,0.503438,-0.020802,0.574859,0.533538,-0.026342,0.564947,0.561162,-0.032479,0.578852,0.540144,-0.022653,0.547580,0.556131,-0.034615,0.528547,0.576089,-0.042883,0.514345,0.595232,-0.049010,0.596747,0.571643,-0.022113,0.584286,0.604264,-0.035862,0.578777,0.622734,-0.043209,0.576737,0.635204,-0.048061,0.616850,0.591833,-0.022398,0.603482,0.618848,-0.038107,0.598604,0.603391,-0.041476,0.599131,0.586352,-0.042273,0.637651,0.599695,-0.023489,0.624475,0.601453,-0.038915,0.621994,0.573891,-0.041675,0.624137,0.546985,-0.041606
1780388360.141,left,victory,0.597517,0.418477,0.000000,0.577881,0.403461,-0.017985,0.559435,0.408632,-0.027455,0.561413,0.434092,-0.035049,0.565234,0.465410,-0.042585,0.537526,0.497606,-0.020845,0.511009,0.533557,-0.031430,0.494399,0.556140,-0.038099,0.480374,0.578483,-0.042375,0.552709,0.519798,-0.019746,0.538080,0.568904,-0.030326,0.530774,0.605257,-0.038938,0.524764,0.636634,-0.044077,0.569120,0.525118,-0.019904,0.568864,0.556451,-0.034219,0.565793,0.575604,-0.043736,0.562329,0.591765,-0.048782,0.586334,0.517863,-0.021263,0.583000,0.509215,-0.035398,0.580242,0.479506,-0.040030,0.577539,0.452837,-0.041253
1780388360.681,left,victory,0.530938,0.421831,0.000000,0.505814,0.400673,-0.015191,0.478851,0.400742,-0.024732,0.464838,0.415536,-0.034678,0.471288,0.441728,-0.043863,0.454972,0.503417,-0.018120,0.424569,0.543961,-0.032018,0.406412,0.568165,-0.040143,0.391834,0.591646,-0.044773,0.471388,0.525209,-0.021667,0.449976,0.584523,-0.038356,0.435982,0.623220,-0.048604,0.426298,0.655467,-0.053172,0.491647,0.528631,-0.026582,0.478727,0.527718,-0.049054,0.477045,0.487378,-0.055571,0.477929,0.458059,-0.053255,0.511640,0.518382,-0.032475,0.497526,0.512256,-0.047543,0.491824,0.482487,-0.048847,0.489805,0.456351,-0.045780
1780388361.222,left,victory,0.396064,0.493670,0.000000,0.358402,0.475072,-0.017623,0.314611,0.496074,-0.024122,0.283730,0.525151,-0.029188,0.298359,0.554515,-0.034641,0.300487,0.610121,-0.014581,0.268711,0.664134,-0.023653,0.250863,0.701385,-0.031302,0.237913,0.731961,-0.037113,0.318842,0.638725,-0.015527,0.294990,0.720059,-0.024463,0.280011,0.773751,-0.034772,0.268881,0.817397,-0.041923,0.339685,0.645038,-0.018178,0.326763,0.717136,-0.031251,0.315006,0.766711,-0.044447,0.307597,0.803748,-0.053379,0.360657,0.635855,-0.022278,0.343761,0.654812,-0.035163,0.334003,0.644011,-0.041742,0.328208,0.628634,-0.045936
1780388361.743,left,victory,0.299122,0.481052,0.000000,0.257082,0.472162,-0.008504,0.216083,0.487518,-0.013075,0.187093,0.502354,-0.020260,0.175300,0.527170,-0.025888,0.214188,0.602758,-0.002220,0.181884,0.658271,-0.011751,0.166697,0.693422,-0.017999,0.154717,0.725471,-0.021813,0.231488,0.623941,-0.009041,0.205620,0.702737,-0.024232,0.187428,0.752394,-0.035667,0.173016,0.792151,-0.041031,0.249404,0.627035,-0.017427,0.204783,0.628884,-0.040763,0.190248,0.578759,-0.049786,0.185443,0.543085,-0.048901,0.263737,0.614842,-0.026217,0.224033,0.601253,-0.041753,0.206429,0.571927,-0.044716,0.197325,0.547612,-0.042934
1780388362.246,left,victory,0.266127,0.474077,0.000000,0.221540,0.473817,-0.005467,0.184840,0.489465,-0.011292,0.159710,0.500738,-0.020422,0.146185,0.520354,-0.027902,0.193425,0.605883,-0.002399,0.164385,0.656182,-0.013096,0.150129,0.690255,-0.020041,0.139151,0.720303,-0.024164,0.211639,0.622276,-0.011385,0.188243,0.688770,-0.026492,0.173628,0.738319,-0.037134,0.161741,0.779503,-0.042129,0.227331,0.619838,-0.021645,0.181381,0.613392,-0.043347,0.164113,0.569394,-0.050315,0.156033,0.537785,-0.048773,0.237108,0.600224,-0.032336,0.195762,0.585261,-0.045986,0.177628,0.557048,-0.046720,0.167700,0.532465,-0.043593
1780388362.762,left,victory,0.272154,0.488076,0.000000,0.231880,0.485541,-0.008351,0.197813,0.499495,-0.015314,0.173799,0.508937,-0.024637,0.160548,0.533277,-0.032321,0.203002,0.612878,-0.008108,0.175414,0.666832,-0.019750,0.160768,0.702579,-0.026282,0.149764,0.733390,-0.029587,0.221244,0.628943,-0.015413,0.196961,0.699834,-0.031135,0.182076,0.747427,-0.040857,0.170422,0.786032,-0.044414,0.237551,0.625653,-0.023974,0.194183,0.617272,-0.047185,0.178560,0.573443,-0.054372,0.171172,0.543786,-0.051921,0.248098,0.604735,-0.032925,0.208841,0.589309,-0.048045,0.190602,0.559990,-0.049237,0.179855,0.535033,-0.045657
1780388363.284,left,victory,0.300904,0.501640,0.000000,0.261018,0.495358,-0.018423,0.222883,0.508083,-0.031637,0.200333,0.523275,-0.045758,0.208102,0.540364,-0.057964,0.222260,0.639030,-0.022499,0.190598,0.712812,-0.039067,0.172046,0.755623,-0.048546,0.157960,0.792702,-0.053948,0.247127,0.657266,-0.026804,0.231807,0.739002,-0.048808,0.219323,0.793383,-0.061987,0.209893,0.837806,-0.067507,0.269896,0.653243,-0.032506,0.233277,0.635536,-0.058765,0.220476,0.587043,-0.065411,0.216104,0.557655,-0.062053,0.286096,0.631528,-0.039868,0.252181,0.607854,-0.055967,0.237565,0.575218,-0.056759,0.230361,0.551151,-0.052635
1780388363.806,left,victory,0.374046,0.443799,0.000001,0.340948,0.433583,-0.023076,0.313978,0.435828,-0.041561,0.319015,0.433240,-0.060560,0.335268,0.433537,-0.079412,0.312510,0.571206,-0.038398,0.281009,0.657330,-0.063271,0.261130,0.704168,-0.076534,0.246584,0.748130,-0.083810,0.343155,0.588773,-0.043285,0.335610,0.671276,-0.072220,0.336119,0.724033,-0.085861,0.338166,0.771035,-0.090339,0.370744,0.580593,-0.049778,0.367592,0.555197,-0.082351,0.356733,0.502919,-0.088172,0.346235,0.472902,-0.082973,0.393274,0.555145,-0.058163,0.390635,0.516390,-0.078746,0.377772,0.473593,-0.077821,0.364964,0.445696,-0.071592
1780388364.353,left,victory,0.426046,0.404385,0.000001,0.395000,0.391508,-0.026820,0.372923,0.391391,-0.047857,0.376172,0.377336,-0.068130,0.391138,0.375424,-0.087469,0.367445,0.527418,-0.042750,0.337846,0.611850,-0.066147,0.320950,0.655185,-0.076248,0.310089,0.696078,-0.081960,0.399893,0.539865,-0.046593,0.401030,0.637279,-0.073580,0.400207,0.690822,-0.086125,0.400149,0.738203,-0.090641,0.427958,0.520618,-0.052307,0.428729,0.512406,-0.088629,0.411783,0.453961,-0.096720,0.395789,0.421619,-0.092454,0.447438,0.483870,-0.059595,0.439521,0.430620,-0.090197,0.416348,0.381617,-0.096237,0.395908,0.355470,-0.093566
1780388364.858,left,victory,0.457585,0.319918,0.000001,0.430429,0.302255,-0.024961,0.411250,0.297046,-0.041778,0.417030,0.288574,-0.056282,0.434579,0.291020,-0.072273,0.401321,0.426222,-0.040403,0.372731,0.490362,-0.056350,0.355667,0.529461,-0.065405,0.343284,0.564927,-0.071974,0.427918,0.441640,-0.040418,0.426621,0.519089,-0.055896,0.424759,0.567406,-0.068399,0.422533,0.608242,-0.077140,0.452207,0.434696,-0.041423,0.459782,0.478419,-0.061166,0.453145,0.514319,-0.077044,0.444849,0.547383,-0.087314,0.471075,0.410152,-0.043656,0.468684,0.396218,-0.063272,0.457969,0.369463,-0.071854,0.446886,0.349757,-0.076607
1780388365.380,left,victory,0.449766,0.308556,0.000000,0.424572,0.282893,-0.023140,0.403812,0.273637,-0.038671,0.399529,0.264531,-0.054039,0.403664,0.266541,-0.068838,0.385023,0.393107,-0.031355,0.355228,0.454618,-0.050278,0.337182,0.488704,-0.059223,0.324534,0.522531,-0.063174,0.410424,0.414715,-0.032851,0.402773,0.485970,-0.054968,0.397085,0.532418,-0.065623,0.394626,0.573351,-0.068400,0.435571,0.413877,-0.036210,0.435785,0.387620,-0.066871,0.427015,0.326393,-0.075238,0.419440,0.285797,-0.070966,0.456322,0.398907,-0.040862,0.453154,0.360712,-0.063402,0.443971,0.312766,-0.065739,0.436369,0.279286,-0.060860
1780388365.881,left,victory,0.424756,0.297059,0.000001,0.400624,0.274853,-0.022409,0.384591,0.258874,-0.040161,0.380100,0.241392,-0.058425,0.379181,0.235161,-0.076194,0.354610,0.365793,-0.035685,0.318469,0.419600,-0.060142,0.294641,0.449261,-0.073356,0.276735,0.478807,-0.079338,0.378243,0.397342,-0.038523,0.359844,0.451662,-0.063002,0.349586,0.495124,-0.073844,0.343432,0.529918,-0.076539,0.405588,0.404053,-0.043315,0.403455,0.357248,-0.071925,0.399922,0.298775,-0.077273,0.398079,0.255806,-0.071415,0.430940,0.391835,-0.049947,0.429467,0.345660,-0.068058,0.423664,0.301560,-0.066643,0.420108,0.267354,-0.059546
1780388366.406,left,victory,0.388044,0.700171,0.000000,0.404859,0.650211,-0.017970,0.416362,0.607315,-0.029686,0.413592,0.590266,-0.041835,0.401347,0.589881,-0.052947,0.358448,0.554482,-0.020864,0.339487,0.490286,-0.036848,0.326468,0.453133,-0.046009,0.313381,0.421708,-0.051057,0.340037,0.583091,-0.023017,0.308824,0.547823,-0.041195,0.285914,0.527579,-0.052674,0.266952,0.511399,-0.058081,0.333389,0.619594,-0.026645,0.336779,0.606673,-0.049877,0.359430,0.606024,-0.057648,0.376822,0.607120,-0.056208,0.336839,0.656784,-0.031635,0.349841,0.646060,-0.048074,0.368667,0.636312,-0.051256,0.385113,0.629092,-0.049005
1780388366.929,left,victory,0.337315,0.759697,0.000000,0.359427,0.736414,-0.015066,0.372738,0.705210,-0.024112,0.357831,0.693099,-0.033508,0.338962,0.683901,-0.041804,0.359092,0.613322,-0.012522,0.369375,0.553890,-0.025863,0.375788,0.516721,-0.033228,0.379398,0.486292,-0.036661,0.335818,0.616221,-0.014459,0.325141,0.550715,-0.030445,0.319498,0.509344,-0.039777,0.313764,0.475370,-0.042639,0.318316,0.635465,-0.018133,0.321152,0.628725,-0.040995,0.336481,0.663397,-0.047237,0.344871,0.687200,-0.043513,0.306519,0.662973,-0.022683,0.317942,0.670924,-0.038623,0.331773,0.694422,-0.040143,0.340145,0.709256,-0.036104
1780388367.549,left,victory,0.308414,0.518664,0.000000,0.340384,0.554145,-0.021772,0.349667,0.612941,-0.034221,0.340918,0.660866,-0.040366,0.327275,0.681558,-0.044615,0.322822,0.619141,-0.051561,0.332067,0.698972,-0.068060,0.335879,0.748346,-0.076263,0.336566,0.784509,-0.081588,0.296462,0.621077,-0.043424,0.285707,0.702038,-0.060938,0.277135,0.759379,-0.068569,0.268777,0.800527,-0.073064,0.280813,0.624312,-0.033381,0.294666,0.690467,-0.041774,0.310855,0.677063,-0.033348,0.318432,0.660500,-0.025778,0.272770,0.625007,-0.025207,0.291911,0.678587,-0.030024,0.303679,0.672885,-0.023140,0.309210,0.660168,-0.016186
1780388368.064,left,victory,0.439143,0.442256,0.000000,0.463186,0.482734,-0.003885,0.462320,0.539098,-0.006479,0.444274,0.575691,-0.007730,0.429061,0.594883,-0.008315,0.457219,0.562223,-0.015820,0.466391,0.629001,-0.018746,0.471288,0.666358,-0.018398,0.473963,0.695401,-0.017733,0.435484,0.563639,-0.015113,0.431439,0.634549,-0.017638,0.427700,0.677167,-0.018506,0.422431,0.707328,-0.018860,0.419105,0.555897,-0.013174,0.421377,0.597669,-0.014410,0.429997,0.587124,-0.011663,0.434317,0.570002,-0.008722,0.408018,0.544931,-0.011449,0.416444,0.565260,-0.010201,0.423242,0.555842,-0.005233,0.424751,0.541777,-0.000692
1780388368.598,left,victory,0.432035,0.467741,0.000000,0.460259,0.495705,-0.002926,0.468615,0.542845,-0.006635,0.459730,0.582803,-0.009189,0.448921,0.604443,-0.011249,0.465627,0.555439,-0.018356,0.487992,0.607753,-0.024322,0.500750,0.635690,-0.026365,0.509585,0.658519,-0.027261,0.447662,0.570272,-0.018088,0.460129,0.637078,-0.023510,0.465475,0.678837,-0.025583,0.466194,0.710374,-0.026862,0.432496,0.576368,-0.016300,0.447072,0.617897,-0.019398,0.453417,0.603826,-0.016106,0.454528,0.585195,-0.012589,0.420768,0.578266,-0.014635,0.435298,0.600835,-0.014748,0.440651,0.589372,-0.009908,0.439964,0.575033,-0.005416
1780388369.139,left,victory,0.354523,0.626565,0.000000,0.366631,0.591549,-0.000174,0.386916,0.568770,-0.004083,0.406202,0.559228,-0.008351,0.419876,0.550753,-0.012177,0.387932,0.541295,-0.013864,0.415259,0.527242,-0.021481,0.428691,0.513369,-0.025315,0.438353,0.499325,-0.027783,0.383943,0.558584,-0.018322,0.413883,0.555974,-0.026243,0.431311,0.554027,-0.029514,0.445015,0.551239,-0.032161,0.381706,0.581586,-0.022109,0.414553,0.591465,-0.029689,0.424816,0.606649,-0.030060,0.429023,0.617398,-0.029643,0.380539,0.605226,-0.025750,0.406071,0.614479,-0.030149,0.416343,0.621311,-0.029828,0.423712,0.624863,-0.029225
1780388369.677,left,victory,0.384177,0.715928,0.000000,0.396136,0.666298,-0.004035,0.398529,0.633932,-0.011271,0.403134,0.607869,-0.020321,0.406228,0.583798,-0.028507,0.350250,0.625355,-0.009705,0.346400,0.576063,-0.020553,0.340861,0.543346,-0.027530,0.335252,0.518537,-0.031580,0.348619,0.633477,-0.015445,0.344587,0.573690,-0.027198,0.339360,0.536841,-0.033329,0.334143,0.507260,-0.036155,0.355666,0.640936,-0.021565,0.373492,0.584345,-0.036019,0.391394,0.584624,-0.037358,0.402645,0.593031,-0.034193,0.369067,0.646517,-0.028009,0.385807,0.605942,-0.036352,0.398500,0.601874,-0.034638,0.407787,0.604599,-0.031027
1780388370.211,left,victory,0.451534,0.714788,0.000000,0.457708,0.668273,-0.006881,0.451015,0.625027,-0.009704,0.437379,0.592522,-0.013936,0.419362,0.591385,-0.017437,0.423422,0.614479,0.002180,0.414315,0.570166,-0.002059,0.408773,0.546194,-0.004690,0.401082,0.527469,-0.006758,0.411099,0.624407,-0.000276,0.383616,0.588343,-0.007711,0.369258,0.567181,-0.012233,0.355177,0.554172,-0.014472,0.405259,0.641032,-0.004251,0.388751,0.601460,-0.018196,0.408426,0.592790,-0.022134,0.423451,0.597324,-0.020905,0.402357,0.661139,-0.008606,0.396710,0.623471,-0.020282,0.410256,0.608947,-0.022911,0.423548,0.607147,-0.022463
1780388370.749,left,victory,0.450517,0.738521,0.000000,0.459104,0.697603,-0.012883,0.456653,0.660586,-0.020392,0.443766,0.657140,-0.028125,0.430514,0.671315,-0.035021,0.416217,0.615501,-0.011072,0.404849,0.565153,-0.021408,0.396823,0.535266,-0.028004,0.387818,0.512181,-0.031878,0.402182,0.639773,-0.012982,0.373878,0.606163,-0.025921,0.354400,0.587641,-0.034605,0.337127,0.575405,-0.038530,0.397621,0.671126,-0.016005,0.393768,0.657984,-0.033763,0.412339,0.661186,-0.038565,0.425296,0.667362,-0.036155,0.399781,0.703609,-0.019893,0.400604,0.687736,-0.032116,0.415977,0.685120,-0.031995,0.429093,0.686400,-0.028258
1780388371.281,left,victory,0.374708,0.864252,0.000000,0.360021,0.812017,0.000222,0.366836,0.756619,-0.004620,0.383659,0.726845,-0.009850,0.398305,0.711808,-0.014897,0.363181,0.737815,-0.017551,0.363554,0.671990,-0.026112,0.357908,0.635083,-0.030308,0.352253,0.606895,-0.032722,0.381572,0.754528,-0.022917,0.399749,0.686507,-0.030799,0.408326,0.649079,-0.034378,0.414990,0.620611,-0.037278,0.399425,0.773774,-0.026937,0.420891,0.706020,-0.034303,0.412376,0.709591,-0.031856,0.402396,0.722984,-0.028931,0.415260,0.790355,-0.030695,0.424438,0.735262,-0.034105,0.416649,0.738620,-0.028911,0.409482,0.752090,-0.024170
1780388371.824,left,victory,0.350474,0.915685,0.000000,0.332412,0.865730,-0.000390,0.338070,0.805396,-0.006323,0.359206,0.767163,-0.012182,0.375016,0.747304,-0.017264,0.329350,0.795395,-0.022687,0.323546,0.727618,-0.033034,0.314902,0.691881,-0.038339,0.307049,0.666194,-0.041314,0.348195,0.810989,-0.027878,0.361018,0.734377,-0.036758,0.368257,0.690496,-0.040550,0.374084,0.658405,-0.044110,0.368078,0.826059,-0.031555,0.387140,0.747112,-0.038373,0.381038,0.745953,-0.035192,0.372893,0.758687,-0.032329,0.386541,0.835605,-0.035172,0.395653,0.770889,-0.037334,0.388717,0.767088,-0.031973,0.382285,0.775124,-0.027689
1780388372.365,left,victory,0.381618,0.818070,0.000000,0.397248,0.774717,-0.008483,0.408571,0.745191,-0.018816,0.423100,0.740046,-0.030564,0.427213,0.755350,-0.041827,0.378460,0.702935,-0.020391,0.376059,0.653808,-0.033499,0.372960,0.622688,-0.040969,0.368433,0.595838,-0.046227,0.363507,0.726987,-0.025591,0.360643,0.707892,-0.043555,0.355466,0.689233,-0.051675,0.349371,0.674267,-0.055416,0.357541,0.757022,-0.031046,0.381128,0.749865,-0.049129,0.402664,0.751681,-0.052310,0.416373,0.754288,-0.050400,0.360252,0.787091,-0.037407,0.386337,0.779198,-0.049258,0.403874,0.776840,-0.050440,0.416157,0.774313,-0.048715
1780388372.949,left,victory,0.412837,0.859916,0.000000,0.428440,0.841526,-0.016952,0.434880,0.827013,-0.029049,0.422434,0.840608,-0.040432,0.406336,0.853261,-0.051778,0.409602,0.752395,-0.021920,0.408983,0.699672,-0.036237,0.407209,0.668456,-0.044349,0.403185,0.641254,-0.048412,0.388869,0.760015,-0.021694,0.365653,0.728271,-0.038500,0.348704,0.711219,-0.048149,0.333225,0.696805,-0.051227,0.375706,0.779943,-0.022322,0.370121,0.805401,-0.043322,0.389196,0.831880,-0.048138,0.402956,0.846304,-0.044273,0.368827,0.803535,-0.023799,0.368948,0.827178,-0.038868,0.384123,0.847535,-0.038272,0.397369,0.856695,-0.032656
1780388373.500,left,victory,0.479517,0.884998,0.000000,0.503949,0.855884,-0.009945,0.520975,0.833878,-0.020896,0.532411,0.832361,-0.033873,0.530667,0.848717,-0.046554,0.501095,0.754014,-0.017272,0.507055,0.695400,-0.032780,0.511215,0.659982,-0.041727,0.512641,0.629376,-0.046619,0.478667,0.761185,-0.022976,0.475158,0.724148,-0.041016,0.466833,0.697400,-0.050529,0.457291,0.675120,-0.053890,0.461697,0.784864,-0.029532,0.486500,0.800893,-0.049158,0.504998,0.823133,-0.053817,0.515908,0.837717,-0.050797,0.453730,0.817937,-0.037153,0.477095,0.834276,-0.047325,0.494764,0.847303,-0.046303,0.508098,0.856669,-0.041963
1780388374.019,left,victory,0.547690,0.857131,0.000000,0.585083,0.843747,-0.003853,0.606308,0.826435,-0.014189,0.623780,0.821024,-0.027247,0.638055,0.817085,-0.039574,0.590739,0.740359,-0.017276,0.614078,0.687457,-0.031770,0.626000,0.653281,-0.040296,0.633392,0.621661,-0.045839,0.579108,0.742368,-0.026001,0.604421,0.703742,-0.045758,0.614610,0.670824,-0.055150,0.620638,0.640342,-0.059403,0.571877,0.761743,-0.034606,0.613115,0.770327,-0.055462,0.626429,0.804464,-0.057095,0.631269,0.829107,-0.053009,0.570068,0.791976,-0.043468,0.603221,0.801340,-0.055911,0.617966,0.820963,-0.054537,0.626504,0.836679,-0.050521
1780388374.576,left,victory,0.539848,0.840522,0.000000,0.576844,0.821787,-0.005967,0.596372,0.804647,-0.018604,0.613410,0.796280,-0.034103,0.627667,0.797644,-0.048744,0.578790,0.712987,-0.018510,0.600978,0.665315,-0.035349,0.613187,0.628132,-0.046806,0.621090,0.596281,-0.054583,0.567867,0.718328,-0.027786,0.596337,0.676196,-0.049385,0.610579,0.637010,-0.061196,0.620546,0.603646,-0.067514,0.561325,0.740438,-0.037100,0.603950,0.741401,-0.057658,0.617877,0.773749,-0.057369,0.622790,0.798957,-0.052417,0.560613,0.773824,-0.047344,0.594116,0.779222,-0.058845,0.609381,0.797331,-0.055637,0.617801,0.812015,-0.050525
1780388375.079,left,victory,0.432845,0.846079,0.000000,0.452087,0.808221,-0.009587,0.465250,0.781896,-0.019735,0.475594,0.774973,-0.031504,0.476049,0.778816,-0.042856,0.433098,0.710402,-0.016473,0.432538,0.655698,-0.029234,0.431525,0.621199,-0.037113,0.429473,0.590815,-0.042268,0.412447,0.728311,-0.022418,0.402467,0.693971,-0.040402,0.393774,0.669322,-0.049864,0.386527,0.650368,-0.053789,0.399844,0.759312,-0.029064,0.424294,0.752518,-0.049750,0.447574,0.762714,-0.055590,0.463383,0.770936,-0.054316,0.396701,0.795950,-0.036343,0.422530,0.792532,-0.049216,0.441825,0.796950,-0.050186,0.456452,0.799666,-0.047709
1780388375.601,left,victory,0.359933,0.822135,0.000000,0.364123,0.796146,-0.019825,0.352486,0.768942,-0.029349,0.328399,0.774426,-0.037143,0.307400,0.780540,-0.044327,0.334269,0.702951,-0.016736,0.329764,0.651150,-0.029265,0.326867,0.617347,-0.037657,0.324084,0.587482,-0.042581,0.317494,0.714598,-0.014382,0.294554,0.667232,-0.027858,0.278495,0.640829,-0.035868,0.265213,0.617312,-0.039146,0.308814,0.738242,-0.013923,0.289434,0.731296,-0.034100,0.301479,0.759251,-0.038662,0.313457,0.777204,-0.035694,0.306803,0.766426,-0.014642,0.295466,0.775885,-0.032795,0.308597,0.796229,-0.034787,0.322121,0.806617,-0.031431
1780388376.142,left,victory,0.342684,0.846095,0.000000,0.351759,0.793552,-0.005493,0.354474,0.755090,-0.014995,0.359284,0.729059,-0.026773,0.364753,0.723600,-0.038233,0.315044,0.726610,-0.015328,0.302181,0.673696,-0.027715,0.292728,0.642309,-0.035414,0.282382,0.617728,-0.040869,0.306366,0.752308,-0.022677,0.297687,0.711570,-0.039843,0.286817,0.686215,-0.049351,0.276614,0.669147,-0.054353,0.306491,0.780002,-0.030060,0.325340,0.735087,-0.047801,0.346031,0.725059,-0.050311,0.360487,0.724323,-0.047854,0.314567,0.803927,-0.038127,0.333346,0.766630,-0.048784,0.348401,0.752544,-0.048477,0.359349,0.745464,-0.045849
1780388376.682,left,victory,0.367611,0.883349,0.000000,0.353375,0.826475,0.001446,0.361992,0.766510,-0.004690,0.382357,0.729727,-0.011356,0.397408,0.713192,-0.017597,0.348582,0.754357,-0.019246,0.346787,0.688791,-0.027980,0.339910,0.654145,-0.032338,0.331457,0.629139,-0.034838,0.365245,0.770816,-0.025820,0.377466,0.700294,-0.032933,0.381772,0.662099,-0.034934,0.384094,0.634403,-0.037227,0.384030,0.789639,-0.030835,0.405503,0.717679,-0.035454,0.402522,0.721426,-0.029473,0.395565,0.737103,-0.025067,0.402413,0.807032,-0.035920,0.414188,0.744514,-0.035435,0.410829,0.746666,-0.027004,0.406062,0.759910,-0.020909
1780388377.224,left,victory,0.483983,0.924941,0.000000,0.463050,0.861525,-0.009036,0.471838,0.795813,-0.017116,0.498865,0.762060,-0.022119,0.522771,0.751695,-0.026400,0.486424,0.810042,-0.032598,0.492812,0.738329,-0.041499,0.495742,0.695976,-0.044839,0.499777,0.660459,-0.047278,0.512851,0.823433,-0.030621,0.537517,0.749055,-0.039093,0.554208,0.706658,-0.041422,0.569868,0.677024,-0.043199,0.531615,0.836348,-0.026765,0.539243,0.762842,-0.033557,0.524054,0.764213,-0.028309,0.513869,0.781657,-0.023131,0.543870,0.844422,-0.023201,0.539854,0.782482,-0.028194,0.527286,0.780651,-0.023429,0.520954,0.793595,-0.018473
1780388377.769,left,victory,0.504028,0.925433,0.000000,0.486478,0.860857,-0.007521,0.492197,0.788679,-0.013083,0.514528,0.751457,-0.015466,0.535518,0.749168,-0.017172,0.519687,0.799951,-0.028691,0.526262,0.722671,-0.034430,0.529123,0.684029,-0.035939,0.534244,0.653279,-0.037119,0.543186,0.812153,-0.025247,0.566623,0.737413,-0.031210,0.583553,0.693344,-0.032535,0.599838,0.663834,-0.033569,0.557935,0.824585,-0.019613,0.561284,0.754964,-0.022353,0.547373,0.746195,-0.017722,0.536525,0.754518,-0.013737,0.566960,0.834442,-0.014411,0.560320,0.779573,-0.016701,0.548863,0.772988,-0.012818,0.541678,0.781093,-0.008797
1780388378.326,left,victory,0.448091,0.872994,0.000000,0.436161,0.812519,-0.002281,0.448793,0.758773,-0.006935,0.473674,0.735648,-0.010894,0.494008,0.728148,-0.014418,0.457371,0.744678,-0.019314,0.464461,0.674510,-0.025651,0.467169,0.634866,-0.027737,0.469987,0.603069,-0.028826,0.478559,0.761871,-0.021251,0.504062,0.694644,-0.026638,0.519585,0.658072,-0.028240,0.533467,0.632489,-0.029460,0.494141,0.782725,-0.021622,0.510158,0.726124,-0.025565,0.500109,0.729166,-0.020730,0.491112,0.743227,-0.016172,0.505422,0.801840,-0.022055,0.512077,0.752858,-0.022823,0.503340,0.751878,-0.015923,0.496793,0.763522,-0.009794
1780388378.834,left,victory,0.394102,0.876739,0.000000,0.384989,0.819000,0.000079,0.398955,0.765031,-0.004805,0.419957,0.742083,-0.010072,0.437523,0.731035,-0.014675,0.394562,0.753334,-0.017685,0.402341,0.690149,-0.026036,0.402715,0.652041,-0.030022,0.402084,0.621721,-0.032537,0.409033,0.775458,-0.022914,0.431088,0.714977,-0.030266,0.444177,0.680662,-0.033338,0.455376,0.655654,-0.036332,0.424612,0.799236,-0.026945,0.451485,0.733923,-0.033433,0.445900,0.730904,-0.030605,0.437571,0.741446,-0.027826,0.439826,0.819215,-0.030952,0.456207,0.762273,-0.034275,0.449801,0.756414,-0.030073,0.442487,0.765147,-0.026320
1780388379.391,left,victory,0.400739,0.859680,0.000000,0.392756,0.803227,-0.000280,0.407550,0.752892,-0.005221,0.430424,0.729432,-0.009914,0.448504,0.718269,-0.014166,0.403506,0.739590,-0.020378,0.410778,0.678299,-0.028838,0.412011,0.638813,-0.033054,0.412637,0.607862,-0.035546,0.419435,0.760580,-0.024561,0.441748,0.698506,-0.030619,0.454653,0.663397,-0.032084,0.465362,0.638321,-0.034058,0.435218,0.783627,-0.027325,0.460694,0.720294,-0.031952,0.453714,0.718220,-0.027177,0.444831,0.729003,-0.023413,0.449520,0.804412,-0.030056,0.465066,0.749209,-0.031250,0.457863,0.747509,-0.024862,0.450993,0.759040,-0.019741
1780388379.905,left,victory,0.578314,0.632882,0.000000,0.555184,0.653567,-0.016222,0.532654,0.649434,-0.024386,0.518763,0.630318,-0.029851,0.516982,0.607842,-0.034270,0.536633,0.584912,-0.015044,0.521902,0.550539,-0.020846,0.511489,0.529240,-0.025408,0.503968,0.511869,-0.028642,0.548134,0.561591,-0.010053,0.534190,0.527006,-0.013751,0.523599,0.507749,-0.016321,0.515615,0.492138,-0.018332,0.559087,0.544990,-0.006523,0.548112,0.512896,-0.010899,0.538073,0.494210,-0.011753,0.530045,0.477301,-0.012020,0.567717,0.535514,-0.004423,0.562392,0.506864,-0.008503,0.556614,0.489965,-0.008955,0.551778,0.474602,-0.008599
1780388380.455,left,victory,0.501270,0.870296,0.000000,0.485810,0.807022,-0.001885,0.488116,0.742706,-0.004689,0.507993,0.717065,-0.006229,0.526168,0.720833,-0.007833,0.516324,0.734166,-0.019402,0.521482,0.658713,-0.023730,0.524996,0.619583,-0.024978,0.529197,0.589372,-0.025705,0.539470,0.747027,-0.019130,0.561909,0.675279,-0.022484,0.577736,0.633566,-0.023136,0.591481,0.607288,-0.023434,0.553593,0.764512,-0.016904,0.556574,0.705408,-0.017483,0.544484,0.697221,-0.014516,0.534327,0.705895,-0.011869,0.561318,0.780755,-0.014756,0.554608,0.735105,-0.015632,0.543978,0.729820,-0.012056,0.536892,0.738660,-0.008212
1780388380.973,left,victory,0.472905,0.844882,0.000000,0.458622,0.782555,0.000348,0.464751,0.729346,-0.000782,0.485603,0.712945,-0.001792,0.503228,0.717020,-0.003046,0.486300,0.705475,-0.011488,0.489983,0.636332,-0.015163,0.492371,0.596944,-0.016691,0.495128,0.566378,-0.017508,0.508242,0.719445,-0.012775,0.529549,0.655375,-0.013398,0.541202,0.619834,-0.012573,0.551099,0.596160,-0.012360,0.522143,0.739369,-0.012862,0.530526,0.689747,-0.011778,0.521094,0.686981,-0.008473,0.512948,0.697139,-0.006000,0.530093,0.759512,-0.013126,0.530571,0.719989,-0.011670,0.522895,0.717203,-0.006938,0.517029,0.726274,-0.002782
1780388381.521,left,victory,0.415927,0.819553,0.000000,0.405713,0.760085,0.000601,0.416478,0.708037,-0.002872,0.435788,0.684598,-0.006563,0.452633,0.677216,-0.009848,0.418600,0.689114,-0.014693,0.425032,0.626143,-0.022057,0.425520,0.587847,-0.025863,0.425518,0.557301,-0.028038,0.437160,0.701873,-0.018460,0.459145,0.638875,-0.022782,0.471826,0.604002,-0.024454,0.482969,0.578441,-0.026369,0.453188,0.721004,-0.020868,0.472615,0.667155,-0.023305,0.465078,0.674870,-0.018013,0.457572,0.690078,-0.013989,0.466178,0.741178,-0.023425,0.475549,0.698970,-0.022473,0.468404,0.703031,-0.015242,0.462771,0.715686,-0.009505
1780388382.052,left,victory,0.374781,0.788377,0.000000,0.365748,0.736873,0.005603,0.372669,0.686922,0.002988,0.387082,0.655233,-0.000773,0.400171,0.635069,-0.004108,0.367850,0.663373,-0.013025,0.375986,0.604194,-0.019914,0.376510,0.568668,-0.022927,0.374560,0.540522,-0.024717,0.378480,0.679400,-0.019903,0.397127,0.619898,-0.026702,0.406717,0.586567,-0.028512,0.412243,0.560993,-0.030280,0.390721,0.698679,-0.025027,0.418364,0.647595,-0.029873,0.422156,0.652559,-0.024985,0.418438,0.662861,-0.021038,0.402882,0.719182,-0.029693,0.424261,0.677700,-0.030074,0.425159,0.679277,-0.023797,0.420478,0.685525,-0.018895
1780388382.587,left,victory,0.370307,0.813578,0.000000,0.362988,0.759028,0.004691,0.370616,0.708669,0.001506,0.385639,0.683146,-0.003352,0.399651,0.668834,-0.007879,0.365773,0.685097,-0.011574,0.373111,0.625848,-0.019807,0.372829,0.589546,-0.024154,0.370306,0.560539,-0.026815,0.377310,0.699804,-0.019115,0.397304,0.637689,-0.026805,0.406682,0.604668,-0.029247,0.412325,0.578914,-0.031237,0.389897,0.719752,-0.025333,0.417998,0.663734,-0.032061,0.418911,0.676402,-0.027410,0.413887,0.692483,-0.022921,0.402973,0.742000,-0.031225,0.424068,0.697431,-0.033169,0.422218,0.703452,-0.026864,0.416024,0.713983,-0.021523
1780388383.112,left,victory,0.418255,0.841029,0.000000,0.405634,0.776927,0.002462,0.417151,0.722421,0.000334,0.439498,0.697469,-0.002280,0.458040,0.689743,-0.004441,0.419172,0.700338,-0.009912,0.423467,0.636082,-0.014642,0.422596,0.598426,-0.017085,0.421869,0.566882,-0.018498,0.439605,0.712150,-0.013809,0.459890,0.646239,-0.015859,0.472020,0.609295,-0.016795,0.482804,0.580428,-0.018014,0.456779,0.731606,-0.016253,0.472795,0.677409,-0.017294,0.464874,0.686794,-0.012704,0.456702,0.703275,-0.008857,0.470242,0.753069,-0.018609,0.477699,0.710838,-0.016672,0.470606,0.714100,-0.009301,0.464914,0.725359,-0.003177
1780388383.667,left,victory,0.460235,0.823700,0.000000,0.444491,0.764330,-0.001185,0.451723,0.710990,-0.004303,0.473068,0.686495,-0.007097,0.492190,0.679679,-0.009882,0.468280,0.681893,-0.013525,0.470634,0.614687,-0.018503,0.470439,0.575312,-0.020999,0.471285,0.544472,-0.022565,0.490084,0.692508,-0.015249,0.510828,0.626050,-0.018087,0.523652,0.588490,-0.019382,0.535885,0.563241,-0.020666,0.504781,0.710806,-0.015689,0.516140,0.660684,-0.016386,0.505028,0.661264,-0.012335,0.496223,0.673160,-0.009266,0.513928,0.729784,-0.016401,0.514956,0.690214,-0.015298,0.506777,0.690533,-0.008962,0.501414,0.701577,-0.003619
1780388384.186,left,victory,0.460701,0.721380,0.000000,0.453707,0.668119,0.003585,0.464102,0.626377,0.002311,0.480409,0.607471,0.000288,0.494745,0.601593,-0.001685,0.474361,0.597513,-0.007954,0.483526,0.543032,-0.012571,0.485218,0.511161,-0.014932,0.485697,0.485583,-0.015883,0.490298,0.611357,-0.011554,0.514137,0.562545,-0.012574,0.525910,0.534285,-0.012393,0.535749,0.513351,-0.012730,0.502364,0.633057,-0.013868,0.519927,0.596193,-0.012559,0.512201,0.600768,-0.007529,0.504600,0.611753,-0.004165,0.510862,0.656899,-0.016141,0.519694,0.626886,-0.012106,0.513396,0.628975,-0.004716,0.508069,0.638163,0.000876
1780388384.702,left,victory,0.464799,0.706044,0.000000,0.459416,0.655152,0.005093,0.469923,0.617509,0.005060,0.485625,0.602672,0.004104,0.499117,0.602083,0.003188,0.478459,0.592957,-0.006370,0.486743,0.542989,-0.010651,0.490057,0.510211,-0.012562,0.491954,0.486253,-0.013289,0.492614,0.607518,-0.010684,0.514956,0.561890,-0.014053,0.527346,0.532885,-0.015411,0.536356,0.513499,-0.016138,0.503424,0.627392,-0.013521,0.523569,0.594499,-0.014003,0.521913,0.592023,-0.010465,0.517451,0.596460,-0.007393,0.510809,0.648302,-0.016033,0.520568,0.619735,-0.012605,0.516737,0.618135,-0.006025,0.512129,0.624046,-0.000703
1780388385.215,left,victory,0.416457,0.764753,0.000000,0.408587,0.708881,0.001882,0.421484,0.660785,-0.001373,0.440654,0.638669,-0.005056,0.456958,0.631291,-0.008368,0.422036,0.641764,-0.014759,0.431311,0.581246,-0.022354,0.433337,0.541412,-0.026295,0.434268,0.510221,-0.028548,0.438412,0.656553,-0.019271,0.462149,0.596774,-0.024824,0.475758,0.562037,-0.026899,0.486745,0.536739,-0.028697,0.453717,0.676734,-0.022225,0.476860,0.626260,-0.025651,0.470136,0.632854,-0.020529,0.462080,0.646774,-0.016137,0.466495,0.697686,-0.025138,0.479188,0.656171,-0.024687,0.472253,0.659503,-0.017391,0.465796,0.672052,-0.011283
1780388385.766,left,victory,0.413855,0.755575,0.000000,0.402718,0.695736,0.003540,0.413638,0.643693,0.000688,0.431069,0.614958,-0.002113,0.447371,0.601618,-0.004628,0.415495,0.624613,-0.017205,0.422691,0.562179,-0.025757,0.423384,0.522067,-0.031170,0.423539,0.489462,-0.034417,0.432344,0.640253,-0.020887,0.454762,0.575734,-0.025354,0.467936,0.538291,-0.026149,0.478041,0.510214,-0.027659,0.448187,0.660509,-0.022617,0.470266,0.602133,-0.023059,0.464530,0.599006,-0.016536,0.456583,0.608279,-0.012264,0.460608,0.681387,-0.024249,0.474280,0.635727,-0.021482,0.467961,0.631671,-0.013675,0.462000,0.638358,-0.007713
1780388386.283,left,victory,0.460552,0.674710,0.000000,0.455573,0.625258,0.005908,0.465313,0.587419,0.005415,0.479177,0.569296,0.003724,0.492130,0.561862,0.002151,0.471055,0.564309,-0.006514,0.477976,0.512991,-0.011844,0.480360,0.480096,-0.014595,0.482329,0.454962,-0.015913,0.484962,0.574819,-0.011221,0.506428,0.525407,-0.015063,0.517601,0.495839,-0.016118,0.526856,0.475001,-0.016771,0.496361,0.592450,-0.014315,0.513798,0.555135,-0.014667,0.506260,0.561135,-0.008657,0.499435,0.572091,-0.003988,0.504824,0.613671,-0.017185,0.515127,0.583396,-0.013709,0.508576,0.588174,-0.005655,0.503476,0.598405,0.000743
1780388386.785,left,victory,0.459285,0.623245,0.000000,0.454775,0.573656,0.004806,0.465114,0.535723,0.003276,0.481051,0.520843,0.000506,0.495708,0.518985,-0.002153,0.470909,0.514079,-0.007928,0.481235,0.462377,-0.013561,0.485732,0.429442,-0.016214,0.488994,0.404357,-0.017475,0.485761,0.528041,-0.012858,0.510316,0.479860,-0.017114,0.523466,0.450150,-0.018664,0.533568,0.429526,-0.019597,0.497613,0.549167,-0.016201,0.515787,0.511760,-0.017126,0.508049,0.518674,-0.010848,0.500459,0.530162,-0.005739,0.506357,0.573688,-0.019373,0.516978,0.541070,-0.016162,0.510379,0.544361,-0.007411,0.504627,0.553819,-0.000451
1780388387.317,left,victory,0.460707,0.642882,0.000000,0.456558,0.589704,0.005900,0.468081,0.551044,0.004297,0.484330,0.536204,0.001285,0.499414,0.534966,-0.001742,0.473867,0.529194,-0.009205,0.485065,0.474937,-0.015524,0.489543,0.440063,-0.018775,0.492992,0.412887,-0.020662,0.489188,0.543826,-0.014668,0.515383,0.492694,-0.019400,0.529981,0.462665,-0.020874,0.541371,0.441635,-0.022091,0.501025,0.565061,-0.018329,0.522432,0.521951,-0.019136,0.514079,0.530056,-0.011651,0.505852,0.542567,-0.006009,0.509590,0.589261,-0.021790,0.522331,0.553227,-0.018711,0.515195,0.557273,-0.009598,0.509054,0.567721,-0.002431
1780388387.856,left,victory,0.475551,0.594518,0.000000,0.475524,0.547221,0.004646,0.489125,0.516357,0.002911,0.506278,0.508864,-0.000160,0.519829,0.513872,-0.003240,0.496763,0.494813,-0.007868,0.509326,0.447877,-0.013440,0.515914,0.417012,-0.016149,0.520649,0.393018,-0.017573,0.510158,0.510218,-0.012861,0.537751,0.471166,-0.017097,0.552779,0.446183,-0.018788,0.564038,0.429165,-0.019800,0.519120,0.531982,-0.016340,0.539067,0.503814,-0.017298,0.530762,0.509210,-0.011551,0.522944,0.518022,-0.006834,0.524608,0.556774,-0.019694,0.535688,0.532157,-0.016757,0.528966,0.535306,-0.008838,0.523683,0.543456,-0.002482
1780388388.402,left,victory,0.470794,0.618650,0.000000,0.470164,0.567145,0.005887,0.484199,0.534218,0.004584,0.501701,0.524812,0.001829,0.515697,0.528841,-0.001122,0.491779,0.513139,-0.007724,0.503849,0.462085,-0.013549,0.510303,0.429310,-0.016392,0.514859,0.403843,-0.017703,0.506112,0.529631,-0.012893,0.534489,0.486569,-0.016657,0.549465,0.459584,-0.017941,0.560293,0.441201,-0.018639,0.515904,0.552312,-0.016343,0.535677,0.519096,-0.016412,0.527458,0.524209,-0.010096,0.519781,0.533680,-0.005067,0.522099,0.577404,-0.019533,0.532633,0.547853,-0.015629,0.525599,0.550958,-0.006921,0.520595,0.559920,0.000009
1780388388.939,left,victory,0.473693,0.626082,0.000000,0.471116,0.573228,0.004359,0.484611,0.538022,0.002852,0.502315,0.529543,0.000244,0.517148,0.534235,-0.002426,0.490998,0.517753,-0.008446,0.501153,0.465630,-0.014460,0.505892,0.432441,-0.017676,0.509075,0.406841,-0.019274,0.505656,0.532765,-0.012886,0.531146,0.486563,-0.016263,0.544760,0.457704,-0.018097,0.555273,0.438267,-0.019561,0.516078,0.554136,-0.015766,0.534374,0.520814,-0.015594,0.526165,0.524659,-0.010462,0.518707,0.533365,-0.006661,0.522708,0.577389,-0.018575,0.532118,0.550404,-0.015278,0.525737,0.553579,-0.007783,0.521163,0.562245,-0.001907
1780388389.464,left,victory,0.478891,0.679758,0.000000,0.473597,0.626285,0.003255,0.485917,0.586745,0.000964,0.504356,0.575218,-0.002107,0.518763,0.577981,-0.005404,0.494597,0.567237,-0.012632,0.501283,0.508328,-0.019332,0.505427,0.472132,-0.022691,0.509156,0.445220,-0.024426,0.510652,0.583196,-0.016550,0.534428,0.529502,-0.021418,0.549056,0.497326,-0.023270,0.561210,0.475454,-0.024642,0.522377,0.604230,-0.018735,0.540692,0.560534,-0.020115,0.532197,0.565763,-0.014416,0.524280,0.577744,-0.009744,0.530600,0.626122,-0.020821,0.538972,0.589195,-0.018773,0.532017,0.590319,-0.011297,0.527039,0.599779,-0.005096
1780388390.001,left,victory,0.465391,0.733703,0.000000,0.457246,0.677557,0.003369,0.467762,0.634645,0.000619,0.486423,0.619672,-0.002651,0.502194,0.619060,-0.006119,0.475934,0.612177,-0.015056,0.482225,0.549965,-0.022057,0.485422,0.512683,-0.025020,0.487619,0.483894,-0.026107,0.493362,0.628149,-0.018947,0.517568,0.566942,-0.023590,0.531144,0.532481,-0.023938,0.541901,0.507874,-0.023927,0.506940,0.649106,-0.020955,0.523913,0.599324,-0.022120,0.515600,0.605594,-0.015478,0.507801,0.618886,-0.009894,0.516840,0.671789,-0.022749,0.524993,0.627486,-0.019683,0.517822,0.629868,-0.010540,0.512707,0.640990,-0.003033
1780388390.511,left,victory,0.462512,0.762554,0.000000,0.451680,0.708612,0.001350,0.461417,0.662296,-0.001908,0.481287,0.642812,-0.005151,0.498919,0.638614,-0.008646,0.470427,0.642010,-0.018806,0.477277,0.575140,-0.026594,0.480301,0.536442,-0.029475,0.482522,0.506447,-0.030337,0.490019,0.657064,-0.021706,0.514831,0.590884,-0.026958,0.528741,0.555203,-0.027010,0.540039,0.528790,-0.026675,0.505169,0.676529,-0.022760,0.520736,0.622104,-0.025089,0.513072,0.629155,-0.018473,0.506471,0.643404,-0.012671,0.516189,0.697438,-0.023639,0.524103,0.649584,-0.021556,0.516225,0.653109,-0.012395,0.511039,0.665654,-0.004774
1780388391.036,left,victory,0.424893,0.825947,0.000000,0.411254,0.769196,0.001062,0.418479,0.714991,-0.002465,0.436806,0.686382,-0.006398,0.453326,0.674273,-0.010181,0.421498,0.691379,-0.014840,0.425518,0.622748,-0.023126,0.425797,0.580854,-0.027676,0.426098,0.548550,-0.029967,0.442400,0.704723,-0.018642,0.463558,0.633771,-0.024279,0.475386,0.593079,-0.026459,0.485126,0.561744,-0.028096,0.460773,0.722128,-0.021057,0.477471,0.656184,-0.025443,0.469910,0.665794,-0.020765,0.462776,0.683523,-0.016137,0.475855,0.740095,-0.023312,0.483725,0.688012,-0.023298,0.475766,0.693422,-0.015629,0.470416,0.707276,-0.008930
1780388391.541,left,victory,0.411933,0.867018,0.000000,0.394652,0.807352,0.000362,0.402054,0.747210,-0.003869,0.424340,0.713019,-0.008056,0.444748,0.697929,-0.012051,0.407616,0.721934,-0.018512,0.409244,0.646614,-0.026808,0.408451,0.601490,-0.030663,0.408740,0.566122,-0.032594,0.430301,0.735427,-0.022193,0.451673,0.655173,-0.028358,0.463656,0.610856,-0.029924,0.474967,0.577428,-0.031102,0.449397,0.754242,-0.024213,0.467157,0.681759,-0.029688,0.456859,0.693065,-0.024114,0.448538,0.713316,-0.018572,0.464538,0.774007,-0.026013,0.473259,0.715859,-0.027353,0.463886,0.722573,-0.019273,0.458397,0.738784,-0.011961
1780388392.071,left,victory,0.408012,0.924687,0.000000,0.388245,0.867774,0.002067,0.392265,0.806873,-0.001088,0.408700,0.767232,-0.004512,0.425570,0.747328,-0.007715,0.404387,0.772003,-0.017535,0.406410,0.689768,-0.025799,0.404310,0.642730,-0.028827,0.402726,0.607198,-0.029641,0.427316,0.783088,-0.021563,0.451260,0.695785,-0.027924,0.462511,0.648720,-0.028434,0.472989,0.614474,-0.028342,0.446682,0.800327,-0.023762,0.466779,0.724187,-0.028574,0.455670,0.732884,-0.022124,0.446493,0.752369,-0.015913,0.461916,0.819756,-0.025637,0.472287,0.756911,-0.025794,0.462956,0.763297,-0.016653,0.456699,0.780387,-0.008543
1780388392.611,left,victory,0.556950,0.815780,0.000000,0.554771,0.740926,0.000263,0.574935,0.695535,-0.003313,0.602791,0.688260,-0.007641,0.622761,0.693320,-0.011708,0.601596,0.671604,-0.010549,0.619568,0.608718,-0.016132,0.630656,0.572201,-0.019729,0.640805,0.545217,-0.021993,0.620400,0.703407,-0.013794,0.657102,0.658961,-0.016739,0.679263,0.632942,-0.018388,0.697847,0.617620,-0.019771,0.630557,0.739329,-0.016041,0.654135,0.696884,-0.017741,0.641644,0.691846,-0.014284,0.629801,0.701421,-0.010963,0.635458,0.773359,-0.018529,0.646530,0.735685,-0.018409,0.636919,0.728955,-0.012987,0.628331,0.736120,-0.007743
1780388393.135,left,victory,0.720970,0.781668,0.000000,0.723662,0.719381,-0.005419,0.741240,0.684897,-0.006420,0.761330,0.691371,-0.006264,0.773205,0.699703,-0.005656,0.784092,0.689405,-0.006392,0.803760,0.645525,-0.005110,0.815750,0.624682,-0.004251,0.826822,0.609825,-0.003624,0.795378,0.726590,-0.003159,0.822345,0.704389,0.001077,0.838761,0.695556,0.003316,0.850933,0.691302,0.004547,0.795133,0.759155,-0.000065,0.795301,0.739242,0.002953,0.783737,0.733045,0.001762,0.773776,0.736508,0.001350,0.790321,0.783007,0.002507,0.787227,0.766037,0.004381,0.777787,0.762448,0.005176,0.769162,0.766288,0.006382
1780388393.768,left,victory,0.745682,0.804208,0.000000,0.761231,0.768767,-0.001466,0.779013,0.762733,-0.004144,0.788759,0.780152,-0.007683,0.793259,0.799626,-0.011157,0.801331,0.775371,-0.005834,0.819418,0.759573,-0.011119,0.831509,0.752689,-0.014335,0.841915,0.749280,-0.016416,0.804148,0.809006,-0.008572,0.823996,0.821358,-0.011501,0.834816,0.833067,-0.013210,0.842693,0.842560,-0.014019,0.799258,0.837903,-0.011323,0.797686,0.839101,-0.013381,0.788929,0.834978,-0.013101,0.782207,0.831279,-0.012258,0.789848,0.860361,-0.014575,0.782798,0.857840,-0.014489,0.775799,0.851386,-0.012128,0.770299,0.846278,-0.009771
1780388394.289,left,victory,0.685015,0.737257,0.000000,0.708694,0.707173,0.003196,0.731401,0.710613,0.001592,0.743160,0.735119,-0.001770,0.746615,0.759649,-0.005215,0.753167,0.719196,-0.002934,0.779032,0.712313,-0.008083,0.795732,0.708342,-0.011057,0.808321,0.706515,-0.012546,0.754001,0.751684,-0.008204,0.782928,0.775531,-0.011417,0.800559,0.790760,-0.013938,0.813364,0.803924,-0.015308,0.747335,0.781324,-0.012741,0.757573,0.801768,-0.014308,0.748514,0.795812,-0.012149,0.740442,0.788769,-0.009775,0.736343,0.806663,-0.017369,0.741429,0.815989,-0.015197,0.733401,0.807459,-0.009437,0.726223,0.799920,-0.004543
1780388394.813,left,victory,0.651867,0.731498,0.000000,0.688184,0.712402,0.006164,0.717145,0.727385,0.002677,0.730114,0.761398,-0.002460,0.734006,0.794716,-0.007390,0.733259,0.729583,-0.013450,0.769905,0.737848,-0.022410,0.793762,0.739631,-0.027400,0.812221,0.740623,-0.030518,0.726183,0.764976,-0.021269,0.766988,0.805700,-0.031138,0.793766,0.830571,-0.036445,0.812974,0.850594,-0.039884,0.713752,0.796403,-0.026610,0.745256,0.836653,-0.030839,0.739878,0.826208,-0.023022,0.731141,0.811148,-0.016346,0.698832,0.822792,-0.031679,0.724573,0.841439,-0.029371,0.720692,0.831561,-0.017954,0.713099,0.820595,-0.008668
1780388395.316,left,victory,0.575666,0.795384,0.000000,0.621300,0.771309,-0.008166,0.661019,0.802035,-0.016135,0.682088,0.852955,-0.022025,0.688023,0.896295,-0.027919,0.649970,0.822627,-0.036000,0.705642,0.849458,-0.048368,0.737937,0.865802,-0.052427,0.763321,0.878803,-0.054040,0.633545,0.867512,-0.036677,0.683086,0.939675,-0.047471,0.708802,0.978316,-0.048887,0.725855,1.005211,-0.049262,0.619285,0.903670,-0.035951,0.671876,0.965474,-0.046753,0.691332,0.963600,-0.045541,0.697612,0.954299,-0.042253,0.610377,0.930583,-0.035118,0.655204,0.968385,-0.042490,0.671857,0.958891,-0.039781,0.676377,0.944276,-0.035882
1780388395.900,left,victory,0.496882,0.797350,-0.000000,0.479913,0.813184,0.003310,0.461117,0.812995,0.000196,0.446463,0.799762,-0.005500,0.435739,0.782949,-0.010843,0.445349,0.828172,-0.000645,0.432699,0.782494,-0.011949,0.441208,0.749683,-0.019803,0.452994,0.731981,-0.023141,0.443176,0.822122,-0.006566,0.434349,0.767542,-0.014883,0.444287,0.736418,-0.018234,0.456176,0.720879,-0.019133,0.442992,0.810420,-0.012911,0.437148,0.758313,-0.020317,0.447000,0.731076,-0.019478,0.458516,0.717482,-0.016902,0.444533,0.794693,-0.019309,0.439983,0.754841,-0.023363,0.447988,0.735273,-0.020896,0.456791,0.724788,-0.017324
1780388396.423,left,victory,0.360308,0.610114,0.000001,0.356593,0.581581,-0.037919,0.335194,0.579359,-0.059195,0.310365,0.626958,-0.076534,0.286904,0.668294,-0.092429,0.268653,0.521724,-0.040782,0.229249,0.474086,-0.067026,0.200435,0.446294,-0.084889,0.173801,0.424063,-0.095813,0.254651,0.568260,-0.035663,0.196571,0.562638,-0.063131,0.157690,0.570439,-0.080154,0.122184,0.575792,-0.088238,0.256012,0.612125,-0.033397,0.221982,0.640641,-0.068861,0.251645,0.653631,-0.076266,0.275915,0.653458,-0.071298,0.268287,0.648152,-0.033604,0.250451,0.677511,-0.062084,0.270198,0.683814,-0.064297,0.288347,0.677604,-0.058634
1780388396.975,left,victory,0.291190,0.447895,0.000000,0.285886,0.392067,-0.018991,0.257743,0.341472,-0.025017,0.219056,0.343278,-0.030402,0.190447,0.356901,-0.034254,0.232393,0.295294,-0.006435,0.212869,0.229312,-0.017449,0.202958,0.188689,-0.025795,0.194590,0.154894,-0.031196,0.213972,0.322841,-0.005316,0.175784,0.275788,-0.017558,0.153100,0.250929,-0.026264,0.133555,0.231118,-0.031136,0.206042,0.358185,-0.007029,0.175048,0.332284,-0.027012,0.195231,0.343785,-0.031432,0.213791,0.357604,-0.028557,0.204626,0.395262,-0.010315,0.181877,0.369838,-0.025892,0.193853,0.368819,-0.026792,0.207823,0.373543,-0.023824
1780388397.512,left,victory,0.288540,0.507852,0.000000,0.280778,0.468264,-0.007410,0.255478,0.432163,-0.006783,0.235965,0.400997,-0.007128,0.223317,0.375958,-0.006930,0.228136,0.446182,0.011739,0.203220,0.434091,0.010901,0.187400,0.422725,0.008033,0.175389,0.413754,0.005374,0.229208,0.458831,0.011860,0.209890,0.437925,0.003960,0.216374,0.428313,-0.004082,0.226593,0.427604,-0.006972,0.232879,0.472903,0.010224,0.215508,0.446115,-0.000123,0.223404,0.435074,-0.006321,0.234060,0.434157,-0.007042,0.238365,0.486553,0.008050,0.224926,0.460132,0.000553,0.225832,0.444390,-0.002777,0.230134,0.436157,-0.003405
1780388398.036,left,victory,0.349372,0.784672,0.000000,0.324203,0.758877,-0.002810,0.296370,0.755541,-0.004371,0.276058,0.761904,-0.008136,0.267855,0.786229,-0.010931,0.275813,0.812917,0.001881,0.247199,0.825632,-0.003731,0.231194,0.834604,-0.007597,0.217161,0.845541,-0.010381,0.280693,0.834875,-0.004419,0.247179,0.873376,-0.014014,0.225218,0.889999,-0.020224,0.209115,0.905083,-0.023303,0.291042,0.846967,-0.011569,0.262765,0.848734,-0.026337,0.264324,0.811715,-0.029155,0.271188,0.789796,-0.026679,0.304030,0.849699,-0.018840,0.277999,0.845515,-0.028804,0.277631,0.816886,-0.027570,0.284597,0.796718,-0.024212
1780388398.558,left,victory,0.429179,0.750807,0.000000,0.424543,0.704465,-0.017195,0.408780,0.665994,-0.025416,0.392692,0.653156,-0.033491,0.374705,0.663031,-0.039888,0.356917,0.682542,-0.009685,0.327384,0.665758,-0.020126,0.309823,0.657693,-0.026936,0.293734,0.650354,-0.030451,0.352170,0.711145,-0.010315,0.314554,0.713541,-0.023279,0.290301,0.711381,-0.031212,0.271077,0.708599,-0.033898,0.355227,0.739800,-0.013270,0.346006,0.706973,-0.034495,0.370636,0.688181,-0.038830,0.389190,0.683070,-0.034355,0.363634,0.765865,-0.017409,0.356254,0.734103,-0.032015,0.373274,0.716290,-0.031385,0.388561,0.710895,-0.026470
1780388399.079,left,victory,0.587009,0.680960,0.000000,0.616421,0.660918,-0.004127,0.635412,0.636333,-0.010198,0.649410,0.622777,-0.018769,0.655636,0.608823,-0.026191,0.611867,0.559029,-0.004111,0.625191,0.515159,-0.014372,0.632185,0.486275,-0.020925,0.635625,0.459619,-0.024542,0.601296,0.556736,-0.011034,0.615613,0.498566,-0.022552,0.623217,0.459377,-0.028532,0.627235,0.427502,-0.030699,0.594590,0.566020,-0.019022,0.628564,0.544485,-0.035212,0.643832,0.574664,-0.037169,0.649818,0.600551,-0.033159,0.593926,0.585292,-0.027487,0.625143,0.575649,-0.036496,0.637156,0.594773,-0.034344,0.642289,0.614341,-0.029828
1780388399.617,left,victory,0.455083,0.792793,0.000000,0.479490,0.794723,-0.009407,0.503299,0.781690,-0.016011,0.518068,0.767716,-0.023429,0.510670,0.757469,-0.030161,0.511030,0.694723,-0.009360,0.536247,0.662024,-0.018856,0.549924,0.637250,-0.025257,0.560333,0.614947,-0.029240,0.494999,0.681069,-0.013324,0.510142,0.634452,-0.024476,0.521112,0.605978,-0.031078,0.529144,0.582314,-0.034170,0.477790,0.682092,-0.018295,0.500902,0.688440,-0.033450,0.503111,0.720823,-0.035970,0.499577,0.741077,-0.033263,0.462464,0.695664,-0.024200,0.483145,0.706171,-0.034270,0.487770,0.730232,-0.033376,0.487039,0.747845,-0.029931
1780388400.142,left,victory,0.378397,0.806410,0.000000,0.400262,0.803368,-0.012549,0.420731,0.793952,-0.021223,0.415390,0.786619,-0.030453,0.401618,0.778788,-0.039298,0.426220,0.705808,-0.014488,0.447784,0.661213,-0.026931,0.460100,0.634578,-0.033348,0.469517,0.609591,-0.036427,0.404616,0.690360,-0.017398,0.410475,0.637935,-0.031777,0.413193,0.604235,-0.039579,0.413842,0.571727,-0.042042,0.383916,0.693083,-0.021619,0.393439,0.717369,-0.039567,0.394855,0.751081,-0.043980,0.393044,0.761238,-0.041040,0.366282,0.707335,-0.026830,0.376568,0.735787,-0.036334,0.379339,0.760752,-0.035309,0.379437,0.766939,-0.031441
1780388400.667,left,victory,0.333409,0.800765,0.000000,0.349710,0.803035,-0.015002,0.356554,0.796924,-0.025285,0.339075,0.800949,-0.035079,0.320389,0.797868,-0.044918,0.357353,0.726069,-0.021895,0.373698,0.681541,-0.037429,0.382542,0.652994,-0.045781,0.388047,0.628351,-0.050294,0.336616,0.712654,-0.023761,0.329667,0.663717,-0.040196,0.321975,0.629918,-0.049442,0.315495,0.597638,-0.052957,0.319289,0.722297,-0.026678,0.310255,0.741920,-0.045655,0.319173,0.773439,-0.049332,0.329710,0.785769,-0.046329,0.306883,0.743312,-0.030548,0.302249,0.773549,-0.044893,0.313452,0.797211,-0.044870,0.325972,0.807833,-0.040706
1780388401.200,left,victory,0.339758,0.792014,0.000000,0.352006,0.791200,-0.019397,0.357179,0.787060,-0.032589,0.339444,0.788197,-0.043726,0.322386,0.781724,-0.055776,0.359219,0.716850,-0.029872,0.371952,0.679882,-0.045432,0.378336,0.655508,-0.054948,0.384327,0.632858,-0.060829,0.339871,0.703758,-0.028727,0.332175,0.656515,-0.045234,0.324325,0.622209,-0.056767,0.319964,0.589484,-0.062964,0.324362,0.712908,-0.028242,0.312089,0.701209,-0.048498,0.311197,0.719091,-0.056931,0.314663,0.728548,-0.058341,0.314609,0.731782,-0.028346,0.305764,0.739983,-0.045445,0.309970,0.758984,-0.049113,0.318169,0.770610,-0.048241
1780388401.733,left,victory,0.338143,0.839989,0.000000,0.355868,0.847103,-0.018154,0.367976,0.848161,-0.031895,0.354500,0.853694,-0.044600,0.337225,0.853420,-0.057418,0.369395,0.768583,-0.026873,0.385808,0.725771,-0.044583,0.395643,0.696466,-0.054830,0.402637,0.670929,-0.060478,0.348560,0.752558,-0.027204,0.345578,0.706617,-0.044879,0.338806,0.677684,-0.053110,0.333311,0.649054,-0.055818,0.330127,0.754123,-0.028980,0.321593,0.769815,-0.048707,0.328504,0.808613,-0.050635,0.336910,0.827696,-0.046071,0.314775,0.767157,-0.032042,0.307173,0.786582,-0.045313,0.314477,0.816140,-0.043235,0.323847,0.830363,-0.037762
1780388402.243,left,victory,0.373176,0.860721,0.000000,0.401432,0.861102,-0.012271,0.421762,0.858143,-0.023948,0.428041,0.856808,-0.036678,0.417697,0.860549,-0.048727,0.428845,0.770194,-0.019317,0.451651,0.721812,-0.034736,0.464946,0.692870,-0.042976,0.473786,0.665270,-0.047125,0.406750,0.754907,-0.023137,0.414667,0.711821,-0.041108,0.417455,0.677779,-0.050162,0.417421,0.647339,-0.052830,0.384811,0.759011,-0.027747,0.399768,0.794046,-0.046366,0.405701,0.826448,-0.049084,0.407443,0.844143,-0.044498,0.367670,0.777984,-0.033625,0.381617,0.811325,-0.042514,0.391047,0.835785,-0.039619,0.397419,0.850781,-0.033764
1780388402.743,left,victory,0.404660,0.827314,0.000000,0.431831,0.827583,-0.012994,0.454877,0.820589,-0.023700,0.467067,0.810670,-0.035204,0.458555,0.802146,-0.045529,0.460017,0.723771,-0.015690,0.481848,0.680571,-0.028201,0.493222,0.653001,-0.035260,0.502497,0.628395,-0.039348,0.439194,0.709723,-0.019436,0.449099,0.659296,-0.035848,0.455666,0.626548,-0.044925,0.460376,0.598638,-0.048467,0.419406,0.713241,-0.024174,0.440247,0.727418,-0.044463,0.447670,0.765166,-0.048617,0.449674,0.790510,-0.045194,0.404124,0.731285,-0.029994,0.424550,0.753474,-0.042506,0.433440,0.780617,-0.042825,0.437642,0.799674,-0.039312
1780388403.258,left,victory,0.382472,0.747803,0.000000,0.390258,0.691575,0.003411,0.408190,0.656145,0.000437,0.428300,0.642290,-0.002895,0.444596,0.638465,-0.005965,0.410896,0.651915,-0.016053,0.427775,0.601511,-0.025111,0.435153,0.567503,-0.030440,0.440536,0.540723,-0.033321,0.420764,0.678614,-0.020912,0.454927,0.641202,-0.026763,0.472508,0.623560,-0.028694,0.484486,0.613832,-0.030355,0.430555,0.707635,-0.024149,0.467614,0.669400,-0.028293,0.465623,0.657212,-0.024682,0.457567,0.657131,-0.021252,0.440003,0.734901,-0.026852,0.466987,0.698211,-0.027649,0.464980,0.683124,-0.022028,0.459093,0.681047,-0.016861
1780388403.770,left,victory,0.375545,0.694961,0.000000,0.377685,0.641867,0.000685,0.394160,0.602896,-0.003261,0.413904,0.582860,-0.007156,0.429329,0.574149,-0.010694,0.396359,0.595247,-0.018253,0.411653,0.540436,-0.027437,0.417079,0.505785,-0.032112,0.421347,0.478654,-0.034517,0.409140,0.618407,-0.022039,0.440280,0.572818,-0.028442,0.457056,0.549349,-0.030169,0.470514,0.532133,-0.031657,0.420757,0.645084,-0.024298,0.452025,0.602885,-0.028868,0.443788,0.606166,-0.023155,0.433491,0.615432,-0.018258,0.430330,0.670583,-0.026437,0.451076,0.632774,-0.027455,0.443671,0.630083,-0.020383,0.435789,0.636814,-0.014228
