timestamp,handedness,gesture,lm0_wrist_x,lm0_wrist_y,lm0_wrist_z,lm1_thumb_cmc_x,lm1_thumb_cmc_y,lm1_thumb_cmc_z,lm2_thumb_mcp_x,lm2_thumb_mcp_y,lm2_thumb_mcp_z,lm3_thumb_ip_x,lm3_thumb_ip_y,lm3_thumb_ip_z,lm4_thumb_tip_x,lm4_thumb_tip_y,lm4_thumb_tip_z,lm5_index_mcp_x,lm5_index_mcp_y,lm5_index_mcp_z,lm6_index_pip_x,lm6_index_pip_y,lm6_index_pip_z,lm7_index_dip_x,lm7_index_dip_y,lm7_index_dip_z,lm8_index_tip_x,lm8_index_tip_y,lm8_index_tip_z,lm9_middle_mcp_x,lm9_middle_mcp_y,lm9_middle_mcp_z,lm10_middle_pip_x,lm10_middle_pip_y,lm10_middle_pip_z,lm11_middle_dip_x,lm11_middle_dip_y,lm11_middle_dip_z,lm12_middle_tip_x,lm12_middle_tip_y,lm12_middle_tip_z,lm13_ring_mcp_x,lm13_ring_mcp_y,lm13_ring_mcp_z,lm14_ring_pip_x,lm14_ring_pip_y,lm14_ring_pip_z,lm15_ring_dip_x,lm15_ring_dip_y,lm15_ring_dip_z,lm16_ring_tip_x,lm16_ring_tip_y,lm16_ring_tip_z,lm17_pinky_mcp_x,lm17_pinky_mcp_y,lm17_pinky_mcp_z,lm18_pinky_pip_x,lm18_pinky_pip_y,lm18_pinky_pip_z,lm19_pinky_dip_x,lm19_pinky_dip_y,lm19_pinky_dip_z,lm20_pinky_tip_x,lm20_pinky_tip_y,lm20_pinky_tip_z
1780385341.541,right,four_fingers,0.549266,1.018344,-0.000000,0.556178,0.981256,-0.004257,0.557903,0.944814,-0.018789,0.556089,0.916214,-0.037045,0.548032,0.891820,-0.056190,0.552051,1.000419,-0.029612,0.555849,0.956275,-0.054299,0.559115,0.903303,-0.068629,0.557421,0.861718,-0.076775,0.548903,1.018232,-0.041192,0.554253,0.951531,-0.070605,0.556839,0.878997,-0.081522,0.555582,0.831771,-0.086635,0.541249,1.028638,-0.052910,0.544833,0.969072,-0.083359,0.547398,0.891490,-0.087452,0.549452,0.837167,-0.085301,0.531089,1.028222,-0.064776,0.526567,0.974298,-0.083982,0.523936,0.919500,-0.085170,0.523332,0.879365,-0.083824
1780385342.055,right,four_fingers,0.569302,0.677205,0.000000,0.600227,0.642512,-0.004975,0.620290,0.601745,-0.009732,0.620229,0.563888,-0.012946,0.610305,0.543282,-0.017003,0.592624,0.552804,-0.022670,0.601971,0.482951,-0.032092,0.605866,0.438621,-0.037125,0.607495,0.404890,-0.039843,0.569768,0.551301,-0.024325,0.571086,0.469477,-0.031610,0.570188,0.419202,-0.035922,0.568090,0.384207,-0.039280,0.550076,0.559067,-0.025062,0.547712,0.486783,-0.030683,0.546743,0.442240,-0.035964,0.546713,0.410512,-0.040109,0.533216,0.574321,-0.025574,0.526577,0.521060,-0.031071,0.523544,0.489535,-0.034060,0.522099,0.463718,-0.035835
1780385342.556,right,four_fingers,0.585846,0.610495,0.000000,0.601791,0.568334,0.005930,0.607360,0.531420,0.004631,0.600643,0.505597,0.001926,0.592644,0.492822,-0.002503,0.596914,0.498473,-0.009666,0.595669,0.432420,-0.016692,0.593761,0.395908,-0.019787,0.590997,0.367048,-0.021127,0.583121,0.500993,-0.016749,0.579761,0.427981,-0.023281,0.574393,0.384986,-0.026735,0.569241,0.352562,-0.029031,0.568353,0.511004,-0.022500,0.565071,0.444686,-0.027506,0.561258,0.405259,-0.031474,0.558354,0.376981,-0.034306,0.553345,0.526909,-0.027171,0.547014,0.478739,-0.031749,0.543482,0.449287,-0.033461,0.540161,0.423682,-0.034289
1780385343.072,right,four_fingers,0.574051,0.534589,-0.000000,0.575793,0.494653,0.006561,0.578640,0.459067,0.007564,0.581264,0.435537,0.006499,0.582837,0.415231,0.004338,0.581587,0.438730,0.001423,0.575229,0.404311,-0.003319,0.571507,0.383925,-0.007250,0.570007,0.365933,-0.010645,0.582349,0.443919,-0.006339,0.578014,0.398010,-0.011064,0.576948,0.372265,-0.014270,0.577871,0.350684,-0.017380,0.581751,0.456105,-0.014086,0.582402,0.414030,-0.020261,0.583964,0.389956,-0.024434,0.586515,0.367689,-0.028070,0.580437,0.473815,-0.021077,0.578619,0.452679,-0.028111,0.578684,0.435650,-0.031841,0.579335,0.417249,-0.034980
1780385343.573,right,four_fingers,0.566850,0.637187,0.000000,0.540078,0.620672,-0.008980,0.522444,0.581250,-0.014806,0.530696,0.550775,-0.020635,0.547893,0.548871,-0.027302,0.532169,0.502216,-0.008515,0.520678,0.454895,-0.016197,0.513476,0.423753,-0.023255,0.508523,0.396164,-0.029325,0.549587,0.492566,-0.012057,0.548098,0.429135,-0.018728,0.546444,0.388683,-0.025610,0.545520,0.354873,-0.031115,0.565214,0.498551,-0.017049,0.568671,0.439126,-0.024273,0.569351,0.400027,-0.031454,0.569585,0.366320,-0.036996,0.579107,0.515945,-0.023054,0.585123,0.471981,-0.029363,0.587576,0.441770,-0.032868,0.588817,0.414429,-0.035924
1780385344.115,right,four_fingers,0.575431,0.619917,0.000000,0.548789,0.607642,-0.010629,0.530251,0.567827,-0.015974,0.542110,0.531476,-0.020976,0.561432,0.525634,-0.026672,0.529021,0.498008,-0.008873,0.510981,0.453652,-0.016296,0.499359,0.423725,-0.022881,0.491098,0.397379,-0.028544,0.546104,0.480465,-0.010915,0.538069,0.419008,-0.017145,0.533723,0.379220,-0.023393,0.531118,0.345784,-0.028218,0.563166,0.479710,-0.014623,0.560235,0.422688,-0.021282,0.557999,0.385273,-0.028125,0.556091,0.352398,-0.033279,0.579759,0.489677,-0.019597,0.580706,0.446855,-0.025172,0.580646,0.418267,-0.028329,0.579982,0.392620,-0.031105
1780385344.616,right,four_fingers,0.611721,0.624243,0.000000,0.588459,0.611861,-0.009199,0.573900,0.576383,-0.013886,0.585319,0.542777,-0.018469,0.601559,0.531268,-0.023351,0.561291,0.518334,-0.006145,0.540913,0.480064,-0.013125,0.529584,0.453417,-0.019416,0.521864,0.430677,-0.024348,0.576927,0.500015,-0.008359,0.565983,0.444565,-0.013527,0.559987,0.409237,-0.019284,0.555996,0.380623,-0.023601,0.593992,0.496643,-0.012192,0.588561,0.443935,-0.017914,0.585074,0.411673,-0.023791,0.581552,0.383792,-0.028083,0.611313,0.503400,-0.017183,0.610943,0.463837,-0.021814,0.610217,0.438773,-0.023850,0.608638,0.416602,-0.025606
1780385345.125,right,four_fingers,0.588786,0.639069,0.000000,0.564730,0.639452,-0.008950,0.543155,0.619637,-0.014474,0.548163,0.586471,-0.019771,0.563973,0.565830,-0.025679,0.529948,0.555801,-0.009491,0.505984,0.528827,-0.017185,0.491143,0.509574,-0.023810,0.479661,0.490727,-0.029360,0.542212,0.533446,-0.012002,0.526690,0.484417,-0.017804,0.518438,0.451634,-0.023536,0.512546,0.422975,-0.028216,0.557664,0.526271,-0.015916,0.549554,0.474446,-0.022655,0.543919,0.439662,-0.029350,0.539010,0.409362,-0.034515,0.575013,0.530014,-0.020802,0.574698,0.489767,-0.027389,0.573348,0.461994,-0.030992,0.571163,0.437021,-0.033899
1780385345.666,right,four_fingers,0.491574,0.696524,0.000000,0.464890,0.701211,-0.008347,0.440443,0.679917,-0.013665,0.442148,0.649426,-0.019023,0.458141,0.638007,-0.025441,0.428731,0.608361,-0.008599,0.405674,0.580253,-0.015260,0.389975,0.562449,-0.021682,0.377011,0.544588,-0.027532,0.439529,0.588696,-0.011669,0.425243,0.533412,-0.017444,0.415333,0.499082,-0.023827,0.407186,0.469664,-0.029235,0.452574,0.584391,-0.016045,0.445913,0.527452,-0.022949,0.438985,0.490361,-0.030901,0.432833,0.459178,-0.037071,0.466516,0.591999,-0.021328,0.465952,0.546567,-0.027856,0.463660,0.517302,-0.032165,0.460753,0.491810,-0.035931
1780385346.211,right,four_fingers,0.392869,0.728637,0.000000,0.367742,0.738481,-0.003164,0.346237,0.721137,-0.006009,0.335712,0.698238,-0.010026,0.342660,0.690020,-0.014540,0.333531,0.647948,0.001525,0.316548,0.623505,-0.003144,0.302799,0.611190,-0.008755,0.291276,0.601894,-0.013563,0.339355,0.634274,-0.003423,0.327654,0.582037,-0.007408,0.317926,0.549225,-0.011987,0.311031,0.521612,-0.015940,0.346615,0.632417,-0.009804,0.339724,0.579601,-0.014307,0.332818,0.545792,-0.018833,0.327920,0.517179,-0.022580,0.354152,0.640364,-0.017011,0.349549,0.598964,-0.019795,0.345121,0.571953,-0.021086,0.341594,0.548303,-0.022857
1780385346.730,right,four_fingers,0.311668,0.758890,0.000000,0.285116,0.773761,0.005733,0.261257,0.759899,0.007417,0.245369,0.745368,0.005406,0.249638,0.730818,0.003144,0.250911,0.682316,0.017212,0.239846,0.645449,0.016972,0.229486,0.620391,0.013770,0.219633,0.600209,0.009986,0.253219,0.673491,0.007759,0.241864,0.622712,0.006376,0.231887,0.591052,0.003479,0.223794,0.563163,0.000650,0.255390,0.676519,-0.003258,0.241203,0.628165,-0.006854,0.229901,0.598701,-0.010056,0.221533,0.573933,-0.012635,0.255114,0.691846,-0.014662,0.235936,0.665570,-0.017662,0.221807,0.653222,-0.019181,0.210103,0.641675,-0.021092
1780385347.236,right,four_fingers,0.245058,0.781292,0.000000,0.220208,0.801126,0.002678,0.195892,0.789226,0.004353,0.180293,0.770738,0.003323,0.185410,0.755604,0.001919,0.181714,0.723928,0.014115,0.164730,0.703841,0.013783,0.150229,0.694900,0.010987,0.137987,0.687644,0.007816,0.184891,0.709022,0.007482,0.172772,0.658097,0.006465,0.161720,0.626059,0.003960,0.152923,0.598360,0.001784,0.189758,0.703971,-0.000715,0.180568,0.654633,-0.003567,0.171289,0.623390,-0.006588,0.163968,0.595850,-0.008803,0.194991,0.708188,-0.009439,0.187428,0.670640,-0.011101,0.180559,0.647511,-0.011455,0.174244,0.626030,-0.012296
1780385347.741,right,four_fingers,0.230567,0.807436,0.000000,0.208315,0.837975,-0.010709,0.179127,0.842683,-0.018756,0.165442,0.818984,-0.026219,0.173210,0.791281,-0.034311,0.146434,0.777822,-0.016248,0.112693,0.767694,-0.026035,0.090034,0.761087,-0.033442,0.071673,0.755053,-0.039474,0.154633,0.752466,-0.019560,0.126091,0.700161,-0.028218,0.107158,0.669513,-0.034731,0.091703,0.644440,-0.039277,0.168163,0.740297,-0.024029,0.147271,0.686768,-0.034640,0.133057,0.653301,-0.042465,0.121808,0.623846,-0.047681,0.186229,0.739630,-0.029351,0.180184,0.690898,-0.040448,0.175941,0.658729,-0.045500,0.171900,0.630596,-0.048567
1780385348.271,right,four_fingers,0.303815,0.870285,0.000000,0.274293,0.902786,-0.015615,0.245288,0.916226,-0.031084,0.239676,0.902650,-0.045865,0.249117,0.875329,-0.062236,0.203958,0.845727,-0.034733,0.157307,0.838500,-0.053384,0.127448,0.832632,-0.066614,0.102357,0.825329,-0.077169,0.218608,0.813913,-0.041020,0.182694,0.753672,-0.058077,0.160299,0.717218,-0.069674,0.141155,0.686912,-0.077908,0.240647,0.800703,-0.048348,0.216570,0.731131,-0.067511,0.201965,0.687530,-0.080153,0.188848,0.649898,-0.088787,0.267950,0.802904,-0.056545,0.270192,0.747248,-0.077111,0.270254,0.710767,-0.086173,0.268849,0.678118,-0.091643
1780385348.780,right,four_fingers,0.475594,0.859888,0.000000,0.455871,0.885207,-0.023850,0.439169,0.897673,-0.043210,0.444221,0.897309,-0.059492,0.451560,0.889402,-0.077702,0.406630,0.820682,-0.049224,0.369527,0.802368,-0.070034,0.344464,0.789060,-0.084900,0.323082,0.772386,-0.095900,0.425546,0.780602,-0.050829,0.403513,0.713129,-0.065167,0.390525,0.670040,-0.076582,0.379007,0.631072,-0.085816,0.451134,0.766317,-0.053359,0.444630,0.693693,-0.071567,0.437934,0.641287,-0.085957,0.431011,0.594033,-0.096543,0.478449,0.772638,-0.056857,0.492303,0.721412,-0.077726,0.503344,0.686212,-0.086204,0.512757,0.656270,-0.091203
1780385349.286,right,four_fingers,0.656461,0.785318,0.000000,0.649967,0.803205,-0.034090,0.659228,0.785236,-0.053779,0.692403,0.760819,-0.067692,0.720183,0.738091,-0.080796,0.655525,0.689064,-0.045519,0.653404,0.651761,-0.065411,0.655589,0.630565,-0.079707,0.657923,0.614753,-0.088694,0.674612,0.660996,-0.037899,0.680460,0.588855,-0.052485,0.687915,0.540682,-0.063189,0.693677,0.501517,-0.071471,0.693681,0.658056,-0.032753,0.703423,0.589646,-0.048248,0.711859,0.544601,-0.060575,0.717087,0.505147,-0.069151,0.711319,0.674868,-0.029757,0.731550,0.629090,-0.042280,0.744528,0.599479,-0.049897,0.754057,0.573157,-0.055494
1780385349.793,right,four_fingers,0.713781,0.730279,0.000000,0.711548,0.741856,-0.038059,0.729259,0.728679,-0.057057,0.760126,0.708004,-0.068530,0.787905,0.685910,-0.078254,0.738870,0.641856,-0.052856,0.751697,0.589806,-0.071604,0.760303,0.554795,-0.083234,0.769327,0.520757,-0.091419,0.756505,0.622132,-0.041149,0.769142,0.546531,-0.057315,0.778397,0.501285,-0.065561,0.786033,0.459043,-0.071900,0.769616,0.624939,-0.031135,0.790201,0.574377,-0.045573,0.802381,0.548550,-0.050425,0.810571,0.520591,-0.053650,0.777311,0.641870,-0.023994,0.795604,0.602289,-0.034422,0.806071,0.578515,-0.037743,0.814091,0.554796,-0.040128
1780385350.309,right,four_fingers,0.683878,0.665726,0.000000,0.676440,0.644173,-0.019520,0.682921,0.614535,-0.027956,0.710271,0.598745,-0.033669,0.732658,0.591339,-0.038109,0.694634,0.540379,-0.015795,0.694999,0.485815,-0.023561,0.697484,0.450643,-0.029946,0.700800,0.421500,-0.035157,0.711352,0.534098,-0.012349,0.718741,0.470880,-0.018226,0.725648,0.432779,-0.024171,0.731060,0.402612,-0.028933,0.724886,0.545429,-0.011038,0.735586,0.492837,-0.018383,0.742156,0.459546,-0.025927,0.746854,0.429211,-0.031635,0.735786,0.570495,-0.011598,0.752671,0.546768,-0.018080,0.763841,0.531166,-0.022947,0.773219,0.516601,-0.026732
1780385350.810,right,four_fingers,0.669937,0.584670,0.000000,0.659387,0.553953,-0.016015,0.664606,0.520064,-0.020401,0.689023,0.503683,-0.022539,0.707631,0.499321,-0.023730,0.668050,0.458792,-0.007333,0.666635,0.407313,-0.010324,0.666698,0.374321,-0.013635,0.667699,0.347777,-0.016786,0.684632,0.460230,-0.003563,0.689568,0.406570,-0.005066,0.693324,0.373729,-0.009007,0.696300,0.349133,-0.012319,0.698251,0.475316,-0.001903,0.707189,0.431848,-0.006521,0.711015,0.404873,-0.014110,0.713669,0.381377,-0.019752,0.709793,0.498320,-0.001710,0.724248,0.479548,-0.008213,0.732796,0.468172,-0.013739,0.740023,0.457532,-0.017587
1780385351.332,right,four_fingers,0.666813,0.463814,0.000000,0.652096,0.431783,-0.010229,0.655172,0.390359,-0.011526,0.676125,0.371559,-0.011431,0.691747,0.370476,-0.010655,0.657205,0.345715,-0.003156,0.651044,0.297403,-0.005258,0.648669,0.265833,-0.007341,0.647738,0.240818,-0.009345,0.674000,0.346741,-0.001368,0.675557,0.298017,-0.002295,0.677533,0.268188,-0.005370,0.679835,0.245535,-0.007708,0.687845,0.360163,-0.001179,0.693535,0.322054,-0.005715,0.696044,0.297067,-0.012818,0.698573,0.276414,-0.017561,0.699583,0.379665,-0.001832,0.712502,0.362352,-0.008061,0.721394,0.351162,-0.013037,0.729401,0.342144,-0.016139
1780385352.357,right,four_fingers,0.766588,0.303162,0.000000,0.762455,0.261733,-0.016628,0.773674,0.220531,-0.017009,0.799051,0.207986,-0.014437,0.816312,0.203396,-0.010237,0.776783,0.182826,-0.001566,0.778196,0.131699,-0.001157,0.779103,0.100580,-0.001933,0.781772,0.076507,-0.002674,0.788704,0.193150,0.004303,0.789284,0.140128,0.006941,0.789740,0.104440,0.004491,0.791772,0.078102,0.002440,0.797837,0.213290,0.007467,0.809274,0.180768,0.003902,0.815109,0.160505,-0.005512,0.820674,0.142577,-0.011405,0.806837,0.238211,0.009196,0.823411,0.226375,0.003697,0.834672,0.221990,-0.002448,0.844026,0.219425,-0.006180
1780385352.878,right,four_fingers,0.775844,0.329572,0.000000,0.769045,0.293897,-0.008949,0.777390,0.253196,-0.011046,0.800180,0.240714,-0.012429,0.816907,0.244244,-0.013376,0.785698,0.215377,-0.004954,0.786893,0.166527,-0.008074,0.789539,0.134951,-0.010268,0.793096,0.110619,-0.012183,0.802176,0.224907,-0.004424,0.815721,0.182968,-0.005800,0.826119,0.158397,-0.007818,0.834487,0.140516,-0.009334,0.814327,0.244038,-0.005394,0.830359,0.213928,-0.010218,0.841679,0.194790,-0.015633,0.850547,0.179939,-0.018867,0.823271,0.267920,-0.007172,0.844279,0.253859,-0.013370,0.858523,0.246859,-0.017203,0.869451,0.242226,-0.019249
1780385353.405,right,four_fingers,0.780023,0.361415,0.000000,0.772300,0.326358,-0.007898,0.781270,0.284743,-0.009891,0.805151,0.270552,-0.011747,0.822310,0.271059,-0.013425,0.794006,0.243166,-0.003259,0.796615,0.195876,-0.006873,0.800545,0.164914,-0.009887,0.804493,0.142019,-0.012470,0.811526,0.252805,-0.004343,0.828093,0.209488,-0.006549,0.840443,0.184810,-0.009228,0.849686,0.167461,-0.011226,0.823890,0.273355,-0.007057,0.844295,0.239251,-0.013029,0.858290,0.221106,-0.018720,0.868697,0.206826,-0.022229,0.832320,0.299671,-0.010482,0.855876,0.284383,-0.017783,0.871291,0.277538,-0.021695,0.882965,0.271694,-0.023873
1780385353.928,right,four_fingers,0.720246,0.398149,0.000000,0.704502,0.362503,-0.012885,0.704310,0.317333,-0.019497,0.726040,0.298698,-0.025447,0.746045,0.291692,-0.031643,0.725255,0.249364,-0.011379,0.726038,0.191898,-0.019898,0.727904,0.155806,-0.027155,0.729891,0.126351,-0.032855,0.747902,0.254370,-0.012816,0.766816,0.194512,-0.019576,0.779116,0.158414,-0.026787,0.788370,0.128543,-0.032357,0.763494,0.274673,-0.016127,0.788007,0.225709,-0.025809,0.803871,0.197778,-0.035068,0.816374,0.171937,-0.041505,0.773762,0.304672,-0.020463,0.799883,0.280667,-0.030741,0.817818,0.267956,-0.036403,0.832092,0.254970,-0.040152
1780385354.456,right,four_fingers,0.573073,0.423299,0.000000,0.549324,0.393676,-0.012640,0.536850,0.345527,-0.020977,0.554171,0.315634,-0.028934,0.578705,0.310020,-0.037760,0.552516,0.263851,-0.016156,0.543400,0.204016,-0.026699,0.538548,0.163332,-0.035548,0.536091,0.128770,-0.042907,0.574920,0.257132,-0.019664,0.587262,0.181240,-0.028855,0.595636,0.132343,-0.037189,0.602364,0.092687,-0.043780,0.592763,0.270249,-0.024738,0.613294,0.202678,-0.036367,0.627177,0.159166,-0.047152,0.638557,0.121549,-0.055003,0.606631,0.298118,-0.030806,0.631100,0.259819,-0.043013,0.647512,0.234874,-0.049798,0.660370,0.212804,-0.054674
1780385354.960,right,four_fingers,0.434269,0.441556,0.000000,0.402339,0.435645,-0.012379,0.375827,0.402209,-0.021148,0.383023,0.357838,-0.029235,0.400357,0.326551,-0.038142,0.359702,0.309856,-0.018699,0.327535,0.258513,-0.030624,0.307729,0.224282,-0.040177,0.292124,0.194026,-0.047635,0.380553,0.284154,-0.022072,0.365388,0.200846,-0.031094,0.357726,0.148430,-0.039930,0.351803,0.104299,-0.046916,0.402464,0.281368,-0.026800,0.398496,0.198658,-0.037909,0.397554,0.146916,-0.048729,0.397003,0.103395,-0.056665,0.424188,0.294699,-0.032363,0.432942,0.234457,-0.044148,0.439938,0.196002,-0.050343,0.445727,0.162728,-0.054570
1780385355.491,right,four_fingers,0.368706,0.432724,0.000000,0.335256,0.435894,-0.019948,0.309114,0.406152,-0.032547,0.319270,0.351645,-0.043239,0.334498,0.315353,-0.054372,0.281211,0.326330,-0.029090,0.238995,0.281246,-0.044777,0.213379,0.246152,-0.056667,0.192796,0.213053,-0.066347,0.301057,0.287558,-0.030686,0.270636,0.214564,-0.043128,0.253866,0.161947,-0.054650,0.239620,0.114822,-0.063989,0.325810,0.274839,-0.033980,0.308199,0.200779,-0.048425,0.298809,0.152243,-0.061591,0.290590,0.110670,-0.071446,0.354205,0.279659,-0.038733,0.358671,0.221753,-0.054661,0.361366,0.183829,-0.063772,0.362777,0.150281,-0.070128
1780385356.009,right,four_fingers,0.310827,0.466180,0.000000,0.274054,0.473604,-0.018775,0.238431,0.447490,-0.031044,0.245623,0.390176,-0.041723,0.269055,0.349181,-0.053404,0.205969,0.356376,-0.030099,0.158026,0.312329,-0.046161,0.127885,0.279120,-0.058395,0.102905,0.248405,-0.068795,0.226849,0.315159,-0.033617,0.192393,0.235316,-0.046362,0.172072,0.177802,-0.057952,0.154743,0.127977,-0.067461,0.254252,0.303627,-0.038787,0.234629,0.220281,-0.054243,0.223167,0.164037,-0.069303,0.213136,0.115687,-0.080663,0.285643,0.312751,-0.045269,0.291968,0.249611,-0.063812,0.294702,0.207300,-0.074843,0.295889,0.169915,-0.082482
1780385356.552,right,four_fingers,0.434544,0.415853,0.000000,0.406672,0.369505,0.013821,0.375074,0.344236,0.014464,0.349684,0.335869,0.011869,0.329623,0.330757,0.007818,0.373468,0.275246,-0.005360,0.340738,0.200686,-0.015088,0.319306,0.156918,-0.020534,0.302464,0.121833,-0.024619,0.372796,0.280902,-0.019628,0.337395,0.198431,-0.030342,0.313804,0.149801,-0.038598,0.296582,0.110184,-0.045461,0.370341,0.305840,-0.032302,0.337031,0.233952,-0.043093,0.314008,0.189785,-0.053735,0.297902,0.153160,-0.062275,0.364353,0.345692,-0.042854,0.331724,0.323875,-0.055396,0.309527,0.308439,-0.063977,0.290440,0.291847,-0.070692
1780385357.101,right,four_fingers,0.553307,0.496471,0.000000,0.538385,0.445252,0.013916,0.521294,0.412136,0.016360,0.506485,0.398107,0.015608,0.494381,0.389014,0.013501,0.521880,0.385044,0.001149,0.503450,0.332916,-0.004800,0.492016,0.303657,-0.007746,0.483318,0.279154,-0.009621,0.518812,0.392771,-0.010454,0.498362,0.326154,-0.016530,0.485625,0.290826,-0.019824,0.476072,0.260359,-0.022212,0.513698,0.411307,-0.020906,0.492237,0.352007,-0.026861,0.478334,0.318912,-0.032280,0.469385,0.290402,-0.036423,0.505982,0.438399,-0.029589,0.483288,0.412377,-0.036341,0.468947,0.395886,-0.040269,0.457714,0.379783,-0.043139
1780385357.618,right,four_fingers,0.592546,0.555678,0.000000,0.595719,0.511450,0.012014,0.587723,0.478004,0.015650,0.576379,0.456844,0.017457,0.567273,0.449050,0.018001,0.581875,0.456280,-0.001436,0.574983,0.406651,-0.004713,0.569839,0.376976,-0.005235,0.566495,0.353948,-0.005316,0.572088,0.461214,-0.009166,0.560912,0.404663,-0.012007,0.552205,0.372466,-0.012402,0.545907,0.346886,-0.012881,0.561734,0.475184,-0.015398,0.547079,0.423424,-0.019289,0.537942,0.394158,-0.023068,0.532089,0.371132,-0.025918,0.551574,0.495740,-0.019838,0.532632,0.469927,-0.025603,0.521441,0.456691,-0.029121,0.512268,0.444759,-0.031328
1780385358.151,right,four_fingers,0.618456,0.646014,0.000000,0.626570,0.601227,0.005043,0.621662,0.565166,0.004315,0.609093,0.548863,0.002460,0.597980,0.545837,-0.000609,0.618617,0.547998,-0.006741,0.618697,0.498123,-0.011870,0.617760,0.467625,-0.014541,0.616563,0.444873,-0.016101,0.605814,0.552026,-0.012309,0.598722,0.496758,-0.015909,0.592322,0.464476,-0.017964,0.586412,0.441074,-0.019830,0.593479,0.564211,-0.016943,0.582020,0.512717,-0.020411,0.574042,0.483776,-0.024561,0.567825,0.463401,-0.027930,0.582815,0.581253,-0.020615,0.567251,0.551899,-0.024859,0.557205,0.535167,-0.027620,0.548696,0.522462,-0.029486
1780385358.661,right,four_fingers,0.661493,0.712769,0.000000,0.673841,0.668004,0.005123,0.671882,0.627358,0.005222,0.660630,0.608475,0.004102,0.648743,0.602782,0.002065,0.672733,0.605749,-0.003459,0.678836,0.556516,-0.007755,0.681219,0.525601,-0.009844,0.682954,0.502729,-0.010954,0.659167,0.606346,-0.008642,0.659017,0.552149,-0.011419,0.656143,0.519474,-0.012843,0.653492,0.494432,-0.014144,0.644860,0.615369,-0.013233,0.639226,0.565365,-0.015986,0.634941,0.535688,-0.019739,0.632051,0.512570,-0.022763,0.631003,0.629812,-0.016980,0.617964,0.599729,-0.020765,0.609029,0.581342,-0.023383,0.601511,0.565041,-0.025081
1780385359.183,right,four_fingers,0.734220,0.779770,0.000000,0.731198,0.724498,0.004655,0.733227,0.676158,0.003797,0.732020,0.643037,0.001649,0.730734,0.615921,-0.000926,0.769178,0.666548,-0.004536,0.782015,0.621068,-0.011257,0.790905,0.588854,-0.015991,0.797291,0.563182,-0.019563,0.769276,0.673368,-0.012500,0.787917,0.623270,-0.019340,0.797775,0.586656,-0.025054,0.805577,0.556502,-0.029420,0.760427,0.682786,-0.020049,0.772479,0.632808,-0.029258,0.779743,0.595823,-0.037691,0.786393,0.567316,-0.043383,0.743201,0.692013,-0.026483,0.737727,0.654419,-0.036617,0.733101,0.627952,-0.042791,0.729987,0.605352,-0.046953
1780385359.690,right,four_fingers,0.740273,0.792292,0.000000,0.735360,0.743301,-0.005260,0.745792,0.699972,-0.009292,0.760208,0.680538,-0.014008,0.774254,0.680365,-0.019131,0.788594,0.681543,-0.005535,0.805548,0.634631,-0.012560,0.815860,0.605381,-0.018374,0.825121,0.581484,-0.023457,0.797071,0.699143,-0.010946,0.830381,0.667531,-0.018005,0.848131,0.644245,-0.025007,0.862580,0.624813,-0.030225,0.796588,0.718713,-0.017484,0.827560,0.685792,-0.026306,0.843262,0.658516,-0.034653,0.856253,0.636597,-0.040804,0.788085,0.736305,-0.024441,0.802520,0.712467,-0.033904,0.811394,0.691093,-0.039713,0.819820,0.672073,-0.043979
1780385360.199,right,four_fingers,0.723457,0.763976,0.000000,0.715748,0.720342,-0.009886,0.722309,0.675427,-0.014998,0.745059,0.661256,-0.019651,0.764546,0.669401,-0.024540,0.754415,0.646244,-0.008224,0.763300,0.598928,-0.015812,0.769695,0.568473,-0.022373,0.776336,0.545771,-0.027624,0.770175,0.659139,-0.010003,0.797095,0.621838,-0.015970,0.812428,0.597251,-0.021755,0.825393,0.579230,-0.026061,0.777875,0.679364,-0.013289,0.804491,0.646237,-0.020373,0.819415,0.622606,-0.026631,0.832487,0.603618,-0.031204,0.779581,0.705152,-0.017566,0.797801,0.685163,-0.024075,0.809067,0.671578,-0.027050,0.818613,0.660525,-0.029249
1780385360.710,right,four_fingers,0.721418,0.755765,0.000000,0.714625,0.715576,-0.007597,0.722890,0.672909,-0.009686,0.745166,0.655592,-0.011756,0.761838,0.658510,-0.013929,0.733961,0.638355,-0.003080,0.736625,0.589846,-0.007484,0.740392,0.558581,-0.011458,0.744706,0.533612,-0.015106,0.751733,0.646211,-0.004626,0.766361,0.599967,-0.008279,0.777324,0.573040,-0.012726,0.785811,0.551795,-0.016172,0.764410,0.665516,-0.007659,0.783093,0.627113,-0.014202,0.795021,0.603030,-0.020983,0.804589,0.581540,-0.025624,0.773547,0.691820,-0.011365,0.794479,0.673556,-0.018418,0.808797,0.661183,-0.022734,0.820289,0.649632,-0.025715
1780385361.254,right,four_fingers,0.723829,0.741145,0.000000,0.717503,0.699896,-0.008493,0.727307,0.660149,-0.009192,0.749120,0.648454,-0.009362,0.762609,0.655378,-0.008981,0.730357,0.634820,0.002030,0.734380,0.591577,0.000672,0.738619,0.565198,-0.001184,0.743164,0.544834,-0.003052,0.745370,0.643991,0.002985,0.756463,0.605617,0.002509,0.764615,0.582621,-0.000092,0.771447,0.564649,-0.002008,0.756578,0.661649,0.002049,0.770761,0.628799,-0.000844,0.778986,0.605720,-0.005857,0.785869,0.587180,-0.009180,0.765742,0.682696,0.000111,0.781223,0.664371,-0.003407,0.790773,0.648884,-0.006557,0.799204,0.634266,-0.008753
1780385361.765,right,four_fingers,0.716541,0.732038,0.000000,0.707616,0.691954,-0.007909,0.714052,0.654364,-0.007622,0.732355,0.640237,-0.006874,0.745628,0.643923,-0.005333,0.717080,0.640540,0.005257,0.719570,0.605285,0.004774,0.722485,0.582715,0.003656,0.725799,0.565047,0.002734,0.730158,0.648879,0.007091,0.738183,0.617974,0.008063,0.744171,0.597751,0.007181,0.749592,0.581381,0.006866,0.740325,0.663797,0.006846,0.749537,0.636644,0.005734,0.754421,0.615746,0.003380,0.758411,0.600315,0.002291,0.749697,0.681194,0.005419,0.760030,0.663346,0.003862,0.765657,0.647798,0.002554,0.770320,0.634234,0.002051
1780385362.308,right,four_fingers,0.713229,0.725711,0.000000,0.707334,0.685876,-0.004474,0.718469,0.653136,-0.003306,0.737500,0.645540,-0.002480,0.749068,0.652591,-0.001819,0.729397,0.647553,0.005502,0.734348,0.619055,0.004184,0.738636,0.599113,0.001915,0.744015,0.583271,-0.000176,0.742568,0.658240,0.004816,0.754752,0.633193,0.003538,0.763024,0.615236,0.000408,0.770142,0.602457,-0.001694,0.751567,0.674178,0.002564,0.765702,0.654665,-0.000664,0.773772,0.636704,-0.004745,0.780084,0.622186,-0.007088,0.758479,0.693100,-0.000356,0.772729,0.677611,-0.003293,0.780405,0.664489,-0.005178,0.786371,0.651196,-0.006396
1780385362.822,right,four_fingers,0.727525,0.730399,0.000000,0.723238,0.694532,-0.001698,0.732975,0.669077,-0.001168,0.746765,0.659755,-0.001943,0.756658,0.665997,-0.002593,0.764241,0.672313,0.008567,0.774984,0.649250,0.007417,0.783057,0.630343,0.004689,0.789953,0.615856,0.002066,0.772904,0.682735,0.005073,0.793393,0.662875,0.003179,0.805322,0.645339,0.000234,0.815248,0.630643,-0.001859,0.777173,0.695069,0.000079,0.798686,0.675618,-0.004081,0.810793,0.655451,-0.008050,0.820054,0.638035,-0.010216,0.778276,0.708238,-0.005424,0.797353,0.689154,-0.008861,0.805258,0.671913,-0.010310,0.809569,0.655074,-0.011188
1780385363.338,right,four_fingers,0.711558,0.761045,0.000000,0.714092,0.710251,0.001495,0.728395,0.674987,0.000074,0.738330,0.656056,-0.003247,0.742417,0.649919,-0.007397,0.766971,0.675641,-0.000181,0.788976,0.648274,-0.006841,0.802156,0.622662,-0.012772,0.811696,0.600573,-0.017624,0.769742,0.688942,-0.008007,0.798335,0.658485,-0.014794,0.813793,0.630702,-0.020831,0.824455,0.606527,-0.025300,0.765559,0.702705,-0.016353,0.791819,0.670173,-0.024080,0.803553,0.640386,-0.030375,0.810560,0.614707,-0.034889,0.755188,0.713175,-0.024679,0.768853,0.688896,-0.032616,0.775947,0.664657,-0.037211,0.781281,0.641425,-0.040506
1780385363.845,right,four_fingers,0.563845,0.756687,0.000000,0.580468,0.713627,-0.001156,0.582567,0.666075,-0.004977,0.575744,0.629684,-0.008586,0.567802,0.605382,-0.013722,0.579517,0.662215,-0.019226,0.577775,0.607724,-0.028881,0.573946,0.572474,-0.033882,0.569080,0.544583,-0.037078,0.561413,0.668866,-0.024075,0.554806,0.608563,-0.033090,0.548071,0.569440,-0.037986,0.541675,0.538564,-0.041886,0.542076,0.681866,-0.028017,0.531869,0.625596,-0.036710,0.525795,0.588543,-0.041465,0.521440,0.559655,-0.044932,0.522980,0.698790,-0.031265,0.511452,0.657097,-0.039785,0.505531,0.628934,-0.043441,0.501989,0.604563,-0.045765
1780385364.350,right,four_fingers,0.390236,0.766553,0.000000,0.397722,0.702516,-0.006739,0.388778,0.657390,-0.011590,0.366660,0.646839,-0.014679,0.350826,0.652305,-0.018451,0.358526,0.662078,-0.021907,0.341051,0.607014,-0.031109,0.328209,0.575427,-0.035829,0.316305,0.551785,-0.038442,0.340552,0.687791,-0.022134,0.309486,0.637079,-0.031518,0.289681,0.607967,-0.035910,0.273381,0.587923,-0.038286,0.330115,0.711704,-0.021555,0.300540,0.669119,-0.028683,0.284269,0.639910,-0.032440,0.271479,0.617795,-0.034467,0.326669,0.732921,-0.020942,0.302580,0.701620,-0.025720,0.291523,0.681781,-0.026532,0.283779,0.665390,-0.026358
1780385364.851,right,four_fingers,0.307319,0.792557,0.000000,0.301358,0.729406,-0.001153,0.287026,0.697737,-0.003901,0.265626,0.697092,-0.005796,0.250462,0.698448,-0.008106,0.257421,0.711672,-0.014234,0.230212,0.663328,-0.020559,0.213992,0.639224,-0.022550,0.200297,0.623962,-0.022885,0.245936,0.745926,-0.015931,0.206300,0.707866,-0.023328,0.184506,0.689583,-0.024840,0.168339,0.679232,-0.024483,0.241602,0.774803,-0.016607,0.205145,0.746704,-0.021599,0.186440,0.724399,-0.022409,0.173510,0.707290,-0.021922,0.243599,0.796526,-0.016793,0.213950,0.775910,-0.018792,0.201265,0.758793,-0.016651,0.193116,0.743336,-0.013980
1780385365.355,right,four_fingers,0.249901,0.864214,0.000000,0.232410,0.808388,0.001688,0.210413,0.789973,0.001214,0.191397,0.799886,-0.000109,0.179085,0.813950,-0.002449,0.190120,0.794144,-0.004808,0.164283,0.757965,-0.010849,0.147154,0.740546,-0.014972,0.133337,0.730236,-0.017386,0.179699,0.827259,-0.008869,0.142275,0.809283,-0.014027,0.119246,0.800394,-0.017744,0.102188,0.795310,-0.020221,0.176900,0.860496,-0.012520,0.141958,0.848033,-0.017071,0.122220,0.835876,-0.021006,0.108350,0.826456,-0.023547,0.179886,0.889521,-0.015611,0.153642,0.881777,-0.019042,0.139670,0.874206,-0.019611,0.129303,0.866632,-0.019485
1780385365.869,right,four_fingers,0.194276,0.866244,-0.000000,0.174349,0.836471,0.017400,0.153646,0.830569,0.021347,0.136076,0.848244,0.020849,0.122654,0.866674,0.018845,0.149145,0.791795,0.011240,0.116035,0.778399,0.009194,0.093931,0.782060,0.007989,0.076029,0.788966,0.006818,0.141038,0.800206,-0.001793,0.104121,0.767417,-0.003395,0.080901,0.762641,-0.003651,0.063457,0.762694,-0.004534,0.133789,0.820307,-0.013980,0.096584,0.783998,-0.015384,0.076206,0.776896,-0.016147,0.060972,0.774460,-0.017701,0.125845,0.850846,-0.024597,0.096504,0.828038,-0.027117,0.078426,0.821535,-0.027553,0.061981,0.817135,-0.028412
1780385366.389,right,four_fingers,0.181435,0.773538,0.000000,0.153816,0.790871,0.005998,0.132492,0.776112,0.006719,0.116517,0.768391,0.004657,0.104289,0.761023,0.002401,0.130676,0.703643,0.008998,0.109790,0.664979,0.005846,0.091466,0.650365,0.001775,0.076140,0.643017,-0.001091,0.131796,0.699261,0.001722,0.106663,0.660291,0.000345,0.084967,0.648209,-0.001609,0.068463,0.642747,-0.003544,0.132319,0.703790,-0.006121,0.106669,0.668786,-0.006178,0.086614,0.657919,-0.006629,0.071832,0.654191,-0.008018,0.131503,0.717653,-0.014197,0.116029,0.690830,-0.013136,0.102523,0.680804,-0.011884,0.090807,0.676836,-0.011792
1780385366.918,right,four_fingers,0.184165,0.695760,-0.000000,0.158295,0.717099,0.013852,0.133067,0.704194,0.022748,0.115469,0.686860,0.025817,0.104628,0.673958,0.028906,0.127710,0.637734,0.040171,0.110154,0.625315,0.047454,0.096194,0.623128,0.048611,0.085852,0.623488,0.048678,0.129740,0.618905,0.028852,0.110579,0.581919,0.037600,0.092730,0.572497,0.039368,0.078737,0.566964,0.039658,0.132330,0.607829,0.015356,0.113172,0.563983,0.019385,0.092923,0.554049,0.019664,0.078189,0.551307,0.019204,0.133427,0.603160,0.001765,0.115238,0.568484,0.003823,0.099002,0.559640,0.005494,0.085490,0.558232,0.006090
1780385367.447,right,four_fingers,0.244785,0.533563,0.000000,0.215428,0.556153,-0.005277,0.184326,0.540263,-0.005224,0.166858,0.511790,-0.005859,0.159853,0.485063,-0.006104,0.178317,0.476750,0.003525,0.152673,0.459988,-0.002349,0.133551,0.452987,-0.008252,0.117720,0.449174,-0.012242,0.184153,0.447409,0.000737,0.159919,0.404331,-0.003489,0.140432,0.382666,-0.007443,0.124214,0.367389,-0.009902,0.193045,0.426786,-0.004048,0.171310,0.379588,-0.010023,0.152174,0.357899,-0.013841,0.135929,0.343716,-0.015659,0.204386,0.413838,-0.009711,0.185757,0.375754,-0.014557,0.170485,0.357001,-0.015334,0.156204,0.347285,-0.015365
1780385367.958,right,four_fingers,0.411942,0.400016,0.000000,0.374555,0.420378,-0.012957,0.337272,0.396882,-0.019903,0.329979,0.344707,-0.026720,0.346008,0.318825,-0.034137,0.316811,0.318948,-0.011066,0.279992,0.294711,-0.022302,0.255591,0.277611,-0.032389,0.235425,0.261682,-0.040472,0.328352,0.281474,-0.014612,0.295210,0.227325,-0.024125,0.272527,0.192838,-0.032747,0.254787,0.165784,-0.038921,0.345740,0.258987,-0.020207,0.318505,0.204526,-0.029861,0.298558,0.169934,-0.037354,0.282698,0.142208,-0.042422,0.367670,0.246682,-0.027544,0.350051,0.197247,-0.034791,0.337320,0.166672,-0.037158,0.326776,0.142348,-0.039058
1780385368.490,right,four_fingers,0.581438,0.361219,0.000000,0.544283,0.359262,-0.012962,0.515864,0.321189,-0.021381,0.524948,0.263667,-0.030134,0.545278,0.231613,-0.039655,0.490618,0.239893,-0.012910,0.453278,0.199901,-0.025493,0.430453,0.169895,-0.036629,0.413062,0.142436,-0.045340,0.507536,0.202657,-0.017515,0.475193,0.136540,-0.027157,0.456286,0.091700,-0.036941,0.442477,0.055327,-0.044440,0.530579,0.184340,-0.024135,0.508029,0.111509,-0.034802,0.493719,0.067272,-0.044545,0.481799,0.032289,-0.051483,0.558189,0.179706,-0.032329,0.551096,0.114411,-0.042228,0.547312,0.073593,-0.046808,0.543936,0.040842,-0.050036
1780385369.016,right,four_fingers,0.703605,0.417467,0.000000,0.675498,0.407630,-0.022879,0.657578,0.369314,-0.037149,0.674955,0.317814,-0.049504,0.697167,0.283643,-0.061390,0.637813,0.286934,-0.025430,0.608904,0.237919,-0.042126,0.592668,0.201375,-0.055256,0.580512,0.168395,-0.065143,0.655275,0.250718,-0.025726,0.629373,0.173846,-0.040016,0.617770,0.121103,-0.051191,0.608200,0.075077,-0.059283,0.678503,0.236549,-0.028448,0.661960,0.160012,-0.043506,0.656602,0.111940,-0.053010,0.650868,0.070312,-0.059090,0.706412,0.237141,-0.033393,0.707064,0.171471,-0.045645,0.710680,0.130231,-0.050327,0.712827,0.096258,-0.053378
1780385369.543,right,four_fingers,0.791279,0.523672,0.000000,0.780062,0.520131,-0.032632,0.779286,0.491557,-0.054067,0.804543,0.457626,-0.071690,0.827244,0.438248,-0.089002,0.763310,0.389812,-0.043743,0.749257,0.336147,-0.064395,0.744425,0.298761,-0.079958,0.741494,0.265193,-0.091195,0.780588,0.359814,-0.039943,0.766129,0.274741,-0.057713,0.763713,0.219652,-0.070270,0.762583,0.173578,-0.079638,0.802846,0.350697,-0.038591,0.796405,0.266201,-0.056353,0.796808,0.212897,-0.068334,0.796330,0.167210,-0.076681,0.829007,0.358427,-0.039809,0.839667,0.294618,-0.053405,0.847714,0.254535,-0.060239,0.853517,0.218863,-0.065603
1780385370.066,right,four_fingers,0.864622,0.743116,0.000000,0.853590,0.760651,-0.048119,0.860724,0.757021,-0.075878,0.885560,0.753137,-0.095887,0.910976,0.739489,-0.115075,0.879623,0.637278,-0.065952,0.888767,0.569558,-0.092307,0.900839,0.523869,-0.110580,0.914351,0.488279,-0.123342,0.903488,0.620006,-0.052727,0.912070,0.545498,-0.075431,0.925897,0.499595,-0.089242,0.939979,0.461945,-0.099539,0.923442,0.625490,-0.042349,0.937099,0.558379,-0.061946,0.952998,0.518360,-0.072351,0.968744,0.483437,-0.079629,0.939374,0.644152,-0.035591,0.959021,0.601600,-0.050978,0.973821,0.575356,-0.058509,0.988843,0.553924,-0.063720
1780385370.610,right,four_fingers,0.742460,0.654351,0.000000,0.723494,0.654306,-0.026978,0.709492,0.641399,-0.046016,0.723985,0.623355,-0.061721,0.742562,0.608118,-0.077354,0.700135,0.547819,-0.036963,0.680386,0.505760,-0.053807,0.669403,0.477334,-0.066170,0.662561,0.450547,-0.074945,0.718436,0.519708,-0.034776,0.705656,0.449415,-0.048300,0.700280,0.403733,-0.058025,0.696505,0.363401,-0.065401,0.739919,0.513421,-0.034769,0.735963,0.444282,-0.048688,0.735870,0.403156,-0.058384,0.734910,0.366738,-0.065234,0.763898,0.522940,-0.036869,0.774404,0.470583,-0.049108,0.782189,0.437747,-0.054729,0.786925,0.408473,-0.058637
1780385371.140,right,four_fingers,0.666771,0.654407,0.000000,0.645921,0.636245,-0.009769,0.632301,0.600057,-0.015359,0.644476,0.570510,-0.020847,0.662141,0.559204,-0.026672,0.630755,0.537846,-0.008434,0.615008,0.497121,-0.016099,0.606686,0.469799,-0.022705,0.601065,0.446992,-0.027933,0.646479,0.523792,-0.010689,0.638012,0.466875,-0.016536,0.633990,0.430345,-0.022746,0.631315,0.400263,-0.027494,0.663556,0.525025,-0.014447,0.661228,0.471086,-0.021310,0.659926,0.437767,-0.028323,0.658472,0.409473,-0.033418,0.681376,0.537179,-0.019303,0.688886,0.498738,-0.025443,0.693318,0.472996,-0.028970,0.696495,0.450844,-0.031693
1780385371.661,right,four_fingers,0.648155,0.676790,0.000000,0.625904,0.661349,-0.007909,0.610440,0.626297,-0.012196,0.618464,0.596707,-0.016611,0.633417,0.588148,-0.021597,0.615443,0.563952,-0.007157,0.600767,0.523737,-0.013917,0.592488,0.496525,-0.019706,0.586693,0.472257,-0.024598,0.631231,0.551953,-0.010278,0.625088,0.495664,-0.015973,0.621984,0.458735,-0.021780,0.619979,0.428090,-0.026273,0.647237,0.555175,-0.014729,0.646817,0.504158,-0.021984,0.646142,0.470947,-0.028851,0.645195,0.442856,-0.033755,0.663078,0.568770,-0.020031,0.669901,0.532044,-0.027078,0.674442,0.507213,-0.030817,0.677708,0.485500,-0.033569
1780385372.196,right,four_fingers,0.639234,0.665788,0.000000,0.618250,0.651353,-0.006641,0.602798,0.620175,-0.010826,0.606029,0.590556,-0.015178,0.617966,0.576928,-0.020076,0.608795,0.560532,-0.006530,0.595707,0.523785,-0.013197,0.586688,0.499364,-0.018916,0.580334,0.477886,-0.023524,0.622856,0.550952,-0.009613,0.619190,0.499387,-0.015253,0.615710,0.467312,-0.020790,0.613050,0.441192,-0.024973,0.636402,0.553782,-0.013818,0.636819,0.505852,-0.020202,0.635597,0.474578,-0.025859,0.634056,0.448059,-0.030051,0.648889,0.566279,-0.018712,0.653448,0.531314,-0.024270,0.656145,0.507191,-0.026867,0.657707,0.485673,-0.028924
1780385372.702,right,four_fingers,0.652495,0.667013,0.000000,0.632125,0.653549,-0.006655,0.617360,0.619681,-0.010404,0.618168,0.589057,-0.014248,0.628080,0.575276,-0.018419,0.627671,0.555918,-0.005511,0.615127,0.517492,-0.011798,0.606080,0.491649,-0.017452,0.599533,0.469062,-0.022006,0.640621,0.548806,-0.008299,0.638981,0.496450,-0.013847,0.635915,0.464157,-0.019050,0.633624,0.437819,-0.022825,0.652319,0.552876,-0.012230,0.653067,0.503375,-0.018067,0.651591,0.471862,-0.022800,0.650046,0.445398,-0.026299,0.662457,0.565458,-0.016967,0.665255,0.529287,-0.021762,0.666445,0.505227,-0.023750,0.667009,0.483706,-0.025357
1780385373.222,right,four_fingers,0.611862,0.707667,0.000000,0.585735,0.685672,-0.000926,0.571193,0.641706,-0.001435,0.565955,0.608481,-0.003732,0.567635,0.609285,-0.006613,0.584284,0.573463,0.006124,0.576010,0.533292,0.002053,0.566942,0.507102,-0.003012,0.558546,0.485551,-0.007632,0.593266,0.569247,-0.000189,0.592317,0.511299,-0.004000,0.587401,0.475993,-0.008273,0.582957,0.447211,-0.011797,0.600724,0.576629,-0.008008,0.602545,0.519604,-0.013103,0.598312,0.484757,-0.017778,0.594263,0.456577,-0.021420,0.605325,0.593091,-0.016511,0.606850,0.551125,-0.020520,0.605252,0.524237,-0.022699,0.603137,0.500633,-0.024982
1780385373.763,right,four_fingers,0.588127,0.719802,0.000000,0.583447,0.669500,0.012842,0.569177,0.636990,0.015500,0.553201,0.618147,0.016082,0.541396,0.610227,0.015432,0.561114,0.615232,-0.003890,0.542541,0.563401,-0.008151,0.529365,0.536171,-0.008483,0.518328,0.517846,-0.008276,0.551521,0.628323,-0.013147,0.531142,0.565881,-0.019180,0.514629,0.535604,-0.020930,0.501453,0.515229,-0.021772,0.541858,0.649991,-0.020490,0.520869,0.597371,-0.025651,0.505291,0.569422,-0.029195,0.494201,0.549376,-0.031645,0.531956,0.677783,-0.025943,0.510283,0.651889,-0.031589,0.496561,0.636883,-0.034495,0.484587,0.622479,-0.036145
1780385374.296,right,four_fingers,0.550351,0.605330,0.000000,0.556682,0.555337,0.012351,0.551036,0.512287,0.015844,0.544579,0.480165,0.017354,0.542352,0.458345,0.017349,0.544093,0.494430,-0.003125,0.533115,0.436038,-0.005832,0.525348,0.402197,-0.005572,0.518662,0.378079,-0.004982,0.532547,0.500656,-0.011387,0.518791,0.435094,-0.015030,0.506817,0.398613,-0.016018,0.497298,0.373254,-0.016498,0.520432,0.515162,-0.017661,0.505904,0.453770,-0.021058,0.493903,0.419321,-0.024115,0.485065,0.394809,-0.026503,0.507733,0.537242,-0.022073,0.489765,0.501529,-0.026959,0.477870,0.478781,-0.029312,0.468283,0.459625,-0.030450
1780385374.833,right,four_fingers,0.533396,0.731721,-0.000000,0.520938,0.674577,0.005211,0.519003,0.622596,0.005139,0.512444,0.592997,0.003211,0.504753,0.573825,0.000472,0.556287,0.601841,-0.001467,0.549535,0.549469,-0.009193,0.539108,0.519967,-0.014916,0.527664,0.498923,-0.018944,0.558389,0.612718,-0.010475,0.552445,0.549467,-0.016744,0.540388,0.520093,-0.021349,0.527662,0.501141,-0.024955,0.552825,0.631625,-0.019466,0.544259,0.577617,-0.026776,0.533738,0.553078,-0.031871,0.524829,0.535608,-0.035815,0.540010,0.653639,-0.027803,0.526588,0.626773,-0.035567,0.517111,0.611491,-0.039349,0.509167,0.600077,-0.042114
1780385375.364,right,four_fingers,0.548965,0.723555,0.000000,0.535398,0.678518,-0.006890,0.535589,0.622954,-0.010454,0.549810,0.593093,-0.014615,0.565920,0.601386,-0.018550,0.576963,0.592136,-0.002309,0.581405,0.543451,-0.008824,0.581591,0.512031,-0.015499,0.580787,0.485839,-0.020793,0.592998,0.606401,-0.005845,0.614954,0.557609,-0.011767,0.619179,0.522081,-0.017873,0.619486,0.493249,-0.021889,0.602077,0.629451,-0.010881,0.617445,0.584992,-0.018314,0.617353,0.547634,-0.024408,0.614103,0.519925,-0.027883,0.605915,0.657550,-0.016839,0.620850,0.624767,-0.023282,0.623453,0.596909,-0.026298,0.621554,0.574907,-0.028059
1780385375.890,right,four_fingers,0.607342,0.722930,0.000000,0.596745,0.671754,-0.009815,0.607844,0.618869,-0.012891,0.634501,0.603225,-0.015938,0.654900,0.618810,-0.019183,0.637876,0.597098,-0.001490,0.646962,0.553957,-0.006700,0.652266,0.524126,-0.012782,0.658536,0.499251,-0.018455,0.655232,0.612976,-0.003024,0.676073,0.574240,-0.007653,0.687292,0.544196,-0.014595,0.696392,0.517558,-0.020367,0.665222,0.635376,-0.006581,0.686742,0.600957,-0.013037,0.696063,0.571458,-0.021302,0.701708,0.544711,-0.027396,0.670829,0.662587,-0.011291,0.688526,0.635477,-0.017613,0.695806,0.612306,-0.022408,0.698763,0.590251,-0.026270
1780385376.398,right,four_fingers,0.617778,0.720120,0.000000,0.605498,0.667720,-0.011187,0.618136,0.614391,-0.013522,0.646146,0.600204,-0.015868,0.663610,0.619204,-0.018512,0.640346,0.594527,0.001262,0.649307,0.548796,-0.003249,0.655419,0.519085,-0.009111,0.662965,0.494328,-0.014787,0.658583,0.609390,0.000207,0.678618,0.566999,-0.003998,0.691211,0.537186,-0.011413,0.702089,0.512162,-0.017498,0.669530,0.631510,-0.003443,0.689846,0.594744,-0.009733,0.700276,0.564617,-0.019517,0.707823,0.539051,-0.026731,0.677426,0.657080,-0.008498,0.694339,0.628625,-0.014952,0.702522,0.604068,-0.021221,0.708136,0.580529,-0.026444
1780385376.924,right,four_fingers,0.612123,0.717253,0.000000,0.602045,0.667343,-0.009227,0.613463,0.611940,-0.011251,0.641221,0.596741,-0.013312,0.659886,0.617140,-0.015695,0.635086,0.588571,-0.000785,0.642600,0.542513,-0.005765,0.647944,0.511968,-0.011453,0.654243,0.486708,-0.016779,0.653166,0.601390,-0.001962,0.671785,0.559134,-0.006194,0.683315,0.528757,-0.012378,0.693270,0.502589,-0.017399,0.664459,0.622489,-0.005184,0.683094,0.587711,-0.010558,0.692966,0.558354,-0.018098,0.700069,0.532386,-0.023684,0.672004,0.648629,-0.009645,0.688511,0.623510,-0.014831,0.696727,0.600057,-0.019393,0.701982,0.577390,-0.023213
1780385377.445,right,four_fingers,0.569921,0.689928,0.000000,0.553423,0.649547,-0.008191,0.555054,0.599050,-0.010796,0.572902,0.570689,-0.013728,0.590250,0.571181,-0.016772,0.584743,0.562279,-0.000049,0.587220,0.518079,-0.005684,0.587853,0.488139,-0.011978,0.588769,0.463176,-0.017293,0.601342,0.569484,-0.002288,0.615846,0.521850,-0.007092,0.622005,0.487792,-0.013577,0.627044,0.458814,-0.018637,0.612296,0.586066,-0.006468,0.625340,0.543865,-0.013006,0.630059,0.509719,-0.020542,0.633240,0.480859,-0.025935,0.620018,0.608652,-0.011732,0.631273,0.575536,-0.017815,0.633648,0.550816,-0.022006,0.633066,0.529295,-0.025282
1780385377.959,right,four_fingers,0.545708,0.674361,0.000000,0.529063,0.639615,-0.006385,0.528305,0.589872,-0.007892,0.542952,0.559643,-0.009938,0.558729,0.561504,-0.011884,0.557622,0.550128,0.002139,0.558301,0.508251,-0.002443,0.556866,0.479618,-0.008054,0.555333,0.455737,-0.012850,0.572419,0.555396,-0.000299,0.583266,0.510141,-0.004463,0.586014,0.476733,-0.010048,0.587426,0.448768,-0.014277,0.582783,0.569612,-0.004496,0.592940,0.528629,-0.010491,0.594249,0.495188,-0.016806,0.593959,0.468052,-0.020981,0.590578,0.590243,-0.009667,0.600486,0.556040,-0.015117,0.600602,0.531877,-0.018397,0.597569,0.512889,-0.020727
1780385378.477,right,four_fingers,0.483714,0.700432,0.000000,0.465107,0.670048,-0.004973,0.459166,0.623999,-0.008108,0.465860,0.593167,-0.012174,0.477497,0.585348,-0.016218,0.488374,0.564703,0.000563,0.484030,0.517929,-0.006382,0.477148,0.488858,-0.013838,0.470072,0.466394,-0.019479,0.500949,0.567000,-0.003291,0.508589,0.514689,-0.008690,0.505001,0.479457,-0.014440,0.498564,0.453255,-0.018768,0.509813,0.578643,-0.008759,0.518440,0.527615,-0.014921,0.513163,0.492872,-0.020021,0.505208,0.467361,-0.023624,0.515154,0.597445,-0.015129,0.520116,0.560603,-0.020787,0.516554,0.535068,-0.023637,0.509940,0.514693,-0.025660
1780385378.991,right,four_fingers,0.423449,0.753221,0.000000,0.393790,0.725956,0.000657,0.379301,0.689036,-0.002452,0.372572,0.658933,-0.008374,0.378429,0.651374,-0.014585,0.396105,0.615765,0.007491,0.388507,0.572507,0.001112,0.376171,0.550203,-0.006081,0.363564,0.534117,-0.012142,0.405963,0.616441,-0.001128,0.401599,0.561383,-0.007903,0.386779,0.534417,-0.014598,0.371682,0.515141,-0.019730,0.414763,0.627159,-0.011272,0.413771,0.571094,-0.018529,0.397820,0.543932,-0.024379,0.381845,0.528936,-0.028641,0.420079,0.646736,-0.021892,0.414571,0.607503,-0.027969,0.403351,0.587270,-0.031077,0.391926,0.575083,-0.033558
1780385379.505,right,four_fingers,0.408622,0.773745,0.000000,0.376324,0.749589,0.001917,0.358740,0.713450,-0.001269,0.349630,0.685370,-0.007802,0.353220,0.683486,-0.014668,0.375914,0.638003,0.009127,0.365568,0.597761,0.003451,0.351030,0.576341,-0.003124,0.336731,0.561492,-0.008977,0.383732,0.636934,-0.000672,0.375305,0.580006,-0.007611,0.357928,0.557032,-0.012800,0.341530,0.541554,-0.016460,0.389864,0.645850,-0.012075,0.380065,0.589436,-0.018660,0.360659,0.566558,-0.022535,0.344005,0.554413,-0.025406,0.392697,0.663139,-0.024118,0.381088,0.623816,-0.028933,0.366316,0.605200,-0.030817,0.352966,0.593476,-0.032578
1780385380.018,right,four_fingers,0.377517,0.812804,-0.000000,0.339414,0.807191,-0.000011,0.318807,0.782275,-0.004014,0.305875,0.766003,-0.009773,0.303539,0.754090,-0.015866,0.339343,0.697227,-0.004169,0.318849,0.651574,-0.013745,0.298135,0.632978,-0.021412,0.279373,0.622848,-0.026983,0.345446,0.696010,-0.011204,0.318359,0.640998,-0.023539,0.291523,0.629395,-0.030897,0.270766,0.625922,-0.035035,0.347872,0.707554,-0.018766,0.319642,0.657712,-0.030686,0.293342,0.646467,-0.037237,0.273729,0.644808,-0.040418,0.345053,0.729223,-0.026187,0.324911,0.696790,-0.035328,0.306483,0.683482,-0.039711,0.291008,0.674631,-0.042292
1780385380.521,right,four_fingers,0.374623,0.812964,-0.000000,0.337989,0.810092,0.000025,0.317231,0.785365,-0.003364,0.304513,0.767467,-0.008367,0.302684,0.757894,-0.013734,0.335662,0.700921,-0.003446,0.315174,0.656614,-0.012333,0.294042,0.639975,-0.019349,0.275559,0.632040,-0.024512,0.341401,0.699113,-0.010350,0.313430,0.644632,-0.021866,0.287139,0.633593,-0.028744,0.267215,0.630853,-0.032598,0.343754,0.710080,-0.017851,0.314470,0.660974,-0.029209,0.288723,0.650360,-0.035708,0.269734,0.649135,-0.038949,0.341054,0.731613,-0.025225,0.319091,0.700187,-0.034354,0.300627,0.687604,-0.039041,0.285201,0.679205,-0.041881
1780385381.059,right,four_fingers,0.365358,0.789406,-0.000000,0.332168,0.786557,0.005255,0.315820,0.762200,0.004346,0.304401,0.747703,0.001748,0.295854,0.740391,-0.001300,0.333271,0.689578,-0.002911,0.312053,0.646793,-0.010014,0.291595,0.631066,-0.014648,0.274230,0.622674,-0.017867,0.337905,0.689249,-0.010486,0.310504,0.633629,-0.019205,0.286090,0.622807,-0.022772,0.268398,0.618414,-0.024764,0.337954,0.700370,-0.017884,0.309368,0.648419,-0.026109,0.286285,0.638983,-0.029168,0.270534,0.635206,-0.030744,0.332114,0.719857,-0.024649,0.310125,0.689773,-0.031507,0.292281,0.678376,-0.034513,0.278218,0.668957,-0.036481
1780385381.564,right,four_fingers,0.387477,0.709284,-0.000000,0.364181,0.693315,0.001877,0.353236,0.669382,-0.000187,0.345411,0.657643,-0.003268,0.341142,0.650859,-0.006328,0.376195,0.616357,-0.000511,0.360081,0.573975,-0.005379,0.343942,0.557494,-0.009201,0.331363,0.550373,-0.011664,0.376710,0.614296,-0.005019,0.361551,0.563516,-0.009125,0.344272,0.548852,-0.011722,0.330218,0.543394,-0.013617,0.370943,0.620406,-0.009834,0.354914,0.569776,-0.013951,0.339473,0.553596,-0.016990,0.327088,0.546568,-0.019194,0.358556,0.632204,-0.014377,0.343584,0.600519,-0.017864,0.331461,0.588304,-0.019666,0.320435,0.580937,-0.021137
1780385382.089,right,four_fingers,0.395993,0.528331,-0.000000,0.390401,0.511138,0.011960,0.384881,0.490116,0.016154,0.373680,0.477043,0.018011,0.365392,0.465918,0.019720,0.406024,0.461318,0.010621,0.401000,0.418740,0.011694,0.391656,0.399995,0.013620,0.384590,0.393427,0.015405,0.403191,0.454927,0.003555,0.400561,0.402115,0.003803,0.389498,0.383147,0.005628,0.380552,0.375743,0.007392,0.395528,0.452458,-0.003010,0.392603,0.398954,-0.003729,0.382977,0.381905,-0.003303,0.374706,0.374061,-0.002769,0.382568,0.451373,-0.008274,0.375923,0.411993,-0.010342,0.368909,0.395584,-0.010785,0.362468,0.385134,-0.010763
1780385382.613,right,four_fingers,0.356071,0.415657,0.000000,0.360189,0.404673,0.002405,0.356401,0.384194,0.002907,0.345211,0.371180,0.002300,0.334401,0.361798,0.001966,0.366061,0.354366,0.006620,0.361155,0.319938,0.005674,0.352903,0.302405,0.004466,0.344930,0.295191,0.004098,0.361551,0.346839,0.004050,0.360608,0.310801,0.004279,0.352590,0.296669,0.003969,0.344247,0.289978,0.003880,0.353699,0.342623,0.000957,0.351285,0.306843,0.000689,0.344150,0.292727,-0.000117,0.336616,0.285679,-0.000620,0.342189,0.339743,-0.001885,0.338659,0.313100,-0.002036,0.333485,0.299823,-0.001754,0.327484,0.292348,-0.001392
1780385383.137,right,four_fingers,0.257653,0.328570,-0.000000,0.232406,0.337331,0.000270,0.217608,0.314494,0.000933,0.206972,0.290732,0.000235,0.197249,0.270421,0.000216,0.233951,0.243322,0.011755,0.222183,0.206673,0.010952,0.207370,0.189429,0.008565,0.194711,0.182455,0.007009,0.237909,0.232757,0.008559,0.224526,0.189375,0.009242,0.207181,0.175101,0.008121,0.193942,0.167687,0.007087,0.238122,0.230249,0.003822,0.223472,0.186645,0.002819,0.206051,0.173017,0.001448,0.192698,0.168460,0.000477,0.233222,0.233193,-0.001415,0.219512,0.199686,-0.002238,0.206362,0.186198,-0.002707,0.195018,0.179934,-0.003082
1780385383.664,right,four_fingers,0.174902,0.366503,-0.000000,0.143552,0.379111,0.006327,0.118092,0.352134,0.009849,0.101056,0.330549,0.009710,0.088014,0.309747,0.009537,0.121952,0.266584,0.019399,0.100144,0.239711,0.019076,0.079443,0.229488,0.016470,0.061345,0.224931,0.013752,0.126984,0.251907,0.009621,0.102392,0.199711,0.008438,0.078346,0.180691,0.005393,0.058327,0.170590,0.003112,0.131228,0.247907,-0.001758,0.104706,0.196718,-0.005665,0.079708,0.181086,-0.010268,0.060349,0.174723,-0.013385,0.131873,0.253961,-0.013210,0.102413,0.228255,-0.017546,0.081115,0.222630,-0.020025,0.063806,0.222694,-0.021765
1780385384.189,right,four_fingers,0.182157,0.416087,0.000000,0.143754,0.431748,-0.001753,0.107695,0.411201,-0.005245,0.083056,0.390329,-0.012060,0.075466,0.362060,-0.018835,0.093267,0.301902,0.009166,0.059163,0.270920,-0.001089,0.030819,0.262643,-0.012269,0.006029,0.261922,-0.020470,0.099304,0.281504,-0.000788,0.067677,0.218601,-0.009467,0.036401,0.198757,-0.018484,0.009638,0.191744,-0.025146,0.108164,0.275411,-0.013198,0.078452,0.208770,-0.021287,0.049039,0.186039,-0.027645,0.025196,0.177065,-0.032301,0.117359,0.282233,-0.026851,0.091134,0.230493,-0.033402,0.066823,0.208637,-0.036341,0.044354,0.197758,-0.038616
1780385384.748,right,four_fingers,0.256564,0.512107,0.000000,0.206589,0.540126,-0.013024,0.159052,0.512639,-0.025809,0.129176,0.481277,-0.040015,0.133586,0.469366,-0.055228,0.128739,0.375849,-0.012913,0.081763,0.339958,-0.032651,0.047660,0.330860,-0.050690,0.015672,0.331336,-0.064866,0.143917,0.347412,-0.023426,0.102274,0.268015,-0.043429,0.063902,0.238317,-0.060547,0.026882,0.220243,-0.072695,0.165650,0.343906,-0.036438,0.124754,0.263534,-0.055736,0.088087,0.237778,-0.069230,0.053340,0.223113,-0.078506,0.191847,0.359075,-0.051028,0.161779,0.302789,-0.066673,0.134950,0.277869,-0.074358,0.106997,0.260525,-0.080204
1780385385.277,right,four_fingers,0.453518,0.713484,0.000000,0.404095,0.752714,-0.023321,0.366089,0.770593,-0.053308,0.340864,0.807190,-0.082915,0.316000,0.842968,-0.115509,0.322885,0.596293,-0.063380,0.265067,0.569575,-0.103149,0.226195,0.571499,-0.132031,0.189783,0.585495,-0.152042,0.352147,0.564940,-0.077900,0.313274,0.474555,-0.114737,0.274879,0.446955,-0.138019,0.237770,0.439957,-0.154266,0.390669,0.568889,-0.094320,0.367576,0.480390,-0.131460,0.333486,0.458119,-0.151389,0.298679,0.453752,-0.164195,0.431735,0.600617,-0.111673,0.425832,0.547618,-0.146583,0.404403,0.532649,-0.160069,0.378458,0.531230,-0.168029
1780385385.896,right,four_fingers,0.845030,0.636213,0.000000,0.827574,0.550153,-0.037711,0.833719,0.446552,-0.059132,0.860881,0.378846,-0.075112,0.891758,0.340709,-0.089744,0.901718,0.410621,-0.047842,0.935567,0.323372,-0.073077,0.961068,0.268693,-0.091300,0.982848,0.231540,-0.103852,0.936018,0.449614,-0.041074,0.976762,0.363297,-0.060556,1.002679,0.308324,-0.071822,1.023506,0.272170,-0.080281,0.955312,0.503376,-0.037671,0.996530,0.447091,-0.055871,1.019381,0.416930,-0.063750,1.035308,0.399218,-0.069405,0.961759,0.566490,-0.037543,0.990909,0.547180,-0.053562,1.002522,0.539022,-0.058323,1.009233,0.537876,-0.060620
1780385386.416,right,four_fingers,0.781547,0.432825,0.000000,0.756251,0.391733,-0.018982,0.748232,0.324299,-0.026080,0.773949,0.269196,-0.031881,0.802771,0.251453,-0.037147,0.733623,0.239133,-0.007117,0.720438,0.168468,-0.015327,0.718636,0.122398,-0.024307,0.720147,0.083208,-0.032050,0.760549,0.219130,-0.006498,0.760321,0.131509,-0.012402,0.765528,0.079316,-0.021262,0.771179,0.035115,-0.028718,0.786545,0.221530,-0.008926,0.789344,0.140762,-0.016548,0.793551,0.090525,-0.026642,0.796901,0.045103,-0.034538,0.811918,0.238711,-0.013577,0.818527,0.177139,-0.020496,0.823762,0.139103,-0.025465,0.828732,0.105007,-0.029809
1780385386.932,right,four_fingers,0.677926,0.451980,0.000000,0.650762,0.433105,-0.008854,0.633848,0.379864,-0.011005,0.645239,0.330771,-0.013138,0.664840,0.312847,-0.015602,0.629520,0.336002,-0.002680,0.611133,0.291864,-0.007469,0.601651,0.262171,-0.012063,0.595840,0.235194,-0.016239,0.646716,0.316417,-0.004046,0.637770,0.258110,-0.007425,0.633720,0.220970,-0.011873,0.631946,0.190337,-0.015534,0.665274,0.311854,-0.007241,0.658728,0.257238,-0.011580,0.653889,0.222529,-0.017096,0.649993,0.193206,-0.021404,0.683845,0.315618,-0.011680,0.681325,0.272395,-0.015337,0.678286,0.244631,-0.017760,0.675258,0.220999,-0.020081
1780385387.437,right,four_fingers,0.627060,0.504272,0.000000,0.600963,0.496584,-0.006100,0.582323,0.458521,-0.006033,0.583839,0.413998,-0.006200,0.595156,0.390578,-0.006372,0.583630,0.425893,0.002281,0.567354,0.395876,-0.000642,0.557246,0.375005,-0.003794,0.549643,0.355739,-0.006841,0.596687,0.407453,0.001234,0.588055,0.366437,-0.001391,0.580760,0.340567,-0.004861,0.574988,0.319546,-0.007488,0.610997,0.399347,-0.001501,0.604694,0.360048,-0.006048,0.596978,0.335632,-0.010468,0.590124,0.316034,-0.013306,0.625424,0.396939,-0.005100,0.621330,0.363786,-0.009605,0.615750,0.342229,-0.012270,0.609732,0.324670,-0.014092
1780385387.973,right,four_fingers,0.587029,0.529083,0.000000,0.562325,0.522279,-0.005623,0.544017,0.488080,-0.006331,0.543528,0.448318,-0.007636,0.553720,0.425605,-0.008915,0.550640,0.441899,0.003594,0.535709,0.415557,-0.000551,0.524932,0.397466,-0.005217,0.516311,0.381684,-0.009029,0.563602,0.425421,0.001766,0.556915,0.383300,-0.001949,0.549113,0.357322,-0.006675,0.541808,0.336637,-0.009889,0.577067,0.419217,-0.001768,0.570611,0.379386,-0.007072,0.562475,0.354582,-0.011775,0.554495,0.335548,-0.014418,0.590871,0.419543,-0.006132,0.587005,0.384382,-0.010767,0.580793,0.362279,-0.012996,0.573429,0.345183,-0.014233
1780385388.486,right,four_fingers,0.579330,0.698471,0.000000,0.554790,0.684882,-0.006367,0.535687,0.646847,-0.010264,0.533146,0.609759,-0.014952,0.545916,0.596749,-0.019573,0.548428,0.571853,-0.000227,0.534934,0.535602,-0.007578,0.522988,0.514342,-0.015483,0.511466,0.497906,-0.021563,0.562496,0.563023,-0.003837,0.558503,0.508704,-0.009938,0.549221,0.477247,-0.016262,0.538914,0.453891,-0.020875,0.575462,0.566802,-0.009188,0.572403,0.514844,-0.015631,0.563140,0.484503,-0.021243,0.552925,0.462979,-0.025005,0.587497,0.579859,-0.015590,0.584925,0.536690,-0.020673,0.578170,0.512528,-0.023212,0.569143,0.496084,-0.025080
1780385389.009,right,four_fingers,0.594351,0.693826,0.000000,0.571055,0.676447,-0.006544,0.552408,0.634796,-0.010141,0.554199,0.597574,-0.014397,0.570020,0.591634,-0.018851,0.565049,0.566567,-0.001429,0.551452,0.529608,-0.008507,0.540358,0.506489,-0.015967,0.530514,0.487513,-0.022022,0.579948,0.556799,-0.004860,0.577307,0.503259,-0.010649,0.570310,0.471341,-0.016752,0.562536,0.445567,-0.021369,0.593744,0.560337,-0.009926,0.592610,0.511215,-0.015988,0.585472,0.480289,-0.021782,0.576836,0.455000,-0.025979,0.606799,0.574594,-0.016054,0.607275,0.535522,-0.020729,0.602694,0.512282,-0.023162,0.595397,0.494489,-0.025251
1780385389.510,right,four_fingers,0.634703,0.660211,0.000000,0.612371,0.640460,-0.006736,0.599235,0.602133,-0.010544,0.607712,0.568687,-0.014733,0.621516,0.556152,-0.019381,0.605758,0.542357,-0.004435,0.593548,0.503610,-0.011245,0.585621,0.477688,-0.017595,0.579595,0.454495,-0.022783,0.622393,0.531612,-0.007623,0.620054,0.478954,-0.013368,0.617704,0.445556,-0.019260,0.615320,0.417996,-0.023699,0.638078,0.534072,-0.012177,0.636680,0.485607,-0.018363,0.633727,0.454750,-0.023757,0.629688,0.427745,-0.027698,0.652962,0.546207,-0.017606,0.654284,0.507253,-0.022853,0.653088,0.482294,-0.025037,0.650051,0.460573,-0.026774
1780385390.021,right,four_fingers,0.662603,0.633977,0.000000,0.643112,0.609665,-0.005845,0.635430,0.566034,-0.007462,0.648026,0.533340,-0.009344,0.662016,0.523456,-0.011642,0.637400,0.518540,-0.001622,0.627201,0.476772,-0.006273,0.622690,0.448833,-0.010765,0.620857,0.425249,-0.014525,0.653920,0.510172,-0.003907,0.652278,0.457102,-0.007487,0.652954,0.424334,-0.012082,0.654714,0.398412,-0.015541,0.669552,0.514739,-0.007515,0.670116,0.466111,-0.012061,0.670296,0.436631,-0.017193,0.670104,0.411424,-0.020980,0.684424,0.527860,-0.011900,0.688206,0.491060,-0.015778,0.689224,0.467901,-0.017864,0.688908,0.447812,-0.019677
1780385390.522,right,four_fingers,0.662721,0.635824,0.000000,0.643257,0.607993,-0.007523,0.635998,0.567768,-0.011900,0.650943,0.544717,-0.016349,0.666744,0.545659,-0.021402,0.651604,0.511624,-0.005335,0.644785,0.468950,-0.012004,0.640731,0.440624,-0.018367,0.638385,0.416762,-0.023547,0.669440,0.509749,-0.007794,0.675325,0.459856,-0.013126,0.677853,0.428320,-0.018882,0.679668,0.401827,-0.023286,0.683723,0.520034,-0.011647,0.691488,0.475887,-0.017314,0.693813,0.445749,-0.022825,0.694347,0.418332,-0.026879,0.695641,0.539480,-0.016428,0.704032,0.505494,-0.021240,0.706731,0.482390,-0.023533,0.706613,0.461003,-0.025366
1780385391.036,right,four_fingers,0.699269,0.671391,0.000000,0.689100,0.631833,-0.009234,0.689129,0.590164,-0.016898,0.702341,0.583974,-0.024731,0.716313,0.601630,-0.032890,0.730444,0.542687,-0.009164,0.735608,0.493792,-0.020029,0.736099,0.462856,-0.030223,0.734009,0.436284,-0.037552,0.746559,0.559830,-0.012962,0.768943,0.518678,-0.020792,0.777748,0.486668,-0.028537,0.781015,0.458433,-0.034280,0.755443,0.586610,-0.018425,0.778857,0.554953,-0.025566,0.786938,0.523978,-0.031135,0.789127,0.495518,-0.035051,0.758745,0.620575,-0.025070,0.776172,0.596337,-0.030488,0.782052,0.574506,-0.031449,0.782319,0.553310,-0.032103
1780385391.546,right,four_fingers,0.723581,0.850123,0.000000,0.718779,0.815135,-0.024716,0.723133,0.787606,-0.045423,0.730051,0.794677,-0.062933,0.736946,0.825596,-0.080411,0.774322,0.793029,-0.041672,0.794019,0.779254,-0.062530,0.795178,0.780566,-0.076147,0.785666,0.779862,-0.083625,0.783181,0.840499,-0.040253,0.815521,0.857628,-0.056437,0.817847,0.873180,-0.064798,0.810168,0.876246,-0.069904,0.779356,0.883645,-0.040546,0.811531,0.914085,-0.056653,0.813909,0.927209,-0.061207,0.807138,0.926509,-0.063146,0.766530,0.919396,-0.042257,0.787404,0.949292,-0.056048,0.789400,0.960644,-0.058077,0.783570,0.959773,-0.058126
1780385392.076,right,four_fingers,0.649394,0.699384,0.000000,0.643741,0.639048,0.000628,0.624403,0.596848,-0.003001,0.600497,0.580541,-0.006082,0.582089,0.573942,-0.010501,0.615377,0.584042,-0.022258,0.591474,0.525064,-0.032365,0.572874,0.497241,-0.036358,0.556941,0.479014,-0.038319,0.605002,0.615845,-0.026681,0.564292,0.576242,-0.036553,0.538247,0.556394,-0.040924,0.518313,0.542707,-0.044043,0.596914,0.649974,-0.029530,0.559924,0.617689,-0.037436,0.539060,0.595154,-0.041338,0.524161,0.578388,-0.043793,0.591043,0.682079,-0.031419,0.560095,0.657287,-0.038383,0.543229,0.641271,-0.040894,0.530743,0.626850,-0.041930
1780385392.589,right,four_fingers,0.613963,0.668908,-0.000000,0.610405,0.616430,0.012852,0.596970,0.578663,0.015445,0.583256,0.554600,0.015601,0.572576,0.541623,0.014217,0.588335,0.556298,-0.004755,0.562182,0.508610,-0.011582,0.543099,0.489557,-0.013381,0.528482,0.480372,-0.013872,0.580768,0.570076,-0.014889,0.552520,0.514012,-0.022349,0.531011,0.495944,-0.023205,0.515136,0.487819,-0.023239,0.572490,0.593331,-0.023612,0.545072,0.540875,-0.030096,0.524980,0.524812,-0.032196,0.510551,0.517430,-0.033493,0.563869,0.623066,-0.030628,0.540948,0.588376,-0.038613,0.525591,0.570407,-0.042178,0.512623,0.556830,-0.044066
1780385393.095,right,four_fingers,0.623531,0.672747,0.000000,0.588881,0.647058,0.004584,0.571235,0.615584,0.001780,0.559985,0.598392,-0.002987,0.554940,0.593587,-0.008399,0.601023,0.555565,-0.003604,0.586521,0.502488,-0.011191,0.569156,0.478331,-0.016042,0.553470,0.463683,-0.019765,0.606076,0.558252,-0.012536,0.585863,0.487098,-0.021873,0.565120,0.467596,-0.026207,0.549134,0.458588,-0.028721,0.605652,0.571972,-0.021334,0.586932,0.505951,-0.029925,0.567294,0.482488,-0.034251,0.552457,0.469788,-0.037000,0.598254,0.593385,-0.029491,0.583409,0.552974,-0.036939,0.569932,0.533267,-0.040442,0.558064,0.518527,-0.043110
1780385393.642,right,four_fingers,0.626995,0.672260,0.000000,0.593919,0.649620,0.003086,0.576423,0.617831,-0.000134,0.565017,0.598183,-0.005277,0.561920,0.594297,-0.010994,0.595350,0.550431,-0.004895,0.586222,0.498889,-0.015175,0.571682,0.474177,-0.023175,0.557258,0.458843,-0.029141,0.603055,0.555826,-0.014438,0.593748,0.493047,-0.026371,0.574561,0.471989,-0.032910,0.557567,0.461383,-0.036825,0.608178,0.571963,-0.024252,0.598679,0.513733,-0.034855,0.579386,0.492236,-0.040113,0.563276,0.480959,-0.043305,0.608583,0.596262,-0.033808,0.598604,0.561858,-0.043207,0.585315,0.543860,-0.047541,0.573253,0.529632,-0.050431
1780385394.151,right,four_fingers,0.626172,0.706461,0.000000,0.617806,0.643870,0.002230,0.596000,0.605472,0.000306,0.572500,0.591787,-0.001622,0.553764,0.585846,-0.004761,0.589553,0.593238,-0.015354,0.566281,0.542153,-0.023631,0.547651,0.516958,-0.027185,0.531746,0.500865,-0.029112,0.578029,0.622814,-0.020449,0.539120,0.590267,-0.028654,0.515586,0.572627,-0.032248,0.497501,0.558354,-0.034799,0.569006,0.656654,-0.024303,0.532161,0.627309,-0.031095,0.510072,0.604337,-0.034772,0.493501,0.584036,-0.037363,0.563105,0.689311,-0.027201,0.533531,0.669210,-0.033139,0.517205,0.654017,-0.034928,0.504727,0.638224,-0.035632
1780385394.692,right,four_fingers,0.456984,0.614512,0.000000,0.481622,0.585752,-0.022143,0.495119,0.540449,-0.028724,0.498215,0.503155,-0.029090,0.500250,0.472973,-0.027256,0.458338,0.491674,-0.024464,0.463450,0.430394,-0.028036,0.472232,0.396109,-0.029811,0.480525,0.370141,-0.029895,0.443300,0.493034,-0.011426,0.435586,0.429734,-0.015184,0.442489,0.393729,-0.015498,0.451511,0.372896,-0.014460,0.438211,0.497653,0.000914,0.432493,0.444691,-0.001449,0.439545,0.412635,-0.003130,0.448155,0.390540,-0.003145,0.439342,0.502120,0.011626,0.437385,0.460762,0.010532,0.441811,0.437824,0.009892,0.448504,0.420998,0.010580
1780385395.222,right,four_fingers,0.444332,0.611015,0.000000,0.465822,0.600506,-0.023577,0.475460,0.565907,-0.031895,0.481969,0.532095,-0.034411,0.493298,0.509026,-0.035160,0.451082,0.498363,-0.025878,0.463876,0.439159,-0.031156,0.475153,0.407525,-0.033642,0.483947,0.384850,-0.034286,0.441350,0.490660,-0.013444,0.447774,0.424277,-0.019579,0.459206,0.391155,-0.020970,0.469597,0.371373,-0.020325,0.438795,0.490475,-0.002032,0.442954,0.433265,-0.006542,0.452225,0.403075,-0.008927,0.461140,0.382114,-0.009087,0.441651,0.494464,0.007683,0.445469,0.448420,0.005968,0.451145,0.422155,0.004744,0.457553,0.403178,0.004773
1780385395.725,right,four_fingers,0.441996,0.601802,0.000000,0.456721,0.588711,-0.017509,0.459864,0.549957,-0.020616,0.466801,0.521320,-0.018703,0.478975,0.507443,-0.015254,0.443826,0.489907,-0.016118,0.450960,0.434769,-0.017889,0.459831,0.407327,-0.018170,0.467310,0.388941,-0.017681,0.439020,0.485306,-0.006254,0.444867,0.426290,-0.008328,0.454526,0.396903,-0.009224,0.464495,0.378192,-0.008853,0.439991,0.490074,0.002628,0.447268,0.444752,-0.000050,0.455702,0.417888,-0.005709,0.464195,0.399105,-0.008911,0.444991,0.501839,0.010370,0.458289,0.477429,0.007438,0.467808,0.467036,0.003246,0.475884,0.463373,0.001017
1780385396.276,right,four_fingers,0.414676,0.600053,0.000000,0.411254,0.582434,-0.024567,0.412045,0.550810,-0.034274,0.423820,0.527306,-0.039468,0.438245,0.517243,-0.043474,0.401819,0.492277,-0.021788,0.404186,0.440957,-0.029701,0.409455,0.410894,-0.036254,0.415801,0.387998,-0.040749,0.410650,0.487447,-0.012910,0.413523,0.434958,-0.019185,0.419951,0.402677,-0.025197,0.427086,0.378955,-0.029627,0.420626,0.490490,-0.006262,0.424070,0.444114,-0.012244,0.429315,0.414146,-0.019458,0.435300,0.389102,-0.024616,0.430751,0.499531,-0.001792,0.435202,0.466525,-0.006515,0.439944,0.444677,-0.011417,0.444701,0.426544,-0.015271
1780385396.810,right,four_fingers,0.397295,0.599215,0.000000,0.391458,0.583406,-0.024131,0.388742,0.552384,-0.035341,0.397694,0.527574,-0.042923,0.409278,0.514317,-0.049508,0.379599,0.493201,-0.020821,0.377637,0.446276,-0.029650,0.380290,0.417541,-0.037529,0.384729,0.393845,-0.043352,0.388005,0.489189,-0.013748,0.386809,0.439907,-0.021438,0.391544,0.407662,-0.028945,0.397516,0.382640,-0.034615,0.397977,0.493946,-0.008986,0.398692,0.448040,-0.016339,0.403279,0.418415,-0.024030,0.408688,0.394691,-0.029464,0.408995,0.504426,-0.006421,0.412194,0.469984,-0.012223,0.415913,0.447642,-0.017397,0.419899,0.429304,-0.021486
1780385397.316,right,four_fingers,0.370536,0.607336,0.000000,0.362231,0.587739,-0.018431,0.355978,0.556043,-0.027574,0.362590,0.531730,-0.034288,0.371718,0.519181,-0.040212,0.344034,0.505304,-0.015745,0.339441,0.457627,-0.023782,0.340169,0.428628,-0.030883,0.342343,0.404837,-0.036146,0.352673,0.500961,-0.011579,0.348595,0.451860,-0.018379,0.351879,0.420080,-0.024909,0.356326,0.396334,-0.029821,0.363433,0.504746,-0.009364,0.361414,0.459006,-0.015963,0.364922,0.429679,-0.022484,0.368882,0.406441,-0.027166,0.375864,0.514427,-0.008921,0.378616,0.481099,-0.014201,0.381923,0.460607,-0.018238,0.385070,0.444624,-0.021420
1780385398.132,right,four_fingers,0.377059,0.721202,0.000000,0.385828,0.704081,-0.027150,0.385878,0.675094,-0.043472,0.387358,0.643606,-0.056262,0.393038,0.614772,-0.068371,0.339356,0.622116,-0.033243,0.325598,0.569063,-0.051195,0.326898,0.522765,-0.064800,0.332399,0.486564,-0.073185,0.334451,0.610944,-0.026980,0.318828,0.556475,-0.044238,0.320360,0.507558,-0.056123,0.327242,0.470721,-0.063274,0.336696,0.605804,-0.022568,0.323863,0.557789,-0.036755,0.326589,0.516967,-0.045070,0.333862,0.485172,-0.049408,0.343184,0.605150,-0.020396,0.336142,0.567789,-0.029998,0.336505,0.537045,-0.034627,0.340460,0.512941,-0.036993
1780385398.727,right,four_fingers,0.579647,0.713114,0.000000,0.610799,0.680118,-0.012023,0.631817,0.639490,-0.021228,0.632921,0.597616,-0.027146,0.625098,0.564819,-0.032801,0.601585,0.604058,-0.034738,0.609144,0.526713,-0.047970,0.610124,0.479101,-0.053813,0.609236,0.441555,-0.056613,0.573989,0.602653,-0.032706,0.566043,0.521709,-0.046226,0.560718,0.471517,-0.051635,0.556176,0.434039,-0.054395,0.553075,0.603914,-0.029730,0.543865,0.532971,-0.040118,0.542346,0.486733,-0.044339,0.542251,0.451797,-0.046181,0.540223,0.607748,-0.026961,0.532989,0.549448,-0.034790,0.530724,0.514797,-0.037271,0.530859,0.486416,-0.037649
1780385399.292,right,four_fingers,0.615098,0.609739,-0.000000,0.589601,0.557700,0.005230,0.588341,0.512904,0.003740,0.587747,0.486048,0.000622,0.584157,0.466550,-0.003343,0.623886,0.472986,-0.004978,0.619592,0.409462,-0.013773,0.608983,0.369499,-0.019660,0.597335,0.341630,-0.023688,0.626763,0.479465,-0.013721,0.620858,0.400472,-0.022894,0.605859,0.360994,-0.028124,0.591066,0.334724,-0.031609,0.621476,0.493190,-0.022180,0.614988,0.416502,-0.031382,0.601067,0.377170,-0.037602,0.588003,0.350521,-0.041810,0.607599,0.509903,-0.029780,0.598817,0.462556,-0.038855,0.587976,0.434618,-0.044056,0.577267,0.412023,-0.047704
1780385399.800,right,four_fingers,0.621097,0.614905,0.000000,0.589104,0.608492,-0.010075,0.560493,0.570728,-0.015496,0.553227,0.527817,-0.020776,0.564559,0.518658,-0.026429,0.571927,0.476879,-0.006457,0.552724,0.429506,-0.014556,0.539983,0.397557,-0.022427,0.530498,0.368991,-0.029176,0.592290,0.459906,-0.009668,0.582851,0.393837,-0.016960,0.575958,0.352361,-0.024169,0.570040,0.317523,-0.029653,0.612565,0.457998,-0.014671,0.605198,0.395827,-0.022916,0.597735,0.355468,-0.029597,0.590217,0.321278,-0.034310,0.633144,0.467839,-0.020855,0.629822,0.416360,-0.027641,0.626130,0.385294,-0.030502,0.620987,0.358877,-0.032721
1780385400.328,right,four_fingers,0.619938,0.707816,0.000000,0.580600,0.702876,-0.012790,0.546338,0.675707,-0.020739,0.533234,0.638216,-0.028625,0.544457,0.624772,-0.036730,0.553421,0.561299,-0.005486,0.527812,0.513860,-0.015460,0.511915,0.483253,-0.025731,0.499331,0.457309,-0.033909,0.574331,0.536206,-0.008807,0.558876,0.463475,-0.016578,0.548264,0.418666,-0.024774,0.539226,0.381324,-0.030968,0.597292,0.529328,-0.014724,0.584625,0.461176,-0.023360,0.574901,0.417536,-0.030505,0.565723,0.381551,-0.035519,0.622127,0.536979,-0.022299,0.617746,0.482298,-0.028965,0.613169,0.448586,-0.031477,0.607447,0.419773,-0.033472
1780385400.833,right,four_fingers,0.514736,0.814943,0.000000,0.471985,0.817743,-0.014506,0.435173,0.792058,-0.024175,0.411682,0.754850,-0.033806,0.415548,0.745873,-0.043660,0.433940,0.658836,-0.005735,0.405347,0.613314,-0.018142,0.383572,0.586132,-0.031474,0.363890,0.561906,-0.042403,0.453323,0.633102,-0.010131,0.432832,0.561844,-0.020364,0.414062,0.521349,-0.031341,0.396407,0.488141,-0.039906,0.474743,0.628172,-0.017388,0.459730,0.558171,-0.028033,0.443339,0.515962,-0.036968,0.426938,0.481579,-0.043773,0.497789,0.640601,-0.026576,0.487943,0.589269,-0.035361,0.476568,0.559312,-0.039203,0.463673,0.534369,-0.042453
1780385401.368,right,four_fingers,0.451212,0.879120,0.000000,0.388772,0.858203,0.017414,0.359708,0.815871,0.016293,0.341952,0.810102,0.008705,0.333002,0.833462,-0.001253,0.364758,0.731582,0.007411,0.330283,0.676347,-0.002210,0.302728,0.650471,-0.009515,0.277752,0.633722,-0.015865,0.374871,0.730436,-0.014015,0.337277,0.656294,-0.028069,0.304065,0.618729,-0.037867,0.275683,0.593241,-0.045108,0.384327,0.748664,-0.034824,0.349940,0.676770,-0.047512,0.319634,0.640753,-0.056271,0.293687,0.614354,-0.063067,0.389603,0.781491,-0.054169,0.370006,0.732319,-0.063481,0.353951,0.702545,-0.067604,0.339185,0.677410,-0.071946
1780385401.886,right,four_fingers,0.479602,0.858376,0.000000,0.466918,0.772370,0.013926,0.441756,0.711166,0.010723,0.411105,0.677403,0.006016,0.384425,0.667225,-0.001620,0.433627,0.684155,-0.031957,0.390296,0.591913,-0.049943,0.361011,0.543813,-0.056908,0.336964,0.509922,-0.059946,0.424129,0.719376,-0.046727,0.374646,0.620730,-0.064880,0.335331,0.577220,-0.070839,0.305881,0.549269,-0.074767,0.412984,0.766792,-0.058066,0.369940,0.676431,-0.074666,0.335808,0.629185,-0.084218,0.312260,0.596803,-0.090222,0.401433,0.820049,-0.066181,0.359843,0.768746,-0.082660,0.332900,0.739563,-0.090488,0.310350,0.714973,-0.095104
1780385402.434,right,four_fingers,0.549591,0.786124,0.000001,0.582338,0.708159,-0.017698,0.598809,0.621292,-0.033110,0.585206,0.554469,-0.043036,0.558078,0.539855,-0.053400,0.553497,0.625175,-0.065687,0.541112,0.503729,-0.087964,0.528567,0.429863,-0.095377,0.517110,0.373064,-0.098125,0.515504,0.649643,-0.064174,0.479425,0.526001,-0.088875,0.457496,0.449300,-0.095962,0.441116,0.393268,-0.098617,0.485864,0.669955,-0.060043,0.452320,0.565199,-0.078330,0.435022,0.493333,-0.084526,0.423721,0.439333,-0.086584,0.466914,0.687074,-0.055869,0.436729,0.603080,-0.067524,0.423423,0.553947,-0.070128,0.416734,0.516897,-0.070202
1780385402.980,right,four_fingers,0.719601,0.733577,0.000000,0.753149,0.673826,-0.000198,0.772755,0.601165,-0.008877,0.771670,0.532934,-0.016688,0.763487,0.482799,-0.026978,0.776286,0.589726,-0.043306,0.799591,0.483854,-0.062459,0.807260,0.416641,-0.070634,0.811347,0.362278,-0.075049,0.746213,0.594695,-0.052303,0.757753,0.480050,-0.070484,0.755536,0.403389,-0.077483,0.752418,0.346214,-0.082967,0.712553,0.602442,-0.058921,0.720456,0.494540,-0.074762,0.721792,0.422866,-0.082431,0.722959,0.370782,-0.087961,0.678603,0.612915,-0.063980,0.678396,0.529451,-0.079552,0.677683,0.477008,-0.085956,0.678050,0.432234,-0.089776
1780385403.484,right,four_fingers,0.792155,0.702924,0.000000,0.820878,0.644196,0.008631,0.844197,0.579196,0.003394,0.861740,0.528304,-0.002578,0.873822,0.491345,-0.010420,0.858194,0.569425,-0.034008,0.881601,0.476884,-0.053769,0.885170,0.413731,-0.063215,0.885665,0.364902,-0.068670,0.841593,0.581307,-0.047739,0.865107,0.481080,-0.069717,0.864937,0.405745,-0.078162,0.861118,0.350113,-0.083883,0.815944,0.593737,-0.058705,0.836668,0.499338,-0.077138,0.838813,0.430151,-0.084577,0.839644,0.378459,-0.089464,0.784808,0.604156,-0.067327,0.790404,0.531478,-0.084967,0.790504,0.482943,-0.091850,0.790815,0.436344,-0.095937
1780385404.014,right,four_fingers,0.753176,0.683152,0.000000,0.730309,0.625936,-0.001373,0.727112,0.559321,-0.002674,0.728722,0.519071,-0.006408,0.726513,0.509449,-0.011263,0.779463,0.491011,0.005157,0.781588,0.426756,-0.001501,0.780108,0.382223,-0.009481,0.777812,0.344186,-0.016682,0.796469,0.500283,-0.004017,0.817136,0.425965,-0.010494,0.822497,0.373863,-0.018466,0.823113,0.331552,-0.025166,0.805701,0.523172,-0.014996,0.830766,0.455412,-0.023217,0.833599,0.401956,-0.032660,0.830691,0.359319,-0.039972,0.807681,0.554167,-0.026626,0.822280,0.502366,-0.034972,0.822275,0.461352,-0.040951,0.816880,0.425490,-0.045945
1780385404.536,right,four_fingers,0.717455,0.696766,0.000000,0.681745,0.662806,-0.010688,0.656301,0.605210,-0.017398,0.655995,0.555909,-0.024255,0.670263,0.554245,-0.031806,0.687576,0.515590,-0.007927,0.673983,0.454398,-0.018181,0.666078,0.413245,-0.027832,0.661570,0.377706,-0.035725,0.714324,0.508308,-0.012464,0.716121,0.428724,-0.021448,0.716541,0.377787,-0.030084,0.717121,0.335424,-0.036526,0.738194,0.518633,-0.018988,0.741656,0.446046,-0.028944,0.742171,0.397057,-0.036983,0.741478,0.355843,-0.042468,0.760327,0.542618,-0.026714,0.768075,0.484288,-0.034606,0.770510,0.446089,-0.037806,0.770332,0.412317,-0.040210
1780385405.049,right,four_fingers,0.703239,0.724603,0.000000,0.664116,0.697996,-0.014498,0.632867,0.643427,-0.022417,0.638185,0.596014,-0.029691,0.663416,0.600264,-0.037526,0.655459,0.542761,-0.011181,0.638581,0.477911,-0.020916,0.629911,0.435108,-0.030205,0.624883,0.397691,-0.038310,0.681940,0.527408,-0.013735,0.677897,0.445201,-0.021579,0.676551,0.395292,-0.029346,0.676197,0.353673,-0.035396,0.707199,0.531865,-0.018588,0.705800,0.456198,-0.027506,0.703736,0.408234,-0.035268,0.701606,0.368350,-0.040873,0.732776,0.551873,-0.025146,0.737533,0.493530,-0.032667,0.739148,0.456061,-0.036046,0.739677,0.423034,-0.038737
1780385418.747,right,four_fingers,0.519854,0.925116,-0.000000,0.498563,0.899345,-0.004509,0.487009,0.848022,-0.006887,0.484927,0.809245,-0.010410,0.485814,0.782306,-0.012036,0.499554,0.793468,-0.000361,0.487482,0.749049,-0.011954,0.479981,0.777885,-0.018556,0.480441,0.803015,-0.020898,0.513302,0.794398,-0.002912,0.500536,0.752057,-0.013953,0.491831,0.781818,-0.016087,0.493038,0.804732,-0.014355,0.526295,0.805308,-0.007290,0.516015,0.769081,-0.016895,0.506270,0.793289,-0.013195,0.506766,0.812325,-0.007766,0.537784,0.822946,-0.012357,0.530298,0.792731,-0.016637,0.520453,0.804214,-0.012233,0.519211,0.818136,-0.007060
1780385419.282,right,four_fingers,0.626521,0.620304,0.000000,0.601483,0.609271,-0.009822,0.579793,0.588120,-0.017008,0.568234,0.566997,-0.024093,0.567580,0.555435,-0.031576,0.597022,0.503709,-0.009338,0.583461,0.459147,-0.018394,0.573699,0.432626,-0.026416,0.565428,0.408363,-0.032484,0.611768,0.494232,-0.012381,0.606010,0.435911,-0.020101,0.599967,0.399685,-0.027131,0.595112,0.369182,-0.032316,0.626047,0.497160,-0.017011,0.625774,0.441702,-0.025091,0.623677,0.405976,-0.030650,0.621773,0.375977,-0.034461,0.639277,0.509328,-0.022700,0.641293,0.466869,-0.029330,0.641541,0.438502,-0.031383,0.640961,0.413437,-0.032776
1780385419.813,right,four_fingers,0.636527,0.645328,0.000000,0.610915,0.637960,-0.012469,0.587236,0.617806,-0.022197,0.575841,0.593661,-0.031334,0.582054,0.581429,-0.040681,0.601338,0.518055,-0.013769,0.586391,0.468495,-0.024591,0.576461,0.437860,-0.033716,0.568871,0.411068,-0.040689,0.619992,0.506534,-0.016410,0.614918,0.442809,-0.025726,0.611648,0.403930,-0.033222,0.609043,0.371853,-0.038658,0.637688,0.509608,-0.020835,0.637391,0.448536,-0.030686,0.637607,0.410216,-0.036583,0.637700,0.377279,-0.040492,0.653902,0.523971,-0.026453,0.656157,0.477785,-0.034609,0.657939,0.448230,-0.037157,0.659010,0.421011,-0.038775
1780385420.341,right,four_fingers,0.644149,0.641885,0.000000,0.618161,0.628001,-0.011866,0.595158,0.604723,-0.021127,0.584004,0.578737,-0.030060,0.592279,0.572604,-0.039340,0.613859,0.510642,-0.011117,0.601199,0.461997,-0.020670,0.593491,0.431160,-0.029174,0.588459,0.403803,-0.035858,0.632489,0.501579,-0.013810,0.630355,0.437681,-0.022009,0.627932,0.398375,-0.029102,0.626039,0.367018,-0.034375,0.650011,0.505943,-0.018339,0.652336,0.447137,-0.027254,0.652524,0.409300,-0.033228,0.652349,0.378395,-0.037224,0.665751,0.520716,-0.024073,0.670840,0.474238,-0.031167,0.674154,0.445171,-0.033480,0.676156,0.419555,-0.035103
1780385420.865,right,four_fingers,0.670211,0.620590,0.000000,0.646495,0.590146,0.006661,0.637437,0.553907,0.006572,0.628704,0.534202,0.003285,0.619623,0.528385,-0.001231,0.654639,0.488843,0.006271,0.651017,0.437966,0.002205,0.646286,0.407410,-0.002247,0.642005,0.380746,-0.006471,0.660905,0.490584,-0.004122,0.659233,0.429604,-0.007532,0.656570,0.390209,-0.011927,0.654540,0.358000,-0.016375,0.664505,0.502468,-0.015000,0.667895,0.441529,-0.018644,0.668634,0.403317,-0.023090,0.669514,0.371820,-0.027936,0.665252,0.520026,-0.025742,0.668860,0.481619,-0.029984,0.668404,0.454055,-0.032901,0.667220,0.428551,-0.036347
1780385421.396,right,four_fingers,0.679593,0.603014,0.000000,0.687886,0.552736,0.009210,0.683606,0.507478,0.010145,0.674494,0.478627,0.009458,0.665674,0.460976,0.007175,0.682185,0.488764,-0.007114,0.674142,0.423107,-0.012370,0.667357,0.388159,-0.013750,0.660823,0.362603,-0.013891,0.670021,0.495586,-0.014980,0.661906,0.424019,-0.019048,0.653789,0.385713,-0.020138,0.647611,0.357196,-0.020715,0.656392,0.508985,-0.021311,0.649827,0.443445,-0.024016,0.645091,0.406372,-0.026330,0.642965,0.379165,-0.028343,0.642190,0.528046,-0.026310,0.633742,0.482881,-0.029389,0.629484,0.455540,-0.030110,0.627010,0.432439,-0.030402
1780385421.924,right,four_fingers,0.625472,0.617496,0.000000,0.653165,0.569793,0.002613,0.665583,0.521619,0.000432,0.654782,0.483850,-0.002033,0.643400,0.460562,-0.006093,0.645376,0.485771,-0.016645,0.649956,0.405027,-0.024949,0.650406,0.357145,-0.027294,0.648849,0.322786,-0.027706,0.622740,0.488391,-0.021969,0.618993,0.400559,-0.030607,0.613130,0.346994,-0.033785,0.607965,0.308380,-0.035204,0.602300,0.499113,-0.025858,0.597196,0.421188,-0.032568,0.594647,0.371746,-0.036751,0.594048,0.335151,-0.039201,0.584274,0.516735,-0.028698,0.574578,0.458855,-0.034755,0.569562,0.423916,-0.036908,0.566289,0.394812,-0.037359
1780385422.429,right,four_fingers,0.544271,0.795056,0.000000,0.589199,0.756925,-0.011536,0.616093,0.698940,-0.019303,0.612684,0.644732,-0.023803,0.592175,0.627096,-0.029360,0.579621,0.647700,-0.036403,0.594241,0.553566,-0.049585,0.599778,0.494625,-0.055564,0.603185,0.449076,-0.059129,0.548050,0.643457,-0.036127,0.550123,0.537614,-0.050342,0.549951,0.471054,-0.057506,0.548845,0.420972,-0.062251,0.522544,0.647571,-0.034701,0.522644,0.553271,-0.046659,0.524137,0.491704,-0.055538,0.525381,0.444915,-0.061360,0.503583,0.658274,-0.033131,0.498671,0.587614,-0.043552,0.495164,0.543323,-0.049891,0.491958,0.506584,-0.053807
1780385422.952,right,four_fingers,0.554571,0.901107,0.000000,0.600024,0.855880,-0.009256,0.626715,0.794756,-0.015922,0.622088,0.736648,-0.018966,0.602217,0.713276,-0.022396,0.586382,0.742776,-0.034963,0.598646,0.646364,-0.046413,0.601143,0.586198,-0.050261,0.600870,0.541916,-0.051959,0.552950,0.739926,-0.034031,0.552568,0.625182,-0.047044,0.550345,0.557106,-0.051658,0.546729,0.510464,-0.053902,0.526840,0.745263,-0.031496,0.521655,0.648920,-0.041392,0.519985,0.588481,-0.047579,0.518485,0.544969,-0.051074,0.508079,0.758576,-0.028602,0.499256,0.685567,-0.035951,0.494267,0.643428,-0.039578,0.491095,0.609638,-0.041225
1780385423.453,right,four_fingers,0.551217,0.867780,0.000000,0.592446,0.815544,-0.011540,0.614787,0.754767,-0.018421,0.605995,0.705218,-0.021992,0.586753,0.687720,-0.025982,0.573528,0.706048,-0.030259,0.582498,0.613688,-0.041394,0.583803,0.555953,-0.047027,0.583476,0.512305,-0.050303,0.541178,0.706362,-0.028802,0.537994,0.599917,-0.038976,0.534659,0.534779,-0.044783,0.531611,0.487373,-0.048899,0.516866,0.714991,-0.026531,0.512013,0.619896,-0.034542,0.509698,0.561297,-0.042245,0.508651,0.516801,-0.047850,0.500408,0.729440,-0.024361,0.490362,0.663597,-0.032324,0.483757,0.621900,-0.037805,0.478183,0.586248,-0.041162
1780385423.976,right,four_fingers,0.525132,0.845611,0.000000,0.567005,0.796700,-0.009692,0.587864,0.738035,-0.014493,0.580477,0.691338,-0.016758,0.561754,0.677133,-0.019558,0.546808,0.676910,-0.022853,0.554839,0.592216,-0.031896,0.556545,0.539889,-0.037615,0.556167,0.499187,-0.041615,0.516688,0.678993,-0.022156,0.512619,0.584935,-0.030615,0.508503,0.527930,-0.036936,0.504088,0.486340,-0.041907,0.493049,0.690464,-0.020987,0.486466,0.603479,-0.028191,0.481928,0.549007,-0.036221,0.478150,0.506280,-0.042375,0.475811,0.708268,-0.019916,0.465279,0.646237,-0.027261,0.458833,0.607006,-0.032706,0.454088,0.572796,-0.036381
1780385424.505,right,four_fingers,0.456172,0.829262,0.000000,0.480632,0.768521,-0.002119,0.494310,0.704158,-0.007363,0.492994,0.655252,-0.012417,0.486834,0.634858,-0.019080,0.465817,0.669140,-0.022844,0.461383,0.584879,-0.034430,0.455732,0.531369,-0.040444,0.450502,0.489755,-0.044084,0.440115,0.678510,-0.028784,0.424968,0.583437,-0.039487,0.413233,0.522694,-0.045591,0.403248,0.475650,-0.050089,0.417000,0.696597,-0.033661,0.404209,0.608653,-0.043051,0.396073,0.551336,-0.050380,0.390074,0.507369,-0.055634,0.396822,0.720738,-0.037986,0.381924,0.658095,-0.047170,0.372624,0.619208,-0.051679,0.365022,0.586773,-0.054335
1780385425.013,right,four_fingers,0.344279,0.842873,0.000000,0.346815,0.768925,0.005576,0.333280,0.703723,0.003297,0.311136,0.663490,-0.000169,0.291375,0.641812,-0.005437,0.330497,0.681624,-0.017943,0.305181,0.604212,-0.029813,0.289108,0.560977,-0.035769,0.274878,0.527426,-0.038900,0.314621,0.704754,-0.027652,0.284037,0.620022,-0.038317,0.261588,0.568963,-0.044049,0.243141,0.529029,-0.048298,0.297090,0.737220,-0.035931,0.271290,0.656896,-0.045787,0.253440,0.606164,-0.053176,0.240545,0.567078,-0.058237,0.279240,0.775751,-0.042723,0.254601,0.721800,-0.052168,0.239538,0.689028,-0.056614,0.227590,0.660848,-0.059282
1780385425.542,right,four_fingers,0.337654,0.854043,0.000000,0.330141,0.786856,0.015372,0.312941,0.738551,0.016891,0.294015,0.711752,0.015659,0.277046,0.701855,0.012202,0.307478,0.709302,-0.010060,0.276493,0.641521,-0.019566,0.257309,0.610736,-0.022910,0.242111,0.587391,-0.024621,0.300908,0.728241,-0.023640,0.262708,0.647848,-0.033319,0.237768,0.607438,-0.036741,0.218298,0.572325,-0.039443,0.290700,0.757989,-0.035144,0.258427,0.672860,-0.044964,0.237309,0.628500,-0.051370,0.221970,0.592273,-0.055965,0.278401,0.794062,-0.044142,0.252096,0.742405,-0.056220,0.235139,0.711488,-0.062328,0.220267,0.683781,-0.066254
1780385426.084,right,four_fingers,0.409331,0.823722,0.000000,0.370488,0.798735,0.004548,0.357012,0.762374,0.002730,0.346827,0.747428,-0.001374,0.338794,0.754284,-0.006757,0.379137,0.677651,0.000864,0.359285,0.620044,-0.005604,0.345940,0.581473,-0.011808,0.334883,0.551081,-0.016911,0.383349,0.680142,-0.008156,0.356831,0.615622,-0.013353,0.340387,0.574838,-0.018860,0.327277,0.540391,-0.024042,0.383053,0.695623,-0.017318,0.359567,0.629874,-0.022201,0.345327,0.590796,-0.027975,0.335455,0.557963,-0.033476,0.376692,0.719707,-0.026300,0.363332,0.682042,-0.031829,0.353545,0.656073,-0.035915,0.345752,0.630340,-0.039904
1780385426.624,right,four_fingers,0.513082,0.848574,0.000000,0.480426,0.816047,-0.017469,0.457242,0.780328,-0.031973,0.440402,0.748501,-0.046483,0.444177,0.747203,-0.060933,0.481965,0.671648,-0.011797,0.469813,0.614372,-0.026802,0.457764,0.577183,-0.040078,0.447113,0.548502,-0.049808,0.501426,0.669220,-0.015306,0.501289,0.600396,-0.027434,0.496117,0.557080,-0.037077,0.491102,0.520270,-0.043770,0.518641,0.684052,-0.021888,0.521968,0.629496,-0.033403,0.520926,0.597469,-0.038260,0.519569,0.571968,-0.041075,0.532162,0.712673,-0.030758,0.535280,0.674340,-0.037806,0.534223,0.651324,-0.037915,0.532769,0.631843,-0.037982
1780385427.132,right,four_fingers,0.601797,0.882101,0.000000,0.569968,0.841628,-0.016945,0.544773,0.796353,-0.031453,0.544084,0.771304,-0.045347,0.566197,0.784593,-0.060116,0.583969,0.694388,-0.020693,0.573847,0.622561,-0.036070,0.567123,0.579643,-0.048854,0.562705,0.541617,-0.058621,0.611314,0.696312,-0.024762,0.617421,0.612185,-0.036774,0.620684,0.560055,-0.047040,0.624433,0.516533,-0.054634,0.634288,0.718204,-0.031099,0.645800,0.638730,-0.043301,0.651340,0.590155,-0.051403,0.656026,0.548898,-0.056818,0.652758,0.754945,-0.039093,0.665529,0.698003,-0.048884,0.673379,0.663045,-0.051426,0.680006,0.631169,-0.052995
1780385427.668,right,four_fingers,0.627200,0.896421,0.000000,0.597440,0.858230,-0.019000,0.575112,0.809841,-0.033424,0.581994,0.783552,-0.046470,0.607107,0.792163,-0.060305,0.618826,0.704324,-0.023023,0.613733,0.633115,-0.037280,0.610954,0.587497,-0.049456,0.610690,0.547270,-0.059378,0.648830,0.704977,-0.026036,0.662072,0.618954,-0.037357,0.671145,0.566753,-0.047562,0.679777,0.522617,-0.055671,0.671596,0.728336,-0.031284,0.689996,0.651308,-0.043618,0.700930,0.602167,-0.052957,0.709778,0.558546,-0.059882,0.688217,0.767383,-0.038226,0.706432,0.712319,-0.048945,0.717553,0.678365,-0.052749,0.726241,0.644957,-0.055682
1780385428.208,right,four_fingers,0.628665,0.904337,0.000000,0.599970,0.861968,-0.018285,0.579180,0.811919,-0.032324,0.588186,0.792862,-0.045239,0.612737,0.801034,-0.058878,0.622729,0.705901,-0.020593,0.619036,0.633443,-0.034779,0.617471,0.587644,-0.047275,0.618519,0.548721,-0.057118,0.653451,0.708147,-0.023848,0.668856,0.622120,-0.033999,0.679406,0.571746,-0.043781,0.689474,0.530322,-0.051628,0.676758,0.733206,-0.029529,0.696827,0.655987,-0.040620,0.708878,0.608702,-0.049360,0.718886,0.567193,-0.056019,0.693782,0.773852,-0.036969,0.713353,0.720326,-0.046515,0.725519,0.687475,-0.049418,0.735430,0.655666,-0.051732
1780385428.730,right,four_fingers,0.620137,0.906627,0.000000,0.591888,0.865102,-0.018995,0.570153,0.814672,-0.033943,0.575517,0.791640,-0.047640,0.598913,0.802235,-0.062210,0.614687,0.710694,-0.022723,0.611283,0.638386,-0.037661,0.609367,0.592243,-0.050507,0.609972,0.553136,-0.060648,0.645165,0.714147,-0.025945,0.660778,0.628458,-0.037156,0.671330,0.577636,-0.047484,0.681374,0.535809,-0.055701,0.668222,0.739827,-0.031515,0.688941,0.663494,-0.043816,0.701749,0.615210,-0.053306,0.712411,0.573031,-0.060417,0.684912,0.780696,-0.038752,0.704605,0.727409,-0.049300,0.717166,0.695041,-0.052674,0.727571,0.663648,-0.055336
1780385429.297,right,four_fingers,0.612306,0.895989,0.000000,0.585907,0.854077,-0.018580,0.562755,0.805176,-0.033802,0.563523,0.779018,-0.047924,0.586797,0.796036,-0.062811,0.608790,0.703953,-0.021728,0.605796,0.630805,-0.037277,0.602524,0.586039,-0.050378,0.601443,0.548430,-0.060453,0.637909,0.710567,-0.024784,0.653678,0.627750,-0.036744,0.663202,0.577708,-0.047073,0.672769,0.534755,-0.055056,0.659695,0.737996,-0.030308,0.680892,0.663970,-0.043536,0.693093,0.617386,-0.052901,0.703396,0.576119,-0.059431,0.675592,0.779334,-0.037436,0.695728,0.728329,-0.048575,0.707629,0.696485,-0.052344,0.717351,0.664684,-0.055045
1780385429.804,right,four_fingers,0.613411,0.840205,0.000000,0.591730,0.788288,-0.013601,0.577943,0.735113,-0.026394,0.570010,0.697154,-0.039111,0.574063,0.697011,-0.052848,0.627166,0.660153,-0.018248,0.628593,0.592544,-0.033862,0.625848,0.548584,-0.047024,0.623693,0.509076,-0.057049,0.645941,0.673136,-0.023831,0.663026,0.600932,-0.037595,0.671065,0.550270,-0.049419,0.678067,0.507480,-0.058237,0.658131,0.701840,-0.031276,0.680133,0.636841,-0.044817,0.692067,0.590238,-0.054731,0.701730,0.550039,-0.061813,0.664041,0.740713,-0.039923,0.683449,0.697592,-0.051229,0.694298,0.663799,-0.056139,0.703575,0.631202,-0.059844
1780385430.308,right,four_fingers,0.614115,0.784052,0.000000,0.596145,0.739597,-0.011651,0.585370,0.689231,-0.022343,0.577876,0.653171,-0.033020,0.579725,0.647057,-0.044612,0.634542,0.625134,-0.016178,0.639097,0.563319,-0.030225,0.636694,0.521125,-0.042229,0.634062,0.483478,-0.051423,0.647685,0.634579,-0.021071,0.664591,0.566945,-0.033814,0.671385,0.518550,-0.044752,0.676900,0.477374,-0.052878,0.655006,0.657807,-0.027528,0.675512,0.598031,-0.039824,0.685856,0.553256,-0.049777,0.693691,0.514976,-0.057005,0.657105,0.690107,-0.035021,0.672863,0.652480,-0.045769,0.680315,0.619387,-0.051506,0.685883,0.587676,-0.055909
1780385430.821,right,four_fingers,0.596505,0.781873,0.000000,0.569115,0.715243,0.010633,0.567112,0.662564,0.011481,0.560731,0.631323,0.008964,0.552887,0.620185,0.005014,0.608874,0.617562,0.004559,0.611080,0.551951,-0.002961,0.608038,0.509092,-0.009955,0.603783,0.473039,-0.015537,0.614970,0.629579,-0.007664,0.619285,0.553847,-0.014191,0.620460,0.506302,-0.019096,0.621019,0.466245,-0.023719,0.614647,0.648090,-0.019881,0.622862,0.575335,-0.025124,0.626721,0.531261,-0.028675,0.630939,0.493960,-0.032902,0.607782,0.666879,-0.031539,0.614069,0.623776,-0.037640,0.617274,0.591934,-0.040970,0.621194,0.561521,-0.044515
1780385431.339,right,four_fingers,0.557531,0.794152,0.000000,0.551393,0.721621,0.013103,0.551768,0.662012,0.013097,0.547098,0.619900,0.009623,0.541462,0.581848,0.004482,0.579787,0.641702,-0.002987,0.576111,0.563486,-0.014009,0.571144,0.509875,-0.020914,0.564890,0.465021,-0.026328,0.577712,0.649148,-0.018572,0.576213,0.553439,-0.029444,0.571630,0.496023,-0.036414,0.566375,0.446588,-0.042017,0.566778,0.664926,-0.033037,0.570408,0.571428,-0.044533,0.568333,0.521675,-0.051826,0.566599,0.478015,-0.057724,0.547717,0.684281,-0.045788,0.549586,0.637869,-0.059798,0.548856,0.603534,-0.067251,0.548382,0.570078,-0.072586
1780385431.852,right,four_fingers,0.485686,0.781986,0.000000,0.497837,0.718507,0.005796,0.496679,0.661359,0.002117,0.485991,0.619906,-0.003178,0.471070,0.598298,-0.010484,0.499042,0.645009,-0.017507,0.495519,0.559376,-0.029722,0.490510,0.510105,-0.035733,0.485703,0.470575,-0.038948,0.484116,0.657552,-0.027908,0.479768,0.566067,-0.038793,0.473215,0.509823,-0.043980,0.468031,0.463937,-0.047682,0.464902,0.675908,-0.037014,0.463036,0.590373,-0.047352,0.459710,0.537634,-0.053975,0.457875,0.495538,-0.058546,0.443237,0.698981,-0.044667,0.436246,0.642488,-0.054415,0.430684,0.606537,-0.058304,0.425699,0.574368,-0.060716
1780385432.360,right,four_fingers,0.389804,0.802596,0.000000,0.409275,0.736523,0.001896,0.406497,0.677023,-0.002278,0.391738,0.635182,-0.006753,0.377136,0.612813,-0.013153,0.399088,0.658593,-0.025641,0.391420,0.570220,-0.038531,0.385320,0.519575,-0.043997,0.379090,0.479765,-0.046631,0.374751,0.674295,-0.032255,0.360133,0.585392,-0.044140,0.348384,0.528020,-0.049372,0.339037,0.485549,-0.053104,0.351605,0.695797,-0.037346,0.335776,0.617735,-0.047240,0.325934,0.564687,-0.054179,0.319348,0.526096,-0.058949,0.331958,0.720475,-0.041297,0.315491,0.661493,-0.050923,0.305278,0.624144,-0.056339,0.297104,0.592762,-0.059648
1780385432.897,right,four_fingers,0.324058,0.808633,0.000000,0.347405,0.739582,-0.001342,0.349969,0.676013,-0.004912,0.332937,0.638416,-0.006859,0.314628,0.635968,-0.009975,0.318306,0.662653,-0.028319,0.309101,0.576370,-0.039330,0.299744,0.527021,-0.043376,0.291154,0.492321,-0.045178,0.291002,0.683572,-0.031270,0.267484,0.592937,-0.042122,0.251382,0.539499,-0.046143,0.238801,0.503343,-0.048667,0.269834,0.706212,-0.032370,0.245689,0.628036,-0.040558,0.232054,0.578516,-0.046362,0.222734,0.542575,-0.050259,0.256243,0.730813,-0.032518,0.232449,0.675603,-0.039129,0.218931,0.643618,-0.042568,0.208457,0.616050,-0.044535
1780385433.439,right,four_fingers,0.322615,0.771990,0.000000,0.351484,0.717679,-0.008234,0.362618,0.660160,-0.012157,0.355516,0.624054,-0.014937,0.341257,0.628793,-0.017857,0.311254,0.626596,-0.014632,0.308842,0.555455,-0.023679,0.306562,0.512736,-0.030095,0.303704,0.479990,-0.034304,0.287868,0.636817,-0.015085,0.271845,0.561487,-0.024002,0.262471,0.516885,-0.030169,0.253110,0.485264,-0.034102,0.273547,0.650555,-0.015616,0.255795,0.586308,-0.022795,0.245249,0.545345,-0.028569,0.235996,0.513433,-0.032200,0.267082,0.667081,-0.016647,0.250900,0.623494,-0.021179,0.242572,0.594383,-0.023214,0.236458,0.571064,-0.024376
1780385433.946,right,four_fingers,0.388805,0.718084,0.000000,0.418663,0.684336,-0.008614,0.434353,0.647203,-0.013498,0.434896,0.616877,-0.017235,0.425529,0.604945,-0.020758,0.391994,0.588598,-0.012932,0.396114,0.527158,-0.020530,0.398470,0.490713,-0.026314,0.399508,0.461729,-0.030009,0.370810,0.592751,-0.012524,0.364452,0.526008,-0.019617,0.361937,0.485309,-0.024864,0.358999,0.455005,-0.028335,0.356638,0.604242,-0.012429,0.348002,0.544673,-0.018135,0.344432,0.506102,-0.023136,0.341871,0.475709,-0.026389,0.349226,0.620213,-0.012898,0.341013,0.578692,-0.017047,0.337529,0.551415,-0.019060,0.335739,0.529458,-0.020054
1780385434.447,right,four_fingers,0.434085,0.688204,0.000000,0.464298,0.660487,-0.008995,0.480944,0.627076,-0.014165,0.480570,0.598245,-0.017785,0.473392,0.584206,-0.021418,0.443071,0.568756,-0.015840,0.450147,0.510447,-0.023003,0.452981,0.477019,-0.028074,0.454193,0.450872,-0.031304,0.421798,0.570234,-0.014784,0.418689,0.504796,-0.021231,0.416686,0.464105,-0.026288,0.413939,0.433612,-0.029896,0.407348,0.579168,-0.013747,0.401536,0.519150,-0.019129,0.399124,0.481257,-0.024664,0.397345,0.452089,-0.028575,0.399531,0.593464,-0.013110,0.391980,0.552684,-0.017732,0.388732,0.526904,-0.020475,0.386866,0.506072,-0.022052
1780385434.985,right,four_fingers,0.464387,0.650438,0.000000,0.492217,0.619769,-0.007811,0.509065,0.584399,-0.012854,0.512858,0.554000,-0.016372,0.516690,0.534395,-0.020036,0.474504,0.529064,-0.014892,0.482655,0.471584,-0.020778,0.484858,0.438063,-0.024478,0.485466,0.412703,-0.026855,0.453066,0.529556,-0.014143,0.450924,0.464338,-0.019160,0.448426,0.425001,-0.022619,0.446076,0.397079,-0.025164,0.438325,0.540176,-0.013347,0.432761,0.481192,-0.017761,0.430922,0.443970,-0.022314,0.429731,0.415772,-0.025734,0.429511,0.557345,-0.012793,0.420652,0.516800,-0.017657,0.416944,0.490852,-0.020301,0.415042,0.468705,-0.021654
1780385435.500,right,four_fingers,0.398275,0.543123,0.000000,0.426507,0.503804,-0.006565,0.440045,0.463576,-0.010124,0.434473,0.441324,-0.012657,0.423139,0.440716,-0.015395,0.394861,0.406971,-0.010745,0.396754,0.347847,-0.016235,0.396931,0.314809,-0.020480,0.395956,0.289509,-0.023285,0.373120,0.416195,-0.010875,0.364196,0.351756,-0.015601,0.359295,0.313999,-0.019865,0.354996,0.286932,-0.022936,0.359303,0.432920,-0.011114,0.347084,0.375406,-0.015247,0.340821,0.338567,-0.020844,0.336458,0.309156,-0.024842,0.352054,0.454269,-0.011572,0.339705,0.415791,-0.015102,0.334355,0.391702,-0.017381,0.331616,0.371378,-0.018674
1780385436.019,right,four_fingers,0.321340,0.444836,0.000000,0.352921,0.398372,-0.009004,0.368282,0.358451,-0.015379,0.364100,0.334572,-0.019909,0.354002,0.322596,-0.024072,0.310412,0.299119,-0.017645,0.308380,0.228531,-0.024908,0.307168,0.189115,-0.029585,0.306041,0.159866,-0.032324,0.285253,0.312256,-0.016062,0.269406,0.236582,-0.023271,0.262273,0.192821,-0.027125,0.257573,0.163302,-0.029325,0.270230,0.330813,-0.014360,0.252161,0.263945,-0.019592,0.243618,0.222193,-0.024287,0.237850,0.189850,-0.027315,0.265083,0.352399,-0.012910,0.248633,0.311476,-0.016098,0.240512,0.286281,-0.017605,0.235263,0.264485,-0.018180
1780385436.545,right,four_fingers,0.309092,0.411097,0.000000,0.340832,0.352040,-0.007119,0.354151,0.306367,-0.013785,0.348429,0.288702,-0.019562,0.338855,0.280755,-0.025615,0.289133,0.234915,-0.015100,0.281730,0.157564,-0.023148,0.278498,0.114186,-0.029197,0.276289,0.081229,-0.033029,0.260652,0.252449,-0.016061,0.238649,0.170049,-0.021338,0.227519,0.123387,-0.025721,0.220499,0.092372,-0.029282,0.243254,0.279614,-0.017084,0.218102,0.203705,-0.020915,0.206533,0.157967,-0.026829,0.199235,0.122009,-0.031725,0.236457,0.312376,-0.018261,0.212862,0.268240,-0.022009,0.201706,0.239204,-0.024378,0.193903,0.212412,-0.025880
1780385437.052,right,four_fingers,0.449563,0.365438,0.000000,0.470871,0.291557,0.005954,0.465760,0.234025,0.006363,0.448307,0.203039,0.004546,0.431886,0.187085,0.001154,0.431259,0.159092,-0.004500,0.412292,0.067672,-0.011243,0.398636,0.017408,-0.015216,0.386811,-0.016611,-0.017632,0.398297,0.174499,-0.012436,0.364830,0.080943,-0.017668,0.344319,0.031474,-0.021896,0.328625,-0.003213,-0.024874,0.372291,0.206997,-0.019408,0.339465,0.120734,-0.024306,0.320789,0.071913,-0.029902,0.306543,0.034791,-0.034425,0.353658,0.250824,-0.025169,0.326696,0.196499,-0.031550,0.311602,0.163290,-0.033373,0.300377,0.133399,-0.033764
1780385437.556,right,four_fingers,0.592852,0.364807,0.000000,0.603195,0.273317,0.018693,0.589564,0.203083,0.021733,0.567613,0.155795,0.021864,0.548308,0.131453,0.018929,0.580293,0.167280,-0.014265,0.553457,0.063677,-0.023739,0.532916,0.012936,-0.025184,0.516226,-0.018805,-0.025010,0.555505,0.186196,-0.028851,0.520114,0.068866,-0.040096,0.493879,0.011532,-0.042675,0.473486,-0.026578,-0.043565,0.531155,0.218415,-0.040044,0.498647,0.103080,-0.049457,0.474948,0.046832,-0.053989,0.457136,0.007390,-0.056976,0.509261,0.260528,-0.048149,0.480025,0.184749,-0.059468,0.461809,0.141260,-0.063494,0.446531,0.104011,-0.064999
1780385438.087,right,four_fingers,0.695179,0.446722,0.000000,0.703249,0.367950,0.015185,0.696311,0.303673,0.016303,0.681528,0.259189,0.015033,0.669361,0.234052,0.010887,0.687582,0.267662,-0.014572,0.664398,0.169901,-0.024080,0.649568,0.121668,-0.026137,0.637193,0.086687,-0.026558,0.669935,0.284814,-0.027622,0.642667,0.176952,-0.037781,0.622839,0.122061,-0.040352,0.607311,0.080608,-0.041753,0.650353,0.312499,-0.038037,0.627743,0.205737,-0.046744,0.611399,0.148353,-0.052053,0.599221,0.104904,-0.056051,0.631349,0.347671,-0.045903,0.610421,0.277279,-0.056926,0.597007,0.234692,-0.061921,0.584999,0.198915,-0.064725
1780385438.589,right,four_fingers,0.726260,0.479174,0.000000,0.734037,0.404635,0.020423,0.724871,0.343960,0.025810,0.708842,0.306272,0.027813,0.694084,0.289742,0.027033,0.719297,0.306124,-0.001962,0.697199,0.218627,-0.007001,0.681656,0.176353,-0.007210,0.668415,0.148394,-0.006610,0.703441,0.319237,-0.015835,0.677203,0.220519,-0.019919,0.657998,0.173362,-0.020324,0.642724,0.138511,-0.020670,0.685476,0.343956,-0.027139,0.663119,0.246496,-0.030889,0.647249,0.196774,-0.034867,0.635168,0.158266,-0.038578,0.667131,0.377556,-0.035670,0.645524,0.318347,-0.042305,0.633072,0.284214,-0.045336,0.622856,0.253013,-0.047198
1780385439.251,right,four_fingers,0.541659,0.555371,0.000000,0.542386,0.519996,0.001089,0.539107,0.467309,0.000294,0.537319,0.426781,-0.002475,0.531893,0.398807,-0.005941,0.504833,0.395910,0.004896,0.487342,0.333462,0.000101,0.476034,0.298361,-0.004792,0.465700,0.270541,-0.008810,0.502079,0.379598,-0.002402,0.487263,0.295675,-0.008205,0.477443,0.246330,-0.014021,0.468933,0.207999,-0.017903,0.505974,0.379990,-0.010607,0.494901,0.289406,-0.019478,0.485697,0.236680,-0.027209,0.476881,0.194071,-0.032023,0.515290,0.391993,-0.018382,0.516440,0.319495,-0.026895,0.515256,0.273086,-0.030289,0.512383,0.232865,-0.032014
1780385439.782,right,four_fingers,0.328210,0.692961,0.000000,0.370684,0.633016,-0.019733,0.396622,0.562425,-0.028612,0.398772,0.506336,-0.033641,0.399647,0.470119,-0.037552,0.322942,0.493130,-0.024563,0.333586,0.390913,-0.035171,0.336299,0.332545,-0.042790,0.336103,0.287472,-0.047596,0.291240,0.499053,-0.019392,0.284145,0.392985,-0.029777,0.280737,0.330282,-0.037263,0.276987,0.284059,-0.041732,0.273393,0.510529,-0.014868,0.261046,0.419977,-0.023906,0.255447,0.361794,-0.031376,0.250730,0.315663,-0.035869,0.266341,0.528292,-0.011634,0.253168,0.465965,-0.019457,0.247657,0.427293,-0.022520,0.244597,0.396463,-0.023202
1780385440.283,right,four_fingers,0.324309,0.694474,0.000000,0.367442,0.634063,-0.019511,0.389752,0.566033,-0.028826,0.382647,0.519243,-0.033444,0.362535,0.513265,-0.036900,0.313753,0.501813,-0.030226,0.317205,0.402308,-0.040684,0.318402,0.346057,-0.046977,0.318303,0.303108,-0.050290,0.281856,0.511621,-0.023472,0.268897,0.407488,-0.035158,0.263738,0.345338,-0.040800,0.259457,0.301430,-0.042994,0.263718,0.525655,-0.016653,0.246594,0.440269,-0.025157,0.239374,0.383299,-0.030900,0.234839,0.339134,-0.033467,0.257543,0.544101,-0.010911,0.244328,0.485867,-0.014506,0.239974,0.451883,-0.014661,0.239408,0.425694,-0.013584
1780385440.814,right,four_fingers,0.356335,0.695444,0.000000,0.401115,0.638914,-0.020117,0.427749,0.572297,-0.031056,0.424611,0.521574,-0.038306,0.408171,0.496970,-0.045161,0.355313,0.498589,-0.031851,0.361898,0.394129,-0.045575,0.362924,0.333181,-0.054432,0.362223,0.284916,-0.059712,0.321549,0.505969,-0.027818,0.312008,0.395510,-0.040859,0.305293,0.327529,-0.049392,0.299100,0.276762,-0.054572,0.300536,0.520788,-0.024167,0.285967,0.422822,-0.034932,0.278215,0.359167,-0.043682,0.272618,0.309920,-0.049106,0.290655,0.541721,-0.021683,0.274709,0.474831,-0.030653,0.267236,0.432339,-0.035103,0.262946,0.398010,-0.037032
1780385441.343,right,four_fingers,0.364448,0.694121,0.000000,0.407814,0.636269,-0.016981,0.432829,0.573008,-0.026871,0.432361,0.525933,-0.033495,0.422061,0.498967,-0.039643,0.366382,0.495509,-0.030137,0.374555,0.389376,-0.042243,0.375393,0.329095,-0.049382,0.374028,0.283452,-0.053322,0.332837,0.503548,-0.026972,0.323214,0.393063,-0.039074,0.316339,0.325236,-0.046231,0.310175,0.276498,-0.050272,0.311345,0.518233,-0.023822,0.296992,0.421690,-0.033199,0.289285,0.358499,-0.040939,0.283353,0.310304,-0.045610,0.301040,0.538651,-0.021572,0.285909,0.471651,-0.029042,0.278586,0.429235,-0.032461,0.273852,0.395840,-0.033554
1780385441.884,right,four_fingers,0.407115,0.713747,0.000000,0.459253,0.658369,-0.021296,0.490694,0.587169,-0.033185,0.500354,0.517727,-0.040594,0.503643,0.470057,-0.047287,0.420525,0.510301,-0.035752,0.428899,0.395986,-0.049576,0.432273,0.330406,-0.057611,0.433627,0.278345,-0.062404,0.383609,0.510930,-0.030834,0.377804,0.385980,-0.043735,0.372924,0.313056,-0.051573,0.368689,0.260416,-0.056573,0.359028,0.522068,-0.026088,0.348855,0.414105,-0.036868,0.343596,0.343992,-0.045644,0.339434,0.290108,-0.051530,0.345539,0.540716,-0.022420,0.331329,0.465133,-0.032604,0.323940,0.418793,-0.037858,0.319477,0.380419,-0.040440
1780385442.398,right,four_fingers,0.452035,0.720182,0.000000,0.503046,0.658281,-0.015085,0.527760,0.577619,-0.023703,0.520422,0.507735,-0.027638,0.512286,0.467701,-0.031841,0.478596,0.526794,-0.043722,0.489987,0.408922,-0.058726,0.493411,0.337934,-0.064793,0.494419,0.283720,-0.067970,0.438003,0.523288,-0.041103,0.433631,0.390325,-0.055029,0.429609,0.311868,-0.060506,0.425314,0.255592,-0.063660,0.409413,0.530793,-0.037260,0.402248,0.409609,-0.048301,0.398681,0.334245,-0.056535,0.395449,0.277196,-0.062281,0.393142,0.547759,-0.033510,0.380638,0.465398,-0.044726,0.373864,0.413373,-0.051286,0.367832,0.369663,-0.054844
1780385442.936,right,four_fingers,0.494990,0.737832,0.000000,0.547629,0.675777,-0.004397,0.571378,0.599320,-0.009109,0.558621,0.537717,-0.012303,0.542341,0.507994,-0.016977,0.531389,0.534608,-0.030206,0.545971,0.420229,-0.042886,0.550390,0.352894,-0.047477,0.552357,0.301957,-0.049867,0.494105,0.527054,-0.033731,0.495610,0.397148,-0.045961,0.493660,0.317664,-0.051468,0.491549,0.259659,-0.055131,0.465025,0.535906,-0.035885,0.461879,0.414007,-0.046750,0.460861,0.334569,-0.056711,0.461405,0.274684,-0.063893,0.444213,0.556929,-0.037172,0.432657,0.468413,-0.048974,0.427441,0.410917,-0.057079,0.423671,0.362112,-0.062097
1780385443.437,right,four_fingers,0.564186,0.742750,0.000000,0.613682,0.686978,0.002137,0.630648,0.617195,-0.000373,0.620120,0.558604,-0.003488,0.608337,0.523273,-0.008754,0.618010,0.554986,-0.020196,0.636060,0.453384,-0.031455,0.642007,0.394501,-0.035965,0.643961,0.351544,-0.038432,0.583993,0.541163,-0.027688,0.590184,0.420612,-0.038979,0.591607,0.349996,-0.044173,0.591143,0.298995,-0.047345,0.552547,0.545510,-0.033874,0.557663,0.426854,-0.045045,0.561034,0.355063,-0.054091,0.564089,0.300491,-0.060197,0.526842,0.563605,-0.038531,0.522898,0.475248,-0.050988,0.522272,0.421005,-0.057623,0.522791,0.375008,-0.061185
1780385443.964,right,four_fingers,0.597323,0.747613,0.000000,0.645621,0.701779,0.006006,0.660795,0.640575,0.005170,0.656078,0.584133,0.003105,0.648514,0.547045,-0.001410,0.659899,0.574519,-0.015805,0.677636,0.478350,-0.024050,0.683879,0.423154,-0.027040,0.686534,0.380889,-0.028821,0.629246,0.557312,-0.024408,0.636568,0.441586,-0.032458,0.637664,0.372190,-0.036157,0.637848,0.323383,-0.038976,0.597780,0.557780,-0.031423,0.608407,0.443728,-0.039872,0.614442,0.376668,-0.047217,0.619874,0.328168,-0.052670,0.569620,0.572035,-0.036691,0.572680,0.483555,-0.047312,0.575143,0.432875,-0.052573,0.578672,0.391139,-0.055449
1780385444.472,right,four_fingers,0.613665,0.752276,0.000000,0.658079,0.705536,0.009219,0.670677,0.642678,0.010854,0.665349,0.588078,0.010764,0.657419,0.551855,0.008308,0.674249,0.583073,-0.009442,0.692719,0.495006,-0.015186,0.698851,0.444134,-0.016544,0.701238,0.405817,-0.017417,0.646724,0.565371,-0.018795,0.654865,0.456392,-0.024789,0.656945,0.392177,-0.027058,0.658257,0.346097,-0.028952,0.617370,0.564589,-0.026642,0.629386,0.457009,-0.033906,0.636806,0.394041,-0.040709,0.643344,0.347232,-0.045817,0.589908,0.577369,-0.032493,0.592920,0.493995,-0.042356,0.595833,0.445663,-0.047586,0.599911,0.404727,-0.050589
1780385445.019,right,four_fingers,0.663236,0.672819,0.000000,0.686931,0.609959,0.012788,0.689444,0.551738,0.014573,0.679171,0.510856,0.013369,0.668032,0.488414,0.010216,0.688197,0.512020,-0.002151,0.682390,0.428461,-0.006600,0.675931,0.386226,-0.007986,0.669154,0.355116,-0.008716,0.666018,0.507060,-0.012762,0.658942,0.411361,-0.015836,0.650856,0.362528,-0.016872,0.643734,0.326504,-0.018266,0.642143,0.513261,-0.021810,0.639631,0.417145,-0.024073,0.635483,0.366371,-0.026976,0.632289,0.328679,-0.030509,0.617350,0.527529,-0.029213,0.612232,0.459592,-0.031898,0.608588,0.419881,-0.032364,0.605709,0.385497,-0.033189
1780385445.521,right,four_fingers,0.707542,0.658834,0.000000,0.680513,0.633716,-0.009304,0.659980,0.586410,-0.016055,0.652625,0.550525,-0.023282,0.664806,0.557987,-0.031273,0.686576,0.504537,-0.006707,0.676456,0.454061,-0.016070,0.665745,0.421214,-0.024965,0.656861,0.392474,-0.032663,0.701556,0.498953,-0.011124,0.698806,0.434284,-0.020425,0.692081,0.391999,-0.028506,0.686286,0.357012,-0.034608,0.714961,0.508741,-0.017353,0.717764,0.442492,-0.027359,0.715209,0.398611,-0.035030,0.712150,0.361615,-0.040471,0.726704,0.530147,-0.024669,0.732342,0.481359,-0.033045,0.731453,0.447073,-0.037574,0.728435,0.416002,-0.041327
1780385446.038,right,four_fingers,0.718344,0.674088,0.000000,0.688125,0.649554,-0.011855,0.667855,0.600963,-0.019326,0.680887,0.564821,-0.026475,0.703893,0.564235,-0.034531,0.687617,0.517324,-0.012209,0.673142,0.460916,-0.022329,0.663812,0.423451,-0.031516,0.658100,0.390821,-0.039269,0.709857,0.506046,-0.015468,0.706870,0.433334,-0.024254,0.704300,0.386844,-0.032951,0.702912,0.347876,-0.039771,0.730132,0.513133,-0.020444,0.732500,0.444515,-0.029527,0.732335,0.399617,-0.038113,0.731728,0.361869,-0.044541,0.749579,0.533025,-0.026693,0.756146,0.480900,-0.034512,0.758513,0.445297,-0.038930,0.759107,0.414161,-0.042552
1780385446.560,right,four_fingers,0.723539,0.679498,0.000000,0.694411,0.651409,-0.012288,0.677334,0.606899,-0.020698,0.693634,0.570015,-0.028782,0.715403,0.555069,-0.037543,0.690237,0.519991,-0.012983,0.675106,0.459373,-0.024278,0.667232,0.420089,-0.033823,0.662761,0.385975,-0.041282,0.714052,0.508356,-0.016499,0.711585,0.431650,-0.025980,0.710316,0.383823,-0.034989,0.710100,0.343440,-0.041698,0.735971,0.516221,-0.021861,0.738464,0.444203,-0.031819,0.739596,0.398540,-0.040054,0.740293,0.358694,-0.045945,0.756904,0.537005,-0.028469,0.763990,0.482929,-0.036722,0.767000,0.447331,-0.040303,0.768159,0.414884,-0.043004
1780385447.105,right,four_fingers,0.723809,0.681785,0.000000,0.695068,0.652553,-0.013582,0.679160,0.607865,-0.022292,0.697739,0.572348,-0.030479,0.719699,0.553974,-0.039183,0.690294,0.520610,-0.012790,0.675894,0.458870,-0.024116,0.668915,0.419560,-0.033839,0.665271,0.385930,-0.041361,0.714625,0.508439,-0.015524,0.713097,0.430986,-0.024598,0.712960,0.383401,-0.033861,0.713521,0.343032,-0.040953,0.736965,0.515568,-0.020363,0.740097,0.443468,-0.030016,0.741424,0.398801,-0.038781,0.742101,0.359524,-0.045239,0.758372,0.535704,-0.026584,0.766328,0.482181,-0.034815,0.770213,0.447308,-0.038889,0.771987,0.415286,-0.042094
1780385447.636,right,four_fingers,0.724785,0.686270,0.000000,0.695654,0.656424,-0.013460,0.678742,0.611648,-0.022459,0.698067,0.579068,-0.031031,0.721902,0.566846,-0.040161,0.690237,0.522455,-0.013116,0.675667,0.460571,-0.024792,0.668609,0.421168,-0.034821,0.664720,0.387694,-0.042578,0.714593,0.510517,-0.016240,0.712885,0.432750,-0.025543,0.712865,0.384756,-0.034754,0.713614,0.344119,-0.041777,0.737089,0.518227,-0.021468,0.740071,0.444957,-0.031264,0.741477,0.399264,-0.039908,0.742326,0.359157,-0.046207,0.758923,0.539172,-0.028120,0.767167,0.484768,-0.036334,0.771247,0.448913,-0.040217,0.773348,0.416051,-0.043264
1780385448.167,right,four_fingers,0.724642,0.688759,0.000000,0.695476,0.659508,-0.014221,0.679049,0.615298,-0.023375,0.699022,0.583306,-0.031934,0.722135,0.569426,-0.040969,0.690080,0.523679,-0.013442,0.674520,0.462313,-0.025159,0.667129,0.422665,-0.035335,0.663166,0.388900,-0.043242,0.714310,0.511254,-0.016263,0.711989,0.433689,-0.025467,0.711782,0.385844,-0.034751,0.712461,0.345436,-0.041869,0.736866,0.519369,-0.021269,0.739798,0.446160,-0.031077,0.741198,0.400390,-0.039726,0.742040,0.359858,-0.046100,0.758889,0.541567,-0.027784,0.767040,0.487821,-0.036172,0.770965,0.452374,-0.040069,0.772922,0.419290,-0.043120
1780385448.698,right,four_fingers,0.728281,0.691871,0.000000,0.699353,0.661379,-0.015298,0.683921,0.618536,-0.025755,0.705469,0.591721,-0.035467,0.729322,0.576759,-0.045543,0.692345,0.527701,-0.015282,0.677158,0.466281,-0.028177,0.670091,0.426864,-0.039118,0.666342,0.393445,-0.047436,0.717190,0.514679,-0.017992,0.715805,0.436212,-0.028004,0.716464,0.387194,-0.038003,0.717674,0.345128,-0.045710,0.740171,0.522760,-0.022971,0.744589,0.448772,-0.033528,0.746962,0.402572,-0.042748,0.748417,0.360571,-0.049572,0.762025,0.545343,-0.029495,0.771777,0.493592,-0.038460,0.776893,0.458390,-0.042633,0.779848,0.424655,-0.045940
1780385449.200,right,four_fingers,0.732750,0.696160,0.000000,0.706615,0.668589,-0.020389,0.692942,0.627694,-0.034038,0.715577,0.603978,-0.045920,0.740237,0.589742,-0.057794,0.699268,0.530802,-0.022141,0.684453,0.466142,-0.036887,0.678643,0.423553,-0.048693,0.676743,0.387805,-0.057393,0.725638,0.518035,-0.022849,0.726765,0.439244,-0.034320,0.729812,0.390095,-0.044539,0.733070,0.347484,-0.052200,0.749435,0.526738,-0.026070,0.755818,0.453926,-0.037324,0.759541,0.407860,-0.046005,0.761775,0.365201,-0.052356,0.771665,0.549793,-0.031291,0.781727,0.498212,-0.040457,0.787202,0.463613,-0.044123,0.790498,0.430278,-0.046926
1780385449.736,right,four_fingers,0.768161,0.763294,0.000000,0.738979,0.734581,-0.023456,0.726020,0.694401,-0.039556,0.754853,0.684525,-0.053612,0.784962,0.687869,-0.068292,0.743889,0.582024,-0.027760,0.735253,0.514033,-0.043717,0.733188,0.470309,-0.057340,0.733092,0.431672,-0.067881,0.774142,0.569928,-0.029235,0.782421,0.480479,-0.040862,0.790918,0.425745,-0.052158,0.798584,0.379092,-0.061205,0.800206,0.584214,-0.033239,0.814377,0.498370,-0.045008,0.823400,0.447279,-0.055189,0.830642,0.400507,-0.062977,0.822865,0.617224,-0.039502,0.839243,0.557025,-0.049629,0.850190,0.521127,-0.053504,0.858706,0.487541,-0.056675
1780385450.266,right,four_fingers,0.786792,0.839092,0.000000,0.757938,0.826855,-0.034183,0.745746,0.804369,-0.058800,0.775635,0.815855,-0.078933,0.806382,0.832293,-0.099801,0.774914,0.680891,-0.050067,0.768143,0.617948,-0.073307,0.767899,0.577865,-0.090876,0.770534,0.547857,-0.103242,0.809120,0.671184,-0.047768,0.827178,0.583270,-0.064744,0.845500,0.533701,-0.077655,0.864202,0.493314,-0.088152,0.836395,0.694253,-0.048176,0.863264,0.614642,-0.066149,0.884204,0.568263,-0.080352,0.903133,0.526401,-0.091006,0.858997,0.737412,-0.050947,0.889811,0.690553,-0.067416,0.909957,0.662494,-0.075187,0.927093,0.633958,-0.080997
1780385450.808,right,four_fingers,0.692921,0.834630,0.000000,0.634249,0.796552,0.006720,0.601835,0.758244,0.001077,0.584589,0.759377,-0.008025,0.573794,0.776791,-0.019755,0.622904,0.681087,-0.014612,0.597589,0.622491,-0.030109,0.573714,0.587818,-0.041628,0.550233,0.567767,-0.050959,0.634659,0.694801,-0.032120,0.613695,0.627889,-0.050630,0.588837,0.594830,-0.063909,0.564017,0.574747,-0.073781,0.645691,0.726589,-0.048826,0.624921,0.670303,-0.068554,0.605822,0.637877,-0.082727,0.588091,0.613007,-0.092771,0.651270,0.774146,-0.064105,0.627636,0.761324,-0.082515,0.617041,0.752693,-0.091569,0.612690,0.743584,-0.098354
1780385451.332,right,four_fingers,0.592125,0.810227,0.000000,0.572762,0.744203,0.010328,0.544834,0.710335,0.008504,0.517391,0.703740,0.004860,0.496638,0.711769,-0.000900,0.530646,0.687133,-0.016825,0.488160,0.634691,-0.027335,0.463453,0.607548,-0.031373,0.444206,0.589767,-0.033043,0.522224,0.720446,-0.027347,0.474827,0.665728,-0.036311,0.445342,0.640676,-0.039483,0.422886,0.624287,-0.041691,0.516507,0.761771,-0.035753,0.470364,0.720057,-0.042411,0.442115,0.697865,-0.047406,0.421765,0.679776,-0.051459,0.514068,0.805805,-0.042342,0.477322,0.788351,-0.049191,0.454985,0.777691,-0.052430,0.436213,0.765623,-0.054504
1780385451.835,right,four_fingers,0.556283,0.799053,0.000000,0.538666,0.737990,0.013330,0.511619,0.708044,0.016425,0.486000,0.702087,0.017194,0.467578,0.709039,0.016280,0.497575,0.688795,-0.003522,0.463181,0.640384,-0.008918,0.441765,0.618044,-0.010080,0.425978,0.604863,-0.009939,0.485911,0.713827,-0.012956,0.442264,0.663303,-0.017740,0.415355,0.643595,-0.018640,0.395654,0.631974,-0.018979,0.477423,0.747513,-0.020622,0.435629,0.707630,-0.024109,0.411129,0.688919,-0.027114,0.393245,0.675517,-0.029518,0.472386,0.785984,-0.026454,0.439255,0.767367,-0.030317,0.419961,0.757651,-0.031850,0.403564,0.748717,-0.032643
1780385452.374,right,four_fingers,0.381078,0.778262,0.000000,0.376256,0.724097,0.007542,0.356129,0.684088,0.010033,0.335378,0.665922,0.011049,0.318562,0.661207,0.010987,0.340118,0.671789,-0.001915,0.316341,0.639187,-0.003456,0.303226,0.624425,-0.003813,0.292512,0.614730,-0.004193,0.324573,0.692245,-0.008401,0.291112,0.649252,-0.009689,0.270906,0.631910,-0.010192,0.255934,0.621963,-0.010823,0.312446,0.723555,-0.013766,0.279355,0.679006,-0.016567,0.258928,0.660715,-0.020446,0.244151,0.649481,-0.023680,0.303881,0.761243,-0.017637,0.277573,0.740808,-0.021853,0.261332,0.732002,-0.023845,0.248121,0.724756,-0.025060
1780385452.919,right,four_fingers,0.287463,0.853534,0.000000,0.284995,0.804280,0.006664,0.268941,0.771361,0.009096,0.250060,0.755554,0.010365,0.235616,0.750595,0.010876,0.252892,0.761256,-0.000510,0.233787,0.733280,-0.000300,0.226240,0.728080,0.000386,0.219147,0.727781,0.000756,0.238742,0.781659,-0.005015,0.211708,0.741759,-0.004794,0.195874,0.727190,-0.004472,0.183877,0.718467,-0.004897,0.228190,0.809718,-0.008618,0.198861,0.767351,-0.010902,0.181955,0.749049,-0.014302,0.170288,0.738678,-0.017303,0.220588,0.843151,-0.010776,0.196439,0.821493,-0.014422,0.180835,0.810553,-0.016027,0.167937,0.802033,-0.017367
1780385453.465,right,four_fingers,0.291361,0.693692,0.000000,0.286387,0.675139,0.004757,0.272745,0.661703,0.005092,0.255997,0.671731,0.004106,0.243522,0.683722,0.002361,0.264626,0.613166,0.003606,0.242949,0.587563,0.003410,0.228618,0.578507,0.002981,0.216137,0.573391,0.002012,0.258619,0.610231,-0.001810,0.236996,0.570073,-0.002847,0.222025,0.553583,-0.004600,0.208663,0.541396,-0.006551,0.250049,0.618494,-0.007049,0.228881,0.573674,-0.010634,0.213646,0.554377,-0.015235,0.200610,0.541521,-0.018631,0.237870,0.634741,-0.011262,0.218267,0.604974,-0.015426,0.204129,0.588364,-0.018010,0.190984,0.575920,-0.020037
1780385454.028,right,four_fingers,0.310412,0.607306,0.000000,0.289217,0.625180,0.011331,0.272749,0.616855,0.014860,0.258167,0.608880,0.014143,0.250730,0.593773,0.012791,0.285273,0.537948,0.027676,0.268017,0.504429,0.037307,0.254593,0.487710,0.041289,0.243127,0.477535,0.042121,0.284870,0.524902,0.018734,0.266283,0.483969,0.028895,0.248956,0.470075,0.030259,0.236612,0.456719,0.028724,0.277812,0.522599,0.009032,0.259288,0.477514,0.017462,0.242690,0.461450,0.017179,0.229559,0.449939,0.013644,0.263593,0.529190,-0.000496,0.246214,0.494909,0.004777,0.232604,0.480018,0.005776,0.219395,0.467731,0.004124
1780385454.540,right,four_fingers,0.387680,0.581704,-0.000000,0.366793,0.596329,0.004154,0.347286,0.592102,0.006366,0.333352,0.583785,0.005743,0.328588,0.569045,0.005366,0.346930,0.524858,0.019452,0.331727,0.514758,0.020786,0.319489,0.513407,0.018514,0.310197,0.513303,0.016380,0.347993,0.510656,0.013018,0.329518,0.480403,0.015682,0.313548,0.467146,0.014300,0.301164,0.456838,0.012383,0.349559,0.503556,0.004890,0.332043,0.468011,0.005338,0.315306,0.454998,0.003280,0.302994,0.447202,0.001250,0.350089,0.503655,-0.003632,0.333012,0.478650,-0.003569,0.319910,0.467346,-0.003235,0.308807,0.460035,-0.003630
1780385455.057,right,four_fingers,0.447830,0.535428,0.000000,0.431954,0.557279,-0.003964,0.408935,0.555390,-0.004634,0.393692,0.544406,-0.005984,0.392231,0.527247,-0.006972,0.402140,0.497262,0.003298,0.384953,0.491477,-0.000003,0.371457,0.490360,-0.003634,0.361253,0.489280,-0.006366,0.403356,0.479323,0.001202,0.383733,0.455906,-0.001673,0.367889,0.445846,-0.003535,0.355727,0.437279,-0.004481,0.407028,0.467219,-0.002456,0.388932,0.439466,-0.006285,0.373447,0.427912,-0.008495,0.361850,0.419514,-0.009283,0.412392,0.461182,-0.006946,0.397264,0.436504,-0.009880,0.384649,0.426236,-0.010638,0.374553,0.421340,-0.010798
1780385455.587,right,four_fingers,0.504395,0.480085,0.000000,0.481514,0.504204,-0.010279,0.450427,0.507923,-0.017353,0.430296,0.493518,-0.024471,0.430284,0.470759,-0.031872,0.423906,0.422966,-0.008702,0.393250,0.410632,-0.018636,0.372030,0.405924,-0.027675,0.353583,0.399541,-0.034976,0.429494,0.395799,-0.012082,0.397590,0.360645,-0.021581,0.375536,0.341070,-0.029862,0.355851,0.323257,-0.035900,0.440645,0.379665,-0.017177,0.410425,0.341699,-0.026855,0.389043,0.321184,-0.034328,0.369972,0.304519,-0.039391,0.455642,0.372302,-0.023412,0.433973,0.339747,-0.031373,0.417179,0.321371,-0.035671,0.400855,0.306003,-0.038855
1780385456.120,right,four_fingers,0.504067,0.416374,-0.000000,0.468752,0.433417,0.014605,0.443636,0.426003,0.019488,0.427180,0.426235,0.020048,0.417623,0.418479,0.020076,0.437528,0.327635,0.020126,0.411008,0.308153,0.019920,0.392133,0.300921,0.017562,0.376940,0.295009,0.014632,0.440464,0.316667,0.006948,0.405079,0.284529,0.004963,0.381790,0.267625,0.002181,0.364012,0.252147,-0.000756,0.443134,0.321324,-0.006810,0.406871,0.286662,-0.010540,0.383167,0.268617,-0.013911,0.365613,0.251702,-0.017201,0.442329,0.339750,-0.019686,0.413127,0.320314,-0.024607,0.393489,0.311435,-0.027288,0.376192,0.301375,-0.029969
1780385456.637,right,four_fingers,0.528562,0.429041,-0.000000,0.506165,0.418777,0.011391,0.486572,0.416983,0.012336,0.472191,0.429183,0.010545,0.461196,0.437011,0.007564,0.478339,0.357903,0.000963,0.447625,0.334612,-0.004562,0.426421,0.326121,-0.007599,0.409018,0.319888,-0.010170,0.478205,0.361631,-0.009425,0.440998,0.329828,-0.015984,0.418569,0.319486,-0.019698,0.400406,0.310162,-0.022877,0.477373,0.378473,-0.019012,0.441546,0.347673,-0.025451,0.420043,0.336607,-0.030588,0.403273,0.327410,-0.034661,0.474209,0.405174,-0.027140,0.448476,0.388490,-0.034583,0.431276,0.383152,-0.039306,0.415180,0.379147,-0.042985
1780385457.162,right,four_fingers,0.543583,0.458257,0.000000,0.509651,0.467882,0.006514,0.486989,0.458503,0.004394,0.471739,0.456236,0.000068,0.461590,0.458426,-0.005336,0.488856,0.369719,-0.003708,0.458933,0.340172,-0.010589,0.438443,0.325217,-0.015952,0.420529,0.313647,-0.020333,0.493771,0.369342,-0.012707,0.454954,0.333263,-0.021093,0.431591,0.319600,-0.026809,0.412944,0.306547,-0.031568,0.495700,0.383317,-0.021078,0.457963,0.349626,-0.028801,0.434299,0.336624,-0.034135,0.417207,0.325103,-0.038216,0.492521,0.408134,-0.028597,0.464070,0.385013,-0.035062,0.444773,0.375985,-0.038860,0.428556,0.365748,-0.042208
1780385457.695,right,four_fingers,0.582922,0.483958,0.000000,0.557024,0.493314,-0.004192,0.535896,0.489813,-0.008531,0.522272,0.484689,-0.014439,0.515800,0.477782,-0.020507,0.522521,0.408287,0.002472,0.498808,0.390918,-0.003771,0.481254,0.382488,-0.010779,0.466381,0.375106,-0.016537,0.526843,0.393831,-0.002910,0.503280,0.355103,-0.008890,0.485485,0.336774,-0.015249,0.469491,0.322191,-0.020105,0.533882,0.387982,-0.010045,0.511097,0.348147,-0.016677,0.492845,0.330249,-0.022220,0.477420,0.317171,-0.026219,0.543241,0.389643,-0.018078,0.527040,0.359467,-0.023353,0.514488,0.346457,-0.025515,0.502455,0.338467,-0.027326
1780385458.201,right,four_fingers,0.652896,0.503641,0.000000,0.630357,0.513934,-0.007532,0.606457,0.507915,-0.013249,0.595607,0.488117,-0.019234,0.600680,0.464415,-0.025347,0.593484,0.436267,-0.005642,0.570609,0.417613,-0.013683,0.555756,0.407338,-0.021136,0.542910,0.397008,-0.026930,0.602014,0.417085,-0.008696,0.580913,0.380410,-0.015799,0.566613,0.358762,-0.022221,0.554511,0.339480,-0.026881,0.613297,0.407261,-0.013180,0.594751,0.371721,-0.019875,0.581290,0.351253,-0.024748,0.569607,0.334390,-0.028180,0.626750,0.404948,-0.018694,0.613731,0.376697,-0.023866,0.603265,0.360800,-0.025875,0.593152,0.348564,-0.027395
1780385458.728,right,four_fingers,0.700460,0.508111,0.000000,0.674535,0.511320,-0.008839,0.650667,0.494407,-0.014414,0.648885,0.463730,-0.019858,0.661101,0.441555,-0.025632,0.640254,0.424745,-0.007805,0.618449,0.397008,-0.015769,0.604352,0.377755,-0.022988,0.593219,0.359611,-0.028911,0.653393,0.403531,-0.010452,0.636786,0.359843,-0.016881,0.626196,0.332198,-0.023317,0.617427,0.307735,-0.028331,0.669056,0.394800,-0.014527,0.655177,0.352443,-0.021098,0.645548,0.326762,-0.026356,0.636665,0.304617,-0.030340,0.686852,0.395281,-0.019700,0.679440,0.361050,-0.025521,0.672877,0.340392,-0.027826,0.665923,0.322637,-0.029590
1780385459.229,right,four_fingers,0.730575,0.540177,0.000000,0.705123,0.537071,-0.010267,0.683506,0.516902,-0.017149,0.688464,0.483536,-0.023623,0.701738,0.459717,-0.030497,0.675480,0.442907,-0.010431,0.655523,0.410784,-0.019099,0.643028,0.388111,-0.026898,0.633389,0.367269,-0.033260,0.690638,0.421715,-0.013110,0.675359,0.371494,-0.019894,0.665899,0.339301,-0.026797,0.658419,0.311469,-0.032225,0.708324,0.415901,-0.017242,0.696379,0.367088,-0.024581,0.687951,0.336762,-0.030355,0.679956,0.309975,-0.034739,0.728091,0.420701,-0.022483,0.723229,0.381722,-0.029007,0.718955,0.358391,-0.031199,0.713646,0.337895,-0.032870
1780385459.751,right,four_fingers,0.744810,0.635386,0.000000,0.717164,0.631868,-0.014062,0.693711,0.609847,-0.023571,0.701032,0.579651,-0.032173,0.716602,0.556362,-0.041090,0.686542,0.520236,-0.014929,0.665375,0.480987,-0.026113,0.653324,0.454336,-0.035876,0.643944,0.430388,-0.043575,0.705189,0.497967,-0.017312,0.690141,0.438423,-0.025983,0.682280,0.399625,-0.034455,0.675995,0.365033,-0.041078,0.726573,0.494451,-0.021598,0.716046,0.437290,-0.031134,0.709225,0.400758,-0.038500,0.702326,0.367185,-0.044000,0.749744,0.503181,-0.027267,0.747852,0.459094,-0.035839,0.745363,0.431403,-0.039082,0.741439,0.405780,-0.041502
1780385460.263,right,four_fingers,0.626493,0.760748,0.000000,0.591511,0.762577,-0.014399,0.562910,0.746399,-0.025879,0.552113,0.727339,-0.037063,0.558376,0.719191,-0.048519,0.550568,0.634942,-0.011607,0.524789,0.596573,-0.024141,0.506104,0.577518,-0.035865,0.488981,0.560636,-0.044898,0.566842,0.612466,-0.015447,0.544950,0.547928,-0.025019,0.527572,0.510083,-0.033889,0.512565,0.478479,-0.040455,0.588205,0.608901,-0.021726,0.568326,0.545660,-0.031557,0.551798,0.509336,-0.038805,0.536092,0.478921,-0.044035,0.612547,0.620387,-0.029669,0.602320,0.575965,-0.037993,0.591021,0.550256,-0.041013,0.578423,0.527870,-0.043224
1780385460.815,right,four_fingers,0.556435,0.870297,0.000000,0.510680,0.868079,-0.007026,0.479495,0.846035,-0.018430,0.458690,0.832999,-0.032002,0.451530,0.831925,-0.046484,0.469514,0.721694,-0.006493,0.438905,0.672147,-0.021195,0.416298,0.653491,-0.035143,0.394252,0.640965,-0.046041,0.484172,0.710874,-0.017124,0.457394,0.638782,-0.030445,0.433207,0.606840,-0.044110,0.409557,0.579514,-0.054815,0.501940,0.720647,-0.029661,0.479157,0.645270,-0.042674,0.457659,0.609496,-0.053774,0.438093,0.581807,-0.062522,0.520981,0.745810,-0.043191,0.505688,0.693235,-0.054088,0.488836,0.668240,-0.059569,0.471751,0.647951,-0.064405
1780387427.613,left,four_fingers,0.367717,0.763619,0.000000,0.393339,0.743815,-0.011810,0.415632,0.708325,-0.018151,0.403745,0.678819,-0.024079,0.381737,0.680442,-0.030532,0.408845,0.633337,-0.011677,0.425233,0.583000,-0.020672,0.433750,0.549739,-0.028146,0.439781,0.520119,-0.033993,0.390700,0.622608,-0.014325,0.399652,0.559804,-0.021755,0.402886,0.517035,-0.029312,0.403399,0.481103,-0.035060,0.373749,0.628181,-0.018339,0.375079,0.567985,-0.026248,0.374420,0.526306,-0.034518,0.373140,0.490833,-0.040320,0.355894,0.646210,-0.023475,0.348764,0.601410,-0.031063,0.343644,0.570810,-0.035479,0.338698,0.542429,-0.038592
1780387428.142,left,four_fingers,0.398456,0.710042,0.000000,0.419852,0.685055,-0.009533,0.438098,0.644082,-0.015036,0.426746,0.618456,-0.020367,0.406958,0.628285,-0.026444,0.423642,0.577601,-0.011265,0.432044,0.523301,-0.019672,0.436729,0.488331,-0.026639,0.439570,0.458344,-0.032119,0.407181,0.575852,-0.014735,0.409984,0.515583,-0.021617,0.409972,0.473988,-0.028840,0.407703,0.439682,-0.034488,0.392682,0.588237,-0.019233,0.388989,0.530625,-0.027006,0.385471,0.490555,-0.035246,0.381829,0.456627,-0.041114,0.378164,0.611850,-0.024551,0.366808,0.571564,-0.032560,0.358794,0.544447,-0.037246,0.351200,0.519389,-0.040580
1780387428.681,left,four_fingers,0.426756,0.678475,0.000000,0.450097,0.653162,0.003576,0.456123,0.617659,0.003365,0.459049,0.594493,0.000713,0.459789,0.583999,-0.002420,0.439491,0.573578,0.000879,0.446240,0.530620,-0.004749,0.450842,0.502253,-0.009110,0.454271,0.478311,-0.012761,0.434732,0.575956,-0.006980,0.441739,0.526979,-0.013298,0.447016,0.493852,-0.018593,0.450406,0.466864,-0.022809,0.432147,0.584797,-0.015146,0.437744,0.543200,-0.021321,0.440267,0.515557,-0.025934,0.440937,0.492283,-0.029499,0.433163,0.597732,-0.023317,0.438161,0.563609,-0.028789,0.440448,0.538155,-0.032307,0.441801,0.516097,-0.035310
1780387429.220,left,four_fingers,0.421826,0.605872,0.000000,0.415001,0.563012,0.000372,0.418630,0.523320,-0.002444,0.429286,0.498225,-0.005202,0.440234,0.484920,-0.008413,0.417598,0.515322,-0.012921,0.426236,0.465557,-0.019798,0.433034,0.437662,-0.023044,0.438533,0.416064,-0.024908,0.430281,0.527352,-0.016862,0.443203,0.475441,-0.023063,0.451137,0.444566,-0.026557,0.456537,0.420607,-0.028887,0.443031,0.543662,-0.020015,0.456025,0.496889,-0.026280,0.463959,0.468199,-0.030096,0.469129,0.445260,-0.032546,0.454331,0.561850,-0.022599,0.467345,0.534333,-0.028289,0.475640,0.519256,-0.030076,0.482606,0.505897,-0.030825
1780387429.732,left,four_fingers,0.392871,0.555684,0.000000,0.385813,0.519121,0.002253,0.386564,0.483569,0.000323,0.393307,0.459709,-0.002376,0.402040,0.444949,-0.005524,0.383693,0.472010,-0.008394,0.391550,0.424001,-0.014933,0.396007,0.396303,-0.018034,0.398348,0.375669,-0.019608,0.392584,0.478676,-0.013328,0.402072,0.426603,-0.019692,0.406821,0.394361,-0.023332,0.409054,0.369279,-0.025433,0.403156,0.489327,-0.017644,0.413282,0.442003,-0.023843,0.418900,0.412674,-0.027678,0.421783,0.388953,-0.029884,0.414155,0.502741,-0.021369,0.426176,0.474028,-0.026552,0.432888,0.457124,-0.028336,0.437922,0.442220,-0.029008
1780387430.249,left,four_fingers,0.353586,0.557150,0.000000,0.345646,0.522975,0.000914,0.343456,0.484226,-0.001560,0.346585,0.456368,-0.004671,0.351879,0.435773,-0.007936,0.339728,0.468164,-0.007779,0.347614,0.418869,-0.014356,0.351746,0.390391,-0.017767,0.353945,0.369901,-0.019526,0.346205,0.472944,-0.012398,0.353984,0.418466,-0.018228,0.357631,0.386313,-0.021221,0.359520,0.361315,-0.022858,0.355163,0.481648,-0.016658,0.363533,0.429185,-0.021869,0.367439,0.400538,-0.024128,0.369148,0.377732,-0.025424,0.365876,0.494576,-0.020673,0.375596,0.464594,-0.024738,0.380538,0.446627,-0.025434,0.384091,0.431520,-0.025426
1780387430.772,left,four_fingers,0.285561,0.587809,0.000000,0.274784,0.547282,0.000761,0.271868,0.503192,-0.002549,0.277117,0.470466,-0.006605,0.285553,0.447947,-0.010877,0.265379,0.488751,-0.009204,0.272334,0.431549,-0.016836,0.276684,0.399392,-0.021071,0.279207,0.375781,-0.023543,0.274233,0.495300,-0.014463,0.281498,0.433382,-0.021024,0.285027,0.397360,-0.025081,0.286453,0.369868,-0.027721,0.286023,0.505335,-0.019338,0.293401,0.445831,-0.025403,0.296812,0.412728,-0.028795,0.297631,0.386588,-0.031068,0.299492,0.518355,-0.023924,0.310419,0.483521,-0.029021,0.315565,0.461620,-0.030675,0.319067,0.442469,-0.031444
1780387431.278,left,four_fingers,0.263714,0.621201,0.000000,0.247542,0.571811,0.001996,0.244943,0.520479,-0.000521,0.252247,0.483035,-0.003551,0.261962,0.458121,-0.006943,0.239507,0.507353,-0.011060,0.244865,0.442079,-0.019298,0.249142,0.402610,-0.023834,0.251971,0.373398,-0.026384,0.254311,0.513127,-0.016857,0.261949,0.442552,-0.023439,0.265252,0.399630,-0.027930,0.266145,0.367065,-0.030964,0.271449,0.523667,-0.021851,0.280329,0.457251,-0.028135,0.283636,0.417042,-0.032475,0.284485,0.386061,-0.035486,0.288660,0.538270,-0.026265,0.302014,0.498806,-0.031807,0.308854,0.474636,-0.033462,0.313980,0.453661,-0.034059
1780387431.796,left,four_fingers,0.286595,0.655469,0.000000,0.269350,0.598301,0.001619,0.271261,0.544694,-0.001550,0.286012,0.510429,-0.004827,0.301403,0.495022,-0.008676,0.267794,0.532566,-0.015996,0.270571,0.457354,-0.024206,0.274496,0.414409,-0.028005,0.277698,0.382599,-0.029823,0.288445,0.540625,-0.021168,0.297445,0.459315,-0.027978,0.302635,0.413456,-0.032079,0.304908,0.381279,-0.034650,0.309246,0.553225,-0.025054,0.321712,0.479132,-0.031803,0.328466,0.437393,-0.036449,0.331404,0.408258,-0.039317,0.327278,0.569321,-0.028137,0.344871,0.522526,-0.033657,0.355533,0.500048,-0.034644,0.363095,0.483050,-0.034551
1780387432.341,left,four_fingers,0.311354,0.679196,0.000000,0.299797,0.619912,-0.003360,0.309359,0.571055,-0.008108,0.329397,0.545780,-0.011742,0.345547,0.538056,-0.015974,0.316215,0.566396,-0.023339,0.328210,0.495594,-0.034131,0.338467,0.453860,-0.039768,0.347783,0.422647,-0.042859,0.335778,0.584941,-0.025942,0.354697,0.514753,-0.035108,0.368253,0.474224,-0.039737,0.378789,0.445093,-0.042802,0.352550,0.605315,-0.027556,0.374232,0.542235,-0.036182,0.389353,0.506130,-0.040800,0.400884,0.480383,-0.043527,0.364365,0.624131,-0.028766,0.387757,0.587137,-0.036257,0.402091,0.567030,-0.038445,0.414442,0.551058,-0.039192
1780387432.846,left,four_fingers,0.310751,0.685627,0.000000,0.302567,0.624490,-0.003234,0.315124,0.573973,-0.007092,0.335566,0.546395,-0.009448,0.350858,0.535686,-0.012019,0.324170,0.578148,-0.022802,0.343109,0.516459,-0.032216,0.357171,0.480243,-0.036529,0.368976,0.453803,-0.038773,0.341682,0.602984,-0.025006,0.372980,0.544110,-0.032647,0.392565,0.512357,-0.036049,0.406865,0.489837,-0.038328,0.355773,0.627037,-0.026144,0.385627,0.575356,-0.033893,0.405173,0.548450,-0.037677,0.419137,0.529429,-0.039827,0.365590,0.647008,-0.026797,0.394132,0.618549,-0.033619,0.410549,0.607487,-0.035084,0.423254,0.599772,-0.035296
1780387433.371,left,four_fingers,0.461948,0.594055,0.000000,0.450304,0.550279,-0.013578,0.438526,0.512466,-0.022528,0.435494,0.482636,-0.031352,0.435044,0.464116,-0.041101,0.401696,0.551654,-0.010998,0.375361,0.559125,-0.021748,0.358233,0.569605,-0.031854,0.345311,0.577867,-0.039001,0.401245,0.582478,-0.011418,0.374928,0.588130,-0.022416,0.360565,0.598228,-0.032911,0.351445,0.608144,-0.039682,0.405318,0.609330,-0.013398,0.380174,0.617425,-0.023339,0.370218,0.626963,-0.029266,0.364739,0.635920,-0.032007,0.413895,0.632923,-0.016742,0.394373,0.641368,-0.024246,0.384685,0.648796,-0.026473,0.378476,0.654936,-0.027053
1780387433.878,left,four_fingers,0.306090,0.668083,0.000000,0.302175,0.619167,-0.003390,0.315601,0.579486,-0.007658,0.336449,0.560790,-0.009610,0.353294,0.557336,-0.011418,0.314408,0.581714,-0.027479,0.332254,0.539301,-0.037367,0.346586,0.515417,-0.042782,0.360125,0.498064,-0.046135,0.324715,0.610410,-0.028730,0.353322,0.576134,-0.036780,0.372695,0.560069,-0.039722,0.387809,0.548655,-0.042513,0.336190,0.636313,-0.028717,0.368549,0.607488,-0.036489,0.385893,0.595508,-0.039545,0.397884,0.587876,-0.041495,0.347381,0.656079,-0.028180,0.377681,0.639065,-0.035289,0.393463,0.635046,-0.037698,0.406207,0.631769,-0.038916
1780387434.399,left,four_fingers,0.317455,0.648607,0.000000,0.320468,0.605590,-0.003400,0.329772,0.561451,-0.007881,0.339170,0.528382,-0.011820,0.344852,0.505327,-0.015836,0.319712,0.565788,-0.021428,0.329600,0.528606,-0.031772,0.339226,0.506762,-0.036876,0.347770,0.490384,-0.040105,0.319579,0.588206,-0.025388,0.336002,0.567218,-0.036883,0.347823,0.552154,-0.040815,0.356869,0.541733,-0.043524,0.323147,0.614414,-0.029038,0.341303,0.600958,-0.042227,0.351017,0.589232,-0.047583,0.358261,0.578591,-0.050499,0.329609,0.641245,-0.032360,0.350301,0.636879,-0.044477,0.363464,0.636431,-0.049466,0.374713,0.636586,-0.052256
1780387434.910,left,four_fingers,0.371578,0.687291,0.000000,0.387322,0.663779,-0.011799,0.395994,0.631429,-0.018110,0.378703,0.623163,-0.023410,0.361845,0.634268,-0.029146,0.377946,0.582317,-0.014047,0.377933,0.538903,-0.021903,0.376694,0.512168,-0.027866,0.374578,0.489427,-0.032417,0.359586,0.585408,-0.014912,0.350327,0.540050,-0.021605,0.343505,0.511006,-0.027773,0.336733,0.487817,-0.032315,0.346227,0.600153,-0.016858,0.332247,0.559192,-0.024344,0.323031,0.531181,-0.031460,0.315031,0.506783,-0.036319,0.336007,0.624315,-0.019645,0.318619,0.600154,-0.027804,0.307043,0.585465,-0.032245,0.296818,0.570696,-0.034969
1780387435.536,left,four_fingers,0.370332,0.695965,0.000000,0.388139,0.673020,-0.012090,0.399219,0.641820,-0.019014,0.381992,0.628168,-0.025054,0.364729,0.631089,-0.031391,0.387975,0.582569,-0.013906,0.392743,0.535556,-0.022774,0.394123,0.505006,-0.029536,0.394550,0.479247,-0.034456,0.369263,0.578876,-0.015008,0.366085,0.523608,-0.022431,0.363463,0.488291,-0.029018,0.360205,0.459991,-0.033639,0.353972,0.588835,-0.017317,0.344620,0.538763,-0.025230,0.338977,0.505427,-0.032395,0.334176,0.476868,-0.037092,0.340915,0.609904,-0.020583,0.328000,0.576217,-0.028508,0.319814,0.553967,-0.032591,0.312712,0.532332,-0.035006
1780387436.042,left,four_fingers,0.380656,0.703172,0.000000,0.400783,0.681420,-0.010078,0.418571,0.642534,-0.015939,0.414529,0.611779,-0.021504,0.399536,0.617965,-0.027522,0.405238,0.572429,-0.012650,0.413082,0.521754,-0.021047,0.417209,0.489079,-0.027719,0.419484,0.459876,-0.033402,0.388872,0.567794,-0.015921,0.389997,0.509724,-0.023938,0.388656,0.470025,-0.031308,0.384726,0.436020,-0.036908,0.374809,0.578735,-0.020134,0.365373,0.524305,-0.029355,0.357046,0.489225,-0.037954,0.349453,0.458627,-0.044003,0.361287,0.602425,-0.025177,0.343750,0.569804,-0.034893,0.332067,0.547730,-0.040921,0.322118,0.525221,-0.045112
1780387436.618,left,four_fingers,0.344070,0.670377,0.000000,0.336450,0.613365,-0.000617,0.343397,0.562762,-0.004674,0.358883,0.533706,-0.008830,0.373523,0.521993,-0.013294,0.343445,0.551443,-0.018361,0.351256,0.479153,-0.028568,0.357741,0.438226,-0.033826,0.362033,0.405671,-0.036834,0.356699,0.566270,-0.023351,0.369214,0.496008,-0.033361,0.373773,0.453769,-0.038765,0.374536,0.421817,-0.041802,0.371496,0.588213,-0.027244,0.384832,0.532666,-0.037029,0.388277,0.501908,-0.041261,0.387787,0.478863,-0.043128,0.385388,0.613046,-0.030688,0.404493,0.584827,-0.038576,0.415589,0.567999,-0.040528,0.423957,0.553569,-0.040790
1780387437.134,left,four_fingers,0.327397,0.664439,0.000000,0.318358,0.608885,0.001611,0.324753,0.563874,-0.000999,0.341465,0.540889,-0.003981,0.356626,0.535895,-0.007335,0.325137,0.550483,-0.015057,0.331358,0.481167,-0.023857,0.336154,0.442220,-0.028212,0.339234,0.411323,-0.030691,0.341632,0.562669,-0.019917,0.352796,0.494934,-0.028018,0.357983,0.454781,-0.032881,0.359588,0.423637,-0.036050,0.358210,0.579901,-0.023686,0.371062,0.522732,-0.032233,0.375773,0.492771,-0.037622,0.376385,0.470709,-0.040526,0.372535,0.599158,-0.026742,0.392614,0.568676,-0.034221,0.404441,0.552656,-0.037726,0.413648,0.539034,-0.039331
1780387437.650,left,four_fingers,0.324088,0.658011,0.000000,0.314946,0.607498,0.000585,0.318968,0.558498,-0.002059,0.331483,0.527669,-0.004731,0.343923,0.512310,-0.007539,0.316374,0.548194,-0.014497,0.321765,0.483700,-0.022602,0.325653,0.446896,-0.026294,0.327797,0.418377,-0.028356,0.329775,0.559228,-0.019028,0.338626,0.494562,-0.027232,0.342089,0.456578,-0.031716,0.342441,0.428207,-0.034278,0.344755,0.575216,-0.022599,0.354987,0.520921,-0.030965,0.357420,0.486686,-0.036027,0.356514,0.460395,-0.038819,0.358944,0.593976,-0.025528,0.376487,0.565690,-0.032311,0.385875,0.548761,-0.034994,0.392826,0.533729,-0.036142
1780387438.160,left,four_fingers,0.327470,0.643767,0.000000,0.320151,0.595267,-0.001125,0.323756,0.548017,-0.004092,0.334499,0.512776,-0.007038,0.344673,0.489348,-0.009769,0.317222,0.540093,-0.011602,0.322246,0.479127,-0.019290,0.326694,0.444402,-0.023201,0.329079,0.417295,-0.025470,0.330076,0.549785,-0.015525,0.338586,0.488367,-0.022636,0.342098,0.453740,-0.026831,0.342315,0.427599,-0.029390,0.344562,0.564691,-0.018993,0.355479,0.513772,-0.026513,0.358504,0.483769,-0.030186,0.358075,0.460088,-0.032231,0.357980,0.582909,-0.022174,0.373193,0.557376,-0.028522,0.381767,0.542460,-0.030172,0.388032,0.529284,-0.030592
1780387438.698,left,four_fingers,0.297616,0.631709,0.000000,0.284311,0.582922,-0.000236,0.285235,0.532155,-0.003124,0.295968,0.497187,-0.005867,0.307721,0.477055,-0.008930,0.282018,0.522576,-0.015259,0.284142,0.458622,-0.023841,0.286460,0.419910,-0.028497,0.286961,0.389624,-0.031300,0.295982,0.531472,-0.019619,0.302439,0.466312,-0.027415,0.304497,0.425211,-0.032363,0.303855,0.394075,-0.035562,0.311978,0.545739,-0.023117,0.320273,0.487459,-0.031347,0.322194,0.448946,-0.037373,0.321735,0.420099,-0.041131,0.327378,0.563246,-0.026011,0.344110,0.532309,-0.033566,0.353433,0.512619,-0.037011,0.360743,0.496220,-0.038674
1780387439.235,left,four_fingers,0.337292,0.697292,0.000000,0.328857,0.637029,0.001284,0.340585,0.588496,-0.001288,0.360810,0.565990,-0.003922,0.378122,0.564018,-0.007172,0.343548,0.574559,-0.016246,0.354897,0.502466,-0.024145,0.363108,0.460561,-0.027834,0.369223,0.429383,-0.029860,0.363090,0.590078,-0.021068,0.382529,0.519548,-0.027730,0.393167,0.478144,-0.031666,0.399316,0.446771,-0.034160,0.380565,0.611569,-0.024586,0.403088,0.549920,-0.031407,0.415662,0.515603,-0.036050,0.423253,0.490271,-0.038926,0.393695,0.635768,-0.027355,0.418389,0.605127,-0.033677,0.433213,0.590427,-0.035405,0.444595,0.579016,-0.035700
1780387439.814,left,four_fingers,0.357075,0.778152,0.000000,0.355135,0.717457,-0.002914,0.372016,0.672524,-0.007246,0.396152,0.650302,-0.010090,0.414240,0.643694,-0.013251,0.376108,0.670683,-0.027381,0.399417,0.603887,-0.037340,0.413896,0.566757,-0.040088,0.426092,0.539282,-0.040998,0.391746,0.697972,-0.030266,0.421945,0.634790,-0.040363,0.440871,0.600800,-0.043735,0.454432,0.577924,-0.045641,0.405572,0.727744,-0.031797,0.439098,0.680057,-0.042476,0.460092,0.655036,-0.047296,0.474848,0.636845,-0.049481,0.416054,0.754119,-0.032541,0.448299,0.727795,-0.041142,0.467690,0.718463,-0.043755,0.483308,0.712128,-0.044630
1780387440.365,left,four_fingers,0.350563,0.795400,0.000000,0.345313,0.740657,-0.002111,0.357986,0.692470,-0.006214,0.377132,0.663742,-0.009463,0.392237,0.652360,-0.012990,0.356827,0.688743,-0.024425,0.374404,0.629000,-0.035268,0.387552,0.592795,-0.040630,0.398460,0.563429,-0.044066,0.369704,0.715119,-0.028634,0.395470,0.662171,-0.039426,0.413261,0.628529,-0.045251,0.426596,0.601690,-0.049562,0.383457,0.743349,-0.031710,0.412230,0.705600,-0.044188,0.430979,0.681555,-0.051484,0.444551,0.663406,-0.055587,0.396597,0.768836,-0.033949,0.428521,0.748270,-0.045798,0.446903,0.743267,-0.050928,0.461580,0.740323,-0.053552
1780387440.907,left,four_fingers,0.438003,0.751668,0.000000,0.433960,0.686014,-0.002452,0.450522,0.632911,-0.008379,0.475176,0.604412,-0.012548,0.496274,0.594572,-0.016899,0.448672,0.630637,-0.034997,0.471596,0.557529,-0.048640,0.487806,0.514857,-0.055231,0.500771,0.480737,-0.059191,0.462168,0.663478,-0.039259,0.495902,0.594613,-0.052958,0.517085,0.554150,-0.059066,0.530976,0.523494,-0.063388,0.477456,0.698216,-0.041521,0.515869,0.646438,-0.055232,0.539606,0.615391,-0.061755,0.555267,0.592280,-0.065339,0.491712,0.728602,-0.042683,0.530539,0.699804,-0.054438,0.552373,0.691493,-0.058050,0.568934,0.685503,-0.059530
1780387441.455,left,four_fingers,0.316918,0.643266,0.000000,0.311441,0.570875,0.001289,0.329045,0.515856,-0.001748,0.356474,0.493869,-0.004113,0.377956,0.491973,-0.006904,0.331831,0.504316,-0.022289,0.358089,0.428107,-0.031551,0.374454,0.386284,-0.034915,0.387605,0.355472,-0.036406,0.351133,0.531341,-0.027106,0.383481,0.454879,-0.035558,0.402842,0.411664,-0.039887,0.416143,0.378257,-0.042792,0.368877,0.561886,-0.030188,0.402118,0.495383,-0.039112,0.422641,0.459971,-0.045236,0.435882,0.433019,-0.048932,0.382474,0.591952,-0.032175,0.414908,0.558195,-0.040344,0.433722,0.542627,-0.043565,0.448054,0.528833,-0.044901
1780387441.968,left,four_fingers,0.211272,0.654785,0.000000,0.195954,0.581295,0.001862,0.201571,0.514040,-0.001956,0.219241,0.473329,-0.006139,0.238176,0.454840,-0.010407,0.194487,0.493930,-0.015974,0.205421,0.406000,-0.026435,0.214303,0.354528,-0.032355,0.220796,0.316911,-0.035593,0.215553,0.510944,-0.022492,0.234260,0.419306,-0.030929,0.244730,0.366553,-0.036669,0.250580,0.328371,-0.040529,0.238358,0.531871,-0.027838,0.258533,0.446117,-0.035591,0.268040,0.398574,-0.041055,0.272827,0.364751,-0.044621,0.259412,0.555043,-0.032497,0.283333,0.505699,-0.038634,0.296877,0.481582,-0.040094,0.307329,0.462385,-0.040268
1780387442.469,left,four_fingers,0.245673,0.623640,0.000000,0.268661,0.592109,-0.006436,0.275423,0.533307,-0.008434,0.268420,0.498810,-0.010726,0.256037,0.500662,-0.013423,0.244119,0.457618,-0.001122,0.246130,0.398521,-0.007101,0.248849,0.358222,-0.013536,0.250838,0.325037,-0.018599,0.232283,0.460319,-0.005731,0.228874,0.392762,-0.010325,0.226297,0.346138,-0.016685,0.223924,0.308046,-0.021721,0.223258,0.475044,-0.011960,0.217827,0.412780,-0.020328,0.213217,0.364621,-0.029981,0.209043,0.325578,-0.037026,0.216873,0.498927,-0.018850,0.222233,0.453158,-0.027761,0.230027,0.433732,-0.032224,0.235434,0.421637,-0.035513
1780387443.017,left,four_fingers,0.239583,0.685723,0.000000,0.266173,0.647633,-0.015501,0.278797,0.591790,-0.022655,0.253471,0.562643,-0.028382,0.227455,0.566625,-0.034306,0.265623,0.517839,-0.016946,0.280669,0.448387,-0.027191,0.287683,0.402646,-0.035060,0.291532,0.366033,-0.040842,0.238668,0.509350,-0.018415,0.240592,0.426532,-0.025972,0.239822,0.373595,-0.033363,0.238084,0.333278,-0.038964,0.215478,0.520467,-0.021568,0.206324,0.443560,-0.030399,0.202024,0.392385,-0.040583,0.198795,0.351515,-0.047754,0.194477,0.548140,-0.025957,0.173422,0.499318,-0.035798,0.160283,0.465997,-0.041899,0.149349,0.435635,-0.045950
1780387443.538,left,four_fingers,0.221801,0.692763,0.000000,0.248500,0.650728,-0.013661,0.258635,0.590182,-0.019020,0.233105,0.558010,-0.023280,0.207757,0.562410,-0.027940,0.245532,0.513752,-0.013757,0.259588,0.440338,-0.022430,0.265363,0.393262,-0.029423,0.268401,0.355637,-0.034788,0.218889,0.506979,-0.015262,0.220964,0.423687,-0.021564,0.219911,0.370871,-0.028485,0.217441,0.331571,-0.033867,0.195535,0.519639,-0.018374,0.186487,0.442987,-0.025789,0.181932,0.389801,-0.035966,0.178093,0.347179,-0.043451,0.174194,0.547694,-0.022617,0.154728,0.498491,-0.031509,0.142192,0.463718,-0.037795,0.131610,0.432391,-0.042139
1780387444.053,left,four_fingers,0.212947,0.649787,0.000000,0.240369,0.607532,-0.013926,0.249618,0.548320,-0.018265,0.224387,0.516403,-0.021464,0.200722,0.521510,-0.024801,0.238105,0.481348,-0.009390,0.252251,0.414436,-0.016735,0.258215,0.370184,-0.023281,0.261394,0.334828,-0.028403,0.214499,0.473552,-0.009899,0.217828,0.396908,-0.015162,0.218330,0.347967,-0.021198,0.217687,0.310059,-0.025780,0.193548,0.483843,-0.012395,0.186431,0.413211,-0.019275,0.183359,0.365636,-0.028175,0.180863,0.326914,-0.034428,0.173284,0.508939,-0.016190,0.155678,0.464308,-0.024300,0.144932,0.431342,-0.029821,0.136038,0.400684,-0.033530
1780387444.599,left,four_fingers,0.256809,0.512501,0.000000,0.283420,0.481240,-0.009253,0.298524,0.429948,-0.011691,0.282553,0.392173,-0.014020,0.261499,0.385600,-0.016463,0.295381,0.376136,-0.003527,0.312826,0.324163,-0.009742,0.321207,0.290162,-0.015574,0.327185,0.261496,-0.020202,0.275792,0.364359,-0.005377,0.284076,0.301421,-0.009996,0.288475,0.261787,-0.015563,0.291724,0.230183,-0.020100,0.256612,0.366206,-0.008957,0.258397,0.306136,-0.015168,0.261544,0.269031,-0.021994,0.264477,0.238526,-0.026950,0.235937,0.378318,-0.013532,0.227584,0.334978,-0.019905,0.222702,0.306921,-0.023398,0.219105,0.281523,-0.026023
1780387445.187,left,four_fingers,0.269786,0.374155,0.000000,0.289413,0.349137,-0.014188,0.297284,0.307279,-0.016364,0.285943,0.274688,-0.016868,0.271278,0.265345,-0.016340,0.309664,0.266594,-0.000255,0.323033,0.220960,-0.001581,0.329064,0.192570,-0.004923,0.333366,0.167480,-0.007668,0.293454,0.257272,0.003795,0.300467,0.208849,0.005124,0.304726,0.177483,0.002483,0.309105,0.153221,0.000103,0.278124,0.259306,0.005541,0.282323,0.218071,0.006157,0.286694,0.194028,0.002631,0.290873,0.174567,-0.000180,0.263860,0.268638,0.005394,0.262983,0.238056,0.005432,0.262754,0.219452,0.004800,0.263728,0.203338,0.004197
1780387445.730,left,four_fingers,0.231455,0.334217,0.000000,0.242565,0.303375,-0.014027,0.243495,0.262527,-0.016236,0.232640,0.234314,-0.016772,0.222885,0.221426,-0.016362,0.255926,0.231195,-0.003313,0.262304,0.183136,-0.005992,0.264536,0.151915,-0.009097,0.265616,0.126735,-0.010933,0.242884,0.228356,0.001428,0.246029,0.182696,-0.000542,0.247365,0.150919,-0.004061,0.249002,0.126219,-0.006098,0.231599,0.233434,0.004166,0.230357,0.199456,0.000327,0.229834,0.194995,-0.003250,0.230588,0.193827,-0.003959,0.222201,0.242997,0.005452,0.221163,0.212572,0.003459,0.221546,0.199546,0.002751,0.222849,0.190897,0.002971
1780387446.256,left,four_fingers,0.185975,0.281875,0.000000,0.196913,0.254710,-0.014745,0.197787,0.213752,-0.018076,0.184565,0.185665,-0.019157,0.172711,0.174535,-0.019504,0.208156,0.173233,-0.010147,0.212922,0.120457,-0.015863,0.212337,0.086422,-0.020758,0.211300,0.058728,-0.024111,0.192520,0.167626,-0.006195,0.193329,0.114254,-0.010554,0.192813,0.077960,-0.015502,0.192768,0.050290,-0.018851,0.179043,0.171172,-0.004062,0.173443,0.124648,-0.009012,0.168276,0.094880,-0.015839,0.164424,0.070004,-0.020148,0.168538,0.182253,-0.003259,0.160766,0.148371,-0.008619,0.155105,0.128955,-0.012883,0.150270,0.112371,-0.015459
1780387446.767,left,four_fingers,0.185824,0.295839,0.000000,0.192409,0.276819,-0.018387,0.193683,0.238405,-0.023782,0.186508,0.206068,-0.026632,0.177949,0.189123,-0.028258,0.216341,0.184203,-0.011479,0.222288,0.130811,-0.018899,0.223406,0.094415,-0.026212,0.223074,0.063720,-0.031391,0.204552,0.171956,-0.007201,0.209309,0.115507,-0.012833,0.210715,0.076725,-0.019055,0.213160,0.043436,-0.023407,0.193365,0.169125,-0.005218,0.196584,0.121628,-0.010258,0.199401,0.095069,-0.015267,0.203301,0.073940,-0.018241,0.183692,0.174665,-0.005393,0.185895,0.136992,-0.009141,0.187475,0.114925,-0.011082,0.189591,0.096920,-0.012146
1780387447.283,left,four_fingers,0.112771,0.285148,0.000000,0.102218,0.270640,-0.019414,0.089059,0.231657,-0.024972,0.077920,0.199691,-0.026589,0.068677,0.177553,-0.027173,0.106586,0.179497,-0.016033,0.099299,0.125205,-0.023721,0.091942,0.082967,-0.031209,0.085216,0.048775,-0.036399,0.101520,0.176100,-0.009199,0.094576,0.123966,-0.015620,0.088265,0.081110,-0.022371,0.083751,0.046235,-0.026882,0.096310,0.177039,-0.004137,0.090170,0.128383,-0.010798,0.083763,0.090978,-0.016928,0.078620,0.057392,-0.020292,0.092102,0.181264,-0.000651,0.087143,0.140198,-0.006748,0.082157,0.111480,-0.010440,0.079150,0.083837,-0.012307
1780387447.799,left,four_fingers,0.121244,0.373146,0.000000,0.129131,0.354327,-0.019073,0.121191,0.310354,-0.024263,0.103945,0.282105,-0.026777,0.087994,0.269623,-0.028187,0.127613,0.238795,-0.010829,0.125433,0.179072,-0.018443,0.122389,0.140476,-0.025703,0.118016,0.110009,-0.030778,0.115210,0.232779,-0.006369,0.115357,0.170176,-0.012010,0.113882,0.130499,-0.017782,0.113188,0.097936,-0.021540,0.104043,0.236018,-0.004485,0.105710,0.180426,-0.009069,0.105844,0.145647,-0.013409,0.106026,0.116042,-0.016020,0.094020,0.245965,-0.004778,0.095566,0.201435,-0.007720,0.096193,0.173590,-0.008824,0.097058,0.149522,-0.009346
1780387448.327,left,four_fingers,0.160711,0.430575,0.000000,0.174386,0.398267,-0.016440,0.171016,0.355223,-0.021644,0.150150,0.330042,-0.025075,0.133025,0.324185,-0.027716,0.179412,0.298272,-0.006190,0.187364,0.243330,-0.013286,0.193030,0.208664,-0.020719,0.197750,0.179379,-0.025892,0.163930,0.290241,-0.003354,0.169509,0.230078,-0.007815,0.174980,0.192858,-0.013303,0.181260,0.161623,-0.017286,0.149603,0.293627,-0.003171,0.151187,0.236962,-0.007651,0.155538,0.205988,-0.011985,0.160317,0.182404,-0.014591,0.136369,0.305686,-0.005021,0.135392,0.260018,-0.007771,0.138418,0.237017,-0.008060,0.141755,0.220510,-0.008148
1780387448.850,left,four_fingers,0.178787,0.433044,0.000000,0.189898,0.398055,-0.020458,0.181802,0.349263,-0.023390,0.156945,0.326654,-0.023099,0.137396,0.325467,-0.021940,0.184623,0.285493,-0.003650,0.190183,0.232473,-0.008326,0.196973,0.198116,-0.014302,0.203939,0.169441,-0.018792,0.168822,0.286807,0.002134,0.171313,0.232326,0.001806,0.177219,0.200574,-0.001703,0.185742,0.176025,-0.004401,0.154849,0.303576,0.004505,0.150048,0.254910,-0.001278,0.155028,0.235313,-0.008487,0.162573,0.219878,-0.012596,0.144449,0.330428,0.004863,0.136314,0.309803,-0.004779,0.143898,0.322433,-0.008195,0.152583,0.340833,-0.008901
1780387449.364,left,four_fingers,0.196102,0.439909,0.000000,0.179351,0.433479,-0.024978,0.160077,0.397267,-0.033887,0.143775,0.366568,-0.038520,0.127986,0.350380,-0.042045,0.165208,0.320060,-0.020156,0.151587,0.258500,-0.031057,0.154333,0.218479,-0.040544,0.160573,0.186654,-0.045886,0.166881,0.311990,-0.010853,0.159091,0.248751,-0.020062,0.162565,0.208312,-0.029369,0.169842,0.174501,-0.035377,0.166607,0.310254,-0.003846,0.159219,0.255668,-0.011873,0.160578,0.216761,-0.021384,0.167070,0.184094,-0.027074,0.165821,0.313074,0.001155,0.158280,0.267388,-0.004107,0.158084,0.234092,-0.009432,0.161544,0.204720,-0.013029
1780387449.880,left,four_fingers,0.183988,0.437022,0.000000,0.178961,0.423458,-0.020098,0.163050,0.388156,-0.027257,0.144204,0.361944,-0.031866,0.127082,0.354474,-0.035308,0.158077,0.311393,-0.013267,0.149519,0.249171,-0.025168,0.154264,0.208490,-0.035194,0.161925,0.178274,-0.040657,0.150099,0.304766,-0.007848,0.143652,0.239577,-0.016743,0.148875,0.199616,-0.023939,0.158480,0.170436,-0.027946,0.144593,0.305642,-0.005012,0.137165,0.246804,-0.012208,0.141020,0.209370,-0.017641,0.149305,0.179539,-0.020375,0.141565,0.312602,-0.004393,0.134107,0.263798,-0.009201,0.135694,0.230515,-0.011379,0.140828,0.203227,-0.012159
1780387450.405,left,four_fingers,0.177828,0.447486,0.000000,0.194707,0.407962,-0.012046,0.196007,0.351174,-0.014552,0.169955,0.329887,-0.015892,0.149220,0.343043,-0.016674,0.186527,0.298141,-0.005146,0.199254,0.246663,-0.010446,0.207189,0.216025,-0.015103,0.212624,0.191922,-0.018538,0.165579,0.294915,-0.004640,0.164927,0.240587,-0.006722,0.166292,0.206730,-0.008887,0.167101,0.182606,-0.010347,0.148331,0.309051,-0.006343,0.133672,0.265312,-0.010881,0.126042,0.235992,-0.015691,0.120169,0.211962,-0.018624,0.133749,0.335813,-0.009379,0.112678,0.312111,-0.016096,0.098968,0.295113,-0.019618,0.086876,0.278878,-0.021312
1780387450.911,left,four_fingers,0.219742,0.518214,0.000000,0.236100,0.480649,-0.007562,0.237718,0.430318,-0.008087,0.216284,0.411440,-0.008246,0.199015,0.423293,-0.008098,0.229500,0.385705,-0.000513,0.240834,0.341308,-0.003247,0.247672,0.313563,-0.006035,0.252792,0.292065,-0.008372,0.211220,0.384536,-0.001289,0.211186,0.334798,-0.001778,0.213332,0.305537,-0.003333,0.215102,0.284976,-0.004706,0.195567,0.398106,-0.003801,0.182979,0.359774,-0.006841,0.177738,0.333662,-0.012081,0.174154,0.313001,-0.015734,0.181696,0.421989,-0.007226,0.163279,0.398420,-0.012075,0.151864,0.384104,-0.015410,0.141756,0.371618,-0.017654
1780387451.423,left,four_fingers,0.248816,0.622221,0.000000,0.261004,0.586282,-0.010635,0.259743,0.543623,-0.012948,0.238454,0.529004,-0.014185,0.222672,0.536355,-0.014725,0.254197,0.500377,-0.003060,0.259690,0.454915,-0.007212,0.264565,0.428452,-0.011274,0.269721,0.407196,-0.014199,0.238078,0.502475,-0.001815,0.237154,0.455819,-0.003339,0.239536,0.427429,-0.005718,0.243456,0.405638,-0.007632,0.224578,0.516833,-0.002549,0.215627,0.482476,-0.005345,0.213930,0.460416,-0.009523,0.214688,0.443188,-0.012569,0.213008,0.540090,-0.004616,0.199043,0.520668,-0.008157,0.191136,0.510422,-0.010195,0.185048,0.501433,-0.011665
1780387451.924,left,four_fingers,0.253897,0.631323,0.000000,0.261570,0.600941,-0.015110,0.253430,0.561457,-0.017305,0.233516,0.548043,-0.017309,0.218739,0.552581,-0.016201,0.252981,0.518564,-0.003710,0.254476,0.474474,-0.007318,0.257659,0.448135,-0.010644,0.262232,0.427200,-0.012443,0.240511,0.523356,0.000958,0.240293,0.479195,0.002169,0.242888,0.451576,0.002352,0.246868,0.428939,0.002848,0.230884,0.538461,0.002856,0.225257,0.501709,0.001139,0.226561,0.482053,-0.001327,0.229226,0.464431,-0.002221,0.223144,0.559605,0.002908,0.211970,0.540488,-0.000625,0.208042,0.535228,-0.002005,0.206113,0.531655,-0.002049
1780387452.451,left,four_fingers,0.203322,0.682805,0.000000,0.216651,0.654007,-0.015293,0.217619,0.612816,-0.020935,0.208073,0.583649,-0.025047,0.201737,0.568648,-0.028819,0.201509,0.552643,-0.010941,0.205087,0.501594,-0.019791,0.209762,0.468411,-0.027446,0.215059,0.442920,-0.032276,0.182783,0.554734,-0.008490,0.178487,0.501434,-0.014086,0.180044,0.467574,-0.018944,0.183691,0.442645,-0.021958,0.168145,0.571896,-0.008115,0.156310,0.527251,-0.013799,0.152533,0.503170,-0.017826,0.152197,0.483234,-0.020318,0.156761,0.600736,-0.009356,0.143189,0.577248,-0.014821,0.136776,0.565459,-0.016576,0.132864,0.554434,-0.017126
1780387452.960,left,four_fingers,0.138694,0.777978,0.000000,0.139164,0.763437,-0.021350,0.131086,0.738470,-0.033015,0.114642,0.725298,-0.042432,0.100827,0.722048,-0.051323,0.110491,0.648523,-0.020286,0.105734,0.592752,-0.033377,0.103141,0.555648,-0.044571,0.102930,0.526821,-0.052200,0.092384,0.654099,-0.017864,0.077696,0.598998,-0.028145,0.071253,0.564178,-0.036416,0.069835,0.535586,-0.041673,0.080702,0.676068,-0.017809,0.059155,0.630987,-0.027382,0.050497,0.606616,-0.034191,0.047570,0.581103,-0.038605,0.074488,0.709505,-0.019828,0.054849,0.692665,-0.029277,0.044995,0.683950,-0.033950,0.039623,0.670673,-0.036397
1780387453.479,left,four_fingers,0.195900,0.860413,0.000000,0.197460,0.851711,-0.027316,0.190262,0.833646,-0.041880,0.172154,0.828766,-0.053046,0.154154,0.826710,-0.063092,0.156888,0.740742,-0.024716,0.150464,0.688304,-0.039174,0.144360,0.650655,-0.051648,0.140878,0.620884,-0.060208,0.139210,0.750748,-0.019350,0.121580,0.707000,-0.030930,0.112191,0.673525,-0.039334,0.107776,0.643549,-0.044742,0.129886,0.775241,-0.016993,0.106334,0.744548,-0.028293,0.095277,0.725272,-0.034310,0.088209,0.702903,-0.037792,0.127082,0.807667,-0.017263,0.106782,0.799118,-0.028113,0.094579,0.794710,-0.032932,0.085279,0.784719,-0.035208
1780387453.981,left,four_fingers,0.304532,0.876482,0.000000,0.312426,0.846358,-0.017656,0.310135,0.819072,-0.029913,0.296461,0.811709,-0.040904,0.284538,0.819159,-0.051953,0.283531,0.752868,-0.023973,0.278275,0.695760,-0.038251,0.273718,0.658650,-0.048690,0.269596,0.628178,-0.055641,0.261884,0.762300,-0.023788,0.244332,0.705649,-0.034247,0.232579,0.669291,-0.041272,0.222497,0.639235,-0.046001,0.247867,0.787858,-0.025285,0.220039,0.752184,-0.035096,0.202467,0.729690,-0.042404,0.188865,0.707678,-0.047263,0.241120,0.824964,-0.028347,0.215105,0.813174,-0.037588,0.198744,0.805889,-0.041891,0.185541,0.795723,-0.044383
1780387454.520,left,four_fingers,0.444124,0.832289,0.000000,0.459582,0.800656,-0.009287,0.467968,0.769399,-0.017141,0.453409,0.772640,-0.024786,0.438785,0.794868,-0.033688,0.448046,0.723177,-0.021117,0.454166,0.666290,-0.031265,0.455471,0.632395,-0.037379,0.454383,0.602762,-0.041975,0.430709,0.728602,-0.024717,0.425279,0.672254,-0.033037,0.418984,0.635455,-0.039673,0.411166,0.606884,-0.044729,0.418787,0.749982,-0.028507,0.398533,0.710709,-0.037935,0.384377,0.685894,-0.046599,0.371859,0.665882,-0.052755,0.411418,0.781936,-0.032619,0.390471,0.771264,-0.042175,0.376257,0.764972,-0.047094,0.363063,0.759100,-0.050391
1780387455.048,left,four_fingers,0.514577,0.778194,0.000000,0.520357,0.777368,-0.005119,0.525591,0.767497,-0.009935,0.528355,0.755967,-0.014799,0.527482,0.750568,-0.021158,0.527176,0.711098,-0.014159,0.519523,0.677640,-0.022094,0.514876,0.655442,-0.027977,0.509877,0.635281,-0.032283,0.534424,0.700727,-0.017903,0.542850,0.658455,-0.024411,0.546266,0.629523,-0.030011,0.547142,0.602896,-0.034248,0.536888,0.701523,-0.021827,0.543826,0.663336,-0.029521,0.546999,0.632637,-0.038347,0.547879,0.604892,-0.045013,0.536325,0.709925,-0.025584,0.534358,0.695493,-0.032222,0.531374,0.688823,-0.035842,0.527270,0.686160,-0.038706
1780387455.584,left,four_fingers,0.574961,0.785749,0.000000,0.587390,0.744438,0.002650,0.609168,0.727862,0.000034,0.627403,0.732633,-0.004594,0.639671,0.740361,-0.009528,0.616290,0.709625,-0.005473,0.640901,0.679083,-0.013926,0.652195,0.657047,-0.019124,0.659704,0.634830,-0.021702,0.623174,0.725563,-0.011825,0.645792,0.684791,-0.019804,0.656170,0.650877,-0.023510,0.662782,0.620688,-0.025093,0.627821,0.748226,-0.017649,0.647647,0.723910,-0.025276,0.639529,0.732396,-0.022720,0.630463,0.739205,-0.018479,0.630428,0.774514,-0.023438,0.644233,0.752237,-0.026715,0.636820,0.756116,-0.021525,0.629286,0.764084,-0.016019
1780387456.108,left,four_fingers,0.621131,0.778594,-0.000000,0.629510,0.737731,0.003223,0.647751,0.706371,0.003909,0.665640,0.687241,0.004702,0.678066,0.675186,0.004633,0.666608,0.692135,-0.008971,0.687659,0.652737,-0.012425,0.695733,0.630263,-0.013704,0.702382,0.613682,-0.014652,0.677917,0.712859,-0.012054,0.706116,0.675618,-0.017958,0.719634,0.649737,-0.021359,0.730296,0.630164,-0.023785,0.682951,0.744578,-0.013969,0.717241,0.731430,-0.022017,0.735249,0.716015,-0.029084,0.749180,0.705019,-0.033442,0.683995,0.780847,-0.014316,0.708497,0.789627,-0.021488,0.722856,0.791479,-0.025343,0.735045,0.792047,-0.027529
1780387456.622,left,four_fingers,0.628787,0.762829,0.000000,0.630918,0.708684,-0.001634,0.644585,0.677834,-0.002159,0.660320,0.677172,-0.001488,0.670132,0.683345,-0.001040,0.680462,0.678399,-0.010847,0.703371,0.637243,-0.014000,0.717433,0.616295,-0.014283,0.729608,0.603383,-0.014297,0.689471,0.707281,-0.011271,0.721506,0.678858,-0.016137,0.740502,0.664724,-0.018418,0.756099,0.657945,-0.019194,0.689772,0.735134,-0.011049,0.718838,0.727773,-0.017929,0.738330,0.726287,-0.024170,0.754338,0.727512,-0.027230,0.683512,0.758457,-0.010061,0.704005,0.768364,-0.016413,0.715706,0.775892,-0.019883,0.726033,0.782895,-0.021250
1780387457.200,left,four_fingers,0.676230,0.742781,0.000000,0.670929,0.698302,-0.008413,0.677364,0.671856,-0.006302,0.689031,0.666832,0.000177,0.696737,0.674119,0.008453,0.718353,0.657312,-0.008247,0.736077,0.615786,-0.004868,0.745948,0.594638,-0.001164,0.755305,0.582477,0.002059,0.723892,0.676586,0.002856,0.746082,0.649141,0.008069,0.757855,0.635466,0.012904,0.768178,0.628852,0.016657,0.723001,0.696623,0.013863,0.735170,0.688834,0.019409,0.742837,0.683249,0.017186,0.750094,0.682041,0.015970,0.717700,0.710091,0.024641,0.721990,0.709037,0.028973,0.720750,0.707590,0.027659,0.720410,0.711441,0.027121
1780387457.750,left,four_fingers,0.696759,0.764674,0.000000,0.686608,0.727563,0.006455,0.685539,0.700749,0.013145,0.683032,0.688679,0.018235,0.686087,0.683500,0.023362,0.717770,0.689732,0.023644,0.724432,0.660884,0.038825,0.728595,0.647274,0.049933,0.732566,0.641144,0.058048,0.723074,0.708931,0.025801,0.731402,0.690197,0.045373,0.733742,0.683422,0.057079,0.737356,0.681369,0.065043,0.724371,0.729397,0.027464,0.724292,0.717266,0.044133,0.720412,0.711554,0.049184,0.718714,0.710027,0.051681,0.723058,0.745835,0.029117,0.721194,0.742055,0.041118,0.719066,0.740370,0.045171,0.717360,0.741271,0.047946
1780387458.408,left,four_fingers,0.708695,0.784695,0.000000,0.693053,0.746904,0.003787,0.690761,0.714578,0.010188,0.691672,0.702256,0.016138,0.693941,0.698978,0.021601,0.723235,0.696174,0.016240,0.726289,0.673073,0.028970,0.730325,0.659875,0.036014,0.734470,0.650262,0.040269,0.730654,0.710845,0.018752,0.724367,0.692121,0.034276,0.717693,0.682937,0.039254,0.713610,0.679933,0.041405,0.732334,0.729555,0.021359,0.717015,0.718609,0.032555,0.707599,0.720198,0.030286,0.703372,0.725804,0.027658,0.731863,0.745428,0.024470,0.718495,0.736525,0.031837,0.710697,0.738919,0.031745,0.705713,0.744856,0.031277
1780387458.914,left,four_fingers,0.765686,0.852956,0.000000,0.759050,0.805321,-0.001682,0.764617,0.773428,-0.000797,0.769645,0.762384,0.000993,0.772809,0.763774,0.002941,0.802340,0.772427,0.001633,0.814461,0.737741,0.004932,0.822912,0.720799,0.006259,0.831531,0.710364,0.006867,0.809192,0.789439,0.004354,0.820195,0.756790,0.010168,0.824303,0.739974,0.012164,0.829805,0.730379,0.012929,0.810709,0.807639,0.006946,0.824234,0.785453,0.011704,0.834374,0.770933,0.010467,0.842959,0.762251,0.008662,0.807231,0.822496,0.009554,0.815130,0.813102,0.013166,0.819054,0.807111,0.014220,0.822343,0.803528,0.014747
1780387459.441,left,four_fingers,0.756814,0.817255,0.000000,0.753259,0.765193,-0.002804,0.762208,0.740352,-0.003228,0.771923,0.738581,-0.002826,0.777727,0.741859,-0.002885,0.803463,0.742282,-0.005919,0.816926,0.707693,-0.008460,0.827455,0.687815,-0.010336,0.836454,0.675867,-0.011821,0.812531,0.772452,-0.006433,0.837600,0.750305,-0.007731,0.853314,0.736250,-0.009518,0.866835,0.729261,-0.010700,0.812473,0.801945,-0.007125,0.836384,0.795264,-0.012610,0.853320,0.791650,-0.019415,0.867318,0.792184,-0.023519,0.805607,0.826927,-0.007394,0.819180,0.842808,-0.015719,0.828608,0.853155,-0.020779,0.836533,0.862899,-0.023123
1780387459.964,left,four_fingers,0.784300,0.848395,0.000000,0.794213,0.798327,0.001153,0.811826,0.777993,0.001252,0.827063,0.781521,0.001116,0.836634,0.788747,0.000509,0.837100,0.783793,-0.005914,0.854966,0.751426,-0.011868,0.869006,0.732937,-0.015565,0.880585,0.720954,-0.017839,0.845988,0.815731,-0.009670,0.875528,0.797494,-0.014647,0.894673,0.787654,-0.018051,0.909546,0.782290,-0.019806,0.846930,0.847847,-0.013170,0.874597,0.849439,-0.021048,0.892169,0.852174,-0.027008,0.906274,0.855324,-0.029868,0.841640,0.876859,-0.015909,0.860904,0.901012,-0.024228,0.873453,0.915259,-0.027608,0.884511,0.926711,-0.028436
1780387460.497,left,four_fingers,0.778324,0.804666,0.000000,0.789346,0.743198,0.003252,0.810105,0.719448,0.004619,0.829549,0.723581,0.005837,0.841585,0.733499,0.006417,0.838378,0.725275,-0.005743,0.857617,0.689373,-0.012878,0.871394,0.666731,-0.017075,0.882583,0.649666,-0.019366,0.849800,0.757597,-0.010543,0.884891,0.726618,-0.017619,0.906030,0.709659,-0.021221,0.922700,0.698748,-0.022580,0.852656,0.791080,-0.014787,0.885689,0.784514,-0.023897,0.905912,0.782927,-0.029317,0.922191,0.782241,-0.031373,0.848149,0.821931,-0.018079,0.872826,0.837503,-0.025946,0.887583,0.848345,-0.028154,0.900161,0.856283,-0.028125
1780387461.024,left,four_fingers,0.729391,0.675622,0.000000,0.729151,0.602096,0.000970,0.747193,0.564367,0.000334,0.769896,0.562240,-0.000047,0.785329,0.572715,-0.001226,0.777310,0.550113,-0.011163,0.796307,0.493521,-0.019499,0.809894,0.457737,-0.023367,0.820826,0.432712,-0.024884,0.796446,0.580188,-0.014650,0.832492,0.528353,-0.021780,0.855230,0.497652,-0.024372,0.872918,0.477522,-0.024693,0.806300,0.613650,-0.017515,0.840515,0.577851,-0.025081,0.862984,0.559040,-0.029743,0.880645,0.546656,-0.031476,0.807339,0.647859,-0.019730,0.833109,0.640976,-0.025797,0.847990,0.638256,-0.026946,0.859496,0.637279,-0.026137
1780387461.532,left,four_fingers,0.757442,0.528113,0.000000,0.748796,0.465954,0.002803,0.762812,0.426651,0.003608,0.782094,0.413444,0.004707,0.796670,0.415114,0.004331,0.791447,0.398970,-0.007597,0.807360,0.348800,-0.009951,0.815600,0.322108,-0.009913,0.823104,0.302824,-0.009614,0.814660,0.421730,-0.010461,0.840749,0.368374,-0.013174,0.856492,0.338420,-0.014676,0.870793,0.318316,-0.015496,0.828214,0.454619,-0.012363,0.858733,0.413175,-0.019802,0.878179,0.389058,-0.027429,0.894749,0.372304,-0.031861,0.833703,0.488787,-0.012745,0.861640,0.482962,-0.020487,0.879001,0.480593,-0.024257,0.893290,0.478365,-0.025887
1780387462.097,left,four_fingers,0.759457,0.476338,0.000000,0.752680,0.412462,0.005964,0.768158,0.371784,0.008867,0.787867,0.355420,0.011686,0.802866,0.357241,0.012975,0.795171,0.344921,-0.005624,0.810414,0.294011,-0.007415,0.818806,0.264736,-0.006295,0.826855,0.241844,-0.005506,0.817303,0.368465,-0.009794,0.845110,0.315131,-0.013986,0.861957,0.284169,-0.015173,0.877029,0.262705,-0.015342,0.830329,0.402623,-0.012713,0.862157,0.365636,-0.021345,0.881583,0.340537,-0.028895,0.897862,0.323279,-0.032754,0.835953,0.438250,-0.013810,0.864953,0.432864,-0.022656,0.881530,0.429531,-0.027224,0.894963,0.426442,-0.029165
1780387462.605,left,four_fingers,0.742310,0.452865,0.000000,0.736557,0.391877,0.001689,0.749582,0.355986,0.001234,0.769166,0.347015,0.000562,0.784465,0.350924,-0.001256,0.777994,0.322897,-0.008182,0.794855,0.270244,-0.013863,0.806025,0.238509,-0.016218,0.814844,0.214152,-0.017394,0.799219,0.346705,-0.012736,0.830020,0.290800,-0.018850,0.848905,0.256722,-0.021899,0.863645,0.231683,-0.023189,0.811613,0.380338,-0.016802,0.843540,0.341247,-0.026032,0.863762,0.314978,-0.033166,0.880262,0.294622,-0.036728,0.816319,0.417553,-0.019844,0.846144,0.410198,-0.028311,0.864743,0.405212,-0.031701,0.880167,0.399793,-0.032740
1780387463.145,left,four_fingers,0.550033,0.459780,0.000000,0.562526,0.391336,0.010045,0.581986,0.343408,0.009445,0.603879,0.320124,0.006224,0.623955,0.318975,0.001721,0.591756,0.325063,-0.007506,0.623987,0.271634,-0.017819,0.640888,0.236159,-0.023065,0.651098,0.205481,-0.025873,0.602448,0.346023,-0.019076,0.645716,0.284963,-0.029690,0.669507,0.244314,-0.036093,0.685624,0.209911,-0.039850,0.613246,0.379164,-0.029196,0.659032,0.336231,-0.039537,0.684709,0.305755,-0.046143,0.702678,0.278841,-0.050001,0.621631,0.421739,-0.037801,0.658503,0.408567,-0.044810,0.678869,0.400799,-0.046319,0.695100,0.391884,-0.046794
1780387463.655,left,four_fingers,0.409027,0.510114,0.000000,0.418310,0.454915,0.001812,0.431981,0.405489,-0.004085,0.443060,0.371715,-0.011658,0.454530,0.352122,-0.019020,0.439622,0.371445,-0.015969,0.475308,0.331942,-0.029716,0.493819,0.304537,-0.037717,0.505332,0.277421,-0.042197,0.443143,0.389417,-0.024928,0.475773,0.332294,-0.039498,0.492227,0.291622,-0.047071,0.503433,0.254393,-0.051272,0.448356,0.418270,-0.032810,0.486308,0.379538,-0.046950,0.499276,0.387680,-0.047839,0.503990,0.393924,-0.045569,0.454876,0.455322,-0.040273,0.482414,0.434484,-0.048484,0.497060,0.426000,-0.047490,0.508420,0.418652,-0.044972
1780387464.191,left,four_fingers,0.384850,0.625339,0.000000,0.387139,0.570122,-0.000598,0.400057,0.521737,-0.004120,0.416667,0.495945,-0.007890,0.431764,0.484292,-0.011948,0.397693,0.508760,-0.016901,0.419123,0.453442,-0.026712,0.428903,0.420868,-0.031835,0.432900,0.391446,-0.035079,0.405530,0.528588,-0.022971,0.426827,0.472175,-0.033263,0.435910,0.434512,-0.040076,0.439413,0.401298,-0.044495,0.415202,0.555538,-0.028091,0.437666,0.513493,-0.039682,0.449174,0.482644,-0.047534,0.455624,0.454199,-0.052237,0.424750,0.586746,-0.032482,0.447551,0.573385,-0.042673,0.460987,0.568440,-0.046659,0.471308,0.564192,-0.048624
1780387464.721,left,four_fingers,0.374939,0.688014,0.000000,0.370747,0.636104,0.000004,0.379485,0.594120,-0.002607,0.395846,0.569484,-0.004442,0.410452,0.562061,-0.006647,0.386187,0.589902,-0.018449,0.400384,0.533238,-0.026771,0.408636,0.500594,-0.030413,0.415258,0.475018,-0.032367,0.401014,0.610405,-0.021879,0.421012,0.556341,-0.029509,0.432541,0.525507,-0.033162,0.440554,0.501648,-0.035547,0.414435,0.633631,-0.024152,0.439511,0.590106,-0.032620,0.454416,0.565338,-0.037264,0.464519,0.546622,-0.039735,0.424647,0.656089,-0.025552,0.450082,0.634356,-0.032975,0.464516,0.625558,-0.035258,0.476207,0.618737,-0.035954
1780387465.247,left,four_fingers,0.345801,0.707298,0.000000,0.339401,0.652584,0.001799,0.349895,0.610432,0.000262,0.369054,0.591051,-0.000895,0.385182,0.589625,-0.002357,0.354983,0.602984,-0.014995,0.367625,0.543709,-0.021266,0.374376,0.508834,-0.023405,0.379655,0.481048,-0.024368,0.370868,0.621473,-0.019066,0.390087,0.559433,-0.024768,0.401335,0.524834,-0.027752,0.409342,0.498354,-0.029740,0.385594,0.642929,-0.021833,0.409754,0.590227,-0.029033,0.424379,0.562612,-0.033779,0.435013,0.542267,-0.036305,0.397169,0.663540,-0.023589,0.423163,0.635262,-0.029618,0.438330,0.625833,-0.031318,0.450451,0.619052,-0.031659
1780387465.796,left,four_fingers,0.363745,0.748614,0.000000,0.390364,0.733304,-0.006139,0.409332,0.713654,-0.013984,0.416143,0.698988,-0.022982,0.409207,0.690815,-0.033044,0.407754,0.641093,-0.017651,0.424472,0.587635,-0.028482,0.434782,0.556110,-0.035632,0.442881,0.528975,-0.041509,0.396817,0.641770,-0.024771,0.405033,0.582833,-0.035691,0.409975,0.541451,-0.045020,0.411543,0.504419,-0.052355,0.384624,0.659632,-0.032105,0.386172,0.616486,-0.044641,0.386109,0.587391,-0.056120,0.383959,0.558407,-0.064681,0.374644,0.690606,-0.039626,0.368569,0.679863,-0.053119,0.362974,0.668716,-0.061599,0.355386,0.654524,-0.067765
1780387466.307,left,four_fingers,0.356920,0.744902,0.000000,0.381306,0.726075,-0.011485,0.402600,0.702821,-0.021738,0.394027,0.688612,-0.031773,0.373889,0.693238,-0.042970,0.395810,0.628672,-0.022485,0.412347,0.577674,-0.034953,0.419648,0.543861,-0.043359,0.424215,0.513336,-0.049869,0.376025,0.623369,-0.026861,0.376650,0.555299,-0.039538,0.371564,0.510308,-0.049894,0.364234,0.474501,-0.057020,0.358113,0.635867,-0.031458,0.344576,0.574117,-0.044244,0.331884,0.537794,-0.053488,0.321273,0.507809,-0.059355,0.341443,0.661039,-0.036576,0.321474,0.626201,-0.048170,0.309138,0.605184,-0.053130,0.300102,0.584020,-0.055984
1780387466.820,left,four_fingers,0.330133,0.745277,0.000000,0.353050,0.720128,-0.013640,0.371970,0.690316,-0.023960,0.359334,0.677224,-0.033574,0.338862,0.680646,-0.043941,0.359260,0.619610,-0.022166,0.374670,0.566712,-0.035019,0.381214,0.530970,-0.043808,0.384580,0.499707,-0.050279,0.337669,0.615565,-0.025124,0.337764,0.549808,-0.037160,0.334336,0.507213,-0.046716,0.328840,0.472305,-0.053223,0.319795,0.628480,-0.028846,0.306831,0.571864,-0.040979,0.296052,0.535912,-0.049752,0.286551,0.504668,-0.055418,0.304737,0.655236,-0.033414,0.285415,0.624116,-0.044601,0.272340,0.604133,-0.049344,0.261763,0.583279,-0.052037
1780387467.323,left,four_fingers,0.311214,0.715288,0.000000,0.328770,0.694186,-0.015559,0.340442,0.667064,-0.025956,0.323261,0.658338,-0.034801,0.303505,0.662521,-0.044141,0.326584,0.607562,-0.024394,0.336814,0.559314,-0.036609,0.340271,0.526623,-0.045061,0.341515,0.497518,-0.051196,0.304861,0.600923,-0.025258,0.303370,0.541075,-0.035549,0.300594,0.502783,-0.043481,0.296333,0.470121,-0.049171,0.287579,0.611196,-0.027046,0.273923,0.560397,-0.037930,0.265195,0.527355,-0.046256,0.257540,0.498215,-0.051847,0.274436,0.634927,-0.029836,0.258081,0.604378,-0.040078,0.247320,0.586023,-0.044654,0.238340,0.567460,-0.047532
1780387467.829,left,four_fingers,0.314078,0.690154,0.000000,0.326018,0.665150,-0.012303,0.329595,0.637139,-0.019807,0.310191,0.634404,-0.025994,0.294435,0.643545,-0.032274,0.316865,0.588442,-0.016531,0.322779,0.541423,-0.026040,0.324342,0.510836,-0.032897,0.324575,0.485322,-0.037669,0.298512,0.585520,-0.016963,0.294153,0.530963,-0.024251,0.290907,0.495518,-0.029797,0.287538,0.467376,-0.033541,0.284288,0.596153,-0.018490,0.270405,0.550913,-0.025995,0.262582,0.520583,-0.032112,0.256377,0.494676,-0.036034,0.273831,0.617424,-0.020947,0.259055,0.591444,-0.028212,0.249393,0.573251,-0.031561,0.241412,0.554893,-0.033423
1780387468.335,left,four_fingers,0.305699,0.656781,0.000000,0.319050,0.625838,-0.010797,0.325260,0.588130,-0.017098,0.308249,0.578943,-0.022457,0.291487,0.591513,-0.028023,0.306437,0.540361,-0.014654,0.310924,0.488430,-0.022767,0.311041,0.456762,-0.028242,0.309091,0.430593,-0.032398,0.287952,0.542449,-0.016260,0.282841,0.487359,-0.023324,0.277202,0.452722,-0.029147,0.270365,0.426341,-0.033077,0.274876,0.558197,-0.018744,0.256613,0.516101,-0.027166,0.243635,0.488589,-0.034734,0.232266,0.465259,-0.039574,0.266003,0.584964,-0.021882,0.245208,0.564832,-0.030574,0.231687,0.553428,-0.035020,0.219910,0.541863,-0.037550
1780387468.867,left,four_fingers,0.269726,0.645712,0.000000,0.288542,0.609531,-0.002824,0.294567,0.566280,-0.007092,0.291426,0.540587,-0.012856,0.281401,0.546774,-0.019833,0.271783,0.515194,-0.009284,0.268460,0.460577,-0.018529,0.265966,0.426203,-0.025349,0.262725,0.398771,-0.030807,0.263805,0.522447,-0.016758,0.251209,0.462355,-0.026213,0.243228,0.423376,-0.034572,0.234531,0.392529,-0.040825,0.258852,0.542417,-0.024686,0.245230,0.491199,-0.035902,0.234071,0.461420,-0.046493,0.222181,0.435024,-0.053957,0.257629,0.569963,-0.032562,0.249863,0.549497,-0.044298,0.241882,0.534123,-0.052263,0.231789,0.519037,-0.058008
1780387469.403,left,four_fingers,0.264184,0.660130,0.000000,0.248070,0.602646,0.001217,0.248230,0.546709,-0.000994,0.257890,0.509154,-0.003645,0.268939,0.488273,-0.006315,0.242572,0.534242,-0.011037,0.241011,0.462569,-0.018871,0.238107,0.422982,-0.022734,0.233068,0.393174,-0.024891,0.260238,0.539766,-0.016295,0.260083,0.466817,-0.024006,0.256452,0.425361,-0.028700,0.250520,0.394046,-0.031300,0.280190,0.551162,-0.020743,0.287975,0.485051,-0.028777,0.288764,0.447560,-0.033281,0.286230,0.419023,-0.035603,0.298536,0.567997,-0.024624,0.315196,0.530303,-0.030895,0.324573,0.508446,-0.032401,0.331234,0.489418,-0.032473
1780387469.926,left,four_fingers,0.325076,0.676043,0.000000,0.313606,0.621728,0.003949,0.321067,0.575179,0.003663,0.338923,0.552806,0.003379,0.354451,0.549752,0.002612,0.323627,0.560643,-0.012085,0.328288,0.496564,-0.017772,0.328986,0.458983,-0.019956,0.328002,0.429999,-0.020938,0.341583,0.573565,-0.016628,0.353164,0.507962,-0.022269,0.357124,0.467960,-0.025713,0.358273,0.436128,-0.027815,0.358490,0.590167,-0.019691,0.376210,0.532631,-0.026256,0.385827,0.498613,-0.031205,0.391865,0.472481,-0.033807,0.371826,0.608099,-0.021548,0.393558,0.572570,-0.026626,0.406508,0.557357,-0.027917,0.416931,0.544969,-0.027901
1780387470.466,left,four_fingers,0.335269,0.678434,0.000000,0.324680,0.624635,0.002053,0.333633,0.579977,0.000926,0.352112,0.558856,0.000268,0.367538,0.557061,-0.000767,0.336843,0.566927,-0.014734,0.342346,0.502197,-0.020759,0.344208,0.464183,-0.022783,0.344390,0.434587,-0.023627,0.354709,0.581946,-0.018375,0.368242,0.516539,-0.024534,0.373966,0.477654,-0.027802,0.376705,0.446576,-0.029583,0.370919,0.599631,-0.020616,0.389135,0.543274,-0.027731,0.400007,0.509694,-0.032798,0.407157,0.483764,-0.035280,0.383374,0.617424,-0.021767,0.405528,0.583212,-0.027581,0.419008,0.569010,-0.029267,0.429694,0.557949,-0.029359
1780387470.968,left,four_fingers,0.344956,0.686546,0.000000,0.334451,0.631268,-0.000649,0.344008,0.587926,-0.003124,0.364051,0.568980,-0.004711,0.380782,0.567919,-0.006605,0.349666,0.576570,-0.017287,0.356885,0.514737,-0.025182,0.360248,0.476995,-0.028542,0.362252,0.446948,-0.030139,0.367712,0.592968,-0.019818,0.382537,0.530770,-0.026596,0.391002,0.492161,-0.029982,0.397407,0.461311,-0.032107,0.383263,0.611538,-0.021347,0.401195,0.558266,-0.028785,0.413303,0.527007,-0.033415,0.422359,0.504144,-0.035714,0.394776,0.628827,-0.022193,0.415849,0.595281,-0.028684,0.429182,0.580197,-0.030878,0.440550,0.568519,-0.031389
1780387471.491,left,four_fingers,0.340917,0.680499,0.000000,0.330532,0.623468,0.003314,0.340739,0.579932,0.003260,0.359107,0.558828,0.003753,0.374911,0.555530,0.003929,0.346447,0.567644,-0.013426,0.353601,0.505229,-0.019638,0.356547,0.467744,-0.021689,0.358102,0.438589,-0.022424,0.364215,0.583074,-0.017032,0.380107,0.519093,-0.022802,0.387025,0.481147,-0.025212,0.390850,0.451138,-0.026403,0.379560,0.601381,-0.019247,0.400703,0.545713,-0.026105,0.412217,0.515139,-0.030338,0.420279,0.491777,-0.032246,0.390451,0.620054,-0.020263,0.413879,0.588814,-0.026372,0.427350,0.574734,-0.028215,0.438475,0.562590,-0.028324
1780387472.035,left,four_fingers,0.370149,0.597781,0.000000,0.369553,0.537041,0.003001,0.386597,0.499952,0.002828,0.406225,0.494836,0.001919,0.419689,0.502849,0.000123,0.396391,0.477739,-0.005905,0.411519,0.422428,-0.012061,0.420251,0.385975,-0.015318,0.426753,0.357956,-0.017336,0.413678,0.495319,-0.011104,0.434937,0.441226,-0.016287,0.447437,0.408111,-0.020215,0.457208,0.381539,-0.022691,0.426232,0.520559,-0.015726,0.452552,0.477467,-0.022493,0.469159,0.452746,-0.028826,0.481711,0.431790,-0.032812,0.433313,0.549236,-0.019476,0.455273,0.534830,-0.026091,0.468318,0.528283,-0.028909,0.478747,0.522158,-0.030115
1780387472.570,left,four_fingers,0.245237,0.604019,0.000000,0.238371,0.540082,0.004561,0.245412,0.484410,0.004188,0.258753,0.451843,0.001831,0.271197,0.433825,-0.000743,0.239290,0.461135,-0.001364,0.253286,0.398148,-0.008572,0.258803,0.358170,-0.013411,0.259544,0.326627,-0.016448,0.253019,0.465811,-0.009310,0.264941,0.395513,-0.016138,0.268296,0.349446,-0.022195,0.267072,0.310954,-0.025945,0.269689,0.480160,-0.016881,0.285500,0.416625,-0.024410,0.292168,0.375445,-0.030880,0.294128,0.341559,-0.034797,0.286856,0.502811,-0.023804,0.306550,0.469054,-0.029452,0.318117,0.447968,-0.031690,0.327233,0.430020,-0.032581
1780387473.106,left,four_fingers,0.215782,0.615102,0.000000,0.196781,0.552142,0.005963,0.197154,0.492508,0.004131,0.206714,0.450072,0.001745,0.219213,0.422630,-0.000992,0.194217,0.467980,-0.014777,0.181016,0.392533,-0.027415,0.169993,0.351309,-0.034572,0.157880,0.321452,-0.037816,0.214314,0.478056,-0.022447,0.222289,0.389762,-0.032490,0.221567,0.336383,-0.038761,0.216442,0.295217,-0.042271,0.234519,0.494939,-0.028631,0.250768,0.416454,-0.038738,0.254379,0.368486,-0.044973,0.252825,0.331203,-0.047982,0.252672,0.515944,-0.033285,0.273088,0.468737,-0.040028,0.283538,0.443861,-0.040557,0.289946,0.421322,-0.039546
1780387473.637,left,four_fingers,0.228675,0.629446,0.000000,0.210170,0.566181,0.006188,0.209237,0.503828,0.003481,0.219546,0.459087,0.000075,0.232179,0.431097,-0.003820,0.203974,0.472862,-0.017680,0.185624,0.402776,-0.032691,0.169162,0.367061,-0.043480,0.152393,0.342375,-0.049329,0.221719,0.489763,-0.025573,0.236666,0.402623,-0.035861,0.241977,0.352472,-0.043552,0.242304,0.315643,-0.048856,0.241289,0.510622,-0.031817,0.261676,0.429801,-0.041196,0.269614,0.382199,-0.047062,0.272215,0.346985,-0.050543,0.259687,0.530377,-0.036692,0.282445,0.479886,-0.043546,0.293980,0.454799,-0.043670,0.301685,0.432685,-0.042520
1780387474.139,left,four_fingers,0.262313,0.633180,0.000000,0.291823,0.608682,-0.004377,0.309834,0.554271,-0.004276,0.306265,0.515791,-0.004887,0.288531,0.517317,-0.005579,0.287699,0.469805,0.004669,0.295337,0.419382,0.001829,0.292531,0.387848,-0.003240,0.286576,0.362708,-0.008450,0.271144,0.463559,0.000068,0.250797,0.397233,-0.004029,0.234769,0.356849,-0.011674,0.219505,0.327647,-0.017962,0.260380,0.474444,-0.005872,0.242491,0.409666,-0.013524,0.228923,0.370109,-0.023756,0.215052,0.339644,-0.031158,0.255415,0.495853,-0.012159,0.250066,0.457275,-0.020195,0.244956,0.436656,-0.026066,0.237098,0.419395,-0.030435
1780387474.678,left,four_fingers,0.257053,0.648527,0.000000,0.282565,0.617882,-0.017646,0.300635,0.573343,-0.026495,0.276769,0.551410,-0.033870,0.250677,0.556991,-0.041021,0.286754,0.489961,-0.016323,0.308261,0.431218,-0.026946,0.317432,0.392206,-0.035374,0.321881,0.360402,-0.041681,0.258689,0.480427,-0.016453,0.255342,0.408678,-0.024355,0.251003,0.366877,-0.031720,0.245266,0.336464,-0.036993,0.236434,0.492360,-0.018404,0.223065,0.431597,-0.027347,0.214408,0.397815,-0.034508,0.206892,0.368605,-0.039192,0.217755,0.521427,-0.021945,0.200671,0.484231,-0.031130,0.189485,0.463002,-0.034339,0.180175,0.443028,-0.035764
1780387475.196,left,four_fingers,0.270035,0.639970,0.000000,0.295931,0.612687,-0.007369,0.319028,0.574329,-0.014633,0.329333,0.543781,-0.022209,0.318471,0.529019,-0.030590,0.289363,0.504740,-0.013146,0.305238,0.460233,-0.028159,0.321673,0.441583,-0.039947,0.338041,0.429663,-0.047370,0.274705,0.508702,-0.018161,0.293487,0.465283,-0.031899,0.313231,0.450054,-0.041430,0.331279,0.441825,-0.047713,0.259900,0.523070,-0.024420,0.279354,0.485250,-0.037883,0.298583,0.469033,-0.044704,0.316481,0.457682,-0.048660,0.245755,0.546766,-0.031348,0.255929,0.514652,-0.042760,0.267823,0.500381,-0.046983,0.280399,0.491485,-0.049342
1780387475.705,left,four_fingers,0.266156,0.639121,0.000000,0.298417,0.612780,-0.012721,0.324066,0.572393,-0.018698,0.333774,0.534255,-0.024337,0.323486,0.507910,-0.029642,0.295156,0.481533,-0.008045,0.304542,0.427181,-0.020211,0.313655,0.396593,-0.030917,0.324139,0.372874,-0.038164,0.271804,0.472866,-0.009869,0.269607,0.406850,-0.020096,0.274803,0.368696,-0.029128,0.282824,0.339343,-0.035597,0.251116,0.481125,-0.013985,0.246194,0.417746,-0.024182,0.250466,0.378928,-0.031911,0.258894,0.346011,-0.037039,0.232916,0.502844,-0.019539,0.223556,0.456525,-0.028798,0.220517,0.423586,-0.033914,0.221910,0.391846,-0.037239
1780387476.230,left,four_fingers,0.265178,0.642728,0.000000,0.298667,0.624416,-0.013658,0.327370,0.571418,-0.017528,0.326534,0.526615,-0.020440,0.306707,0.532181,-0.023389,0.301112,0.485679,-0.008268,0.312133,0.431103,-0.017308,0.321486,0.397261,-0.025655,0.330646,0.371791,-0.032203,0.276638,0.474962,-0.009581,0.276336,0.406091,-0.017297,0.279544,0.363430,-0.025136,0.283445,0.329514,-0.030956,0.256081,0.481922,-0.012894,0.250708,0.417735,-0.021532,0.251834,0.375511,-0.030198,0.255483,0.339261,-0.036279,0.237076,0.503488,-0.017686,0.223666,0.460573,-0.026314,0.217022,0.429239,-0.032032,0.213569,0.397824,-0.036181
1780387476.754,left,four_fingers,0.264185,0.642441,0.000000,0.293517,0.613469,-0.009038,0.311615,0.555084,-0.010950,0.292450,0.520899,-0.012931,0.268138,0.531382,-0.015499,0.297710,0.483247,-0.003755,0.310162,0.428640,-0.010402,0.319256,0.393883,-0.017028,0.327103,0.367222,-0.022444,0.275347,0.473495,-0.006761,0.279159,0.406229,-0.011596,0.283451,0.360320,-0.018610,0.286489,0.323892,-0.024160,0.256385,0.482211,-0.011454,0.249420,0.420525,-0.017955,0.247796,0.376643,-0.027272,0.247724,0.339397,-0.034109,0.238198,0.504974,-0.017149,0.223280,0.463657,-0.024229,0.216101,0.432763,-0.029650,0.211452,0.403082,-0.033916
1780387477.273,left,four_fingers,0.262902,0.640891,0.000000,0.292460,0.613522,-0.009297,0.309052,0.552105,-0.010319,0.288096,0.515261,-0.011197,0.263360,0.523206,-0.012213,0.298658,0.484190,0.000495,0.309928,0.433842,-0.005201,0.319396,0.405657,-0.011483,0.329131,0.388448,-0.016453,0.277680,0.474241,-0.001653,0.283997,0.414690,-0.005498,0.293308,0.378511,-0.011495,0.303803,0.353958,-0.016281,0.258780,0.480549,-0.006073,0.257489,0.421882,-0.012155,0.265574,0.385551,-0.020406,0.276493,0.359101,-0.026364,0.239274,0.498220,-0.011636,0.228193,0.453898,-0.018019,0.229153,0.424476,-0.022867,0.235264,0.399088,-0.026839
1780387477.810,left,four_fingers,0.265912,0.638531,0.000000,0.293420,0.607240,-0.007887,0.307363,0.546556,-0.009783,0.288221,0.511871,-0.011806,0.265556,0.521157,-0.014000,0.292147,0.479928,-0.002337,0.301020,0.429624,-0.010048,0.311371,0.405886,-0.017166,0.323084,0.393453,-0.022161,0.271878,0.472260,-0.005407,0.276656,0.411279,-0.010702,0.287831,0.378388,-0.016028,0.301356,0.359590,-0.019892,0.253897,0.480548,-0.010515,0.250095,0.419207,-0.017028,0.259534,0.383363,-0.024045,0.273646,0.359744,-0.028935,0.236000,0.501346,-0.016647,0.221928,0.455351,-0.022434,0.222489,0.424178,-0.026289,0.229839,0.400169,-0.029508
1780387478.336,left,four_fingers,0.226794,0.617370,0.000000,0.211837,0.556066,0.005375,0.208123,0.495510,0.002013,0.216922,0.452866,-0.002884,0.228609,0.422534,-0.008309,0.199304,0.480390,-0.015493,0.202578,0.394757,-0.028235,0.216340,0.355077,-0.034356,0.229934,0.331361,-0.037536,0.214802,0.487994,-0.025061,0.221992,0.397675,-0.036910,0.238304,0.351160,-0.042612,0.253282,0.321845,-0.045782,0.234638,0.502784,-0.033557,0.236402,0.421032,-0.044019,0.248684,0.377985,-0.049705,0.260405,0.346502,-0.053442,0.256598,0.521286,-0.041092,0.257956,0.480059,-0.051879,0.262665,0.453288,-0.056471,0.269952,0.430288,-0.058792
1780387478.866,left,four_fingers,0.222372,0.623049,0.000000,0.202969,0.561192,0.005108,0.197644,0.500614,0.001792,0.205950,0.453693,-0.002572,0.217653,0.423859,-0.007140,0.190353,0.485991,-0.017364,0.190605,0.401045,-0.031132,0.201976,0.354836,-0.038619,0.214152,0.324019,-0.042252,0.208663,0.495761,-0.025567,0.214544,0.403521,-0.037448,0.228234,0.350651,-0.042947,0.241144,0.317542,-0.045810,0.231052,0.509867,-0.032514,0.236508,0.426417,-0.042487,0.246308,0.376271,-0.046823,0.255266,0.341417,-0.049034,0.255693,0.526324,-0.038531,0.269517,0.471988,-0.046320,0.278083,0.438197,-0.048139,0.286039,0.409282,-0.048280
1780387479.393,left,four_fingers,0.221142,0.632154,0.000000,0.203472,0.564456,0.005511,0.201532,0.500090,0.002361,0.212311,0.451410,-0.002080,0.225306,0.420255,-0.006496,0.192467,0.483981,-0.015244,0.198268,0.397120,-0.028498,0.211849,0.351831,-0.035688,0.225504,0.322589,-0.039011,0.210408,0.496364,-0.023794,0.222426,0.402227,-0.034842,0.238958,0.350904,-0.040011,0.253491,0.319548,-0.042694,0.232279,0.512965,-0.031202,0.245598,0.426549,-0.040011,0.259180,0.378571,-0.043374,0.270416,0.346034,-0.044964,0.256414,0.532124,-0.037827,0.275286,0.475575,-0.044140,0.286196,0.441801,-0.044966,0.295365,0.413598,-0.044424
1780387479.925,left,four_fingers,0.217339,0.690953,0.000000,0.200724,0.618249,0.003004,0.196870,0.549968,-0.005018,0.205437,0.496029,-0.014145,0.217736,0.457787,-0.023429,0.180695,0.531512,-0.029604,0.186221,0.437144,-0.050195,0.201857,0.386451,-0.062019,0.217072,0.351948,-0.068675,0.195867,0.557541,-0.040780,0.209402,0.456633,-0.060492,0.228799,0.399999,-0.068601,0.245297,0.362315,-0.073238,0.217473,0.585001,-0.050646,0.232623,0.492120,-0.067193,0.249533,0.438605,-0.071835,0.262187,0.399256,-0.074094,0.242406,0.611045,-0.059743,0.262838,0.554051,-0.072467,0.275472,0.518005,-0.075241,0.285544,0.486724,-0.075981
1780387480.426,left,four_fingers,0.221361,0.711731,0.000000,0.230518,0.627756,0.006660,0.227826,0.569376,-0.002483,0.235074,0.530920,-0.015079,0.243824,0.496226,-0.029238,0.178954,0.543252,-0.029776,0.180106,0.453487,-0.053765,0.196137,0.406270,-0.070386,0.211848,0.373742,-0.081844,0.183847,0.576768,-0.047039,0.193661,0.481978,-0.072314,0.216987,0.431768,-0.086670,0.235304,0.396112,-0.096744,0.199513,0.611777,-0.062764,0.211101,0.525473,-0.085125,0.232480,0.475132,-0.095267,0.247192,0.437511,-0.102078,0.221632,0.643132,-0.077236,0.241231,0.589329,-0.094623,0.253888,0.552504,-0.100735,0.262673,0.521897,-0.105135
1780387480.968,left,four_fingers,0.304209,0.751915,0.000000,0.305430,0.681865,-0.004553,0.327151,0.622054,-0.011740,0.355084,0.584884,-0.017249,0.378034,0.565901,-0.023018,0.324246,0.624543,-0.032921,0.355191,0.557647,-0.046894,0.380656,0.521558,-0.053262,0.402198,0.496551,-0.056142,0.339717,0.660357,-0.036571,0.383909,0.601681,-0.047280,0.414731,0.567722,-0.050302,0.439234,0.544488,-0.052389,0.354072,0.699828,-0.038930,0.400809,0.658227,-0.048465,0.428324,0.636258,-0.049778,0.448242,0.621674,-0.049907,0.366100,0.736003,-0.040926,0.402923,0.709586,-0.047454,0.425968,0.694439,-0.046382,0.443712,0.683339,-0.044708
1780387481.471,left,four_fingers,0.370794,0.755234,0.000000,0.381855,0.685839,-0.002272,0.410867,0.656306,-0.004890,0.439094,0.656745,-0.005687,0.456863,0.664943,-0.006256,0.428618,0.677601,-0.022366,0.472293,0.636819,-0.028995,0.496134,0.617134,-0.028035,0.512808,0.603609,-0.025340,0.438886,0.720701,-0.023167,0.492178,0.693655,-0.032003,0.515809,0.673797,-0.030286,0.529286,0.657832,-0.026208,0.443861,0.753535,-0.022663,0.492372,0.734580,-0.029587,0.514229,0.712981,-0.028059,0.526869,0.693419,-0.024209,0.443229,0.773747,-0.021497,0.481210,0.761462,-0.022915,0.499880,0.748904,-0.018940,0.511862,0.736566,-0.014359
1780387482.006,left,four_fingers,0.316090,0.714971,0.000000,0.320611,0.651012,-0.001121,0.339440,0.597612,-0.007739,0.364016,0.570503,-0.013958,0.384539,0.558632,-0.020047,0.331785,0.583256,-0.024721,0.363196,0.522298,-0.039342,0.389749,0.498720,-0.047190,0.411641,0.487354,-0.050806,0.339506,0.617633,-0.030659,0.382980,0.564779,-0.042951,0.412948,0.542840,-0.047526,0.434634,0.530917,-0.049941,0.349796,0.657046,-0.035653,0.392205,0.608840,-0.045592,0.418658,0.585680,-0.047450,0.436870,0.568093,-0.048004,0.361474,0.696059,-0.040247,0.395868,0.664835,-0.047324,0.413978,0.650238,-0.046451,0.427181,0.636806,-0.044764
1780387482.518,left,four_fingers,0.222130,0.682064,0.000000,0.251437,0.637537,-0.013069,0.259988,0.574444,-0.015905,0.228943,0.545457,-0.018094,0.202174,0.553729,-0.020239,0.244712,0.501575,-0.000982,0.253771,0.440998,-0.007835,0.258854,0.403247,-0.015378,0.262341,0.375755,-0.020893,0.217204,0.497544,-0.001187,0.215562,0.428466,-0.005113,0.217733,0.388039,-0.011300,0.220358,0.360019,-0.015930,0.194774,0.510107,-0.004003,0.186207,0.444937,-0.008783,0.186276,0.403531,-0.015495,0.187790,0.371820,-0.020172,0.173894,0.536792,-0.008391,0.162183,0.487951,-0.012836,0.158644,0.454729,-0.015446,0.157276,0.425935,-0.017285
1780387483.054,left,four_fingers,0.166325,0.646595,0.000000,0.191465,0.603658,-0.016367,0.194134,0.542184,-0.020623,0.165639,0.504786,-0.023164,0.141692,0.504529,-0.025614,0.184784,0.473877,-0.009233,0.188584,0.408246,-0.016455,0.185623,0.366073,-0.023256,0.180631,0.332430,-0.028963,0.159059,0.472269,-0.008336,0.149050,0.398831,-0.014700,0.140077,0.354632,-0.021694,0.132110,0.319707,-0.026896,0.137530,0.487274,-0.009726,0.125324,0.419863,-0.017650,0.117531,0.374969,-0.026941,0.111092,0.337114,-0.033391,0.117908,0.515054,-0.012655,0.101012,0.469621,-0.021437,0.090254,0.438733,-0.027395,0.081364,0.408920,-0.031438
1780387483.555,left,four_fingers,0.207874,0.646791,0.000000,0.234148,0.604065,-0.010649,0.243975,0.534776,-0.012563,0.216493,0.505641,-0.013891,0.190589,0.517892,-0.015465,0.217707,0.472954,-0.003379,0.224024,0.411943,-0.010645,0.230572,0.372968,-0.017889,0.237300,0.344029,-0.023367,0.193260,0.470467,-0.005382,0.188448,0.399950,-0.010689,0.191239,0.352155,-0.017741,0.194930,0.315185,-0.023174,0.174017,0.484600,-0.009556,0.161433,0.420235,-0.016961,0.161911,0.372200,-0.026359,0.164560,0.332503,-0.033023,0.156546,0.510723,-0.014803,0.137692,0.465918,-0.022661,0.128483,0.429730,-0.028396,0.122020,0.394164,-0.032823
1780387484.101,left,four_fingers,0.191964,0.686357,0.000000,0.217395,0.637968,-0.012954,0.226405,0.570684,-0.017666,0.197596,0.549247,-0.021707,0.171274,0.560619,-0.025947,0.198268,0.497171,-0.007217,0.203578,0.435140,-0.017158,0.210030,0.397249,-0.026356,0.216592,0.367602,-0.033095,0.170940,0.498303,-0.009335,0.164517,0.427454,-0.016909,0.166206,0.382492,-0.025609,0.169668,0.347186,-0.032269,0.149855,0.517898,-0.013804,0.135473,0.452441,-0.023372,0.134044,0.405879,-0.033925,0.135902,0.366513,-0.041213,0.131807,0.551495,-0.019456,0.110584,0.504946,-0.028771,0.098729,0.469934,-0.035039,0.090416,0.435430,-0.039708
1780387484.630,left,four_fingers,0.182325,0.690491,0.000000,0.203422,0.640307,-0.015098,0.208358,0.574291,-0.021057,0.176797,0.559507,-0.025617,0.151192,0.574035,-0.030003,0.179712,0.504765,-0.009663,0.181729,0.442459,-0.019598,0.187283,0.406635,-0.028842,0.193460,0.376653,-0.035688,0.152018,0.505559,-0.010631,0.145660,0.436524,-0.017016,0.146662,0.394726,-0.024562,0.149933,0.361153,-0.030777,0.129380,0.524657,-0.014133,0.112721,0.459792,-0.021911,0.107568,0.415500,-0.031597,0.105766,0.376360,-0.038986,0.109732,0.559695,-0.019037,0.084568,0.517453,-0.026694,0.070581,0.485224,-0.031940,0.059773,0.452499,-0.036271
1780387485.136,left,four_fingers,0.318901,0.767235,0.000000,0.353069,0.739370,-0.003299,0.379858,0.696126,-0.007064,0.380991,0.662943,-0.012719,0.361413,0.667485,-0.018641,0.368175,0.623460,0.000180,0.392078,0.582704,-0.011064,0.410999,0.568563,-0.021255,0.428734,0.565285,-0.028201,0.353657,0.616737,-0.007477,0.367222,0.556769,-0.017257,0.385255,0.533091,-0.025096,0.402051,0.525470,-0.029963,0.337730,0.626313,-0.016984,0.346685,0.562975,-0.027675,0.363210,0.539086,-0.035287,0.380925,0.524724,-0.039807,0.322701,0.649919,-0.027157,0.319357,0.611121,-0.036418,0.320816,0.580340,-0.041292,0.324181,0.554205,-0.044801
1780387485.672,left,four_fingers,0.184566,0.663980,0.000000,0.203316,0.605553,-0.011830,0.199375,0.534837,-0.016876,0.175958,0.515023,-0.021972,0.159348,0.539546,-0.026424,0.152827,0.485470,-0.005869,0.144925,0.418236,-0.019849,0.153157,0.384330,-0.031475,0.167712,0.363357,-0.038723,0.134039,0.497748,-0.008821,0.118976,0.430789,-0.021441,0.127505,0.389885,-0.030366,0.143919,0.365607,-0.034836,0.122194,0.523637,-0.014674,0.096763,0.470375,-0.025586,0.095560,0.422515,-0.034871,0.102422,0.381079,-0.040312,0.116765,0.559687,-0.022117,0.092198,0.527424,-0.030756,0.077215,0.497214,-0.036896,0.067584,0.466969,-0.041296
1780387486.208,left,four_fingers,0.274222,0.616959,0.000000,0.300662,0.584281,-0.008328,0.311428,0.524399,-0.008610,0.297000,0.486940,-0.008996,0.277192,0.488210,-0.009156,0.291826,0.479973,0.003427,0.298488,0.433799,-0.003061,0.307595,0.408515,-0.010057,0.317122,0.388887,-0.014948,0.274722,0.472462,0.001934,0.277919,0.417636,-0.003087,0.286653,0.384254,-0.008890,0.296898,0.359726,-0.013052,0.259200,0.476310,-0.002063,0.258316,0.421495,-0.008533,0.267414,0.388109,-0.015050,0.278450,0.363804,-0.019212,0.243309,0.487563,-0.007249,0.238160,0.441859,-0.012072,0.238602,0.409570,-0.015471,0.242279,0.382350,-0.018425
1780387486.733,left,four_fingers,0.268716,0.668812,0.000000,0.296333,0.638457,-0.010290,0.309872,0.577950,-0.012991,0.289292,0.537775,-0.015070,0.265537,0.534893,-0.017337,0.300156,0.506452,-0.007889,0.315261,0.444723,-0.015813,0.324636,0.405189,-0.022715,0.331016,0.374566,-0.027698,0.276179,0.495120,-0.010224,0.280316,0.418305,-0.015553,0.283128,0.370695,-0.021619,0.283623,0.335484,-0.025898,0.255210,0.502927,-0.014030,0.249720,0.433250,-0.020558,0.248663,0.388910,-0.028248,0.247373,0.353339,-0.033562,0.234955,0.526362,-0.018800,0.222470,0.478587,-0.026078,0.215295,0.447540,-0.029851,0.209015,0.419809,-0.032195
1780387487.236,left,four_fingers,0.273271,0.708082,0.000000,0.304557,0.668516,-0.001413,0.319165,0.620199,-0.007027,0.326654,0.587784,-0.014467,0.327419,0.575037,-0.023586,0.303203,0.545316,-0.011762,0.306348,0.472578,-0.024364,0.311836,0.427960,-0.034265,0.317895,0.390225,-0.041982,0.294790,0.554298,-0.022110,0.296339,0.477257,-0.034899,0.301141,0.425747,-0.045776,0.306174,0.381048,-0.054342,0.286108,0.575866,-0.032883,0.283611,0.505478,-0.045216,0.284596,0.457193,-0.054312,0.286203,0.414499,-0.061463,0.278927,0.605575,-0.043783,0.276817,0.555806,-0.055546,0.278719,0.521694,-0.061668,0.280539,0.490434,-0.066646
1780387487.772,left,four_fingers,0.238089,0.646274,0.000000,0.227642,0.576637,0.003685,0.229796,0.514062,-0.000196,0.242484,0.474728,-0.005067,0.256401,0.453333,-0.010728,0.224477,0.496533,-0.017807,0.229858,0.413214,-0.030525,0.237453,0.364256,-0.037472,0.244866,0.327291,-0.041614,0.241638,0.512057,-0.026529,0.253462,0.426699,-0.038058,0.264685,0.375513,-0.045177,0.274183,0.337789,-0.049745,0.261202,0.535512,-0.033948,0.271159,0.458705,-0.045207,0.281261,0.412218,-0.052417,0.289500,0.375714,-0.056985,0.281121,0.562360,-0.040294,0.291893,0.520019,-0.050482,0.299374,0.491308,-0.054430,0.307465,0.465302,-0.056369
1780387488.309,left,four_fingers,0.272502,0.656484,0.000000,0.297742,0.622008,-0.007459,0.309744,0.561893,-0.010495,0.296114,0.531749,-0.013993,0.276762,0.541785,-0.018443,0.282352,0.486906,-0.004662,0.287564,0.427699,-0.014756,0.295754,0.390465,-0.023943,0.304965,0.361606,-0.030624,0.266439,0.489559,-0.009539,0.264631,0.422106,-0.017184,0.268767,0.374595,-0.025579,0.273511,0.335493,-0.031891,0.255111,0.508342,-0.016146,0.248358,0.442895,-0.025072,0.249645,0.396350,-0.033890,0.252607,0.354977,-0.040125,0.246387,0.539473,-0.023574,0.235825,0.498423,-0.032698,0.233625,0.464384,-0.038005,0.233544,0.430837,-0.041904
1780387488.809,left,four_fingers,0.270674,0.680030,0.000000,0.298702,0.648353,-0.010886,0.314216,0.587961,-0.014630,0.293775,0.556241,-0.018223,0.268986,0.562627,-0.022397,0.295490,0.510111,-0.006970,0.307335,0.448672,-0.016492,0.316939,0.409996,-0.025155,0.325906,0.379386,-0.031824,0.274077,0.506247,-0.010059,0.274625,0.437317,-0.017867,0.277501,0.389017,-0.026718,0.280272,0.348637,-0.033541,0.257258,0.520521,-0.014998,0.251789,0.451931,-0.023939,0.251791,0.403232,-0.033361,0.253164,0.359365,-0.040102,0.242051,0.548691,-0.021031,0.231721,0.503626,-0.030148,0.226884,0.468246,-0.035760,0.223839,0.433443,-0.039903
1780387489.312,left,four_fingers,0.222341,0.662293,0.000000,0.204221,0.594132,0.002161,0.201019,0.529793,-0.003789,0.211470,0.484615,-0.010284,0.224678,0.459398,-0.017457,0.191100,0.517405,-0.023939,0.190624,0.426186,-0.038930,0.197982,0.372966,-0.046892,0.206054,0.332862,-0.051313,0.212881,0.531162,-0.032455,0.219240,0.437338,-0.046435,0.227948,0.379779,-0.054003,0.235519,0.337589,-0.058557,0.237911,0.549882,-0.039496,0.242318,0.468181,-0.052021,0.248602,0.414902,-0.058794,0.253188,0.373432,-0.062706,0.262777,0.569315,-0.045581,0.270680,0.517162,-0.055945,0.276039,0.482464,-0.059355,0.281795,0.450395,-0.060745
1780387489.822,left,four_fingers,0.234234,0.655182,0.000000,0.218644,0.586305,0.000265,0.219988,0.523349,-0.005779,0.232645,0.479710,-0.011699,0.247049,0.454213,-0.018247,0.211071,0.511375,-0.024956,0.212513,0.423257,-0.039641,0.219177,0.370570,-0.047700,0.226368,0.330006,-0.052105,0.232790,0.527146,-0.031882,0.244764,0.434082,-0.045331,0.255924,0.377793,-0.052620,0.264669,0.336286,-0.057112,0.256272,0.547291,-0.037474,0.269003,0.460915,-0.049202,0.279466,0.408760,-0.054841,0.286720,0.369830,-0.057931,0.278492,0.567620,-0.042257,0.291155,0.507183,-0.051151,0.299363,0.471031,-0.053001,0.306313,0.439361,-0.053336
1780387490.360,left,four_fingers,0.232772,0.625739,0.000000,0.217878,0.557062,0.002740,0.219830,0.494060,-0.001370,0.232700,0.448581,-0.006112,0.246570,0.418845,-0.011121,0.212881,0.481840,-0.017048,0.218124,0.397518,-0.028706,0.227138,0.350492,-0.034233,0.236130,0.315873,-0.036911,0.231751,0.494664,-0.024443,0.245101,0.403521,-0.034347,0.257021,0.352025,-0.039133,0.266824,0.314338,-0.042136,0.253029,0.512552,-0.030785,0.267741,0.428440,-0.038961,0.278934,0.380794,-0.042248,0.287356,0.345729,-0.044223,0.274650,0.532970,-0.036473,0.287166,0.472909,-0.042196,0.295559,0.437856,-0.042613,0.303193,0.407927,-0.042334
1780387490.871,left,four_fingers,0.233673,0.614471,0.000000,0.220548,0.546028,0.004447,0.224945,0.485440,0.001261,0.239164,0.443328,-0.002871,0.254065,0.416371,-0.007410,0.219655,0.471994,-0.014336,0.227289,0.392363,-0.024453,0.237021,0.349725,-0.028750,0.246324,0.318269,-0.030550,0.237367,0.483882,-0.022093,0.253176,0.396824,-0.030536,0.266173,0.348653,-0.034088,0.276776,0.313806,-0.036089,0.257266,0.502059,-0.028736,0.274331,0.421216,-0.035681,0.287043,0.375825,-0.038121,0.296624,0.342047,-0.039464,0.277496,0.523636,-0.034595,0.291764,0.464533,-0.039169,0.301530,0.431357,-0.038728,0.309899,0.403170,-0.037804
1780387491.391,left,four_fingers,0.253386,0.652382,0.000000,0.234106,0.592385,-0.004325,0.231225,0.532941,-0.012985,0.241685,0.487695,-0.019885,0.255632,0.460122,-0.026807,0.224356,0.529192,-0.037144,0.218834,0.445603,-0.055660,0.221255,0.391593,-0.066190,0.225095,0.349666,-0.071959,0.247940,0.546778,-0.041700,0.256849,0.458532,-0.059536,0.266515,0.400845,-0.068001,0.274119,0.359580,-0.073023,0.273144,0.562772,-0.044702,0.285069,0.482591,-0.059885,0.293770,0.427499,-0.066136,0.299515,0.387423,-0.068883,0.296149,0.575373,-0.047014,0.311408,0.513805,-0.056940,0.319617,0.477950,-0.058633,0.326195,0.448933,-0.058621
1780387491.938,left,four_fingers,0.277075,0.669939,0.000000,0.258630,0.616496,-0.002572,0.257874,0.560714,-0.010526,0.268492,0.516256,-0.015320,0.282091,0.488783,-0.020758,0.255575,0.558244,-0.045108,0.257105,0.481037,-0.063799,0.264465,0.429956,-0.074026,0.272435,0.391343,-0.079548,0.278956,0.579140,-0.048457,0.297875,0.488718,-0.065701,0.313792,0.434137,-0.073491,0.324750,0.394289,-0.078586,0.302956,0.595442,-0.049043,0.325220,0.512108,-0.063114,0.339221,0.460458,-0.069211,0.348243,0.423012,-0.072427,0.324071,0.606283,-0.048160,0.345953,0.541115,-0.057935,0.357158,0.508675,-0.059886,0.365958,0.481422,-0.060331
1780387492.487,left,four_fingers,0.270060,0.645169,0.000000,0.256784,0.578315,0.002390,0.261954,0.518672,-0.003277,0.278440,0.476172,-0.008169,0.295035,0.450693,-0.013656,0.256196,0.508899,-0.030562,0.261021,0.426179,-0.046612,0.269726,0.375866,-0.055106,0.278112,0.338898,-0.059311,0.275953,0.529677,-0.037190,0.297568,0.437270,-0.051416,0.314629,0.387097,-0.057116,0.326777,0.353015,-0.060312,0.297326,0.551016,-0.041775,0.319958,0.461815,-0.053986,0.334676,0.413209,-0.057970,0.344591,0.378037,-0.059609,0.318059,0.570783,-0.045048,0.339395,0.504825,-0.053121,0.351305,0.472304,-0.053235,0.360565,0.445345,-0.052212
1780387493.030,left,four_fingers,0.250917,0.612770,0.000000,0.242882,0.542593,0.004638,0.250884,0.483175,0.001204,0.267191,0.445580,-0.003376,0.284042,0.424048,-0.008338,0.244848,0.467569,-0.013367,0.253040,0.394465,-0.023607,0.261748,0.350845,-0.028689,0.269396,0.318335,-0.031285,0.259485,0.482859,-0.021557,0.282274,0.404791,-0.030460,0.300039,0.363384,-0.034130,0.314321,0.335308,-0.036078,0.276833,0.504212,-0.028761,0.299988,0.427082,-0.036554,0.316528,0.385838,-0.039343,0.328902,0.356233,-0.040645,0.295415,0.528467,-0.035204,0.316190,0.471710,-0.040435,0.330018,0.442042,-0.040446,0.341373,0.418216,-0.039726
1780387493.589,left,four_fingers,0.240874,0.591354,0.000000,0.236874,0.527669,0.007404,0.243873,0.473003,0.006392,0.255798,0.436851,0.003202,0.267943,0.411630,-0.000299,0.238699,0.458895,-0.005495,0.249108,0.392562,-0.013834,0.258894,0.355151,-0.017794,0.267474,0.328796,-0.019776,0.248608,0.466715,-0.014443,0.266474,0.393408,-0.022379,0.284390,0.356334,-0.025846,0.300286,0.334651,-0.027463,0.261928,0.482603,-0.022620,0.279492,0.410442,-0.030047,0.296709,0.374801,-0.033427,0.311693,0.351702,-0.035153,0.278396,0.504066,-0.029942,0.295391,0.456348,-0.035670,0.309035,0.433237,-0.036856,0.321419,0.415799,-0.036992
1780387494.161,left,four_fingers,0.251832,0.610775,0.000000,0.281283,0.583439,-0.009163,0.294248,0.520249,-0.009247,0.273886,0.475438,-0.008980,0.248971,0.479004,-0.008805,0.289746,0.474341,-0.000460,0.300734,0.422633,-0.004297,0.306549,0.389061,-0.008881,0.310613,0.361886,-0.013331,0.269692,0.463627,-0.002048,0.271395,0.399409,-0.005374,0.273216,0.357150,-0.010711,0.274069,0.325040,-0.015105,0.251981,0.467789,-0.005489,0.247452,0.405318,-0.011153,0.247426,0.363514,-0.018891,0.246869,0.330504,-0.024451,0.234529,0.480831,-0.009942,0.228212,0.434342,-0.016245,0.225712,0.401445,-0.021231,0.223333,0.372661,-0.025293
1780387494.687,left,four_fingers,0.285816,0.685738,0.000000,0.311213,0.655764,-0.010475,0.327105,0.601184,-0.015428,0.311177,0.558969,-0.020094,0.290238,0.547491,-0.025066,0.316928,0.521889,-0.010023,0.329521,0.460130,-0.021195,0.337001,0.418130,-0.030713,0.343563,0.383218,-0.037615,0.295500,0.509386,-0.013478,0.295693,0.433613,-0.022607,0.297083,0.383468,-0.031146,0.298761,0.343554,-0.037224,0.276173,0.514433,-0.018467,0.269626,0.442450,-0.027912,0.267882,0.393428,-0.036368,0.267099,0.353147,-0.042100,0.257823,0.535356,-0.024409,0.249467,0.480959,-0.033180,0.244163,0.446289,-0.037075,0.239262,0.416342,-0.039606
1780387495.234,left,four_fingers,0.564222,0.745789,0.000000,0.603631,0.747006,0.004945,0.631908,0.715163,0.009216,0.642648,0.688925,0.009664,0.645056,0.668176,0.009865,0.640282,0.620973,0.020135,0.664223,0.576295,0.016856,0.682774,0.551100,0.011133,0.700349,0.530804,0.006581,0.634812,0.608914,0.010295,0.654913,0.548857,0.007518,0.673666,0.508521,0.000215,0.690979,0.476106,-0.005572,0.627887,0.605551,-0.001417,0.645731,0.546198,-0.005899,0.662774,0.504630,-0.013394,0.677890,0.471414,-0.018686,0.620786,0.612298,-0.013554,0.636795,0.560660,-0.017369,0.651383,0.527768,-0.020408,0.665283,0.500670,-0.022905
1780387495.771,left,four_fingers,0.615600,0.450937,0.000000,0.619830,0.400976,0.003954,0.635277,0.368076,0.002617,0.652966,0.354695,0.000356,0.666987,0.352506,-0.002680,0.644220,0.353310,-0.008297,0.667632,0.310564,-0.014349,0.680882,0.284132,-0.016301,0.690179,0.265168,-0.016876,0.656119,0.371135,-0.014245,0.687368,0.326382,-0.020091,0.706085,0.300611,-0.022632,0.719765,0.282212,-0.023658,0.665331,0.395794,-0.019302,0.696039,0.354363,-0.025438,0.714263,0.329497,-0.028578,0.727586,0.309707,-0.029996,0.671397,0.425338,-0.023422,0.696199,0.403215,-0.027659,0.710714,0.390031,-0.027874,0.722221,0.377647,-0.027314
1780387496.650,left,four_fingers,0.581088,0.563406,0.000000,0.563083,0.520118,-0.010042,0.563179,0.475665,-0.012782,0.573831,0.454159,-0.012260,0.584001,0.453505,-0.011031,0.601480,0.447984,-0.015354,0.614451,0.388737,-0.016496,0.619994,0.355227,-0.016239,0.624064,0.329255,-0.015863,0.615579,0.459826,-0.009635,0.630975,0.398916,-0.012225,0.636252,0.364402,-0.012997,0.640580,0.336909,-0.012950,0.620725,0.470341,-0.003657,0.632748,0.417150,-0.005948,0.638235,0.381512,-0.008782,0.641693,0.355912,-0.009935,0.618641,0.475412,0.002038,0.627723,0.431570,0.000683,0.631513,0.402650,-0.000222,0.633752,0.382580,-0.000248
1780387497.156,left,four_fingers,0.593782,0.569376,0.000000,0.587821,0.516541,0.005210,0.598294,0.474450,0.005274,0.614557,0.450343,0.004601,0.629072,0.441888,0.003242,0.605689,0.456807,-0.008537,0.621388,0.396929,-0.014234,0.631663,0.364154,-0.015185,0.640361,0.341278,-0.014847,0.622493,0.469192,-0.013863,0.644951,0.405613,-0.019753,0.658507,0.369412,-0.021470,0.669346,0.343873,-0.021600,0.636424,0.488727,-0.017978,0.659334,0.432843,-0.023463,0.673492,0.400483,-0.026077,0.684599,0.375568,-0.027036,0.645814,0.512373,-0.021029,0.664344,0.477709,-0.024790,0.675283,0.456792,-0.025001,0.684566,0.437752,-0.024296
1780387497.658,left,four_fingers,0.607580,0.568378,0.000000,0.604768,0.515563,0.010275,0.614704,0.474397,0.011133,0.629601,0.447044,0.010444,0.643544,0.434893,0.008794,0.618625,0.457935,-0.007520,0.636844,0.401066,-0.012126,0.647786,0.373668,-0.011392,0.656432,0.355574,-0.009699,0.632617,0.470290,-0.015437,0.658166,0.404318,-0.021216,0.671720,0.368594,-0.021326,0.681008,0.344060,-0.020007,0.646177,0.490967,-0.021527,0.674128,0.432830,-0.026574,0.688181,0.400070,-0.027287,0.698093,0.375014,-0.026751,0.657035,0.518527,-0.025990,0.679896,0.479057,-0.028405,0.692170,0.457474,-0.026706,0.701786,0.437547,-0.024634
1780387498.161,left,four_fingers,0.606570,0.585157,0.000000,0.637026,0.578715,0.004228,0.651457,0.546868,0.005921,0.659836,0.524608,0.005261,0.666847,0.507686,0.004655,0.632152,0.470922,0.005663,0.654643,0.426854,0.001587,0.668076,0.399081,-0.002168,0.676769,0.376340,-0.005138,0.629813,0.468269,-0.000942,0.655607,0.412805,-0.006420,0.670098,0.380780,-0.011006,0.679996,0.352818,-0.013939,0.633502,0.474806,-0.007922,0.662009,0.420859,-0.014240,0.676322,0.388515,-0.019352,0.685294,0.360908,-0.022264,0.642699,0.489367,-0.014632,0.667620,0.452076,-0.019602,0.679885,0.427862,-0.022357,0.688631,0.406743,-0.024076
1780387498.662,left,four_fingers,0.593039,0.548391,0.000000,0.620834,0.562433,-0.004030,0.648001,0.537341,-0.002353,0.654482,0.497812,-0.002094,0.644442,0.475424,-0.001720,0.650068,0.490584,0.010583,0.666800,0.473490,0.010122,0.679306,0.460288,0.009878,0.687953,0.451101,0.010146,0.645558,0.467923,0.007576,0.665361,0.433536,0.010010,0.677493,0.413774,0.013377,0.687483,0.395251,0.016625,0.638135,0.452624,0.001920,0.654697,0.414455,-0.000263,0.666410,0.390577,-0.000295,0.673108,0.371690,0.000911,0.627617,0.439211,-0.004859,0.638427,0.396055,-0.008267,0.646767,0.371678,-0.008441,0.652220,0.354391,-0.007763
1780387499.200,left,four_fingers,0.657256,0.396189,0.000000,0.672289,0.437427,-0.007357,0.694244,0.448477,-0.006677,0.710152,0.425292,-0.005327,0.714279,0.399058,-0.003670,0.701172,0.445102,0.002333,0.718479,0.464039,0.000300,0.730710,0.473970,-0.002627,0.741570,0.481390,-0.004575,0.706179,0.418505,0.003993,0.727055,0.428838,0.004994,0.740888,0.433081,0.003772,0.751201,0.437069,0.002571,0.707040,0.392070,0.003966,0.726315,0.398566,0.003673,0.736920,0.406603,0.001724,0.744031,0.413236,0.000508,0.704354,0.363256,0.002970,0.719900,0.362231,0.002924,0.729080,0.362485,0.003290,0.736041,0.361786,0.003572
1780387499.746,left,four_fingers,0.667317,0.433932,0.000000,0.666292,0.480537,-0.008747,0.682931,0.522143,-0.010339,0.708243,0.521097,-0.011340,0.721828,0.493737,-0.011884,0.694416,0.546575,-0.001865,0.704029,0.596428,-0.004875,0.712298,0.623863,-0.008193,0.720008,0.645653,-0.011134,0.709863,0.533851,-0.001960,0.726319,0.578781,-0.002645,0.737718,0.604336,-0.004809,0.746640,0.623462,-0.006947,0.719882,0.513936,-0.003603,0.738268,0.551407,-0.005140,0.747462,0.575407,-0.008437,0.754674,0.592589,-0.011205,0.726371,0.487551,-0.006406,0.744661,0.504034,-0.008441,0.755913,0.515909,-0.009574,0.765504,0.524754,-0.010724
1780387500.253,left,four_fingers,0.613624,0.438203,0.000000,0.604124,0.478395,-0.009881,0.610849,0.528964,-0.011861,0.634928,0.536180,-0.013213,0.651771,0.517177,-0.014533,0.633364,0.565898,-0.004021,0.640267,0.618298,-0.008763,0.645712,0.650531,-0.013480,0.651920,0.676715,-0.017356,0.647735,0.558040,-0.004716,0.660792,0.610455,-0.008000,0.670081,0.642842,-0.012558,0.679028,0.667624,-0.016229,0.657360,0.541954,-0.007072,0.672699,0.588242,-0.012119,0.682348,0.617467,-0.018231,0.691831,0.638794,-0.022479,0.664776,0.517494,-0.010519,0.684379,0.542227,-0.016724,0.697613,0.556850,-0.020558,0.710756,0.568679,-0.023175
1780387500.792,left,four_fingers,0.565448,0.442181,0.000000,0.555751,0.476360,-0.006018,0.557345,0.520753,-0.008056,0.573110,0.533207,-0.010256,0.586121,0.519601,-0.012954,0.580404,0.564243,-0.004017,0.586218,0.611078,-0.009157,0.590438,0.639855,-0.013723,0.595293,0.662724,-0.017320,0.590967,0.556638,-0.006792,0.599620,0.606839,-0.010864,0.606568,0.637419,-0.015527,0.613851,0.659845,-0.019091,0.597925,0.539812,-0.010648,0.610003,0.583115,-0.015735,0.619674,0.611147,-0.021469,0.628910,0.632739,-0.025502,0.603217,0.514366,-0.015136,0.618549,0.538498,-0.020485,0.629233,0.555883,-0.023648,0.639241,0.571235,-0.025952
1780387501.307,left,four_fingers,0.505718,0.458468,0.000000,0.496117,0.491245,-0.003956,0.495413,0.528530,-0.007343,0.506608,0.541993,-0.011294,0.516911,0.532591,-0.015912,0.519603,0.566359,-0.006717,0.528054,0.608751,-0.013533,0.532443,0.635110,-0.018513,0.536457,0.657085,-0.022236,0.526106,0.559358,-0.010866,0.534864,0.605288,-0.016938,0.541624,0.634255,-0.022043,0.548382,0.655953,-0.025747,0.529916,0.543568,-0.015641,0.541725,0.583808,-0.022596,0.551469,0.608624,-0.028590,0.560561,0.628399,-0.032659,0.531404,0.520756,-0.020657,0.544687,0.543391,-0.027527,0.554636,0.556941,-0.031036,0.564584,0.567999,-0.033433
1780387501.813,left,four_fingers,0.429508,0.476271,0.000000,0.422816,0.509678,-0.002829,0.424463,0.543738,-0.006132,0.433550,0.554523,-0.010088,0.441775,0.547647,-0.014854,0.447275,0.573334,-0.007089,0.457338,0.611728,-0.014287,0.462895,0.636481,-0.019593,0.467807,0.656317,-0.023450,0.452350,0.564541,-0.011716,0.462953,0.605801,-0.018257,0.470293,0.631980,-0.023905,0.477355,0.651994,-0.027885,0.454466,0.547504,-0.016746,0.467260,0.581476,-0.023978,0.477055,0.603053,-0.030193,0.486304,0.621216,-0.034478,0.453992,0.524400,-0.021836,0.466537,0.540006,-0.029267,0.476490,0.550599,-0.033091,0.486689,0.559987,-0.035657
1780387502.346,left,four_fingers,0.347510,0.491274,0.000000,0.341982,0.525532,-0.003761,0.345208,0.558652,-0.008163,0.351202,0.576180,-0.012776,0.357003,0.581433,-0.018138,0.368994,0.579145,-0.012975,0.381869,0.615851,-0.021608,0.388733,0.639794,-0.027214,0.394629,0.660142,-0.031379,0.372410,0.568806,-0.017700,0.383683,0.609521,-0.025996,0.391203,0.633939,-0.031810,0.398857,0.653754,-0.036010,0.373011,0.550117,-0.022619,0.387782,0.582292,-0.031491,0.398830,0.601313,-0.038112,0.409216,0.618753,-0.042850,0.370614,0.526238,-0.027505,0.385565,0.535105,-0.036821,0.396898,0.541667,-0.041717,0.408000,0.549078,-0.045081
1780387502.879,left,four_fingers,0.323624,0.473539,0.000000,0.316498,0.512523,-0.006511,0.317588,0.549171,-0.012598,0.326351,0.563528,-0.018662,0.333551,0.563890,-0.025636,0.346914,0.578957,-0.016792,0.354864,0.627770,-0.026844,0.362419,0.656167,-0.033032,0.370465,0.677330,-0.037604,0.354925,0.564800,-0.021631,0.372393,0.611174,-0.030719,0.386469,0.636265,-0.037289,0.399469,0.652524,-0.041834,0.357847,0.539834,-0.026827,0.379870,0.576509,-0.037572,0.396428,0.595481,-0.046757,0.410947,0.610103,-0.053111,0.356099,0.508542,-0.031969,0.375604,0.505373,-0.043893,0.390045,0.503254,-0.050592,0.403023,0.502968,-0.054763
1780387503.415,left,four_fingers,0.265005,0.534240,0.000000,0.257644,0.580088,-0.002120,0.261410,0.618254,-0.005698,0.273981,0.630335,-0.009890,0.285913,0.626809,-0.015435,0.284916,0.648901,-0.013810,0.288720,0.699341,-0.021644,0.293531,0.727574,-0.025920,0.298508,0.750539,-0.029455,0.292368,0.636036,-0.019876,0.305770,0.682050,-0.027784,0.317749,0.707277,-0.033720,0.329131,0.724449,-0.037925,0.294181,0.610177,-0.025712,0.315415,0.640102,-0.035669,0.332710,0.657870,-0.045326,0.347509,0.672184,-0.052241,0.290422,0.578062,-0.030947,0.311640,0.570034,-0.042091,0.325749,0.567699,-0.049054,0.337350,0.566590,-0.053738
1780387504.111,left,four_fingers,0.291555,0.555123,0.000000,0.288964,0.620733,0.000039,0.299137,0.668390,-0.002112,0.312654,0.699082,-0.005104,0.326168,0.717097,-0.008668,0.323786,0.679783,-0.011802,0.334321,0.730934,-0.021315,0.344298,0.760523,-0.027051,0.353130,0.782879,-0.031146,0.327710,0.666625,-0.018563,0.347698,0.717458,-0.029507,0.364357,0.743426,-0.036659,0.379326,0.757774,-0.041093,0.326749,0.640950,-0.024900,0.354226,0.672423,-0.036586,0.376086,0.689258,-0.045489,0.394507,0.700015,-0.051305,0.321678,0.607235,-0.030609,0.347025,0.600882,-0.042366,0.364365,0.601079,-0.049256,0.379502,0.600135,-0.053549
1780387504.654,left,four_fingers,0.398330,0.549903,0.000000,0.403025,0.599275,-0.007983,0.418825,0.642574,-0.011240,0.440040,0.635740,-0.014208,0.450851,0.608869,-0.017567,0.455551,0.652398,-0.007626,0.475877,0.700305,-0.014253,0.491031,0.726281,-0.019640,0.505073,0.744151,-0.023797,0.466124,0.633259,-0.010467,0.493108,0.678590,-0.015142,0.512791,0.701759,-0.020207,0.529292,0.715707,-0.024082,0.469146,0.607663,-0.014454,0.499585,0.635977,-0.020726,0.520012,0.647965,-0.028126,0.537226,0.655509,-0.033394,0.465865,0.574959,-0.019074,0.490636,0.567958,-0.026685,0.507842,0.564658,-0.031344,0.523432,0.562594,-0.034359
1780387505.193,left,four_fingers,0.461352,0.555488,0.000000,0.467245,0.604172,-0.009763,0.490005,0.643322,-0.011208,0.514165,0.627689,-0.011724,0.522615,0.594278,-0.012071,0.520070,0.649606,-0.004508,0.542235,0.691506,-0.008415,0.557263,0.713073,-0.011747,0.570904,0.726929,-0.014356,0.531154,0.626900,-0.004754,0.557281,0.666023,-0.006747,0.575454,0.685210,-0.009414,0.590278,0.695607,-0.011186,0.535055,0.598986,-0.006617,0.562800,0.619728,-0.010574,0.581110,0.632677,-0.016155,0.596020,0.640565,-0.019763,0.533925,0.565607,-0.009406,0.556544,0.557617,-0.014880,0.572002,0.552433,-0.018174,0.585917,0.546606,-0.019953
1780387505.711,left,four_fingers,0.407496,0.623708,0.000000,0.411418,0.672628,-0.008217,0.429978,0.713944,-0.010134,0.453451,0.702363,-0.011637,0.464207,0.672062,-0.013160,0.461915,0.720102,-0.004318,0.481968,0.762681,-0.009010,0.496188,0.785604,-0.013115,0.508961,0.800779,-0.016238,0.472884,0.700657,-0.005591,0.497364,0.740720,-0.008414,0.515299,0.761244,-0.011887,0.530192,0.772693,-0.014492,0.477263,0.676362,-0.008232,0.505584,0.699351,-0.012725,0.523785,0.711618,-0.018484,0.538578,0.717954,-0.022396,0.476434,0.645692,-0.011631,0.501365,0.638331,-0.017188,0.517743,0.635645,-0.020501,0.532041,0.632344,-0.022536
1780387506.227,left,four_fingers,0.316608,0.613281,0.000000,0.318941,0.656558,-0.004404,0.332041,0.693137,-0.007921,0.348283,0.694596,-0.012174,0.360092,0.683000,-0.016958,0.368038,0.711175,-0.006229,0.385547,0.752948,-0.014342,0.397659,0.776800,-0.020463,0.408628,0.794828,-0.024992,0.375397,0.697126,-0.011240,0.398208,0.739399,-0.018476,0.414637,0.761789,-0.024188,0.429011,0.776805,-0.028104,0.376538,0.674869,-0.017254,0.405063,0.701416,-0.025947,0.423737,0.713851,-0.032764,0.439617,0.723730,-0.037211,0.371956,0.645885,-0.023475,0.395859,0.642253,-0.032651,0.412122,0.642369,-0.037256,0.426927,0.644445,-0.040093
1780387506.763,left,four_fingers,0.267146,0.582565,0.000000,0.270945,0.621051,-0.004028,0.284326,0.651095,-0.007316,0.298270,0.652632,-0.011056,0.305066,0.634656,-0.015599,0.316001,0.656114,-0.007735,0.328784,0.696290,-0.015326,0.337900,0.720270,-0.021086,0.346482,0.738161,-0.025332,0.322537,0.641909,-0.012158,0.345585,0.673851,-0.018293,0.361744,0.690313,-0.023571,0.375279,0.699479,-0.027421,0.321908,0.620773,-0.017233,0.349250,0.639586,-0.024833,0.366845,0.648038,-0.031617,0.381623,0.654138,-0.036313,0.315558,0.595335,-0.022393,0.336237,0.590171,-0.030664,0.350521,0.589132,-0.035293,0.363425,0.590260,-0.038399
1780387507.274,left,four_fingers,0.345994,0.546192,0.000000,0.354088,0.583864,-0.007457,0.376197,0.612812,-0.009042,0.396084,0.599527,-0.010215,0.402247,0.571403,-0.011551,0.401002,0.615038,-0.002937,0.417485,0.649977,-0.007623,0.429968,0.669480,-0.012332,0.441018,0.683083,-0.015997,0.409487,0.595400,-0.004641,0.435273,0.620983,-0.007662,0.452345,0.633669,-0.011445,0.466569,0.640986,-0.014240,0.410556,0.573104,-0.007682,0.436956,0.587268,-0.012073,0.454182,0.594992,-0.016762,0.468908,0.600041,-0.020008,0.406770,0.546331,-0.011519,0.427504,0.542509,-0.016321,0.441678,0.543202,-0.018483,0.454888,0.545880,-0.019956
1780387507.779,left,four_fingers,0.481587,0.518929,0.000000,0.496938,0.565957,-0.009447,0.524529,0.582965,-0.009072,0.545184,0.554838,-0.008031,0.546869,0.518113,-0.006568,0.539903,0.584434,0.002475,0.561761,0.608615,0.001484,0.576233,0.618603,-0.000501,0.588701,0.624677,-0.001783,0.548309,0.558515,0.004641,0.572445,0.583971,0.006939,0.589357,0.597505,0.007693,0.602378,0.606641,0.008644,0.550317,0.530694,0.004712,0.574986,0.536998,0.005361,0.589907,0.544570,0.004280,0.599842,0.549537,0.004066,0.547781,0.500429,0.003405,0.564125,0.489215,0.003532,0.574934,0.486098,0.004137,0.583016,0.484071,0.005111
1780387508.399,left,four_fingers,0.564749,0.382491,0.000000,0.588815,0.412849,-0.005773,0.614352,0.406693,-0.003332,0.625096,0.375156,-0.000722,0.624620,0.348008,0.002317,0.619235,0.404192,0.004397,0.643521,0.410676,0.003931,0.658929,0.411802,0.003245,0.670433,0.413025,0.002816,0.617377,0.375926,0.005024,0.639825,0.376031,0.006561,0.653934,0.378140,0.006030,0.663809,0.381873,0.005595,0.610383,0.350533,0.003912,0.630445,0.345930,0.001054,0.634739,0.354556,-0.002327,0.636621,0.362260,-0.003461,0.600427,0.327552,0.002227,0.613745,0.312016,-0.001744,0.620314,0.304903,-0.004147,0.623590,0.298231,-0.005166
1780387508.972,left,four_fingers,0.645831,0.513294,0.000000,0.662157,0.544400,-0.001335,0.683283,0.560318,-0.001311,0.695921,0.553433,-0.002334,0.699751,0.536789,-0.003836,0.697465,0.558891,0.000494,0.717508,0.584185,-0.003226,0.732115,0.597029,-0.006237,0.743301,0.603968,-0.008129,0.702264,0.536042,-0.002541,0.727161,0.552218,-0.005165,0.744352,0.558835,-0.008176,0.757012,0.561664,-0.010194,0.702182,0.512880,-0.006395,0.726251,0.513910,-0.011486,0.741445,0.515287,-0.017145,0.751910,0.516323,-0.020429,0.698389,0.489648,-0.010179,0.716927,0.464592,-0.015957,0.727749,0.449875,-0.019154,0.735556,0.440480,-0.020865
1780387509.481,left,four_fingers,0.640117,0.646734,0.000000,0.649679,0.688001,-0.006465,0.673582,0.708509,-0.006552,0.692423,0.688659,-0.006593,0.696248,0.658997,-0.006293,0.682770,0.698946,0.000336,0.699444,0.727036,-0.001651,0.711222,0.741244,-0.001334,0.720266,0.749360,-0.000486,0.692401,0.680500,0.000565,0.711988,0.700524,0.001825,0.725702,0.711250,0.005648,0.736289,0.713448,0.009377,0.696934,0.660021,-0.001206,0.717752,0.664982,-0.004161,0.730192,0.673345,-0.004997,0.737806,0.674166,-0.004035,0.698427,0.636591,-0.003766,0.716308,0.613258,-0.009470,0.728236,0.599435,-0.012018,0.735948,0.585047,-0.012319
1780387509.985,left,four_fingers,0.693586,0.617465,0.000000,0.706606,0.657166,-0.004864,0.730199,0.666833,-0.004479,0.743369,0.639335,-0.004505,0.742806,0.610287,-0.004422,0.740071,0.651803,0.002360,0.755310,0.670556,0.001010,0.766874,0.678970,0.001299,0.775230,0.683888,0.002072,0.746230,0.628603,0.002184,0.764366,0.640339,0.004148,0.777407,0.647125,0.008668,0.787039,0.647573,0.012776,0.747561,0.606116,-0.000017,0.767749,0.601728,-0.002448,0.780963,0.605331,-0.002488,0.787842,0.604009,-0.000922,0.745586,0.582773,-0.002892,0.762057,0.553122,-0.008079,0.773588,0.535485,-0.010193,0.780903,0.518846,-0.010222
1780387510.514,left,four_fingers,0.662309,0.514149,0.000000,0.689734,0.521175,-0.004691,0.714418,0.499966,-0.005774,0.721238,0.465589,-0.008219,0.709300,0.440119,-0.010031,0.720173,0.447532,0.003898,0.742645,0.432494,-0.001246,0.757786,0.421682,-0.005387,0.769872,0.409888,-0.007854,0.714409,0.428584,0.000298,0.738106,0.404154,-0.006544,0.755917,0.390102,-0.011859,0.770030,0.374157,-0.014224,0.705352,0.415424,-0.004721,0.724908,0.424796,-0.016767,0.718279,0.448542,-0.020611,0.709422,0.457466,-0.018947,0.695502,0.410324,-0.010104,0.712620,0.431026,-0.017304,0.709605,0.453848,-0.017105,0.701964,0.464669,-0.014767
1780387511.046,left,four_fingers,0.419330,0.708559,0.000000,0.419292,0.658858,-0.009401,0.398009,0.616778,-0.010888,0.371382,0.628771,-0.011625,0.360367,0.662004,-0.012305,0.369446,0.590827,-0.004778,0.351351,0.542608,-0.008440,0.338093,0.517047,-0.011908,0.326265,0.500367,-0.015041,0.354493,0.612476,-0.005827,0.327800,0.571817,-0.007896,0.310355,0.548122,-0.011220,0.296557,0.533142,-0.013814,0.348200,0.641341,-0.008402,0.318253,0.614555,-0.013115,0.300846,0.598079,-0.020489,0.286370,0.586860,-0.025767,0.348061,0.676590,-0.011772,0.324299,0.680121,-0.018911,0.309008,0.683992,-0.023942,0.294924,0.688121,-0.027287
1780387511.582,left,four_fingers,0.414893,0.764988,0.000000,0.414034,0.715029,-0.012478,0.392130,0.675420,-0.016022,0.364548,0.691587,-0.018656,0.352589,0.725236,-0.020915,0.361456,0.641609,-0.006370,0.341085,0.595609,-0.011697,0.327335,0.569814,-0.016233,0.315445,0.551018,-0.019688,0.346235,0.666212,-0.006358,0.318564,0.627536,-0.009245,0.300028,0.604380,-0.012398,0.285814,0.588626,-0.014471,0.340189,0.697779,-0.008384,0.311052,0.675088,-0.012633,0.293078,0.658691,-0.018225,0.278842,0.646382,-0.021960,0.340649,0.735379,-0.011850,0.318172,0.735922,-0.017342,0.302683,0.737249,-0.020790,0.288593,0.739069,-0.022829
1780387512.097,left,four_fingers,0.395224,0.798364,0.000000,0.394294,0.752044,-0.013154,0.376766,0.715951,-0.018373,0.350467,0.728074,-0.022566,0.334849,0.751880,-0.026325,0.346464,0.673616,-0.008382,0.328130,0.624334,-0.015530,0.315451,0.596292,-0.021783,0.304710,0.574534,-0.026346,0.330343,0.695807,-0.007960,0.305147,0.652468,-0.012748,0.288280,0.626525,-0.017693,0.275524,0.607025,-0.021153,0.322578,0.725404,-0.009522,0.294645,0.697132,-0.014694,0.277768,0.677939,-0.020974,0.264533,0.661534,-0.025450,0.321476,0.761832,-0.012492,0.300312,0.757356,-0.018298,0.285493,0.754350,-0.022028,0.271994,0.750318,-0.024402
1780387512.603,left,four_fingers,0.343955,0.788399,0.000000,0.346042,0.748013,-0.016328,0.328858,0.713185,-0.021234,0.303407,0.710931,-0.024254,0.285858,0.721677,-0.026267,0.307801,0.658260,-0.007766,0.294655,0.607684,-0.013448,0.285443,0.578515,-0.018986,0.277541,0.555654,-0.022579,0.291664,0.675121,-0.004193,0.272297,0.628733,-0.006534,0.259748,0.601164,-0.009309,0.250901,0.579551,-0.010864,0.281880,0.700760,-0.003019,0.261404,0.665406,-0.005114,0.250750,0.644259,-0.007879,0.243445,0.625884,-0.009626,0.277011,0.733934,-0.003848,0.260266,0.720325,-0.006016,0.250313,0.713169,-0.006508,0.242260,0.705634,-0.006306
1780387513.146,left,four_fingers,0.266843,0.731582,0.000000,0.275176,0.692846,-0.017416,0.265851,0.649094,-0.023280,0.238061,0.637120,-0.026978,0.218784,0.643431,-0.029526,0.252964,0.581693,-0.008541,0.247333,0.523911,-0.015280,0.243181,0.489295,-0.021824,0.239468,0.461631,-0.026217,0.233598,0.589077,-0.004948,0.222651,0.531736,-0.007950,0.215295,0.497439,-0.011544,0.210522,0.470265,-0.013864,0.219965,0.607921,-0.003875,0.204312,0.562671,-0.006658,0.196247,0.536130,-0.009738,0.191469,0.514315,-0.011804,0.210370,0.637922,-0.004911,0.195729,0.614178,-0.007203,0.187616,0.601261,-0.007290,0.181345,0.589274,-0.006932
1780387513.684,left,four_fingers,0.246975,0.646400,0.000000,0.260177,0.612484,-0.018012,0.258481,0.564406,-0.024164,0.233940,0.538048,-0.028190,0.212495,0.533964,-0.031235,0.256454,0.494222,-0.010031,0.262345,0.431932,-0.017279,0.263975,0.394524,-0.024143,0.264364,0.363161,-0.029235,0.236223,0.490287,-0.007167,0.235749,0.424894,-0.011304,0.234984,0.385553,-0.016678,0.235022,0.353384,-0.020665,0.219607,0.501559,-0.006749,0.213075,0.445097,-0.011251,0.210644,0.410337,-0.017181,0.210041,0.382071,-0.021460,0.206012,0.524922,-0.008342,0.194831,0.492541,-0.012914,0.188536,0.472059,-0.015539,0.183999,0.453400,-0.017278
1780387514.221,left,four_fingers,0.253032,0.579233,0.000000,0.270565,0.550841,-0.017287,0.275360,0.505136,-0.024711,0.251682,0.470621,-0.030268,0.230602,0.456986,-0.035047,0.281960,0.437707,-0.011959,0.296027,0.380966,-0.021143,0.303678,0.345550,-0.029369,0.309607,0.316803,-0.035433,0.261379,0.424742,-0.010644,0.268804,0.358128,-0.017153,0.273563,0.318494,-0.024107,0.278295,0.286403,-0.029157,0.242976,0.429064,-0.011605,0.243459,0.365984,-0.018700,0.245561,0.328362,-0.025991,0.248342,0.297255,-0.031070,0.225812,0.447327,-0.014269,0.218701,0.406978,-0.021473,0.214542,0.380779,-0.025445,0.211749,0.356022,-0.028018
1780387514.753,left,four_fingers,0.292551,0.534045,0.000000,0.314356,0.513557,-0.013896,0.328058,0.473776,-0.020593,0.309809,0.433344,-0.025743,0.290426,0.414190,-0.030632,0.340253,0.413018,-0.013449,0.362757,0.366525,-0.021381,0.374821,0.335938,-0.027820,0.384044,0.309879,-0.033037,0.321569,0.391873,-0.014180,0.337738,0.332550,-0.020500,0.347504,0.293850,-0.026799,0.355415,0.261035,-0.031653,0.301818,0.389051,-0.016595,0.310100,0.325744,-0.025669,0.318190,0.285935,-0.035471,0.325622,0.251928,-0.042274,0.281412,0.399903,-0.019906,0.270393,0.353916,-0.031395,0.262739,0.323809,-0.038653,0.256676,0.294801,-0.043195
1780387515.262,left,four_fingers,0.317909,0.546373,0.000000,0.344843,0.529967,-0.013640,0.366445,0.483715,-0.017204,0.351205,0.434638,-0.019612,0.328539,0.421194,-0.021515,0.378719,0.430873,-0.003820,0.399576,0.387671,-0.008073,0.410847,0.361412,-0.013341,0.420065,0.337595,-0.018069,0.361097,0.410194,-0.003641,0.376686,0.360311,-0.006464,0.385854,0.327346,-0.012029,0.393597,0.298417,-0.016751,0.342447,0.405280,-0.005619,0.354185,0.356620,-0.010890,0.365056,0.327893,-0.018205,0.373699,0.302583,-0.023531,0.321697,0.410423,-0.009081,0.321611,0.366789,-0.015338,0.321342,0.338919,-0.019272,0.320729,0.311781,-0.022211
1780387515.763,left,four_fingers,0.350305,0.547711,0.000000,0.379168,0.537305,-0.010038,0.403075,0.490861,-0.011433,0.390225,0.437814,-0.012344,0.368037,0.421905,-0.013071,0.415757,0.435499,0.000290,0.438251,0.400551,-0.003471,0.451770,0.378859,-0.008542,0.463039,0.361309,-0.013225,0.398981,0.410658,-0.001175,0.415564,0.358270,-0.003419,0.427892,0.329297,-0.008245,0.438822,0.305824,-0.012434,0.380707,0.402521,-0.004711,0.392963,0.350325,-0.009228,0.406137,0.321692,-0.015365,0.417722,0.297939,-0.019939,0.359493,0.403929,-0.009497,0.365389,0.357779,-0.014405,0.372218,0.330648,-0.017056,0.379663,0.306423,-0.019311
1780387516.302,left,four_fingers,0.475111,0.646611,0.000000,0.507718,0.652694,-0.006211,0.539693,0.620286,-0.007396,0.540815,0.571864,-0.009317,0.526407,0.547285,-0.011357,0.554152,0.552876,0.000653,0.582192,0.524504,-0.007474,0.602427,0.513996,-0.015561,0.620350,0.510079,-0.021187,0.543371,0.526384,-0.003529,0.569382,0.478407,-0.009013,0.590637,0.455713,-0.015168,0.608291,0.443617,-0.019594,0.528972,0.514346,-0.009740,0.549656,0.461747,-0.016365,0.570812,0.440138,-0.022710,0.590326,0.428071,-0.026957,0.510534,0.512130,-0.016980,0.521217,0.463875,-0.022452,0.534650,0.443212,-0.024960,0.549369,0.431172,-0.026953
1780387516.878,left,four_fingers,0.475145,0.693332,0.000000,0.506259,0.707850,-0.005422,0.538851,0.683685,-0.006084,0.542149,0.643355,-0.007588,0.528571,0.619190,-0.009372,0.555680,0.611813,0.000159,0.585076,0.589740,-0.007562,0.605502,0.584046,-0.015038,0.623145,0.584349,-0.020351,0.546133,0.585911,-0.003983,0.569790,0.540431,-0.009779,0.591564,0.526489,-0.015772,0.610562,0.522384,-0.020082,0.532338,0.576566,-0.009933,0.547920,0.524817,-0.016986,0.568986,0.507905,-0.023545,0.588727,0.501887,-0.027894,0.515708,0.577159,-0.016835,0.524840,0.531547,-0.023076,0.537944,0.513465,-0.026317,0.551764,0.505144,-0.028773
1780387517.417,left,four_fingers,0.476275,0.702496,0.000000,0.505349,0.716192,-0.005490,0.536293,0.694283,-0.006679,0.540698,0.657099,-0.008528,0.528897,0.632630,-0.010669,0.551802,0.625758,-0.001201,0.579635,0.603883,-0.009562,0.599409,0.598501,-0.017116,0.616499,0.598754,-0.022272,0.543370,0.600993,-0.005145,0.568583,0.558307,-0.011222,0.589614,0.545912,-0.016912,0.607082,0.543033,-0.020827,0.530720,0.592006,-0.010783,0.547636,0.542674,-0.017734,0.568250,0.527730,-0.023529,0.587165,0.523041,-0.027287,0.515136,0.592665,-0.017346,0.525010,0.548810,-0.023202,0.539088,0.533190,-0.025950,0.554093,0.527152,-0.028040
1780387517.930,left,four_fingers,0.460758,0.716121,0.000000,0.489838,0.726247,-0.004627,0.518969,0.701894,-0.005976,0.521247,0.663906,-0.008077,0.511015,0.639927,-0.010466,0.533131,0.636983,-0.002155,0.561647,0.614674,-0.010525,0.580960,0.609384,-0.017668,0.597262,0.610101,-0.022406,0.524310,0.616129,-0.006272,0.550266,0.576187,-0.012450,0.571609,0.564623,-0.017836,0.589569,0.562439,-0.021525,0.511440,0.609100,-0.011965,0.528210,0.560208,-0.018964,0.548106,0.544919,-0.025174,0.566910,0.539945,-0.029278,0.495601,0.610748,-0.018387,0.505305,0.570955,-0.025075,0.516965,0.553901,-0.028695,0.528874,0.544852,-0.031228
1780387518.469,left,four_fingers,0.486566,0.637731,0.000000,0.496994,0.656660,-0.011044,0.505256,0.665389,-0.021064,0.503432,0.659110,-0.029975,0.493973,0.657259,-0.040620,0.518089,0.617634,-0.025613,0.534340,0.574904,-0.035356,0.545007,0.553165,-0.041382,0.555367,0.538932,-0.045985,0.517784,0.602915,-0.026470,0.541216,0.565397,-0.035899,0.557054,0.549371,-0.041581,0.570515,0.540036,-0.046175,0.512989,0.596291,-0.027238,0.537338,0.569574,-0.035627,0.554957,0.560482,-0.040391,0.568584,0.557203,-0.043745,0.505647,0.591013,-0.028427,0.519434,0.569325,-0.035074,0.531640,0.559633,-0.037239,0.542778,0.555846,-0.039014
1780387519.128,left,four_fingers,0.432419,0.720580,0.000000,0.460865,0.725185,-0.004666,0.489142,0.699235,-0.006136,0.487670,0.660983,-0.008292,0.472754,0.640693,-0.011031,0.502890,0.633371,-0.000336,0.528252,0.611840,-0.007226,0.545356,0.600638,-0.013938,0.559903,0.594957,-0.018941,0.491965,0.612549,-0.004989,0.513734,0.567022,-0.010270,0.531859,0.547258,-0.015671,0.547252,0.535167,-0.019621,0.477782,0.606770,-0.011223,0.494172,0.555296,-0.017871,0.510766,0.532816,-0.024024,0.526909,0.517390,-0.028318,0.460514,0.610599,-0.018093,0.467098,0.567879,-0.024663,0.476858,0.548905,-0.027817,0.488656,0.535297,-0.030170
1780387519.654,left,four_fingers,0.346854,0.745604,0.000000,0.371819,0.739128,-0.007539,0.393351,0.715070,-0.011547,0.384875,0.680804,-0.015839,0.370208,0.663592,-0.020463,0.404922,0.649829,-0.004485,0.429042,0.624497,-0.012555,0.444096,0.610023,-0.019584,0.457222,0.600621,-0.024791,0.391196,0.630780,-0.008021,0.408909,0.581739,-0.014517,0.422020,0.557903,-0.020586,0.433999,0.541662,-0.024989,0.375355,0.627881,-0.013168,0.387183,0.576022,-0.020837,0.397992,0.549703,-0.027174,0.410216,0.528078,-0.031478,0.357217,0.636455,-0.019106,0.358040,0.598692,-0.027148,0.362737,0.576010,-0.031062,0.370637,0.554542,-0.033604
1780387520.187,left,four_fingers,0.316899,0.793362,0.000000,0.340101,0.777321,-0.009567,0.357859,0.745152,-0.014473,0.341973,0.717882,-0.019185,0.322717,0.709770,-0.024154,0.360721,0.675920,-0.007438,0.379862,0.637657,-0.016340,0.392815,0.613910,-0.023894,0.403468,0.596467,-0.029257,0.342249,0.661246,-0.010289,0.350849,0.605778,-0.016711,0.357798,0.573180,-0.023478,0.363781,0.548809,-0.028365,0.324649,0.665443,-0.014636,0.327597,0.612937,-0.022296,0.331647,0.579637,-0.029277,0.336808,0.550816,-0.034022,0.306585,0.683255,-0.019832,0.301069,0.646956,-0.027637,0.298740,0.621742,-0.031065,0.298716,0.597186,-0.033122
1780387520.734,left,four_fingers,0.312759,0.768869,0.000000,0.334742,0.749033,-0.010285,0.350438,0.713180,-0.015105,0.332873,0.686512,-0.019511,0.312878,0.680212,-0.024020,0.352227,0.649722,-0.007711,0.369933,0.607993,-0.015805,0.381278,0.582295,-0.022650,0.390514,0.562574,-0.027730,0.333165,0.635252,-0.009895,0.340613,0.578999,-0.015767,0.345752,0.545229,-0.022051,0.350012,0.519190,-0.026718,0.315651,0.639168,-0.013635,0.317022,0.584624,-0.020606,0.319201,0.549482,-0.027625,0.322366,0.518872,-0.032560,0.298412,0.656433,-0.018331,0.291833,0.619557,-0.025548,0.288222,0.594279,-0.029213,0.286713,0.569804,-0.031611
1780387521.238,left,four_fingers,0.303112,0.749108,0.000000,0.321844,0.731573,-0.011405,0.334140,0.699435,-0.016956,0.315224,0.675532,-0.021747,0.295573,0.667240,-0.026581,0.335661,0.636939,-0.009418,0.348782,0.597565,-0.017541,0.357004,0.573438,-0.024610,0.363130,0.552907,-0.029864,0.317045,0.624032,-0.010660,0.320451,0.570540,-0.016636,0.321311,0.539319,-0.023200,0.321119,0.513363,-0.028110,0.300235,0.627751,-0.013329,0.300248,0.577185,-0.020005,0.300022,0.544760,-0.026557,0.299777,0.515163,-0.031172,0.283900,0.643759,-0.016995,0.278097,0.608159,-0.023460,0.274136,0.585902,-0.026313,0.271208,0.564070,-0.028084
1780387521.792,left,four_fingers,0.296413,0.694025,0.000000,0.306803,0.681890,-0.012756,0.311059,0.656171,-0.019836,0.295622,0.634390,-0.025592,0.280411,0.621553,-0.031024,0.314248,0.599382,-0.012947,0.320555,0.563200,-0.021857,0.322131,0.541332,-0.029409,0.320564,0.521284,-0.035004,0.299600,0.588644,-0.013193,0.297634,0.540547,-0.020709,0.292213,0.512956,-0.027415,0.286260,0.489320,-0.032202,0.286398,0.591133,-0.014828,0.284128,0.543220,-0.022777,0.279954,0.515405,-0.028758,0.275359,0.490546,-0.032653,0.273658,0.603430,-0.017499,0.268576,0.569493,-0.025091,0.262976,0.550430,-0.028319,0.257891,0.532046,-0.030151
1780387522.335,left,four_fingers,0.300150,0.662766,0.000000,0.308795,0.650143,-0.012632,0.310697,0.624973,-0.019346,0.296298,0.604192,-0.024724,0.282326,0.593131,-0.029747,0.314119,0.569655,-0.011759,0.317494,0.533723,-0.019965,0.316966,0.512431,-0.027210,0.313459,0.492924,-0.032603,0.301020,0.561391,-0.011472,0.297935,0.514585,-0.018478,0.291503,0.487969,-0.024984,0.284389,0.464896,-0.029550,0.289643,0.564680,-0.012538,0.286945,0.518901,-0.019606,0.282202,0.493200,-0.025178,0.276786,0.470941,-0.028767,0.278946,0.576781,-0.014717,0.274506,0.544777,-0.021324,0.269355,0.526516,-0.024299,0.264077,0.509680,-0.025985
1780387522.854,left,four_fingers,0.290487,0.646785,0.000000,0.301441,0.631243,-0.014392,0.303717,0.601640,-0.021156,0.288067,0.578795,-0.026292,0.272502,0.566536,-0.031076,0.308225,0.546244,-0.012264,0.312438,0.505213,-0.020337,0.312352,0.479937,-0.027556,0.309836,0.457081,-0.033105,0.293506,0.537861,-0.011080,0.291619,0.489174,-0.018033,0.287004,0.459293,-0.024970,0.282036,0.433181,-0.029973,0.280719,0.541499,-0.011463,0.278936,0.493705,-0.018578,0.275297,0.464604,-0.025168,0.271230,0.439365,-0.029617,0.268985,0.554710,-0.013115,0.264682,0.522244,-0.020044,0.259835,0.501864,-0.023932,0.254994,0.483648,-0.026380
1780387523.382,left,four_fingers,0.256541,0.650947,0.000000,0.271693,0.621997,-0.012247,0.273902,0.583977,-0.017312,0.253444,0.560941,-0.021319,0.235043,0.558073,-0.025092,0.274674,0.528349,-0.008251,0.281870,0.481382,-0.015044,0.282501,0.451465,-0.021446,0.280342,0.425769,-0.026512,0.256992,0.522685,-0.008366,0.254835,0.467441,-0.013991,0.250262,0.433952,-0.020020,0.245227,0.406727,-0.024493,0.242004,0.530335,-0.010062,0.237833,0.478368,-0.016059,0.234014,0.446073,-0.022130,0.229860,0.419268,-0.026299,0.228400,0.548531,-0.012988,0.221151,0.513623,-0.018947,0.215474,0.491464,-0.021994,0.209963,0.472126,-0.023868
1780387523.904,left,four_fingers,0.215380,0.657395,0.000000,0.228230,0.620164,-0.014188,0.225711,0.577640,-0.020456,0.202816,0.557790,-0.025489,0.183977,0.557463,-0.030218,0.219504,0.517574,-0.011871,0.220971,0.462092,-0.020253,0.218356,0.427207,-0.027326,0.214284,0.398372,-0.032573,0.199397,0.518902,-0.011636,0.189434,0.458665,-0.018257,0.179920,0.422280,-0.024209,0.171520,0.394131,-0.028363,0.183889,0.533158,-0.013079,0.171107,0.481198,-0.019251,0.162800,0.449090,-0.024656,0.156032,0.423127,-0.028399,0.171556,0.558930,-0.016048,0.157931,0.527081,-0.021489,0.149631,0.505922,-0.023642,0.142948,0.486924,-0.024919
1780387524.414,left,four_fingers,0.216584,0.655577,0.000000,0.228421,0.621733,-0.014260,0.223658,0.579797,-0.019359,0.199435,0.559551,-0.023013,0.180376,0.562028,-0.026235,0.218787,0.521079,-0.009488,0.218700,0.465470,-0.016529,0.214955,0.430816,-0.022844,0.210197,0.402361,-0.027906,0.199463,0.522514,-0.008704,0.187417,0.463145,-0.014415,0.177420,0.428963,-0.020137,0.169082,0.402390,-0.024147,0.184702,0.536469,-0.009722,0.170482,0.485370,-0.015926,0.161639,0.453513,-0.021933,0.154600,0.427098,-0.026014,0.173314,0.560250,-0.012217,0.159365,0.531234,-0.018202,0.151201,0.512141,-0.021187,0.144583,0.494266,-0.023064
1780387524.949,left,four_fingers,0.217822,0.645499,0.000000,0.228462,0.611015,-0.013057,0.223480,0.569437,-0.017564,0.199787,0.549889,-0.020848,0.181226,0.553489,-0.023720,0.219191,0.513620,-0.007801,0.217942,0.460891,-0.014257,0.213769,0.428351,-0.020289,0.208526,0.401547,-0.025183,0.200687,0.516423,-0.007198,0.189179,0.461330,-0.012406,0.179764,0.428712,-0.017905,0.171629,0.403166,-0.021836,0.186625,0.530921,-0.008326,0.172604,0.482589,-0.014115,0.163798,0.452353,-0.019885,0.156401,0.427839,-0.023826,0.175987,0.554661,-0.010834,0.162931,0.527182,-0.016454,0.154876,0.508486,-0.019349,0.147931,0.491329,-0.021217
1780387525.470,left,four_fingers,0.217632,0.639172,0.000000,0.228308,0.604254,-0.011637,0.223616,0.562186,-0.015458,0.200450,0.543029,-0.018252,0.182108,0.546260,-0.020668,0.218326,0.509404,-0.006828,0.217467,0.456697,-0.012677,0.213328,0.424386,-0.018167,0.208291,0.397989,-0.022739,0.200302,0.512317,-0.006702,0.188623,0.458621,-0.011562,0.179411,0.425556,-0.016933,0.171568,0.399432,-0.020930,0.186811,0.526528,-0.008141,0.172738,0.479007,-0.013789,0.163949,0.448869,-0.019770,0.156515,0.424917,-0.023967,0.176870,0.549558,-0.010779,0.163527,0.522484,-0.016601,0.154957,0.503980,-0.019884,0.147255,0.487568,-0.022085
1780387525.995,left,four_fingers,0.204539,0.650631,0.000000,0.213719,0.617083,-0.014584,0.208352,0.577272,-0.020097,0.186220,0.560971,-0.024055,0.168856,0.565544,-0.027554,0.201157,0.519454,-0.010570,0.200251,0.465137,-0.017579,0.196248,0.432485,-0.023765,0.190970,0.405606,-0.028661,0.182509,0.522975,-0.009203,0.169889,0.468218,-0.014680,0.159994,0.437587,-0.019999,0.151332,0.413713,-0.023782,0.168681,0.537981,-0.009592,0.154123,0.491062,-0.015420,0.144796,0.462056,-0.021061,0.136719,0.438208,-0.024921,0.159031,0.562379,-0.011470,0.145564,0.533828,-0.016972,0.136691,0.517293,-0.019548,0.128669,0.502917,-0.021133
1780387526.522,left,four_fingers,0.207792,0.642170,0.000000,0.216479,0.609075,-0.013991,0.210172,0.569350,-0.018742,0.186913,0.553699,-0.021898,0.169891,0.560480,-0.024585,0.204153,0.515074,-0.009342,0.203662,0.463041,-0.015778,0.199489,0.431231,-0.021702,0.194187,0.405461,-0.026534,0.185781,0.518934,-0.008334,0.171806,0.464583,-0.013593,0.161239,0.434121,-0.019222,0.152107,0.410064,-0.023257,0.172545,0.534208,-0.009007,0.157617,0.488839,-0.015076,0.148104,0.460018,-0.021405,0.139994,0.435940,-0.025688,0.163327,0.558241,-0.011057,0.148921,0.532493,-0.016909,0.140168,0.516734,-0.019949,0.132608,0.502106,-0.021907
1780387527.054,left,four_fingers,0.233085,0.663021,0.000000,0.242491,0.633004,-0.013894,0.239557,0.594688,-0.020123,0.215244,0.577394,-0.025107,0.196015,0.578539,-0.029592,0.233212,0.533266,-0.010089,0.234659,0.481276,-0.018481,0.231666,0.448801,-0.026043,0.227459,0.422086,-0.031869,0.213553,0.533748,-0.010163,0.202604,0.474199,-0.017154,0.193001,0.441782,-0.024209,0.184107,0.415584,-0.029245,0.199265,0.546564,-0.011874,0.186570,0.495914,-0.018920,0.177122,0.466941,-0.025360,0.168198,0.442400,-0.029728,0.188158,0.569701,-0.014978,0.175293,0.537583,-0.021473,0.166309,0.518598,-0.024547,0.157685,0.500606,-0.026408
1780387527.597,left,four_fingers,0.260907,0.623494,0.000000,0.269023,0.603754,-0.013264,0.270301,0.579518,-0.021373,0.256419,0.566438,-0.028433,0.241876,0.561504,-0.035295,0.263296,0.515473,-0.014941,0.263837,0.471951,-0.025260,0.262271,0.444226,-0.033759,0.258690,0.420102,-0.039932,0.245651,0.512509,-0.015529,0.235309,0.460076,-0.024423,0.226674,0.431336,-0.031941,0.218220,0.406747,-0.037151,0.232024,0.522446,-0.017386,0.220738,0.474663,-0.025952,0.211755,0.447164,-0.032213,0.203267,0.422478,-0.036268,0.221254,0.542183,-0.020430,0.210687,0.508707,-0.028089,0.202259,0.490826,-0.031191,0.194563,0.473636,-0.032859
1780387528.129,left,four_fingers,0.276314,0.544833,0.000000,0.287980,0.537980,-0.014319,0.293699,0.515806,-0.022536,0.279365,0.490159,-0.028862,0.265630,0.472036,-0.035054,0.300252,0.460589,-0.018287,0.310347,0.426904,-0.027870,0.313098,0.403600,-0.035562,0.313441,0.381279,-0.041611,0.284495,0.443667,-0.018355,0.285024,0.392747,-0.026593,0.280997,0.363722,-0.033614,0.276377,0.338310,-0.038908,0.269613,0.442896,-0.019543,0.268516,0.391550,-0.028578,0.264236,0.359626,-0.035741,0.259413,0.330170,-0.040727,0.254933,0.453835,-0.021640,0.249423,0.416919,-0.030964,0.243715,0.394403,-0.035427,0.238461,0.372745,-0.038165
1780387528.634,left,four_fingers,0.285009,0.547508,0.000000,0.302161,0.552835,-0.012512,0.317786,0.541712,-0.020315,0.303771,0.517805,-0.026864,0.286595,0.501894,-0.033817,0.325828,0.491827,-0.017814,0.344024,0.469360,-0.027932,0.354792,0.458180,-0.035064,0.364137,0.449163,-0.039960,0.311084,0.468825,-0.018318,0.323083,0.431355,-0.025281,0.328296,0.411184,-0.030444,0.332114,0.395110,-0.034518,0.294299,0.462059,-0.019949,0.298888,0.422733,-0.027546,0.300370,0.399328,-0.032416,0.301882,0.378109,-0.036070,0.276215,0.466120,-0.022429,0.274135,0.436563,-0.029978,0.270930,0.420767,-0.032247,0.268225,0.405233,-0.033600
1780387529.138,left,four_fingers,0.308927,0.548763,0.000000,0.311149,0.602059,-0.005581,0.321341,0.635121,-0.011927,0.329837,0.653045,-0.017890,0.337924,0.662502,-0.024638,0.352630,0.598677,-0.018769,0.372683,0.633936,-0.030763,0.384458,0.663673,-0.038560,0.391865,0.689084,-0.043571,0.351804,0.587897,-0.022676,0.372448,0.629023,-0.035623,0.383895,0.665237,-0.044376,0.391056,0.697186,-0.049471,0.344139,0.582966,-0.026305,0.365428,0.621565,-0.039873,0.375908,0.655362,-0.048910,0.382963,0.686705,-0.054023,0.331823,0.583087,-0.029655,0.340718,0.603652,-0.042890,0.345190,0.625168,-0.049266,0.347331,0.647671,-0.052539
1780387529.659,left,four_fingers,0.312440,0.614370,0.000000,0.328666,0.671438,0.002512,0.346588,0.693844,-0.001756,0.357116,0.704418,-0.008652,0.358631,0.716435,-0.016856,0.378048,0.651487,-0.006264,0.397099,0.682839,-0.019374,0.407418,0.712611,-0.029745,0.414199,0.739815,-0.037227,0.373772,0.636861,-0.016465,0.399483,0.672001,-0.029752,0.408385,0.708545,-0.040005,0.413520,0.740239,-0.047297,0.364618,0.628287,-0.026862,0.388206,0.657860,-0.039904,0.397091,0.693728,-0.048622,0.402456,0.724363,-0.054381,0.352506,0.626372,-0.036907,0.368080,0.645445,-0.047700,0.376431,0.667423,-0.053536,0.382495,0.689023,-0.057919
1780387530.180,left,four_fingers,0.324022,0.617489,0.000000,0.333927,0.659901,-0.003264,0.347433,0.684306,-0.008030,0.355176,0.697394,-0.013939,0.357947,0.696488,-0.020792,0.377581,0.667022,-0.006747,0.400951,0.686604,-0.016198,0.414305,0.703369,-0.023684,0.424865,0.719671,-0.029058,0.376949,0.656466,-0.012288,0.402234,0.677321,-0.021047,0.416678,0.696219,-0.028690,0.428333,0.713202,-0.034252,0.371423,0.642358,-0.018608,0.396008,0.652453,-0.027312,0.410045,0.664259,-0.034049,0.421704,0.676088,-0.038822,0.362425,0.627070,-0.025202,0.377555,0.628877,-0.032825,0.387935,0.633971,-0.036873,0.397490,0.639622,-0.040001
1780387530.713,left,four_fingers,0.335475,0.582721,0.000000,0.339890,0.632167,0.001630,0.351305,0.662899,-0.002595,0.357355,0.681192,-0.008456,0.361539,0.677905,-0.015455,0.385890,0.637761,-0.010764,0.402076,0.671391,-0.022632,0.412645,0.695209,-0.031535,0.419306,0.718533,-0.038454,0.382040,0.625436,-0.020165,0.404186,0.662961,-0.032996,0.413532,0.691142,-0.042563,0.420676,0.717117,-0.049316,0.372766,0.615228,-0.029330,0.394846,0.645290,-0.042020,0.403116,0.664780,-0.050360,0.411993,0.682074,-0.056212,0.359662,0.610290,-0.037987,0.369059,0.622173,-0.050359,0.378129,0.629392,-0.057375,0.388861,0.636472,-0.062483
1780387531.247,left,four_fingers,0.331299,0.563642,0.000000,0.338380,0.605299,0.008188,0.349646,0.633104,0.008475,0.355773,0.652443,0.005962,0.362839,0.665124,0.002726,0.376125,0.619215,0.004159,0.383617,0.659941,-0.001240,0.387752,0.688303,-0.005810,0.390724,0.711862,-0.009361,0.375321,0.615538,-0.004925,0.385891,0.663036,-0.009660,0.389731,0.694449,-0.013583,0.392106,0.720399,-0.016861,0.370148,0.614812,-0.013893,0.381221,0.658542,-0.018333,0.385111,0.688979,-0.020672,0.387828,0.713848,-0.022947,0.361140,0.618417,-0.022338,0.369873,0.645574,-0.025954,0.374540,0.664437,-0.027038,0.377947,0.681090,-0.028339
1780387531.809,left,four_fingers,0.279002,0.547125,0.000000,0.285691,0.546421,-0.010729,0.291506,0.529326,-0.016005,0.289865,0.509895,-0.019875,0.282642,0.494674,-0.023766,0.288281,0.482333,-0.011774,0.292201,0.453023,-0.017609,0.291718,0.435139,-0.022228,0.288574,0.418882,-0.025546,0.281784,0.472347,-0.010719,0.285144,0.438454,-0.016535,0.283570,0.416374,-0.021614,0.280245,0.396957,-0.025135,0.274690,0.470911,-0.010589,0.277205,0.437552,-0.016365,0.276906,0.414531,-0.021445,0.275134,0.395915,-0.024712,0.265908,0.475708,-0.011162,0.264054,0.446172,-0.016361,0.261149,0.426437,-0.019296,0.258306,0.409111,-0.021113
1780387532.333,left,four_fingers,0.238548,0.578128,0.000000,0.254804,0.547178,-0.011187,0.257967,0.504173,-0.015458,0.236645,0.478063,-0.018573,0.217944,0.474573,-0.021551,0.255947,0.453635,-0.008999,0.262646,0.402735,-0.015173,0.263964,0.371043,-0.020677,0.263289,0.343485,-0.025083,0.238045,0.448191,-0.009390,0.235697,0.389672,-0.014313,0.231776,0.353222,-0.019557,0.227837,0.323217,-0.023600,0.222964,0.455255,-0.011140,0.219134,0.399244,-0.016580,0.216967,0.363716,-0.022569,0.214487,0.334941,-0.026856,0.209050,0.472159,-0.013935,0.199848,0.432816,-0.019565,0.193987,0.407347,-0.022679,0.188589,0.385057,-0.024784
1780387532.866,left,four_fingers,0.244055,0.611788,0.000000,0.259329,0.577718,-0.009411,0.258640,0.531138,-0.011749,0.235359,0.507773,-0.013306,0.216152,0.511476,-0.014745,0.255545,0.488330,-0.005105,0.258924,0.437610,-0.009657,0.257592,0.405224,-0.013949,0.255226,0.379240,-0.017603,0.237300,0.489168,-0.005759,0.230475,0.433436,-0.009501,0.224348,0.399388,-0.013975,0.219313,0.373016,-0.017487,0.223066,0.500270,-0.007749,0.215258,0.449532,-0.012434,0.211024,0.416929,-0.017583,0.206960,0.391786,-0.021230,0.210373,0.518941,-0.010724,0.200241,0.483723,-0.015653,0.194422,0.458831,-0.018373,0.189231,0.437147,-0.020318
1780387533.390,left,four_fingers,0.299252,0.622734,0.000000,0.309263,0.593987,-0.010038,0.307955,0.558051,-0.014163,0.289049,0.539999,-0.017556,0.272976,0.539511,-0.020600,0.303753,0.509677,-0.006579,0.304555,0.462453,-0.012612,0.303131,0.434549,-0.018044,0.300867,0.410912,-0.022218,0.288318,0.508776,-0.007034,0.281903,0.456945,-0.012049,0.275675,0.427613,-0.017369,0.270185,0.403841,-0.021273,0.276644,0.517522,-0.008822,0.270315,0.471183,-0.013825,0.265305,0.442242,-0.018845,0.260584,0.418725,-0.022341,0.266727,0.534049,-0.011696,0.258362,0.501790,-0.016371,0.252324,0.480543,-0.018677,0.246641,0.461822,-0.020196
1780387533.908,left,four_fingers,0.334722,0.619933,0.000000,0.342067,0.598701,-0.013330,0.339281,0.569610,-0.019565,0.322704,0.552589,-0.024380,0.307578,0.547354,-0.028848,0.338028,0.517627,-0.010873,0.337357,0.476633,-0.018173,0.335442,0.451609,-0.024838,0.332642,0.429559,-0.030030,0.324155,0.516097,-0.009830,0.316663,0.470321,-0.016279,0.310505,0.443544,-0.022999,0.304924,0.419310,-0.027967,0.313558,0.524013,-0.010223,0.306661,0.481602,-0.016562,0.301781,0.454767,-0.022852,0.297464,0.432141,-0.027189,0.305363,0.538967,-0.011862,0.297149,0.509178,-0.017602,0.291464,0.489695,-0.021094,0.286487,0.472054,-0.023518
1780387534.419,left,four_fingers,0.318703,0.623695,0.000000,0.330947,0.596921,-0.009240,0.332198,0.561974,-0.013768,0.315078,0.542547,-0.017741,0.299208,0.538682,-0.021581,0.330702,0.509141,-0.007110,0.334552,0.464897,-0.013553,0.335117,0.436219,-0.019376,0.334024,0.411977,-0.023997,0.314411,0.505189,-0.008700,0.309548,0.454902,-0.014545,0.304686,0.422680,-0.020483,0.300239,0.395252,-0.024823,0.300906,0.513532,-0.011528,0.295222,0.462704,-0.018027,0.291165,0.430499,-0.024022,0.287665,0.402605,-0.028064,0.288941,0.531212,-0.015188,0.280375,0.495269,-0.021614,0.274661,0.471453,-0.024785,0.269975,0.448988,-0.026769
1780387534.943,left,four_fingers,0.248722,0.437328,0.000000,0.269073,0.407857,-0.012178,0.277244,0.359114,-0.016565,0.257406,0.321156,-0.019760,0.236529,0.310909,-0.022788,0.279135,0.301549,-0.007652,0.291184,0.250320,-0.014761,0.295809,0.215370,-0.021277,0.297554,0.185775,-0.026322,0.259353,0.291449,-0.008383,0.260798,0.226333,-0.014471,0.259717,0.186078,-0.020769,0.258215,0.151899,-0.025349,0.241972,0.295883,-0.010778,0.241868,0.235386,-0.017914,0.242358,0.197162,-0.024396,0.242135,0.164296,-0.028737,0.224507,0.310506,-0.014315,0.218386,0.263584,-0.021168,0.215331,0.234224,-0.024197,0.213042,0.207142,-0.026048
1780387535.452,left,four_fingers,0.244129,0.405498,0.000000,0.266637,0.383421,-0.013773,0.279917,0.343632,-0.019361,0.262476,0.302346,-0.023869,0.242446,0.282620,-0.028055,0.290081,0.277066,-0.007166,0.305892,0.230399,-0.014099,0.312474,0.199058,-0.021331,0.315829,0.170311,-0.027310,0.269676,0.258104,-0.007918,0.276049,0.192930,-0.013924,0.276471,0.155210,-0.021476,0.275473,0.122562,-0.027432,0.250087,0.255896,-0.010595,0.255097,0.195473,-0.018235,0.257115,0.157336,-0.026156,0.257489,0.124610,-0.031648,0.229239,0.264739,-0.014591,0.226268,0.211901,-0.022500,0.223743,0.178010,-0.026834,0.221774,0.146186,-0.029731
1780387535.983,left,four_fingers,0.321698,0.449167,0.000000,0.343864,0.457825,-0.011245,0.365891,0.451317,-0.016703,0.366835,0.419184,-0.021745,0.360891,0.394146,-0.026352,0.388659,0.392371,-0.005139,0.409937,0.376660,-0.012346,0.422347,0.371202,-0.019285,0.432921,0.366563,-0.024227,0.377384,0.363632,-0.005747,0.395310,0.331908,-0.010494,0.405169,0.316866,-0.015682,0.414021,0.305822,-0.019770,0.361980,0.347174,-0.008328,0.376840,0.313362,-0.014024,0.386760,0.297399,-0.018245,0.396065,0.285790,-0.021160,0.342181,0.339406,-0.012213,0.349651,0.303393,-0.017371,0.354162,0.281328,-0.018881,0.359533,0.260743,-0.019773
1780387536.493,left,four_fingers,0.367806,0.465162,0.000000,0.378285,0.477512,-0.013855,0.389895,0.474870,-0.021966,0.390051,0.451522,-0.028487,0.389225,0.434102,-0.034665,0.409403,0.437993,-0.016365,0.422542,0.433901,-0.026291,0.430675,0.433194,-0.033957,0.436077,0.435930,-0.038661,0.403384,0.412004,-0.014857,0.418157,0.394195,-0.024028,0.421534,0.387352,-0.029724,0.420885,0.388328,-0.032772,0.392700,0.393627,-0.014739,0.404833,0.371465,-0.022877,0.408915,0.363711,-0.027548,0.410275,0.362897,-0.030005,0.378099,0.382435,-0.015708,0.383073,0.355515,-0.022089,0.385404,0.338284,-0.024978,0.387078,0.326039,-0.026585
1780387537.009,left,four_fingers,0.376277,0.471833,-0.000000,0.368624,0.475826,-0.020923,0.363358,0.456377,-0.031434,0.352600,0.424415,-0.039163,0.341234,0.396494,-0.045326,0.386243,0.408059,-0.020484,0.368854,0.388800,-0.034087,0.355481,0.387685,-0.042622,0.349138,0.390066,-0.047383,0.381889,0.384696,-0.015864,0.370616,0.359238,-0.029550,0.355588,0.355201,-0.036503,0.345530,0.355332,-0.039900,0.374019,0.371661,-0.013570,0.363691,0.343063,-0.025936,0.351883,0.334866,-0.031347,0.344543,0.329965,-0.033437,0.364046,0.366770,-0.012944,0.354483,0.341740,-0.022115,0.345494,0.324935,-0.026840,0.338463,0.311768,-0.029363
1780387537.552,left,four_fingers,0.361587,0.430625,0.000000,0.366077,0.442599,-0.019486,0.368358,0.440281,-0.031879,0.358788,0.425522,-0.041562,0.350060,0.410047,-0.050540,0.381426,0.396033,-0.026833,0.389534,0.389234,-0.040500,0.385545,0.391184,-0.049754,0.380256,0.395367,-0.055046,0.371210,0.374124,-0.023024,0.376445,0.347176,-0.035374,0.371176,0.340068,-0.042356,0.365372,0.340434,-0.046316,0.359309,0.362250,-0.020857,0.360718,0.333436,-0.031202,0.357178,0.325078,-0.036980,0.353401,0.322699,-0.040156,0.347545,0.358878,-0.020046,0.343734,0.332797,-0.027513,0.339344,0.316222,-0.031740,0.335754,0.303155,-0.034629
1780387538.090,left,four_fingers,0.334630,0.473589,0.000000,0.365328,0.478974,-0.007354,0.384514,0.515287,-0.013125,0.385765,0.558554,-0.015221,0.379613,0.583047,-0.017700,0.370241,0.536009,-0.034331,0.393687,0.584054,-0.045276,0.407661,0.615142,-0.052258,0.417908,0.642365,-0.057168,0.351477,0.551648,-0.033001,0.360644,0.615266,-0.042056,0.365677,0.653857,-0.046727,0.369556,0.685840,-0.050862,0.338683,0.563748,-0.030097,0.341498,0.625357,-0.038107,0.344898,0.666130,-0.043819,0.347019,0.696502,-0.048100,0.330977,0.571551,-0.026590,0.327598,0.619462,-0.033557,0.325334,0.647159,-0.036684,0.322470,0.671051,-0.038879
1780387538.608,left,four_fingers,0.358896,0.564440,0.000000,0.370293,0.513115,0.001302,0.392124,0.481818,-0.001472,0.413031,0.473364,-0.004403,0.429227,0.475099,-0.007290,0.395800,0.462991,-0.013563,0.423272,0.420680,-0.022178,0.441663,0.401012,-0.026317,0.456613,0.388362,-0.028423,0.401658,0.489697,-0.018378,0.436248,0.460388,-0.025792,0.458458,0.449888,-0.029168,0.475262,0.445040,-0.031226,0.406306,0.520916,-0.022489,0.440307,0.497760,-0.029489,0.460735,0.488128,-0.032769,0.475559,0.481857,-0.034580,0.410008,0.552172,-0.026098,0.437265,0.547085,-0.031646,0.453836,0.544623,-0.033135,0.467836,0.542086,-0.033517
1780387539.132,left,four_fingers,0.408233,0.641188,0.000000,0.430425,0.597327,0.003501,0.432633,0.563087,0.002090,0.435133,0.543044,-0.001442,0.437443,0.533300,-0.005724,0.394005,0.531570,-0.004581,0.396210,0.479164,-0.013383,0.400839,0.446569,-0.019818,0.404799,0.421100,-0.024722,0.392646,0.540252,-0.013173,0.395842,0.477874,-0.022459,0.402928,0.441098,-0.029866,0.409118,0.411596,-0.035063,0.398287,0.553681,-0.021685,0.401492,0.492701,-0.031923,0.408243,0.458250,-0.039787,0.413666,0.430163,-0.045047,0.409855,0.568668,-0.029624,0.416216,0.534537,-0.040458,0.420416,0.508907,-0.047198,0.424564,0.486095,-0.051803
1780387539.689,left,four_fingers,0.387790,0.637316,0.000000,0.406792,0.611694,-0.008095,0.416834,0.569108,-0.010279,0.405516,0.541199,-0.011865,0.389920,0.539202,-0.013615,0.402964,0.526669,-0.005543,0.411153,0.484704,-0.011386,0.415726,0.457681,-0.016633,0.419258,0.435342,-0.020544,0.387543,0.523219,-0.006429,0.385723,0.473386,-0.010956,0.385054,0.441215,-0.015927,0.384521,0.415133,-0.019629,0.375238,0.531346,-0.008432,0.371408,0.484401,-0.013758,0.371000,0.453991,-0.019274,0.370890,0.428263,-0.023100,0.364597,0.548180,-0.011208,0.358049,0.516470,-0.016955,0.353465,0.495518,-0.020128,0.348955,0.477218,-0.022178
1780387540.206,left,four_fingers,0.339665,0.620770,0.000000,0.355402,0.603646,-0.011380,0.362685,0.572509,-0.016602,0.347790,0.547216,-0.020735,0.332182,0.537658,-0.024761,0.365444,0.521359,-0.010077,0.375716,0.481348,-0.016970,0.380081,0.455193,-0.022891,0.382405,0.432281,-0.027563,0.350352,0.510053,-0.010460,0.352699,0.459615,-0.016390,0.352815,0.427773,-0.022444,0.352735,0.401137,-0.027015,0.336693,0.511812,-0.012165,0.337863,0.462400,-0.018862,0.338857,0.431226,-0.025672,0.339744,0.405397,-0.030416,0.323433,0.522998,-0.014827,0.317979,0.487684,-0.021783,0.314431,0.464470,-0.026083,0.311865,0.443248,-0.028957
1780387540.756,left,four_fingers,0.314500,0.666052,0.000000,0.332375,0.645568,-0.010257,0.343487,0.612050,-0.014874,0.330074,0.584945,-0.018598,0.313397,0.574764,-0.022294,0.345366,0.557492,-0.008891,0.358572,0.516904,-0.015116,0.364552,0.490589,-0.020628,0.368227,0.468318,-0.024981,0.328248,0.544583,-0.010251,0.331837,0.489197,-0.015253,0.332105,0.456297,-0.020730,0.331538,0.430717,-0.024907,0.312462,0.546442,-0.012822,0.314974,0.493086,-0.018947,0.316582,0.458762,-0.025275,0.317575,0.429944,-0.029793,0.296592,0.559083,-0.016242,0.291023,0.520039,-0.023101,0.287342,0.493769,-0.026670,0.284688,0.469337,-0.028943
1780387541.297,left,four_fingers,0.315783,0.727269,0.000000,0.339350,0.710768,-0.011702,0.359177,0.677480,-0.017396,0.347048,0.648164,-0.022303,0.329151,0.640754,-0.027531,0.354833,0.605635,-0.010759,0.371087,0.561804,-0.019432,0.381320,0.533982,-0.026714,0.389557,0.511247,-0.032126,0.335320,0.593851,-0.012587,0.341032,0.534940,-0.019768,0.344942,0.497814,-0.027090,0.347729,0.468455,-0.032512,0.317432,0.599119,-0.015864,0.320341,0.543002,-0.024449,0.324267,0.504431,-0.033013,0.327840,0.471983,-0.038784,0.299385,0.616391,-0.020053,0.293963,0.573774,-0.029197,0.290054,0.544195,-0.034469,0.286918,0.516099,-0.037790
1780387541.849,left,four_fingers,0.315923,0.731028,0.000000,0.337121,0.714882,-0.012900,0.354328,0.684793,-0.019767,0.343051,0.658099,-0.025573,0.326656,0.651550,-0.031603,0.350744,0.614897,-0.012926,0.364908,0.573062,-0.021895,0.373981,0.546235,-0.029402,0.381108,0.523605,-0.035124,0.331681,0.603456,-0.014339,0.335107,0.546811,-0.021855,0.337240,0.511860,-0.028955,0.338662,0.484065,-0.034275,0.313964,0.608840,-0.017222,0.315530,0.553266,-0.026099,0.317691,0.514901,-0.034207,0.319989,0.482351,-0.039745,0.296584,0.626294,-0.021129,0.290165,0.585055,-0.030492,0.285571,0.556869,-0.035559,0.282142,0.530705,-0.038779
1780387542.383,left,four_fingers,0.342088,0.724489,0.000000,0.359860,0.711746,-0.011809,0.374354,0.688857,-0.018317,0.360816,0.671579,-0.023934,0.344587,0.668373,-0.029767,0.369012,0.625629,-0.011718,0.381435,0.589354,-0.019642,0.388541,0.567005,-0.026197,0.393872,0.548056,-0.031137,0.351910,0.615209,-0.012714,0.353602,0.565537,-0.018923,0.353512,0.536857,-0.025073,0.352838,0.514220,-0.029686,0.336484,0.620196,-0.015018,0.336516,0.572891,-0.022072,0.336563,0.541514,-0.028653,0.336849,0.513774,-0.033229,0.321174,0.636089,-0.018274,0.314168,0.602595,-0.025797,0.309322,0.579865,-0.029519,0.305843,0.557199,-0.031780
1780387542.908,left,four_fingers,0.412267,0.683311,0.000000,0.435057,0.669095,-0.007857,0.455715,0.639617,-0.012691,0.450229,0.610795,-0.017556,0.434056,0.606605,-0.022926,0.451553,0.569232,-0.008968,0.469088,0.528749,-0.017847,0.480947,0.506087,-0.025061,0.491277,0.488115,-0.030139,0.435514,0.558114,-0.012579,0.444128,0.498745,-0.019420,0.450508,0.464681,-0.025719,0.455361,0.437731,-0.030238,0.420142,0.563032,-0.017260,0.423446,0.507804,-0.024500,0.427938,0.471586,-0.031016,0.432648,0.439892,-0.035506,0.404236,0.579659,-0.022679,0.400694,0.539994,-0.029469,0.398488,0.513349,-0.032404,0.397071,0.487611,-0.034348
1780387543.429,left,four_fingers,0.458017,0.655143,0.000000,0.484274,0.646738,-0.000076,0.501219,0.617142,-0.001904,0.510036,0.598318,-0.005964,0.512906,0.591207,-0.010642,0.501259,0.542833,0.002280,0.516319,0.495745,-0.004522,0.527849,0.467480,-0.011015,0.537612,0.444768,-0.015866,0.496020,0.539189,-0.004935,0.510237,0.482125,-0.011020,0.522775,0.447440,-0.017391,0.532929,0.420808,-0.022170,0.489817,0.544299,-0.013256,0.500603,0.486907,-0.019319,0.510783,0.453748,-0.024834,0.519291,0.428914,-0.028795,0.483251,0.556376,-0.022038,0.489892,0.512179,-0.027305,0.496307,0.484203,-0.030152,0.501871,0.461869,-0.032407
1780387543.944,left,four_fingers,0.463781,0.649258,0.000000,0.477489,0.589480,0.002544,0.502451,0.564409,0.001357,0.524664,0.566579,0.000290,0.539422,0.579162,-0.001676,0.514876,0.558430,-0.014924,0.544587,0.514679,-0.023418,0.564825,0.489423,-0.026956,0.580393,0.472774,-0.028498,0.524683,0.593009,-0.019844,0.565946,0.566289,-0.027993,0.592102,0.551098,-0.032135,0.611494,0.540897,-0.034228,0.528921,0.626941,-0.023562,0.569236,0.608507,-0.032703,0.592775,0.597337,-0.038380,0.610122,0.588240,-0.041156,0.528301,0.656587,-0.026070,0.558217,0.657040,-0.034657,0.575891,0.657817,-0.037398,0.590459,0.657201,-0.037968
1780387544.473,left,four_fingers,0.379348,0.629905,0.000000,0.409703,0.634985,0.002717,0.433580,0.652014,-0.001589,0.440532,0.683039,-0.007953,0.439107,0.704251,-0.014882,0.450481,0.615235,-0.009443,0.484621,0.629368,-0.018789,0.505075,0.642562,-0.024450,0.521400,0.653686,-0.028284,0.443858,0.621861,-0.018606,0.480911,0.631748,-0.029221,0.504629,0.642906,-0.036865,0.522979,0.651688,-0.041914,0.432970,0.637362,-0.027032,0.461421,0.644520,-0.037159,0.479241,0.650575,-0.043989,0.493103,0.653057,-0.048379,0.419722,0.661359,-0.035009,0.434314,0.682755,-0.041006,0.435749,0.693079,-0.041667,0.434606,0.699413,-0.042325
1780387544.980,left,four_fingers,0.345409,0.656365,0.000000,0.360035,0.674581,-0.011051,0.374692,0.690305,-0.020082,0.373669,0.677484,-0.028741,0.369009,0.660349,-0.037868,0.403082,0.641260,-0.015846,0.426836,0.641678,-0.026701,0.440388,0.643932,-0.034965,0.452187,0.647509,-0.040758,0.395366,0.614929,-0.018117,0.416510,0.590490,-0.027152,0.429050,0.576159,-0.034686,0.440199,0.566246,-0.040222,0.382242,0.599066,-0.021490,0.401226,0.571537,-0.030666,0.413858,0.553961,-0.037534,0.426831,0.539849,-0.042306,0.365208,0.591537,-0.025647,0.372468,0.564551,-0.034919,0.378372,0.545374,-0.039092,0.386444,0.527758,-0.041573
1780387545.492,left,four_fingers,0.313368,0.647390,0.000000,0.322659,0.647140,-0.016120,0.326338,0.636794,-0.026904,0.308604,0.622404,-0.035621,0.294130,0.611545,-0.044405,0.329954,0.573573,-0.021652,0.338285,0.549966,-0.032626,0.343312,0.531841,-0.041345,0.345327,0.514291,-0.047542,0.316371,0.556715,-0.021066,0.313891,0.507324,-0.030270,0.308392,0.476924,-0.037473,0.302390,0.451399,-0.042508,0.303052,0.554676,-0.021620,0.298791,0.508176,-0.031386,0.295007,0.479656,-0.037541,0.291230,0.454761,-0.041280,0.289006,0.563606,-0.023197,0.279748,0.529740,-0.031967,0.272861,0.509054,-0.034899,0.267429,0.488858,-0.036291
1780387546.033,left,four_fingers,0.302800,0.571065,0.000000,0.316557,0.535668,-0.008487,0.317800,0.486631,-0.010522,0.297587,0.465300,-0.012042,0.280180,0.471964,-0.013575,0.304457,0.444264,-0.003910,0.307679,0.397299,-0.008627,0.307745,0.367413,-0.013238,0.306743,0.343626,-0.017029,0.286882,0.446788,-0.005189,0.275709,0.396124,-0.009141,0.267470,0.363386,-0.013850,0.260363,0.338091,-0.017472,0.273698,0.460703,-0.007848,0.260691,0.414295,-0.013357,0.253896,0.383018,-0.019398,0.248118,0.357851,-0.023557,0.262565,0.482676,-0.011338,0.246870,0.453400,-0.017476,0.236626,0.434199,-0.020999,0.227460,0.417171,-0.023350
1780387546.576,left,four_fingers,0.243567,0.464462,0.000000,0.258300,0.453932,-0.016682,0.270032,0.423929,-0.022456,0.265477,0.383640,-0.026271,0.255967,0.354231,-0.029433,0.300699,0.393865,-0.006240,0.325201,0.374421,-0.012518,0.340031,0.359853,-0.019601,0.352443,0.346206,-0.025117,0.293781,0.372857,-0.003012,0.316543,0.341312,-0.008016,0.329683,0.317907,-0.014600,0.341363,0.298570,-0.019714,0.283193,0.362971,-0.002257,0.304274,0.330193,-0.008218,0.317177,0.311235,-0.014608,0.328894,0.296135,-0.019042,0.269612,0.359686,-0.003263,0.281288,0.332034,-0.008937,0.288497,0.316772,-0.012647,0.296903,0.304029,-0.015352
1780387547.094,left,four_fingers,0.322607,0.502387,0.000000,0.340717,0.519714,-0.009313,0.360071,0.513666,-0.013583,0.367044,0.485591,-0.017342,0.363785,0.461561,-0.020864,0.387764,0.493760,-0.007134,0.414464,0.497533,-0.013689,0.430590,0.497346,-0.019399,0.443329,0.496028,-0.023291,0.386166,0.464788,-0.007857,0.415621,0.448171,-0.012240,0.432617,0.437383,-0.016401,0.445297,0.428889,-0.019250,0.378652,0.442961,-0.009884,0.403825,0.422324,-0.013949,0.419059,0.412362,-0.017626,0.431498,0.405092,-0.020067,0.366085,0.425855,-0.012990,0.382636,0.404140,-0.016438,0.392743,0.392587,-0.017155,0.401897,0.384392,-0.017410
1780387547.616,left,four_fingers,0.374382,0.564959,0.000000,0.383089,0.593596,-0.008844,0.393661,0.618408,-0.015364,0.400469,0.610553,-0.021555,0.401891,0.590404,-0.028437,0.423335,0.596077,-0.014290,0.444406,0.613593,-0.023816,0.458598,0.621830,-0.030813,0.471176,0.626319,-0.035673,0.424842,0.571217,-0.016435,0.450848,0.570502,-0.024562,0.467504,0.567205,-0.031415,0.481383,0.562567,-0.036413,0.419943,0.550480,-0.019177,0.442880,0.539204,-0.026946,0.458031,0.531390,-0.032944,0.471255,0.525357,-0.037089,0.410283,0.532732,-0.022547,0.425382,0.519194,-0.029515,0.435128,0.510706,-0.032618,0.444586,0.503990,-0.034588
1780387548.148,left,four_fingers,0.384624,0.571093,-0.000000,0.372345,0.545327,-0.008418,0.363358,0.522150,-0.014993,0.360135,0.500695,-0.020332,0.359903,0.483367,-0.025948,0.368783,0.528962,-0.019847,0.362108,0.528221,-0.030492,0.360670,0.526933,-0.038119,0.359328,0.527141,-0.043024,0.376169,0.544458,-0.020272,0.366688,0.556300,-0.030629,0.363343,0.557591,-0.036146,0.360852,0.558457,-0.040456,0.382390,0.560062,-0.020914,0.370703,0.572036,-0.030531,0.364757,0.569880,-0.033341,0.359796,0.567482,-0.035139,0.387494,0.573483,-0.021956,0.376296,0.584669,-0.029906,0.368874,0.585440,-0.031710,0.362493,0.585295,-0.032612
1780387548.669,left,four_fingers,0.393084,0.498552,0.000000,0.414121,0.533318,-0.004364,0.414746,0.572704,-0.005640,0.403656,0.590376,-0.005278,0.391198,0.593105,-0.005089,0.401059,0.598445,-0.011951,0.406278,0.647383,-0.015949,0.408024,0.676490,-0.017588,0.406416,0.698771,-0.018721,0.384125,0.596529,-0.011232,0.374211,0.643722,-0.015564,0.365945,0.669573,-0.017985,0.357489,0.688504,-0.019534,0.374073,0.589912,-0.010381,0.359754,0.628554,-0.016686,0.348295,0.650722,-0.022247,0.338108,0.667209,-0.025388,0.369452,0.582212,-0.009143,0.357213,0.610591,-0.015762,0.349354,0.626374,-0.019515,0.342749,0.638536,-0.021564
1780387549.178,left,four_fingers,0.365380,0.567773,0.000000,0.387881,0.546423,-0.007133,0.410706,0.556666,-0.011172,0.426040,0.574826,-0.012371,0.434533,0.590115,-0.013414,0.399471,0.587548,-0.020641,0.420032,0.595149,-0.025584,0.428035,0.594537,-0.027649,0.433773,0.598041,-0.028650,0.399295,0.609792,-0.017326,0.420272,0.648300,-0.025039,0.432726,0.674340,-0.028388,0.442316,0.696721,-0.030206,0.401527,0.620347,-0.013048,0.422056,0.652689,-0.020830,0.434398,0.675370,-0.025580,0.443205,0.694585,-0.027750,0.406038,0.621189,-0.008169,0.421362,0.635773,-0.013336,0.429541,0.643500,-0.015460,0.435909,0.650098,-0.016633
1780387549.722,left,four_fingers,0.516934,0.695181,0.000000,0.510720,0.635076,-0.002615,0.523273,0.596430,-0.006191,0.545114,0.585087,-0.008225,0.560124,0.584452,-0.010305,0.549062,0.598117,-0.018875,0.562952,0.542072,-0.025985,0.572764,0.512739,-0.028699,0.581994,0.489710,-0.029528,0.566732,0.620098,-0.019471,0.595850,0.576369,-0.027723,0.616049,0.554525,-0.030128,0.632921,0.539298,-0.030383,0.575571,0.638413,-0.018913,0.601543,0.600989,-0.027211,0.621293,0.576664,-0.030329,0.637702,0.559613,-0.030395,0.577929,0.651076,-0.017521,0.597265,0.612531,-0.021364,0.606674,0.589223,-0.019855,0.613824,0.571802,-0.017506
1780387550.256,left,four_fingers,0.525579,0.620099,0.000000,0.551400,0.632114,0.000229,0.570365,0.615387,-0.000083,0.584212,0.605183,-0.002012,0.591344,0.590783,-0.004349,0.570518,0.534819,-0.000579,0.593601,0.496743,-0.005579,0.607219,0.470216,-0.009837,0.615299,0.448474,-0.013393,0.570167,0.531999,-0.006677,0.594108,0.482281,-0.013725,0.607102,0.448004,-0.020595,0.616078,0.417673,-0.025295,0.571514,0.544243,-0.013101,0.599303,0.504149,-0.022537,0.613212,0.474628,-0.031265,0.623298,0.447686,-0.036876,0.575283,0.567901,-0.019191,0.599036,0.554395,-0.028896,0.613194,0.541830,-0.034803,0.625215,0.529229,-0.038582
1780387550.798,left,four_fingers,0.352807,0.606559,0.000000,0.375938,0.596436,-0.012131,0.391170,0.571747,-0.019351,0.376603,0.539017,-0.026020,0.358964,0.521418,-0.032941,0.402916,0.509742,-0.012603,0.426682,0.480182,-0.023045,0.441466,0.459516,-0.031412,0.452438,0.442734,-0.037059,0.386345,0.485136,-0.014322,0.403775,0.428338,-0.022327,0.415202,0.395378,-0.028883,0.424368,0.368793,-0.033337,0.368418,0.478146,-0.017595,0.377632,0.421222,-0.025420,0.385720,0.389863,-0.031109,0.394139,0.362365,-0.034747,0.349067,0.484231,-0.022052,0.350042,0.441511,-0.028835,0.351863,0.414893,-0.031060,0.355791,0.389390,-0.032205
1780387551.319,left,four_fingers,0.300341,0.598728,0.000000,0.312967,0.579902,-0.016566,0.314918,0.552373,-0.025668,0.298828,0.528480,-0.033213,0.282125,0.514241,-0.040501,0.320309,0.484407,-0.014431,0.334538,0.442594,-0.026337,0.344191,0.414734,-0.036669,0.352064,0.390708,-0.043716,0.305340,0.472125,-0.013121,0.312166,0.416964,-0.023007,0.318334,0.382451,-0.031375,0.324449,0.352681,-0.037074,0.291131,0.474191,-0.013931,0.293991,0.421489,-0.023154,0.298571,0.390264,-0.029955,0.303733,0.363248,-0.034122,0.277425,0.487538,-0.016333,0.276599,0.448843,-0.024026,0.276141,0.424351,-0.027820,0.276872,0.400889,-0.030102
