timestamp,handedness,gesture,lm0_wrist_x,lm0_wrist_y,lm0_wrist_z,lm1_thumb_cmc_x,lm1_thumb_cmc_y,lm1_thumb_cmc_z,lm2_thumb_mcp_x,lm2_thumb_mcp_y,lm2_thumb_mcp_z,lm3_thumb_ip_x,lm3_thumb_ip_y,lm3_thumb_ip_z,lm4_thumb_tip_x,lm4_thumb_tip_y,lm4_thumb_tip_z,lm5_index_mcp_x,lm5_index_mcp_y,lm5_index_mcp_z,lm6_index_pip_x,lm6_index_pip_y,lm6_index_pip_z,lm7_index_dip_x,lm7_index_dip_y,lm7_index_dip_z,lm8_index_tip_x,lm8_index_tip_y,lm8_index_tip_z,lm9_middle_mcp_x,lm9_middle_mcp_y,lm9_middle_mcp_z,lm10_middle_pip_x,lm10_middle_pip_y,lm10_middle_pip_z,lm11_middle_dip_x,lm11_middle_dip_y,lm11_middle_dip_z,lm12_middle_tip_x,lm12_middle_tip_y,lm12_middle_tip_z,lm13_ring_mcp_x,lm13_ring_mcp_y,lm13_ring_mcp_z,lm14_ring_pip_x,lm14_ring_pip_y,lm14_ring_pip_z,lm15_ring_dip_x,lm15_ring_dip_y,lm15_ring_dip_z,lm16_ring_tip_x,lm16_ring_tip_y,lm16_ring_tip_z,lm17_pinky_mcp_x,lm17_pinky_mcp_y,lm17_pinky_mcp_z,lm18_pinky_pip_x,lm18_pinky_pip_y,lm18_pinky_pip_z,lm19_pinky_dip_x,lm19_pinky_dip_y,lm19_pinky_dip_z,lm20_pinky_tip_x,lm20_pinky_tip_y,lm20_pinky_tip_z
1780386467.005,right,pinch,0.535311,0.931046,-0.000000,0.504610,0.898129,-0.008105,0.483133,0.845645,-0.014483,0.472757,0.808944,-0.021701,0.470507,0.786759,-0.027764,0.514105,0.762668,-0.010233,0.497849,0.708642,-0.024299,0.475952,0.729954,-0.033343,0.468095,0.759980,-0.037832,0.529950,0.768503,-0.012880,0.500736,0.730917,-0.025334,0.481114,0.763925,-0.028492,0.478793,0.796419,-0.028454,0.543087,0.788014,-0.017069,0.511456,0.764818,-0.027210,0.498556,0.801702,-0.023199,0.499675,0.834722,-0.018663,0.554784,0.817773,-0.022385,0.528195,0.800656,-0.028417,0.516562,0.822529,-0.023538,0.516450,0.847071,-0.017889
1780386467.538,right,pinch,0.561575,0.652563,-0.000000,0.525819,0.622373,-0.002185,0.503706,0.579613,-0.007642,0.489322,0.550777,-0.015112,0.474856,0.524639,-0.020427,0.544743,0.494316,0.002140,0.510111,0.484719,-0.011440,0.489112,0.499440,-0.021301,0.473067,0.513150,-0.027447,0.551487,0.497855,-0.004384,0.505227,0.523287,-0.017979,0.513518,0.561193,-0.020808,0.526955,0.565825,-0.021507,0.552636,0.513552,-0.013084,0.505775,0.545885,-0.023866,0.517516,0.579900,-0.018105,0.531501,0.578025,-0.013743,0.549487,0.537437,-0.023158,0.513338,0.563277,-0.031433,0.520241,0.587557,-0.028601,0.531512,0.586326,-0.025267
1780386468.041,right,pinch,0.549281,0.640164,-0.000000,0.513065,0.612245,-0.001635,0.490707,0.572244,-0.007592,0.474125,0.544055,-0.015593,0.456991,0.517938,-0.022000,0.530625,0.485791,0.001672,0.493358,0.479074,-0.011097,0.472761,0.493503,-0.020902,0.457454,0.506225,-0.027287,0.536465,0.486408,-0.004623,0.490115,0.515933,-0.018134,0.499588,0.554171,-0.021530,0.513495,0.561464,-0.022734,0.536297,0.500207,-0.012732,0.490202,0.533770,-0.024229,0.503301,0.568236,-0.020125,0.518264,0.568696,-0.016757,0.531857,0.522003,-0.021887,0.497311,0.550890,-0.031494,0.504911,0.576777,-0.030148,0.516609,0.578011,-0.027777
1780386468.564,right,pinch,0.528613,0.632667,-0.000000,0.499204,0.607419,-0.003974,0.476137,0.568687,-0.010332,0.455903,0.542460,-0.017534,0.439168,0.517069,-0.022999,0.514649,0.482344,-0.002003,0.478984,0.473832,-0.010815,0.456924,0.487855,-0.017923,0.440678,0.501690,-0.023391,0.517166,0.482413,-0.005986,0.471171,0.506629,-0.016439,0.479322,0.543006,-0.019333,0.492533,0.552822,-0.021008,0.513882,0.496073,-0.011240,0.469903,0.526752,-0.020597,0.482015,0.559434,-0.017608,0.495875,0.562126,-0.015658,0.506275,0.517394,-0.017509,0.473774,0.543147,-0.027608,0.480221,0.568244,-0.027772,0.490190,0.571621,-0.026568
1780386469.104,right,pinch,0.583380,0.655313,-0.000000,0.547106,0.625726,-0.005463,0.521172,0.582658,-0.013594,0.502899,0.554873,-0.023099,0.487322,0.528829,-0.030426,0.566509,0.492977,-0.002960,0.527730,0.481190,-0.017784,0.503840,0.492919,-0.028501,0.484710,0.504164,-0.035375,0.573261,0.492013,-0.007951,0.523430,0.515897,-0.022767,0.531493,0.556809,-0.025513,0.545509,0.563627,-0.026063,0.573684,0.504318,-0.015126,0.523343,0.534377,-0.027683,0.535933,0.571992,-0.022263,0.551928,0.573772,-0.017767,0.569586,0.525940,-0.023814,0.532001,0.552426,-0.034481,0.539580,0.581695,-0.032680,0.552042,0.586079,-0.029595
1780386469.641,right,pinch,0.623935,0.703392,-0.000000,0.588778,0.662330,-0.003020,0.565521,0.616992,-0.009680,0.548800,0.590596,-0.018294,0.534663,0.562130,-0.025034,0.612233,0.537550,0.001385,0.580746,0.518445,-0.011570,0.559722,0.524425,-0.021739,0.542716,0.535934,-0.028488,0.621160,0.541822,-0.004819,0.576163,0.554874,-0.017791,0.583015,0.591665,-0.021318,0.597037,0.597902,-0.022877,0.624581,0.556749,-0.013164,0.578215,0.580410,-0.022917,0.588358,0.612210,-0.018202,0.602897,0.610956,-0.015060,0.622583,0.580102,-0.022960,0.586393,0.601620,-0.030789,0.593097,0.626770,-0.028394,0.605232,0.627598,-0.025713
1780386470.154,right,pinch,0.652657,0.691829,-0.000000,0.620796,0.657058,-0.005450,0.598050,0.617139,-0.013337,0.582057,0.591804,-0.022496,0.574108,0.562897,-0.029359,0.638184,0.537625,-0.001332,0.614197,0.516485,-0.014068,0.595897,0.522686,-0.022739,0.581548,0.537982,-0.028375,0.651529,0.538360,-0.005890,0.614344,0.551163,-0.017684,0.619420,0.587221,-0.019772,0.632071,0.591094,-0.020449,0.660851,0.550848,-0.012724,0.620457,0.576240,-0.021442,0.626807,0.608048,-0.015078,0.637896,0.606371,-0.011109,0.664781,0.572760,-0.021204,0.630390,0.595132,-0.028617,0.635355,0.618515,-0.025396,0.645844,0.617029,-0.022162
1780386470.666,right,pinch,0.679001,0.678023,-0.000000,0.653159,0.645715,-0.005715,0.633547,0.605627,-0.012575,0.619534,0.578234,-0.020591,0.616301,0.551333,-0.026174,0.666840,0.533168,-0.001901,0.650242,0.505141,-0.014915,0.635379,0.509108,-0.021009,0.623267,0.521479,-0.024052,0.682186,0.531992,-0.005448,0.650789,0.540205,-0.018110,0.654303,0.581222,-0.018357,0.664880,0.584470,-0.016526,0.694952,0.541788,-0.011343,0.660130,0.561590,-0.021658,0.665466,0.597675,-0.014714,0.675180,0.595890,-0.009152,0.703369,0.560504,-0.018670,0.673171,0.578931,-0.025958,0.675871,0.603891,-0.022508,0.684946,0.601642,-0.018669
1780386471.203,right,pinch,0.715803,0.649302,-0.000000,0.694299,0.621663,-0.009209,0.674473,0.579805,-0.017537,0.663791,0.541796,-0.026580,0.672085,0.521337,-0.033020,0.703808,0.515930,-0.002230,0.695557,0.487194,-0.014480,0.685989,0.484303,-0.017472,0.678448,0.492441,-0.017715,0.721266,0.515623,-0.003376,0.697458,0.519620,-0.015462,0.697730,0.561701,-0.012199,0.706121,0.563902,-0.006696,0.736966,0.525143,-0.007533,0.710596,0.539809,-0.018580,0.711687,0.575059,-0.010515,0.719368,0.573779,-0.002940,0.749287,0.541771,-0.013252,0.724721,0.555127,-0.019946,0.723904,0.579143,-0.016492,0.731188,0.577375,-0.012272
1780386471.728,right,pinch,0.755239,0.631252,-0.000000,0.735642,0.607296,-0.008191,0.716355,0.560219,-0.014162,0.711903,0.515235,-0.021581,0.725011,0.488252,-0.027056,0.738590,0.505414,0.003887,0.737142,0.478021,-0.007942,0.734832,0.472856,-0.011538,0.733520,0.472666,-0.012191,0.755857,0.506603,0.002153,0.743685,0.506421,-0.011197,0.742761,0.546035,-0.009112,0.748256,0.546348,-0.003379,0.772497,0.515990,-0.002947,0.759556,0.525878,-0.016129,0.757191,0.559979,-0.009051,0.761570,0.559057,-0.000593,0.788523,0.531054,-0.009374,0.774606,0.539423,-0.015943,0.769922,0.561632,-0.012043,0.772678,0.561068,-0.006996
1780386472.252,right,pinch,0.753061,0.627064,-0.000000,0.734488,0.601009,-0.009095,0.716824,0.555646,-0.015449,0.711847,0.512860,-0.023144,0.724295,0.484658,-0.028791,0.740183,0.500932,0.002041,0.734539,0.473676,-0.011466,0.731997,0.478156,-0.016747,0.733086,0.482596,-0.018046,0.757004,0.504039,0.000784,0.742029,0.503560,-0.013261,0.740320,0.542929,-0.012587,0.747681,0.545027,-0.007953,0.772604,0.515540,-0.003857,0.758182,0.521369,-0.018552,0.754098,0.556340,-0.012488,0.759761,0.559503,-0.004021,0.787568,0.532879,-0.009760,0.776444,0.527965,-0.017135,0.768449,0.550041,-0.012711,0.769071,0.557167,-0.006716
1780386472.797,right,pinch,0.716675,0.614698,-0.000000,0.695398,0.579654,-0.004317,0.680321,0.541035,-0.010274,0.669921,0.515624,-0.017025,0.667327,0.492406,-0.021859,0.720158,0.489278,-0.000635,0.702136,0.469838,-0.010503,0.687937,0.468039,-0.016482,0.675112,0.470946,-0.020310,0.731795,0.491783,-0.004237,0.699267,0.491959,-0.014454,0.698917,0.526597,-0.015594,0.708657,0.533470,-0.015184,0.740285,0.503715,-0.009596,0.705860,0.509932,-0.017930,0.706668,0.540478,-0.012461,0.715482,0.542733,-0.008277,0.744355,0.522975,-0.016106,0.715112,0.526336,-0.022449,0.714930,0.547177,-0.019492,0.723030,0.549347,-0.016280
1780386473.339,right,pinch,0.688242,0.591871,-0.000000,0.661898,0.564917,-0.003722,0.644222,0.532485,-0.009566,0.631253,0.513830,-0.016436,0.618856,0.495452,-0.021981,0.674287,0.464949,-0.000777,0.649764,0.459090,-0.011657,0.634648,0.466853,-0.020100,0.623487,0.476474,-0.025495,0.682728,0.468108,-0.004937,0.651246,0.483679,-0.014352,0.655977,0.510754,-0.016475,0.665769,0.513003,-0.017374,0.688016,0.481878,-0.010864,0.655458,0.502102,-0.018340,0.660997,0.525809,-0.013954,0.670207,0.523838,-0.010970,0.689980,0.503203,-0.017911,0.662442,0.518893,-0.023411,0.666143,0.535478,-0.020551,0.674661,0.534302,-0.017754
1780386473.879,right,pinch,0.578924,0.621784,-0.000000,0.550869,0.595150,-0.002508,0.526460,0.565867,-0.008852,0.506191,0.551420,-0.016285,0.488045,0.538241,-0.022748,0.558078,0.483346,-0.003905,0.517884,0.488455,-0.013953,0.497814,0.506769,-0.022862,0.484749,0.520820,-0.029096,0.555441,0.492286,-0.007732,0.514869,0.521988,-0.018466,0.523814,0.548711,-0.022462,0.536050,0.555627,-0.024924,0.549134,0.511246,-0.012339,0.512551,0.543214,-0.020887,0.524809,0.566076,-0.019077,0.537845,0.570092,-0.017605,0.541284,0.536576,-0.017765,0.515354,0.560856,-0.025781,0.522544,0.579378,-0.025807,0.532354,0.584210,-0.024527
1780386474.429,right,pinch,0.463123,0.636652,-0.000000,0.439232,0.608328,-0.000809,0.416019,0.580150,-0.006132,0.393284,0.569752,-0.012957,0.372830,0.562400,-0.019144,0.443456,0.503351,0.001948,0.407032,0.510447,-0.007018,0.388790,0.525775,-0.016095,0.376988,0.539480,-0.022459,0.440015,0.507856,-0.002439,0.402882,0.535504,-0.012008,0.409767,0.563603,-0.017270,0.420524,0.574346,-0.020320,0.432603,0.523187,-0.007631,0.399864,0.555190,-0.015651,0.409895,0.578689,-0.015822,0.421356,0.583596,-0.015549,0.422700,0.545090,-0.013385,0.400606,0.575110,-0.020716,0.407566,0.595452,-0.021687,0.416499,0.600170,-0.021200
1780386474.986,right,pinch,0.395180,0.660229,-0.000000,0.388541,0.651843,-0.009481,0.371957,0.623192,-0.013112,0.350783,0.610350,-0.014908,0.331294,0.609200,-0.016103,0.385442,0.560045,-0.005825,0.362363,0.587495,-0.010679,0.360461,0.607866,-0.016981,0.363201,0.616392,-0.021971,0.378582,0.555810,-0.003437,0.354839,0.576238,-0.006910,0.352844,0.595585,-0.010755,0.355410,0.607320,-0.013921,0.370346,0.565061,-0.001720,0.348303,0.585331,-0.007616,0.350985,0.604999,-0.010348,0.357396,0.612035,-0.011936,0.360541,0.580360,-0.000665,0.342536,0.605490,-0.009250,0.345853,0.622448,-0.012380,0.351923,0.626831,-0.013221
1780386475.501,right,pinch,0.353200,0.699522,-0.000000,0.355223,0.666336,-0.001100,0.343734,0.638386,-0.003525,0.325492,0.631548,-0.006226,0.308870,0.639066,-0.008945,0.347999,0.604202,-0.001647,0.331438,0.624973,-0.007115,0.329611,0.643756,-0.013466,0.332538,0.656740,-0.017913,0.336547,0.605642,-0.003659,0.319557,0.633830,-0.006620,0.319847,0.650610,-0.010416,0.323779,0.661270,-0.013986,0.325525,0.620101,-0.005859,0.309614,0.645506,-0.009897,0.311561,0.660494,-0.012738,0.316085,0.668951,-0.015103,0.315327,0.639590,-0.008030,0.301797,0.659566,-0.013224,0.300997,0.668693,-0.015529,0.301839,0.671704,-0.016716
1780386476.047,right,pinch,0.307763,0.750034,-0.000000,0.287841,0.743247,-0.000567,0.270897,0.727576,-0.002306,0.257068,0.721219,-0.005070,0.245296,0.717543,-0.007038,0.278156,0.675370,0.005371,0.257504,0.697816,-0.000860,0.257893,0.715560,-0.007239,0.261783,0.722417,-0.011083,0.277185,0.676127,0.002659,0.257778,0.709982,-0.003132,0.264031,0.725301,-0.007445,0.270907,0.727366,-0.009546,0.275797,0.684667,-0.000862,0.258848,0.717413,-0.006214,0.266420,0.730959,-0.007213,0.273510,0.730572,-0.006962,0.274263,0.697951,-0.004788,0.262555,0.726508,-0.009389,0.268258,0.737743,-0.010072,0.274143,0.737118,-0.009230
1780386476.594,right,pinch,0.296019,0.777952,-0.000000,0.275553,0.787797,-0.002459,0.253049,0.782056,-0.004512,0.237604,0.781347,-0.006894,0.223763,0.783177,-0.008537,0.258620,0.714138,0.000194,0.243734,0.742857,-0.006240,0.244368,0.764521,-0.012885,0.247716,0.777857,-0.017206,0.261205,0.715271,-0.002051,0.245200,0.749783,-0.007139,0.249606,0.767794,-0.010476,0.256643,0.771880,-0.012762,0.263436,0.726342,-0.005075,0.246419,0.760042,-0.011159,0.252743,0.773576,-0.011186,0.260878,0.773429,-0.010687,0.265384,0.744086,-0.008436,0.251541,0.773161,-0.014987,0.255950,0.784409,-0.014933,0.263347,0.784074,-0.013581
1780386477.130,right,pinch,0.300172,0.820670,-0.000000,0.274665,0.834909,-0.004334,0.249038,0.829373,-0.010209,0.229110,0.833210,-0.016372,0.211537,0.840918,-0.022106,0.255476,0.732413,-0.003821,0.225184,0.770517,-0.013067,0.208936,0.796382,-0.022014,0.197755,0.815608,-0.028404,0.252919,0.736973,-0.006839,0.223895,0.778241,-0.016731,0.232219,0.802345,-0.021235,0.242792,0.808941,-0.023460,0.250121,0.753819,-0.010709,0.223658,0.798086,-0.019904,0.237212,0.816843,-0.018915,0.250165,0.815022,-0.017329,0.247555,0.778902,-0.015352,0.229879,0.816497,-0.024445,0.240448,0.830691,-0.024808,0.251242,0.828068,-0.023454
1780386477.632,right,pinch,0.309240,0.819879,-0.000000,0.274802,0.836068,-0.000906,0.247990,0.829230,-0.005079,0.227059,0.829862,-0.010645,0.208201,0.832432,-0.016286,0.254904,0.727239,-0.000280,0.222699,0.763921,-0.010931,0.206559,0.793022,-0.020147,0.195721,0.816041,-0.025850,0.254693,0.731034,-0.005649,0.216918,0.763550,-0.016094,0.206568,0.795523,-0.022530,0.200920,0.814872,-0.026029,0.254713,0.746306,-0.011647,0.223883,0.795770,-0.022919,0.237991,0.818787,-0.023516,0.251632,0.819516,-0.021858,0.253890,0.771237,-0.017875,0.231635,0.809945,-0.027629,0.242104,0.825728,-0.027479,0.253612,0.822242,-0.025263
1780386478.156,right,pinch,0.327107,0.767508,-0.000000,0.294695,0.782269,-0.006420,0.264355,0.770821,-0.013683,0.240947,0.762015,-0.020889,0.218148,0.758943,-0.027386,0.280103,0.665980,-0.006973,0.244224,0.691883,-0.019396,0.226683,0.716551,-0.029468,0.214852,0.738296,-0.035958,0.282891,0.661606,-0.009489,0.245191,0.705188,-0.023593,0.256441,0.738919,-0.028205,0.269752,0.748675,-0.029529,0.283838,0.671587,-0.013178,0.247248,0.720898,-0.026142,0.263518,0.747305,-0.023439,0.278821,0.748567,-0.019653,0.283139,0.692574,-0.017644,0.255658,0.733533,-0.029318,0.267195,0.754053,-0.028591,0.279669,0.753768,-0.025666
1780386478.702,right,pinch,0.347803,0.692473,-0.000000,0.319687,0.706658,-0.015927,0.289541,0.690592,-0.025043,0.265729,0.673269,-0.031449,0.243424,0.660938,-0.036085,0.308690,0.595335,-0.016515,0.272253,0.610261,-0.028553,0.253128,0.628191,-0.036894,0.239484,0.643311,-0.042543,0.311380,0.584209,-0.013307,0.275972,0.625704,-0.026367,0.287613,0.654554,-0.028759,0.300125,0.657318,-0.029209,0.311879,0.588467,-0.011935,0.277659,0.635575,-0.024712,0.292117,0.660311,-0.021552,0.304991,0.657320,-0.018164,0.310997,0.602623,-0.012166,0.286365,0.644029,-0.025346,0.296636,0.665936,-0.026204,0.307218,0.665357,-0.024542
1780386479.215,right,pinch,0.389859,0.639653,-0.000000,0.358803,0.634128,-0.006414,0.332732,0.609922,-0.012302,0.313771,0.594983,-0.018519,0.295566,0.580796,-0.023009,0.360411,0.525077,-0.000817,0.326349,0.535241,-0.013288,0.308788,0.551656,-0.022806,0.295703,0.564785,-0.028800,0.365161,0.519048,-0.003348,0.328243,0.551926,-0.015852,0.338852,0.582148,-0.018536,0.351417,0.582857,-0.018906,0.366827,0.524438,-0.008122,0.330343,0.562926,-0.018807,0.343295,0.589598,-0.014506,0.356239,0.584578,-0.010607,0.366127,0.538889,-0.014236,0.337118,0.572588,-0.023416,0.346698,0.594204,-0.021982,0.358413,0.591376,-0.019280
1780386479.738,right,pinch,0.404049,0.590377,-0.000000,0.373938,0.578147,-0.004217,0.349898,0.549316,-0.009122,0.333022,0.527880,-0.015149,0.318180,0.506418,-0.019305,0.378390,0.474793,0.005342,0.351912,0.475672,-0.005867,0.334304,0.483126,-0.014119,0.319973,0.492261,-0.019246,0.384960,0.467349,0.001592,0.350973,0.489136,-0.009816,0.359773,0.522722,-0.011059,0.371873,0.521252,-0.009954,0.389336,0.469293,-0.004688,0.355125,0.498132,-0.014885,0.365413,0.527326,-0.009390,0.377365,0.522325,-0.004421,0.390604,0.480240,-0.012229,0.361253,0.506823,-0.020689,0.369746,0.529066,-0.018245,0.381740,0.525512,-0.014797
1780386480.263,right,pinch,0.415524,0.557606,-0.000000,0.389552,0.542290,-0.003797,0.366391,0.511255,-0.009125,0.349520,0.488946,-0.015776,0.335713,0.465393,-0.020505,0.394617,0.439455,0.005593,0.369518,0.435998,-0.005689,0.352024,0.440339,-0.013583,0.337119,0.447414,-0.018422,0.402425,0.432322,0.001643,0.369682,0.449965,-0.009774,0.378497,0.484828,-0.010518,0.390565,0.482842,-0.008972,0.407985,0.434258,-0.004841,0.374180,0.459280,-0.015045,0.384138,0.490158,-0.009103,0.395879,0.485325,-0.003798,0.409951,0.445306,-0.012565,0.380789,0.469127,-0.020705,0.388606,0.492938,-0.018089,0.400197,0.489566,-0.014617
1780386480.813,right,pinch,0.432410,0.564240,-0.000000,0.403621,0.545314,-0.004345,0.380169,0.512951,-0.010779,0.363594,0.490137,-0.018530,0.349823,0.465729,-0.024159,0.412225,0.438680,0.004552,0.384132,0.437333,-0.007698,0.366568,0.441871,-0.016078,0.350901,0.448433,-0.021201,0.419959,0.432817,0.000130,0.383483,0.451025,-0.011723,0.392757,0.487312,-0.012194,0.404954,0.485151,-0.010559,0.425390,0.436488,-0.006936,0.388444,0.461581,-0.017098,0.398606,0.493386,-0.010210,0.410469,0.488122,-0.004491,0.427015,0.449469,-0.015384,0.395728,0.471363,-0.023349,0.403570,0.495298,-0.019905,0.415335,0.492054,-0.015907
1780386481.345,right,pinch,0.485844,0.570886,-0.000000,0.460376,0.548297,-0.004103,0.437584,0.512609,-0.010889,0.421473,0.485450,-0.019619,0.412203,0.453517,-0.026265,0.466290,0.439269,0.005878,0.444959,0.431107,-0.006634,0.430633,0.430346,-0.013234,0.417342,0.431060,-0.016849,0.477134,0.434954,0.000471,0.442952,0.446383,-0.012913,0.450351,0.488048,-0.012098,0.461564,0.485957,-0.008262,0.486580,0.438924,-0.007844,0.452486,0.462893,-0.020181,0.461534,0.498023,-0.012782,0.472289,0.491731,-0.005563,0.493065,0.450686,-0.017422,0.463843,0.469432,-0.025766,0.469269,0.494828,-0.021862,0.479454,0.490824,-0.017136
1780386481.850,right,pinch,0.532590,0.574756,-0.000000,0.506253,0.552581,-0.002126,0.485265,0.512967,-0.006374,0.473085,0.480629,-0.012650,0.465329,0.450002,-0.017382,0.512054,0.446062,0.006960,0.492689,0.432963,-0.003932,0.478325,0.432416,-0.009523,0.465526,0.434927,-0.012566,0.524937,0.440378,0.001591,0.495357,0.449711,-0.009962,0.502068,0.490193,-0.009265,0.513253,0.489451,-0.006117,0.536718,0.444212,-0.006352,0.505984,0.462107,-0.017831,0.513223,0.498689,-0.011149,0.523499,0.496038,-0.004728,0.545738,0.455576,-0.015264,0.517023,0.470216,-0.023716,0.521062,0.496432,-0.020475,0.530809,0.494984,-0.016382
1780386482.365,right,pinch,0.570353,0.589811,-0.000000,0.546824,0.569341,-0.005149,0.525502,0.531276,-0.010287,0.514870,0.500493,-0.016661,0.509899,0.470771,-0.021164,0.549374,0.460170,0.001722,0.534149,0.443722,-0.010184,0.522314,0.445176,-0.016246,0.512242,0.451927,-0.019227,0.563735,0.455654,-0.001828,0.539550,0.470120,-0.013764,0.544827,0.508421,-0.013828,0.554084,0.509580,-0.011454,0.577422,0.461425,-0.007895,0.550738,0.481769,-0.019216,0.556331,0.515955,-0.012686,0.564478,0.514206,-0.006514,0.589538,0.475860,-0.015175,0.564413,0.489743,-0.022644,0.567237,0.514474,-0.018795,0.575468,0.513531,-0.014397
1780386482.890,right,pinch,0.634183,0.658606,-0.000000,0.613259,0.640020,-0.008983,0.594199,0.604309,-0.016123,0.585360,0.571017,-0.023747,0.588668,0.542020,-0.028933,0.616585,0.536047,-0.000056,0.603310,0.523405,-0.013555,0.596446,0.527795,-0.018702,0.591671,0.530533,-0.020216,0.630708,0.533553,-0.001657,0.608431,0.541922,-0.015110,0.611425,0.581222,-0.013590,0.619264,0.580195,-0.008748,0.643987,0.540094,-0.006514,0.620926,0.558187,-0.019791,0.624047,0.593269,-0.013219,0.631071,0.590576,-0.005596,0.655351,0.553373,-0.012797,0.634091,0.567640,-0.020901,0.635252,0.592897,-0.017823,0.642265,0.591803,-0.013264
1780386483.414,right,pinch,0.648753,0.642973,-0.000000,0.629708,0.620097,-0.007427,0.612085,0.584205,-0.014077,0.603674,0.550809,-0.021942,0.605651,0.518220,-0.028064,0.630456,0.528178,0.001582,0.620903,0.508592,-0.010508,0.615185,0.503837,-0.014581,0.612313,0.505053,-0.015475,0.644746,0.526472,-0.000643,0.625413,0.527143,-0.013464,0.627929,0.565014,-0.011757,0.636619,0.566121,-0.006775,0.658438,0.530890,-0.005939,0.638131,0.543011,-0.019579,0.641131,0.576575,-0.013405,0.649161,0.575802,-0.005700,0.671052,0.540549,-0.012387,0.651685,0.546974,-0.020625,0.651722,0.571879,-0.017249,0.658592,0.573704,-0.012450
1780386483.943,right,pinch,0.649620,0.641654,-0.000000,0.629122,0.620172,-0.007988,0.610933,0.584536,-0.015046,0.602637,0.551313,-0.023190,0.605134,0.519078,-0.029604,0.631170,0.524732,0.002486,0.621626,0.508883,-0.010099,0.615221,0.504519,-0.015515,0.610488,0.504591,-0.017372,0.645442,0.522958,0.000462,0.625894,0.528271,-0.012774,0.628912,0.565598,-0.012150,0.637646,0.566521,-0.007896,0.658657,0.528587,-0.004756,0.638125,0.541727,-0.018489,0.640877,0.575212,-0.012893,0.648701,0.575164,-0.005543,0.670466,0.539986,-0.011200,0.651033,0.547365,-0.019438,0.651010,0.572020,-0.016362,0.657845,0.574217,-0.011693
1780386484.454,right,pinch,0.651934,0.639310,-0.000000,0.631755,0.616393,-0.008357,0.613532,0.579967,-0.015428,0.605524,0.545198,-0.023716,0.611517,0.515145,-0.029740,0.633744,0.521956,0.001651,0.620243,0.503102,-0.012553,0.618535,0.510290,-0.017305,0.621897,0.514860,-0.017981,0.648076,0.521728,-0.000177,0.628652,0.524252,-0.014816,0.631370,0.562180,-0.013374,0.640100,0.559653,-0.007946,0.661963,0.527614,-0.005456,0.642182,0.540216,-0.020110,0.644279,0.574005,-0.014089,0.652359,0.571157,-0.005924,0.674767,0.538438,-0.011974,0.655877,0.545572,-0.019869,0.655348,0.569863,-0.016563,0.662245,0.570786,-0.011483
1780386484.999,right,pinch,0.664601,0.629207,-0.000000,0.645235,0.607112,-0.008309,0.628066,0.567633,-0.013828,0.622053,0.529644,-0.020290,0.629533,0.498878,-0.024193,0.647518,0.513028,0.002912,0.636076,0.492490,-0.011865,0.634860,0.516860,-0.017981,0.639494,0.531518,-0.019451,0.661943,0.513591,0.001802,0.645527,0.512290,-0.012873,0.646745,0.550535,-0.013148,0.654510,0.553230,-0.009212,0.675776,0.520422,-0.002795,0.658437,0.526813,-0.017784,0.658966,0.561563,-0.013226,0.665894,0.563421,-0.005978,0.688923,0.532094,-0.008442,0.671412,0.535273,-0.016627,0.670259,0.560230,-0.013945,0.676516,0.563480,-0.009215
1780386485.520,right,pinch,0.677122,0.624825,-0.000000,0.656456,0.598590,-0.008388,0.640513,0.555711,-0.012918,0.636775,0.516287,-0.018316,0.646134,0.486501,-0.020861,0.661464,0.505719,0.003443,0.648477,0.488552,-0.011031,0.648767,0.523563,-0.016774,0.655172,0.533957,-0.018304,0.675972,0.509034,0.002290,0.660125,0.503988,-0.012415,0.660304,0.544477,-0.012222,0.668282,0.544230,-0.007969,0.689871,0.517294,-0.002381,0.673534,0.519597,-0.017731,0.672284,0.556065,-0.012445,0.679596,0.555370,-0.004482,0.703606,0.529607,-0.008109,0.687306,0.529044,-0.016043,0.684552,0.553616,-0.012566,0.690752,0.556141,-0.007253
1780386486.145,right,pinch,0.682885,0.623433,-0.000000,0.663500,0.597147,-0.008292,0.647710,0.553724,-0.013233,0.644154,0.513911,-0.019306,0.653291,0.483073,-0.022456,0.667960,0.503206,0.003475,0.655560,0.480049,-0.012819,0.655107,0.514956,-0.019296,0.660354,0.531562,-0.020449,0.682564,0.506810,0.002064,0.666881,0.499252,-0.014117,0.666820,0.540526,-0.014465,0.674005,0.542827,-0.010001,0.696609,0.515126,-0.003062,0.680371,0.517918,-0.019331,0.679354,0.554764,-0.014329,0.686235,0.554769,-0.006193,0.710757,0.527351,-0.009236,0.694519,0.527156,-0.017098,0.691472,0.552606,-0.013512,0.697079,0.555569,-0.008021
1780386486.695,right,pinch,0.683424,0.622998,-0.000000,0.665078,0.596374,-0.008784,0.649017,0.553423,-0.014046,0.644166,0.513173,-0.020360,0.654198,0.482121,-0.023729,0.668143,0.502881,0.003385,0.656251,0.480400,-0.013070,0.656362,0.515749,-0.019898,0.661940,0.531924,-0.021261,0.683018,0.505985,0.002416,0.668279,0.498658,-0.013780,0.668281,0.540203,-0.014288,0.674785,0.543832,-0.009783,0.697019,0.514171,-0.002297,0.681878,0.517423,-0.018219,0.680757,0.553668,-0.013443,0.687056,0.554891,-0.005344,0.710768,0.526340,-0.008125,0.695998,0.527177,-0.015452,0.692743,0.551721,-0.012000,0.697721,0.555396,-0.006585
1780386487.211,right,pinch,0.689845,0.619030,-0.000000,0.671084,0.592925,-0.008235,0.655789,0.549673,-0.012973,0.652406,0.509269,-0.018914,0.662628,0.479240,-0.021962,0.673880,0.503252,0.003610,0.664914,0.475167,-0.011997,0.663791,0.509597,-0.017947,0.668060,0.526655,-0.018821,0.688628,0.506907,0.002475,0.676335,0.496849,-0.013116,0.676110,0.538199,-0.013172,0.682329,0.541896,-0.008583,0.702820,0.514819,-0.002330,0.689325,0.514620,-0.018052,0.688198,0.551185,-0.013095,0.694282,0.552895,-0.005023,0.716993,0.526191,-0.008131,0.703028,0.522969,-0.015484,0.700110,0.547981,-0.011786,0.705252,0.552170,-0.006313
1780386487.752,right,pinch,0.695653,0.615953,-0.000000,0.677780,0.587029,-0.008354,0.664176,0.542990,-0.013149,0.661722,0.502057,-0.019157,0.673085,0.470946,-0.022564,0.682610,0.501854,0.005321,0.673333,0.479741,-0.009409,0.672620,0.511450,-0.015042,0.678362,0.523841,-0.015881,0.697023,0.505931,0.004515,0.685096,0.493937,-0.009793,0.683787,0.533457,-0.009396,0.690880,0.534949,-0.004630,0.710999,0.514422,-0.000027,0.698502,0.510846,-0.015101,0.695687,0.546017,-0.010295,0.702097,0.547105,-0.002302,0.725144,0.526159,-0.005553,0.712690,0.519525,-0.012215,0.708532,0.542592,-0.008462,0.713304,0.547185,-0.003045
1780386488.296,right,pinch,0.707235,0.608526,-0.000000,0.690397,0.582781,-0.008681,0.678522,0.537109,-0.013014,0.678908,0.495529,-0.018536,0.689375,0.465283,-0.021646,0.692208,0.502213,0.006792,0.687693,0.478292,-0.005913,0.687305,0.500849,-0.009512,0.693221,0.508308,-0.008970,0.706528,0.507203,0.006352,0.701043,0.489309,-0.006548,0.698555,0.527635,-0.004610,0.704521,0.526320,0.001682,0.720896,0.515958,0.002117,0.713721,0.506534,-0.012564,0.709752,0.541396,-0.007203,0.714874,0.541464,0.001540,0.735641,0.526492,-0.003058,0.727522,0.515258,-0.009653,0.722668,0.537679,-0.005472,0.726401,0.542396,0.000411
1780386488.797,right,pinch,0.707519,0.606017,-0.000000,0.690486,0.581554,-0.008632,0.678796,0.536172,-0.012919,0.679994,0.494389,-0.018353,0.691876,0.466077,-0.021064,0.693732,0.495198,0.003805,0.692289,0.462196,-0.010981,0.689833,0.486232,-0.016110,0.691227,0.502138,-0.016192,0.708338,0.501088,0.003214,0.703324,0.488357,-0.011204,0.700496,0.526375,-0.010808,0.704107,0.528862,-0.005966,0.722638,0.511430,-0.001014,0.716392,0.506202,-0.015876,0.711517,0.539697,-0.010875,0.713935,0.541117,-0.002875,0.737014,0.524705,-0.006238,0.730626,0.516419,-0.012721,0.724616,0.537753,-0.008586,0.725582,0.541641,-0.002908
1780386489.309,right,pinch,0.715098,0.603844,-0.000000,0.698889,0.578589,-0.009726,0.687593,0.529810,-0.013366,0.689152,0.486582,-0.017516,0.702245,0.458667,-0.019005,0.702932,0.501196,0.003567,0.698736,0.478778,-0.008787,0.698296,0.509370,-0.012154,0.703880,0.512511,-0.012340,0.716918,0.505992,0.003701,0.712482,0.493357,-0.010264,0.710215,0.530221,-0.009317,0.715561,0.525867,-0.004409,0.730465,0.514693,0.000275,0.724150,0.503369,-0.015021,0.720033,0.537346,-0.009958,0.724856,0.535832,-0.001931,0.744668,0.525065,-0.004117,0.736999,0.512633,-0.011604,0.732376,0.533959,-0.008140,0.735936,0.537207,-0.003033
1780386489.818,right,pinch,0.747637,0.490664,-0.000000,0.729992,0.476340,-0.010254,0.713003,0.432556,-0.013065,0.712706,0.386692,-0.016280,0.721536,0.357239,-0.017313,0.718274,0.401157,0.006284,0.719043,0.378207,-0.004371,0.723306,0.391659,-0.007194,0.728656,0.384874,-0.007058,0.733303,0.402843,0.007138,0.735355,0.386079,-0.005269,0.735114,0.421325,-0.003865,0.735679,0.415122,0.001602,0.747875,0.407756,0.004299,0.749301,0.393907,-0.010187,0.746702,0.427151,-0.005625,0.746712,0.425777,0.002160,0.763119,0.413323,0.000460,0.762363,0.400381,-0.006927,0.758253,0.424495,-0.003642,0.757158,0.429917,0.001419
1780386490.320,right,pinch,0.775623,0.435090,-0.000000,0.757255,0.413024,-0.011516,0.744635,0.370909,-0.014657,0.747852,0.327368,-0.017953,0.759176,0.299045,-0.018315,0.746181,0.336761,0.006119,0.750825,0.306465,-0.008041,0.754780,0.333971,-0.013785,0.756470,0.338970,-0.014610,0.761524,0.341202,0.007362,0.766529,0.319505,-0.007886,0.765741,0.354946,-0.009996,0.763961,0.353826,-0.006589,0.776681,0.348899,0.004655,0.780754,0.337423,-0.012012,0.776967,0.370413,-0.010209,0.773816,0.369157,-0.003548,0.791918,0.357605,0.001004,0.793169,0.343945,-0.006620,0.789006,0.365891,-0.003788,0.786002,0.370328,0.001281
1780386490.858,right,pinch,0.806606,0.381333,-0.000000,0.791623,0.352087,-0.012370,0.783755,0.310847,-0.015614,0.793259,0.272402,-0.018651,0.803472,0.248153,-0.019633,0.772468,0.283930,0.003590,0.785598,0.246754,-0.009823,0.792008,0.259325,-0.017320,0.793218,0.269185,-0.019714,0.787863,0.289279,0.004973,0.799990,0.258242,-0.010646,0.800391,0.285814,-0.016018,0.796583,0.296432,-0.014705,0.803265,0.298297,0.003012,0.813519,0.283571,-0.013925,0.810058,0.314930,-0.015713,0.803608,0.322041,-0.011162,0.816911,0.310707,0.000146,0.823416,0.298751,-0.009607,0.819757,0.320153,-0.008889,0.814312,0.327219,-0.004855
1780386491.375,right,pinch,0.824633,0.348603,0.000000,0.816947,0.319644,-0.017190,0.811447,0.282316,-0.022462,0.817202,0.247540,-0.025926,0.824541,0.222660,-0.027479,0.790695,0.259504,-0.002486,0.803793,0.223262,-0.013539,0.817465,0.219271,-0.021702,0.826476,0.217087,-0.025247,0.801652,0.262344,0.003486,0.821628,0.237624,-0.011616,0.826449,0.259640,-0.019780,0.826395,0.270740,-0.020683,0.813607,0.266957,0.006800,0.832313,0.250929,-0.008354,0.832130,0.278109,-0.011938,0.827015,0.290414,-0.008570,0.824216,0.275426,0.008931,0.831726,0.253047,0.000832,0.830885,0.250723,0.000188,0.828653,0.243954,0.003380
1780386491.911,right,pinch,0.844342,0.347628,0.000000,0.840513,0.315971,-0.017541,0.837501,0.278112,-0.021539,0.842788,0.247526,-0.023464,0.848446,0.226497,-0.023593,0.814448,0.257819,-0.000086,0.828817,0.229600,-0.010282,0.841546,0.223386,-0.019170,0.849742,0.215904,-0.023784,0.825565,0.261710,0.005536,0.842762,0.238662,-0.007524,0.849815,0.238745,-0.017354,0.853839,0.230906,-0.020766,0.837737,0.269060,0.008325,0.856338,0.258128,-0.006441,0.854646,0.286501,-0.011867,0.848373,0.299746,-0.010263,0.848012,0.279262,0.009885,0.859375,0.266985,0.000816,0.858259,0.278921,-0.000558,0.854475,0.283985,0.001924
1780386492.455,right,pinch,0.870445,0.354234,0.000000,0.869352,0.321967,-0.014992,0.866623,0.285780,-0.019280,0.871725,0.251724,-0.021483,0.878054,0.225815,-0.022554,0.840366,0.263380,-0.001855,0.857062,0.229578,-0.008619,0.871357,0.219359,-0.015933,0.881312,0.215277,-0.020038,0.848332,0.266262,0.004094,0.865594,0.233455,-0.004132,0.876609,0.228431,-0.012516,0.886173,0.227432,-0.016220,0.859026,0.272083,0.008204,0.875833,0.249401,-0.000730,0.881329,0.260561,-0.004973,0.883667,0.268929,-0.004460,0.869522,0.281680,0.011245,0.877607,0.254426,0.006254,0.880580,0.243028,0.005527,0.882718,0.234143,0.007284
1780386492.982,right,pinch,0.890463,0.375071,0.000000,0.889377,0.340410,-0.016839,0.889834,0.299320,-0.019468,0.898337,0.265901,-0.019957,0.906774,0.244418,-0.018558,0.861583,0.274023,0.004179,0.877221,0.242361,-0.003495,0.892392,0.232868,-0.011506,0.902997,0.225945,-0.015671,0.872015,0.276996,0.010685,0.888548,0.246670,0.000151,0.900213,0.238300,-0.009516,0.908719,0.231321,-0.013149,0.883911,0.283454,0.014241,0.901446,0.265657,0.000244,0.904050,0.287058,-0.007414,0.902253,0.300494,-0.007214,0.894617,0.292120,0.016797,0.904941,0.276926,0.007543,0.904987,0.287183,0.004291,0.902802,0.293770,0.005506
1780386493.522,right,pinch,0.844709,0.400213,-0.000000,0.824946,0.364376,-0.008913,0.814284,0.316364,-0.010396,0.822499,0.274179,-0.013095,0.836470,0.250663,-0.014043,0.814609,0.293985,0.008549,0.818731,0.252290,-0.004490,0.825983,0.253466,-0.011694,0.832587,0.249310,-0.014277,0.831103,0.299739,0.007945,0.838531,0.270398,-0.008770,0.835617,0.304185,-0.012948,0.832003,0.315120,-0.010680,0.847168,0.308361,0.003821,0.853001,0.288732,-0.012242,0.847792,0.322034,-0.010586,0.844508,0.331607,-0.004005,0.862860,0.318496,-0.001421,0.865790,0.300883,-0.008328,0.859849,0.323205,-0.004977,0.856960,0.334166,0.000392
1780386494.071,right,pinch,0.689582,0.459716,-0.000000,0.665499,0.441522,-0.009062,0.640485,0.406302,-0.015715,0.627561,0.371047,-0.022839,0.627042,0.335968,-0.027939,0.660626,0.332409,0.000667,0.650907,0.315563,-0.011019,0.641138,0.311388,-0.016298,0.630829,0.310329,-0.019050,0.676978,0.324742,-0.001250,0.654676,0.334652,-0.014362,0.660029,0.374815,-0.014033,0.668896,0.376841,-0.010904,0.693292,0.327019,-0.006211,0.670745,0.344291,-0.019478,0.675783,0.379831,-0.012969,0.683700,0.378462,-0.005983,0.709764,0.338093,-0.012565,0.688087,0.349138,-0.021163,0.690599,0.374911,-0.017523,0.698437,0.375525,-0.012898
1780386494.596,right,pinch,0.656531,0.478947,-0.000000,0.628443,0.459082,-0.006398,0.603828,0.424341,-0.012874,0.587618,0.395080,-0.020539,0.578614,0.362343,-0.026196,0.627494,0.348260,0.003749,0.609968,0.334792,-0.009287,0.595742,0.336195,-0.015941,0.582442,0.341253,-0.019512,0.641798,0.340118,0.000055,0.613055,0.351946,-0.014006,0.622054,0.394715,-0.014020,0.633164,0.394278,-0.011014,0.655187,0.341493,-0.006796,0.624869,0.363544,-0.020981,0.634528,0.400850,-0.014630,0.645035,0.396714,-0.007829,0.666826,0.351198,-0.014876,0.638307,0.369548,-0.025081,0.643659,0.397403,-0.022226,0.653452,0.395740,-0.018122
1780386495.147,right,pinch,0.651586,0.483606,-0.000000,0.624849,0.465812,-0.006152,0.600810,0.432322,-0.012719,0.584946,0.403464,-0.020467,0.575562,0.371707,-0.026219,0.624457,0.357106,0.002844,0.607186,0.344472,-0.009412,0.592712,0.345696,-0.015317,0.579317,0.351541,-0.018431,0.638211,0.349568,-0.000929,0.609921,0.361622,-0.013704,0.618058,0.403268,-0.013004,0.628898,0.401901,-0.009846,0.651147,0.351557,-0.007682,0.621771,0.373918,-0.020400,0.630598,0.409732,-0.013652,0.640666,0.404917,-0.007111,0.662132,0.361675,-0.015717,0.635038,0.379805,-0.025311,0.639797,0.406560,-0.022426,0.649243,0.404557,-0.018532
1780386495.659,right,pinch,0.645623,0.510168,-0.000000,0.617181,0.490853,-0.005630,0.592290,0.454398,-0.011404,0.576410,0.425654,-0.018223,0.565439,0.396490,-0.022951,0.618962,0.374224,0.001579,0.600132,0.359607,-0.010279,0.585025,0.362973,-0.017084,0.571432,0.370628,-0.021223,0.633245,0.367271,-0.002293,0.603658,0.385256,-0.014660,0.611539,0.425639,-0.015528,0.623079,0.425253,-0.014210,0.646227,0.372074,-0.008736,0.615159,0.399053,-0.020410,0.623188,0.433554,-0.014429,0.633094,0.428972,-0.009132,0.656648,0.386110,-0.016500,0.628813,0.406831,-0.025553,0.632853,0.433083,-0.022698,0.641751,0.431283,-0.019091
1780386496.184,right,pinch,0.541161,0.503290,-0.000000,0.504668,0.486146,-0.005948,0.475921,0.448808,-0.011220,0.456338,0.423158,-0.017559,0.441224,0.393939,-0.020353,0.504244,0.345880,0.005248,0.468763,0.364265,-0.011578,0.471866,0.399141,-0.022566,0.475418,0.405023,-0.028647,0.515647,0.340051,0.000322,0.473505,0.374744,-0.017178,0.485805,0.416513,-0.020356,0.497727,0.412746,-0.019219,0.525289,0.347421,-0.007841,0.484094,0.385742,-0.023442,0.497073,0.426051,-0.016886,0.508424,0.421731,-0.009485,0.532367,0.366503,-0.017494,0.499391,0.402867,-0.028485,0.507981,0.431220,-0.025560,0.519026,0.425598,-0.020398
1780386496.709,right,pinch,0.395561,0.385984,-0.000000,0.359806,0.372779,-0.002408,0.328625,0.343327,-0.008293,0.304743,0.325558,-0.016246,0.284091,0.299966,-0.023134,0.369345,0.243123,0.007968,0.329810,0.250654,-0.004002,0.305361,0.262060,-0.014962,0.287631,0.273937,-0.021872,0.373026,0.235065,0.002302,0.330053,0.259572,-0.012039,0.331168,0.300519,-0.018354,0.340855,0.318303,-0.019757,0.370340,0.238617,-0.005377,0.325938,0.269456,-0.019291,0.335283,0.305357,-0.019006,0.351344,0.312337,-0.015881,0.363224,0.251356,-0.013774,0.326634,0.283686,-0.025174,0.332894,0.315197,-0.024903,0.346389,0.324324,-0.021788
1780386497.248,right,pinch,0.296410,0.385397,-0.000000,0.269779,0.375871,-0.005043,0.243193,0.346613,-0.010067,0.219836,0.331334,-0.015781,0.200343,0.310949,-0.019622,0.285101,0.251579,0.006061,0.248580,0.267704,-0.004886,0.232094,0.285959,-0.015495,0.221717,0.300273,-0.022432,0.281168,0.240859,0.002356,0.239994,0.272918,-0.009505,0.245312,0.308838,-0.015449,0.257658,0.320126,-0.017778,0.271725,0.242839,-0.003452,0.230980,0.278005,-0.015539,0.242377,0.312015,-0.015950,0.258432,0.315696,-0.014400,0.259138,0.253272,-0.010327,0.228299,0.287494,-0.023063,0.236506,0.316967,-0.025123,0.250260,0.321503,-0.023842
1780386497.758,right,pinch,0.262955,0.348785,-0.000000,0.235187,0.336119,-0.003802,0.211039,0.305514,-0.008091,0.188429,0.285987,-0.013627,0.169682,0.263066,-0.017160,0.257870,0.218527,0.008601,0.222469,0.227577,-0.004724,0.213385,0.248974,-0.017136,0.210119,0.264791,-0.024503,0.254863,0.205776,0.004534,0.212155,0.232780,-0.008800,0.216624,0.270252,-0.015745,0.229097,0.284766,-0.018217,0.246076,0.202868,-0.001931,0.203443,0.235409,-0.014265,0.214586,0.273686,-0.014726,0.231163,0.283805,-0.012798,0.233847,0.207206,-0.009602,0.201529,0.240872,-0.021446,0.209115,0.274403,-0.023408,0.223286,0.283616,-0.021821
1780386498.302,right,pinch,0.240147,0.332698,-0.000000,0.213032,0.320235,-0.000290,0.189294,0.289481,-0.001443,0.169124,0.272346,-0.004425,0.155360,0.252936,-0.005864,0.238006,0.217846,0.013496,0.205046,0.222935,0.004032,0.195719,0.243166,-0.005973,0.193712,0.259141,-0.012197,0.235496,0.202438,0.008950,0.194575,0.227017,-0.000708,0.196534,0.260884,-0.007163,0.208321,0.274103,-0.010036,0.226857,0.195914,0.002320,0.185995,0.226178,-0.007327,0.193910,0.260267,-0.009765,0.209281,0.269051,-0.009927,0.213858,0.194564,-0.005119,0.180655,0.227052,-0.015664,0.184358,0.258074,-0.019247,0.195610,0.266428,-0.019453
1780386498.836,right,pinch,0.241929,0.346231,-0.000000,0.207957,0.344595,-0.002120,0.178183,0.319997,-0.006483,0.156498,0.299510,-0.012950,0.137956,0.274428,-0.017964,0.208492,0.233276,0.010664,0.178622,0.233242,-0.001217,0.157507,0.240476,-0.010153,0.140823,0.250239,-0.015621,0.214085,0.221475,0.005229,0.175191,0.246406,-0.010179,0.184618,0.286612,-0.014413,0.198694,0.291009,-0.013711,0.216262,0.216675,-0.002783,0.176525,0.251999,-0.018005,0.190972,0.286558,-0.015440,0.207811,0.283329,-0.010327,0.215153,0.219470,-0.011505,0.179498,0.251186,-0.023303,0.190266,0.279393,-0.022045,0.205703,0.278057,-0.018257
1780386499.375,right,pinch,0.250616,0.348777,-0.000000,0.214202,0.349223,-0.001609,0.181500,0.324477,-0.005769,0.158196,0.309409,-0.012113,0.137027,0.288858,-0.016659,0.210529,0.222980,0.011338,0.173943,0.239936,-0.001622,0.151723,0.254547,-0.012314,0.133277,0.268483,-0.019176,0.213739,0.213251,0.004905,0.172321,0.250975,-0.010863,0.186543,0.287960,-0.015826,0.202522,0.287761,-0.015927,0.214039,0.213873,-0.004148,0.172967,0.259606,-0.018683,0.190841,0.290380,-0.015556,0.208139,0.280362,-0.010725,0.211138,0.224266,-0.014145,0.176396,0.265006,-0.025863,0.190408,0.290349,-0.024456,0.206466,0.281967,-0.020797
1780386499.941,right,pinch,0.248131,0.348176,-0.000000,0.212568,0.349316,-0.001907,0.180672,0.326006,-0.006893,0.157745,0.310183,-0.014246,0.136249,0.288517,-0.020137,0.210135,0.221664,0.011648,0.175493,0.236262,-0.000880,0.152376,0.248280,-0.010995,0.134432,0.262093,-0.017408,0.213179,0.212342,0.005100,0.170951,0.245906,-0.011763,0.182030,0.288505,-0.016856,0.196770,0.295705,-0.016050,0.213138,0.212588,-0.004008,0.171686,0.255646,-0.020496,0.189243,0.290346,-0.018051,0.207519,0.285903,-0.012588,0.210495,0.222307,-0.013924,0.176599,0.264148,-0.027379,0.190138,0.292017,-0.026831,0.206415,0.286696,-0.023144
1780386500.464,right,pinch,0.255843,0.353328,-0.000000,0.218058,0.352063,-0.002833,0.183269,0.327769,-0.007765,0.158754,0.310468,-0.014773,0.136519,0.287138,-0.019747,0.214205,0.223901,0.010406,0.177083,0.238790,-0.003479,0.155403,0.253349,-0.013917,0.137837,0.265728,-0.020325,0.218502,0.214206,0.004361,0.175077,0.250855,-0.012957,0.187971,0.291492,-0.017470,0.203271,0.293642,-0.016780,0.219152,0.215031,-0.004526,0.175871,0.261550,-0.021325,0.194464,0.295446,-0.017991,0.212834,0.287111,-0.012274,0.216731,0.225808,-0.014353,0.181750,0.268344,-0.027672,0.196209,0.295557,-0.026646,0.213037,0.288579,-0.022809
1780386501.000,right,pinch,0.266961,0.352390,-0.000000,0.229340,0.350739,-0.002054,0.195926,0.326403,-0.007774,0.171427,0.307131,-0.016258,0.148296,0.285563,-0.023155,0.224039,0.225293,0.011803,0.189742,0.233985,-0.001622,0.165714,0.246876,-0.011569,0.147092,0.260743,-0.017785,0.229628,0.214642,0.005077,0.188428,0.245216,-0.012351,0.199860,0.287343,-0.016714,0.213597,0.292071,-0.015543,0.232363,0.214443,-0.004467,0.189855,0.257569,-0.021239,0.208419,0.291528,-0.017952,0.226579,0.285075,-0.012068,0.231904,0.225189,-0.014931,0.196373,0.268458,-0.028290,0.210725,0.294165,-0.027629,0.227292,0.287088,-0.024048
1780386501.526,right,pinch,0.308679,0.352038,-0.000000,0.272135,0.343214,-0.000912,0.236507,0.311102,-0.007527,0.209499,0.291837,-0.017498,0.185859,0.268106,-0.025577,0.263853,0.207462,0.011387,0.230172,0.208629,-0.003049,0.206975,0.221355,-0.013026,0.187739,0.237482,-0.019463,0.272602,0.196080,0.002676,0.230533,0.227061,-0.012504,0.246632,0.269823,-0.013113,0.263278,0.265654,-0.010785,0.279414,0.198043,-0.009301,0.236815,0.237934,-0.023380,0.254098,0.275929,-0.014974,0.270442,0.267244,-0.007625,0.282984,0.212326,-0.022586,0.246442,0.250569,-0.033755,0.258888,0.279219,-0.029938,0.274217,0.271971,-0.025428
1780386502.070,right,pinch,0.370239,0.359618,-0.000000,0.330434,0.342649,-0.005291,0.293794,0.307905,-0.014302,0.267079,0.282299,-0.025812,0.244042,0.250160,-0.034836,0.320692,0.202951,0.006775,0.286149,0.199236,-0.009777,0.262171,0.208821,-0.020261,0.241740,0.222780,-0.026664,0.333603,0.190169,0.000022,0.292175,0.221953,-0.016328,0.309556,0.267828,-0.016455,0.325264,0.259191,-0.013722,0.345009,0.191623,-0.010487,0.302945,0.235269,-0.025256,0.320447,0.273817,-0.016146,0.335348,0.261134,-0.008372,0.353029,0.206382,-0.022732,0.315820,0.245138,-0.034071,0.327966,0.274733,-0.029780,0.342268,0.266286,-0.024860
1780386502.615,right,pinch,0.442818,0.387292,-0.000000,0.407263,0.369514,-0.007826,0.372803,0.334563,-0.017007,0.349231,0.308979,-0.027474,0.329580,0.278373,-0.035226,0.399729,0.229728,-0.000793,0.370349,0.219882,-0.017347,0.349082,0.230470,-0.026675,0.330262,0.249068,-0.031800,0.414462,0.219102,-0.005475,0.376991,0.247572,-0.021677,0.391684,0.296144,-0.022053,0.405488,0.292474,-0.019559,0.428645,0.221028,-0.013333,0.390178,0.264109,-0.028051,0.406029,0.303698,-0.019074,0.418258,0.294629,-0.011322,0.440179,0.236075,-0.022865,0.405695,0.270387,-0.033222,0.416014,0.298986,-0.027701,0.427983,0.292102,-0.021842
1780386503.126,right,pinch,0.536560,0.431017,-0.000000,0.503459,0.412394,-0.007402,0.473215,0.376926,-0.016029,0.454408,0.345210,-0.026279,0.441633,0.309618,-0.033916,0.494501,0.279374,0.000856,0.472133,0.264869,-0.015073,0.456556,0.274063,-0.022016,0.444757,0.289793,-0.024787,0.511394,0.268581,-0.003702,0.479171,0.291582,-0.019444,0.489977,0.339914,-0.018035,0.502044,0.336902,-0.013415,0.527888,0.270368,-0.011744,0.494323,0.307205,-0.026813,0.505986,0.349034,-0.017939,0.517123,0.342388,-0.009347,0.542386,0.283004,-0.021375,0.511433,0.313010,-0.031450,0.517888,0.344660,-0.026762,0.528471,0.340290,-0.021096
1780386503.634,right,pinch,0.541822,0.426110,-0.000000,0.509801,0.407973,-0.007721,0.479381,0.372005,-0.016221,0.459511,0.338880,-0.026363,0.448511,0.301431,-0.034330,0.502341,0.284197,0.002812,0.482502,0.267419,-0.012498,0.466297,0.267748,-0.019335,0.451300,0.275666,-0.022520,0.517872,0.273784,-0.001552,0.486561,0.287285,-0.017469,0.499369,0.336260,-0.015482,0.512096,0.333822,-0.010131,0.533301,0.272987,-0.009716,0.500851,0.299894,-0.025947,0.514303,0.342691,-0.017212,0.526084,0.336475,-0.008153,0.547264,0.281223,-0.019383,0.516424,0.304322,-0.030552,0.524436,0.335787,-0.026308,0.535667,0.331649,-0.020884
1780386504.167,right,pinch,0.548521,0.418437,-0.000000,0.516204,0.395541,-0.009004,0.486146,0.354582,-0.017560,0.467517,0.317861,-0.027489,0.457293,0.277472,-0.035007,0.512998,0.269826,0.003557,0.492416,0.254124,-0.012043,0.476966,0.252882,-0.018437,0.461945,0.255839,-0.021039,0.528300,0.261868,-0.000008,0.495320,0.271711,-0.015985,0.507120,0.322562,-0.012742,0.519951,0.318179,-0.006144,0.543276,0.262258,-0.007852,0.509608,0.284236,-0.024737,0.522427,0.329058,-0.015716,0.534722,0.320905,-0.006077,0.556832,0.269903,-0.017263,0.525429,0.287840,-0.028673,0.532608,0.321332,-0.024697,0.544268,0.316954,-0.019361
1780386504.712,right,pinch,0.556175,0.418723,-0.000000,0.524951,0.394402,-0.006902,0.495916,0.353205,-0.014087,0.477630,0.317674,-0.022876,0.467853,0.277865,-0.029751,0.526139,0.273590,0.005150,0.504757,0.260281,-0.007546,0.488965,0.256860,-0.013354,0.473782,0.257068,-0.016505,0.540794,0.265332,0.000740,0.505869,0.276299,-0.013500,0.516050,0.325755,-0.011452,0.529497,0.326857,-0.006471,0.555104,0.266168,-0.007280,0.519594,0.287182,-0.022511,0.531316,0.331112,-0.014749,0.544431,0.326803,-0.006681,0.568082,0.274793,-0.016627,0.535167,0.290041,-0.027547,0.541333,0.323040,-0.024067,0.553450,0.321871,-0.019479
1780386505.231,right,pinch,0.565331,0.420776,-0.000000,0.532977,0.398485,-0.008748,0.502747,0.359365,-0.017798,0.483624,0.322440,-0.028401,0.477193,0.280970,-0.036577,0.529084,0.276235,0.004750,0.510301,0.260033,-0.010243,0.495941,0.258034,-0.016140,0.481814,0.259116,-0.018417,0.545031,0.268596,0.000957,0.513132,0.278172,-0.014567,0.524273,0.327156,-0.011317,0.536243,0.322182,-0.004622,0.560179,0.269476,-0.007099,0.527975,0.292080,-0.023327,0.539836,0.335215,-0.014593,0.551134,0.326420,-0.005108,0.573414,0.277321,-0.016689,0.542897,0.294932,-0.027106,0.549552,0.327071,-0.022992,0.560607,0.322631,-0.017604
1780386505.761,right,pinch,0.556775,0.426356,-0.000000,0.525845,0.403770,-0.009203,0.496578,0.363709,-0.018102,0.477699,0.327651,-0.028368,0.468255,0.288056,-0.036265,0.522913,0.282020,0.002871,0.503596,0.263271,-0.012315,0.488210,0.261386,-0.018344,0.473122,0.265034,-0.020725,0.538553,0.274072,-0.000528,0.506948,0.282254,-0.015737,0.518489,0.332086,-0.012318,0.530759,0.328275,-0.005819,0.553776,0.274735,-0.008114,0.520979,0.296137,-0.024245,0.533500,0.339967,-0.015140,0.545321,0.332465,-0.005664,0.567358,0.283008,-0.017291,0.536215,0.300096,-0.028168,0.543124,0.332845,-0.023926,0.554300,0.329559,-0.018524
1780386506.287,right,pinch,0.584383,0.433780,-0.000000,0.553834,0.412553,-0.007186,0.524585,0.371935,-0.014947,0.507052,0.332010,-0.024499,0.502180,0.291763,-0.032102,0.549782,0.288940,0.005896,0.535914,0.270336,-0.006925,0.521546,0.266202,-0.012443,0.507977,0.268165,-0.015116,0.566885,0.279156,0.001727,0.538836,0.291079,-0.012007,0.547249,0.339896,-0.009838,0.559070,0.339241,-0.004571,0.583915,0.280317,-0.006063,0.555074,0.303921,-0.020523,0.563252,0.346834,-0.012458,0.573496,0.343685,-0.004017,0.599400,0.290504,-0.015265,0.571789,0.309286,-0.024966,0.576214,0.341004,-0.020917,0.586630,0.339577,-0.015731
1780386506.832,right,pinch,0.655314,0.421737,-0.000000,0.625919,0.402221,-0.012172,0.597006,0.357424,-0.019355,0.587257,0.307336,-0.027079,0.592497,0.262473,-0.030876,0.612697,0.267750,0.000677,0.594457,0.260277,-0.020400,0.601951,0.304893,-0.029899,0.611276,0.315308,-0.033295,0.632748,0.260683,-0.001115,0.613527,0.271383,-0.021539,0.621783,0.324930,-0.022096,0.629705,0.319953,-0.017362,0.653218,0.264204,-0.007469,0.635244,0.286861,-0.026998,0.640826,0.334497,-0.019349,0.647300,0.328061,-0.009444,0.673710,0.274636,-0.015593,0.656214,0.293756,-0.026158,0.657635,0.325573,-0.021877,0.663984,0.321059,-0.015458
1780386507.336,right,pinch,0.671835,0.416919,-0.000000,0.643391,0.397669,-0.013983,0.615958,0.352959,-0.023704,0.605283,0.304012,-0.034438,0.614398,0.263296,-0.041527,0.631211,0.260955,0.001872,0.615280,0.245343,-0.019972,0.617183,0.271022,-0.028854,0.622759,0.279645,-0.031096,0.650926,0.253537,0.000557,0.631175,0.263753,-0.020476,0.637958,0.320062,-0.019159,0.646282,0.314394,-0.011885,0.671944,0.256885,-0.005944,0.653555,0.279001,-0.026268,0.656967,0.329348,-0.017423,0.663436,0.324553,-0.005709,0.693302,0.268528,-0.014515,0.675876,0.287750,-0.024633,0.676394,0.321727,-0.019595,0.683068,0.318339,-0.012232
1780386507.854,right,pinch,0.698794,0.420360,-0.000000,0.670951,0.396864,-0.014339,0.646581,0.354684,-0.023147,0.640155,0.304706,-0.032911,0.648418,0.261926,-0.039501,0.654125,0.261634,0.002816,0.645571,0.245036,-0.017118,0.648282,0.258611,-0.026409,0.653726,0.257733,-0.029887,0.675673,0.252754,0.001718,0.666379,0.262895,-0.018775,0.670584,0.314577,-0.019569,0.674723,0.311403,-0.014410,0.697942,0.256209,-0.004339,0.689729,0.274110,-0.025005,0.688576,0.322984,-0.018074,0.689553,0.323745,-0.007669,0.720817,0.268565,-0.012464,0.712418,0.280999,-0.023349,0.706496,0.315803,-0.019208,0.704744,0.320553,-0.012418
1780386508.359,right,pinch,0.727009,0.419459,-0.000000,0.701400,0.393192,-0.013712,0.680738,0.345434,-0.022892,0.680341,0.290117,-0.033569,0.692658,0.247658,-0.041484,0.688448,0.276047,-0.000918,0.684743,0.230270,-0.022136,0.691330,0.238978,-0.031562,0.699952,0.245365,-0.034171,0.709910,0.275634,-0.001897,0.707654,0.253963,-0.022629,0.708368,0.307153,-0.022426,0.710237,0.310729,-0.016588,0.731795,0.280938,-0.007534,0.731174,0.258434,-0.028969,0.725843,0.309908,-0.020716,0.724385,0.320215,-0.009088,0.754398,0.291976,-0.014911,0.753337,0.268546,-0.026792,0.743868,0.303144,-0.021001,0.738388,0.318358,-0.012811
1780386508.870,right,pinch,0.742756,0.414635,-0.000000,0.719513,0.387409,-0.015898,0.701267,0.337373,-0.024366,0.704630,0.283144,-0.033425,0.720775,0.242897,-0.039800,0.705080,0.270019,-0.001182,0.704214,0.228284,-0.021103,0.713169,0.235806,-0.030186,0.723810,0.228983,-0.033511,0.726636,0.270234,-0.000887,0.729914,0.247636,-0.022211,0.728205,0.298543,-0.023823,0.726748,0.299685,-0.019480,0.748553,0.277548,-0.005260,0.752400,0.252956,-0.028451,0.745464,0.304387,-0.023005,0.742025,0.311974,-0.012979,0.771705,0.290243,-0.011210,0.772768,0.264105,-0.025023,0.762576,0.301002,-0.021066,0.755905,0.316804,-0.013998
1780386509.384,right,pinch,0.755410,0.420396,-0.000000,0.732435,0.388923,-0.019080,0.716692,0.341627,-0.030023,0.722352,0.288930,-0.040789,0.736057,0.246356,-0.049388,0.716762,0.276868,-0.004728,0.720115,0.236378,-0.025430,0.730317,0.226494,-0.037382,0.740550,0.224749,-0.042747,0.738324,0.276806,-0.003171,0.746347,0.251127,-0.026498,0.746778,0.300833,-0.031021,0.742192,0.314094,-0.028018,0.760340,0.282339,-0.006018,0.769116,0.259099,-0.030701,0.765205,0.308054,-0.026123,0.757641,0.323575,-0.016236,0.781149,0.295074,-0.010701,0.788485,0.273266,-0.026986,0.781316,0.308240,-0.023399,0.771073,0.324067,-0.016033
1780386509.905,right,pinch,0.765102,0.420555,-0.000000,0.743611,0.397245,-0.021681,0.728024,0.342050,-0.030662,0.737437,0.286808,-0.038037,0.752727,0.249321,-0.040970,0.724628,0.267928,-0.004781,0.738408,0.240371,-0.028269,0.742791,0.277869,-0.038418,0.741360,0.282060,-0.041670,0.746512,0.267855,-0.002056,0.761262,0.255972,-0.026706,0.756919,0.315223,-0.029297,0.748267,0.308505,-0.024540,0.768373,0.275731,-0.004759,0.781313,0.272610,-0.031148,0.774001,0.327202,-0.027117,0.764787,0.320792,-0.017449,0.789817,0.288552,-0.009403,0.797215,0.287613,-0.026129,0.788451,0.326836,-0.024097,0.778344,0.327767,-0.017793
1780386510.411,right,pinch,0.779851,0.423154,0.000000,0.756657,0.401004,-0.021981,0.742978,0.349347,-0.031559,0.755621,0.295778,-0.038952,0.772957,0.258414,-0.043530,0.734906,0.285119,-0.010924,0.749264,0.249457,-0.035327,0.763801,0.256327,-0.049745,0.773637,0.255057,-0.056292,0.758302,0.284087,-0.007912,0.777283,0.253194,-0.033811,0.781504,0.287418,-0.041261,0.779809,0.281916,-0.040094,0.780373,0.291449,-0.009184,0.795343,0.284060,-0.036747,0.788831,0.334450,-0.035617,0.779519,0.336892,-0.027063,0.800518,0.304635,-0.012174,0.810327,0.303057,-0.029875,0.803298,0.340452,-0.027446,0.793585,0.346032,-0.020308
1780386510.945,right,pinch,0.790635,0.423574,-0.000000,0.770419,0.394117,-0.020179,0.760580,0.342489,-0.026857,0.773840,0.295159,-0.031707,0.788773,0.263641,-0.033558,0.746190,0.283025,-0.005128,0.765859,0.245760,-0.025597,0.776615,0.253531,-0.036842,0.783095,0.255131,-0.041734,0.769282,0.284353,-0.002411,0.787408,0.262953,-0.026653,0.784440,0.309427,-0.032515,0.778172,0.320208,-0.029795,0.791137,0.294989,-0.004140,0.806321,0.287521,-0.029248,0.800349,0.334422,-0.028376,0.791795,0.337784,-0.020383,0.810440,0.312115,-0.007604,0.820642,0.305470,-0.024460,0.813988,0.339003,-0.023598,0.804473,0.345203,-0.017867
1780386511.449,right,pinch,0.775225,0.424955,-0.000000,0.753946,0.398689,-0.018224,0.739472,0.350688,-0.027213,0.744885,0.300695,-0.035919,0.758567,0.262325,-0.040966,0.742649,0.283106,-0.000747,0.748971,0.250480,-0.024713,0.752937,0.287190,-0.036633,0.755979,0.300661,-0.040579,0.764052,0.286297,0.000210,0.769456,0.258285,-0.024329,0.766141,0.313746,-0.028747,0.764321,0.320087,-0.024860,0.784900,0.295857,-0.004056,0.788449,0.278340,-0.028955,0.781125,0.331003,-0.025058,0.777284,0.336056,-0.015098,0.805506,0.310959,-0.010041,0.806552,0.296097,-0.023726,0.798116,0.330611,-0.020155,0.792472,0.337777,-0.013100
1780386511.951,right,pinch,0.766198,0.427742,-0.000000,0.742205,0.400089,-0.012802,0.722231,0.352068,-0.019970,0.719690,0.305099,-0.027910,0.732185,0.268307,-0.032205,0.745191,0.276316,0.001923,0.733466,0.256717,-0.019217,0.734073,0.301598,-0.030456,0.740214,0.320531,-0.034710,0.763846,0.276288,0.000989,0.750576,0.281829,-0.019792,0.750818,0.331184,-0.023768,0.757187,0.335217,-0.021416,0.781789,0.286630,-0.004423,0.769167,0.294266,-0.024316,0.764932,0.339644,-0.019528,0.768329,0.343921,-0.010916,0.799815,0.304269,-0.011529,0.787134,0.307992,-0.022151,0.780404,0.337463,-0.018824,0.781536,0.342407,-0.012716
1780386512.464,right,pinch,0.700871,0.444224,-0.000000,0.673409,0.409545,-0.005463,0.653026,0.368002,-0.012421,0.642274,0.337988,-0.020783,0.638738,0.305972,-0.027006,0.696630,0.297828,0.001551,0.677195,0.279196,-0.010372,0.661928,0.277027,-0.016813,0.647939,0.281717,-0.020306,0.710417,0.296770,-0.002639,0.676038,0.303492,-0.014612,0.677160,0.346494,-0.014832,0.687853,0.351977,-0.012967,0.721817,0.305600,-0.009336,0.685023,0.319064,-0.020098,0.686749,0.357722,-0.013195,0.695837,0.360263,-0.007408,0.729513,0.324286,-0.017413,0.697501,0.331541,-0.025448,0.697009,0.359514,-0.021328,0.705652,0.364003,-0.016652
1780386512.999,right,pinch,0.541048,0.577082,-0.000000,0.540512,0.529050,-0.003422,0.528607,0.474464,-0.008021,0.510299,0.442297,-0.012829,0.492672,0.422776,-0.016939,0.547040,0.424948,-0.006981,0.505685,0.410689,-0.016661,0.482149,0.415096,-0.023760,0.466139,0.419109,-0.028358,0.538879,0.429494,-0.009408,0.497571,0.440600,-0.019383,0.500498,0.469502,-0.022341,0.509586,0.481237,-0.023928,0.525688,0.443436,-0.012414,0.487404,0.458691,-0.020948,0.494919,0.484507,-0.019930,0.507227,0.492405,-0.018770,0.510522,0.461673,-0.016033,0.482307,0.473939,-0.024334,0.485084,0.494311,-0.025014,0.491527,0.501103,-0.023995
1780386513.522,right,pinch,0.368680,0.629554,-0.000000,0.376261,0.568016,0.005695,0.368546,0.516485,0.001480,0.343992,0.487746,-0.005896,0.320294,0.472308,-0.013652,0.393907,0.485749,0.004387,0.359650,0.454120,-0.005476,0.334846,0.449715,-0.015245,0.317111,0.449428,-0.021984,0.386470,0.483309,-0.003310,0.342855,0.484153,-0.012434,0.341218,0.516889,-0.017756,0.348178,0.537231,-0.021604,0.372517,0.489494,-0.011054,0.330694,0.495072,-0.017854,0.333246,0.529368,-0.018040,0.342892,0.548486,-0.018527,0.355102,0.499243,-0.018814,0.324437,0.511630,-0.025213,0.325724,0.537724,-0.025765,0.333213,0.551674,-0.025366
1780386514.079,right,pinch,0.271130,0.690930,-0.000000,0.269689,0.642880,-0.004843,0.255083,0.582058,-0.010997,0.224334,0.548199,-0.017436,0.195631,0.528298,-0.023468,0.300083,0.526316,-0.001897,0.251900,0.497420,-0.012418,0.222055,0.493513,-0.023648,0.202338,0.493250,-0.031912,0.290098,0.523786,-0.004581,0.236838,0.513449,-0.014193,0.230880,0.546394,-0.020395,0.235646,0.566235,-0.024737,0.272935,0.531204,-0.008186,0.222145,0.532251,-0.017272,0.225091,0.569559,-0.018950,0.236968,0.586163,-0.019994,0.251648,0.544342,-0.012622,0.212729,0.556799,-0.023601,0.214164,0.588799,-0.026418,0.223838,0.604656,-0.026756
1780386514.627,right,pinch,0.253849,0.721071,-0.000000,0.232928,0.670985,-0.003490,0.210307,0.612021,-0.010517,0.180977,0.578730,-0.018098,0.152336,0.555976,-0.025147,0.269974,0.540514,-0.002483,0.218792,0.514103,-0.014845,0.187987,0.515533,-0.027369,0.167288,0.520798,-0.035907,0.263201,0.540209,-0.006317,0.206774,0.532501,-0.019021,0.196290,0.572284,-0.026606,0.197828,0.600079,-0.030874,0.247816,0.549501,-0.010805,0.192445,0.554325,-0.021596,0.192374,0.598734,-0.022548,0.202147,0.622773,-0.022301,0.226810,0.566322,-0.015944,0.184039,0.582103,-0.026798,0.184449,0.616648,-0.028407,0.194333,0.635273,-0.027412
1780386515.156,right,pinch,0.233518,0.763998,-0.000000,0.197220,0.723146,-0.003141,0.170553,0.667116,-0.009465,0.145661,0.632542,-0.016842,0.122909,0.600322,-0.023336,0.242547,0.569149,0.000557,0.188449,0.550566,-0.012004,0.156494,0.557533,-0.024983,0.135602,0.566663,-0.033637,0.241128,0.569140,-0.003949,0.179085,0.564897,-0.015961,0.164852,0.602879,-0.023072,0.164397,0.625968,-0.027085,0.230847,0.579023,-0.009529,0.169415,0.588121,-0.020283,0.167507,0.632556,-0.020102,0.176756,0.653690,-0.018969,0.214116,0.597840,-0.016043,0.166111,0.615895,-0.026871,0.165569,0.653784,-0.027396,0.175880,0.674271,-0.025223
1780386515.681,right,pinch,0.252384,0.751515,-0.000000,0.217827,0.699886,-0.002515,0.193106,0.637852,-0.009812,0.168668,0.599209,-0.018524,0.145165,0.566464,-0.026511,0.266920,0.543872,-0.002002,0.211217,0.518026,-0.016174,0.177438,0.522344,-0.029092,0.154312,0.529364,-0.037624,0.264705,0.549204,-0.008465,0.199352,0.526656,-0.021837,0.181361,0.558912,-0.028421,0.177189,0.577684,-0.032135,0.253167,0.564657,-0.016017,0.187303,0.564055,-0.027992,0.189104,0.611453,-0.026688,0.203169,0.631825,-0.024893,0.234409,0.587515,-0.024477,0.183433,0.597668,-0.036047,0.184252,0.635970,-0.036007,0.197188,0.653983,-0.033749
1780386516.191,right,pinch,0.263600,0.756072,-0.000000,0.225910,0.693188,-0.003189,0.203272,0.625442,-0.010854,0.180862,0.581139,-0.019528,0.159285,0.543995,-0.027829,0.283075,0.542908,-0.006501,0.227073,0.504312,-0.022010,0.191251,0.503544,-0.034985,0.165395,0.504243,-0.043451,0.280441,0.549166,-0.012835,0.218442,0.499131,-0.027595,0.183316,0.504757,-0.036172,0.162343,0.504971,-0.041797,0.267769,0.565369,-0.019813,0.201069,0.549944,-0.032528,0.199998,0.600520,-0.031889,0.213874,0.626118,-0.030760,0.246530,0.586832,-0.027605,0.195331,0.590401,-0.039477,0.194911,0.630022,-0.039663,0.209472,0.648681,-0.038049
1780386516.743,right,pinch,0.307495,0.752050,-0.000000,0.265435,0.666794,0.000532,0.244585,0.589344,-0.008288,0.227990,0.537809,-0.020064,0.212504,0.492215,-0.030089,0.331507,0.526224,0.000379,0.281139,0.470423,-0.016898,0.244577,0.467283,-0.030735,0.218205,0.472666,-0.039611,0.336635,0.537499,-0.009061,0.264770,0.511682,-0.027625,0.260243,0.570638,-0.032850,0.274044,0.600384,-0.034907,0.329149,0.555258,-0.020065,0.258253,0.537527,-0.034405,0.260584,0.591752,-0.027783,0.277248,0.614343,-0.022499,0.312608,0.577969,-0.032058,0.259402,0.563044,-0.042756,0.257393,0.603417,-0.038038,0.268008,0.623602,-0.032731
1780386517.281,right,pinch,0.399671,0.714053,-0.000000,0.377307,0.625245,-0.004768,0.370440,0.547992,-0.017580,0.365344,0.488240,-0.033543,0.360691,0.431081,-0.047104,0.458164,0.523604,0.004766,0.419692,0.458132,-0.015226,0.390721,0.432684,-0.030874,0.367697,0.412628,-0.040688,0.465879,0.532181,-0.003573,0.405202,0.479161,-0.022810,0.395515,0.534506,-0.026974,0.407344,0.561134,-0.027718,0.462171,0.545480,-0.015373,0.399406,0.495556,-0.030236,0.395029,0.549791,-0.023406,0.410870,0.573705,-0.017940,0.449016,0.559518,-0.029082,0.398891,0.523215,-0.039728,0.394134,0.562050,-0.036645,0.406164,0.585354,-0.032700
1780386517.829,right,pinch,0.429873,0.680137,-0.000000,0.415852,0.603147,0.000369,0.417146,0.531120,-0.007787,0.416185,0.476131,-0.020052,0.418158,0.418864,-0.031063,0.494326,0.522408,0.012512,0.473026,0.465715,-0.003178,0.455838,0.429741,-0.015434,0.441271,0.401019,-0.023368,0.502864,0.530129,0.001850,0.463371,0.455533,-0.016102,0.442170,0.482972,-0.020689,0.442160,0.499111,-0.019996,0.502373,0.541916,-0.011559,0.452080,0.478466,-0.027802,0.438834,0.530561,-0.022645,0.449255,0.560320,-0.016087,0.493044,0.554454,-0.026033,0.447987,0.509966,-0.038537,0.439333,0.549545,-0.036220,0.450768,0.576692,-0.031659
1780386518.337,right,pinch,0.434301,0.680578,-0.000000,0.420688,0.601543,0.000415,0.422612,0.529098,-0.007814,0.422030,0.474553,-0.019842,0.424631,0.418666,-0.030141,0.501081,0.524072,0.012490,0.472660,0.462307,-0.003460,0.451076,0.429093,-0.016373,0.433398,0.401819,-0.024801,0.508673,0.531908,0.002231,0.463902,0.461202,-0.015557,0.445957,0.504892,-0.019921,0.450100,0.532600,-0.019461,0.506938,0.542684,-0.010818,0.455711,0.480570,-0.025431,0.443600,0.533186,-0.019386,0.455078,0.562422,-0.013156,0.496217,0.553867,-0.025086,0.451162,0.508462,-0.036238,0.443145,0.548085,-0.033503,0.454948,0.574676,-0.029153
1780386518.858,right,pinch,0.462106,0.666759,-0.000000,0.445221,0.592435,-0.002289,0.445104,0.523637,-0.009011,0.444182,0.473854,-0.018458,0.445121,0.423374,-0.026235,0.518226,0.518905,0.009732,0.486518,0.460757,-0.005010,0.469053,0.430257,-0.017937,0.456290,0.405088,-0.026910,0.525718,0.523292,0.001993,0.479990,0.463568,-0.015454,0.466121,0.505972,-0.021136,0.472551,0.534103,-0.022058,0.524539,0.530124,-0.008388,0.474493,0.474523,-0.023826,0.465052,0.521310,-0.019637,0.476268,0.548616,-0.014344,0.514984,0.537452,-0.020066,0.472880,0.496755,-0.032326,0.465538,0.531379,-0.030708,0.475552,0.555745,-0.026950
1780386519.372,right,pinch,0.611582,0.626148,-0.000000,0.583954,0.585945,-0.005814,0.562289,0.540294,-0.012896,0.548611,0.504850,-0.021653,0.544779,0.467839,-0.028231,0.604217,0.473976,0.004867,0.582447,0.451780,-0.008855,0.564614,0.448059,-0.018217,0.547645,0.447904,-0.023910,0.617521,0.471473,0.000582,0.582457,0.472774,-0.013606,0.584832,0.517303,-0.015859,0.597785,0.523619,-0.014983,0.627953,0.477405,-0.006635,0.589686,0.485196,-0.019951,0.594235,0.525857,-0.013962,0.606817,0.530822,-0.007936,0.634553,0.492505,-0.015236,0.600012,0.497442,-0.025088,0.602884,0.528380,-0.021403,0.614798,0.534602,-0.016545
1780386519.898,right,pinch,0.683843,0.661152,-0.000000,0.660709,0.625473,-0.005047,0.640996,0.578051,-0.011456,0.633025,0.537970,-0.020011,0.634571,0.500356,-0.026592,0.672919,0.520617,0.005139,0.662636,0.494307,-0.008196,0.651116,0.486625,-0.013519,0.639453,0.485198,-0.015427,0.688588,0.521215,0.000593,0.662710,0.518701,-0.013104,0.664177,0.564546,-0.010853,0.674317,0.564754,-0.005783,0.703205,0.527802,-0.007294,0.674899,0.534027,-0.020878,0.677113,0.574692,-0.012385,0.686457,0.573359,-0.003923,0.716036,0.540826,-0.016409,0.688770,0.541967,-0.024599,0.688345,0.570702,-0.019649,0.697453,0.572694,-0.014064
1780386520.414,right,pinch,0.722628,0.660207,-0.000000,0.699690,0.628374,-0.009961,0.681179,0.578681,-0.016824,0.676392,0.531908,-0.024742,0.686187,0.495524,-0.029206,0.709199,0.520045,0.001981,0.693198,0.492073,-0.016296,0.693182,0.531843,-0.023707,0.700081,0.551403,-0.025611,0.726436,0.524216,0.000436,0.706031,0.515704,-0.017813,0.706325,0.564448,-0.018093,0.714850,0.567730,-0.013433,0.742691,0.533475,-0.005224,0.720288,0.536938,-0.023684,0.720288,0.580957,-0.017961,0.729093,0.581843,-0.009153,0.758413,0.547709,-0.012078,0.735195,0.547404,-0.022145,0.733777,0.577201,-0.018649,0.741863,0.580268,-0.012836
1780386520.916,right,pinch,0.737944,0.659418,-0.000000,0.715284,0.628778,-0.009266,0.697954,0.577977,-0.015023,0.695016,0.530686,-0.021925,0.706507,0.498084,-0.025509,0.724626,0.518435,0.002972,0.711999,0.491376,-0.014300,0.709958,0.531264,-0.021024,0.714992,0.550268,-0.022605,0.742126,0.522639,0.001401,0.724485,0.516371,-0.015606,0.722694,0.564684,-0.015258,0.729932,0.567232,-0.010329,0.758847,0.532993,-0.004156,0.739092,0.537067,-0.021366,0.736816,0.579686,-0.015077,0.743825,0.580635,-0.006177,0.774714,0.548683,-0.010925,0.754143,0.550677,-0.020122,0.751196,0.579777,-0.016266,0.758190,0.582717,-0.010348
1780386521.448,right,pinch,0.734280,0.664919,-0.000000,0.710706,0.633836,-0.009965,0.692483,0.584457,-0.016343,0.689184,0.537697,-0.023837,0.700459,0.504333,-0.027924,0.719013,0.526371,0.001704,0.706895,0.498534,-0.015699,0.706184,0.536645,-0.022892,0.711531,0.555060,-0.024802,0.735969,0.530075,0.000337,0.719471,0.529986,-0.017101,0.719602,0.574099,-0.017943,0.726884,0.571826,-0.014072,0.752328,0.540216,-0.004940,0.733958,0.546463,-0.022350,0.733107,0.585934,-0.016765,0.740528,0.583289,-0.008463,0.768012,0.554878,-0.011482,0.749161,0.556093,-0.020821,0.746711,0.583270,-0.017089,0.753726,0.584629,-0.011234
1780386521.970,right,pinch,0.623776,0.524223,-0.000000,0.593734,0.491696,-0.003058,0.570177,0.445239,-0.007309,0.558267,0.410132,-0.013756,0.551638,0.374720,-0.018684,0.602715,0.382530,0.006125,0.588537,0.354631,-0.005543,0.573421,0.349921,-0.012470,0.558982,0.349148,-0.016218,0.617678,0.378716,0.001211,0.590889,0.380983,-0.011428,0.594821,0.423566,-0.012278,0.605186,0.429473,-0.010526,0.631854,0.381024,-0.006398,0.600849,0.388721,-0.018434,0.606638,0.428620,-0.012005,0.617402,0.433193,-0.005739,0.645343,0.390825,-0.015042,0.615430,0.391785,-0.022354,0.616959,0.422646,-0.017289,0.626100,0.430258,-0.011923
1780386522.507,right,pinch,0.423690,0.343029,-0.000000,0.384527,0.331179,-0.002583,0.351549,0.307130,-0.008240,0.328193,0.284718,-0.016675,0.310285,0.254963,-0.023845,0.376113,0.217692,0.008704,0.348129,0.205736,-0.003937,0.327529,0.214080,-0.012900,0.312804,0.228091,-0.018120,0.385414,0.203246,0.003171,0.353439,0.222599,-0.011312,0.364248,0.261415,-0.014185,0.377557,0.264384,-0.013152,0.393923,0.195982,-0.005081,0.359579,0.223447,-0.019772,0.372469,0.260146,-0.014903,0.386440,0.259744,-0.008530,0.401994,0.197762,-0.014093,0.369071,0.223656,-0.024481,0.378100,0.254076,-0.020627,0.391613,0.255878,-0.015243
1780386523.012,right,pinch,0.294796,0.285385,-0.000000,0.260338,0.294609,-0.001454,0.223874,0.277480,-0.004125,0.198140,0.262099,-0.009878,0.176722,0.236740,-0.014386,0.238966,0.182523,0.018656,0.211455,0.190068,0.007983,0.190919,0.203006,-0.000245,0.174093,0.215843,-0.005428,0.245288,0.165049,0.012182,0.212613,0.195707,-0.003529,0.231005,0.233466,-0.007645,0.247914,0.232307,-0.005780,0.250364,0.154418,0.002475,0.217542,0.194715,-0.014384,0.237715,0.227757,-0.011840,0.254825,0.218613,-0.005518,0.254208,0.151017,-0.007918,0.222591,0.186579,-0.019617,0.236997,0.217048,-0.017144,0.252679,0.213380,-0.012161
1780386523.526,right,pinch,0.279902,0.223962,-0.000000,0.249802,0.238178,-0.002475,0.217864,0.228361,-0.003379,0.195087,0.210640,-0.006889,0.176985,0.184926,-0.009381,0.230083,0.154649,0.016696,0.207470,0.153444,0.010300,0.197015,0.161920,0.005183,0.190050,0.165301,0.001264,0.234226,0.136232,0.012200,0.209100,0.155803,-0.000908,0.226304,0.181986,-0.005422,0.241714,0.180109,-0.004651,0.238470,0.119325,0.005101,0.213057,0.147467,-0.008644,0.231182,0.171660,-0.007210,0.245984,0.165574,-0.002403,0.243693,0.103632,-0.002762,0.218938,0.131399,-0.012505,0.230202,0.154353,-0.011178,0.243447,0.151668,-0.007627
1780386524.037,right,pinch,0.295695,0.216905,-0.000000,0.264704,0.238163,0.005559,0.237864,0.232822,0.009401,0.218779,0.217495,0.008905,0.201681,0.197987,0.008530,0.247787,0.175752,0.027943,0.225726,0.174211,0.027475,0.208008,0.176829,0.025196,0.193618,0.178109,0.022427,0.251614,0.153046,0.020659,0.229189,0.166687,0.013078,0.244094,0.185856,0.008890,0.257971,0.183024,0.009161,0.255504,0.133097,0.011482,0.231956,0.154408,0.003129,0.248339,0.173527,0.004087,0.262299,0.167243,0.007524,0.259677,0.114898,0.002162,0.234904,0.139704,-0.003027,0.244741,0.159403,-0.000755,0.256785,0.156121,0.002508
1780386524.553,right,pinch,0.206248,0.163075,-0.000000,0.177258,0.178702,-0.000581,0.144617,0.172430,0.002172,0.123415,0.156661,0.001796,0.107822,0.132065,0.001613,0.150362,0.113064,0.023720,0.133572,0.105098,0.023776,0.117325,0.106569,0.021462,0.104332,0.109688,0.019139,0.155992,0.091178,0.019837,0.133767,0.090167,0.016318,0.134390,0.109034,0.012803,0.139539,0.121548,0.012701,0.163268,0.070321,0.013548,0.139407,0.079079,0.005033,0.151103,0.105521,0.004158,0.166107,0.120079,0.007356,0.171394,0.048339,0.006848,0.147352,0.060917,-0.000227,0.153346,0.083450,0.000507,0.166133,0.096476,0.003534
1780386525.060,right,pinch,0.154269,0.114204,-0.000000,0.129962,0.140041,0.002304,0.097926,0.134453,0.005664,0.074423,0.115978,0.004751,0.056735,0.091644,0.003569,0.103345,0.079342,0.027832,0.083191,0.064548,0.028008,0.063294,0.064283,0.027047,0.047388,0.064242,0.026014,0.105304,0.055890,0.022829,0.081314,0.052816,0.017365,0.080349,0.071054,0.013615,0.083832,0.077604,0.014488,0.109422,0.033306,0.015518,0.086157,0.043521,0.004599,0.100446,0.069224,0.001792,0.117572,0.076966,0.004899,0.114013,0.009418,0.008408,0.091541,0.023994,0.001040,0.100941,0.048903,0.001272,0.116968,0.058187,0.004280
1780386525.609,right,pinch,0.160402,0.145396,-0.000000,0.136663,0.161699,0.001819,0.106719,0.153222,0.002916,0.084078,0.139525,-0.000181,0.067212,0.114160,-0.003411,0.108295,0.082422,0.024176,0.088702,0.074695,0.019887,0.068232,0.081010,0.015291,0.052439,0.086863,0.011726,0.111181,0.059228,0.017650,0.087637,0.072064,0.006963,0.095866,0.099688,0.001033,0.108196,0.110955,0.001104,0.115910,0.039136,0.008853,0.092199,0.062416,-0.005095,0.107675,0.093192,-0.006816,0.125251,0.101928,-0.002875,0.122637,0.019813,0.000044,0.098006,0.046648,-0.009786,0.108346,0.075975,-0.008969,0.124400,0.087235,-0.005054
1780386526.156,right,pinch,0.151526,0.197588,-0.000000,0.122106,0.216768,0.005056,0.091831,0.199359,0.005950,0.068163,0.186357,0.002596,0.048924,0.165054,-0.000473,0.107559,0.099696,0.025456,0.080112,0.110933,0.021467,0.057824,0.124039,0.016244,0.040716,0.135328,0.011924,0.111112,0.078236,0.016737,0.075294,0.115237,0.006533,0.088645,0.150254,0.001664,0.106281,0.160608,0.002075,0.111381,0.067074,0.005979,0.076030,0.113857,-0.006372,0.092784,0.147086,-0.007473,0.111669,0.150838,-0.004538,0.108017,0.063826,-0.004867,0.077978,0.110597,-0.015200,0.089908,0.142042,-0.015840,0.105830,0.150131,-0.013428
1780386526.683,right,pinch,0.135257,0.231796,-0.000000,0.104517,0.246468,-0.000007,0.074888,0.229998,-0.002217,0.050706,0.214472,-0.007062,0.030120,0.191440,-0.010871,0.096849,0.113587,0.016359,0.065598,0.139040,0.006442,0.053536,0.164845,-0.004247,0.047348,0.185600,-0.010935,0.095726,0.099376,0.010130,0.059865,0.145146,-0.002593,0.070672,0.182467,-0.010606,0.086809,0.197416,-0.013127,0.091484,0.095567,0.001781,0.055930,0.148961,-0.011315,0.072251,0.183197,-0.013085,0.090978,0.189432,-0.011118,0.084799,0.100813,-0.007220,0.056059,0.150069,-0.018640,0.069126,0.180528,-0.019664,0.085778,0.186527,-0.017188
1780386527.221,right,pinch,0.121820,0.273220,-0.000000,0.092061,0.292733,-0.004232,0.063731,0.277315,-0.007855,0.038464,0.266704,-0.012785,0.017638,0.248805,-0.016356,0.098969,0.155628,0.009490,0.068061,0.185372,0.000301,0.057225,0.206519,-0.011019,0.052087,0.219810,-0.018686,0.091253,0.140146,0.005759,0.059341,0.187498,-0.004399,0.065869,0.223592,-0.012368,0.078590,0.238922,-0.016253,0.080176,0.139460,0.000135,0.045939,0.193111,-0.010674,0.057140,0.230454,-0.013707,0.072981,0.242497,-0.013812,0.066081,0.149040,-0.006577,0.037449,0.198769,-0.017946,0.046347,0.230088,-0.020987,0.060936,0.240575,-0.020514
1780386527.769,right,pinch,0.119305,0.313558,-0.000000,0.092477,0.324958,-0.008611,0.064847,0.309782,-0.015530,0.040004,0.303869,-0.022708,0.019960,0.289955,-0.028013,0.106306,0.192863,0.000701,0.074140,0.232331,-0.015647,0.065477,0.254597,-0.031507,0.064181,0.265251,-0.041610,0.094380,0.178462,-0.001869,0.058218,0.236237,-0.018381,0.065199,0.271246,-0.028477,0.079292,0.281162,-0.033478,0.078772,0.177706,-0.006756,0.042830,0.236857,-0.020904,0.055438,0.271440,-0.023657,0.072158,0.276154,-0.023616,0.062020,0.186412,-0.013239,0.034221,0.237990,-0.026451,0.043789,0.267662,-0.029928,0.058532,0.270626,-0.029709
1780386528.280,right,pinch,0.122128,0.338608,-0.000000,0.100997,0.356996,-0.012923,0.075169,0.350790,-0.022756,0.050381,0.350674,-0.031815,0.031011,0.347636,-0.038998,0.100415,0.222359,-0.005830,0.073996,0.267831,-0.022927,0.071684,0.292947,-0.039209,0.075649,0.302299,-0.049881,0.087017,0.208414,-0.006487,0.056389,0.268571,-0.023111,0.065323,0.299448,-0.033135,0.079844,0.303410,-0.038421,0.071555,0.210859,-0.009508,0.039213,0.270649,-0.023852,0.052873,0.302352,-0.026029,0.069178,0.303124,-0.025816,0.055424,0.223839,-0.014443,0.031635,0.278448,-0.027845,0.042181,0.304518,-0.031292,0.056128,0.303030,-0.031161
1780386528.834,right,pinch,0.127055,0.390437,-0.000000,0.111921,0.405806,-0.018306,0.089096,0.402921,-0.030080,0.062250,0.406198,-0.038942,0.041494,0.410044,-0.045489,0.092363,0.286240,-0.015409,0.062183,0.337095,-0.030143,0.068178,0.364634,-0.042414,0.078689,0.370595,-0.050112,0.085009,0.274229,-0.011573,0.052008,0.327541,-0.025713,0.060906,0.356760,-0.032661,0.072989,0.362845,-0.035910,0.075362,0.279120,-0.009604,0.041541,0.328482,-0.021953,0.052988,0.356421,-0.022280,0.065892,0.358624,-0.020976,0.063287,0.295988,-0.009483,0.038832,0.342658,-0.021617,0.048507,0.364493,-0.023726,0.060263,0.362980,-0.022451
1780386529.339,right,pinch,0.139818,0.417496,-0.000000,0.117733,0.430780,-0.008864,0.092162,0.423496,-0.016228,0.065412,0.425537,-0.023389,0.044926,0.423960,-0.028296,0.109873,0.299551,-0.001285,0.077749,0.348570,-0.014864,0.080528,0.373800,-0.027775,0.087755,0.379617,-0.036391,0.098805,0.287715,-0.003448,0.064215,0.352209,-0.016494,0.074759,0.379757,-0.024416,0.087842,0.381919,-0.028703,0.086008,0.292801,-0.007570,0.051156,0.355836,-0.019737,0.065806,0.382611,-0.021645,0.080082,0.381206,-0.021622,0.072052,0.309131,-0.013215,0.047414,0.367697,-0.026142,0.057339,0.390930,-0.030267,0.068673,0.388717,-0.030638
1780386529.871,right,pinch,0.148616,0.460199,-0.000000,0.124439,0.480422,-0.013087,0.097794,0.475527,-0.021819,0.071438,0.474647,-0.029144,0.050285,0.470583,-0.034085,0.110829,0.353709,-0.007046,0.080185,0.405934,-0.019678,0.084163,0.432613,-0.031631,0.092042,0.439501,-0.039331,0.103094,0.342396,-0.006202,0.069484,0.401900,-0.018463,0.079104,0.427662,-0.025763,0.091578,0.431498,-0.029677,0.092486,0.346683,-0.007196,0.058500,0.403803,-0.018681,0.071200,0.427831,-0.020971,0.084834,0.428002,-0.021211,0.079019,0.362293,-0.009780,0.052858,0.413888,-0.021887,0.060983,0.434676,-0.025657,0.071905,0.433610,-0.025824
1780386530.380,right,pinch,0.158337,0.501143,-0.000000,0.139324,0.510205,-0.011500,0.111725,0.502087,-0.019138,0.083524,0.504010,-0.025590,0.060605,0.505995,-0.030114,0.126105,0.382074,-0.007333,0.096847,0.431629,-0.020779,0.095590,0.462402,-0.033154,0.101320,0.477328,-0.040600,0.114811,0.372413,-0.006957,0.084474,0.436698,-0.019171,0.092344,0.467974,-0.026685,0.105179,0.477974,-0.030575,0.102174,0.380910,-0.008222,0.070037,0.443259,-0.021705,0.082518,0.473822,-0.025903,0.097708,0.481208,-0.026559,0.087366,0.401148,-0.010605,0.058937,0.452935,-0.024636,0.063282,0.478105,-0.029301,0.071844,0.484874,-0.029487
1780386530.903,right,pinch,0.170420,0.533224,-0.000000,0.145979,0.546302,-0.006312,0.115991,0.537493,-0.012114,0.090051,0.537026,-0.018241,0.067896,0.536018,-0.022813,0.135068,0.416093,-0.000668,0.106447,0.459724,-0.013663,0.100575,0.488668,-0.026928,0.100725,0.507311,-0.035422,0.125623,0.406519,-0.003541,0.095145,0.469240,-0.016883,0.105230,0.499735,-0.025442,0.119394,0.509545,-0.029786,0.114012,0.413745,-0.007987,0.081039,0.477178,-0.021848,0.096491,0.505233,-0.025905,0.113154,0.509271,-0.026381,0.099775,0.431571,-0.013294,0.070992,0.486732,-0.027608,0.079454,0.510520,-0.032254,0.091377,0.513058,-0.032502
1780386531.449,right,pinch,0.183003,0.552571,-0.000000,0.163820,0.556690,-0.006530,0.136380,0.545936,-0.011618,0.109063,0.549464,-0.017216,0.087213,0.557958,-0.021129,0.142593,0.430564,0.001499,0.113400,0.476203,-0.009647,0.112547,0.506866,-0.020929,0.118889,0.526445,-0.027187,0.132187,0.428398,-0.000612,0.103811,0.485647,-0.011412,0.111934,0.516758,-0.019540,0.123912,0.532019,-0.023253,0.121501,0.442162,-0.004271,0.091914,0.499515,-0.016765,0.103634,0.532617,-0.021942,0.117520,0.545381,-0.022548,0.109702,0.465771,-0.008637,0.079288,0.505618,-0.019578,0.072217,0.527472,-0.023358,0.069010,0.536934,-0.023285
1780386531.976,right,pinch,0.190735,0.551971,-0.000000,0.168314,0.523692,-0.001043,0.142211,0.504971,-0.005052,0.117522,0.508310,-0.010665,0.097176,0.513660,-0.015713,0.134111,0.428088,0.003894,0.100707,0.478361,-0.007029,0.084094,0.515633,-0.017561,0.075478,0.539174,-0.024554,0.122873,0.436478,-0.001038,0.097094,0.511333,-0.014021,0.111958,0.541703,-0.021697,0.127805,0.547508,-0.025171,0.113934,0.460113,-0.006822,0.090716,0.534528,-0.019855,0.112243,0.558569,-0.021932,0.130853,0.556956,-0.021087,0.106677,0.490828,-0.012891,0.086664,0.546260,-0.025788,0.100730,0.565062,-0.027996,0.113601,0.562950,-0.026481
1780386532.503,right,pinch,0.201199,0.600410,-0.000000,0.172251,0.609979,-0.000352,0.142027,0.601789,-0.004178,0.118183,0.611402,-0.009762,0.097932,0.623539,-0.014885,0.137502,0.488673,0.004470,0.103220,0.540390,-0.005101,0.082671,0.580159,-0.015413,0.070744,0.608552,-0.022616,0.129901,0.493408,-0.001035,0.104341,0.570795,-0.012535,0.119721,0.599019,-0.019918,0.136618,0.603681,-0.023763,0.124299,0.515070,-0.007300,0.101594,0.593887,-0.019197,0.122639,0.615704,-0.021171,0.141251,0.613347,-0.020729,0.119661,0.545344,-0.013930,0.101144,0.601422,-0.024793,0.116152,0.619685,-0.026049,0.131260,0.618774,-0.024604
1780386533.023,right,pinch,0.221976,0.643951,-0.000000,0.194555,0.640427,-0.004758,0.163965,0.628529,-0.010907,0.138795,0.636913,-0.017651,0.119996,0.650130,-0.023965,0.158764,0.529378,-0.003857,0.124313,0.582543,-0.015701,0.105812,0.621441,-0.027228,0.095722,0.649341,-0.034917,0.149757,0.540259,-0.006747,0.123604,0.611508,-0.019891,0.138104,0.641679,-0.027727,0.154912,0.651997,-0.031674,0.143277,0.566715,-0.010373,0.120912,0.636002,-0.023590,0.140545,0.660969,-0.025887,0.159800,0.668060,-0.025199,0.138713,0.601396,-0.014523,0.121404,0.650025,-0.027275,0.130305,0.670510,-0.030020,0.140577,0.677780,-0.029173
1780386533.566,right,pinch,0.266118,0.689447,-0.000000,0.247955,0.652500,-0.001133,0.221682,0.635088,-0.004551,0.197754,0.648355,-0.009027,0.181391,0.667130,-0.013320,0.208941,0.584063,0.000492,0.183608,0.630099,-0.008889,0.175689,0.663532,-0.017550,0.175487,0.684619,-0.022783,0.196997,0.601189,-0.002649,0.177694,0.658405,-0.012740,0.188733,0.684330,-0.019237,0.203499,0.694552,-0.022179,0.189144,0.629990,-0.006263,0.172772,0.686214,-0.017907,0.189759,0.710873,-0.022147,0.207107,0.719132,-0.022481,0.184166,0.663242,-0.009674,0.171594,0.705971,-0.021544,0.179214,0.725303,-0.025715,0.186604,0.734266,-0.025810
1780386534.106,right,pinch,0.316845,0.742131,-0.000000,0.292973,0.714678,0.000003,0.264596,0.699691,-0.004861,0.241673,0.715657,-0.011148,0.225511,0.738768,-0.018271,0.256578,0.638355,-0.003491,0.222156,0.691389,-0.014483,0.204494,0.729862,-0.024847,0.193558,0.756144,-0.031597,0.249264,0.656596,-0.008132,0.219267,0.708620,-0.019524,0.229392,0.740005,-0.025596,0.243084,0.755921,-0.028327,0.243924,0.685504,-0.012742,0.218347,0.736351,-0.023238,0.235246,0.762235,-0.023991,0.252900,0.771395,-0.022593,0.240931,0.720981,-0.017390,0.224991,0.759908,-0.027623,0.236275,0.775579,-0.028576,0.248628,0.780294,-0.026817
1780386534.652,right,pinch,0.374291,0.804749,-0.000000,0.344993,0.795072,0.001515,0.311409,0.792025,-0.003945,0.283124,0.822448,-0.010292,0.264092,0.856517,-0.016788,0.305604,0.708407,-0.007315,0.271546,0.759035,-0.015144,0.257208,0.798551,-0.022049,0.248888,0.828822,-0.026873,0.303693,0.729924,-0.013368,0.266726,0.770204,-0.019377,0.256869,0.804166,-0.023612,0.250945,0.831426,-0.027834,0.304044,0.761369,-0.018672,0.273314,0.808037,-0.024487,0.286379,0.823432,-0.023855,0.298909,0.826880,-0.024017,0.304844,0.801133,-0.023837,0.277479,0.839103,-0.029445,0.272566,0.855884,-0.029309,0.268666,0.862422,-0.029300
1780386535.169,right,pinch,0.445176,0.828487,-0.000000,0.404063,0.843939,0.003314,0.365317,0.844655,-0.003216,0.337966,0.854351,-0.011906,0.314106,0.869122,-0.019915,0.369570,0.720733,-0.005384,0.330299,0.770411,-0.015834,0.317054,0.810174,-0.024741,0.308803,0.840037,-0.031112,0.376262,0.730527,-0.013840,0.338312,0.800540,-0.024601,0.356597,0.824988,-0.027118,0.370778,0.826362,-0.029453,0.381326,0.758082,-0.022322,0.344814,0.823521,-0.030796,0.364784,0.836860,-0.025946,0.380981,0.832818,-0.023461,0.385392,0.796685,-0.030930,0.349582,0.838344,-0.038642,0.341255,0.854277,-0.037640,0.334694,0.859685,-0.037012
1780386535.700,right,pinch,0.538916,0.735268,-0.000000,0.496136,0.717216,-0.002736,0.466298,0.682776,-0.008361,0.446653,0.664613,-0.015722,0.428789,0.647109,-0.021136,0.498762,0.582002,0.000000,0.460183,0.591137,-0.013066,0.440306,0.616271,-0.022546,0.426942,0.641414,-0.028679,0.508013,0.582673,-0.006098,0.467136,0.619382,-0.018442,0.480023,0.647897,-0.020840,0.494530,0.644691,-0.021962,0.514350,0.597756,-0.014238,0.473480,0.643282,-0.024025,0.488286,0.667149,-0.018230,0.501925,0.657968,-0.014494,0.517260,0.623862,-0.023682,0.485578,0.661248,-0.031750,0.496364,0.679779,-0.028620,0.508496,0.673625,-0.025400
1780386536.215,right,pinch,0.531547,0.734320,-0.000000,0.486538,0.700579,-0.009074,0.442598,0.635622,-0.021029,0.416392,0.588561,-0.035444,0.402821,0.537800,-0.046063,0.498322,0.497816,0.004340,0.454527,0.481292,-0.022827,0.429593,0.484332,-0.039283,0.407487,0.491383,-0.048121,0.518488,0.490322,-0.004256,0.457697,0.503056,-0.030256,0.471905,0.579411,-0.030560,0.493201,0.584426,-0.024993,0.536300,0.497319,-0.018231,0.472512,0.529314,-0.041475,0.489500,0.597214,-0.028030,0.511174,0.594991,-0.014747,0.548773,0.521005,-0.034657,0.494683,0.545475,-0.050907,0.503699,0.595446,-0.043479,0.522366,0.597589,-0.034200
1780386536.728,right,pinch,0.517667,0.792376,-0.000001,0.457930,0.729520,-0.010857,0.405805,0.639906,-0.028065,0.370033,0.577072,-0.049198,0.348552,0.501069,-0.065257,0.484856,0.467215,0.004141,0.431658,0.430336,-0.028455,0.395035,0.438307,-0.048838,0.362535,0.453151,-0.060387,0.513586,0.462722,-0.008274,0.431553,0.487930,-0.040905,0.447382,0.581318,-0.044150,0.476089,0.589963,-0.040623,0.535667,0.480688,-0.026942,0.448703,0.526142,-0.054866,0.468465,0.607633,-0.039732,0.496839,0.603384,-0.025640,0.549576,0.517739,-0.048852,0.476671,0.549524,-0.067584,0.486525,0.607816,-0.058881,0.510647,0.607792,-0.048650
1780386537.241,right,pinch,0.531752,0.779858,-0.000000,0.475779,0.708213,-0.011847,0.433330,0.624365,-0.029709,0.403730,0.564004,-0.051187,0.381750,0.496615,-0.067855,0.510829,0.475181,0.003710,0.459487,0.438849,-0.026808,0.425793,0.437391,-0.044725,0.395639,0.438498,-0.054642,0.534654,0.471049,-0.006316,0.455874,0.482228,-0.036306,0.468395,0.571680,-0.036523,0.495483,0.574275,-0.031322,0.552633,0.486142,-0.022480,0.470267,0.514136,-0.047680,0.485088,0.594149,-0.030704,0.510423,0.592377,-0.015972,0.562152,0.517965,-0.041975,0.493884,0.541279,-0.058030,0.502298,0.596440,-0.048535,0.525177,0.597845,-0.038354
1780386537.755,right,pinch,0.547457,0.762908,-0.000000,0.500072,0.692000,-0.003788,0.469199,0.612833,-0.012498,0.447074,0.564158,-0.025448,0.430077,0.517057,-0.034991,0.533743,0.503070,0.011546,0.494051,0.462327,-0.009709,0.467151,0.457787,-0.021967,0.442562,0.459798,-0.028842,0.554038,0.501135,0.000898,0.490971,0.499436,-0.023440,0.496284,0.577436,-0.025360,0.516751,0.588571,-0.021682,0.569853,0.513175,-0.014136,0.501950,0.524289,-0.036191,0.510435,0.597224,-0.024560,0.531123,0.603173,-0.012828,0.578959,0.539128,-0.031171,0.522191,0.547229,-0.045048,0.526102,0.598075,-0.037439,0.544403,0.603471,-0.028758
1780386538.261,right,pinch,0.583983,0.761699,-0.000000,0.542440,0.697071,-0.008441,0.511778,0.623902,-0.020041,0.490776,0.569383,-0.034232,0.482640,0.512226,-0.044579,0.577039,0.520063,0.007092,0.542185,0.483650,-0.012532,0.516179,0.475722,-0.022641,0.491841,0.473707,-0.028195,0.597930,0.520227,-0.000478,0.539984,0.518358,-0.021343,0.543751,0.591582,-0.020983,0.563135,0.599206,-0.016664,0.614323,0.533916,-0.012712,0.552896,0.550171,-0.031260,0.559313,0.615423,-0.019089,0.578194,0.615085,-0.008353,0.624160,0.560611,-0.027244,0.570839,0.567583,-0.039400,0.573048,0.615762,-0.032105,0.589939,0.620191,-0.024355
1780386538.789,right,pinch,0.649922,0.765295,-0.000000,0.611897,0.703570,-0.005534,0.584280,0.628793,-0.014812,0.568425,0.570521,-0.027509,0.569876,0.518664,-0.037258,0.640397,0.545900,0.011068,0.617606,0.506212,-0.006653,0.596056,0.491520,-0.014842,0.574965,0.488947,-0.018823,0.661488,0.546530,0.003574,0.616305,0.542037,-0.015215,0.618663,0.608529,-0.013493,0.637060,0.613497,-0.007812,0.679576,0.558205,-0.008470,0.629343,0.567000,-0.026630,0.633915,0.626922,-0.015264,0.651588,0.627037,-0.004347,0.692365,0.580412,-0.022292,0.645265,0.582045,-0.034038,0.647554,0.625988,-0.027239,0.664569,0.629543,-0.019637
1780386539.298,right,pinch,0.709630,0.758352,-0.000000,0.679605,0.707747,-0.005428,0.654059,0.638614,-0.013727,0.641918,0.579974,-0.025644,0.652533,0.535440,-0.035211,0.691880,0.562730,0.011217,0.677077,0.530962,-0.006074,0.668447,0.522149,-0.011539,0.663250,0.512627,-0.012781,0.712725,0.565655,0.004689,0.681654,0.556875,-0.013703,0.682566,0.619136,-0.009071,0.696513,0.618181,-0.000025,0.733217,0.577784,-0.006500,0.699122,0.582117,-0.025678,0.700257,0.638068,-0.014475,0.713602,0.636149,-0.001979,0.751621,0.598017,-0.019053,0.719484,0.594468,-0.028430,0.717760,0.633875,-0.021291,0.730339,0.637959,-0.013229
1780386539.803,right,pinch,0.752069,0.748958,-0.000000,0.722963,0.705095,-0.010651,0.701356,0.636824,-0.017353,0.698164,0.578507,-0.025532,0.714637,0.541939,-0.029121,0.739987,0.563067,0.003393,0.717441,0.532581,-0.018134,0.717091,0.587688,-0.026225,0.727263,0.599024,-0.028840,0.760613,0.570916,0.000049,0.734091,0.555652,-0.023261,0.733314,0.615818,-0.022891,0.744809,0.614762,-0.016412,0.779619,0.585580,-0.008083,0.751054,0.585206,-0.030728,0.747970,0.640700,-0.021929,0.758551,0.638486,-0.009851,0.797560,0.606117,-0.017786,0.769145,0.605855,-0.029654,0.766661,0.640649,-0.024461,0.777139,0.641165,-0.016705
1780386540.314,right,pinch,0.752780,0.745348,-0.000000,0.722995,0.702107,-0.010077,0.699662,0.633899,-0.016659,0.695916,0.575707,-0.024670,0.712467,0.541922,-0.028405,0.742097,0.557989,0.005138,0.722177,0.534003,-0.015845,0.722670,0.577149,-0.024510,0.729323,0.589877,-0.027255,0.762550,0.564123,0.001668,0.733566,0.557200,-0.020398,0.734160,0.615318,-0.020203,0.744926,0.614505,-0.014025,0.781000,0.577996,-0.006676,0.750273,0.584330,-0.028992,0.749503,0.638111,-0.020850,0.759788,0.635778,-0.009238,0.797594,0.599317,-0.016528,0.768137,0.601520,-0.028761,0.766286,0.637938,-0.023740,0.775944,0.638869,-0.016024
1780386540.837,right,pinch,0.732542,0.744664,-0.000000,0.704231,0.696944,-0.005796,0.683651,0.628339,-0.013181,0.679372,0.570956,-0.024122,0.692135,0.530426,-0.032865,0.725333,0.568062,0.011872,0.713938,0.532540,-0.005584,0.708353,0.526701,-0.011403,0.706633,0.524792,-0.012380,0.744876,0.573787,0.006065,0.718319,0.556137,-0.012733,0.714765,0.612767,-0.009613,0.727375,0.614286,-0.001262,0.763535,0.586442,-0.004507,0.733660,0.580682,-0.024601,0.729989,0.634204,-0.014901,0.741818,0.637297,-0.002627,0.780552,0.606284,-0.016358,0.750853,0.597046,-0.027640,0.747227,0.633119,-0.022104,0.758868,0.639735,-0.014522
1780386541.358,right,pinch,0.682807,0.759391,-0.000000,0.658305,0.704495,-0.005182,0.640415,0.629623,-0.012601,0.634887,0.571294,-0.023349,0.644101,0.526802,-0.032093,0.695899,0.577586,0.012345,0.683261,0.541760,-0.003185,0.668659,0.520383,-0.010365,0.654028,0.507222,-0.014013,0.715243,0.582823,0.005529,0.679428,0.559389,-0.011183,0.673998,0.620631,-0.008179,0.689573,0.630952,-0.001287,0.732044,0.597471,-0.005772,0.691301,0.583770,-0.023609,0.687362,0.639508,-0.013169,0.702226,0.646628,-0.002072,0.744762,0.620736,-0.018538,0.706421,0.603402,-0.029906,0.702680,0.641397,-0.024058,0.716828,0.652081,-0.017075
1780386541.861,right,pinch,0.652195,0.768654,-0.000000,0.630455,0.694518,-0.007440,0.618327,0.614665,-0.016425,0.613581,0.554627,-0.027554,0.623046,0.506076,-0.035605,0.687224,0.577431,0.005896,0.669088,0.530910,-0.011809,0.651225,0.508772,-0.019294,0.633159,0.493399,-0.022936,0.705098,0.589098,-0.000046,0.661807,0.551346,-0.019527,0.650788,0.615970,-0.017224,0.666398,0.633020,-0.011238,0.719047,0.608589,-0.010339,0.669201,0.580017,-0.029967,0.662295,0.641623,-0.018936,0.679115,0.653958,-0.008064,0.727120,0.635450,-0.022249,0.683266,0.604503,-0.036397,0.676620,0.647270,-0.031078,0.691392,0.662702,-0.024375
1780386542.364,right,pinch,0.707337,0.758417,-0.000000,0.688060,0.684566,0.000136,0.679304,0.603146,-0.004149,0.684751,0.542439,-0.013430,0.702143,0.497457,-0.021933,0.734863,0.585850,0.019919,0.736809,0.542340,0.007119,0.726809,0.508743,0.000641,0.715234,0.486694,-0.003107,0.752567,0.598782,0.010124,0.731331,0.548229,-0.006075,0.714361,0.601830,-0.004908,0.726320,0.627571,0.000924,0.769057,0.620677,-0.003761,0.741880,0.579743,-0.021787,0.726035,0.631912,-0.013091,0.738996,0.651250,-0.002952,0.784478,0.650067,-0.018457,0.759329,0.605435,-0.029192,0.744494,0.639349,-0.022808,0.754265,0.661323,-0.015873
1780386542.868,right,pinch,0.775425,0.739935,-0.000000,0.751927,0.675690,-0.007442,0.740320,0.597836,-0.012894,0.748863,0.535141,-0.021383,0.771192,0.496976,-0.026404,0.782510,0.567545,0.009876,0.778678,0.519261,-0.010394,0.768622,0.560021,-0.017077,0.774317,0.575632,-0.018069,0.801409,0.584792,0.005428,0.791844,0.543361,-0.016936,0.778301,0.600403,-0.015608,0.789095,0.607796,-0.007706,0.820401,0.604108,-0.004004,0.805350,0.571618,-0.026499,0.790977,0.625021,-0.017350,0.801126,0.632532,-0.004220,0.840431,0.627593,-0.014559,0.825414,0.592722,-0.024238,0.813437,0.623986,-0.016881,0.821134,0.636687,-0.007848
1780386543.393,right,pinch,0.795253,0.710312,-0.000000,0.772447,0.663293,-0.013683,0.756980,0.594684,-0.021102,0.761627,0.534624,-0.029644,0.782481,0.496616,-0.033757,0.790876,0.543906,0.002832,0.782673,0.505710,-0.016934,0.777885,0.554117,-0.022109,0.785078,0.564756,-0.022135,0.810813,0.557531,0.001961,0.799608,0.535789,-0.019568,0.791722,0.594297,-0.016992,0.801439,0.589811,-0.008603,0.829597,0.574776,-0.004091,0.815501,0.562129,-0.026505,0.806009,0.612589,-0.017256,0.815717,0.608700,-0.004274,0.848751,0.595152,-0.011689,0.834269,0.578056,-0.021996,0.825245,0.608679,-0.015597,0.832424,0.613095,-0.007073
1780386543.900,right,pinch,0.791520,0.702097,-0.000000,0.768344,0.664918,-0.014666,0.751693,0.609019,-0.023568,0.751385,0.561096,-0.032171,0.770281,0.535155,-0.036417,0.790656,0.528583,-0.002386,0.772707,0.514106,-0.023436,0.768025,0.564411,-0.033955,0.774236,0.578193,-0.038690,0.811399,0.536443,-0.003230,0.787290,0.542316,-0.024280,0.782522,0.596409,-0.026502,0.791160,0.597416,-0.023018,0.829128,0.556487,-0.008469,0.803889,0.572883,-0.028015,0.797203,0.618240,-0.021401,0.805186,0.614924,-0.012000,0.845243,0.583948,-0.015674,0.821634,0.593350,-0.025550,0.814942,0.623233,-0.021170,0.821186,0.623147,-0.014541
1780386544.414,right,pinch,0.787187,0.706859,-0.000000,0.765453,0.674099,-0.017319,0.748272,0.624180,-0.029701,0.743486,0.577839,-0.041618,0.759503,0.550790,-0.049269,0.781682,0.537988,-0.005514,0.765603,0.526545,-0.027963,0.762694,0.572139,-0.038466,0.768236,0.586750,-0.042473,0.803292,0.542140,-0.004963,0.779296,0.555638,-0.025171,0.775706,0.608318,-0.026023,0.783467,0.604473,-0.021480,0.822416,0.560523,-0.009151,0.796897,0.583077,-0.027687,0.791701,0.627470,-0.020923,0.799062,0.622822,-0.011730,0.838802,0.586131,-0.015619,0.814566,0.604029,-0.025416,0.808946,0.633270,-0.022058,0.815157,0.631845,-0.016195
1780386544.924,right,pinch,0.779080,0.703518,-0.000000,0.755986,0.670789,-0.018219,0.736878,0.620525,-0.029949,0.730094,0.576091,-0.040422,0.746003,0.553365,-0.046192,0.774483,0.533269,-0.008591,0.755876,0.521074,-0.029762,0.751559,0.566802,-0.039122,0.756527,0.580861,-0.043032,0.795907,0.538588,-0.007629,0.767762,0.553449,-0.028592,0.765196,0.606485,-0.029605,0.774094,0.604696,-0.025471,0.814062,0.557476,-0.011109,0.785576,0.581309,-0.029640,0.781546,0.625270,-0.022117,0.789308,0.620740,-0.012680,0.829370,0.583975,-0.017015,0.803420,0.601982,-0.026949,0.798135,0.630754,-0.023214,0.803957,0.628223,-0.017162
1780386545.442,right,pinch,0.739205,0.674562,-0.000000,0.714901,0.640656,-0.008535,0.693047,0.590912,-0.015908,0.684108,0.546828,-0.024890,0.689921,0.509942,-0.031547,0.725763,0.520575,0.004605,0.710288,0.503997,-0.011638,0.703316,0.506291,-0.018354,0.698726,0.502806,-0.020673,0.743202,0.520747,0.001355,0.715969,0.523472,-0.016084,0.718002,0.571608,-0.014992,0.728546,0.570415,-0.009425,0.759505,0.529245,-0.005851,0.730324,0.539140,-0.023998,0.732078,0.582799,-0.016381,0.741492,0.581931,-0.006581,0.774013,0.545466,-0.014430,0.746854,0.550105,-0.025085,0.746590,0.580473,-0.020765,0.755732,0.582697,-0.014405
1780386545.956,right,pinch,0.733442,0.663268,-0.000000,0.706886,0.634081,-0.011068,0.684893,0.587546,-0.019271,0.675439,0.545481,-0.027903,0.681902,0.509868,-0.032838,0.717468,0.515838,-0.000527,0.694855,0.499485,-0.019352,0.694669,0.537751,-0.027581,0.700360,0.549950,-0.030326,0.734457,0.517509,-0.002017,0.706853,0.519564,-0.020505,0.710479,0.568943,-0.020393,0.721379,0.567470,-0.015688,0.749898,0.525832,-0.007588,0.721132,0.535099,-0.025809,0.723663,0.580842,-0.018978,0.734009,0.577878,-0.009809,0.763602,0.540634,-0.014581,0.736662,0.544724,-0.025113,0.736889,0.577478,-0.021143,0.746262,0.578574,-0.014887
1780386546.464,right,pinch,0.753846,0.672957,-0.000000,0.729974,0.644005,-0.010310,0.707904,0.596552,-0.019932,0.700005,0.549412,-0.031113,0.707470,0.510920,-0.039296,0.738909,0.527118,-0.000179,0.724201,0.501555,-0.018488,0.719530,0.510785,-0.023817,0.718245,0.515047,-0.024183,0.757114,0.527856,-0.002513,0.732433,0.529833,-0.020523,0.734865,0.581708,-0.016551,0.744163,0.575926,-0.008458,0.774632,0.535556,-0.009147,0.748174,0.548415,-0.026941,0.750201,0.593262,-0.016945,0.759054,0.588285,-0.005613,0.790176,0.549658,-0.017355,0.765429,0.556631,-0.027247,0.765015,0.587153,-0.022212,0.774153,0.586136,-0.015438
1780386546.985,right,pinch,0.773845,0.687736,-0.000000,0.748712,0.654598,-0.016054,0.729959,0.600760,-0.025637,0.724581,0.553370,-0.034773,0.738024,0.520909,-0.039631,0.765767,0.523338,-0.003770,0.744293,0.506756,-0.025132,0.743206,0.557422,-0.035577,0.752226,0.569144,-0.040200,0.785725,0.528866,-0.003692,0.759695,0.534309,-0.025501,0.759127,0.586962,-0.027774,0.769088,0.586627,-0.024173,0.802759,0.544216,-0.008194,0.776115,0.558729,-0.028759,0.774106,0.605343,-0.022827,0.784163,0.602726,-0.013608,0.818117,0.565489,-0.014692,0.792673,0.576016,-0.026297,0.790132,0.607272,-0.023249,0.798749,0.607943,-0.017314
1780386547.513,right,pinch,0.777228,0.686008,-0.000000,0.753138,0.655796,-0.016033,0.734886,0.602110,-0.025347,0.731335,0.554701,-0.033915,0.745766,0.522239,-0.038191,0.770188,0.520279,-0.003308,0.749661,0.510811,-0.023776,0.748562,0.560198,-0.034011,0.757089,0.571371,-0.038763,0.790514,0.524624,-0.002919,0.763454,0.537456,-0.023009,0.762736,0.589471,-0.024879,0.772876,0.587216,-0.021595,0.807448,0.541359,-0.007055,0.780469,0.562431,-0.026258,0.777900,0.608307,-0.020126,0.787675,0.604244,-0.011367,0.821929,0.564789,-0.013283,0.796845,0.581089,-0.024422,0.792903,0.611891,-0.021704,0.800422,0.610983,-0.016283
1780386548.045,right,pinch,0.777387,0.685745,-0.000000,0.753310,0.655253,-0.017059,0.734894,0.601774,-0.027490,0.731179,0.553374,-0.037121,0.745219,0.521795,-0.042417,0.769900,0.522181,-0.003875,0.749504,0.511952,-0.024402,0.748113,0.559395,-0.033827,0.756145,0.572210,-0.037804,0.790391,0.526086,-0.003054,0.763395,0.537862,-0.022921,0.762617,0.590562,-0.023849,0.772735,0.587511,-0.019739,0.807462,0.542331,-0.006945,0.780677,0.563109,-0.026048,0.778396,0.608469,-0.019755,0.787986,0.603933,-0.010901,0.822082,0.564856,-0.013010,0.796997,0.582249,-0.024140,0.793253,0.612512,-0.021731,0.800457,0.610914,-0.016581
1780386548.597,right,pinch,0.775474,0.686484,-0.000000,0.752525,0.656466,-0.015698,0.733950,0.601710,-0.025364,0.730145,0.552659,-0.034539,0.743867,0.521288,-0.039468,0.767127,0.521132,-0.002859,0.747354,0.510922,-0.022205,0.745747,0.557977,-0.030456,0.753613,0.570072,-0.033751,0.787999,0.525008,-0.002431,0.761190,0.537661,-0.021324,0.760188,0.590390,-0.021418,0.770330,0.586281,-0.016769,0.805804,0.541254,-0.006540,0.779010,0.563458,-0.024842,0.776540,0.609232,-0.018332,0.786092,0.604526,-0.009486,0.821027,0.563641,-0.012705,0.795590,0.581608,-0.023392,0.792097,0.612141,-0.020961,0.799689,0.610702,-0.015879
1780386549.112,right,pinch,0.771869,0.683089,-0.000000,0.748448,0.654056,-0.016170,0.729160,0.599733,-0.025446,0.724241,0.551483,-0.034390,0.737582,0.520917,-0.039117,0.761720,0.523789,-0.002887,0.743407,0.508131,-0.022663,0.741331,0.554694,-0.031128,0.748567,0.568062,-0.034270,0.781374,0.527232,-0.002330,0.758480,0.539482,-0.022468,0.757860,0.591161,-0.023295,0.767066,0.586725,-0.018698,0.798783,0.541575,-0.006395,0.775250,0.562221,-0.026056,0.773344,0.606719,-0.019785,0.782461,0.601409,-0.010476,0.814375,0.561564,-0.012457,0.791791,0.576931,-0.023396,0.788314,0.607528,-0.020192,0.795326,0.606743,-0.014229
1780386549.654,right,pinch,0.743087,0.667385,-0.000000,0.718564,0.636266,-0.011509,0.697774,0.588574,-0.019761,0.690205,0.545937,-0.028983,0.697665,0.508118,-0.034509,0.727825,0.515376,0.000226,0.708836,0.496464,-0.019426,0.707369,0.537070,-0.026986,0.712094,0.553282,-0.028650,0.745379,0.517575,-0.001465,0.721030,0.522247,-0.021077,0.722856,0.573100,-0.020858,0.731663,0.568851,-0.015390,0.762318,0.527114,-0.007505,0.737407,0.544346,-0.026842,0.738834,0.588557,-0.019583,0.747299,0.582254,-0.009553,0.777745,0.542803,-0.015012,0.754152,0.552567,-0.024750,0.752993,0.584594,-0.019729,0.760642,0.583742,-0.012685
1780386550.157,right,pinch,0.658928,0.710203,-0.000000,0.628057,0.677507,-0.005920,0.605017,0.633601,-0.012719,0.590473,0.607672,-0.020759,0.580269,0.582789,-0.026376,0.644638,0.553710,0.000684,0.616269,0.541259,-0.012978,0.598460,0.553220,-0.022506,0.585065,0.567844,-0.028199,0.656374,0.552436,-0.003698,0.619570,0.573715,-0.016979,0.626022,0.612133,-0.020126,0.639001,0.614786,-0.020591,0.665887,0.563879,-0.010571,0.627364,0.593964,-0.020333,0.634814,0.626184,-0.015230,0.645944,0.622214,-0.011319,0.671792,0.585245,-0.019153,0.639528,0.607981,-0.026000,0.643337,0.631196,-0.022613,0.652449,0.628720,-0.018794
1780386550.671,right,pinch,0.621291,0.749840,-0.000000,0.582423,0.719475,-0.004751,0.557473,0.680978,-0.012601,0.540425,0.656995,-0.022286,0.522714,0.632755,-0.029968,0.596051,0.590661,0.000548,0.560921,0.587147,-0.014124,0.542210,0.602865,-0.024211,0.529043,0.619561,-0.030322,0.605113,0.592525,-0.005315,0.563826,0.616049,-0.019240,0.573446,0.649742,-0.021637,0.586907,0.649030,-0.021935,0.610164,0.606625,-0.013793,0.567034,0.640544,-0.025065,0.578997,0.671037,-0.019204,0.592897,0.666176,-0.014775,0.611022,0.630683,-0.023861,0.576161,0.662123,-0.032943,0.584997,0.684732,-0.030393,0.597696,0.681467,-0.027178
1780386551.203,right,pinch,0.605109,0.765217,-0.000000,0.562864,0.739398,-0.001993,0.537227,0.702696,-0.008778,0.519346,0.680853,-0.017548,0.500555,0.662439,-0.024794,0.573843,0.606025,-0.000119,0.534922,0.608643,-0.013944,0.515199,0.630809,-0.024367,0.502315,0.650545,-0.030982,0.581403,0.610173,-0.006831,0.537790,0.644486,-0.020017,0.547820,0.678742,-0.023110,0.561704,0.681209,-0.024578,0.584119,0.628180,-0.015455,0.540023,0.668200,-0.025785,0.553026,0.698772,-0.020302,0.567155,0.695164,-0.016587,0.583241,0.655316,-0.025275,0.549033,0.686814,-0.032790,0.558379,0.709117,-0.029444,0.570697,0.706714,-0.026110
1780386551.732,right,pinch,0.586994,0.781532,-0.000000,0.544648,0.757550,-0.000082,0.519304,0.726870,-0.007084,0.500231,0.706539,-0.016372,0.481019,0.689257,-0.024579,0.552807,0.630611,-0.000003,0.513031,0.636729,-0.012202,0.494547,0.658158,-0.021211,0.483368,0.676409,-0.027049,0.559547,0.633942,-0.007118,0.516281,0.670942,-0.019061,0.527247,0.704030,-0.021556,0.541061,0.707002,-0.022821,0.561334,0.651293,-0.015666,0.518608,0.695320,-0.025392,0.532596,0.724858,-0.020763,0.546996,0.723247,-0.017677,0.559249,0.677462,-0.025050,0.526697,0.714110,-0.032794,0.536663,0.736055,-0.030587,0.549035,0.734994,-0.028073
1780386552.245,right,pinch,0.584443,0.789775,-0.000000,0.540205,0.768791,-0.001004,0.514206,0.737744,-0.008322,0.495255,0.718001,-0.017729,0.475235,0.701389,-0.025908,0.546508,0.637190,-0.000729,0.506597,0.646709,-0.013669,0.488047,0.669591,-0.023198,0.475567,0.689559,-0.029323,0.552950,0.641484,-0.007839,0.509298,0.680312,-0.020275,0.521140,0.714260,-0.022898,0.534939,0.716564,-0.024276,0.554746,0.659785,-0.016518,0.511781,0.705328,-0.026711,0.527101,0.734899,-0.021442,0.541454,0.731474,-0.017978,0.553045,0.687457,-0.026161,0.520507,0.723417,-0.033929,0.531916,0.744621,-0.030850,0.544649,0.741564,-0.027769
1780386552.758,right,pinch,0.584206,0.784984,-0.000000,0.541646,0.762585,-0.000188,0.516388,0.730523,-0.007293,0.497774,0.709961,-0.016799,0.478239,0.693234,-0.025131,0.550424,0.632852,0.000407,0.510194,0.639425,-0.012536,0.490868,0.660511,-0.022006,0.478130,0.678308,-0.028044,0.556193,0.636877,-0.007159,0.512166,0.673250,-0.019905,0.523578,0.708059,-0.022345,0.537687,0.711007,-0.023313,0.557074,0.654429,-0.016327,0.513717,0.697576,-0.026578,0.528599,0.727842,-0.021252,0.543483,0.725093,-0.017609,0.554491,0.680819,-0.026433,0.521539,0.715730,-0.034299,0.532371,0.737955,-0.031467,0.545388,0.736088,-0.028465
1780386553.259,right,pinch,0.581384,0.783840,-0.000000,0.539433,0.762205,-0.001116,0.514153,0.728182,-0.007785,0.495463,0.706245,-0.016489,0.475722,0.689085,-0.023949,0.548577,0.632145,0.000018,0.509154,0.636098,-0.012604,0.490265,0.655953,-0.021830,0.477587,0.673099,-0.027709,0.554567,0.635478,-0.006634,0.510418,0.668456,-0.018971,0.520935,0.702424,-0.021508,0.534425,0.705656,-0.022619,0.555737,0.652598,-0.014895,0.512210,0.692832,-0.024921,0.525942,0.723465,-0.020043,0.540078,0.721425,-0.016724,0.553129,0.678679,-0.024116,0.520186,0.711914,-0.031931,0.530203,0.734017,-0.029506,0.542807,0.731969,-0.026843
1780386553.766,right,pinch,0.580454,0.787528,-0.000000,0.538597,0.765559,-0.000643,0.513031,0.731515,-0.006925,0.494200,0.709879,-0.015332,0.474845,0.692164,-0.022536,0.546961,0.634632,0.000377,0.506575,0.639149,-0.012829,0.487532,0.658964,-0.022790,0.475519,0.675497,-0.029081,0.552651,0.637560,-0.006354,0.508537,0.675555,-0.019623,0.519541,0.710857,-0.023006,0.533784,0.715526,-0.024423,0.553477,0.654352,-0.014621,0.510469,0.698142,-0.025753,0.525016,0.729317,-0.021738,0.539664,0.728033,-0.018541,0.550616,0.680016,-0.023720,0.518894,0.714744,-0.032255,0.529005,0.738221,-0.030223,0.541411,0.737467,-0.027500
1780386554.307,right,pinch,0.579732,0.792872,-0.000000,0.536105,0.766535,-0.000088,0.510652,0.732517,-0.006563,0.491690,0.711029,-0.015436,0.472229,0.694428,-0.023146,0.545076,0.637262,0.001346,0.504219,0.641868,-0.012230,0.485036,0.664589,-0.022619,0.472531,0.683619,-0.029069,0.551254,0.641195,-0.005742,0.505135,0.680460,-0.019741,0.516539,0.717765,-0.023697,0.530930,0.724109,-0.025298,0.552225,0.658662,-0.014368,0.507372,0.702908,-0.025658,0.522038,0.734544,-0.021538,0.536943,0.734793,-0.018099,0.549342,0.685366,-0.023797,0.516169,0.719656,-0.031906,0.526610,0.742932,-0.029345,0.539562,0.742955,-0.026190
1780386554.818,right,pinch,0.580416,0.794282,-0.000000,0.537153,0.770176,-0.000436,0.511298,0.736150,-0.007309,0.491769,0.713104,-0.016393,0.471164,0.694825,-0.024380,0.544404,0.637947,0.000260,0.503679,0.641821,-0.012769,0.484389,0.663199,-0.022852,0.472137,0.682154,-0.029137,0.550692,0.641405,-0.006425,0.505047,0.681131,-0.019739,0.515880,0.717756,-0.023602,0.530112,0.724592,-0.025284,0.551900,0.658922,-0.014488,0.507749,0.703116,-0.025198,0.521923,0.734085,-0.021248,0.536416,0.734752,-0.018079,0.549122,0.685601,-0.023336,0.516572,0.719058,-0.031300,0.526505,0.742074,-0.028932,0.539014,0.742502,-0.025934
1780386555.334,right,pinch,0.579696,0.796843,-0.000000,0.536934,0.772997,-0.000569,0.510334,0.738931,-0.007013,0.490800,0.715936,-0.015717,0.470737,0.696868,-0.023218,0.544382,0.640878,0.001333,0.503958,0.647287,-0.011887,0.484689,0.667454,-0.021946,0.472160,0.684860,-0.028247,0.550046,0.644247,-0.005499,0.504628,0.685146,-0.018869,0.516321,0.721972,-0.022217,0.530837,0.727017,-0.023441,0.550987,0.661275,-0.013941,0.507330,0.707091,-0.025112,0.522617,0.738305,-0.021005,0.537553,0.737283,-0.017589,0.548290,0.687409,-0.023256,0.516347,0.722692,-0.031813,0.526932,0.745732,-0.029686,0.539603,0.744879,-0.026773
1780386555.863,right,pinch,0.577729,0.795624,-0.000000,0.535301,0.773689,-0.003313,0.509122,0.736723,-0.010379,0.490147,0.712258,-0.019159,0.470235,0.691982,-0.026458,0.546054,0.639549,-0.000208,0.505383,0.644132,-0.013739,0.485649,0.663808,-0.023869,0.472188,0.680772,-0.030328,0.551550,0.641474,-0.005876,0.506065,0.676520,-0.020076,0.517860,0.713777,-0.023655,0.532647,0.719288,-0.024806,0.552608,0.657239,-0.013426,0.508020,0.698207,-0.025300,0.522750,0.730891,-0.021006,0.537915,0.729798,-0.017363,0.550130,0.682471,-0.022142,0.517290,0.716738,-0.031605,0.527725,0.740848,-0.029820,0.540904,0.739857,-0.027064
1780386556.388,right,pinch,0.576424,0.800404,-0.000000,0.532877,0.776364,-0.002376,0.507501,0.739864,-0.010042,0.488802,0.714382,-0.019756,0.468476,0.693780,-0.028121,0.543866,0.643726,-0.000206,0.503676,0.644756,-0.014095,0.483774,0.664786,-0.024080,0.470386,0.682725,-0.030184,0.550292,0.645806,-0.006378,0.503865,0.680213,-0.020644,0.515125,0.719066,-0.023730,0.529748,0.725250,-0.024475,0.551568,0.661710,-0.014386,0.505957,0.700932,-0.026084,0.520322,0.734330,-0.021385,0.535503,0.734616,-0.017492,0.548737,0.686801,-0.023436,0.515267,0.719016,-0.032222,0.525305,0.743113,-0.029976,0.538477,0.743096,-0.026981
1780386556.898,right,pinch,0.574961,0.805698,-0.000000,0.530285,0.778138,-0.000351,0.505121,0.742186,-0.007466,0.486456,0.716990,-0.017297,0.467048,0.697104,-0.025908,0.540640,0.647022,0.002598,0.500817,0.648776,-0.011197,0.481777,0.669086,-0.021304,0.469396,0.686253,-0.027434,0.547554,0.649439,-0.004752,0.501904,0.686695,-0.018824,0.512698,0.725369,-0.022091,0.527017,0.731140,-0.022996,0.549232,0.665838,-0.013950,0.504422,0.706214,-0.025548,0.517940,0.739830,-0.020998,0.532778,0.740694,-0.017140,0.546621,0.691305,-0.024066,0.513393,0.723515,-0.032410,0.522881,0.747551,-0.030039,0.535879,0.748132,-0.026957
1780386557.421,right,pinch,0.556482,0.801151,-0.000000,0.513866,0.773718,-0.001930,0.489639,0.733432,-0.007614,0.471466,0.706554,-0.015007,0.452410,0.685987,-0.021120,0.529451,0.641666,0.001499,0.488998,0.638765,-0.010668,0.467171,0.656985,-0.020798,0.453219,0.673304,-0.027534,0.534432,0.643317,-0.004156,0.486208,0.671481,-0.017896,0.494452,0.710651,-0.022090,0.509338,0.720208,-0.023702,0.533703,0.658668,-0.011381,0.486978,0.691055,-0.023158,0.497815,0.724872,-0.019619,0.512331,0.728526,-0.016242,0.528469,0.682714,-0.019517,0.493419,0.709327,-0.028711,0.500685,0.735698,-0.026963,0.512356,0.740031,-0.024093
1780386557.970,right,pinch,0.442168,0.726638,-0.000000,0.408546,0.690221,0.000177,0.390804,0.645521,-0.003830,0.375464,0.614586,-0.009367,0.358910,0.589404,-0.014097,0.439001,0.569836,0.003040,0.400047,0.550058,-0.006184,0.375724,0.559492,-0.015179,0.361211,0.572348,-0.021036,0.440929,0.571512,-0.001906,0.392938,0.566682,-0.011539,0.386797,0.600409,-0.016036,0.392642,0.621940,-0.018163,0.435330,0.582756,-0.007664,0.388681,0.587671,-0.015465,0.390566,0.619420,-0.013757,0.400934,0.634499,-0.011967,0.424348,0.600220,-0.014011,0.387457,0.610126,-0.020410,0.388006,0.637080,-0.019079,0.396436,0.651649,-0.016721
1780386558.515,right,pinch,0.327739,0.682450,-0.000000,0.342482,0.614587,0.007368,0.338747,0.555458,0.003641,0.313556,0.520096,-0.002697,0.288357,0.506782,-0.009953,0.353571,0.513507,-0.001554,0.307654,0.475571,-0.010110,0.279157,0.475754,-0.017287,0.262877,0.479386,-0.022877,0.340458,0.514692,-0.010508,0.290596,0.495058,-0.017891,0.286613,0.532890,-0.019772,0.294786,0.556587,-0.022012,0.322153,0.526136,-0.018696,0.275101,0.516283,-0.023503,0.277776,0.555649,-0.019781,0.291077,0.576129,-0.019056,0.300503,0.543816,-0.026624,0.264424,0.547082,-0.032633,0.269051,0.578514,-0.030794,0.281486,0.592746,-0.029221
1780386559.065,right,pinch,0.387444,0.695604,-0.000000,0.392250,0.616347,0.005953,0.380501,0.546547,-0.000323,0.349314,0.502890,-0.009361,0.322625,0.477187,-0.018099,0.418486,0.507628,-0.002392,0.369943,0.452488,-0.014494,0.337561,0.444478,-0.024174,0.315587,0.444485,-0.031324,0.408913,0.512584,-0.011630,0.349804,0.482126,-0.024267,0.346993,0.525819,-0.027852,0.356977,0.553121,-0.030718,0.392331,0.524857,-0.020689,0.336689,0.506278,-0.029444,0.339072,0.549330,-0.025852,0.352180,0.570729,-0.024496,0.371554,0.541205,-0.029803,0.329291,0.534565,-0.037526,0.329491,0.566966,-0.036307,0.338624,0.582822,-0.035137
1780386559.595,right,pinch,0.409883,0.696350,-0.000000,0.385260,0.617528,0.001505,0.372264,0.551500,-0.007359,0.359056,0.502896,-0.019010,0.349494,0.460901,-0.029501,0.452266,0.506688,-0.002692,0.406663,0.447672,-0.017286,0.374426,0.435355,-0.029313,0.350465,0.430791,-0.037792,0.451330,0.513974,-0.011806,0.385694,0.479154,-0.028729,0.379665,0.530678,-0.033965,0.388257,0.563728,-0.036819,0.439442,0.525270,-0.021717,0.375078,0.500069,-0.034440,0.375419,0.551997,-0.029377,0.387538,0.580940,-0.025826,0.420453,0.540796,-0.032413,0.371877,0.523175,-0.043813,0.368996,0.559812,-0.041867,0.377253,0.582524,-0.038909
1780386560.111,right,pinch,0.440345,0.708605,-0.000000,0.415209,0.624328,-0.001041,0.407553,0.548883,-0.009767,0.400420,0.496949,-0.020884,0.391143,0.448969,-0.030258,0.492249,0.513842,-0.001599,0.449891,0.453244,-0.018143,0.418076,0.435770,-0.031441,0.392241,0.424946,-0.040493,0.495745,0.524021,-0.010371,0.428840,0.481911,-0.028145,0.419777,0.537886,-0.032439,0.429438,0.569658,-0.033963,0.486959,0.538179,-0.020804,0.419449,0.502392,-0.034925,0.417128,0.557745,-0.028400,0.431213,0.584236,-0.023314,0.469890,0.555544,-0.032460,0.419316,0.528980,-0.044841,0.414214,0.567915,-0.041876,0.423303,0.590380,-0.037672
1780386560.636,right,pinch,0.470830,0.726383,-0.000000,0.449585,0.626527,0.002563,0.446566,0.546288,-0.006293,0.439477,0.491354,-0.018625,0.432108,0.438263,-0.029352,0.534189,0.524511,0.003633,0.493345,0.458947,-0.012364,0.464482,0.434620,-0.025190,0.441404,0.417811,-0.034012,0.539029,0.537195,-0.007808,0.477775,0.479842,-0.023299,0.468123,0.532326,-0.025987,0.479321,0.561665,-0.027188,0.531484,0.555367,-0.021109,0.467613,0.503479,-0.031988,0.462399,0.555076,-0.023624,0.477110,0.578882,-0.018818,0.514183,0.574763,-0.035609,0.463642,0.534162,-0.043727,0.458526,0.571368,-0.038773,0.469459,0.594016,-0.034606
1780386561.164,right,pinch,0.423981,0.720098,-0.000000,0.399022,0.630318,-0.001429,0.392256,0.557471,-0.013099,0.383491,0.502730,-0.027256,0.370029,0.452322,-0.039960,0.470879,0.508100,-0.006859,0.426585,0.446090,-0.023587,0.392888,0.431828,-0.035919,0.367829,0.426590,-0.044154,0.473035,0.518882,-0.015861,0.403774,0.484005,-0.033276,0.396575,0.537617,-0.037699,0.407106,0.568679,-0.039905,0.462675,0.537613,-0.026016,0.394499,0.507854,-0.039633,0.392484,0.560882,-0.034497,0.405830,0.586031,-0.030967,0.444671,0.559606,-0.037301,0.393661,0.539691,-0.049559,0.388951,0.575252,-0.048106,0.397207,0.595237,-0.045154
1780386561.693,right,pinch,0.373029,0.711641,-0.000000,0.352455,0.627111,0.003261,0.338633,0.556910,-0.005226,0.321159,0.506429,-0.016839,0.303909,0.465061,-0.027656,0.407549,0.506458,-0.001169,0.359047,0.449297,-0.015806,0.326338,0.441039,-0.028233,0.303657,0.443465,-0.036706,0.402455,0.515395,-0.010560,0.337182,0.486892,-0.026252,0.331334,0.532437,-0.031789,0.340633,0.563864,-0.035376,0.388182,0.529144,-0.020568,0.326407,0.507901,-0.031482,0.325651,0.553598,-0.027494,0.337601,0.579473,-0.025269,0.369103,0.547908,-0.031170,0.320864,0.535317,-0.040106,0.318911,0.568364,-0.038375,0.328763,0.587568,-0.036120
1780386562.211,right,pinch,0.359135,0.712683,-0.000000,0.347935,0.629427,0.007316,0.335064,0.557271,0.000445,0.308879,0.510911,-0.010190,0.284430,0.480839,-0.020405,0.390381,0.507940,0.002067,0.340963,0.452045,-0.011194,0.308625,0.445738,-0.022576,0.287729,0.449408,-0.030574,0.383125,0.515798,-0.009017,0.321713,0.487611,-0.022763,0.317396,0.530968,-0.027659,0.327075,0.559665,-0.031182,0.367595,0.529788,-0.020237,0.307319,0.511824,-0.029767,0.309373,0.557275,-0.026465,0.323599,0.580436,-0.025156,0.346722,0.548191,-0.031517,0.300757,0.541431,-0.039146,0.302459,0.577279,-0.037459,0.315114,0.595477,-0.035817
1780386562.737,right,pinch,0.359100,0.713068,-0.000000,0.349310,0.629593,0.009653,0.336186,0.558058,0.003464,0.308634,0.512151,-0.007077,0.283974,0.480612,-0.017449,0.390625,0.508234,0.004035,0.340287,0.453736,-0.007610,0.307789,0.448906,-0.017692,0.287245,0.453464,-0.025080,0.383296,0.515533,-0.008137,0.320701,0.489312,-0.020410,0.316291,0.533315,-0.024870,0.326313,0.561274,-0.028407,0.367506,0.529644,-0.020137,0.306929,0.512947,-0.028227,0.308682,0.559127,-0.024986,0.322994,0.581835,-0.024215,0.346199,0.547919,-0.032012,0.300271,0.542557,-0.039193,0.302291,0.578160,-0.037875,0.315400,0.595563,-0.036695
1780386563.264,right,pinch,0.358048,0.712575,-0.000000,0.354035,0.628708,0.010406,0.341792,0.556965,0.004345,0.311559,0.512095,-0.006054,0.284846,0.483667,-0.016428,0.389003,0.507014,0.003448,0.339044,0.452393,-0.008370,0.305878,0.446253,-0.018597,0.284407,0.449953,-0.025966,0.380657,0.515052,-0.008653,0.318821,0.489579,-0.020162,0.314985,0.531195,-0.024213,0.324737,0.558328,-0.027799,0.364710,0.530004,-0.020450,0.304803,0.515304,-0.027312,0.306858,0.559712,-0.024060,0.320909,0.582034,-0.023723,0.344011,0.549101,-0.032080,0.298569,0.545100,-0.037911,0.300572,0.579842,-0.036412,0.313197,0.596938,-0.035475
1780386563.788,right,pinch,0.359483,0.713354,-0.000000,0.357175,0.629451,0.009869,0.344382,0.556335,0.004015,0.313444,0.510760,-0.006035,0.286328,0.482264,-0.015867,0.389813,0.508426,0.003278,0.340466,0.454264,-0.008913,0.307759,0.447581,-0.019089,0.286132,0.450086,-0.026331,0.381450,0.515216,-0.008579,0.318559,0.490875,-0.020667,0.314293,0.534334,-0.024589,0.323795,0.561306,-0.027822,0.365479,0.529230,-0.020246,0.304666,0.515786,-0.027843,0.306967,0.561863,-0.024573,0.321028,0.584237,-0.023909,0.344539,0.547822,-0.031800,0.299172,0.545291,-0.038170,0.301010,0.580200,-0.036917,0.313431,0.596378,-0.035985
1780386564.340,right,pinch,0.358403,0.710071,-0.000000,0.357631,0.626293,0.010024,0.344613,0.554246,0.003763,0.312190,0.509377,-0.006593,0.284577,0.482412,-0.016723,0.389781,0.507765,0.001585,0.339894,0.452610,-0.009879,0.307059,0.447603,-0.018946,0.286341,0.451977,-0.025591,0.381336,0.515207,-0.010349,0.318807,0.489911,-0.021530,0.314325,0.532535,-0.024490,0.324111,0.558936,-0.027498,0.365317,0.529391,-0.021911,0.304650,0.514311,-0.028605,0.306662,0.559578,-0.024506,0.320937,0.581526,-0.023798,0.344417,0.547658,-0.033335,0.298615,0.543529,-0.039366,0.300343,0.578618,-0.037652,0.312919,0.595517,-0.036659
1780386564.864,right,pinch,0.360105,0.712581,-0.000000,0.357298,0.627610,0.011456,0.344330,0.555085,0.005319,0.313005,0.509721,-0.005291,0.285785,0.481815,-0.015963,0.391710,0.507447,0.002933,0.340295,0.452413,-0.008550,0.307010,0.445729,-0.018084,0.285478,0.448470,-0.024979,0.383858,0.515544,-0.009719,0.320552,0.490376,-0.021193,0.315707,0.533455,-0.024724,0.324945,0.561913,-0.027889,0.367813,0.530098,-0.021846,0.306565,0.515447,-0.028601,0.308075,0.561135,-0.024984,0.321959,0.584901,-0.024369,0.346368,0.548457,-0.033657,0.300555,0.544402,-0.039289,0.302118,0.579753,-0.037559,0.314567,0.597469,-0.036437
1780386565.390,right,pinch,0.361292,0.713579,-0.000000,0.355801,0.628809,0.012059,0.342750,0.556918,0.006132,0.312734,0.511092,-0.004462,0.287212,0.482723,-0.015143,0.392517,0.506791,0.004133,0.340692,0.450896,-0.006835,0.307359,0.444292,-0.016008,0.286176,0.447410,-0.022685,0.384622,0.515527,-0.008924,0.321233,0.488957,-0.020195,0.316469,0.532788,-0.023683,0.325894,0.562177,-0.026745,0.368529,0.530286,-0.021417,0.307283,0.514048,-0.028024,0.308675,0.559976,-0.024146,0.322526,0.584449,-0.023323,0.347262,0.548524,-0.033556,0.300823,0.541919,-0.039022,0.302255,0.577591,-0.036901,0.314635,0.596449,-0.035472
1780386565.893,right,pinch,0.361759,0.714000,-0.000000,0.356698,0.630819,0.009468,0.343275,0.557340,0.003371,0.313148,0.511837,-0.006918,0.287013,0.482671,-0.016985,0.393130,0.506491,0.003757,0.341617,0.451434,-0.008023,0.309015,0.444622,-0.017958,0.288150,0.447226,-0.025051,0.385035,0.514613,-0.008021,0.321205,0.489388,-0.020359,0.316723,0.533315,-0.024693,0.326219,0.561581,-0.028009,0.368874,0.529321,-0.019620,0.307469,0.514954,-0.027713,0.309609,0.561263,-0.024721,0.323666,0.584638,-0.023941,0.347655,0.547987,-0.031085,0.301996,0.543730,-0.037900,0.303713,0.579652,-0.036639,0.316038,0.597472,-0.035440
1780386566.426,right,pinch,0.361518,0.716629,-0.000000,0.354762,0.631459,0.011143,0.341685,0.558121,0.005423,0.312704,0.511245,-0.004935,0.287028,0.481775,-0.015292,0.392942,0.508461,0.005010,0.340423,0.451746,-0.006403,0.307910,0.444809,-0.016074,0.287548,0.447181,-0.023099,0.385337,0.516029,-0.007648,0.320951,0.490394,-0.019981,0.316727,0.535507,-0.024355,0.326627,0.564890,-0.027666,0.369402,0.530050,-0.019962,0.307838,0.514708,-0.027719,0.309674,0.562117,-0.024775,0.323988,0.586303,-0.024180,0.347995,0.548193,-0.032018,0.301986,0.545133,-0.038735,0.303629,0.581564,-0.037810,0.316425,0.599261,-0.036912
1780386566.963,right,pinch,0.360489,0.714860,-0.000000,0.359506,0.630329,0.009881,0.346646,0.556160,0.003516,0.314890,0.508816,-0.007013,0.288059,0.480702,-0.017499,0.393112,0.508164,0.002106,0.340504,0.450894,-0.009933,0.307889,0.445001,-0.019576,0.287822,0.448991,-0.026422,0.384695,0.516348,-0.009566,0.320560,0.490345,-0.022098,0.316727,0.534615,-0.025921,0.327080,0.562740,-0.028942,0.368402,0.530791,-0.020914,0.307272,0.515377,-0.028725,0.309564,0.561084,-0.025516,0.324242,0.583747,-0.024832,0.347105,0.548841,-0.032042,0.301626,0.545250,-0.038601,0.303858,0.581425,-0.037480,0.316813,0.598734,-0.036521
1780386567.500,right,pinch,0.362729,0.718646,-0.000000,0.351709,0.633904,0.007707,0.338110,0.559713,0.000485,0.311527,0.510657,-0.010607,0.288503,0.478837,-0.021370,0.395401,0.509075,0.002080,0.343379,0.451272,-0.011389,0.310868,0.441532,-0.022599,0.289398,0.441337,-0.030435,0.388278,0.517393,-0.009349,0.323786,0.488997,-0.023963,0.319694,0.534467,-0.029048,0.329572,0.564352,-0.032407,0.372848,0.531419,-0.020846,0.311124,0.513183,-0.031010,0.312261,0.560647,-0.027696,0.325665,0.585426,-0.026110,0.351932,0.549504,-0.032359,0.305539,0.543390,-0.040494,0.306597,0.580461,-0.039114,0.318764,0.599225,-0.037417
1780386568.027,right,pinch,0.364079,0.716993,-0.000000,0.355765,0.630717,0.009942,0.341973,0.557709,0.003349,0.313005,0.510748,-0.007736,0.288510,0.480339,-0.018736,0.396063,0.506635,0.004125,0.343728,0.448830,-0.008262,0.310567,0.441528,-0.018613,0.289435,0.444768,-0.025941,0.389099,0.515028,-0.008424,0.324274,0.486126,-0.021902,0.318878,0.531876,-0.026511,0.328138,0.563073,-0.029745,0.373566,0.529184,-0.020850,0.310955,0.511389,-0.029954,0.311817,0.559395,-0.026524,0.325467,0.585238,-0.025212,0.352389,0.546962,-0.033088,0.304756,0.540267,-0.040529,0.305713,0.577966,-0.038736,0.317897,0.597936,-0.036978
1780386568.546,right,pinch,0.365355,0.718074,-0.000000,0.355849,0.631493,0.011361,0.342855,0.558061,0.005590,0.315409,0.511031,-0.004838,0.291183,0.480234,-0.015226,0.397762,0.507635,0.005179,0.345160,0.450463,-0.006389,0.312379,0.441091,-0.016346,0.291084,0.441557,-0.023646,0.390909,0.515532,-0.008048,0.326086,0.486887,-0.020853,0.321633,0.533252,-0.025161,0.331335,0.564009,-0.028343,0.375627,0.529121,-0.020972,0.313216,0.510798,-0.029072,0.314288,0.559278,-0.025220,0.328023,0.584268,-0.023960,0.355019,0.546612,-0.033686,0.307329,0.539468,-0.040570,0.308038,0.577174,-0.038642,0.320036,0.596579,-0.036973
1780386569.085,right,pinch,0.376372,0.719973,-0.000000,0.358160,0.633922,0.006607,0.346689,0.558812,-0.000121,0.328194,0.507065,-0.010601,0.309163,0.469659,-0.020431,0.412295,0.507956,0.002381,0.359152,0.449626,-0.010565,0.326253,0.439556,-0.021704,0.303791,0.438890,-0.029712,0.406328,0.516059,-0.008876,0.339752,0.485561,-0.023809,0.335791,0.533140,-0.028764,0.346392,0.563836,-0.031868,0.391705,0.529491,-0.020462,0.328167,0.509293,-0.030813,0.328854,0.557680,-0.026511,0.342543,0.581969,-0.024197,0.372127,0.547455,-0.032428,0.323947,0.536591,-0.041361,0.323037,0.573093,-0.039600,0.333689,0.591692,-0.037427
1780386569.612,right,pinch,0.377362,0.720283,-0.000000,0.359317,0.633775,0.005993,0.345429,0.557400,-0.001813,0.325148,0.505741,-0.013243,0.304624,0.465484,-0.023927,0.413575,0.507971,-0.000041,0.361056,0.447053,-0.014710,0.328551,0.437471,-0.027092,0.306370,0.437482,-0.035795,0.407708,0.516412,-0.011316,0.340657,0.485084,-0.027842,0.335926,0.533572,-0.033548,0.346383,0.565560,-0.037181,0.393088,0.529488,-0.022910,0.329125,0.507403,-0.034308,0.329742,0.556541,-0.030040,0.343501,0.582110,-0.027712,0.373302,0.547048,-0.034887,0.324974,0.535836,-0.044379,0.324245,0.572548,-0.042658,0.335599,0.591113,-0.040438
1780386570.131,right,pinch,0.410434,0.719523,-0.000000,0.379669,0.633708,-0.003721,0.370442,0.558962,-0.014977,0.363718,0.505963,-0.027902,0.353479,0.461103,-0.038959,0.457577,0.513610,-0.006606,0.408052,0.453435,-0.023844,0.374728,0.434804,-0.036635,0.348747,0.424783,-0.045414,0.461543,0.524627,-0.014804,0.391234,0.481248,-0.033270,0.383327,0.535636,-0.037004,0.394971,0.565107,-0.038335,0.452634,0.542221,-0.024708,0.381525,0.504716,-0.040219,0.380251,0.559243,-0.033532,0.396597,0.583348,-0.028456,0.435131,0.563987,-0.035885,0.381082,0.534437,-0.049603,0.376499,0.573502,-0.046864,0.387322,0.595392,-0.042895
1780386570.660,right,pinch,0.554700,0.623848,-0.000000,0.526695,0.557547,-0.004488,0.508813,0.486356,-0.013993,0.498118,0.435715,-0.026924,0.492170,0.382827,-0.036972,0.578804,0.419434,0.006358,0.550617,0.376407,-0.010967,0.524314,0.363029,-0.021508,0.500647,0.360499,-0.027470,0.594324,0.424269,-0.001535,0.543775,0.409442,-0.018539,0.539270,0.472054,-0.018699,0.556134,0.485840,-0.015857,0.604906,0.438218,-0.013172,0.549044,0.432993,-0.027385,0.549012,0.488045,-0.016655,0.565728,0.497303,-0.008013,0.608321,0.460638,-0.026824,0.561034,0.449881,-0.036187,0.558818,0.490450,-0.029011,0.572214,0.503406,-0.021872
1780386571.192,right,pinch,0.593879,0.529894,-0.000000,0.567119,0.501129,-0.003281,0.544574,0.460918,-0.008313,0.530708,0.424822,-0.015967,0.526159,0.387763,-0.022068,0.570633,0.396702,0.009928,0.558580,0.372793,-0.001572,0.543833,0.368865,-0.007403,0.529606,0.373412,-0.010206,0.585284,0.391060,0.004956,0.559014,0.393545,-0.007481,0.563649,0.436045,-0.007328,0.574309,0.438385,-0.004297,0.599464,0.392202,-0.003163,0.570054,0.401905,-0.016559,0.575947,0.440823,-0.010447,0.586566,0.441651,-0.003640,0.612357,0.400595,-0.012266,0.583067,0.404316,-0.020816,0.585635,0.433607,-0.016915,0.596053,0.436724,-0.012189
1780386571.711,right,pinch,0.691616,0.565986,-0.000000,0.669019,0.544435,-0.005598,0.648077,0.510354,-0.009007,0.640842,0.474867,-0.013853,0.646128,0.444491,-0.016963,0.657068,0.464708,0.002934,0.648973,0.434583,-0.009873,0.651024,0.459706,-0.016656,0.656068,0.475192,-0.019113,0.672545,0.462766,0.000345,0.666823,0.441115,-0.011746,0.667031,0.475296,-0.013736,0.670810,0.486016,-0.012021,0.688940,0.466190,-0.004835,0.682570,0.446244,-0.017364,0.680638,0.480436,-0.013590,0.683576,0.493014,-0.007624,0.706439,0.473332,-0.010690,0.697698,0.455827,-0.017319,0.693095,0.480483,-0.013068,0.694409,0.493701,-0.007751
1780386572.212,right,pinch,0.735071,0.612230,-0.000000,0.717318,0.593812,-0.010549,0.702429,0.560346,-0.016061,0.704990,0.522062,-0.022237,0.716223,0.498197,-0.026361,0.698988,0.511750,0.000022,0.700577,0.476994,-0.015284,0.708217,0.487179,-0.023249,0.712632,0.494716,-0.026015,0.715586,0.511469,-0.000590,0.720490,0.498633,-0.016051,0.722408,0.533481,-0.018866,0.718549,0.535865,-0.016935,0.732211,0.514895,-0.004460,0.737227,0.505706,-0.020353,0.736051,0.540288,-0.017384,0.730991,0.541729,-0.011254,0.748312,0.521961,-0.009521,0.752067,0.513540,-0.018241,0.749406,0.540877,-0.014692,0.744510,0.547241,-0.009369
1780386572.738,right,pinch,0.759417,0.663411,-0.000000,0.743803,0.636429,-0.011660,0.735892,0.603958,-0.017738,0.745632,0.574148,-0.023439,0.757534,0.557591,-0.027025,0.730049,0.554971,-0.003486,0.739592,0.527489,-0.017339,0.746495,0.531781,-0.025392,0.750049,0.540350,-0.028613,0.747802,0.559340,-0.002566,0.757082,0.547045,-0.016936,0.754966,0.578868,-0.019677,0.751075,0.585458,-0.017675,0.764682,0.569371,-0.004436,0.772851,0.556858,-0.018841,0.767995,0.584784,-0.015880,0.762527,0.589976,-0.009577,0.780438,0.584620,-0.007547,0.787387,0.566496,-0.017353,0.783263,0.574549,-0.015276,0.777794,0.571292,-0.010471
1780386573.260,right,pinch,0.768961,0.676176,-0.000000,0.751960,0.659106,-0.014540,0.740352,0.625659,-0.022206,0.752527,0.595506,-0.028603,0.765822,0.574538,-0.032542,0.735932,0.561700,-0.008709,0.746833,0.547443,-0.023532,0.753887,0.555548,-0.030879,0.757965,0.558933,-0.034381,0.753633,0.558002,-0.007775,0.764528,0.564717,-0.023249,0.761726,0.603605,-0.025197,0.757199,0.604605,-0.023086,0.771360,0.565136,-0.009837,0.781581,0.573498,-0.025361,0.776111,0.607947,-0.021402,0.769989,0.606526,-0.015290,0.788078,0.579351,-0.013530,0.795606,0.582972,-0.024641,0.789767,0.607706,-0.022355,0.783451,0.608621,-0.017696
1780386573.784,right,pinch,0.765438,0.689477,-0.000000,0.748795,0.663525,-0.013421,0.740643,0.632340,-0.019538,0.754644,0.604917,-0.024519,0.767347,0.589024,-0.027094,0.735571,0.571036,-0.004509,0.745824,0.553587,-0.019000,0.753253,0.563842,-0.027822,0.756496,0.574541,-0.031980,0.753792,0.571675,-0.003427,0.763613,0.568428,-0.017661,0.763281,0.604251,-0.020983,0.759267,0.610466,-0.019913,0.771407,0.579814,-0.005419,0.780537,0.577322,-0.020126,0.776976,0.610856,-0.017449,0.770996,0.615930,-0.012018,0.787605,0.595024,-0.008915,0.795217,0.588681,-0.019643,0.790291,0.612607,-0.017504,0.783050,0.618195,-0.012927
1780386574.328,right,pinch,0.822405,0.725611,-0.000000,0.816700,0.701503,-0.018025,0.818641,0.663033,-0.024594,0.834491,0.637729,-0.027966,0.845835,0.623427,-0.028337,0.806588,0.605868,-0.011793,0.832557,0.602711,-0.025856,0.829596,0.635394,-0.033569,0.820953,0.647858,-0.037046,0.822669,0.614020,-0.007147,0.843752,0.614065,-0.021258,0.838427,0.648886,-0.024341,0.830317,0.655539,-0.023414,0.838501,0.628064,-0.005235,0.855135,0.627491,-0.019307,0.848611,0.660676,-0.016563,0.840712,0.665791,-0.011379,0.852302,0.645858,-0.004753,0.864504,0.640510,-0.013788,0.858456,0.664839,-0.011104,0.851350,0.670733,-0.006604
1780386574.866,right,pinch,0.780275,0.658464,-0.000000,0.760439,0.617491,-0.005662,0.750440,0.569481,-0.007774,0.755660,0.528963,-0.011734,0.767626,0.504386,-0.013796,0.768346,0.539931,0.008549,0.768568,0.502686,-0.003723,0.764634,0.528641,-0.010743,0.763170,0.546579,-0.012911,0.782796,0.546579,0.006779,0.784688,0.521141,-0.004267,0.778951,0.553232,-0.007188,0.778178,0.564233,-0.006108,0.797680,0.558007,0.002024,0.800265,0.533831,-0.009727,0.791510,0.563224,-0.007276,0.788447,0.577051,-0.002016,0.812830,0.573170,-0.003466,0.813481,0.550326,-0.008724,0.804467,0.567862,-0.004659,0.799956,0.580871,0.000588
1780386575.387,right,pinch,0.716657,0.639156,-0.000000,0.695786,0.616065,-0.007749,0.676986,0.575368,-0.012640,0.669564,0.536728,-0.018811,0.676281,0.504155,-0.022425,0.695569,0.525621,0.004160,0.683692,0.502290,-0.009432,0.683643,0.527724,-0.014267,0.689190,0.542412,-0.014897,0.709749,0.525671,0.002631,0.695110,0.519289,-0.011222,0.696954,0.559453,-0.010698,0.704877,0.560611,-0.006212,0.724172,0.530993,-0.002359,0.709348,0.532402,-0.016899,0.710164,0.568179,-0.011456,0.717625,0.567734,-0.003606,0.738733,0.540588,-0.008322,0.723530,0.538198,-0.015433,0.721700,0.562549,-0.011360,0.727839,0.564941,-0.005874
1780386575.923,right,pinch,0.682688,0.636088,-0.000000,0.661152,0.613640,-0.005415,0.642264,0.579382,-0.010546,0.632152,0.548217,-0.017391,0.634337,0.517071,-0.022469,0.661697,0.530276,0.004643,0.648894,0.508696,-0.007798,0.643264,0.513321,-0.012113,0.640904,0.515555,-0.013068,0.674387,0.527396,0.001845,0.656068,0.523499,-0.011568,0.660394,0.561311,-0.010298,0.669399,0.559372,-0.005619,0.687460,0.528964,-0.004062,0.667797,0.533018,-0.018235,0.672001,0.567915,-0.012132,0.680889,0.565618,-0.004306,0.700584,0.535170,-0.010812,0.680862,0.536265,-0.018749,0.681938,0.561604,-0.015093,0.689966,0.563190,-0.010180
1780386576.443,right,pinch,0.669377,0.646815,-0.000000,0.648356,0.623260,-0.004868,0.630179,0.587460,-0.009695,0.619484,0.557884,-0.015772,0.619027,0.529456,-0.020122,0.654102,0.532971,0.004291,0.641856,0.515099,-0.006242,0.630168,0.514774,-0.011181,0.620192,0.518405,-0.013588,0.666920,0.528974,0.001311,0.644334,0.530623,-0.010105,0.647504,0.567158,-0.009986,0.656402,0.569307,-0.007384,0.678536,0.532227,-0.004279,0.654061,0.541074,-0.015721,0.657878,0.573067,-0.010275,0.666352,0.572507,-0.004373,0.688398,0.542228,-0.010841,0.665657,0.547704,-0.017932,0.666795,0.570806,-0.014793,0.674202,0.572206,-0.010938
1780386576.996,right,pinch,0.624743,0.703973,-0.000000,0.602345,0.679424,-0.005380,0.584282,0.627028,-0.008296,0.578221,0.593493,-0.012112,0.582731,0.578962,-0.015010,0.621548,0.558868,-0.001336,0.600910,0.539824,-0.013117,0.582770,0.561271,-0.022534,0.573787,0.585113,-0.027796,0.636763,0.564357,-0.004739,0.616116,0.555347,-0.014273,0.604367,0.577855,-0.018576,0.602138,0.593702,-0.019984,0.647299,0.582336,-0.009976,0.623170,0.584703,-0.018562,0.614813,0.610686,-0.017642,0.616597,0.624850,-0.015669,0.653524,0.607491,-0.016378,0.631412,0.609791,-0.022502,0.621971,0.630375,-0.020583,0.621192,0.644227,-0.017493
1780387688.816,left,pinch,0.387442,0.733680,-0.000000,0.412505,0.705460,-0.003284,0.429886,0.666020,-0.007670,0.443286,0.641683,-0.013907,0.453925,0.620292,-0.019083,0.395237,0.597751,0.001430,0.425505,0.582682,-0.010813,0.442865,0.595656,-0.019530,0.453695,0.606380,-0.024348,0.385387,0.601634,-0.002649,0.423579,0.610314,-0.015379,0.420789,0.640899,-0.020186,0.410493,0.649396,-0.021509,0.380367,0.616328,-0.008341,0.417936,0.630448,-0.020026,0.413764,0.658992,-0.019589,0.404373,0.662731,-0.016953,0.378839,0.635332,-0.014722,0.409134,0.647504,-0.020704,0.407189,0.667331,-0.018838,0.399135,0.669932,-0.015815
1780387689.326,left,pinch,0.439184,0.675475,-0.000000,0.462198,0.647140,-0.000778,0.477555,0.611245,-0.003525,0.490000,0.587123,-0.008888,0.497890,0.560894,-0.013355,0.449336,0.557070,0.008066,0.470155,0.539749,-0.002297,0.485685,0.543938,-0.009577,0.497398,0.546303,-0.013474,0.439895,0.554390,0.003214,0.470766,0.559978,-0.008602,0.467908,0.593612,-0.012607,0.459294,0.599336,-0.012672,0.434296,0.560829,-0.003352,0.465452,0.571328,-0.015563,0.461103,0.603255,-0.014489,0.452529,0.605977,-0.010573,0.430873,0.571704,-0.010291,0.456954,0.580264,-0.016621,0.454474,0.601800,-0.013961,0.445840,0.605510,-0.009904
1780387689.837,left,pinch,0.447788,0.631513,0.000000,0.466393,0.609043,0.000765,0.480476,0.578566,-0.000035,0.492558,0.557330,-0.003502,0.496613,0.535229,-0.006493,0.462629,0.535155,0.010640,0.476616,0.521705,0.003029,0.487036,0.523815,-0.002103,0.495599,0.523878,-0.004593,0.454063,0.532802,0.006149,0.474617,0.533255,-0.003039,0.470849,0.561649,-0.005567,0.464435,0.564888,-0.004706,0.446472,0.534873,0.000058,0.468145,0.539383,-0.010716,0.463633,0.567070,-0.009002,0.456016,0.569635,-0.004648,0.438624,0.540477,-0.006140,0.459280,0.542193,-0.012244,0.457099,0.561703,-0.009309,0.449112,0.565666,-0.005050
1780387690.368,left,pinch,0.410069,0.621353,0.000000,0.428533,0.600116,-0.002226,0.442541,0.566951,-0.003940,0.453142,0.542655,-0.007473,0.455718,0.518178,-0.010257,0.422981,0.526483,0.008225,0.433215,0.511640,0.000509,0.443676,0.509689,-0.003388,0.452985,0.507788,-0.004749,0.413189,0.524588,0.005195,0.432712,0.521993,-0.003874,0.429635,0.553691,-0.004489,0.422751,0.554170,-0.001961,0.404604,0.527165,0.000109,0.424753,0.528392,-0.011672,0.421704,0.558362,-0.009064,0.413615,0.558613,-0.003875,0.395573,0.533338,-0.005243,0.414178,0.532495,-0.012319,0.413474,0.553679,-0.009268,0.405339,0.556975,-0.004818
1780387690.879,left,pinch,0.347850,0.678207,-0.000000,0.366275,0.653839,-0.004982,0.382379,0.615042,-0.008150,0.391111,0.583035,-0.012430,0.386333,0.558455,-0.015566,0.364109,0.562699,0.002965,0.375908,0.547064,-0.006599,0.379586,0.549678,-0.011055,0.378771,0.550846,-0.012419,0.350052,0.562207,0.000897,0.365945,0.561485,-0.008180,0.366385,0.595674,-0.008589,0.361709,0.596717,-0.006356,0.337409,0.569654,-0.003221,0.354139,0.576018,-0.014553,0.354132,0.607047,-0.011280,0.348509,0.608277,-0.006214,0.325271,0.582753,-0.007909,0.341104,0.588038,-0.014619,0.342242,0.609235,-0.011386,0.336212,0.612204,-0.007001
1780387691.401,left,pinch,0.326768,0.689977,-0.000000,0.343705,0.662102,-0.008632,0.356280,0.624312,-0.015697,0.363104,0.590114,-0.023737,0.357510,0.564233,-0.030291,0.337680,0.571303,-0.000048,0.348743,0.553856,-0.012485,0.353896,0.552790,-0.017508,0.354694,0.554282,-0.018589,0.322591,0.571775,-0.001365,0.339906,0.568797,-0.013507,0.339637,0.606624,-0.012762,0.332030,0.606083,-0.008412,0.310107,0.579156,-0.005427,0.328829,0.586288,-0.019642,0.328876,0.619668,-0.015389,0.320925,0.618632,-0.008642,0.298673,0.592386,-0.010404,0.315851,0.599724,-0.019229,0.317297,0.622384,-0.016028,0.309854,0.624180,-0.010937
1780387691.933,left,pinch,0.335766,0.676895,-0.000000,0.352575,0.654335,-0.008414,0.365576,0.614743,-0.014258,0.373630,0.581301,-0.020804,0.370784,0.555212,-0.025815,0.350135,0.563372,-0.000280,0.360083,0.545740,-0.011807,0.364760,0.543414,-0.016047,0.365461,0.543557,-0.016877,0.335217,0.562687,-0.001476,0.351574,0.559031,-0.013707,0.350502,0.596314,-0.013026,0.342967,0.594823,-0.008740,0.322720,0.569342,-0.005289,0.340160,0.575604,-0.019756,0.339537,0.608611,-0.015813,0.331399,0.605686,-0.009317,0.311153,0.581196,-0.009918,0.327479,0.588474,-0.019279,0.327990,0.611266,-0.016550,0.320001,0.611005,-0.011878
1780387692.452,left,pinch,0.335920,0.682550,-0.000000,0.352816,0.658440,-0.007617,0.366570,0.620334,-0.013516,0.374563,0.587332,-0.020636,0.369774,0.561800,-0.026152,0.348804,0.565280,0.000209,0.360097,0.544959,-0.012554,0.365383,0.549267,-0.017470,0.365523,0.555275,-0.018105,0.333627,0.565598,-0.001500,0.350782,0.564712,-0.013575,0.350176,0.603785,-0.013030,0.342779,0.603199,-0.008993,0.320728,0.573713,-0.005885,0.339074,0.581080,-0.019952,0.338429,0.615144,-0.015742,0.330701,0.614745,-0.009143,0.308519,0.587920,-0.011081,0.325406,0.593339,-0.019707,0.326183,0.616548,-0.016219,0.318794,0.619142,-0.010968
1780387692.975,left,pinch,0.328250,0.700635,-0.000000,0.346750,0.670695,-0.008518,0.359761,0.632493,-0.014962,0.365769,0.597877,-0.022486,0.358455,0.572842,-0.027779,0.338233,0.575544,0.000128,0.351553,0.556387,-0.013975,0.356192,0.575932,-0.019493,0.353804,0.587870,-0.020179,0.323222,0.576928,-0.001206,0.341865,0.577373,-0.013704,0.342734,0.618170,-0.013613,0.335171,0.617999,-0.009886,0.310472,0.585754,-0.005448,0.330710,0.595191,-0.019264,0.330855,0.629744,-0.015336,0.322694,0.630616,-0.008952,0.298464,0.600414,-0.010657,0.317315,0.609565,-0.018650,0.318697,0.633092,-0.015429,0.311141,0.636727,-0.010300
1780387693.523,left,pinch,0.326521,0.700646,-0.000000,0.345090,0.671602,-0.008401,0.358579,0.632798,-0.015136,0.366237,0.598287,-0.022998,0.360498,0.573418,-0.028618,0.336403,0.570975,-0.001184,0.351156,0.552161,-0.015047,0.356092,0.574131,-0.020152,0.353650,0.587791,-0.020672,0.320770,0.572958,-0.002891,0.341471,0.575923,-0.015077,0.342514,0.618284,-0.014866,0.334090,0.617599,-0.011206,0.308017,0.583401,-0.007313,0.329876,0.594634,-0.020750,0.330488,0.630345,-0.016663,0.321788,0.630692,-0.010381,0.296371,0.599889,-0.012687,0.315725,0.608285,-0.020471,0.317982,0.632571,-0.016838,0.310633,0.636772,-0.011468
1780387694.047,left,pinch,0.340251,0.684742,-0.000000,0.357729,0.658050,-0.006395,0.371332,0.618304,-0.012216,0.380003,0.585342,-0.019598,0.376337,0.559439,-0.025705,0.347732,0.563295,0.001194,0.360011,0.542943,-0.010728,0.368795,0.543896,-0.015636,0.373981,0.547664,-0.016635,0.333211,0.564523,-0.001169,0.354302,0.564876,-0.013137,0.354885,0.604572,-0.013144,0.347476,0.606154,-0.009510,0.321235,0.573485,-0.005933,0.343614,0.581517,-0.019903,0.343469,0.616379,-0.016312,0.335729,0.617275,-0.010065,0.310103,0.588233,-0.011367,0.330392,0.593098,-0.019701,0.331923,0.617166,-0.016247,0.324481,0.621745,-0.010989
1780387694.571,left,pinch,0.341171,0.718113,-0.000000,0.360763,0.694433,-0.006887,0.375797,0.656590,-0.012745,0.386413,0.627729,-0.020066,0.386443,0.605684,-0.025755,0.350370,0.589868,-0.000814,0.369543,0.571620,-0.014352,0.379495,0.592228,-0.021441,0.382191,0.607103,-0.023856,0.336529,0.590411,-0.003424,0.361449,0.600110,-0.016054,0.360542,0.640514,-0.018380,0.351427,0.645550,-0.016983,0.325115,0.601633,-0.008363,0.350059,0.616558,-0.021285,0.348791,0.652209,-0.018718,0.340789,0.655282,-0.013798,0.315201,0.619007,-0.014162,0.336542,0.629645,-0.021134,0.337747,0.654297,-0.017588,0.331281,0.659364,-0.012602
1780387695.094,left,pinch,0.369542,0.742442,-0.000000,0.391830,0.719114,-0.005022,0.409634,0.679887,-0.010766,0.421241,0.654539,-0.018114,0.427585,0.631845,-0.024189,0.375634,0.602954,-0.000937,0.402110,0.589381,-0.015201,0.417908,0.605075,-0.024391,0.427452,0.616286,-0.028484,0.362265,0.606128,-0.004630,0.398357,0.618460,-0.017761,0.396518,0.656648,-0.022277,0.386696,0.666958,-0.022784,0.352583,0.621685,-0.010069,0.388119,0.638777,-0.022538,0.385854,0.673195,-0.021158,0.377589,0.678030,-0.017153,0.345056,0.643333,-0.016231,0.374903,0.652011,-0.021923,0.375410,0.675991,-0.018118,0.368436,0.682810,-0.013024
1780387695.597,left,pinch,0.422812,0.682387,-0.000000,0.459497,0.649201,0.000317,0.479741,0.605973,-0.004033,0.496442,0.581779,-0.011654,0.511740,0.562148,-0.018241,0.438950,0.522933,0.006308,0.477590,0.511793,-0.007882,0.498607,0.526647,-0.018921,0.512094,0.539600,-0.025587,0.429609,0.523238,-0.001231,0.478909,0.540481,-0.016500,0.472256,0.580446,-0.021744,0.458362,0.589335,-0.022865,0.426299,0.537394,-0.010542,0.473996,0.560352,-0.023722,0.465393,0.595920,-0.022008,0.452222,0.599392,-0.018430,0.426816,0.558140,-0.020562,0.463860,0.577509,-0.027350,0.458151,0.602440,-0.024441,0.446714,0.604413,-0.020716
1780387696.116,left,pinch,0.441235,0.637558,-0.000000,0.475671,0.609595,0.000750,0.496570,0.566974,-0.002393,0.513035,0.541603,-0.008707,0.528079,0.521547,-0.014029,0.462465,0.485776,0.007634,0.496933,0.474307,-0.005690,0.518528,0.487678,-0.015759,0.533685,0.497914,-0.021579,0.452681,0.481827,0.000645,0.498043,0.502900,-0.013703,0.490640,0.541677,-0.017789,0.476105,0.547519,-0.018116,0.448051,0.492914,-0.008206,0.493408,0.520369,-0.022030,0.485498,0.557975,-0.019764,0.473038,0.561655,-0.015224,0.446941,0.511887,-0.017578,0.483619,0.532897,-0.024549,0.479187,0.559249,-0.021113,0.467896,0.562851,-0.016662
1780387696.630,left,pinch,0.347703,0.541047,-0.000000,0.376025,0.522557,-0.003585,0.403370,0.485269,-0.007034,0.423771,0.462131,-0.012799,0.431469,0.439449,-0.017319,0.388665,0.408515,0.004941,0.413281,0.400562,-0.007732,0.423015,0.411276,-0.014573,0.428182,0.416304,-0.017488,0.374039,0.397550,0.000458,0.400824,0.419888,-0.013159,0.390585,0.457664,-0.015724,0.381030,0.454393,-0.014183,0.359200,0.397797,-0.006296,0.385603,0.426962,-0.021264,0.375247,0.460883,-0.018659,0.365772,0.455211,-0.013155,0.344205,0.404934,-0.013645,0.368223,0.428114,-0.022160,0.362980,0.452434,-0.018660,0.353219,0.449675,-0.013451
1780387697.172,left,pinch,0.240373,0.478314,-0.000000,0.261216,0.452485,-0.006106,0.277826,0.411563,-0.008584,0.283342,0.373038,-0.012141,0.274016,0.343885,-0.013950,0.274938,0.370751,0.004210,0.282545,0.343583,-0.006442,0.280341,0.369683,-0.011905,0.276722,0.379860,-0.013727,0.259185,0.367012,0.002731,0.265389,0.348177,-0.007029,0.263456,0.385680,-0.008666,0.260390,0.388877,-0.007334,0.242191,0.369529,-0.001095,0.247681,0.352142,-0.012571,0.248236,0.387201,-0.008970,0.244989,0.392364,-0.003588,0.223340,0.373908,-0.005436,0.229558,0.359516,-0.011165,0.232808,0.380589,-0.006318,0.231147,0.385372,-0.000873
1780387697.681,left,pinch,0.242187,0.465683,-0.000000,0.262520,0.431704,-0.007401,0.275094,0.388613,-0.009570,0.280178,0.346027,-0.012642,0.274819,0.312900,-0.013308,0.264791,0.354086,0.009308,0.272290,0.331634,-0.001092,0.269951,0.361386,-0.006338,0.263545,0.364764,-0.008016,0.251405,0.353432,0.008921,0.258174,0.331884,-0.001503,0.257762,0.370583,-0.003663,0.253485,0.366617,-0.002161,0.237648,0.357625,0.005556,0.243621,0.338706,-0.007224,0.245729,0.373871,-0.004125,0.241335,0.373008,0.001501,0.222345,0.363119,0.001593,0.230705,0.348635,-0.004820,0.233036,0.371470,-0.000248,0.228517,0.374950,0.005294
1780387698.201,left,pinch,0.190581,0.469165,-0.000000,0.207629,0.428293,-0.013070,0.211248,0.387089,-0.019019,0.196347,0.361874,-0.025005,0.179530,0.355269,-0.028639,0.213758,0.337966,-0.002310,0.204427,0.301759,-0.017844,0.199760,0.324664,-0.027527,0.200184,0.345513,-0.031719,0.195765,0.343292,-0.001870,0.183628,0.326519,-0.018092,0.186290,0.360405,-0.023561,0.193886,0.374711,-0.023558,0.179051,0.354468,-0.004813,0.169811,0.344603,-0.020770,0.175099,0.373235,-0.021409,0.182845,0.382938,-0.017502,0.164360,0.369999,-0.009136,0.160376,0.362383,-0.017349,0.165105,0.380881,-0.015647,0.170897,0.389597,-0.011683
1780387698.756,left,pinch,0.218002,0.355648,-0.000000,0.202328,0.363233,-0.024671,0.181823,0.348273,-0.036081,0.159710,0.336042,-0.041704,0.141590,0.326286,-0.044987,0.214402,0.267654,-0.031951,0.180149,0.268313,-0.042177,0.159469,0.283170,-0.048090,0.147404,0.292994,-0.052155,0.211827,0.251309,-0.022609,0.177236,0.272653,-0.032532,0.176952,0.301752,-0.033794,0.185544,0.311685,-0.034587,0.206367,0.247456,-0.014661,0.175293,0.271157,-0.022535,0.176612,0.297713,-0.019908,0.183599,0.305483,-0.018279,0.201794,0.250740,-0.009042,0.180387,0.265508,-0.017580,0.180068,0.288599,-0.017447,0.184279,0.300367,-0.015785
1780387699.356,left,pinch,0.315324,0.322429,-0.000000,0.304178,0.330977,-0.023357,0.286702,0.319929,-0.033828,0.266129,0.308883,-0.039499,0.250635,0.293969,-0.042871,0.314690,0.241910,-0.025204,0.286720,0.243239,-0.037665,0.268628,0.260363,-0.046643,0.256348,0.272377,-0.052356,0.308347,0.230010,-0.016983,0.281285,0.247596,-0.029363,0.284353,0.275234,-0.033381,0.293559,0.285030,-0.035060,0.300191,0.228334,-0.010666,0.275778,0.249961,-0.020713,0.280208,0.274159,-0.019209,0.287936,0.282979,-0.017174,0.292777,0.234452,-0.006606,0.274959,0.250786,-0.016426,0.277655,0.270950,-0.016726,0.283591,0.281723,-0.014698
1780387699.865,left,pinch,0.350454,0.322648,-0.000000,0.333251,0.328653,-0.024909,0.311192,0.316523,-0.035486,0.290274,0.303613,-0.040122,0.275850,0.287114,-0.042275,0.341306,0.239426,-0.030390,0.308528,0.237515,-0.039168,0.289634,0.254145,-0.043703,0.276502,0.268921,-0.046084,0.340652,0.225104,-0.019216,0.307593,0.243639,-0.029103,0.307676,0.271672,-0.031246,0.314262,0.285986,-0.031680,0.336223,0.220824,-0.009200,0.307072,0.243630,-0.017401,0.310254,0.268132,-0.017267,0.316459,0.280593,-0.016204,0.331683,0.223473,-0.001201,0.311573,0.240715,-0.009998,0.312799,0.262381,-0.011698,0.316877,0.276245,-0.010697
1780387700.412,left,pinch,0.345737,0.331831,-0.000000,0.333321,0.337199,-0.026227,0.310714,0.323109,-0.036270,0.287203,0.313162,-0.039860,0.270013,0.301264,-0.041087,0.336294,0.247119,-0.030020,0.305228,0.245776,-0.038882,0.285916,0.262447,-0.044661,0.271919,0.276792,-0.048112,0.333165,0.237471,-0.017856,0.304739,0.259073,-0.026452,0.306676,0.284017,-0.028494,0.314121,0.296015,-0.029193,0.326904,0.237327,-0.007208,0.301461,0.262038,-0.014702,0.305837,0.284506,-0.014768,0.312333,0.294666,-0.014052,0.321180,0.242965,0.001233,0.302851,0.262359,-0.007595,0.305258,0.282397,-0.009567,0.309992,0.294993,-0.008894
1780387700.959,left,pinch,0.340160,0.338767,-0.000000,0.328671,0.343939,-0.025871,0.307363,0.331165,-0.035976,0.284586,0.321546,-0.039959,0.268205,0.309619,-0.041743,0.331732,0.257295,-0.027943,0.302844,0.256724,-0.038380,0.284411,0.272097,-0.045507,0.271782,0.285169,-0.049499,0.327371,0.248414,-0.016711,0.299686,0.264843,-0.027150,0.299387,0.292049,-0.030272,0.305399,0.305759,-0.030934,0.320095,0.248144,-0.007280,0.295369,0.265707,-0.017086,0.298179,0.290297,-0.017885,0.303962,0.302239,-0.016695,0.313817,0.253617,0.000169,0.296052,0.266391,-0.009722,0.297841,0.287032,-0.011491,0.302346,0.300645,-0.010166
1780387701.519,left,pinch,0.315496,0.346706,-0.000000,0.305459,0.346955,-0.021617,0.290590,0.327796,-0.031006,0.272385,0.313998,-0.036086,0.257766,0.297823,-0.038261,0.320139,0.256223,-0.019051,0.289195,0.257157,-0.032304,0.275158,0.269916,-0.040078,0.267355,0.270073,-0.044287,0.314035,0.248522,-0.012007,0.282255,0.266066,-0.026801,0.285069,0.296527,-0.029537,0.294002,0.299646,-0.028650,0.305509,0.249554,-0.007488,0.276950,0.270617,-0.020534,0.281793,0.298348,-0.018132,0.290183,0.298639,-0.013992,0.297459,0.256713,-0.005020,0.277311,0.273923,-0.015557,0.280488,0.296798,-0.015446,0.287789,0.302348,-0.012382
1780387702.024,left,pinch,0.285738,0.419144,-0.000000,0.276159,0.411914,-0.018644,0.265161,0.391396,-0.027280,0.251366,0.373654,-0.032794,0.240175,0.355927,-0.036971,0.294800,0.326969,-0.013754,0.270027,0.315707,-0.024746,0.253309,0.323123,-0.033978,0.242679,0.330431,-0.039090,0.291732,0.323285,-0.007664,0.268235,0.309881,-0.019453,0.253075,0.324890,-0.026794,0.244012,0.337736,-0.029478,0.286118,0.324864,-0.003413,0.264164,0.316708,-0.013899,0.253986,0.333422,-0.017555,0.249374,0.345826,-0.017296,0.280534,0.331551,-0.000651,0.263037,0.325864,-0.009477,0.255080,0.337703,-0.011934,0.251706,0.347910,-0.010859
1780387702.534,left,pinch,0.246665,0.468712,-0.000000,0.253150,0.468358,-0.021452,0.253726,0.454390,-0.032394,0.244848,0.437374,-0.040007,0.237760,0.417163,-0.045969,0.273693,0.387594,-0.018979,0.257890,0.372288,-0.032343,0.245252,0.382388,-0.041488,0.239601,0.394611,-0.046563,0.260388,0.378094,-0.013153,0.244132,0.365591,-0.027240,0.236333,0.386634,-0.033263,0.236432,0.403630,-0.034561,0.246837,0.378272,-0.009698,0.230645,0.373047,-0.021967,0.227762,0.394255,-0.023364,0.230918,0.408340,-0.021483,0.235416,0.385965,-0.008181,0.223160,0.384495,-0.018666,0.222448,0.400468,-0.020626,0.226976,0.411455,-0.019141
1780387703.060,left,pinch,0.234273,0.526059,-0.000000,0.248554,0.513959,-0.015497,0.257811,0.487069,-0.022864,0.249554,0.460437,-0.028520,0.241573,0.437010,-0.031299,0.270432,0.426404,-0.008434,0.256755,0.410292,-0.022861,0.245386,0.429279,-0.029723,0.241091,0.440121,-0.032201,0.253573,0.417701,-0.005294,0.237344,0.425228,-0.019080,0.236429,0.461245,-0.020490,0.243055,0.463387,-0.018215,0.237098,0.418571,-0.005207,0.222538,0.431593,-0.019190,0.224788,0.462642,-0.016438,0.231928,0.461740,-0.011375,0.221917,0.424279,-0.006647,0.213613,0.433505,-0.015445,0.215496,0.457635,-0.013581,0.220961,0.459218,-0.009515
1780387703.566,left,pinch,0.298276,0.654292,-0.000000,0.317090,0.633231,-0.007173,0.331633,0.596387,-0.011473,0.333912,0.565782,-0.015882,0.324730,0.546876,-0.018381,0.312386,0.534894,-0.003242,0.320192,0.519095,-0.014733,0.326077,0.553384,-0.020459,0.325434,0.571535,-0.022487,0.296539,0.534608,-0.004551,0.306242,0.534908,-0.014502,0.311182,0.574645,-0.016220,0.307743,0.584042,-0.015496,0.281395,0.545386,-0.007727,0.293124,0.551049,-0.018622,0.298798,0.586568,-0.015427,0.296005,0.594720,-0.011010,0.267369,0.563340,-0.011586,0.279451,0.567766,-0.018275,0.284992,0.592348,-0.014677,0.282215,0.600019,-0.010159
1780387704.074,left,pinch,0.276596,0.701705,-0.000000,0.294821,0.685231,-0.012226,0.310983,0.646172,-0.018881,0.311129,0.618735,-0.024907,0.296897,0.610776,-0.029247,0.291038,0.587285,-0.007967,0.289661,0.557718,-0.023650,0.295272,0.590296,-0.032542,0.298909,0.616927,-0.035565,0.272653,0.594471,-0.007434,0.268646,0.568217,-0.021876,0.275984,0.610017,-0.024902,0.280556,0.632625,-0.023503,0.255287,0.609097,-0.009431,0.252295,0.585981,-0.023646,0.261695,0.622694,-0.019712,0.266958,0.643763,-0.013354,0.238577,0.629915,-0.012466,0.239541,0.609214,-0.021401,0.248461,0.633767,-0.017021,0.253779,0.650792,-0.011111
1780387704.591,left,pinch,0.195977,0.677809,-0.000000,0.203855,0.653064,-0.019487,0.202044,0.630091,-0.030501,0.187440,0.621652,-0.038947,0.172812,0.617486,-0.045130,0.194758,0.550818,-0.013102,0.174863,0.557100,-0.029063,0.168272,0.584270,-0.040241,0.168555,0.602319,-0.045991,0.177702,0.558038,-0.009067,0.159115,0.571635,-0.026914,0.166231,0.606134,-0.033580,0.175816,0.621772,-0.033375,0.163076,0.573921,-0.007832,0.150543,0.594066,-0.023487,0.160818,0.619418,-0.024039,0.170411,0.626700,-0.019762,0.152996,0.594266,-0.008498,0.147740,0.611017,-0.019491,0.156650,0.629293,-0.019773,0.164908,0.633548,-0.016049
1780387705.363,left,pinch,0.199475,0.737605,-0.000000,0.184546,0.759636,-0.019963,0.162436,0.765323,-0.029776,0.143309,0.770950,-0.035712,0.127846,0.771496,-0.039860,0.159327,0.675035,-0.021388,0.138438,0.716619,-0.035071,0.133375,0.743200,-0.044181,0.128593,0.754028,-0.049383,0.159979,0.661099,-0.015496,0.139557,0.712408,-0.029183,0.147818,0.735520,-0.032361,0.154055,0.736542,-0.032601,0.160465,0.658914,-0.011672,0.141543,0.709362,-0.022757,0.150738,0.728928,-0.020728,0.156398,0.728691,-0.017601,0.162017,0.663400,-0.009837,0.147790,0.704713,-0.018394,0.152804,0.722804,-0.018109,0.156839,0.726499,-0.015494
1780387705.893,left,pinch,0.208387,0.752105,-0.000000,0.196384,0.780998,-0.023545,0.172912,0.794769,-0.031169,0.153737,0.803728,-0.032653,0.137826,0.805059,-0.032079,0.161572,0.713264,-0.026976,0.140931,0.753898,-0.037039,0.132338,0.786245,-0.043427,0.126885,0.809662,-0.046487,0.160422,0.698899,-0.016302,0.145024,0.752539,-0.023488,0.152826,0.774848,-0.023625,0.160359,0.780894,-0.022794,0.159232,0.699254,-0.007403,0.144990,0.753924,-0.014596,0.155160,0.770632,-0.012535,0.162103,0.772519,-0.009799,0.159981,0.706668,-0.000468,0.149219,0.752506,-0.007189,0.155803,0.767208,-0.006366,0.161488,0.773457,-0.003547
1780387706.438,left,pinch,0.225588,0.726898,-0.000000,0.213500,0.757720,-0.021080,0.188060,0.780699,-0.029850,0.165105,0.798255,-0.033129,0.148259,0.805464,-0.034454,0.178997,0.698683,-0.028472,0.151891,0.741985,-0.035670,0.143588,0.773382,-0.038695,0.139602,0.797316,-0.040207,0.174866,0.680772,-0.018304,0.156664,0.736039,-0.026579,0.165518,0.756386,-0.027362,0.173988,0.760977,-0.027254,0.172078,0.678026,-0.008700,0.157256,0.730150,-0.016400,0.166549,0.745127,-0.015528,0.174833,0.747841,-0.014058,0.171047,0.682669,-0.000445,0.161209,0.723709,-0.008945,0.168296,0.739697,-0.010233,0.174663,0.744746,-0.009210
1780387706.952,left,pinch,0.264551,0.626337,-0.000000,0.251969,0.653955,-0.020313,0.229042,0.662407,-0.029100,0.210316,0.664130,-0.034306,0.197053,0.660346,-0.037169,0.221604,0.584551,-0.018302,0.209096,0.611103,-0.034104,0.219629,0.619818,-0.044143,0.228531,0.613182,-0.049211,0.221516,0.572205,-0.012474,0.208125,0.602937,-0.027723,0.219872,0.618961,-0.032446,0.228657,0.612781,-0.033162,0.221605,0.569258,-0.009171,0.208288,0.599035,-0.022876,0.218819,0.617065,-0.021378,0.227573,0.614906,-0.017428,0.221840,0.573105,-0.007791,0.210505,0.597326,-0.018031,0.217350,0.612868,-0.017497,0.225296,0.612230,-0.014030
1780387707.452,left,pinch,0.272902,0.578934,-0.000000,0.265701,0.589214,-0.027317,0.249783,0.586270,-0.042035,0.227587,0.580773,-0.051105,0.209238,0.571394,-0.058291,0.270455,0.498865,-0.034874,0.237841,0.516059,-0.050234,0.220380,0.537960,-0.060164,0.210052,0.552396,-0.066130,0.259901,0.483465,-0.025404,0.229693,0.509562,-0.040891,0.226705,0.540956,-0.046001,0.230822,0.555731,-0.048146,0.248860,0.481919,-0.017578,0.223455,0.504412,-0.030225,0.220287,0.535053,-0.030066,0.222281,0.552379,-0.028506,0.239905,0.489064,-0.011971,0.223558,0.508654,-0.023311,0.219958,0.531146,-0.025036,0.220956,0.546704,-0.023775
1780387707.966,left,pinch,0.314123,0.590416,-0.000000,0.329229,0.593482,-0.015699,0.341163,0.589149,-0.026433,0.334027,0.581294,-0.035211,0.324627,0.574562,-0.041983,0.355162,0.506288,-0.018111,0.338140,0.513347,-0.034313,0.325352,0.545645,-0.043537,0.322203,0.564266,-0.047898,0.336573,0.490314,-0.016290,0.319392,0.511555,-0.031122,0.314537,0.545572,-0.034597,0.317564,0.556956,-0.034529,0.317933,0.487063,-0.016487,0.303650,0.509564,-0.029178,0.302718,0.538765,-0.027007,0.307059,0.547406,-0.023219,0.301210,0.493153,-0.018251,0.291045,0.512069,-0.026462,0.292220,0.536441,-0.024380,0.297635,0.543564,-0.020413
1780387708.498,left,pinch,0.400246,0.625020,-0.000000,0.423305,0.624398,-0.008355,0.446359,0.609596,-0.015853,0.459537,0.593695,-0.023475,0.454092,0.577491,-0.029229,0.447063,0.503815,-0.006856,0.456868,0.524003,-0.020299,0.454803,0.557140,-0.028002,0.452334,0.568188,-0.031394,0.429568,0.492135,-0.008743,0.438949,0.539357,-0.018091,0.431942,0.572683,-0.020209,0.426966,0.567128,-0.020528,0.411149,0.496247,-0.012386,0.421180,0.545280,-0.021046,0.416528,0.572095,-0.018375,0.412078,0.566002,-0.015404,0.393058,0.509247,-0.017210,0.403580,0.546626,-0.021320,0.401654,0.568652,-0.017642,0.397320,0.566133,-0.013485
1780387709.021,left,pinch,0.439808,0.692043,-0.000000,0.466157,0.693676,-0.007073,0.490521,0.678025,-0.015093,0.508003,0.670049,-0.024389,0.521059,0.665323,-0.031601,0.489580,0.571573,-0.004124,0.512276,0.591224,-0.022005,0.518753,0.628024,-0.032891,0.522391,0.652812,-0.037394,0.474562,0.562446,-0.007731,0.498129,0.619828,-0.022188,0.483745,0.647277,-0.025048,0.474193,0.638600,-0.024582,0.459348,0.570865,-0.013796,0.482289,0.628664,-0.026099,0.470438,0.649407,-0.022570,0.464242,0.639443,-0.017770,0.445165,0.587409,-0.021216,0.465538,0.631672,-0.026677,0.457549,0.647596,-0.022489,0.450604,0.640973,-0.017365
1780387709.554,left,pinch,0.495063,0.735794,0.000000,0.532620,0.735120,-0.002562,0.561339,0.716395,-0.007848,0.581369,0.710049,-0.015369,0.600591,0.703220,-0.021388,0.547703,0.611151,0.001787,0.583390,0.635516,-0.012984,0.596975,0.669746,-0.023907,0.604969,0.694638,-0.030215,0.538203,0.604373,-0.003899,0.573771,0.659770,-0.019247,0.558636,0.683998,-0.025323,0.544683,0.678273,-0.027427,0.530191,0.615563,-0.011317,0.562030,0.672974,-0.023689,0.546279,0.692607,-0.022709,0.534564,0.682950,-0.020166,0.523748,0.635168,-0.019671,0.547620,0.681731,-0.026053,0.537125,0.696290,-0.023945,0.527360,0.687576,-0.020981
1780387710.062,left,pinch,0.566628,0.716152,0.000000,0.604059,0.713532,0.000745,0.630908,0.691740,-0.002773,0.652385,0.682607,-0.009970,0.671908,0.674716,-0.016218,0.612781,0.598049,0.011124,0.646850,0.611177,-0.001624,0.665109,0.636462,-0.012165,0.675888,0.657624,-0.018135,0.607499,0.590528,0.003899,0.644234,0.635017,-0.011346,0.630148,0.660975,-0.017469,0.613684,0.657651,-0.018241,0.604134,0.598074,-0.005202,0.638164,0.645593,-0.018198,0.622567,0.670162,-0.017126,0.608365,0.665568,-0.012943,0.601925,0.613786,-0.014945,0.627398,0.654141,-0.021097,0.616979,0.670804,-0.018074,0.605721,0.666201,-0.013597
1780387710.601,left,pinch,0.588293,0.715276,0.000000,0.619480,0.708659,-0.001863,0.641559,0.685981,-0.007238,0.661653,0.671025,-0.014633,0.680421,0.657231,-0.020743,0.614874,0.592451,0.004960,0.651939,0.602561,-0.007574,0.672363,0.624091,-0.017963,0.685024,0.643796,-0.024354,0.614587,0.585831,-0.000507,0.655787,0.617925,-0.015392,0.648315,0.651653,-0.021651,0.634086,0.659686,-0.022951,0.617329,0.593849,-0.007496,0.655954,0.634571,-0.020220,0.646139,0.663651,-0.020031,0.632749,0.663414,-0.016966,0.622316,0.609765,-0.015077,0.651018,0.648585,-0.021440,0.643044,0.669807,-0.019740,0.631493,0.667432,-0.016637
1780387711.120,left,pinch,0.587260,0.747804,0.000000,0.601756,0.701364,0.003562,0.623359,0.678308,-0.001038,0.648227,0.688968,-0.008144,0.667845,0.707632,-0.014707,0.620944,0.632385,-0.000513,0.657909,0.657689,-0.009205,0.672894,0.682863,-0.015809,0.680854,0.703909,-0.020085,0.627391,0.644083,-0.007708,0.659668,0.685192,-0.016797,0.652515,0.710502,-0.020693,0.640652,0.719931,-0.022130,0.633810,0.666161,-0.014850,0.662541,0.707755,-0.020744,0.651625,0.729278,-0.018857,0.639613,0.732858,-0.016426,0.640495,0.693020,-0.022209,0.658902,0.727092,-0.023418,0.649919,0.744353,-0.019597,0.641064,0.747949,-0.015903
1780387711.660,left,pinch,0.603547,0.775458,0.000000,0.618104,0.726086,0.006362,0.635959,0.705795,0.003022,0.655893,0.715044,-0.003177,0.670611,0.732704,-0.008993,0.641447,0.671060,0.001250,0.674499,0.701661,-0.005083,0.687888,0.726741,-0.010506,0.694559,0.747247,-0.014371,0.649718,0.684085,-0.006568,0.674076,0.724179,-0.012513,0.668792,0.746470,-0.015951,0.658937,0.757589,-0.017793,0.656611,0.707595,-0.013829,0.677425,0.747555,-0.017039,0.668029,0.765822,-0.014915,0.657223,0.770693,-0.013052,0.663023,0.736345,-0.021075,0.676550,0.769290,-0.020900,0.668335,0.783058,-0.016874,0.659588,0.787377,-0.013234
1780387712.169,left,pinch,0.643778,0.728146,0.000000,0.645820,0.683757,0.002882,0.654333,0.656913,0.000328,0.668562,0.651670,-0.003415,0.679675,0.660730,-0.006372,0.655891,0.623845,-0.001360,0.679862,0.636703,-0.004875,0.687015,0.653292,-0.006736,0.687472,0.666556,-0.008069,0.668678,0.634554,-0.006000,0.690024,0.649382,-0.008074,0.694555,0.666056,-0.009170,0.693398,0.679174,-0.009887,0.681135,0.653196,-0.010285,0.699206,0.670043,-0.011418,0.700354,0.684442,-0.010369,0.697828,0.693584,-0.009814,0.693237,0.677729,-0.014581,0.704367,0.696069,-0.014635,0.702951,0.706306,-0.012585,0.699673,0.711255,-0.010583
1780387712.719,left,pinch,0.711968,0.763625,0.000000,0.723985,0.759818,0.002884,0.738881,0.760995,-0.001085,0.756764,0.774960,-0.007400,0.772969,0.782892,-0.012955,0.734641,0.697603,0.003606,0.754505,0.727232,-0.002795,0.763674,0.751858,-0.009612,0.768027,0.768857,-0.014904,0.742671,0.692697,-0.002878,0.759238,0.722593,-0.008783,0.762258,0.749194,-0.014301,0.760885,0.767350,-0.018415,0.751488,0.698997,-0.009541,0.769359,0.735476,-0.014630,0.767107,0.761755,-0.014390,0.762234,0.774626,-0.014247,0.761698,0.713836,-0.016512,0.775312,0.750479,-0.019761,0.774212,0.769208,-0.018314,0.771167,0.777659,-0.016945
1780387713.224,left,pinch,0.757580,0.767349,0.000000,0.769881,0.789306,0.002582,0.783653,0.804507,-0.000127,0.797187,0.826278,-0.005469,0.810952,0.837097,-0.010107,0.787330,0.732213,0.009175,0.803164,0.771408,0.002435,0.809976,0.799863,-0.005363,0.812776,0.819134,-0.010636,0.793707,0.723212,0.003589,0.808432,0.772947,-0.003464,0.803225,0.788765,-0.010599,0.794567,0.790745,-0.014936,0.800076,0.723957,-0.002620,0.815149,0.776041,-0.008783,0.804687,0.790440,-0.010676,0.794874,0.787669,-0.010771,0.807055,0.730620,-0.008990,0.818022,0.777461,-0.010658,0.810442,0.786325,-0.009224,0.802804,0.781430,-0.007652
1780387713.768,left,pinch,0.791794,0.789125,0.000000,0.802359,0.817592,0.001865,0.814258,0.836064,0.001770,0.825693,0.850614,-0.001020,0.837632,0.858389,-0.003409,0.823993,0.785886,0.014732,0.830548,0.808397,0.011426,0.834903,0.827964,0.006581,0.836095,0.842333,0.003579,0.827942,0.777284,0.010626,0.836131,0.805030,0.006332,0.833017,0.822190,0.001519,0.826811,0.828221,-0.000717,0.832294,0.768653,0.005303,0.838958,0.798846,0.000405,0.829072,0.809125,-0.000946,0.819117,0.806888,-0.000126,0.836131,0.759915,-0.000296,0.841970,0.789893,-0.001663,0.834454,0.798616,-0.000066,0.825580,0.796564,0.001981
1780387714.317,left,pinch,0.778285,0.703344,-0.000000,0.785173,0.725537,0.004680,0.796747,0.739210,0.005494,0.806893,0.750877,0.003854,0.816768,0.754605,0.002897,0.801666,0.679751,0.012970,0.809882,0.710493,0.011279,0.807650,0.725616,0.008196,0.804327,0.729380,0.005673,0.808678,0.667535,0.008147,0.818580,0.707445,0.006178,0.813381,0.720865,0.002865,0.807186,0.719367,0.000429,0.815403,0.663434,0.002711,0.825353,0.705751,0.000924,0.817538,0.715478,-0.000712,0.811070,0.709776,-0.002023,0.822430,0.663715,-0.002725,0.826306,0.705485,-0.002255,0.819327,0.712134,-0.002500,0.813778,0.705404,-0.003147
1780387714.864,left,pinch,0.741284,0.678168,-0.000000,0.751827,0.668650,0.008182,0.765585,0.667833,0.008094,0.778026,0.683115,0.004498,0.788084,0.696472,0.000955,0.769835,0.630462,0.011067,0.787444,0.669956,0.005537,0.794145,0.699976,-0.001039,0.796765,0.720577,-0.005849,0.780198,0.628166,0.003230,0.791282,0.674984,-0.002202,0.785110,0.690822,-0.008086,0.776026,0.695891,-0.012033,0.788767,0.635104,-0.004587,0.797930,0.685737,-0.008261,0.787028,0.700525,-0.008761,0.776637,0.699915,-0.008841,0.796309,0.648390,-0.012311,0.802706,0.691809,-0.012872,0.795447,0.700891,-0.011235,0.787953,0.696875,-0.009997
1780387715.405,left,pinch,0.779509,0.765538,0.000000,0.803263,0.808625,0.001506,0.830798,0.822647,-0.001467,0.850012,0.843395,-0.007741,0.867397,0.863457,-0.013514,0.857617,0.741400,0.008851,0.877573,0.797013,-0.003196,0.886280,0.838504,-0.013333,0.892509,0.870803,-0.020168,0.857363,0.729548,0.000835,0.872482,0.802837,-0.015306,0.849839,0.810205,-0.020690,0.838001,0.794868,-0.020853,0.853146,0.729587,-0.008619,0.864040,0.804731,-0.022660,0.842272,0.808048,-0.020008,0.833092,0.789865,-0.014704,0.846381,0.737279,-0.018585,0.853400,0.797683,-0.026119,0.838125,0.799578,-0.022360,0.830334,0.782326,-0.017374
1780387715.919,left,pinch,0.845308,0.764756,0.000000,0.872401,0.809431,0.000160,0.904172,0.828356,-0.003139,0.925464,0.849301,-0.009645,0.944824,0.864284,-0.015456,0.933781,0.741931,0.009357,0.952532,0.804040,-0.001778,0.959015,0.843874,-0.011045,0.965491,0.875021,-0.017518,0.933209,0.726991,0.001911,0.943682,0.805730,-0.012518,0.919809,0.806540,-0.017890,0.911331,0.787359,-0.018644,0.926712,0.724859,-0.007095,0.934408,0.803487,-0.020560,0.911577,0.800861,-0.018487,0.905422,0.779893,-0.014014,0.917334,0.730433,-0.016659,0.922771,0.792819,-0.024357,0.906591,0.793065,-0.020815,0.900107,0.774914,-0.016043
1780387716.462,left,pinch,0.862745,0.806098,0.000000,0.891044,0.853890,0.001792,0.925282,0.875530,-0.001161,0.947535,0.894977,-0.007428,0.966785,0.910569,-0.013141,0.959665,0.792320,0.008450,0.981438,0.853780,-0.004363,0.990928,0.895650,-0.014459,0.999719,0.926705,-0.021252,0.958143,0.772415,-0.000553,0.973232,0.854083,-0.015713,0.946516,0.858529,-0.020451,0.936709,0.837343,-0.020701,0.950179,0.765624,-0.011025,0.958059,0.848789,-0.025466,0.932729,0.850077,-0.021972,0.926203,0.827337,-0.016429,0.937981,0.767375,-0.021864,0.944390,0.830667,-0.028904,0.927511,0.836290,-0.023333,0.920315,0.817915,-0.017421
1780387717.006,left,pinch,0.773865,0.681242,-0.000000,0.807660,0.714654,-0.007190,0.849864,0.727403,-0.015453,0.880425,0.746916,-0.025852,0.906752,0.759189,-0.035008,0.876606,0.617733,-0.001747,0.904370,0.662597,-0.019713,0.907727,0.700112,-0.031526,0.909699,0.727352,-0.038372,0.867557,0.590857,-0.007586,0.883562,0.669334,-0.026957,0.854532,0.683669,-0.032274,0.843207,0.665729,-0.032730,0.852608,0.581268,-0.016039,0.862739,0.665135,-0.033892,0.836613,0.674424,-0.030830,0.829591,0.654051,-0.025450,0.835214,0.582581,-0.025721,0.844413,0.646536,-0.035074,0.827263,0.654666,-0.030850,0.820365,0.636126,-0.025647
1780387717.524,left,pinch,0.709603,0.523513,-0.000000,0.743927,0.544590,-0.007633,0.779502,0.543148,-0.015889,0.804969,0.540684,-0.026163,0.827180,0.536575,-0.034791,0.805678,0.446774,-0.002755,0.833878,0.471931,-0.021408,0.839668,0.500867,-0.032406,0.839401,0.522305,-0.037333,0.794285,0.418394,-0.007336,0.810614,0.479528,-0.026585,0.785635,0.503724,-0.031272,0.772603,0.492040,-0.030259,0.777239,0.406438,-0.014443,0.788654,0.473930,-0.033202,0.766789,0.494322,-0.030621,0.758112,0.479036,-0.024445,0.757592,0.403794,-0.022528,0.766486,0.458489,-0.033396,0.753378,0.475038,-0.029765,0.746278,0.460353,-0.023785
1780387718.065,left,pinch,0.768484,0.471462,-0.000000,0.803089,0.487045,-0.004718,0.845075,0.480010,-0.009678,0.874941,0.473185,-0.017058,0.896153,0.460536,-0.023703,0.858136,0.387688,0.003761,0.880830,0.406521,-0.009914,0.892462,0.424030,-0.017922,0.903474,0.438289,-0.022071,0.846547,0.359890,-0.001336,0.863423,0.410833,-0.017331,0.836635,0.435573,-0.019546,0.825456,0.424807,-0.016880,0.830179,0.346947,-0.008799,0.844154,0.407165,-0.026538,0.819940,0.428921,-0.022291,0.811433,0.416231,-0.014872,0.811466,0.341678,-0.016954,0.825178,0.389669,-0.027024,0.810720,0.408238,-0.022205,0.802337,0.397363,-0.015581
1780387718.580,left,pinch,0.799309,0.429129,0.000000,0.834144,0.445364,-0.008386,0.876734,0.432356,-0.014211,0.909770,0.419771,-0.021886,0.934723,0.402480,-0.028557,0.893694,0.351661,0.002792,0.916344,0.354241,-0.011426,0.929605,0.368336,-0.018712,0.940277,0.382357,-0.022405,0.880953,0.321136,-0.000633,0.899703,0.355751,-0.015594,0.874072,0.388190,-0.015603,0.865485,0.380486,-0.011999,0.863771,0.304012,-0.007347,0.879206,0.349109,-0.026256,0.856460,0.378166,-0.020020,0.848150,0.366842,-0.011587,0.843763,0.294414,-0.015047,0.857468,0.332984,-0.027514,0.844037,0.356037,-0.022622,0.836172,0.343662,-0.016085
1780387719.102,left,pinch,0.806336,0.327246,-0.000000,0.842019,0.339760,-0.008386,0.884708,0.317481,-0.011553,0.915516,0.293410,-0.016059,0.934614,0.262830,-0.019347,0.899478,0.250990,0.003689,0.920866,0.251220,-0.009569,0.929133,0.258444,-0.015511,0.936953,0.248778,-0.018379,0.884739,0.221636,0.000797,0.901784,0.237992,-0.013511,0.878233,0.275346,-0.013337,0.871800,0.261355,-0.009649,0.866154,0.203103,-0.005309,0.879757,0.227706,-0.024583,0.859068,0.264595,-0.018406,0.852020,0.250533,-0.009904,0.845293,0.190674,-0.012122,0.858894,0.215865,-0.025056,0.846302,0.244191,-0.019772,0.837826,0.232463,-0.012910
1780387719.638,left,pinch,0.807035,0.235666,0.000000,0.836879,0.252162,-0.012641,0.879412,0.222874,-0.016514,0.910696,0.185116,-0.020141,0.925031,0.143202,-0.023273,0.884747,0.170093,-0.002314,0.906056,0.154735,-0.014377,0.919959,0.148580,-0.020178,0.931852,0.136580,-0.023775,0.870434,0.143034,-0.002838,0.893057,0.138852,-0.020922,0.869832,0.178087,-0.022470,0.856290,0.179948,-0.018435,0.852850,0.124704,-0.006180,0.872165,0.131864,-0.028335,0.852271,0.172019,-0.022273,0.841286,0.170352,-0.012411,0.832271,0.110773,-0.010220,0.850588,0.125426,-0.025302,0.838022,0.154801,-0.020339,0.828112,0.148977,-0.013376
1780387720.184,left,pinch,0.761491,0.202719,-0.000000,0.793060,0.214937,-0.010875,0.831737,0.191349,-0.012068,0.858762,0.159168,-0.013407,0.871883,0.124183,-0.014984,0.836702,0.148926,-0.001392,0.859564,0.126228,-0.009872,0.872830,0.111046,-0.015380,0.883403,0.095226,-0.019129,0.822297,0.125390,-0.001033,0.836980,0.110203,-0.016447,0.820765,0.136410,-0.020798,0.808057,0.149710,-0.019436,0.805357,0.107461,-0.002692,0.817428,0.098854,-0.019429,0.802142,0.130049,-0.016144,0.792140,0.143000,-0.009180,0.786889,0.092813,-0.005251,0.798903,0.089130,-0.016157,0.789880,0.113853,-0.012391,0.783012,0.123570,-0.006727
1780387720.697,left,pinch,0.684700,0.249227,-0.000000,0.711886,0.260073,-0.010023,0.744578,0.237943,-0.012535,0.767565,0.205187,-0.015223,0.776785,0.168365,-0.018016,0.753822,0.198450,-0.000037,0.770791,0.184994,-0.008592,0.781264,0.172390,-0.014238,0.789078,0.157145,-0.018156,0.742495,0.173671,-0.000341,0.755458,0.161711,-0.013782,0.737905,0.187097,-0.017071,0.726747,0.194708,-0.015508,0.727974,0.155143,-0.002648,0.739030,0.148177,-0.018115,0.724418,0.178053,-0.014306,0.715168,0.187059,-0.007445,0.710718,0.139796,-0.005793,0.721509,0.134798,-0.015989,0.714364,0.158623,-0.011785,0.708812,0.167019,-0.006037
1780387721.233,left,pinch,0.590359,0.296502,-0.000000,0.615700,0.292054,-0.006795,0.640016,0.273057,-0.011229,0.656126,0.244667,-0.017048,0.659238,0.209095,-0.021016,0.658704,0.233951,-0.000383,0.678920,0.202377,-0.015710,0.663793,0.218654,-0.023876,0.652665,0.233780,-0.026237,0.645370,0.214951,-0.002692,0.658609,0.189520,-0.017875,0.640763,0.220117,-0.021158,0.634026,0.235934,-0.019152,0.630159,0.200293,-0.007372,0.640351,0.180581,-0.022832,0.625868,0.214040,-0.018684,0.619286,0.230453,-0.011141,0.613023,0.188039,-0.012652,0.624174,0.171311,-0.020964,0.616246,0.196901,-0.015177,0.610696,0.212195,-0.007742
1780387721.739,left,pinch,0.553482,0.328482,-0.000000,0.573113,0.325964,-0.010798,0.590905,0.311629,-0.019021,0.601549,0.288145,-0.027858,0.601947,0.257576,-0.035183,0.609506,0.262754,-0.005953,0.623989,0.234253,-0.021220,0.612650,0.245772,-0.030399,0.601035,0.262332,-0.033860,0.595571,0.245948,-0.006734,0.607206,0.217740,-0.022264,0.591880,0.249375,-0.026455,0.583146,0.271445,-0.025074,0.580754,0.233323,-0.009872,0.590942,0.205053,-0.024030,0.580050,0.238694,-0.020653,0.572444,0.262327,-0.014234,0.564263,0.225319,-0.014103,0.571062,0.205413,-0.023203,0.566729,0.230924,-0.019530,0.563268,0.250609,-0.013837
1780387722.264,left,pinch,0.509015,0.405015,-0.000000,0.528800,0.399417,-0.005301,0.547779,0.382967,-0.009406,0.558037,0.363134,-0.014706,0.555945,0.339212,-0.019288,0.553531,0.322797,-0.000384,0.564600,0.298246,-0.012178,0.562562,0.313682,-0.020485,0.557199,0.333127,-0.023782,0.540239,0.311812,-0.002405,0.547425,0.298460,-0.013526,0.540338,0.329584,-0.017719,0.534766,0.348793,-0.017904,0.525278,0.306684,-0.006165,0.532282,0.296749,-0.017014,0.527135,0.327021,-0.015115,0.522418,0.344757,-0.010912,0.508705,0.306444,-0.010491,0.516156,0.295203,-0.017358,0.514468,0.320125,-0.013661,0.511595,0.336339,-0.008676
1780387722.774,left,pinch,0.444452,0.468702,-0.000000,0.465229,0.456184,-0.005109,0.483053,0.428713,-0.008819,0.494298,0.406542,-0.013591,0.497058,0.385205,-0.017173,0.477009,0.364455,0.002102,0.488863,0.364650,-0.007313,0.490348,0.377201,-0.011950,0.488609,0.377970,-0.013700,0.463982,0.358058,-0.000084,0.478460,0.368784,-0.007912,0.473901,0.400408,-0.007818,0.468694,0.394512,-0.005719,0.450682,0.360613,-0.004299,0.464131,0.374530,-0.014430,0.460689,0.403938,-0.010756,0.454379,0.401210,-0.005944,0.436692,0.368697,-0.009164,0.449189,0.378255,-0.015695,0.448812,0.400065,-0.012088,0.443124,0.401066,-0.007549
1780387723.282,left,pinch,0.383950,0.534003,-0.000000,0.405643,0.517562,-0.002174,0.423738,0.484673,-0.005046,0.436749,0.461541,-0.010040,0.444864,0.440545,-0.014495,0.405005,0.420175,0.004869,0.422138,0.409412,-0.005286,0.433350,0.416368,-0.011374,0.441932,0.424046,-0.014049,0.392420,0.415278,0.000985,0.416888,0.429616,-0.009873,0.411355,0.465358,-0.011936,0.403747,0.470855,-0.010478,0.381404,0.420730,-0.004694,0.406041,0.441193,-0.017025,0.399891,0.472799,-0.015056,0.392343,0.474467,-0.010470,0.370980,0.432307,-0.010729,0.392323,0.447652,-0.017360,0.389343,0.470988,-0.014168,0.381882,0.473817,-0.009664
1780387723.828,left,pinch,0.360793,0.655725,-0.000000,0.384102,0.630202,-0.002667,0.401149,0.591084,-0.007164,0.412668,0.563459,-0.013767,0.420654,0.537627,-0.019632,0.368379,0.527738,0.002484,0.392029,0.511622,-0.010292,0.408138,0.518199,-0.019159,0.420134,0.524701,-0.023709,0.355802,0.528621,-0.002188,0.389911,0.533784,-0.016268,0.388186,0.572999,-0.020350,0.379201,0.585548,-0.019927,0.347764,0.540027,-0.008543,0.381491,0.550531,-0.021934,0.378851,0.585389,-0.019867,0.370083,0.593012,-0.014973,0.342353,0.557239,-0.015439,0.369512,0.562567,-0.022220,0.369291,0.585719,-0.018549,0.361406,0.592593,-0.013524
1780387724.358,left,pinch,0.362800,0.676823,-0.000000,0.385756,0.649907,-0.002435,0.402411,0.609306,-0.006493,0.415131,0.582822,-0.012606,0.425987,0.559287,-0.017799,0.370503,0.545680,0.002672,0.395068,0.530870,-0.009028,0.411261,0.537891,-0.016508,0.423269,0.543911,-0.020252,0.357759,0.546623,-0.001847,0.393033,0.556162,-0.014956,0.389637,0.593956,-0.018549,0.380306,0.603843,-0.018087,0.349788,0.558319,-0.007931,0.384138,0.573217,-0.020400,0.379894,0.606713,-0.018641,0.371561,0.611484,-0.014286,0.344422,0.575153,-0.014561,0.372947,0.583476,-0.020825,0.371345,0.605550,-0.017604,0.363338,0.610832,-0.013038
1780387724.859,left,pinch,0.366019,0.688517,-0.000000,0.390225,0.662659,-0.003257,0.407802,0.622105,-0.007840,0.421018,0.595716,-0.014383,0.433037,0.574718,-0.019913,0.376611,0.555360,0.000943,0.402872,0.540767,-0.011965,0.419348,0.551946,-0.020259,0.430598,0.559761,-0.024365,0.363534,0.556611,-0.003532,0.399040,0.567985,-0.017714,0.395352,0.606869,-0.021699,0.385098,0.615987,-0.021341,0.355081,0.569322,-0.009606,0.389892,0.586085,-0.022756,0.385602,0.620316,-0.021005,0.376478,0.624170,-0.016500,0.349220,0.587335,-0.016266,0.377917,0.597094,-0.022869,0.376402,0.619856,-0.019419,0.368269,0.624512,-0.014536
1780387725.361,left,pinch,0.367446,0.692770,-0.000000,0.391627,0.668597,-0.001859,0.409830,0.629022,-0.005496,0.423243,0.605772,-0.011332,0.434049,0.586783,-0.016450,0.380626,0.561160,0.002244,0.407010,0.549822,-0.010545,0.422906,0.563198,-0.019593,0.433778,0.572941,-0.024329,0.367744,0.562640,-0.002842,0.402000,0.577534,-0.017069,0.398441,0.615550,-0.022004,0.389074,0.627115,-0.022405,0.358702,0.575691,-0.009382,0.392492,0.594621,-0.022257,0.388137,0.628557,-0.020979,0.379369,0.634279,-0.016860,0.351992,0.593703,-0.016425,0.380005,0.606284,-0.022638,0.378212,0.629527,-0.019192,0.370321,0.634388,-0.014435
1780387725.908,left,pinch,0.368135,0.689647,-0.000000,0.388976,0.672189,-0.003279,0.405762,0.637500,-0.006988,0.417098,0.616633,-0.012443,0.426366,0.600330,-0.016983,0.382668,0.568799,0.000845,0.404305,0.557473,-0.011814,0.415778,0.574024,-0.019968,0.422833,0.586370,-0.023578,0.369990,0.568499,-0.002991,0.397511,0.584889,-0.016206,0.392549,0.620978,-0.020366,0.383923,0.631513,-0.020185,0.359673,0.579565,-0.008451,0.387324,0.601550,-0.020661,0.382074,0.633247,-0.019617,0.374689,0.637567,-0.015665,0.351222,0.595852,-0.014462,0.374789,0.611802,-0.019961,0.372393,0.634302,-0.016796,0.365782,0.638653,-0.012282
1780387726.420,left,pinch,0.364547,0.693604,-0.000000,0.382275,0.676340,-0.006646,0.395919,0.649741,-0.012297,0.404051,0.629852,-0.018713,0.406688,0.613469,-0.023764,0.376794,0.577987,-0.002663,0.393145,0.573312,-0.014443,0.398770,0.591261,-0.020933,0.398781,0.603697,-0.023462,0.363277,0.578813,-0.004639,0.384380,0.595720,-0.016017,0.382084,0.629597,-0.018786,0.374965,0.636063,-0.018164,0.351613,0.590408,-0.008408,0.373004,0.612779,-0.019675,0.370256,0.642011,-0.018316,0.364054,0.644475,-0.014715,0.341539,0.608679,-0.012960,0.360275,0.624360,-0.019145,0.359713,0.645548,-0.016829,0.354414,0.648857,-0.013060
1780387726.940,left,pinch,0.356456,0.705898,-0.000000,0.369906,0.689936,-0.009156,0.381481,0.663131,-0.015315,0.385865,0.641466,-0.021002,0.377093,0.637002,-0.024759,0.366955,0.594692,-0.005536,0.374346,0.591513,-0.017668,0.375170,0.619006,-0.024423,0.371147,0.631286,-0.027542,0.351628,0.595549,-0.006154,0.359838,0.603653,-0.017012,0.363130,0.637330,-0.018764,0.360507,0.643473,-0.017714,0.338217,0.607373,-0.008832,0.348844,0.624939,-0.018705,0.353124,0.652029,-0.016078,0.350574,0.655051,-0.012184,0.327187,0.625222,-0.012711,0.338132,0.640401,-0.018006,0.342367,0.658655,-0.015832,0.340327,0.659234,-0.012660
1780387727.469,left,pinch,0.364374,0.739627,-0.000000,0.381030,0.724819,-0.008864,0.392773,0.700721,-0.016530,0.398384,0.684505,-0.024411,0.403290,0.675067,-0.030518,0.376103,0.616960,-0.006432,0.390869,0.622299,-0.019857,0.396627,0.648101,-0.027646,0.396647,0.660860,-0.031281,0.361023,0.619189,-0.008025,0.381245,0.645842,-0.019153,0.380817,0.677537,-0.022135,0.373992,0.679176,-0.022586,0.348869,0.634324,-0.011546,0.370054,0.664516,-0.021881,0.369601,0.691234,-0.020492,0.363663,0.689765,-0.017809,0.339319,0.656365,-0.016222,0.357334,0.679642,-0.021771,0.358518,0.699035,-0.019826,0.353726,0.698123,-0.016837
1780387727.994,left,pinch,0.378206,0.771303,-0.000000,0.404098,0.752254,-0.005206,0.424405,0.720743,-0.011104,0.438731,0.703154,-0.018294,0.451829,0.692887,-0.024298,0.399208,0.634892,-0.002989,0.426481,0.639249,-0.016439,0.440579,0.660882,-0.025068,0.450363,0.673725,-0.029603,0.385398,0.640879,-0.006956,0.418187,0.666335,-0.020145,0.412186,0.696956,-0.024456,0.402445,0.700581,-0.025473,0.375028,0.660574,-0.012542,0.407635,0.688700,-0.024423,0.401513,0.713586,-0.023340,0.393041,0.712024,-0.020283,0.367346,0.686083,-0.018994,0.395050,0.705095,-0.024992,0.391703,0.723028,-0.022442,0.383812,0.723193,-0.018803
1780387728.542,left,pinch,0.405404,0.783135,-0.000000,0.438735,0.754856,-0.002826,0.460538,0.718265,-0.008500,0.478132,0.699075,-0.016618,0.495617,0.686859,-0.023853,0.428140,0.634501,0.000229,0.460249,0.625175,-0.014079,0.477904,0.645024,-0.024877,0.489932,0.661103,-0.031103,0.416233,0.640189,-0.005678,0.456936,0.661947,-0.020768,0.450289,0.696688,-0.026911,0.438394,0.703812,-0.028881,0.408948,0.660014,-0.013165,0.448175,0.686783,-0.025830,0.440756,0.716730,-0.025247,0.430457,0.718591,-0.022389,0.404799,0.685823,-0.021461,0.436057,0.705458,-0.027488,0.431195,0.726145,-0.024597,0.421892,0.727760,-0.020804
1780387729.086,left,pinch,0.398530,0.659377,-0.000000,0.432306,0.675289,-0.003556,0.463961,0.676384,-0.009551,0.484007,0.684573,-0.017759,0.499905,0.688221,-0.024672,0.472360,0.572015,-0.001742,0.496532,0.593268,-0.017484,0.501231,0.628094,-0.027916,0.503114,0.656078,-0.032923,0.459149,0.554399,-0.006961,0.477055,0.618267,-0.022047,0.459198,0.641672,-0.027540,0.447906,0.636981,-0.028911,0.443079,0.554062,-0.013899,0.458957,0.621767,-0.026554,0.443570,0.638567,-0.025627,0.436259,0.628621,-0.022571,0.427502,0.562844,-0.021761,0.441516,0.618672,-0.027831,0.431338,0.632120,-0.025030,0.424407,0.622141,-0.020976
1780387729.640,left,pinch,0.410133,0.569577,-0.000000,0.427602,0.605003,-0.008093,0.445640,0.631078,-0.017100,0.455409,0.651800,-0.026924,0.460739,0.656599,-0.035086,0.491464,0.558879,-0.007744,0.498348,0.589572,-0.024630,0.485634,0.615209,-0.036242,0.474996,0.629907,-0.041659,0.484175,0.528843,-0.010494,0.472992,0.582954,-0.023544,0.455105,0.591911,-0.029568,0.450325,0.581584,-0.032548,0.469006,0.509758,-0.015146,0.457299,0.565561,-0.025608,0.443215,0.569260,-0.025101,0.441936,0.556400,-0.023435,0.451210,0.498527,-0.021021,0.444026,0.544709,-0.026047,0.434289,0.550904,-0.023533,0.432972,0.540130,-0.020130
1780387730.198,left,pinch,0.494658,0.440605,-0.000000,0.491122,0.485130,-0.011119,0.488664,0.521196,-0.022374,0.482417,0.536832,-0.033232,0.477285,0.517522,-0.042872,0.548296,0.511622,-0.015700,0.520400,0.520805,-0.031564,0.499079,0.517179,-0.042708,0.492710,0.515495,-0.049207,0.552203,0.475445,-0.017389,0.517165,0.486574,-0.026957,0.503210,0.484632,-0.030631,0.504302,0.484219,-0.034183,0.547405,0.440629,-0.020667,0.512302,0.456991,-0.026891,0.504428,0.454817,-0.025477,0.510585,0.451710,-0.025421,0.538246,0.412613,-0.025690,0.511445,0.428451,-0.027971,0.504969,0.432323,-0.025773,0.510211,0.432593,-0.024472
1780387730.718,left,pinch,0.604641,0.375724,-0.000000,0.602574,0.404608,-0.008790,0.598202,0.425364,-0.020002,0.584410,0.421349,-0.031143,0.570542,0.400198,-0.041818,0.648584,0.435024,-0.015508,0.621059,0.421889,-0.031841,0.601589,0.407223,-0.044557,0.589507,0.398013,-0.051679,0.655457,0.399410,-0.017326,0.616325,0.389376,-0.027195,0.600312,0.391828,-0.030591,0.594261,0.397308,-0.032732,0.653035,0.363896,-0.020467,0.613962,0.362632,-0.025498,0.607185,0.368236,-0.022491,0.611465,0.374032,-0.020436,0.645499,0.334461,-0.025294,0.615383,0.339788,-0.026607,0.608712,0.351835,-0.022920,0.613058,0.361857,-0.019652
1780387731.253,left,pinch,0.648176,0.310605,-0.000000,0.651663,0.335748,-0.017924,0.655584,0.344814,-0.030723,0.657438,0.326719,-0.041408,0.660073,0.304859,-0.050621,0.706962,0.349282,-0.018223,0.705456,0.335640,-0.034409,0.691866,0.324073,-0.045419,0.682199,0.320598,-0.051217,0.711824,0.317034,-0.015366,0.707154,0.298610,-0.030849,0.688797,0.294556,-0.036968,0.678680,0.298179,-0.038187,0.709581,0.287176,-0.014653,0.703857,0.269163,-0.027920,0.687024,0.269976,-0.027656,0.678950,0.274930,-0.024420,0.703007,0.263153,-0.015542,0.698654,0.248892,-0.024154,0.685805,0.252213,-0.022792,0.679444,0.258853,-0.019042
1780387731.770,left,pinch,0.681775,0.302366,-0.000000,0.690535,0.324980,-0.017844,0.699717,0.330302,-0.030168,0.702930,0.301592,-0.040901,0.707374,0.269757,-0.049142,0.753073,0.334253,-0.015161,0.755172,0.321080,-0.034251,0.740867,0.312356,-0.045950,0.734314,0.311488,-0.051965,0.755383,0.299422,-0.013161,0.746946,0.282399,-0.033864,0.721207,0.285196,-0.040116,0.712191,0.295250,-0.039823,0.751093,0.269120,-0.014070,0.740050,0.255418,-0.031947,0.718461,0.264445,-0.030908,0.713001,0.277768,-0.025656,0.743233,0.244556,-0.016743,0.734734,0.232929,-0.028286,0.720307,0.244039,-0.027432,0.716091,0.259547,-0.023025
1780387732.320,left,pinch,0.686991,0.279970,-0.000000,0.693279,0.299246,-0.019326,0.701879,0.299674,-0.031321,0.707037,0.269650,-0.041330,0.713735,0.242424,-0.048029,0.750838,0.314543,-0.015081,0.765665,0.292883,-0.034468,0.749456,0.282285,-0.045671,0.737756,0.282470,-0.050714,0.755369,0.283811,-0.011858,0.752785,0.245326,-0.032055,0.729036,0.249974,-0.037881,0.722204,0.266381,-0.037212,0.754012,0.255890,-0.011971,0.746279,0.222315,-0.028379,0.726584,0.232688,-0.027158,0.722880,0.250606,-0.022248,0.748854,0.233280,-0.014076,0.740358,0.207405,-0.024042,0.726154,0.217216,-0.022889,0.722006,0.234509,-0.018405
1780387732.827,left,pinch,0.673006,0.250207,-0.000000,0.672821,0.276210,-0.016218,0.671590,0.293776,-0.028848,0.662217,0.282560,-0.039210,0.651944,0.262782,-0.049018,0.710668,0.279894,-0.026427,0.682076,0.269348,-0.042195,0.670192,0.262949,-0.052581,0.668114,0.258955,-0.058938,0.711955,0.244754,-0.024287,0.677933,0.234714,-0.036719,0.665958,0.238365,-0.040186,0.665141,0.242078,-0.042398,0.706257,0.215282,-0.023350,0.674016,0.209508,-0.033521,0.663463,0.218672,-0.032349,0.664053,0.224188,-0.031058,0.697811,0.192219,-0.024117,0.673480,0.189746,-0.030534,0.664119,0.200509,-0.029646,0.664798,0.208256,-0.028158
1780387733.402,left,pinch,0.569828,0.274644,-0.000000,0.564820,0.269780,-0.016574,0.559450,0.253673,-0.028775,0.546210,0.224096,-0.037712,0.531869,0.200519,-0.047106,0.608925,0.226462,-0.028425,0.583450,0.197647,-0.041976,0.564079,0.182977,-0.052204,0.549410,0.175453,-0.057951,0.611601,0.205348,-0.024737,0.584612,0.183068,-0.035511,0.565332,0.175464,-0.041265,0.550455,0.172754,-0.044263,0.606151,0.190958,-0.021356,0.580551,0.169470,-0.030672,0.563725,0.167663,-0.032585,0.549890,0.168085,-0.032613,0.596290,0.183334,-0.019122,0.571596,0.170083,-0.027753,0.556931,0.172106,-0.028020,0.545024,0.174137,-0.025789
1780387733.915,left,pinch,0.505154,0.219521,-0.000000,0.486560,0.226119,-0.026177,0.466190,0.212460,-0.041476,0.445280,0.194581,-0.049955,0.429326,0.176213,-0.057369,0.500278,0.158577,-0.046174,0.469592,0.127699,-0.059510,0.447716,0.121532,-0.066566,0.430845,0.120519,-0.070268,0.504794,0.135072,-0.033896,0.466983,0.128493,-0.044781,0.456841,0.147884,-0.045970,0.454324,0.162935,-0.046596,0.503173,0.120297,-0.021781,0.469233,0.120145,-0.029904,0.464560,0.140032,-0.028011,0.465953,0.155089,-0.026603,0.498501,0.111887,-0.011337,0.472879,0.117032,-0.018716,0.468451,0.135798,-0.018495,0.469868,0.150323,-0.016958
1780387734.453,left,pinch,0.448082,0.246709,-0.000000,0.425942,0.255339,-0.018938,0.399738,0.245250,-0.029257,0.377765,0.229981,-0.034637,0.361771,0.214563,-0.038432,0.424102,0.177761,-0.028961,0.392848,0.161022,-0.037958,0.372958,0.162646,-0.042876,0.358731,0.170084,-0.045281,0.428971,0.158819,-0.020155,0.395142,0.161555,-0.026942,0.389520,0.180215,-0.026748,0.390519,0.194029,-0.026488,0.428899,0.149551,-0.011962,0.396644,0.157022,-0.017294,0.393801,0.173680,-0.015215,0.395544,0.184260,-0.013833,0.426717,0.147587,-0.005072,0.401613,0.156610,-0.010781,0.399149,0.171012,-0.010491,0.400364,0.181251,-0.009162
1780387734.979,left,pinch,0.367859,0.408690,-0.000000,0.350968,0.417094,-0.016837,0.329137,0.412536,-0.026101,0.307989,0.406852,-0.031466,0.292345,0.397590,-0.035973,0.353794,0.344608,-0.024248,0.327744,0.338820,-0.034119,0.310088,0.343790,-0.041772,0.295730,0.351314,-0.046269,0.353773,0.327787,-0.017178,0.323728,0.335758,-0.025119,0.310696,0.353336,-0.028956,0.303206,0.368740,-0.031345,0.350916,0.319613,-0.010600,0.323051,0.333097,-0.016346,0.318645,0.352526,-0.016859,0.318019,0.366857,-0.016826,0.346979,0.318934,-0.005279,0.325871,0.333978,-0.010351,0.322502,0.350066,-0.010467,0.322862,0.362664,-0.009235
1780387735.525,left,pinch,0.318325,0.493445,-0.000000,0.305542,0.495016,-0.020660,0.292055,0.483881,-0.032903,0.275623,0.467529,-0.041144,0.263359,0.447635,-0.047769,0.329284,0.416504,-0.026255,0.299159,0.406465,-0.037925,0.279543,0.411040,-0.046063,0.266648,0.414236,-0.050988,0.329517,0.400822,-0.019289,0.297698,0.403019,-0.030115,0.291639,0.428558,-0.033421,0.293936,0.442640,-0.034853,0.325536,0.394244,-0.013537,0.297472,0.399892,-0.021128,0.293643,0.422779,-0.019723,0.295185,0.434556,-0.018319,0.320316,0.394513,-0.009740,0.300221,0.400746,-0.016430,0.295820,0.419771,-0.016101,0.295895,0.431697,-0.014096
1780387736.065,left,pinch,0.304748,0.524516,0.000000,0.316569,0.537216,-0.015067,0.324233,0.539261,-0.025514,0.316568,0.528370,-0.033565,0.306078,0.516601,-0.040724,0.329570,0.492755,-0.024171,0.321882,0.490450,-0.037408,0.319588,0.495982,-0.043734,0.320553,0.494375,-0.047110,0.317064,0.474643,-0.021951,0.307570,0.476635,-0.034665,0.306538,0.490182,-0.036795,0.309698,0.492528,-0.036766,0.304726,0.465656,-0.021008,0.296059,0.467752,-0.031772,0.296864,0.480795,-0.029612,0.301644,0.480834,-0.026806,0.293911,0.464399,-0.021278,0.286784,0.469516,-0.028957,0.288046,0.478302,-0.028170,0.293414,0.476746,-0.026213
1780387736.584,left,pinch,0.314358,0.614910,-0.000000,0.331927,0.602601,-0.008693,0.346489,0.580111,-0.013859,0.341158,0.559886,-0.018771,0.328591,0.546234,-0.022506,0.340073,0.512914,-0.003177,0.339720,0.497923,-0.014854,0.337355,0.515496,-0.021903,0.335390,0.527262,-0.025061,0.323454,0.509359,-0.004003,0.323841,0.494934,-0.016087,0.324197,0.529063,-0.020111,0.324582,0.543913,-0.019699,0.307087,0.514429,-0.006632,0.306368,0.506265,-0.019547,0.310320,0.540640,-0.018233,0.312541,0.554972,-0.013773,0.290774,0.527793,-0.009843,0.291605,0.522898,-0.018369,0.297388,0.546018,-0.015852,0.300950,0.555452,-0.011329
1780387737.093,left,pinch,0.340690,0.678844,-0.000000,0.361161,0.654992,-0.007650,0.379550,0.623315,-0.014685,0.386710,0.596630,-0.022413,0.375834,0.591332,-0.028375,0.348568,0.546776,-0.004211,0.363336,0.538670,-0.017064,0.369126,0.561946,-0.022880,0.368398,0.577339,-0.024482,0.331952,0.548818,-0.006106,0.354026,0.564332,-0.017253,0.355579,0.603361,-0.018548,0.348587,0.607583,-0.016882,0.318207,0.561961,-0.009965,0.341685,0.584049,-0.021187,0.342451,0.616210,-0.018835,0.335549,0.618011,-0.014657,0.306341,0.582020,-0.014774,0.327820,0.596958,-0.020506,0.330199,0.620573,-0.017575,0.324278,0.625551,-0.013375
1780387737.618,left,pinch,0.349232,0.705923,-0.000000,0.373321,0.682360,-0.005310,0.393598,0.646654,-0.010663,0.406013,0.618268,-0.017931,0.405202,0.592974,-0.024126,0.364474,0.578159,0.002275,0.380033,0.559190,-0.010751,0.391206,0.566200,-0.018231,0.400039,0.577930,-0.020835,0.349103,0.576592,-0.000899,0.375141,0.583437,-0.014052,0.372925,0.624371,-0.016657,0.365901,0.632808,-0.014736,0.336372,0.585109,-0.006303,0.363110,0.598518,-0.019883,0.359644,0.633630,-0.017353,0.352130,0.638294,-0.011813,0.324977,0.600152,-0.012436,0.348302,0.607102,-0.019506,0.347906,0.631485,-0.015545,0.340775,0.637677,-0.009938
1780387738.130,left,pinch,0.361108,0.716381,-0.000000,0.384937,0.692722,-0.003903,0.405568,0.656443,-0.008111,0.418289,0.628139,-0.014388,0.418674,0.601448,-0.019863,0.378687,0.590348,0.003002,0.394124,0.570064,-0.008900,0.406325,0.575832,-0.015949,0.416288,0.585410,-0.018637,0.363602,0.587746,-0.000719,0.389123,0.593350,-0.013162,0.385792,0.633715,-0.015475,0.378392,0.642700,-0.013559,0.350828,0.594953,-0.006418,0.376985,0.607323,-0.019808,0.372454,0.643418,-0.017010,0.364642,0.649265,-0.011284,0.339210,0.608449,-0.012664,0.362429,0.613731,-0.019683,0.361544,0.638454,-0.015280,0.354179,0.645081,-0.009405
1780387738.663,left,pinch,0.377697,0.743112,-0.000000,0.401743,0.722694,-0.004826,0.422710,0.689092,-0.011047,0.437460,0.666067,-0.019130,0.444923,0.642616,-0.026126,0.395916,0.611139,0.000432,0.416339,0.596824,-0.012662,0.429165,0.607356,-0.020432,0.438234,0.619617,-0.023682,0.381690,0.608605,-0.003521,0.411362,0.619898,-0.016931,0.407779,0.660712,-0.019819,0.399612,0.669776,-0.018444,0.370393,0.617130,-0.009411,0.400189,0.634584,-0.023070,0.395446,0.670208,-0.020590,0.386807,0.674905,-0.015226,0.360942,0.632038,-0.015954,0.386940,0.641635,-0.023089,0.385845,0.666343,-0.018908,0.377954,0.671893,-0.013274
1780387739.181,left,pinch,0.388847,0.776941,-0.000000,0.415934,0.756477,-0.004259,0.437828,0.724513,-0.010488,0.453122,0.704874,-0.018715,0.462194,0.683931,-0.025619,0.410152,0.638876,-0.000055,0.437485,0.631771,-0.014222,0.451680,0.650703,-0.022839,0.460436,0.666355,-0.026554,0.396401,0.637815,-0.004720,0.431157,0.658921,-0.019440,0.424767,0.698555,-0.023591,0.414100,0.705377,-0.023159,0.386095,0.649607,-0.011143,0.419721,0.673752,-0.024898,0.413607,0.708096,-0.022817,0.404367,0.710423,-0.017891,0.377984,0.667870,-0.018238,0.406530,0.683439,-0.025023,0.403965,0.707522,-0.020745,0.395489,0.711151,-0.015070
1780387739.720,left,pinch,0.435413,0.757424,-0.000000,0.468879,0.740793,-0.002403,0.493821,0.713373,-0.008179,0.511342,0.698011,-0.016228,0.524638,0.676862,-0.022841,0.466258,0.615980,0.003192,0.498827,0.622190,-0.010158,0.515968,0.644663,-0.019518,0.528112,0.659718,-0.024536,0.456032,0.612021,-0.002382,0.494424,0.643374,-0.015250,0.484517,0.678987,-0.019270,0.473007,0.680278,-0.019734,0.449425,0.623233,-0.009698,0.486072,0.657717,-0.021283,0.475300,0.688658,-0.018881,0.464967,0.686377,-0.014775,0.445419,0.641675,-0.017809,0.473997,0.666951,-0.022990,0.467021,0.687762,-0.018932,0.457240,0.686866,-0.014175
1780387740.247,left,pinch,0.436935,0.753532,0.000000,0.470260,0.716333,-0.000322,0.488907,0.672641,-0.005334,0.505100,0.647427,-0.013422,0.521303,0.626621,-0.020317,0.446921,0.596834,0.006583,0.482959,0.588094,-0.006991,0.505630,0.598543,-0.018153,0.522431,0.609742,-0.025204,0.439508,0.597514,-0.000902,0.485603,0.612379,-0.016324,0.480467,0.647236,-0.021845,0.467204,0.656186,-0.023162,0.437955,0.611568,-0.010245,0.481964,0.630884,-0.022987,0.476264,0.664723,-0.020623,0.464619,0.670419,-0.016629,0.440033,0.632523,-0.020471,0.474743,0.648157,-0.026833,0.470764,0.672915,-0.023260,0.459741,0.678222,-0.019088
1780387740.755,left,pinch,0.467653,0.743585,0.000000,0.503068,0.703168,-0.000726,0.519784,0.659509,-0.005543,0.534662,0.632207,-0.013421,0.549150,0.609011,-0.019960,0.471316,0.590957,0.006943,0.511507,0.574122,-0.006004,0.536411,0.581437,-0.016474,0.553196,0.592012,-0.022787,0.467481,0.592817,0.000298,0.517396,0.597054,-0.014831,0.513521,0.629651,-0.020626,0.498746,0.640008,-0.021772,0.470985,0.606043,-0.008024,0.517407,0.614312,-0.020124,0.511334,0.647621,-0.018786,0.497970,0.655285,-0.015347,0.478628,0.623889,-0.017158,0.513485,0.636028,-0.022768,0.509074,0.660187,-0.019991,0.498555,0.665663,-0.016325
1780387741.262,left,pinch,0.467248,0.746864,0.000000,0.504094,0.713134,0.002192,0.523746,0.674188,-0.001940,0.541530,0.652190,-0.009301,0.557251,0.632475,-0.015415,0.479042,0.594045,0.007001,0.522293,0.584963,-0.006023,0.545942,0.602371,-0.017115,0.560147,0.622049,-0.023697,0.476925,0.591575,-0.000940,0.527531,0.609939,-0.015776,0.523539,0.646566,-0.022484,0.508974,0.659126,-0.024429,0.481687,0.604799,-0.010018,0.528533,0.629600,-0.021002,0.521028,0.666150,-0.019962,0.506900,0.674053,-0.017054,0.490293,0.624381,-0.019627,0.524503,0.651371,-0.023925,0.518861,0.678340,-0.020797,0.507935,0.683353,-0.017091
1780387741.779,left,pinch,0.471214,0.763630,0.000000,0.511674,0.732809,0.002527,0.533229,0.695828,-0.001407,0.553336,0.678776,-0.008665,0.572291,0.667153,-0.014844,0.496138,0.614903,0.006488,0.538386,0.614463,-0.004398,0.560011,0.631418,-0.013614,0.573867,0.648713,-0.019546,0.493998,0.614879,-0.001232,0.542407,0.644046,-0.014568,0.535536,0.678376,-0.020102,0.521040,0.687206,-0.021665,0.497889,0.629726,-0.009904,0.542806,0.663961,-0.019464,0.532692,0.695278,-0.018194,0.518227,0.699246,-0.015597,0.505553,0.650731,-0.019133,0.538209,0.682566,-0.022260,0.531345,0.706292,-0.019216,0.521032,0.708261,-0.016041
1780387742.315,left,pinch,0.464347,0.754093,0.000000,0.504461,0.722254,0.002004,0.525896,0.684796,-0.002608,0.546360,0.667664,-0.010465,0.564834,0.655408,-0.017170,0.488761,0.604792,0.005746,0.530922,0.603719,-0.005518,0.551869,0.621913,-0.014623,0.564375,0.640931,-0.020184,0.486510,0.605219,-0.001612,0.534662,0.633415,-0.015013,0.527657,0.668558,-0.020016,0.512769,0.677850,-0.021027,0.490216,0.620372,-0.010040,0.535320,0.653823,-0.019458,0.525404,0.685263,-0.018019,0.510864,0.689415,-0.015263,0.497771,0.641559,-0.019049,0.530935,0.673590,-0.021976,0.524003,0.696884,-0.019007,0.513257,0.698536,-0.015861
1780387742.861,left,pinch,0.464542,0.758052,0.000000,0.505962,0.727262,0.002658,0.527859,0.689151,-0.001522,0.548325,0.672033,-0.009020,0.566514,0.660003,-0.015359,0.490683,0.607635,0.006339,0.533622,0.606911,-0.005025,0.554203,0.626001,-0.014366,0.566289,0.645781,-0.020113,0.488331,0.607330,-0.001316,0.537103,0.636116,-0.014604,0.530534,0.672499,-0.019785,0.516138,0.682958,-0.020995,0.491879,0.622469,-0.009995,0.537438,0.657921,-0.019255,0.527845,0.690018,-0.017924,0.513446,0.694381,-0.015322,0.499173,0.643896,-0.019217,0.532536,0.678209,-0.021907,0.525937,0.701881,-0.018980,0.515441,0.703418,-0.015987
1780387743.400,left,pinch,0.463424,0.756770,0.000000,0.504231,0.726149,0.002347,0.525563,0.687001,-0.002042,0.545751,0.667958,-0.009735,0.564435,0.656143,-0.016303,0.487489,0.604573,0.005710,0.530857,0.602977,-0.005816,0.551993,0.622540,-0.015057,0.564385,0.642651,-0.020660,0.484906,0.605508,-0.001908,0.534526,0.633359,-0.015143,0.527656,0.669732,-0.019892,0.512885,0.678636,-0.020922,0.488511,0.621343,-0.010578,0.534891,0.653555,-0.019868,0.525161,0.686478,-0.017760,0.510565,0.690688,-0.014708,0.495748,0.643113,-0.019823,0.530018,0.672579,-0.022607,0.523374,0.697125,-0.018970,0.512534,0.699446,-0.015428
1780387743.941,left,pinch,0.442546,0.740514,0.000000,0.483662,0.708039,0.000111,0.504252,0.669142,-0.006180,0.522851,0.643998,-0.015681,0.542307,0.623345,-0.024038,0.460678,0.579520,0.004841,0.506075,0.575150,-0.009427,0.530666,0.591539,-0.021076,0.546343,0.609126,-0.028223,0.456478,0.580024,-0.002979,0.509555,0.600654,-0.019144,0.504149,0.638733,-0.024985,0.489312,0.648881,-0.026266,0.458954,0.595843,-0.012312,0.508113,0.622820,-0.024985,0.499999,0.659290,-0.023019,0.486021,0.665576,-0.019242,0.465376,0.617632,-0.022355,0.501165,0.644332,-0.027856,0.495588,0.671307,-0.024213,0.484754,0.675745,-0.019990
1780387744.445,left,pinch,0.394451,0.719180,0.000000,0.434225,0.673359,-0.000709,0.456021,0.625085,-0.006933,0.473392,0.597895,-0.016479,0.491921,0.574515,-0.024264,0.406039,0.539585,0.005976,0.445847,0.524728,-0.010229,0.471263,0.539448,-0.022191,0.488509,0.553176,-0.028867,0.395974,0.540496,-0.002248,0.450012,0.556246,-0.019297,0.445008,0.600106,-0.024845,0.429442,0.608308,-0.025726,0.393389,0.557440,-0.012478,0.445584,0.579090,-0.027276,0.439988,0.620926,-0.024448,0.426384,0.626248,-0.019440,0.395200,0.582053,-0.023610,0.436439,0.598870,-0.030692,0.433244,0.627612,-0.026090,0.420687,0.632911,-0.020556
1780387744.983,left,pinch,0.289989,0.720441,-0.000000,0.318931,0.693180,-0.004266,0.345333,0.654242,-0.011670,0.364513,0.626332,-0.021636,0.367932,0.597684,-0.030132,0.309285,0.555693,-0.000019,0.338695,0.539324,-0.016900,0.356320,0.561129,-0.026997,0.365528,0.580210,-0.030854,0.291729,0.554438,-0.005637,0.331498,0.573324,-0.021048,0.328182,0.621845,-0.025096,0.316920,0.629770,-0.024477,0.278058,0.567624,-0.013351,0.318037,0.593551,-0.028452,0.313193,0.634972,-0.025948,0.302297,0.638338,-0.020459,0.266794,0.588500,-0.021811,0.301199,0.605482,-0.028849,0.300379,0.634642,-0.023831,0.290467,0.640950,-0.017396
1780387745.495,left,pinch,0.257404,0.675140,-0.000000,0.284861,0.648389,-0.007782,0.307704,0.602688,-0.014855,0.321818,0.563782,-0.023891,0.319002,0.532857,-0.031102,0.275558,0.523823,-0.000909,0.293777,0.493658,-0.017099,0.307670,0.509653,-0.023560,0.314998,0.524614,-0.024247,0.257290,0.522319,-0.003991,0.286268,0.528462,-0.019310,0.283735,0.580020,-0.019569,0.272914,0.582870,-0.015304,0.241711,0.532458,-0.009956,0.271544,0.547411,-0.027016,0.267746,0.591961,-0.022603,0.256296,0.593191,-0.014951,0.227051,0.548998,-0.016757,0.253299,0.558688,-0.026154,0.254108,0.589626,-0.021207,0.244520,0.595601,-0.014196
1780387746.021,left,pinch,0.206113,0.617672,0.000000,0.230117,0.589272,-0.011623,0.248151,0.539158,-0.018126,0.252489,0.490320,-0.025202,0.239239,0.454893,-0.031377,0.223966,0.486813,0.001328,0.227741,0.455914,-0.010272,0.232828,0.443774,-0.014341,0.235418,0.439512,-0.014983,0.206033,0.490984,0.000919,0.219658,0.463523,-0.013278,0.221823,0.511294,-0.012389,0.214701,0.518019,-0.006752,0.188853,0.499697,-0.002687,0.203640,0.483963,-0.021501,0.205881,0.528524,-0.016057,0.196548,0.533608,-0.006919,0.169292,0.512513,-0.006999,0.185481,0.498814,-0.019478,0.189957,0.528267,-0.014835,0.181858,0.535027,-0.007960
1780387746.555,left,pinch,0.200046,0.603624,0.000000,0.224877,0.574554,-0.010352,0.242307,0.521924,-0.015539,0.242702,0.471845,-0.021170,0.229355,0.438599,-0.025911,0.217634,0.480126,0.001990,0.219939,0.447989,-0.009065,0.223776,0.435775,-0.012416,0.225443,0.427987,-0.012706,0.200552,0.484587,0.001396,0.211725,0.453662,-0.012458,0.214391,0.500372,-0.011157,0.207143,0.505499,-0.005328,0.183932,0.493360,-0.002209,0.195643,0.470691,-0.021370,0.199842,0.515587,-0.015288,0.190853,0.521142,-0.005631,0.164259,0.506838,-0.006271,0.178455,0.486637,-0.018981,0.184373,0.516904,-0.013801,0.176552,0.525164,-0.006562
1780387747.063,left,pinch,0.211274,0.594011,0.000000,0.235908,0.566273,-0.010013,0.252707,0.513876,-0.013982,0.253713,0.463642,-0.018145,0.242727,0.428119,-0.021356,0.228505,0.477036,0.003358,0.231290,0.445559,-0.006021,0.236078,0.434094,-0.008273,0.237357,0.422875,-0.008168,0.212943,0.480693,0.002870,0.224912,0.447686,-0.010741,0.228198,0.493407,-0.010106,0.220109,0.498969,-0.004555,0.197609,0.487983,-0.000462,0.209747,0.462446,-0.019978,0.214311,0.508645,-0.014865,0.204362,0.514650,-0.005525,0.179053,0.500011,-0.004034,0.194146,0.477624,-0.017427,0.199189,0.509188,-0.012967,0.189467,0.518224,-0.006104
1780387747.601,left,pinch,0.198657,0.589127,-0.000000,0.222933,0.554460,-0.008332,0.237165,0.503720,-0.011660,0.236823,0.455372,-0.015908,0.224801,0.422720,-0.019467,0.211719,0.468383,0.005109,0.216600,0.436440,-0.004090,0.220905,0.433284,-0.007185,0.219080,0.430278,-0.007710,0.196514,0.475085,0.003788,0.207930,0.441542,-0.009611,0.213243,0.486909,-0.010626,0.206138,0.496755,-0.006604,0.181368,0.485488,-0.000120,0.192734,0.458023,-0.018973,0.198316,0.503223,-0.014989,0.189385,0.513768,-0.006608,0.162955,0.500473,-0.004199,0.176251,0.476163,-0.017129,0.182829,0.505828,-0.012979,0.175696,0.517303,-0.006494
1780387748.129,left,pinch,0.199381,0.590024,0.000000,0.224268,0.556631,-0.008816,0.238158,0.503547,-0.012305,0.237339,0.454398,-0.016483,0.224832,0.421016,-0.020408,0.213301,0.472429,0.005427,0.214830,0.440441,-0.001699,0.219073,0.422240,-0.004001,0.220681,0.410997,-0.004697,0.198015,0.476858,0.004527,0.208485,0.441698,-0.007619,0.213531,0.484175,-0.008048,0.206597,0.495104,-0.003545,0.182874,0.485587,0.001109,0.193993,0.457264,-0.016937,0.200081,0.500390,-0.013188,0.190802,0.510780,-0.005038,0.164480,0.499774,-0.002488,0.178797,0.474589,-0.015333,0.185632,0.503067,-0.011586,0.177177,0.514135,-0.005446
1780387748.640,left,pinch,0.210789,0.591551,0.000000,0.235147,0.562646,-0.008093,0.251368,0.508574,-0.011017,0.251721,0.460501,-0.014489,0.240002,0.428812,-0.017655,0.222742,0.475537,0.005230,0.224650,0.445910,-0.002554,0.230355,0.426412,-0.005106,0.235059,0.412428,-0.005796,0.207712,0.478751,0.004156,0.220625,0.445925,-0.008743,0.224531,0.490427,-0.008675,0.216852,0.502311,-0.003599,0.192956,0.486374,0.000531,0.205939,0.460630,-0.017845,0.211392,0.504611,-0.013487,0.202320,0.514592,-0.004921,0.174911,0.499860,-0.003247,0.190549,0.476669,-0.015842,0.196316,0.507118,-0.011865,0.187344,0.517991,-0.005679
1780387749.153,left,pinch,0.219395,0.595265,0.000000,0.243322,0.569896,-0.009607,0.259811,0.516936,-0.013691,0.261921,0.468575,-0.018022,0.251187,0.434117,-0.021808,0.233482,0.477870,0.001477,0.235546,0.446145,-0.007367,0.241985,0.430189,-0.009767,0.246409,0.422932,-0.009759,0.217823,0.481470,0.000987,0.231411,0.448623,-0.012198,0.235311,0.493652,-0.011542,0.227359,0.505723,-0.006067,0.202693,0.489538,-0.002046,0.216928,0.465553,-0.020568,0.221237,0.510824,-0.015650,0.211169,0.521307,-0.006719,0.184611,0.503024,-0.005356,0.201189,0.480499,-0.018303,0.206675,0.511036,-0.013977,0.197534,0.521832,-0.007359
1780387749.669,left,pinch,0.238183,0.615348,0.000000,0.261446,0.587511,-0.010231,0.279579,0.535314,-0.016006,0.287297,0.489491,-0.022355,0.279714,0.453055,-0.027375,0.250981,0.484496,0.000477,0.254728,0.451945,-0.010817,0.265442,0.445013,-0.013903,0.274430,0.442381,-0.013616,0.234901,0.488324,0.000130,0.252059,0.466206,-0.012937,0.255531,0.512824,-0.011067,0.247113,0.516105,-0.005266,0.219792,0.496407,-0.003277,0.238394,0.481995,-0.020701,0.241715,0.525899,-0.015238,0.231333,0.529673,-0.006675,0.202836,0.508795,-0.007338,0.221990,0.495842,-0.018949,0.226609,0.525407,-0.014738,0.216824,0.532324,-0.008379
1780387750.178,left,pinch,0.256439,0.661462,-0.000000,0.282388,0.635415,-0.007778,0.303967,0.584528,-0.013756,0.316036,0.541121,-0.021398,0.309819,0.506332,-0.028159,0.271107,0.513671,0.000516,0.282920,0.484492,-0.012194,0.296055,0.484108,-0.017886,0.307085,0.489142,-0.019293,0.253382,0.514265,-0.001766,0.278050,0.511135,-0.015059,0.278219,0.560309,-0.015037,0.270128,0.567717,-0.010958,0.237904,0.524115,-0.006671,0.264087,0.528176,-0.023077,0.263702,0.573240,-0.018614,0.254392,0.580594,-0.011060,0.222332,0.539990,-0.012245,0.246461,0.538002,-0.022235,0.248726,0.569042,-0.017529,0.239655,0.578292,-0.010899
1780387750.716,left,pinch,0.291544,0.724715,-0.000000,0.321291,0.699717,-0.007516,0.347240,0.661009,-0.016243,0.364600,0.630084,-0.026945,0.368400,0.597677,-0.036447,0.312492,0.563519,-0.002217,0.338216,0.545334,-0.017941,0.353412,0.560597,-0.027351,0.362341,0.576587,-0.031243,0.294381,0.561914,-0.006336,0.330636,0.575852,-0.022858,0.327783,0.627450,-0.027018,0.316516,0.640573,-0.025663,0.279406,0.573675,-0.012590,0.315693,0.593953,-0.029162,0.312196,0.639739,-0.026251,0.301293,0.648985,-0.019729,0.266085,0.593663,-0.019654,0.298083,0.604957,-0.028424,0.299148,0.637715,-0.023014,0.290112,0.647937,-0.015696
1780387751.240,left,pinch,0.314358,0.758631,-0.000000,0.346118,0.740131,-0.005559,0.373983,0.707342,-0.013558,0.392472,0.682793,-0.023814,0.400778,0.652585,-0.032725,0.344708,0.601565,-0.002154,0.373430,0.587967,-0.019451,0.390233,0.610799,-0.029905,0.399829,0.631860,-0.034266,0.327274,0.597448,-0.007537,0.367154,0.622168,-0.025283,0.360704,0.671994,-0.030037,0.346983,0.681088,-0.029272,0.312931,0.609213,-0.014906,0.352123,0.641214,-0.031493,0.344765,0.684950,-0.028323,0.332310,0.688362,-0.022013,0.300300,0.629479,-0.023050,0.333261,0.653308,-0.031199,0.330411,0.684924,-0.025445,0.319885,0.689408,-0.018175
1780387751.768,left,pinch,0.345128,0.808833,-0.000000,0.380946,0.796690,-0.004491,0.409737,0.766145,-0.011900,0.429557,0.748471,-0.021852,0.446843,0.732526,-0.030368,0.388099,0.652556,-0.000564,0.420533,0.656928,-0.017931,0.436575,0.686369,-0.029189,0.446741,0.708155,-0.034742,0.372349,0.648880,-0.006830,0.411905,0.689207,-0.024751,0.400094,0.730767,-0.030194,0.386138,0.734097,-0.030490,0.359582,0.663339,-0.015147,0.397678,0.709811,-0.030448,0.386721,0.745437,-0.028051,0.375913,0.743350,-0.023003,0.349077,0.686765,-0.024507,0.380659,0.723923,-0.031464,0.373691,0.748712,-0.027101,0.363575,0.746843,-0.021534
1780387752.290,left,pinch,0.354544,0.827941,-0.000000,0.393527,0.815963,-0.004413,0.422220,0.787440,-0.011864,0.441907,0.771588,-0.021669,0.459418,0.757480,-0.029715,0.399941,0.669855,-0.000795,0.435298,0.683791,-0.017045,0.450813,0.715547,-0.026631,0.460361,0.737307,-0.031179,0.385470,0.667827,-0.006988,0.426550,0.713100,-0.023370,0.414039,0.751188,-0.027034,0.400818,0.750105,-0.026506,0.374012,0.684622,-0.015234,0.412329,0.735445,-0.029328,0.400413,0.766852,-0.025973,0.389537,0.761574,-0.020779,0.364680,0.710800,-0.024579,0.395752,0.751008,-0.031338,0.387630,0.773368,-0.027103,0.376860,0.769732,-0.021867
1780387752.803,left,pinch,0.358315,0.854275,-0.000000,0.400431,0.847823,-0.007047,0.430645,0.822582,-0.016217,0.451503,0.809849,-0.027408,0.466913,0.801065,-0.036600,0.411842,0.698336,-0.002675,0.446611,0.723432,-0.020793,0.461999,0.758761,-0.031725,0.472383,0.782526,-0.037186,0.396809,0.698611,-0.008458,0.436394,0.751077,-0.026307,0.422385,0.786183,-0.029977,0.410219,0.780615,-0.029386,0.384621,0.717686,-0.016792,0.421511,0.774272,-0.031903,0.409008,0.802348,-0.028214,0.399403,0.793684,-0.022833,0.375087,0.745872,-0.026630,0.404809,0.790756,-0.034307,0.395388,0.810090,-0.030434,0.385002,0.802763,-0.025493
1780387753.339,left,pinch,0.351100,0.874679,0.000000,0.395896,0.871015,-0.010420,0.426463,0.851428,-0.023825,0.448209,0.842905,-0.038605,0.464747,0.839671,-0.050241,0.412357,0.722204,-0.012249,0.448962,0.758294,-0.032224,0.461106,0.801813,-0.041272,0.466780,0.831290,-0.045107,0.396820,0.725685,-0.018217,0.435322,0.790620,-0.038360,0.418873,0.819443,-0.039992,0.406441,0.806724,-0.038180,0.383815,0.747610,-0.026846,0.420122,0.812070,-0.042713,0.405664,0.836084,-0.035919,0.395584,0.824776,-0.029168,0.373287,0.777352,-0.037564,0.403155,0.831650,-0.046994,0.391481,0.847055,-0.042926,0.380225,0.835139,-0.037937
1780387753.880,left,pinch,0.340518,0.882658,0.000000,0.383111,0.882207,-0.013230,0.415314,0.861548,-0.026745,0.438823,0.850295,-0.040910,0.448713,0.845290,-0.052054,0.405004,0.724023,-0.011745,0.438943,0.767990,-0.031613,0.450368,0.810191,-0.042063,0.454878,0.839122,-0.047013,0.387777,0.725759,-0.015739,0.422872,0.796773,-0.035406,0.407752,0.822968,-0.038709,0.396060,0.812147,-0.038193,0.372626,0.746863,-0.022619,0.405955,0.818478,-0.038365,0.392484,0.838649,-0.033885,0.383476,0.827479,-0.028571,0.359943,0.777525,-0.031772,0.388327,0.838525,-0.041274,0.377025,0.850474,-0.038962,0.366111,0.837149,-0.035203
1780387754.418,left,pinch,0.214567,0.690034,-0.000000,0.239729,0.655454,-0.012289,0.259567,0.605520,-0.019667,0.258701,0.561695,-0.026787,0.240149,0.537409,-0.031279,0.227115,0.531298,-0.007170,0.233907,0.503104,-0.023504,0.242277,0.547090,-0.030521,0.241942,0.568181,-0.032131,0.205591,0.536407,-0.007143,0.215396,0.528249,-0.020268,0.223910,0.578661,-0.021180,0.219735,0.584866,-0.019459,0.185000,0.552722,-0.009918,0.196473,0.546227,-0.024487,0.206832,0.590137,-0.018767,0.203926,0.599740,-0.012014,0.163926,0.576093,-0.013724,0.177709,0.567714,-0.022269,0.188662,0.597534,-0.016426,0.187466,0.609252,-0.009562
1780387754.953,left,pinch,0.169301,0.611877,-0.000000,0.188227,0.560192,-0.009861,0.191606,0.499696,-0.012412,0.180066,0.449036,-0.016010,0.160540,0.421934,-0.017469,0.161595,0.474865,0.009131,0.162962,0.441857,-0.005475,0.171664,0.472997,-0.012860,0.169301,0.489064,-0.015135,0.146777,0.487827,0.008443,0.149430,0.453664,-0.007775,0.162746,0.496349,-0.011988,0.158844,0.506453,-0.010001,0.131664,0.506407,0.004072,0.136482,0.479056,-0.016452,0.150958,0.518421,-0.014524,0.146392,0.529657,-0.007039,0.114538,0.530571,-0.000688,0.123259,0.501532,-0.012968,0.135655,0.527042,-0.008914,0.132609,0.540116,-0.002079
1780387755.458,left,pinch,0.190098,0.595609,0.000000,0.213183,0.556445,-0.008270,0.225809,0.499672,-0.010984,0.219140,0.450265,-0.014386,0.204560,0.417977,-0.017594,0.199937,0.477766,0.008043,0.199296,0.446944,0.002030,0.200481,0.423156,0.000673,0.200885,0.404679,0.000361,0.183795,0.482489,0.007268,0.192082,0.445725,-0.004508,0.198306,0.490327,-0.004042,0.193396,0.501745,0.001508,0.168499,0.492199,0.003934,0.176547,0.461768,-0.014557,0.184829,0.507501,-0.009955,0.178108,0.519627,-0.000764,0.150496,0.508705,0.000543,0.161976,0.481475,-0.012158,0.169245,0.512138,-0.007838,0.161927,0.524859,-0.001126
1780387755.997,left,pinch,0.193640,0.591836,0.000000,0.216208,0.555907,-0.008746,0.227895,0.498598,-0.011850,0.222129,0.449355,-0.015593,0.207895,0.417707,-0.019250,0.199084,0.475395,0.006504,0.197922,0.443588,-0.000522,0.201279,0.420525,-0.002978,0.203968,0.404468,-0.003792,0.184253,0.482008,0.005805,0.193497,0.444459,-0.007753,0.200798,0.487370,-0.008928,0.194760,0.503152,-0.004260,0.170184,0.492442,0.002631,0.180140,0.460645,-0.016778,0.188604,0.505074,-0.013214,0.180337,0.520183,-0.004545,0.153061,0.509495,-0.000601,0.166602,0.480587,-0.014167,0.173822,0.510468,-0.010544,0.165315,0.524643,-0.004162
1780387756.536,left,pinch,0.193583,0.596529,0.000000,0.216841,0.553931,-0.007652,0.227310,0.498337,-0.010557,0.222649,0.448893,-0.014760,0.207738,0.417179,-0.018935,0.198640,0.475724,0.008684,0.198473,0.442742,0.001830,0.202045,0.420852,-0.000876,0.203588,0.407427,-0.001962,0.184002,0.482077,0.007048,0.193102,0.444185,-0.006029,0.201009,0.487198,-0.007474,0.194560,0.503355,-0.003257,0.169591,0.492806,0.002847,0.179278,0.460704,-0.016114,0.188268,0.503990,-0.012837,0.179608,0.519146,-0.004589,0.151705,0.510453,-0.001436,0.164912,0.479643,-0.014647,0.173462,0.507882,-0.010888,0.165415,0.522803,-0.004590
1780387757.068,left,pinch,0.190430,0.591457,0.000000,0.213920,0.554212,-0.009075,0.227215,0.497588,-0.012235,0.222904,0.447652,-0.016022,0.208595,0.416517,-0.019504,0.196418,0.476440,0.007942,0.194929,0.446537,0.000720,0.197334,0.422504,-0.002175,0.199923,0.404205,-0.003332,0.181864,0.481801,0.007361,0.189842,0.443791,-0.006155,0.197022,0.485337,-0.007595,0.191656,0.499301,-0.003080,0.167952,0.491170,0.004083,0.177093,0.459151,-0.015258,0.185169,0.502458,-0.012049,0.177114,0.516525,-0.003554,0.150732,0.506571,0.000623,0.163572,0.478507,-0.012571,0.170706,0.507255,-0.009264,0.162713,0.520737,-0.003162
1780387757.585,left,pinch,0.186535,0.591671,0.000000,0.210587,0.559159,-0.008456,0.224944,0.505127,-0.011503,0.219331,0.452051,-0.015380,0.206644,0.419183,-0.018335,0.210372,0.481573,0.011192,0.211629,0.452068,0.003401,0.208419,0.442254,0.000319,0.202881,0.430095,-0.000861,0.193015,0.483946,0.010841,0.195223,0.451026,-0.000913,0.199054,0.491109,-0.002093,0.197429,0.495262,0.001673,0.176522,0.491569,0.007674,0.177823,0.461796,-0.009022,0.184193,0.504430,-0.004410,0.181930,0.512884,0.003865,0.158007,0.503899,0.004093,0.164143,0.483338,-0.006597,0.169379,0.512557,-0.002491,0.166494,0.521414,0.003523
1780387758.131,left,pinch,0.177167,0.598216,-0.000000,0.200152,0.556516,-0.009217,0.213411,0.503686,-0.009423,0.206364,0.451526,-0.009773,0.193367,0.421881,-0.007436,0.214230,0.482956,0.014459,0.209072,0.442084,0.004365,0.201530,0.446665,-0.002005,0.196691,0.442443,-0.004795,0.195543,0.487198,0.014846,0.191761,0.453369,0.001829,0.192572,0.492856,-0.003414,0.192933,0.498073,-0.002849,0.177338,0.495525,0.012014,0.173582,0.463125,-0.005887,0.178395,0.507138,-0.004526,0.178575,0.515691,0.002105,0.157852,0.507612,0.008671,0.160410,0.484400,-0.002674,0.164374,0.513983,0.000370,0.163624,0.521497,0.006174
1780387758.664,left,pinch,0.181183,0.596102,-0.000000,0.204174,0.556455,-0.009814,0.218254,0.505341,-0.011779,0.211550,0.453516,-0.013991,0.197797,0.422034,-0.013990,0.212619,0.479916,0.012149,0.207490,0.444171,0.002062,0.199102,0.430301,-0.003444,0.189887,0.415047,-0.005744,0.193976,0.484284,0.012490,0.190910,0.454965,-0.000144,0.194901,0.496136,-0.002634,0.196903,0.498550,-0.000055,0.176660,0.492600,0.009533,0.172619,0.465336,-0.007674,0.179335,0.507278,-0.003460,0.180253,0.512739,0.004710,0.157641,0.505415,0.005770,0.159239,0.485295,-0.004569,0.163965,0.513260,-0.000055,0.162808,0.519193,0.006376
1780387759.168,left,pinch,0.179881,0.597047,-0.000000,0.201136,0.555987,-0.011367,0.213335,0.502582,-0.014251,0.205334,0.450210,-0.017229,0.191983,0.418306,-0.017612,0.210107,0.480240,0.010448,0.205659,0.442226,-0.001164,0.199442,0.443511,-0.006748,0.193262,0.438686,-0.008556,0.191979,0.484949,0.011197,0.189371,0.453794,-0.002267,0.192037,0.495901,-0.004671,0.192381,0.497159,-0.001959,0.174794,0.493756,0.008359,0.171840,0.464793,-0.010110,0.177646,0.507637,-0.005889,0.177196,0.512713,0.002572,0.155551,0.506204,0.004701,0.158758,0.485326,-0.006897,0.163141,0.513989,-0.002599,0.161029,0.519589,0.003994
1780387759.671,left,pinch,0.200027,0.590125,-0.000000,0.223601,0.554029,-0.009560,0.240000,0.503995,-0.012123,0.235396,0.452889,-0.015139,0.221784,0.422884,-0.015618,0.234278,0.480525,0.010379,0.234465,0.450978,-0.001940,0.230954,0.471991,-0.008611,0.226094,0.479603,-0.010841,0.216478,0.482206,0.010539,0.216541,0.455805,-0.001902,0.217545,0.497140,-0.005045,0.216359,0.497730,-0.003479,0.199324,0.488929,0.007379,0.199268,0.465220,-0.009253,0.203187,0.506411,-0.005820,0.201028,0.510143,0.001360,0.180083,0.498880,0.003639,0.185095,0.481556,-0.006017,0.188143,0.509152,-0.001265,0.185255,0.513663,0.005223
1780387760.184,left,pinch,0.250710,0.585678,-0.000000,0.279869,0.558096,-0.003841,0.297164,0.515766,-0.003621,0.300060,0.467748,-0.005408,0.292414,0.436006,-0.006482,0.286918,0.499797,0.016964,0.294277,0.476736,0.010407,0.293069,0.482962,0.005701,0.287387,0.479864,0.003300,0.272366,0.495023,0.015045,0.279991,0.465873,0.005704,0.278615,0.502130,0.001881,0.274120,0.508696,0.002762,0.257217,0.495128,0.010694,0.264776,0.467189,-0.003032,0.265114,0.507137,-0.001148,0.259022,0.517414,0.004665,0.239601,0.498647,0.006265,0.249916,0.479827,-0.001821,0.251039,0.504547,0.001785,0.245129,0.512047,0.006882
1780387760.726,left,pinch,0.297330,0.623386,0.000000,0.320501,0.604707,-0.006862,0.339936,0.559524,-0.010643,0.349729,0.518567,-0.015282,0.343159,0.488249,-0.019324,0.314440,0.514519,0.002209,0.322256,0.486951,-0.007105,0.331283,0.476310,-0.011240,0.337481,0.471546,-0.012526,0.300192,0.513469,0.001041,0.316293,0.495349,-0.009970,0.316768,0.534533,-0.009833,0.308953,0.540511,-0.006260,0.285924,0.516165,-0.002480,0.303299,0.504781,-0.016922,0.304037,0.542142,-0.012715,0.294689,0.548407,-0.006001,0.269403,0.523495,-0.006439,0.288568,0.513433,-0.015833,0.291349,0.539702,-0.012035,0.282312,0.547886,-0.006775
1780387761.234,left,pinch,0.348054,0.771600,-0.000000,0.383244,0.759057,-0.004038,0.410616,0.729846,-0.010880,0.429644,0.710556,-0.020423,0.443439,0.688756,-0.028612,0.389032,0.619135,0.001099,0.420453,0.620749,-0.016325,0.435978,0.649041,-0.027983,0.445936,0.670439,-0.033714,0.373708,0.614608,-0.005198,0.411913,0.655839,-0.022710,0.400555,0.697417,-0.028196,0.387617,0.700645,-0.028601,0.360941,0.627402,-0.013673,0.398429,0.672368,-0.029514,0.387156,0.708520,-0.027117,0.376835,0.706468,-0.021902,0.350393,0.648442,-0.023066,0.381464,0.682704,-0.030608,0.374164,0.708787,-0.025815,0.364238,0.708010,-0.019710
1780387761.751,left,pinch,0.362520,0.811044,-0.000000,0.400416,0.792157,-0.002500,0.426261,0.756145,-0.008794,0.446476,0.734387,-0.017683,0.465316,0.715417,-0.025134,0.399489,0.650554,0.000938,0.435860,0.653620,-0.014575,0.454518,0.679526,-0.024433,0.465626,0.699234,-0.029377,0.386546,0.650054,-0.005694,0.429745,0.684506,-0.021056,0.419316,0.721340,-0.024537,0.404825,0.722904,-0.024137,0.377773,0.668297,-0.014257,0.419073,0.711148,-0.027806,0.408521,0.742522,-0.024367,0.396436,0.738843,-0.019275,0.371938,0.695146,-0.023720,0.404405,0.730323,-0.030559,0.397187,0.752639,-0.026592,0.386005,0.749589,-0.021638
1780387762.263,left,pinch,0.372865,0.775584,-0.000000,0.406653,0.744757,-0.002745,0.427784,0.701968,-0.008023,0.443297,0.672685,-0.015554,0.455850,0.642143,-0.021867,0.393450,0.620501,0.002969,0.422879,0.605522,-0.009895,0.442492,0.614364,-0.018945,0.455108,0.626257,-0.023876,0.381038,0.617667,-0.002544,0.421809,0.630222,-0.015643,0.417953,0.668715,-0.019758,0.405779,0.676611,-0.020124,0.374211,0.630145,-0.009849,0.415384,0.652328,-0.022696,0.410225,0.688447,-0.020692,0.398975,0.691252,-0.016592,0.370617,0.650923,-0.017831,0.403403,0.667464,-0.024711,0.401394,0.692507,-0.021164,0.391560,0.695548,-0.016618
1780387762.814,left,pinch,0.378579,0.750554,-0.000000,0.408941,0.714067,-0.000476,0.426122,0.669151,-0.004615,0.438443,0.638330,-0.011609,0.448377,0.605259,-0.017434,0.389186,0.600509,0.005868,0.413719,0.575456,-0.007004,0.433468,0.579771,-0.016146,0.447718,0.587170,-0.021244,0.377617,0.597142,-0.000628,0.416908,0.599996,-0.015090,0.414194,0.640460,-0.019682,0.402166,0.651071,-0.019957,0.371663,0.606783,-0.008836,0.412858,0.619843,-0.022587,0.408859,0.658104,-0.020605,0.397479,0.663376,-0.016201,0.369398,0.623418,-0.017566,0.402810,0.635905,-0.024579,0.400914,0.662427,-0.021055,0.390151,0.666870,-0.016474
1780387763.332,left,pinch,0.380250,0.745232,-0.000000,0.409593,0.713000,-0.002241,0.427673,0.668088,-0.006629,0.441031,0.636074,-0.013475,0.449186,0.602885,-0.019076,0.391996,0.597682,0.005098,0.416699,0.572891,-0.008305,0.436150,0.579612,-0.017770,0.449901,0.589472,-0.022565,0.380177,0.594561,-0.000371,0.418853,0.599490,-0.014461,0.415475,0.639668,-0.018833,0.403903,0.648703,-0.018782,0.373904,0.604625,-0.007811,0.414310,0.619111,-0.021237,0.409594,0.656280,-0.019303,0.398578,0.660312,-0.014758,0.371055,0.621055,-0.015922,0.403757,0.633095,-0.022509,0.401807,0.658923,-0.018736,0.391906,0.663144,-0.013791
1780387763.837,left,pinch,0.372300,0.728469,-0.000000,0.402716,0.685778,-0.000575,0.417077,0.638352,-0.005275,0.429359,0.608985,-0.012688,0.440524,0.581261,-0.019009,0.371004,0.575380,0.002984,0.402403,0.551624,-0.010136,0.424041,0.554434,-0.019926,0.439375,0.558310,-0.025732,0.362406,0.579285,-0.003740,0.407302,0.578914,-0.017685,0.405413,0.614019,-0.022043,0.392420,0.623691,-0.022913,0.361104,0.595246,-0.011974,0.405630,0.601879,-0.024265,0.403513,0.636474,-0.021855,0.392288,0.643323,-0.017925,0.364267,0.616342,-0.020897,0.399063,0.621553,-0.026875,0.398708,0.646096,-0.023157,0.389170,0.652686,-0.018890
1780387764.339,left,pinch,0.373379,0.727230,-0.000000,0.403374,0.682444,-0.000932,0.417561,0.633853,-0.005802,0.430134,0.603205,-0.013359,0.441873,0.574835,-0.019581,0.371353,0.572065,0.003132,0.402113,0.546702,-0.009743,0.423566,0.551946,-0.018658,0.437827,0.558873,-0.023626,0.363325,0.575798,-0.003524,0.408108,0.573462,-0.017345,0.407114,0.610226,-0.021250,0.394489,0.620975,-0.021596,0.362123,0.590726,-0.011772,0.406010,0.595785,-0.023561,0.403689,0.630405,-0.020971,0.392024,0.637374,-0.016992,0.365013,0.610836,-0.020769,0.399469,0.616493,-0.026251,0.398526,0.641031,-0.022473,0.388704,0.647229,-0.018228
1780387764.861,left,pinch,0.339777,0.715267,0.000000,0.365909,0.681586,-0.003175,0.384495,0.630822,-0.008559,0.398202,0.594298,-0.016336,0.405836,0.560266,-0.022635,0.341039,0.558477,0.003258,0.367879,0.527491,-0.011756,0.388863,0.536306,-0.021708,0.403028,0.547678,-0.026301,0.327834,0.559487,-0.002058,0.370964,0.561145,-0.017046,0.368415,0.603496,-0.021094,0.355870,0.614304,-0.020649,0.320936,0.572876,-0.009525,0.365284,0.583111,-0.023287,0.361209,0.621678,-0.020913,0.350340,0.627691,-0.016029,0.318436,0.592035,-0.017832,0.355188,0.601049,-0.024534,0.353792,0.626672,-0.020859,0.344182,0.633330,-0.015747
1780387765.402,left,pinch,0.217430,0.638469,-0.000000,0.242401,0.604951,-0.010316,0.257012,0.547322,-0.014867,0.257277,0.493772,-0.020494,0.245722,0.458256,-0.024843,0.233894,0.500753,0.003141,0.239147,0.459101,-0.010148,0.243267,0.460797,-0.014965,0.241448,0.468581,-0.015315,0.215723,0.507671,0.002718,0.226737,0.479250,-0.011471,0.231039,0.529174,-0.011018,0.225108,0.535362,-0.006011,0.198732,0.519559,-0.001064,0.211599,0.501884,-0.019865,0.215489,0.546993,-0.014556,0.207610,0.553567,-0.005613,0.179205,0.535418,-0.005500,0.193650,0.518667,-0.017597,0.199226,0.548190,-0.012709,0.192645,0.556233,-0.005664
1780387765.925,left,pinch,0.209413,0.651942,-0.000000,0.235593,0.612039,-0.009800,0.247150,0.550746,-0.012833,0.242506,0.493158,-0.016890,0.229145,0.455137,-0.018184,0.231089,0.515498,0.008004,0.230387,0.472711,-0.008553,0.234941,0.505868,-0.016204,0.233485,0.525137,-0.017707,0.213753,0.520590,0.007369,0.215812,0.485480,-0.008369,0.222480,0.536586,-0.011103,0.219699,0.541097,-0.008235,0.196075,0.531198,0.002904,0.198747,0.504688,-0.017502,0.206776,0.553365,-0.013498,0.203143,0.558723,-0.004721,0.175702,0.545396,-0.001997,0.182588,0.523835,-0.013960,0.189522,0.555957,-0.008637,0.185620,0.564191,-0.000984
1780387766.426,left,pinch,0.233649,0.649403,-0.000000,0.248635,0.592153,-0.005222,0.251221,0.530225,-0.012269,0.251898,0.486400,-0.021836,0.244768,0.447502,-0.029650,0.188367,0.501679,0.002713,0.201379,0.453387,-0.012157,0.220982,0.441472,-0.020112,0.237155,0.437912,-0.022792,0.174992,0.515671,-0.001855,0.213072,0.484226,-0.015471,0.225292,0.527043,-0.017277,0.218051,0.543955,-0.015405,0.170376,0.536075,-0.009004,0.211037,0.505383,-0.023355,0.220691,0.544954,-0.019473,0.213240,0.560807,-0.013429,0.170223,0.559404,-0.017119,0.204215,0.528597,-0.024520,0.213382,0.554084,-0.019720,0.207765,0.571198,-0.013556
1780387766.953,left,pinch,0.258939,0.623205,0.000000,0.273721,0.575899,-0.004818,0.276633,0.519736,-0.010130,0.279154,0.475015,-0.018053,0.271883,0.439951,-0.024304,0.229239,0.495791,0.006145,0.234416,0.455402,-0.007788,0.249685,0.437971,-0.015309,0.263627,0.428094,-0.018026,0.218558,0.502967,0.001842,0.245363,0.470722,-0.013490,0.256287,0.510145,-0.015673,0.248264,0.524477,-0.012971,0.211926,0.512770,-0.005274,0.242269,0.484770,-0.022199,0.251533,0.524422,-0.018680,0.242968,0.540223,-0.011548,0.207174,0.526175,-0.013145,0.235024,0.499339,-0.022556,0.242965,0.524925,-0.018377,0.235897,0.541719,-0.012079
1780387767.509,left,pinch,0.281295,0.603966,0.000000,0.297158,0.563103,-0.002328,0.302758,0.513726,-0.004006,0.308127,0.475401,-0.008834,0.304898,0.442780,-0.012309,0.270343,0.492611,0.014795,0.275934,0.458697,0.003483,0.287914,0.446143,-0.003449,0.298873,0.435087,-0.006345,0.261077,0.495779,0.010309,0.279782,0.471019,-0.004989,0.284687,0.507167,-0.009457,0.277581,0.517484,-0.007937,0.252349,0.500381,0.002883,0.274484,0.478994,-0.014443,0.278235,0.515637,-0.013464,0.269281,0.526128,-0.007436,0.242745,0.508275,-0.004910,0.266684,0.485957,-0.014769,0.270671,0.510999,-0.012187,0.262346,0.524447,-0.006981
1780387768.014,left,pinch,0.232312,0.578237,0.000000,0.250504,0.545645,-0.005834,0.259053,0.492663,-0.007049,0.260595,0.449941,-0.009233,0.251549,0.422990,-0.011269,0.233252,0.477738,0.005848,0.234960,0.448358,-0.000235,0.241426,0.429941,-0.003855,0.244866,0.415852,-0.005722,0.222213,0.481593,0.004908,0.232732,0.455664,-0.005908,0.238211,0.487436,-0.008866,0.230646,0.499959,-0.007309,0.210680,0.488207,0.001989,0.222291,0.465200,-0.012491,0.228615,0.497623,-0.011637,0.220904,0.510413,-0.006666,0.196977,0.499173,-0.001028,0.211484,0.476120,-0.010820,0.218066,0.497710,-0.008817,0.211466,0.511615,-0.004688
1780387768.611,left,pinch,0.187759,0.532842,0.000000,0.205771,0.484454,-0.007294,0.212900,0.420629,-0.007718,0.211541,0.371426,-0.008661,0.202779,0.341398,-0.008614,0.187217,0.415990,0.009078,0.189446,0.382351,0.004499,0.194177,0.379333,0.001151,0.194325,0.366706,-0.000541,0.173352,0.420964,0.009861,0.179002,0.388189,0.002591,0.185235,0.412047,-0.000650,0.181899,0.415522,0.000115,0.160613,0.428634,0.008410,0.167378,0.398093,0.000613,0.173140,0.421627,0.002330,0.169141,0.427300,0.006392,0.147486,0.439743,0.006127,0.154998,0.409491,0.002678,0.159589,0.422518,0.005879,0.156723,0.430904,0.010032
1780387769.174,left,pinch,0.235760,0.337265,-0.000000,0.263184,0.310391,-0.005425,0.277041,0.259877,-0.005475,0.282121,0.210479,-0.007472,0.277432,0.172443,-0.008854,0.261324,0.233994,0.016410,0.270955,0.208751,0.010649,0.274051,0.204864,0.007748,0.271243,0.189984,0.006379,0.247067,0.230530,0.015161,0.256694,0.203468,0.004180,0.256222,0.241316,0.001426,0.249121,0.244202,0.003999,0.232112,0.231273,0.011029,0.242645,0.205190,-0.004594,0.243805,0.244639,-0.003461,0.236026,0.250286,0.002509,0.215331,0.233706,0.006772,0.227964,0.213825,-0.003188,0.229625,0.238564,-0.001252,0.222242,0.244913,0.003093
1780387769.701,left,pinch,0.247214,0.375470,-0.000000,0.266459,0.348835,-0.007845,0.279658,0.301513,-0.011133,0.281884,0.259136,-0.015135,0.275707,0.227052,-0.016360,0.273782,0.259183,0.003615,0.281668,0.229587,-0.008547,0.279680,0.266740,-0.012588,0.273549,0.275482,-0.013136,0.257462,0.257281,0.002459,0.265055,0.235496,-0.009158,0.264299,0.283671,-0.008753,0.258756,0.279601,-0.005191,0.240335,0.261099,-0.001645,0.247252,0.242820,-0.015670,0.249756,0.285769,-0.009833,0.244197,0.283768,-0.002331,0.221296,0.267190,-0.006333,0.229556,0.253611,-0.013874,0.234331,0.282433,-0.007848,0.230199,0.285652,-0.001121
1780387770.256,left,pinch,0.289144,0.441701,-0.000000,0.312891,0.432075,-0.010848,0.336440,0.410831,-0.020351,0.348043,0.385495,-0.030219,0.340337,0.361168,-0.037916,0.332157,0.312681,-0.006685,0.343723,0.311234,-0.022541,0.344508,0.336770,-0.030173,0.340890,0.354790,-0.032226,0.313204,0.299836,-0.007842,0.324983,0.324469,-0.019644,0.319966,0.367298,-0.020358,0.315529,0.366621,-0.017985,0.294211,0.302569,-0.011602,0.305969,0.334001,-0.023961,0.302884,0.369098,-0.019642,0.298411,0.367037,-0.013989,0.274645,0.314089,-0.016654,0.286830,0.335000,-0.023667,0.287267,0.362208,-0.019073,0.283385,0.364066,-0.013308
1780387770.779,left,pinch,0.367222,0.500062,-0.000000,0.393994,0.502898,-0.008475,0.420938,0.486808,-0.017055,0.439547,0.476552,-0.026743,0.450512,0.463130,-0.034276,0.421714,0.374666,-0.004821,0.442761,0.390613,-0.022673,0.448537,0.423794,-0.032927,0.451775,0.443977,-0.037211,0.405271,0.360708,-0.008238,0.427595,0.413546,-0.023796,0.413510,0.449237,-0.026995,0.404706,0.443489,-0.026313,0.387881,0.364370,-0.014201,0.409402,0.422888,-0.028767,0.397701,0.450617,-0.025935,0.392163,0.441092,-0.021074,0.371054,0.377801,-0.021417,0.391239,0.422961,-0.028782,0.382823,0.444391,-0.024985,0.375056,0.439068,-0.019817
1780387771.295,left,pinch,0.426957,0.580013,-0.000000,0.459957,0.582280,-0.002038,0.491954,0.562129,-0.006766,0.514620,0.551571,-0.014237,0.533873,0.539747,-0.020633,0.489460,0.458008,0.002890,0.517954,0.470605,-0.011408,0.530054,0.498749,-0.020507,0.538941,0.519179,-0.025240,0.477055,0.443174,-0.003357,0.505926,0.498240,-0.018933,0.488036,0.530040,-0.023281,0.474322,0.524325,-0.023264,0.463431,0.444915,-0.011407,0.490261,0.504578,-0.026629,0.472938,0.532357,-0.024727,0.462096,0.523214,-0.020129,0.449811,0.454935,-0.020002,0.473780,0.503424,-0.027777,0.463331,0.525502,-0.023900,0.453408,0.519550,-0.018676
1780387771.823,left,pinch,0.493483,0.615969,-0.000000,0.531403,0.612288,-0.001693,0.560839,0.593346,-0.007937,0.584292,0.584048,-0.017363,0.603245,0.563675,-0.025340,0.543971,0.491422,0.006187,0.576661,0.497335,-0.008963,0.595708,0.525352,-0.019525,0.608292,0.549496,-0.024953,0.535322,0.478666,-0.000629,0.573503,0.527338,-0.015938,0.558540,0.561126,-0.020444,0.543368,0.556778,-0.020556,0.527807,0.482874,-0.009665,0.563706,0.537147,-0.023787,0.548032,0.566826,-0.021171,0.535129,0.559658,-0.016331,0.521301,0.496114,-0.019525,0.550085,0.541949,-0.026192,0.540075,0.563120,-0.021924,0.528064,0.557804,-0.016626
1780387772.326,left,pinch,0.552378,0.629922,-0.000000,0.588330,0.632719,0.001005,0.618155,0.613760,-0.002396,0.642640,0.604418,-0.009089,0.663159,0.589058,-0.014617,0.600271,0.508927,0.010244,0.637481,0.520960,-0.002330,0.657429,0.550636,-0.012857,0.670094,0.575112,-0.019113,0.596610,0.497102,0.002834,0.636746,0.546503,-0.011720,0.622168,0.579085,-0.017889,0.605755,0.578002,-0.019286,0.594449,0.502941,-0.006267,0.632100,0.558503,-0.019800,0.615058,0.587434,-0.018666,0.599945,0.581223,-0.014712,0.593212,0.516917,-0.015803,0.623122,0.564983,-0.022299,0.611683,0.585068,-0.018921,0.598548,0.578861,-0.014349
1780387772.846,left,pinch,0.594654,0.642714,0.000000,0.627509,0.641873,0.000697,0.652424,0.623940,-0.003472,0.675595,0.615508,-0.010256,0.694887,0.600452,-0.015799,0.630217,0.520803,0.007536,0.671238,0.544106,-0.002864,0.691021,0.571408,-0.012062,0.703302,0.591418,-0.018021,0.629426,0.512066,0.001040,0.671176,0.557382,-0.011052,0.661307,0.590532,-0.016593,0.646693,0.596386,-0.018298,0.630981,0.519463,-0.006647,0.671894,0.568710,-0.017069,0.658483,0.597263,-0.016446,0.643330,0.595059,-0.013892,0.634511,0.534848,-0.014705,0.664807,0.579186,-0.019656,0.654903,0.599493,-0.017395,0.642276,0.595883,-0.014277
1780387773.382,left,pinch,0.617122,0.614243,0.000000,0.634031,0.605109,0.001693,0.653541,0.585520,-0.001522,0.677869,0.580628,-0.006921,0.696045,0.572329,-0.011098,0.638470,0.500947,0.007186,0.672054,0.518382,-0.000012,0.687163,0.539765,-0.007232,0.695955,0.552823,-0.012703,0.643668,0.496503,0.001109,0.675541,0.523563,-0.007402,0.670862,0.553140,-0.012007,0.660633,0.565043,-0.014222,0.650272,0.503680,-0.005721,0.682722,0.533919,-0.013164,0.674509,0.562586,-0.011481,0.662817,0.569590,-0.009153,0.658285,0.518079,-0.012969,0.683505,0.551795,-0.017020,0.675770,0.572152,-0.014801,0.664666,0.575986,-0.012187
1780387773.895,left,pinch,0.597372,0.558985,-0.000000,0.608568,0.551363,0.001787,0.623212,0.540175,-0.001579,0.641724,0.536769,-0.006520,0.654065,0.530380,-0.010602,0.603256,0.484853,0.001007,0.619990,0.496706,-0.005151,0.624171,0.518283,-0.011304,0.621526,0.531462,-0.015935,0.609420,0.473263,-0.004089,0.626660,0.492456,-0.009531,0.628060,0.513003,-0.015185,0.623049,0.525555,-0.019619,0.618288,0.472752,-0.009212,0.637474,0.498282,-0.014953,0.635370,0.523738,-0.017097,0.628738,0.536141,-0.018613,0.629097,0.478296,-0.014386,0.647660,0.510821,-0.018440,0.646861,0.529032,-0.019178,0.642270,0.537509,-0.019520
1780387774.429,left,pinch,0.597345,0.575697,0.000000,0.619002,0.593834,0.002509,0.636365,0.593157,0.002472,0.651706,0.592353,-0.000212,0.664603,0.584560,-0.001934,0.626867,0.523439,0.013429,0.646167,0.543185,0.007476,0.656014,0.562007,0.000907,0.661538,0.575975,-0.003519,0.628646,0.508986,0.008155,0.647725,0.543238,0.000234,0.640309,0.561931,-0.005506,0.631559,0.563833,-0.008131,0.631336,0.503079,0.001663,0.650886,0.543588,-0.006309,0.639282,0.561103,-0.007283,0.628251,0.558184,-0.006241,0.634265,0.500398,-0.005028,0.649991,0.541510,-0.008715,0.641104,0.554507,-0.007735,0.631684,0.551170,-0.006035
1780387774.980,left,pinch,0.609630,0.580219,0.000000,0.627349,0.605650,0.001128,0.649327,0.616030,-0.000029,0.668319,0.623285,-0.004405,0.684421,0.619075,-0.008130,0.655308,0.556501,0.016216,0.671619,0.570735,0.009301,0.681274,0.590538,0.003539,0.688834,0.610464,0.000343,0.656527,0.544092,0.010908,0.668361,0.576016,-0.000059,0.652456,0.584109,-0.004504,0.644589,0.575941,-0.004224,0.656253,0.533444,0.003620,0.667049,0.571154,-0.008219,0.649836,0.577218,-0.007870,0.641624,0.565207,-0.004036,0.654384,0.521148,-0.003861,0.665022,0.561719,-0.009626,0.652970,0.567139,-0.007413,0.644626,0.556183,-0.003673
1780387775.547,left,pinch,0.640446,0.577878,0.000000,0.659768,0.608610,-0.001820,0.686739,0.621967,-0.004046,0.708919,0.634155,-0.009148,0.727592,0.630225,-0.013221,0.699774,0.564195,0.013205,0.717081,0.578857,0.003298,0.726180,0.599755,-0.002831,0.732652,0.620569,-0.005388,0.697745,0.549653,0.008929,0.711196,0.584587,-0.005887,0.690244,0.590852,-0.009408,0.682987,0.579311,-0.006889,0.695733,0.535803,0.002154,0.706829,0.574991,-0.013940,0.686409,0.579335,-0.012058,0.679456,0.564862,-0.005481,0.692400,0.520459,-0.004894,0.702719,0.561728,-0.013838,0.688713,0.566300,-0.010965,0.681184,0.552458,-0.005562
1780387776.049,left,pinch,0.672494,0.565013,0.000000,0.691893,0.599975,-0.003806,0.719407,0.616269,-0.005410,0.742130,0.629380,-0.009604,0.761296,0.623185,-0.013022,0.732266,0.563544,0.013898,0.750063,0.573987,0.003494,0.760155,0.595553,-0.004090,0.767873,0.616349,-0.007878,0.730309,0.548494,0.010211,0.745735,0.576281,-0.007396,0.725099,0.582276,-0.014015,0.715442,0.571613,-0.012887,0.728591,0.531941,0.003812,0.741481,0.565197,-0.015008,0.720218,0.568344,-0.015018,0.711834,0.552289,-0.008745,0.725906,0.512193,-0.002930,0.737581,0.550075,-0.013901,0.723421,0.553407,-0.011982,0.715850,0.537229,-0.006964
1780387776.569,left,pinch,0.720754,0.491078,0.000000,0.740682,0.533413,-0.005277,0.770501,0.554929,-0.007993,0.796386,0.567646,-0.012910,0.818227,0.559321,-0.017567,0.784601,0.506888,0.009757,0.804074,0.518340,0.000764,0.816611,0.537555,-0.004013,0.826461,0.553349,-0.006083,0.783095,0.486469,0.006821,0.799343,0.515381,-0.008672,0.775993,0.520011,-0.011867,0.766937,0.503880,-0.008634,0.781214,0.464362,0.001264,0.795066,0.496069,-0.017412,0.771496,0.500333,-0.015600,0.763350,0.480870,-0.008308,0.777969,0.437875,-0.004476,0.790755,0.474837,-0.016431,0.775118,0.482524,-0.013828,0.767055,0.464537,-0.008355
1780387777.070,left,pinch,0.771722,0.405123,0.000000,0.790710,0.445907,-0.008411,0.825408,0.470126,-0.011917,0.854993,0.482847,-0.016759,0.880222,0.473569,-0.021530,0.846361,0.427161,0.004938,0.865456,0.442435,-0.005306,0.878431,0.459665,-0.009852,0.888964,0.474306,-0.011443,0.843765,0.400550,0.003485,0.861101,0.431364,-0.012111,0.834281,0.434962,-0.013090,0.823718,0.423083,-0.008201,0.839657,0.373807,-0.000850,0.851750,0.409308,-0.020817,0.824935,0.412884,-0.017139,0.815328,0.398147,-0.008329,0.833355,0.344129,-0.005580,0.844813,0.384378,-0.018721,0.825772,0.390214,-0.015315,0.816358,0.373858,-0.009074
1780387777.619,left,pinch,0.782570,0.315350,-0.000000,0.802341,0.356741,-0.008650,0.839255,0.382716,-0.014242,0.870933,0.392452,-0.021333,0.893368,0.375816,-0.027482,0.875856,0.344791,-0.000076,0.898536,0.357443,-0.015747,0.906440,0.361957,-0.023244,0.904628,0.361028,-0.025172,0.875101,0.306349,-0.002336,0.880894,0.336070,-0.017820,0.852125,0.337917,-0.017457,0.843378,0.324815,-0.012569,0.868373,0.273144,-0.007692,0.867532,0.306439,-0.026041,0.841783,0.311390,-0.019978,0.834742,0.298965,-0.011001,0.857469,0.241091,-0.013958,0.858451,0.272542,-0.025344,0.840644,0.282937,-0.019872,0.834521,0.273821,-0.012392
1780387778.147,left,pinch,0.761495,0.230201,-0.000000,0.784501,0.263769,-0.008194,0.818262,0.282497,-0.012677,0.847238,0.283451,-0.018569,0.866885,0.260231,-0.023280,0.854980,0.234560,0.001164,0.879129,0.233650,-0.013768,0.881801,0.244672,-0.023011,0.877037,0.252271,-0.026588,0.854035,0.201297,-0.000504,0.862321,0.225424,-0.015629,0.837146,0.236964,-0.019094,0.823669,0.232177,-0.017087,0.846929,0.171783,-0.004899,0.844450,0.202344,-0.019834,0.821480,0.211233,-0.016677,0.811894,0.204427,-0.010195,0.835285,0.144355,-0.010473,0.830779,0.173232,-0.018132,0.815937,0.183377,-0.014080,0.810305,0.175599,-0.008153
1780387778.684,left,pinch,0.786423,0.198772,-0.000000,0.806733,0.227643,-0.012901,0.843816,0.238545,-0.019164,0.875619,0.232767,-0.025721,0.899103,0.209273,-0.030876,0.878179,0.205703,-0.002376,0.903320,0.196774,-0.016852,0.914402,0.196537,-0.024449,0.916853,0.196549,-0.027285,0.875819,0.170896,-0.002740,0.891185,0.183393,-0.018860,0.863780,0.193190,-0.019840,0.851682,0.188666,-0.015442,0.867813,0.139352,-0.006274,0.875565,0.154505,-0.024512,0.850932,0.169310,-0.018669,0.841213,0.167254,-0.009468,0.855614,0.107502,-0.011156,0.863380,0.122825,-0.022923,0.848153,0.140393,-0.017601,0.841297,0.141614,-0.010079
1780387779.199,left,pinch,0.736272,0.172660,-0.000000,0.762673,0.197170,-0.009022,0.795612,0.200839,-0.014300,0.823848,0.188524,-0.021657,0.845988,0.165165,-0.027550,0.826183,0.168999,0.002731,0.858251,0.157874,-0.013268,0.856909,0.160326,-0.022404,0.846246,0.163651,-0.025134,0.819794,0.139355,0.000883,0.840188,0.136928,-0.016444,0.815018,0.153679,-0.021371,0.799884,0.157743,-0.019576,0.810848,0.111386,-0.003913,0.827273,0.111361,-0.022408,0.803315,0.134768,-0.019225,0.787622,0.142045,-0.011258,0.798813,0.081757,-0.009590,0.815152,0.077727,-0.021062,0.802202,0.100800,-0.016188,0.790822,0.112397,-0.008531
1780387779.739,left,pinch,0.614691,0.192474,-0.000000,0.633938,0.206496,-0.011070,0.654491,0.206798,-0.018836,0.668868,0.192684,-0.027709,0.676873,0.164785,-0.034843,0.694054,0.177626,-0.004193,0.719609,0.152333,-0.021263,0.704650,0.151278,-0.032346,0.688469,0.162439,-0.036599,0.685570,0.147038,-0.005295,0.706426,0.123384,-0.023702,0.681045,0.134782,-0.030050,0.664502,0.153947,-0.029106,0.675020,0.120155,-0.009055,0.692281,0.096592,-0.025526,0.670611,0.113926,-0.024126,0.655691,0.136077,-0.017827,0.662468,0.098934,-0.013910,0.676209,0.077230,-0.024007,0.662687,0.093497,-0.020550,0.651578,0.114400,-0.014201
1780387780.259,left,pinch,0.544933,0.239824,-0.000000,0.559894,0.245109,-0.012512,0.575062,0.238890,-0.020453,0.581894,0.210730,-0.028377,0.584775,0.181657,-0.034197,0.607621,0.216336,-0.006520,0.624581,0.189036,-0.022162,0.612527,0.182035,-0.030736,0.600226,0.188555,-0.033629,0.598010,0.190838,-0.005569,0.603181,0.166747,-0.022984,0.583918,0.182774,-0.027696,0.577285,0.203493,-0.026264,0.588288,0.169618,-0.007298,0.592360,0.147732,-0.023714,0.577021,0.165229,-0.022444,0.570960,0.185281,-0.016785,0.578162,0.152481,-0.010167,0.583522,0.131672,-0.020516,0.572673,0.145122,-0.018281,0.567060,0.163616,-0.012983
1780387780.866,left,pinch,0.490322,0.374144,-0.000000,0.503664,0.366653,-0.018191,0.524921,0.350247,-0.024299,0.538503,0.326620,-0.028408,0.545021,0.299877,-0.030031,0.556886,0.341945,-0.005231,0.563540,0.307294,-0.020199,0.550248,0.301324,-0.029769,0.541089,0.306116,-0.033695,0.545889,0.320527,-0.000532,0.545313,0.286426,-0.017978,0.529030,0.303073,-0.024369,0.525138,0.319994,-0.023827,0.533540,0.304911,0.000870,0.530397,0.277391,-0.016970,0.517181,0.298228,-0.018176,0.515171,0.315144,-0.013553,0.521257,0.295565,0.000773,0.519893,0.274859,-0.011466,0.510668,0.291269,-0.011596,0.509278,0.306943,-0.007584
1780387781.401,left,pinch,0.408504,0.487390,-0.000000,0.429466,0.484269,-0.009516,0.449445,0.457637,-0.011756,0.460061,0.422367,-0.013867,0.464985,0.394852,-0.014097,0.461827,0.440020,0.003041,0.474074,0.409358,-0.006798,0.470459,0.409129,-0.012081,0.466611,0.412415,-0.013849,0.448637,0.426663,0.003888,0.454445,0.406196,-0.006598,0.446334,0.427643,-0.009729,0.445904,0.438102,-0.008938,0.434277,0.418125,0.002187,0.438268,0.403328,-0.010975,0.430802,0.427298,-0.010159,0.430362,0.435967,-0.005815,0.419289,0.412251,-0.000213,0.424896,0.400328,-0.008375,0.420110,0.418168,-0.005919,0.419062,0.425547,-0.001643
1780387781.915,left,pinch,0.301317,0.614238,0.000000,0.329893,0.598450,-0.008060,0.357754,0.543024,-0.009090,0.368198,0.496863,-0.010530,0.366060,0.458233,-0.011860,0.331339,0.495823,0.002872,0.342710,0.464238,-0.004698,0.354595,0.450536,-0.008615,0.362713,0.441137,-0.010497,0.314033,0.493494,0.002493,0.333936,0.475950,-0.010608,0.332361,0.522250,-0.012950,0.323267,0.537950,-0.010273,0.297069,0.496247,-0.000026,0.317138,0.485326,-0.016929,0.316298,0.530806,-0.013869,0.306746,0.543508,-0.006898,0.278217,0.503195,-0.002854,0.299597,0.491061,-0.014473,0.300595,0.520671,-0.011296,0.290957,0.529761,-0.006020
1780387782.467,left,pinch,0.387758,0.723889,-0.000000,0.414241,0.677470,-0.002291,0.432999,0.606530,-0.005458,0.443889,0.557336,-0.011208,0.446352,0.516671,-0.016449,0.377784,0.531315,0.004480,0.402399,0.492918,-0.009011,0.424006,0.490132,-0.019597,0.442494,0.489851,-0.025583,0.362321,0.539749,-0.001548,0.406116,0.522358,-0.018302,0.412676,0.573351,-0.023565,0.408186,0.606071,-0.023279,0.351125,0.560939,-0.009385,0.396714,0.547681,-0.025538,0.399744,0.596231,-0.022488,0.393038,0.623224,-0.016032,0.343010,0.589734,-0.017866,0.381186,0.573387,-0.026569,0.385914,0.603399,-0.021726,0.379206,0.622652,-0.015204
1780387782.975,left,pinch,0.463714,0.757101,-0.000000,0.497608,0.696890,-0.004397,0.514476,0.628649,-0.012770,0.529430,0.582244,-0.024127,0.544014,0.544623,-0.034243,0.451815,0.544568,0.001323,0.490641,0.509230,-0.015305,0.520909,0.510224,-0.027890,0.544968,0.513219,-0.035660,0.440598,0.561100,-0.006050,0.497621,0.549855,-0.023758,0.498745,0.599629,-0.029289,0.484980,0.620073,-0.030756,0.438507,0.590202,-0.015627,0.494997,0.578425,-0.031193,0.494687,0.623416,-0.027203,0.481549,0.639660,-0.022148,0.441892,0.623580,-0.026444,0.486818,0.612099,-0.035134,0.487119,0.644653,-0.030300,0.474815,0.659196,-0.024788
1780387783.509,left,pinch,0.512058,0.812340,0.000000,0.555486,0.741633,-0.005642,0.576344,0.679446,-0.015176,0.595797,0.639536,-0.027205,0.614633,0.610223,-0.037517,0.509346,0.603365,-0.002213,0.563024,0.570956,-0.019496,0.596075,0.581060,-0.033227,0.617425,0.597391,-0.041580,0.508268,0.617838,-0.008703,0.573879,0.621135,-0.027329,0.575342,0.666084,-0.034966,0.560954,0.685994,-0.037943,0.517207,0.645107,-0.017106,0.577332,0.651680,-0.032458,0.573038,0.693587,-0.032218,0.557815,0.709926,-0.029840,0.530655,0.674374,-0.026714,0.573521,0.684510,-0.034446,0.571271,0.717262,-0.031623,0.561165,0.731159,-0.027884
1780387784.025,left,pinch,0.544458,0.849889,0.000000,0.592613,0.795870,-0.001920,0.616827,0.744885,-0.009487,0.641668,0.717192,-0.020513,0.666025,0.695872,-0.030061,0.562041,0.650384,0.002649,0.617885,0.640900,-0.014487,0.648392,0.660525,-0.028619,0.667623,0.683618,-0.037024,0.560458,0.660490,-0.005148,0.624236,0.694117,-0.024739,0.618734,0.740993,-0.033148,0.601811,0.758875,-0.035916,0.566891,0.686651,-0.014679,0.625491,0.720941,-0.030211,0.615123,0.762920,-0.029312,0.598094,0.775776,-0.025614,0.576937,0.716229,-0.025173,0.621384,0.744741,-0.031799,0.617060,0.776997,-0.027665,0.607159,0.787454,-0.022503
1780387784.538,left,pinch,0.542865,0.850920,0.000000,0.596084,0.810029,-0.001209,0.624144,0.762870,-0.009132,0.650662,0.737475,-0.020586,0.675266,0.717266,-0.030414,0.571693,0.654808,0.003214,0.628931,0.657783,-0.013075,0.657848,0.679774,-0.025715,0.676164,0.702034,-0.033296,0.569597,0.660935,-0.005255,0.633364,0.703141,-0.024777,0.623715,0.747290,-0.031778,0.604933,0.756213,-0.033128,0.574900,0.685107,-0.015377,0.633988,0.732186,-0.030636,0.620629,0.773165,-0.029007,0.602196,0.777476,-0.024780,0.584073,0.714204,-0.026454,0.629021,0.756791,-0.032591,0.621030,0.787648,-0.028510,0.608335,0.790237,-0.023492
1780387785.073,left,pinch,0.542117,0.850653,0.000000,0.595186,0.812898,0.001374,0.623913,0.766637,-0.004960,0.650154,0.742269,-0.015347,0.674947,0.724680,-0.024382,0.577089,0.657453,0.005860,0.633059,0.660944,-0.008845,0.660637,0.684200,-0.021038,0.678008,0.706977,-0.028742,0.575475,0.663739,-0.003300,0.634562,0.708905,-0.020834,0.625284,0.750565,-0.028325,0.607844,0.759449,-0.030829,0.580476,0.688752,-0.013795,0.636089,0.737606,-0.027405,0.622595,0.775861,-0.026884,0.604707,0.779881,-0.024108,0.589675,0.719129,-0.024944,0.631390,0.761483,-0.030016,0.623243,0.791076,-0.026516,0.611178,0.794576,-0.022441
1780387785.602,left,pinch,0.553992,0.866044,0.000000,0.607341,0.823008,-0.000771,0.637822,0.779691,-0.008779,0.665055,0.758875,-0.019908,0.688823,0.742389,-0.029506,0.586903,0.673888,-0.000334,0.644241,0.680016,-0.013584,0.673502,0.702087,-0.024039,0.691194,0.723904,-0.030862,0.586250,0.683979,-0.008094,0.647215,0.724490,-0.023869,0.639708,0.761403,-0.030239,0.622190,0.766598,-0.032703,0.592517,0.712747,-0.016704,0.648065,0.754464,-0.027946,0.635443,0.787223,-0.026641,0.617005,0.788867,-0.024400,0.602843,0.745782,-0.026104,0.643075,0.784079,-0.029969,0.634535,0.808666,-0.026428,0.621455,0.809333,-0.022902
1780387786.130,left,pinch,0.618009,0.843784,0.000000,0.659348,0.803332,0.001356,0.692938,0.763055,-0.005233,0.729618,0.756037,-0.015200,0.758956,0.756525,-0.023911,0.655412,0.659833,0.002557,0.712337,0.674838,-0.009725,0.740462,0.702140,-0.020774,0.756972,0.727095,-0.028253,0.659153,0.670661,-0.005888,0.717086,0.717585,-0.019413,0.709529,0.753424,-0.026584,0.692124,0.759844,-0.030255,0.667774,0.699605,-0.014936,0.719949,0.744859,-0.024431,0.706944,0.775829,-0.023215,0.689224,0.777129,-0.021181,0.678882,0.733819,-0.024548,0.716462,0.770684,-0.026917,0.707937,0.795412,-0.022145,0.696434,0.798605,-0.017773
1780387786.642,left,pinch,0.677756,0.861362,0.000000,0.697756,0.788281,0.004226,0.731080,0.747570,-0.002316,0.773903,0.759387,-0.012212,0.809699,0.785583,-0.021264,0.717741,0.685170,-0.000518,0.772821,0.704049,-0.011386,0.797623,0.731029,-0.020411,0.812242,0.753899,-0.026641,0.728543,0.702304,-0.010073,0.778087,0.744591,-0.020942,0.773245,0.778409,-0.027124,0.757981,0.791190,-0.030591,0.740471,0.734494,-0.019427,0.785567,0.774545,-0.026026,0.772916,0.804570,-0.023660,0.755365,0.811169,-0.021079,0.753156,0.773163,-0.029066,0.784894,0.802580,-0.029309,0.774944,0.826998,-0.023142,0.762405,0.835743,-0.017800
1780387787.219,left,pinch,0.714109,0.867243,0.000000,0.726990,0.792146,0.008428,0.751726,0.753310,0.003991,0.784270,0.758271,-0.004374,0.813869,0.777304,-0.012113,0.751865,0.694585,0.001711,0.803729,0.712961,-0.005904,0.828145,0.737880,-0.012317,0.843094,0.759627,-0.017354,0.766067,0.710401,-0.008822,0.809376,0.759184,-0.016368,0.805200,0.793164,-0.021216,0.793241,0.807824,-0.024486,0.780468,0.742106,-0.018428,0.817681,0.788581,-0.022366,0.806672,0.817582,-0.019655,0.791440,0.826511,-0.017704,0.794860,0.779764,-0.027953,0.819469,0.813437,-0.027395,0.811147,0.835738,-0.021681,0.800041,0.844616,-0.016744
1780387787.751,left,pinch,0.695786,0.873605,0.000000,0.715513,0.804746,0.013745,0.741775,0.774179,0.011570,0.766136,0.783062,0.003897,0.784418,0.805202,-0.003849,0.760877,0.723753,0.009680,0.807801,0.772990,0.002263,0.828414,0.810152,-0.003951,0.838655,0.837870,-0.008834,0.773354,0.740629,-0.004316,0.810701,0.800096,-0.011848,0.800458,0.833646,-0.014707,0.783526,0.846545,-0.015806,0.782093,0.772003,-0.017691,0.815537,0.834293,-0.022026,0.799596,0.863616,-0.017268,0.783203,0.866939,-0.013471,0.789151,0.814113,-0.030822,0.810998,0.863574,-0.030583,0.796223,0.882965,-0.024266,0.781853,0.883639,-0.018883
1780387788.260,left,pinch,0.686653,0.863631,0.000000,0.733980,0.879729,0.003440,0.775096,0.877101,-0.000821,0.809467,0.887426,-0.008971,0.838895,0.891187,-0.015766,0.772262,0.734845,0.010070,0.820216,0.793524,-0.002416,0.838827,0.841974,-0.013795,0.848540,0.878620,-0.021560,0.774876,0.730367,0.000830,0.817841,0.813472,-0.015006,0.800367,0.853472,-0.023479,0.778983,0.861686,-0.026602,0.776618,0.748059,-0.009316,0.814908,0.839016,-0.022695,0.792012,0.871762,-0.022285,0.771911,0.870689,-0.018991,0.779158,0.779187,-0.019733,0.803235,0.857191,-0.025276,0.785460,0.879987,-0.022170,0.769682,0.876703,-0.018026
1780387788.805,left,pinch,0.706674,0.848519,0.000000,0.744304,0.861414,-0.000082,0.782910,0.862631,-0.006019,0.818035,0.877576,-0.015154,0.849375,0.883958,-0.022596,0.788690,0.729742,0.008857,0.833804,0.788727,-0.004976,0.853687,0.840369,-0.018441,0.864040,0.879624,-0.027587,0.793348,0.725702,0.001049,0.832044,0.805936,-0.015637,0.815963,0.837671,-0.026090,0.793923,0.837330,-0.030810,0.796574,0.741106,-0.008000,0.834695,0.824376,-0.021690,0.813990,0.851213,-0.021186,0.794059,0.844047,-0.018082,0.799837,0.769641,-0.017724,0.826723,0.841123,-0.024922,0.809001,0.859813,-0.021608,0.791363,0.851651,-0.016935
1780387789.352,left,pinch,0.741771,0.860422,0.000000,0.770903,0.862403,-0.000060,0.807429,0.861025,-0.006308,0.843392,0.880840,-0.015360,0.876060,0.895569,-0.022577,0.815800,0.735511,0.008383,0.854085,0.787727,-0.003191,0.866226,0.833085,-0.014262,0.870158,0.864875,-0.022019,0.825555,0.737399,0.001259,0.860973,0.795834,-0.010180,0.857714,0.841103,-0.018454,0.847532,0.863729,-0.023016,0.833314,0.755720,-0.007109,0.868214,0.822528,-0.016770,0.851479,0.856719,-0.016216,0.834419,0.864486,-0.014475,0.841150,0.788323,-0.016287,0.861521,0.850480,-0.021809,0.847647,0.872166,-0.019836,0.833891,0.873991,-0.017009
1780387789.856,left,pinch,0.756713,0.864484,-0.000000,0.788301,0.885100,0.003705,0.820998,0.885702,-0.000630,0.851288,0.901454,-0.008357,0.876483,0.911772,-0.013907,0.832441,0.750166,0.010157,0.871062,0.813837,-0.002276,0.868851,0.852670,-0.014001,0.859036,0.866999,-0.022225,0.840787,0.749671,0.000739,0.879952,0.827938,-0.013653,0.863305,0.861904,-0.022938,0.842183,0.861676,-0.027536,0.848997,0.766958,-0.009468,0.885567,0.851521,-0.021609,0.862854,0.879541,-0.021311,0.841310,0.871030,-0.019035,0.856308,0.797062,-0.019941,0.879780,0.871591,-0.026893,0.864161,0.891661,-0.024588,0.848797,0.884303,-0.021253
1780387790.466,left,pinch,0.649052,0.880151,0.000000,0.692293,0.914716,-0.007823,0.737835,0.918390,-0.016410,0.774042,0.932487,-0.026657,0.807988,0.942683,-0.035129,0.741623,0.761846,0.000216,0.790196,0.832824,-0.017620,0.810119,0.887799,-0.031788,0.820284,0.931512,-0.040419,0.739095,0.754403,-0.004218,0.785167,0.845065,-0.026452,0.764330,0.874767,-0.034569,0.741729,0.871042,-0.035527,0.736080,0.769728,-0.010890,0.776283,0.864775,-0.029249,0.751278,0.889224,-0.026923,0.731484,0.881222,-0.020894,0.733014,0.799475,-0.018800,0.758234,0.880921,-0.027970,0.736852,0.898127,-0.024223,0.719413,0.887806,-0.018690
1780387791.010,left,pinch,0.417614,0.842542,0.000000,0.472013,0.840139,-0.013485,0.512622,0.820224,-0.027738,0.542764,0.812848,-0.043396,0.569169,0.814021,-0.056614,0.503436,0.656197,-0.009422,0.549324,0.707333,-0.033136,0.565116,0.763659,-0.050524,0.574497,0.804231,-0.061207,0.483781,0.652230,-0.014997,0.529037,0.744439,-0.039326,0.506970,0.773543,-0.048638,0.488443,0.760647,-0.052804,0.465215,0.675751,-0.023731,0.508026,0.767026,-0.043067,0.486848,0.785358,-0.041415,0.472044,0.766329,-0.038102,0.449646,0.711959,-0.034814,0.484077,0.784064,-0.045709,0.470346,0.798339,-0.043121,0.457730,0.781579,-0.039201
1780387791.523,left,pinch,0.335946,0.804173,-0.000000,0.368659,0.785860,-0.011291,0.397479,0.754393,-0.023657,0.415734,0.736678,-0.037151,0.421029,0.722139,-0.048760,0.373707,0.602730,-0.011934,0.407660,0.629585,-0.034186,0.420988,0.677458,-0.048756,0.427581,0.699582,-0.056279,0.347981,0.603205,-0.016497,0.386114,0.667010,-0.033174,0.377489,0.716096,-0.038709,0.364029,0.713542,-0.041634,0.324492,0.627892,-0.023485,0.363545,0.689815,-0.038643,0.356746,0.730708,-0.035841,0.344755,0.726600,-0.032331,0.304180,0.664318,-0.032108,0.337812,0.707613,-0.039522,0.335352,0.737612,-0.034334,0.324502,0.736604,-0.028691
1780387792.041,left,pinch,0.284227,0.757227,-0.000000,0.312594,0.730163,-0.015018,0.336499,0.677745,-0.025969,0.350772,0.638442,-0.037056,0.352072,0.601501,-0.045363,0.297973,0.553617,-0.011146,0.326653,0.536771,-0.033726,0.338641,0.577587,-0.045925,0.340464,0.602055,-0.050428,0.273822,0.558477,-0.012562,0.310116,0.580305,-0.033898,0.309698,0.642564,-0.039116,0.298780,0.657660,-0.038275,0.252907,0.582085,-0.017224,0.290524,0.612531,-0.037356,0.290485,0.664269,-0.034839,0.281496,0.672285,-0.028469,0.235432,0.615424,-0.023381,0.268953,0.634057,-0.033868,0.271050,0.671693,-0.029592,0.263097,0.680582,-0.022893
1780387792.558,left,pinch,0.274634,0.755869,-0.000000,0.305060,0.720261,-0.012822,0.328404,0.659676,-0.022226,0.340505,0.610832,-0.032603,0.337725,0.566622,-0.041621,0.286563,0.553453,-0.008302,0.312515,0.521221,-0.027507,0.327286,0.531003,-0.038290,0.335613,0.547009,-0.042116,0.262333,0.555915,-0.010165,0.297103,0.570334,-0.029833,0.296283,0.630959,-0.034184,0.287203,0.655628,-0.032297,0.241794,0.577529,-0.014836,0.278670,0.599976,-0.034589,0.279196,0.653670,-0.031519,0.272594,0.672278,-0.024181,0.224054,0.609117,-0.020813,0.257316,0.619120,-0.032477,0.262531,0.658874,-0.027737,0.258359,0.675896,-0.020070
1780387793.064,left,pinch,0.266612,0.739584,-0.000000,0.293545,0.699636,-0.011716,0.313371,0.629708,-0.019984,0.323257,0.571154,-0.029987,0.316362,0.525745,-0.038650,0.274388,0.543728,-0.002483,0.289559,0.505900,-0.020211,0.302272,0.503483,-0.027780,0.313364,0.506543,-0.029502,0.249635,0.547315,-0.004471,0.278527,0.549980,-0.022730,0.281840,0.611050,-0.023250,0.274315,0.621353,-0.018135,0.229218,0.565354,-0.009859,0.261482,0.579713,-0.031153,0.264467,0.635100,-0.026095,0.256324,0.643829,-0.016757,0.210824,0.592306,-0.016342,0.240968,0.598508,-0.029019,0.246997,0.637846,-0.023756,0.239467,0.649916,-0.015533
1780387793.584,left,pinch,0.248689,0.723383,-0.000000,0.275082,0.673672,-0.017325,0.290487,0.595773,-0.024535,0.293364,0.529450,-0.031890,0.280940,0.482788,-0.035440,0.252623,0.530240,-0.002414,0.265770,0.487981,-0.023150,0.273166,0.537130,-0.030025,0.268894,0.556906,-0.030427,0.230773,0.542422,-0.001537,0.248201,0.519286,-0.021868,0.256952,0.585365,-0.022094,0.249426,0.589830,-0.016677,0.210053,0.562381,-0.005418,0.229282,0.547199,-0.029079,0.238551,0.606789,-0.022404,0.230401,0.614997,-0.011427,0.188984,0.587113,-0.010623,0.209397,0.569640,-0.024059,0.219121,0.607387,-0.017480,0.212387,0.619334,-0.008193
1780387794.087,left,pinch,0.232251,0.690101,-0.000000,0.258873,0.640214,-0.012704,0.267350,0.564590,-0.016365,0.268322,0.497117,-0.021214,0.258564,0.446521,-0.022384,0.238733,0.509345,0.005393,0.245663,0.459601,-0.014645,0.252016,0.510685,-0.021954,0.246880,0.532950,-0.022622,0.220007,0.522735,0.004639,0.231092,0.484534,-0.015551,0.239571,0.546991,-0.017422,0.232481,0.553965,-0.013061,0.200519,0.541082,-0.000866,0.214836,0.513965,-0.025105,0.223262,0.573395,-0.019802,0.214768,0.582813,-0.009378,0.179022,0.562403,-0.007171,0.195921,0.538039,-0.020838,0.204877,0.576716,-0.014854,0.198515,0.589082,-0.006189
1780387794.661,left,pinch,0.228003,0.669203,-0.000000,0.250267,0.611355,-0.011099,0.256686,0.537808,-0.015647,0.256131,0.473251,-0.021993,0.241432,0.430133,-0.025540,0.221913,0.496732,0.009337,0.228116,0.453962,-0.007879,0.237660,0.478495,-0.013672,0.235999,0.485706,-0.013855,0.204305,0.511463,0.007677,0.217353,0.471503,-0.012055,0.229570,0.530395,-0.012811,0.220844,0.537848,-0.006666,0.186180,0.529554,0.001397,0.202835,0.500408,-0.023461,0.214924,0.555691,-0.018494,0.204209,0.566218,-0.007466,0.166220,0.551932,-0.005444,0.186302,0.523464,-0.020040,0.196462,0.559784,-0.014662,0.186535,0.573878,-0.005989
1780387795.177,left,pinch,0.249124,0.658492,-0.000000,0.265219,0.604051,-0.006589,0.268680,0.535877,-0.014825,0.269954,0.484190,-0.025353,0.264366,0.442146,-0.033901,0.202227,0.489503,-0.000395,0.220100,0.442213,-0.017056,0.240412,0.430751,-0.024803,0.257346,0.427742,-0.027130,0.183733,0.506161,-0.005319,0.227905,0.477315,-0.022050,0.242185,0.529581,-0.023083,0.234162,0.547960,-0.019324,0.175595,0.532260,-0.012864,0.222826,0.510490,-0.030537,0.233713,0.555202,-0.025813,0.224885,0.568823,-0.018157,0.173081,0.563916,-0.021385,0.211704,0.539915,-0.030776,0.222392,0.568282,-0.025420,0.216162,0.584188,-0.018131
1780387795.696,left,pinch,0.237138,0.681183,-0.000000,0.252075,0.596470,-0.004891,0.250107,0.526777,-0.013202,0.252958,0.481123,-0.023870,0.260958,0.441128,-0.032137,0.168645,0.507844,-0.003966,0.198791,0.443143,-0.022066,0.229175,0.428569,-0.032096,0.250448,0.424538,-0.036601,0.159671,0.530912,-0.010567,0.215624,0.478299,-0.027674,0.230170,0.520017,-0.030133,0.221088,0.544694,-0.029167,0.165345,0.559448,-0.019340,0.221643,0.511582,-0.034799,0.231896,0.547426,-0.030846,0.222101,0.566620,-0.025346,0.178562,0.588582,-0.029299,0.224357,0.548165,-0.037532,0.232444,0.572836,-0.033385,0.224192,0.591623,-0.027991
1780387796.234,left,pinch,0.244830,0.654814,0.000000,0.270932,0.574475,-0.004627,0.277427,0.513852,-0.013910,0.287910,0.471635,-0.025663,0.302012,0.435084,-0.035628,0.203165,0.477869,-0.003028,0.244730,0.425660,-0.021015,0.275308,0.416569,-0.033615,0.298035,0.415891,-0.040888,0.198565,0.494049,-0.010035,0.257112,0.457987,-0.028726,0.263392,0.499099,-0.033855,0.251707,0.519899,-0.035042,0.205895,0.517039,-0.019130,0.263242,0.483994,-0.034530,0.266154,0.521820,-0.031659,0.253803,0.538164,-0.027469,0.219665,0.539770,-0.029495,0.264154,0.515581,-0.037527,0.267521,0.543607,-0.033994,0.257837,0.557006,-0.029738
1780387796.756,left,pinch,0.260689,0.630945,-0.000000,0.286192,0.569628,-0.001836,0.296020,0.510566,-0.008002,0.307807,0.471289,-0.017123,0.318129,0.433826,-0.024855,0.232688,0.461723,0.004324,0.268608,0.421873,-0.010830,0.294976,0.415919,-0.022356,0.314381,0.414986,-0.029044,0.223340,0.468046,-0.002759,0.276531,0.450460,-0.017767,0.279515,0.493519,-0.022620,0.267267,0.509969,-0.023666,0.224689,0.485247,-0.011787,0.276910,0.474157,-0.024409,0.278064,0.513127,-0.021636,0.266292,0.524489,-0.017481,0.231631,0.506731,-0.021822,0.272006,0.497643,-0.027653,0.274168,0.524204,-0.023220,0.264535,0.535414,-0.018218
1780387797.260,left,pinch,0.255738,0.625205,-0.000000,0.278818,0.568934,-0.003382,0.288450,0.510550,-0.010525,0.299433,0.468410,-0.020326,0.306548,0.428087,-0.028212,0.225953,0.461976,0.002865,0.257712,0.420748,-0.013468,0.283184,0.415043,-0.023537,0.301817,0.413424,-0.028307,0.214300,0.466863,-0.003391,0.266466,0.448891,-0.019143,0.271468,0.495665,-0.021908,0.259640,0.509509,-0.020740,0.213196,0.481948,-0.011987,0.265243,0.470583,-0.026148,0.268132,0.512369,-0.021789,0.257033,0.522525,-0.015849,0.217640,0.501894,-0.021704,0.259358,0.492301,-0.028542,0.262763,0.521125,-0.023660,0.253485,0.533330,-0.017746
1780387797.787,left,pinch,0.255072,0.619706,-0.000000,0.276554,0.564715,-0.002008,0.285633,0.506331,-0.008343,0.295199,0.464491,-0.017567,0.300217,0.424294,-0.024970,0.225579,0.460635,0.003774,0.253519,0.419126,-0.011554,0.277532,0.412431,-0.020498,0.295965,0.410604,-0.024422,0.213021,0.464868,-0.002736,0.262449,0.447531,-0.017571,0.267489,0.493880,-0.019866,0.256123,0.507699,-0.018392,0.210604,0.478977,-0.011377,0.260118,0.467620,-0.024789,0.263326,0.509422,-0.020228,0.252475,0.519836,-0.014214,0.213173,0.497869,-0.020973,0.253236,0.487288,-0.027342,0.256892,0.515539,-0.022280,0.247584,0.527813,-0.016217
1780387798.306,left,pinch,0.288503,0.654896,-0.000000,0.312747,0.607923,-0.006705,0.326854,0.542281,-0.013975,0.336434,0.493408,-0.023397,0.339286,0.449219,-0.031119,0.276290,0.480446,0.001219,0.297923,0.444518,-0.014104,0.317855,0.437762,-0.021738,0.334202,0.433474,-0.024904,0.258343,0.484818,-0.003293,0.300387,0.474862,-0.020136,0.304959,0.529000,-0.022145,0.294107,0.542078,-0.019336,0.247105,0.501185,-0.010414,0.291776,0.497357,-0.028214,0.294526,0.546175,-0.024115,0.283709,0.556323,-0.016929,0.239306,0.524590,-0.018491,0.278407,0.517153,-0.028493,0.282879,0.549226,-0.024082,0.273311,0.562086,-0.017621
1780387798.827,left,pinch,0.305245,0.684199,-0.000000,0.331711,0.640366,-0.006571,0.349542,0.574430,-0.014236,0.362256,0.526225,-0.024046,0.371205,0.483195,-0.032311,0.299233,0.501106,-0.000441,0.326494,0.467356,-0.015763,0.347100,0.465548,-0.023613,0.362589,0.466141,-0.026917,0.280709,0.505615,-0.005131,0.326668,0.503379,-0.022044,0.329790,0.557737,-0.024695,0.318197,0.572257,-0.022478,0.269072,0.523415,-0.012069,0.315866,0.526249,-0.029517,0.317776,0.575143,-0.025638,0.306632,0.585660,-0.018674,0.260627,0.548637,-0.019851,0.300356,0.544869,-0.029404,0.304581,0.577662,-0.024436,0.294969,0.590267,-0.017528
1780387799.378,left,pinch,0.319781,0.708839,-0.000000,0.349525,0.665813,-0.006521,0.370733,0.602434,-0.014741,0.384706,0.555659,-0.025146,0.395005,0.512970,-0.034358,0.320085,0.517717,-0.002186,0.353399,0.488311,-0.018323,0.375565,0.493605,-0.028461,0.390170,0.499551,-0.033544,0.301525,0.522888,-0.007278,0.350864,0.526647,-0.024357,0.352818,0.579541,-0.028709,0.340352,0.597107,-0.028159,0.290522,0.543048,-0.014375,0.340015,0.552097,-0.030881,0.340881,0.599528,-0.027812,0.329402,0.611310,-0.021899,0.283437,0.570949,-0.022351,0.324498,0.573631,-0.030964,0.328590,0.605608,-0.025852,0.319590,0.617185,-0.019134
1780387799.899,left,pinch,0.334543,0.738415,-0.000000,0.367243,0.693004,-0.002322,0.390107,0.629576,-0.008924,0.408612,0.587365,-0.018881,0.423700,0.550771,-0.027773,0.343988,0.538615,0.002686,0.376928,0.511976,-0.014017,0.400183,0.522792,-0.025049,0.416660,0.534782,-0.030418,0.325911,0.543723,-0.004828,0.377422,0.554612,-0.021253,0.375799,0.608126,-0.025536,0.363157,0.623242,-0.025208,0.315673,0.565032,-0.014446,0.367864,0.582647,-0.030126,0.364853,0.629763,-0.027077,0.353135,0.639711,-0.021415,0.309859,0.594280,-0.024845,0.353698,0.602081,-0.032126,0.355002,0.634719,-0.026502,0.345309,0.645504,-0.019737
1780387800.417,left,pinch,0.341019,0.748467,-0.000000,0.375004,0.703374,-0.001338,0.398654,0.643194,-0.007710,0.417503,0.603190,-0.017405,0.431911,0.566917,-0.025908,0.351643,0.546768,0.003013,0.388732,0.526312,-0.012997,0.413574,0.537961,-0.022833,0.430317,0.549849,-0.027575,0.334029,0.552054,-0.005150,0.387379,0.562597,-0.021587,0.384747,0.614776,-0.025532,0.370239,0.627586,-0.024950,0.324415,0.574210,-0.015184,0.377992,0.594756,-0.030804,0.373974,0.641350,-0.027673,0.361130,0.647485,-0.022138,0.319685,0.604770,-0.025894,0.363941,0.618523,-0.033107,0.363111,0.651032,-0.027850,0.351713,0.658221,-0.021614
1780387800.939,left,pinch,0.343451,0.752584,-0.000000,0.376389,0.708454,-0.002466,0.400965,0.648372,-0.009262,0.420054,0.608711,-0.019097,0.433869,0.573550,-0.027422,0.353145,0.549716,0.002114,0.391906,0.532437,-0.014319,0.416460,0.545556,-0.024092,0.433337,0.556445,-0.028721,0.335516,0.555031,-0.005643,0.390627,0.566926,-0.022693,0.386793,0.619953,-0.026209,0.372470,0.632402,-0.024990,0.325712,0.576867,-0.015447,0.381009,0.599672,-0.031506,0.375947,0.646133,-0.028024,0.363328,0.652197,-0.021932,0.320747,0.607431,-0.026110,0.367172,0.623339,-0.033570,0.365906,0.655571,-0.028487,0.354648,0.662940,-0.022162
1780387801.465,left,pinch,0.348855,0.754576,-0.000000,0.382858,0.711473,-0.002627,0.407867,0.653742,-0.009781,0.428200,0.616202,-0.019880,0.442891,0.581471,-0.028476,0.360398,0.554883,0.001388,0.399463,0.538326,-0.015274,0.424255,0.552302,-0.025394,0.441298,0.564708,-0.030371,0.343696,0.559398,-0.006298,0.398674,0.573080,-0.023672,0.393966,0.624494,-0.027506,0.379155,0.635590,-0.026704,0.334814,0.581182,-0.016002,0.389380,0.605298,-0.032026,0.383442,0.650288,-0.028697,0.370483,0.654397,-0.023028,0.330744,0.611652,-0.026568,0.375480,0.630228,-0.034179,0.372883,0.661653,-0.029333,0.361077,0.666885,-0.023390
1780387801.984,left,pinch,0.345868,0.712415,-0.000000,0.376055,0.679062,-0.005469,0.400894,0.624796,-0.013066,0.419999,0.587113,-0.022756,0.434943,0.551737,-0.031078,0.359849,0.529263,-0.001727,0.394399,0.512480,-0.017592,0.415882,0.525159,-0.026538,0.430444,0.538159,-0.030366,0.341984,0.529429,-0.006808,0.391195,0.547942,-0.022706,0.386558,0.598726,-0.025655,0.372966,0.611619,-0.024207,0.330287,0.546661,-0.013961,0.379703,0.574591,-0.029889,0.374162,0.618969,-0.027208,0.362103,0.625611,-0.021549,0.322183,0.572091,-0.021912,0.363765,0.591348,-0.029900,0.362818,0.622645,-0.025528,0.352172,0.630551,-0.019510
1780387802.515,left,pinch,0.343569,0.698851,-0.000000,0.372031,0.667353,-0.005336,0.396807,0.614628,-0.012567,0.415236,0.577490,-0.021860,0.428848,0.543874,-0.029683,0.356356,0.518960,-0.001315,0.391881,0.503876,-0.017853,0.414038,0.519845,-0.028030,0.428478,0.533749,-0.032719,0.338683,0.520029,-0.006526,0.386351,0.538545,-0.023844,0.383021,0.589779,-0.028387,0.370281,0.604056,-0.027768,0.327026,0.537372,-0.013729,0.374375,0.563541,-0.029698,0.370277,0.607947,-0.027372,0.359083,0.615443,-0.021910,0.318751,0.562515,-0.021819,0.358872,0.582501,-0.029409,0.357806,0.613413,-0.025164,0.347604,0.620828,-0.019246
1780387803.035,left,pinch,0.343231,0.698668,-0.000000,0.372071,0.667684,-0.005056,0.396823,0.616742,-0.012494,0.416318,0.583563,-0.022151,0.431045,0.553772,-0.030270,0.357218,0.517631,-0.000942,0.391157,0.502779,-0.018324,0.414144,0.520109,-0.029445,0.429819,0.535172,-0.034683,0.339490,0.519240,-0.006540,0.387685,0.540153,-0.024115,0.383950,0.589947,-0.028898,0.371031,0.602316,-0.028601,0.328029,0.537549,-0.014274,0.375676,0.566733,-0.030124,0.370679,0.608757,-0.027885,0.359154,0.613927,-0.022665,0.320160,0.563606,-0.022977,0.360505,0.586138,-0.030294,0.358515,0.615471,-0.026062,0.347998,0.620952,-0.020273
1780387803.543,left,pinch,0.344655,0.698871,-0.000000,0.374041,0.666901,-0.002996,0.398829,0.614650,-0.009184,0.418371,0.582021,-0.018074,0.433699,0.555884,-0.025727,0.359166,0.518269,0.001055,0.393847,0.503194,-0.014939,0.416359,0.519765,-0.025119,0.431329,0.533696,-0.029994,0.341907,0.520283,-0.005374,0.389756,0.541880,-0.022060,0.385226,0.591487,-0.026412,0.371529,0.602992,-0.025946,0.330752,0.538448,-0.013692,0.377791,0.567108,-0.028853,0.372443,0.609155,-0.026361,0.360467,0.613831,-0.021118,0.322731,0.564220,-0.022802,0.362513,0.585669,-0.029777,0.360509,0.615045,-0.025201,0.350023,0.620242,-0.019266
1780387804.065,left,pinch,0.390281,0.769586,0.000000,0.394239,0.701507,-0.011634,0.409960,0.652184,-0.023585,0.435015,0.649730,-0.035740,0.458851,0.668770,-0.046642,0.436372,0.596873,-0.019340,0.483893,0.625704,-0.038364,0.503388,0.668426,-0.052506,0.511408,0.703647,-0.060471,0.443075,0.626016,-0.021211,0.474981,0.669374,-0.039521,0.472504,0.700784,-0.048147,0.461681,0.714550,-0.052313,0.447007,0.663583,-0.024387,0.469999,0.707726,-0.041577,0.458993,0.734505,-0.041742,0.444165,0.742827,-0.038112,0.448803,0.700621,-0.028531,0.465325,0.729713,-0.038657,0.457359,0.750803,-0.035389,0.446090,0.760904,-0.029790
