timestamp,handedness,gesture,lm0_wrist_x,lm0_wrist_y,lm0_wrist_z,lm1_thumb_cmc_x,lm1_thumb_cmc_y,lm1_thumb_cmc_z,lm2_thumb_mcp_x,lm2_thumb_mcp_y,lm2_thumb_mcp_z,lm3_thumb_ip_x,lm3_thumb_ip_y,lm3_thumb_ip_z,lm4_thumb_tip_x,lm4_thumb_tip_y,lm4_thumb_tip_z,lm5_index_mcp_x,lm5_index_mcp_y,lm5_index_mcp_z,lm6_index_pip_x,lm6_index_pip_y,lm6_index_pip_z,lm7_index_dip_x,lm7_index_dip_y,lm7_index_dip_z,lm8_index_tip_x,lm8_index_tip_y,lm8_index_tip_z,lm9_middle_mcp_x,lm9_middle_mcp_y,lm9_middle_mcp_z,lm10_middle_pip_x,lm10_middle_pip_y,lm10_middle_pip_z,lm11_middle_dip_x,lm11_middle_dip_y,lm11_middle_dip_z,lm12_middle_tip_x,lm12_middle_tip_y,lm12_middle_tip_z,lm13_ring_mcp_x,lm13_ring_mcp_y,lm13_ring_mcp_z,lm14_ring_pip_x,lm14_ring_pip_y,lm14_ring_pip_z,lm15_ring_dip_x,lm15_ring_dip_y,lm15_ring_dip_z,lm16_ring_tip_x,lm16_ring_tip_y,lm16_ring_tip_z,lm17_pinky_mcp_x,lm17_pinky_mcp_y,lm17_pinky_mcp_z,lm18_pinky_pip_x,lm18_pinky_pip_y,lm18_pinky_pip_z,lm19_pinky_dip_x,lm19_pinky_dip_y,lm19_pinky_dip_z,lm20_pinky_tip_x,lm20_pinky_tip_y,lm20_pinky_tip_z
1780386467.005,right,pinch,0.535311,0.931046,-0.000000,0.504610,0.898129,-0.008105,0.483133,0.845645,-0.014483,0.472757,0.808944,-0.021701,0.470507,0.786759,-0.027764,0.514105,0.762668,-0.010233,0.497849,0.708642,-0.024299,0.475952,0.729954,-0.033343,0.468095,0.759980,-0.037832,0.529950,0.768503,-0.012880,0.500736,0.730917,-0.025334,0.481114,0.763925,-0.028492,0.478793,0.796419,-0.028454,0.543087,0.788014,-0.017069,0.511456,0.764818,-0.027210,0.498556,0.801702,-0.023199,0.499675,0.834722,-0.018663,0.554784,0.817773,-0.022385,0.528195,0.800656,-0.028417,0.516562,0.822529,-0.023538,0.516450,0.847071,-0.017889
1780386467.538,right,pinch,0.561575,0.652563,-0.000000,0.525819,0.622373,-0.002185,0.503706,0.579613,-0.007642,0.489322,0.550777,-0.015112,0.474856,0.524639,-0.020427,0.544743,0.494316,0.002140,0.510111,0.484719,-0.011440,0.489112,0.499440,-0.021301,0.473067,0.513150,-0.027447,0.551487,0.497855,-0.004384,0.505227,0.523287,-0.017979,0.513518,0.561193,-0.020808,0.526955,0.565825,-0.021507,0.552636,0.513552,-0.013084,0.505775,0.545885,-0.023866,0.517516,0.579900,-0.018105,0.531501,0.578025,-0.013743,0.549487,0.537437,-0.023158,0.513338,0.563277,-0.031433,0.520241,0.587557,-0.028601,0.531512,0.586326,-0.025267
1780386468.041,right,pinch,0.549281,0.640164,-0.000000,0.513065,0.612245,-0.001635,0.490707,0.572244,-0.007592,0.474125,0.544055,-0.015593,0.456991,0.517938,-0.022000,0.530625,0.485791,0.001672,0.493358,0.479074,-0.011097,0.472761,0.493503,-0.020902,0.457454,0.506225,-0.027287,0.536465,0.486408,-0.004623,0.490115,0.515933,-0.018134,0.499588,0.554171,-0.021530,0.513495,0.561464,-0.022734,0.536297,0.500207,-0.012732,0.490202,0.533770,-0.024229,0.503301,0.568236,-0.020125,0.518264,0.568696,-0.016757,0.531857,0.522003,-0.021887,0.497311,0.550890,-0.031494,0.504911,0.576777,-0.030148,0.516609,0.578011,-0.027777
1780386468.564,right,pinch,0.528613,0.632667,-0.000000,0.499204,0.607419,-0.003974,0.476137,0.568687,-0.010332,0.455903,0.542460,-0.017534,0.439168,0.517069,-0.022999,0.514649,0.482344,-0.002003,0.478984,0.473832,-0.010815,0.456924,0.487855,-0.017923,0.440678,0.501690,-0.023391,0.517166,0.482413,-0.005986,0.471171,0.506629,-0.016439,0.479322,0.543006,-0.019333,0.492533,0.552822,-0.021008,0.513882,0.496073,-0.011240,0.469903,0.526752,-0.020597,0.482015,0.559434,-0.017608,0.495875,0.562126,-0.015658,0.506275,0.517394,-0.017509,0.473774,0.543147,-0.027608,0.480221,0.568244,-0.027772,0.490190,0.571621,-0.026568
1780386469.104,right,pinch,0.583380,0.655313,-0.000000,0.547106,0.625726,-0.005463,0.521172,0.582658,-0.013594,0.502899,0.554873,-0.023099,0.487322,0.528829,-0.030426,0.566509,0.492977,-0.002960,0.527730,0.481190,-0.017784,0.503840,0.492919,-0.028501,0.484710,0.504164,-0.035375,0.573261,0.492013,-0.007951,0.523430,0.515897,-0.022767,0.531493,0.556809,-0.025513,0.545509,0.563627,-0.026063,0.573684,0.504318,-0.015126,0.523343,0.534377,-0.027683,0.535933,0.571992,-0.022263,0.551928,0.573772,-0.017767,0.569586,0.525940,-0.023814,0.532001,0.552426,-0.034481,0.539580,0.581695,-0.032680,0.552042,0.586079,-0.029595
1780386469.641,right,pinch,0.623935,0.703392,-0.000000,0.588778,0.662330,-0.003020,0.565521,0.616992,-0.009680,0.548800,0.590596,-0.018294,0.534663,0.562130,-0.025034,0.612233,0.537550,0.001385,0.580746,0.518445,-0.011570,0.559722,0.524425,-0.021739,0.542716,0.535934,-0.028488,0.621160,0.541822,-0.004819,0.576163,0.554874,-0.017791,0.583015,0.591665,-0.021318,0.597037,0.597902,-0.022877,0.624581,0.556749,-0.013164,0.578215,0.580410,-0.022917,0.588358,0.612210,-0.018202,0.602897,0.610956,-0.015060,0.622583,0.580102,-0.022960,0.586393,0.601620,-0.030789,0.593097,0.626770,-0.028394,0.605232,0.627598,-0.025713
1780386470.154,right,pinch,0.652657,0.691829,-0.000000,0.620796,0.657058,-0.005450,0.598050,0.617139,-0.013337,0.582057,0.591804,-0.022496,0.574108,0.562897,-0.029359,0.638184,0.537625,-0.001332,0.614197,0.516485,-0.014068,0.595897,0.522686,-0.022739,0.581548,0.537982,-0.028375,0.651529,0.538360,-0.005890,0.614344,0.551163,-0.017684,0.619420,0.587221,-0.019772,0.632071,0.591094,-0.020449,0.660851,0.550848,-0.012724,0.620457,0.576240,-0.021442,0.626807,0.608048,-0.015078,0.637896,0.606371,-0.011109,0.664781,0.572760,-0.021204,0.630390,0.595132,-0.028617,0.635355,0.618515,-0.025396,0.645844,0.617029,-0.022162
1780386470.666,right,pinch,0.679001,0.678023,-0.000000,0.653159,0.645715,-0.005715,0.633547,0.605627,-0.012575,0.619534,0.578234,-0.020591,0.616301,0.551333,-0.026174,0.666840,0.533168,-0.001901,0.650242,0.505141,-0.014915,0.635379,0.509108,-0.021009,0.623267,0.521479,-0.024052,0.682186,0.531992,-0.005448,0.650789,0.540205,-0.018110,0.654303,0.581222,-0.018357,0.664880,0.584470,-0.016526,0.694952,0.541788,-0.011343,0.660130,0.561590,-0.021658,0.665466,0.597675,-0.014714,0.675180,0.595890,-0.009152,0.703369,0.560504,-0.018670,0.673171,0.578931,-0.025958,0.675871,0.603891,-0.022508,0.684946,0.601642,-0.018669
1780386471.203,right,pinch,0.715803,0.649302,-0.000000,0.694299,0.621663,-0.009209,0.674473,0.579805,-0.017537,0.663791,0.541796,-0.026580,0.672085,0.521337,-0.033020,0.703808,0.515930,-0.002230,0.695557,0.487194,-0.014480,0.685989,0.484303,-0.017472,0.678448,0.492441,-0.017715,0.721266,0.515623,-0.003376,0.697458,0.519620,-0.015462,0.697730,0.561701,-0.012199,0.706121,0.563902,-0.006696,0.736966,0.525143,-0.007533,0.710596,0.539809,-0.018580,0.711687,0.575059,-0.010515,0.719368,0.573779,-0.002940,0.749287,0.541771,-0.013252,0.724721,0.555127,-0.019946,0.723904,0.579143,-0.016492,0.731188,0.577375,-0.012272
1780386471.728,right,pinch,0.755239,0.631252,-0.000000,0.735642,0.607296,-0.008191,0.716355,0.560219,-0.014162,0.711903,0.515235,-0.021581,0.725011,0.488252,-0.027056,0.738590,0.505414,0.003887,0.737142,0.478021,-0.007942,0.734832,0.472856,-0.011538,0.733520,0.472666,-0.012191,0.755857,0.506603,0.002153,0.743685,0.506421,-0.011197,0.742761,0.546035,-0.009112,0.748256,0.546348,-0.003379,0.772497,0.515990,-0.002947,0.759556,0.525878,-0.016129,0.757191,0.559979,-0.009051,0.761570,0.559057,-0.000593,0.788523,0.531054,-0.009374,0.774606,0.539423,-0.015943,0.769922,0.561632,-0.012043,0.772678,0.561068,-0.006996
1780386472.252,right,pinch,0.753061,0.627064,-0.000000,0.734488,0.601009,-0.009095,0.716824,0.555646,-0.015449,0.711847,0.512860,-0.023144,0.724295,0.484658,-0.028791,0.740183,0.500932,0.002041,0.734539,0.473676,-0.011466,0.731997,0.478156,-0.016747,0.733086,0.482596,-0.018046,0.757004,0.504039,0.000784,0.742029,0.503560,-0.013261,0.740320,0.542929,-0.012587,0.747681,0.545027,-0.007953,0.772604,0.515540,-0.003857,0.758182,0.521369,-0.018552,0.754098,0.556340,-0.012488,0.759761,0.559503,-0.004021,0.787568,0.532879,-0.009760,0.776444,0.527965,-0.017135,0.768449,0.550041,-0.012711,0.769071,0.557167,-0.006716
1780386472.797,right,pinch,0.716675,0.614698,-0.000000,0.695398,0.579654,-0.004317,0.680321,0.541035,-0.010274,0.669921,0.515624,-0.017025,0.667327,0.492406,-0.021859,0.720158,0.489278,-0.000635,0.702136,0.469838,-0.010503,0.687937,0.468039,-0.016482,0.675112,0.470946,-0.020310,0.731795,0.491783,-0.004237,0.699267,0.491959,-0.014454,0.698917,0.526597,-0.015594,0.708657,0.533470,-0.015184,0.740285,0.503715,-0.009596,0.705860,0.509932,-0.017930,0.706668,0.540478,-0.012461,0.715482,0.542733,-0.008277,0.744355,0.522975,-0.016106,0.715112,0.526336,-0.022449,0.714930,0.547177,-0.019492,0.723030,0.549347,-0.016280
1780386473.339,right,pinch,0.688242,0.591871,-0.000000,0.661898,0.564917,-0.003722,0.644222,0.532485,-0.009566,0.631253,0.513830,-0.016436,0.618856,0.495452,-0.021981,0.674287,0.464949,-0.000777,0.649764,0.459090,-0.011657,0.634648,0.466853,-0.020100,0.623487,0.476474,-0.025495,0.682728,0.468108,-0.004937,0.651246,0.483679,-0.014352,0.655977,0.510754,-0.016475,0.665769,0.513003,-0.017374,0.688016,0.481878,-0.010864,0.655458,0.502102,-0.018340,0.660997,0.525809,-0.013954,0.670207,0.523838,-0.010970,0.689980,0.503203,-0.017911,0.662442,0.518893,-0.023411,0.666143,0.535478,-0.020551,0.674661,0.534302,-0.017754
1780386473.879,right,pinch,0.578924,0.621784,-0.000000,0.550869,0.595150,-0.002508,0.526460,0.565867,-0.008852,0.506191,0.551420,-0.016285,0.488045,0.538241,-0.022748,0.558078,0.483346,-0.003905,0.517884,0.488455,-0.013953,0.497814,0.506769,-0.022862,0.484749,0.520820,-0.029096,0.555441,0.492286,-0.007732,0.514869,0.521988,-0.018466,0.523814,0.548711,-0.022462,0.536050,0.555627,-0.024924,0.549134,0.511246,-0.012339,0.512551,0.543214,-0.020887,0.524809,0.566076,-0.019077,0.537845,0.570092,-0.017605,0.541284,0.536576,-0.017765,0.515354,0.560856,-0.025781,0.522544,0.579378,-0.025807,0.532354,0.584210,-0.024527
1780386474.429,right,pinch,0.463123,0.636652,-0.000000,0.439232,0.608328,-0.000809,0.416019,0.580150,-0.006132,0.393284,0.569752,-0.012957,0.372830,0.562400,-0.019144,0.443456,0.503351,0.001948,0.407032,0.510447,-0.007018,0.388790,0.525775,-0.016095,0.376988,0.539480,-0.022459,0.440015,0.507856,-0.002439,0.402882,0.535504,-0.012008,0.409767,0.563603,-0.017270,0.420524,0.574346,-0.020320,0.432603,0.523187,-0.007631,0.399864,0.555190,-0.015651,0.409895,0.578689,-0.015822,0.421356,0.583596,-0.015549,0.422700,0.545090,-0.013385,0.400606,0.575110,-0.020716,0.407566,0.595452,-0.021687,0.416499,0.600170,-0.021200
1780386474.986,right,pinch,0.395180,0.660229,-0.000000,0.388541,0.651843,-0.009481,0.371957,0.623192,-0.013112,0.350783,0.610350,-0.014908,0.331294,0.609200,-0.016103,0.385442,0.560045,-0.005825,0.362363,0.587495,-0.010679,0.360461,0.607866,-0.016981,0.363201,0.616392,-0.021971,0.378582,0.555810,-0.003437,0.354839,0.576238,-0.006910,0.352844,0.595585,-0.010755,0.355410,0.607320,-0.013921,0.370346,0.565061,-0.001720,0.348303,0.585331,-0.007616,0.350985,0.604999,-0.010348,0.357396,0.612035,-0.011936,0.360541,0.580360,-0.000665,0.342536,0.605490,-0.009250,0.345853,0.622448,-0.012380,0.351923,0.626831,-0.013221
1780386475.501,right,pinch,0.353200,0.699522,-0.000000,0.355223,0.666336,-0.001100,0.343734,0.638386,-0.003525,0.325492,0.631548,-0.006226,0.308870,0.639066,-0.008945,0.347999,0.604202,-0.001647,0.331438,0.624973,-0.007115,0.329611,0.643756,-0.013466,0.332538,0.656740,-0.017913,0.336547,0.605642,-0.003659,0.319557,0.633830,-0.006620,0.319847,0.650610,-0.010416,0.323779,0.661270,-0.013986,0.325525,0.620101,-0.005859,0.309614,0.645506,-0.009897,0.311561,0.660494,-0.012738,0.316085,0.668951,-0.015103,0.315327,0.639590,-0.008030,0.301797,0.659566,-0.013224,0.300997,0.668693,-0.015529,0.301839,0.671704,-0.016716
1780386476.047,right,pinch,0.307763,0.750034,-0.000000,0.287841,0.743247,-0.000567,0.270897,0.727576,-0.002306,0.257068,0.721219,-0.005070,0.245296,0.717543,-0.007038,0.278156,0.675370,0.005371,0.257504,0.697816,-0.000860,0.257893,0.715560,-0.007239,0.261783,0.722417,-0.011083,0.277185,0.676127,0.002659,0.257778,0.709982,-0.003132,0.264031,0.725301,-0.007445,0.270907,0.727366,-0.009546,0.275797,0.684667,-0.000862,0.258848,0.717413,-0.006214,0.266420,0.730959,-0.007213,0.273510,0.730572,-0.006962,0.274263,0.697951,-0.004788,0.262555,0.726508,-0.009389,0.268258,0.737743,-0.010072,0.274143,0.737118,-0.009230
1780386476.594,right,pinch,0.296019,0.777952,-0.000000,0.275553,0.787797,-0.002459,0.253049,0.782056,-0.004512,0.237604,0.781347,-0.006894,0.223763,0.783177,-0.008537,0.258620,0.714138,0.000194,0.243734,0.742857,-0.006240,0.244368,0.764521,-0.012885,0.247716,0.777857,-0.017206,0.261205,0.715271,-0.002051,0.245200,0.749783,-0.007139,0.249606,0.767794,-0.010476,0.256643,0.771880,-0.012762,0.263436,0.726342,-0.005075,0.246419,0.760042,-0.011159,0.252743,0.773576,-0.011186,0.260878,0.773429,-0.010687,0.265384,0.744086,-0.008436,0.251541,0.773161,-0.014987,0.255950,0.784409,-0.014933,0.263347,0.784074,-0.013581
1780386477.130,right,pinch,0.300172,0.820670,-0.000000,0.274665,0.834909,-0.004334,0.249038,0.829373,-0.010209,0.229110,0.833210,-0.016372,0.211537,0.840918,-0.022106,0.255476,0.732413,-0.003821,0.225184,0.770517,-0.013067,0.208936,0.796382,-0.022014,0.197755,0.815608,-0.028404,0.252919,0.736973,-0.006839,0.223895,0.778241,-0.016731,0.232219,0.802345,-0.021235,0.242792,0.808941,-0.023460,0.250121,0.753819,-0.010709,0.223658,0.798086,-0.019904,0.237212,0.816843,-0.018915,0.250165,0.815022,-0.017329,0.247555,0.778902,-0.015352,0.229879,0.816497,-0.024445,0.240448,0.830691,-0.024808,0.251242,0.828068,-0.023454
1780386477.632,right,pinch,0.309240,0.819879,-0.000000,0.274802,0.836068,-0.000906,0.247990,0.829230,-0.005079,0.227059,0.829862,-0.010645,0.208201,0.832432,-0.016286,0.254904,0.727239,-0.000280,0.222699,0.763921,-0.010931,0.206559,0.793022,-0.020147,0.195721,0.816041,-0.025850,0.254693,0.731034,-0.005649,0.216918,0.763550,-0.016094,0.206568,0.795523,-0.022530,0.200920,0.814872,-0.026029,0.254713,0.746306,-0.011647,0.223883,0.795770,-0.022919,0.237991,0.818787,-0.023516,0.251632,0.819516,-0.021858,0.253890,0.771237,-0.017875,0.231635,0.809945,-0.027629,0.242104,0.825728,-0.027479,0.253612,0.822242,-0.025263
1780386478.156,right,pinch,0.327107,0.767508,-0.000000,0.294695,0.782269,-0.006420,0.264355,0.770821,-0.013683,0.240947,0.762015,-0.020889,0.218148,0.758943,-0.027386,0.280103,0.665980,-0.006973,0.244224,0.691883,-0.019396,0.226683,0.716551,-0.029468,0.214852,0.738296,-0.035958,0.282891,0.661606,-0.009489,0.245191,0.705188,-0.023593,0.256441,0.738919,-0.028205,0.269752,0.748675,-0.029529,0.283838,0.671587,-0.013178,0.247248,0.720898,-0.026142,0.263518,0.747305,-0.023439,0.278821,0.748567,-0.019653,0.283139,0.692574,-0.017644,0.255658,0.733533,-0.029318,0.267195,0.754053,-0.028591,0.279669,0.753768,-0.025666
1780386478.702,right,pinch,0.347803,0.692473,-0.000000,0.319687,0.706658,-0.015927,0.289541,0.690592,-0.025043,0.265729,0.673269,-0.031449,0.243424,0.660938,-0.036085,0.308690,0.595335,-0.016515,0.272253,0.610261,-0.028553,0.253128,0.628191,-0.036894,0.239484,0.643311,-0.042543,0.311380,0.584209,-0.013307,0.275972,0.625704,-0.026367,0.287613,0.654554,-0.028759,0.300125,0.657318,-0.029209,0.311879,0.588467,-0.011935,0.277659,0.635575,-0.024712,0.292117,0.660311,-0.021552,0.304991,0.657320,-0.018164,0.310997,0.602623,-0.012166,0.286365,0.644029,-0.025346,0.296636,0.665936,-0.026204,0.307218,0.665357,-0.024542
1780386479.215,right,pinch,0.389859,0.639653,-0.000000,0.358803,0.634128,-0.006414,0.332732,0.609922,-0.012302,0.313771,0.594983,-0.018519,0.295566,0.580796,-0.023009,0.360411,0.525077,-0.000817,0.326349,0.535241,-0.013288,0.308788,0.551656,-0.022806,0.295703,0.564785,-0.028800,0.365161,0.519048,-0.003348,0.328243,0.551926,-0.015852,0.338852,0.582148,-0.018536,0.351417,0.582857,-0.018906,0.366827,0.524438,-0.008122,0.330343,0.562926,-0.018807,0.343295,0.589598,-0.014506,0.356239,0.584578,-0.010607,0.366127,0.538889,-0.014236,0.337118,0.572588,-0.023416,0.346698,0.594204,-0.021982,0.358413,0.591376,-0.019280
1780386479.738,right,pinch,0.404049,0.590377,-0.000000,0.373938,0.578147,-0.004217,0.349898,0.549316,-0.009122,0.333022,0.527880,-0.015149,0.318180,0.506418,-0.019305,0.378390,0.474793,0.005342,0.351912,0.475672,-0.005867,0.334304,0.483126,-0.014119,0.319973,0.492261,-0.019246,0.384960,0.467349,0.001592,0.350973,0.489136,-0.009816,0.359773,0.522722,-0.011059,0.371873,0.521252,-0.009954,0.389336,0.469293,-0.004688,0.355125,0.498132,-0.014885,0.365413,0.527326,-0.009390,0.377365,0.522325,-0.004421,0.390604,0.480240,-0.012229,0.361253,0.506823,-0.020689,0.369746,0.529066,-0.018245,0.381740,0.525512,-0.014797
1780386480.263,right,pinch,0.415524,0.557606,-0.000000,0.389552,0.542290,-0.003797,0.366391,0.511255,-0.009125,0.349520,0.488946,-0.015776,0.335713,0.465393,-0.020505,0.394617,0.439455,0.005593,0.369518,0.435998,-0.005689,0.352024,0.440339,-0.013583,0.337119,0.447414,-0.018422,0.402425,0.432322,0.001643,0.369682,0.449965,-0.009774,0.378497,0.484828,-0.010518,0.390565,0.482842,-0.008972,0.407985,0.434258,-0.004841,0.374180,0.459280,-0.015045,0.384138,0.490158,-0.009103,0.395879,0.485325,-0.003798,0.409951,0.445306,-0.012565,0.380789,0.469127,-0.020705,0.388606,0.492938,-0.018089,0.400197,0.489566,-0.014617
1780386480.813,right,pinch,0.432410,0.564240,-0.000000,0.403621,0.545314,-0.004345,0.380169,0.512951,-0.010779,0.363594,0.490137,-0.018530,0.349823,0.465729,-0.024159,0.412225,0.438680,0.004552,0.384132,0.437333,-0.007698,0.366568,0.441871,-0.016078,0.350901,0.448433,-0.021201,0.419959,0.432817,0.000130,0.383483,0.451025,-0.011723,0.392757,0.487312,-0.012194,0.404954,0.485151,-0.010559,0.425390,0.436488,-0.006936,0.388444,0.461581,-0.017098,0.398606,0.493386,-0.010210,0.410469,0.488122,-0.004491,0.427015,0.449469,-0.015384,0.395728,0.471363,-0.023349,0.403570,0.495298,-0.019905,0.415335,0.492054,-0.015907
1780386481.345,right,pinch,0.485844,0.570886,-0.000000,0.460376,0.548297,-0.004103,0.437584,0.512609,-0.010889,0.421473,0.485450,-0.019619,0.412203,0.453517,-0.026265,0.466290,0.439269,0.005878,0.444959,0.431107,-0.006634,0.430633,0.430346,-0.013234,0.417342,0.431060,-0.016849,0.477134,0.434954,0.000471,0.442952,0.446383,-0.012913,0.450351,0.488048,-0.012098,0.461564,0.485957,-0.008262,0.486580,0.438924,-0.007844,0.452486,0.462893,-0.020181,0.461534,0.498023,-0.012782,0.472289,0.491731,-0.005563,0.493065,0.450686,-0.017422,0.463843,0.469432,-0.025766,0.469269,0.494828,-0.021862,0.479454,0.490824,-0.017136
1780386481.850,right,pinch,0.532590,0.574756,-0.000000,0.506253,0.552581,-0.002126,0.485265,0.512967,-0.006374,0.473085,0.480629,-0.012650,0.465329,0.450002,-0.017382,0.512054,0.446062,0.006960,0.492689,0.432963,-0.003932,0.478325,0.432416,-0.009523,0.465526,0.434927,-0.012566,0.524937,0.440378,0.001591,0.495357,0.449711,-0.009962,0.502068,0.490193,-0.009265,0.513253,0.489451,-0.006117,0.536718,0.444212,-0.006352,0.505984,0.462107,-0.017831,0.513223,0.498689,-0.011149,0.523499,0.496038,-0.004728,0.545738,0.455576,-0.015264,0.517023,0.470216,-0.023716,0.521062,0.496432,-0.020475,0.530809,0.494984,-0.016382
1780386482.365,right,pinch,0.570353,0.589811,-0.000000,0.546824,0.569341,-0.005149,0.525502,0.531276,-0.010287,0.514870,0.500493,-0.016661,0.509899,0.470771,-0.021164,0.549374,0.460170,0.001722,0.534149,0.443722,-0.010184,0.522314,0.445176,-0.016246,0.512242,0.451927,-0.019227,0.563735,0.455654,-0.001828,0.539550,0.470120,-0.013764,0.544827,0.508421,-0.013828,0.554084,0.509580,-0.011454,0.577422,0.461425,-0.007895,0.550738,0.481769,-0.019216,0.556331,0.515955,-0.012686,0.564478,0.514206,-0.006514,0.589538,0.475860,-0.015175,0.564413,0.489743,-0.022644,0.567237,0.514474,-0.018795,0.575468,0.513531,-0.014397
1780386482.890,right,pinch,0.634183,0.658606,-0.000000,0.613259,0.640020,-0.008983,0.594199,0.604309,-0.016123,0.585360,0.571017,-0.023747,0.588668,0.542020,-0.028933,0.616585,0.536047,-0.000056,0.603310,0.523405,-0.013555,0.596446,0.527795,-0.018702,0.591671,0.530533,-0.020216,0.630708,0.533553,-0.001657,0.608431,0.541922,-0.015110,0.611425,0.581222,-0.013590,0.619264,0.580195,-0.008748,0.643987,0.540094,-0.006514,0.620926,0.558187,-0.019791,0.624047,0.593269,-0.013219,0.631071,0.590576,-0.005596,0.655351,0.553373,-0.012797,0.634091,0.567640,-0.020901,0.635252,0.592897,-0.017823,0.642265,0.591803,-0.013264
1780386483.414,right,pinch,0.648753,0.642973,-0.000000,0.629708,0.620097,-0.007427,0.612085,0.584205,-0.014077,0.603674,0.550809,-0.021942,0.605651,0.518220,-0.028064,0.630456,0.528178,0.001582,0.620903,0.508592,-0.010508,0.615185,0.503837,-0.014581,0.612313,0.505053,-0.015475,0.644746,0.526472,-0.000643,0.625413,0.527143,-0.013464,0.627929,0.565014,-0.011757,0.636619,0.566121,-0.006775,0.658438,0.530890,-0.005939,0.638131,0.543011,-0.019579,0.641131,0.576575,-0.013405,0.649161,0.575802,-0.005700,0.671052,0.540549,-0.012387,0.651685,0.546974,-0.020625,0.651722,0.571879,-0.017249,0.658592,0.573704,-0.012450
1780386483.943,right,pinch,0.649620,0.641654,-0.000000,0.629122,0.620172,-0.007988,0.610933,0.584536,-0.015046,0.602637,0.551313,-0.023190,0.605134,0.519078,-0.029604,0.631170,0.524732,0.002486,0.621626,0.508883,-0.010099,0.615221,0.504519,-0.015515,0.610488,0.504591,-0.017372,0.645442,0.522958,0.000462,0.625894,0.528271,-0.012774,0.628912,0.565598,-0.012150,0.637646,0.566521,-0.007896,0.658657,0.528587,-0.004756,0.638125,0.541727,-0.018489,0.640877,0.575212,-0.012893,0.648701,0.575164,-0.005543,0.670466,0.539986,-0.011200,0.651033,0.547365,-0.019438,0.651010,0.572020,-0.016362,0.657845,0.574217,-0.011693
1780386484.454,right,pinch,0.651934,0.639310,-0.000000,0.631755,0.616393,-0.008357,0.613532,0.579967,-0.015428,0.605524,0.545198,-0.023716,0.611517,0.515145,-0.029740,0.633744,0.521956,0.001651,0.620243,0.503102,-0.012553,0.618535,0.510290,-0.017305,0.621897,0.514860,-0.017981,0.648076,0.521728,-0.000177,0.628652,0.524252,-0.014816,0.631370,0.562180,-0.013374,0.640100,0.559653,-0.007946,0.661963,0.527614,-0.005456,0.642182,0.540216,-0.020110,0.644279,0.574005,-0.014089,0.652359,0.571157,-0.005924,0.674767,0.538438,-0.011974,0.655877,0.545572,-0.019869,0.655348,0.569863,-0.016563,0.662245,0.570786,-0.011483
1780386484.999,right,pinch,0.664601,0.629207,-0.000000,0.645235,0.607112,-0.008309,0.628066,0.567633,-0.013828,0.622053,0.529644,-0.020290,0.629533,0.498878,-0.024193,0.647518,0.513028,0.002912,0.636076,0.492490,-0.011865,0.634860,0.516860,-0.017981,0.639494,0.531518,-0.019451,0.661943,0.513591,0.001802,0.645527,0.512290,-0.012873,0.646745,0.550535,-0.013148,0.654510,0.553230,-0.009212,0.675776,0.520422,-0.002795,0.658437,0.526813,-0.017784,0.658966,0.561563,-0.013226,0.665894,0.563421,-0.005978,0.688923,0.532094,-0.008442,0.671412,0.535273,-0.016627,0.670259,0.560230,-0.013945,0.676516,0.563480,-0.009215
1780386485.520,right,pinch,0.677122,0.624825,-0.000000,0.656456,0.598590,-0.008388,0.640513,0.555711,-0.012918,0.636775,0.516287,-0.018316,0.646134,0.486501,-0.020861,0.661464,0.505719,0.003443,0.648477,0.488552,-0.011031,0.648767,0.523563,-0.016774,0.655172,0.533957,-0.018304,0.675972,0.509034,0.002290,0.660125,0.503988,-0.012415,0.660304,0.544477,-0.012222,0.668282,0.544230,-0.007969,0.689871,0.517294,-0.002381,0.673534,0.519597,-0.017731,0.672284,0.556065,-0.012445,0.679596,0.555370,-0.004482,0.703606,0.529607,-0.008109,0.687306,0.529044,-0.016043,0.684552,0.553616,-0.012566,0.690752,0.556141,-0.007253
1780386486.145,right,pinch,0.682885,0.623433,-0.000000,0.663500,0.597147,-0.008292,0.647710,0.553724,-0.013233,0.644154,0.513911,-0.019306,0.653291,0.483073,-0.022456,0.667960,0.503206,0.003475,0.655560,0.480049,-0.012819,0.655107,0.514956,-0.019296,0.660354,0.531562,-0.020449,0.682564,0.506810,0.002064,0.666881,0.499252,-0.014117,0.666820,0.540526,-0.014465,0.674005,0.542827,-0.010001,0.696609,0.515126,-0.003062,0.680371,0.517918,-0.019331,0.679354,0.554764,-0.014329,0.686235,0.554769,-0.006193,0.710757,0.527351,-0.009236,0.694519,0.527156,-0.017098,0.691472,0.552606,-0.013512,0.697079,0.555569,-0.008021
1780386486.695,right,pinch,0.683424,0.622998,-0.000000,0.665078,0.596374,-0.008784,0.649017,0.553423,-0.014046,0.644166,0.513173,-0.020360,0.654198,0.482121,-0.023729,0.668143,0.502881,0.003385,0.656251,0.480400,-0.013070,0.656362,0.515749,-0.019898,0.661940,0.531924,-0.021261,0.683018,0.505985,0.002416,0.668279,0.498658,-0.013780,0.668281,0.540203,-0.014288,0.674785,0.543832,-0.009783,0.697019,0.514171,-0.002297,0.681878,0.517423,-0.018219,0.680757,0.553668,-0.013443,0.687056,0.554891,-0.005344,0.710768,0.526340,-0.008125,0.695998,0.527177,-0.015452,0.692743,0.551721,-0.012000,0.697721,0.555396,-0.006585
1780386487.211,right,pinch,0.689845,0.619030,-0.000000,0.671084,0.592925,-0.008235,0.655789,0.549673,-0.012973,0.652406,0.509269,-0.018914,0.662628,0.479240,-0.021962,0.673880,0.503252,0.003610,0.664914,0.475167,-0.011997,0.663791,0.509597,-0.017947,0.668060,0.526655,-0.018821,0.688628,0.506907,0.002475,0.676335,0.496849,-0.013116,0.676110,0.538199,-0.013172,0.682329,0.541896,-0.008583,0.702820,0.514819,-0.002330,0.689325,0.514620,-0.018052,0.688198,0.551185,-0.013095,0.694282,0.552895,-0.005023,0.716993,0.526191,-0.008131,0.703028,0.522969,-0.015484,0.700110,0.547981,-0.011786,0.705252,0.552170,-0.006313
1780386487.752,right,pinch,0.695653,0.615953,-0.000000,0.677780,0.587029,-0.008354,0.664176,0.542990,-0.013149,0.661722,0.502057,-0.019157,0.673085,0.470946,-0.022564,0.682610,0.501854,0.005321,0.673333,0.479741,-0.009409,0.672620,0.511450,-0.015042,0.678362,0.523841,-0.015881,0.697023,0.505931,0.004515,0.685096,0.493937,-0.009793,0.683787,0.533457,-0.009396,0.690880,0.534949,-0.004630,0.710999,0.514422,-0.000027,0.698502,0.510846,-0.015101,0.695687,0.546017,-0.010295,0.702097,0.547105,-0.002302,0.725144,0.526159,-0.005553,0.712690,0.519525,-0.012215,0.708532,0.542592,-0.008462,0.713304,0.547185,-0.003045
1780386488.296,right,pinch,0.707235,0.608526,-0.000000,0.690397,0.582781,-0.008681,0.678522,0.537109,-0.013014,0.678908,0.495529,-0.018536,0.689375,0.465283,-0.021646,0.692208,0.502213,0.006792,0.687693,0.478292,-0.005913,0.687305,0.500849,-0.009512,0.693221,0.508308,-0.008970,0.706528,0.507203,0.006352,0.701043,0.489309,-0.006548,0.698555,0.527635,-0.004610,0.704521,0.526320,0.001682,0.720896,0.515958,0.002117,0.713721,0.506534,-0.012564,0.709752,0.541396,-0.007203,0.714874,0.541464,0.001540,0.735641,0.526492,-0.003058,0.727522,0.515258,-0.009653,0.722668,0.537679,-0.005472,0.726401,0.542396,0.000411
1780386488.797,right,pinch,0.707519,0.606017,-0.000000,0.690486,0.581554,-0.008632,0.678796,0.536172,-0.012919,0.679994,0.494389,-0.018353,0.691876,0.466077,-0.021064,0.693732,0.495198,0.003805,0.692289,0.462196,-0.010981,0.689833,0.486232,-0.016110,0.691227,0.502138,-0.016192,0.708338,0.501088,0.003214,0.703324,0.488357,-0.011204,0.700496,0.526375,-0.010808,0.704107,0.528862,-0.005966,0.722638,0.511430,-0.001014,0.716392,0.506202,-0.015876,0.711517,0.539697,-0.010875,0.713935,0.541117,-0.002875,0.737014,0.524705,-0.006238,0.730626,0.516419,-0.012721,0.724616,0.537753,-0.008586,0.725582,0.541641,-0.002908
1780386489.309,right,pinch,0.715098,0.603844,-0.000000,0.698889,0.578589,-0.009726,0.687593,0.529810,-0.013366,0.689152,0.486582,-0.017516,0.702245,0.458667,-0.019005,0.702932,0.501196,0.003567,0.698736,0.478778,-0.008787,0.698296,0.509370,-0.012154,0.703880,0.512511,-0.012340,0.716918,0.505992,0.003701,0.712482,0.493357,-0.010264,0.710215,0.530221,-0.009317,0.715561,0.525867,-0.004409,0.730465,0.514693,0.000275,0.724150,0.503369,-0.015021,0.720033,0.537346,-0.009958,0.724856,0.535832,-0.001931,0.744668,0.525065,-0.004117,0.736999,0.512633,-0.011604,0.732376,0.533959,-0.008140,0.735936,0.537207,-0.003033
1780386489.818,right,pinch,0.747637,0.490664,-0.000000,0.729992,0.476340,-0.010254,0.713003,0.432556,-0.013065,0.712706,0.386692,-0.016280,0.721536,0.357239,-0.017313,0.718274,0.401157,0.006284,0.719043,0.378207,-0.004371,0.723306,0.391659,-0.007194,0.728656,0.384874,-0.007058,0.733303,0.402843,0.007138,0.735355,0.386079,-0.005269,0.735114,0.421325,-0.003865,0.735679,0.415122,0.001602,0.747875,0.407756,0.004299,0.749301,0.393907,-0.010187,0.746702,0.427151,-0.005625,0.746712,0.425777,0.002160,0.763119,0.413323,0.000460,0.762363,0.400381,-0.006927,0.758253,0.424495,-0.003642,0.757158,0.429917,0.001419
1780386490.320,right,pinch,0.775623,0.435090,-0.000000,0.757255,0.413024,-0.011516,0.744635,0.370909,-0.014657,0.747852,0.327368,-0.017953,0.759176,0.299045,-0.018315,0.746181,0.336761,0.006119,0.750825,0.306465,-0.008041,0.754780,0.333971,-0.013785,0.756470,0.338970,-0.014610,0.761524,0.341202,0.007362,0.766529,0.319505,-0.007886,0.765741,0.354946,-0.009996,0.763961,0.353826,-0.006589,0.776681,0.348899,0.004655,0.780754,0.337423,-0.012012,0.776967,0.370413,-0.010209,0.773816,0.369157,-0.003548,0.791918,0.357605,0.001004,0.793169,0.343945,-0.006620,0.789006,0.365891,-0.003788,0.786002,0.370328,0.001281
1780386490.858,right,pinch,0.806606,0.381333,-0.000000,0.791623,0.352087,-0.012370,0.783755,0.310847,-0.015614,0.793259,0.272402,-0.018651,0.803472,0.248153,-0.019633,0.772468,0.283930,0.003590,0.785598,0.246754,-0.009823,0.792008,0.259325,-0.017320,0.793218,0.269185,-0.019714,0.787863,0.289279,0.004973,0.799990,0.258242,-0.010646,0.800391,0.285814,-0.016018,0.796583,0.296432,-0.014705,0.803265,0.298297,0.003012,0.813519,0.283571,-0.013925,0.810058,0.314930,-0.015713,0.803608,0.322041,-0.011162,0.816911,0.310707,0.000146,0.823416,0.298751,-0.009607,0.819757,0.320153,-0.008889,0.814312,0.327219,-0.004855
1780386491.375,right,pinch,0.824633,0.348603,0.000000,0.816947,0.319644,-0.017190,0.811447,0.282316,-0.022462,0.817202,0.247540,-0.025926,0.824541,0.222660,-0.027479,0.790695,0.259504,-0.002486,0.803793,0.223262,-0.013539,0.817465,0.219271,-0.021702,0.826476,0.217087,-0.025247,0.801652,0.262344,0.003486,0.821628,0.237624,-0.011616,0.826449,0.259640,-0.019780,0.826395,0.270740,-0.020683,0.813607,0.266957,0.006800,0.832313,0.250929,-0.008354,0.832130,0.278109,-0.011938,0.827015,0.290414,-0.008570,0.824216,0.275426,0.008931,0.831726,0.253047,0.000832,0.830885,0.250723,0.000188,0.828653,0.243954,0.003380
1780386491.911,right,pinch,0.844342,0.347628,0.000000,0.840513,0.315971,-0.017541,0.837501,0.278112,-0.021539,0.842788,0.247526,-0.023464,0.848446,0.226497,-0.023593,0.814448,0.257819,-0.000086,0.828817,0.229600,-0.010282,0.841546,0.223386,-0.019170,0.849742,0.215904,-0.023784,0.825565,0.261710,0.005536,0.842762,0.238662,-0.007524,0.849815,0.238745,-0.017354,0.853839,0.230906,-0.020766,0.837737,0.269060,0.008325,0.856338,0.258128,-0.006441,0.854646,0.286501,-0.011867,0.848373,0.299746,-0.010263,0.848012,0.279262,0.009885,0.859375,0.266985,0.000816,0.858259,0.278921,-0.000558,0.854475,0.283985,0.001924
1780386492.455,right,pinch,0.870445,0.354234,0.000000,0.869352,0.321967,-0.014992,0.866623,0.285780,-0.019280,0.871725,0.251724,-0.021483,0.878054,0.225815,-0.022554,0.840366,0.263380,-0.001855,0.857062,0.229578,-0.008619,0.871357,0.219359,-0.015933,0.881312,0.215277,-0.020038,0.848332,0.266262,0.004094,0.865594,0.233455,-0.004132,0.876609,0.228431,-0.012516,0.886173,0.227432,-0.016220,0.859026,0.272083,0.008204,0.875833,0.249401,-0.000730,0.881329,0.260561,-0.004973,0.883667,0.268929,-0.004460,0.869522,0.281680,0.011245,0.877607,0.254426,0.006254,0.880580,0.243028,0.005527,0.882718,0.234143,0.007284
1780386492.982,right,pinch,0.890463,0.375071,0.000000,0.889377,0.340410,-0.016839,0.889834,0.299320,-0.019468,0.898337,0.265901,-0.019957,0.906774,0.244418,-0.018558,0.861583,0.274023,0.004179,0.877221,0.242361,-0.003495,0.892392,0.232868,-0.011506,0.902997,0.225945,-0.015671,0.872015,0.276996,0.010685,0.888548,0.246670,0.000151,0.900213,0.238300,-0.009516,0.908719,0.231321,-0.013149,0.883911,0.283454,0.014241,0.901446,0.265657,0.000244,0.904050,0.287058,-0.007414,0.902253,0.300494,-0.007214,0.894617,0.292120,0.016797,0.904941,0.276926,0.007543,0.904987,0.287183,0.004291,0.902802,0.293770,0.005506
1780386493.522,right,pinch,0.844709,0.400213,-0.000000,0.824946,0.364376,-0.008913,0.814284,0.316364,-0.010396,0.822499,0.274179,-0.013095,0.836470,0.250663,-0.014043,0.814609,0.293985,0.008549,0.818731,0.252290,-0.004490,0.825983,0.253466,-0.011694,0.832587,0.249310,-0.014277,0.831103,0.299739,0.007945,0.838531,0.270398,-0.008770,0.835617,0.304185,-0.012948,0.832003,0.315120,-0.010680,0.847168,0.308361,0.003821,0.853001,0.288732,-0.012242,0.847792,0.322034,-0.010586,0.844508,0.331607,-0.004005,0.862860,0.318496,-0.001421,0.865790,0.300883,-0.008328,0.859849,0.323205,-0.004977,0.856960,0.334166,0.000392
1780386494.071,right,pinch,0.689582,0.459716,-0.000000,0.665499,0.441522,-0.009062,0.640485,0.406302,-0.015715,0.627561,0.371047,-0.022839,0.627042,0.335968,-0.027939,0.660626,0.332409,0.000667,0.650907,0.315563,-0.011019,0.641138,0.311388,-0.016298,0.630829,0.310329,-0.019050,0.676978,0.324742,-0.001250,0.654676,0.334652,-0.014362,0.660029,0.374815,-0.014033,0.668896,0.376841,-0.010904,0.693292,0.327019,-0.006211,0.670745,0.344291,-0.019478,0.675783,0.379831,-0.012969,0.683700,0.378462,-0.005983,0.709764,0.338093,-0.012565,0.688087,0.349138,-0.021163,0.690599,0.374911,-0.017523,0.698437,0.375525,-0.012898
1780386494.596,right,pinch,0.656531,0.478947,-0.000000,0.628443,0.459082,-0.006398,0.603828,0.424341,-0.012874,0.587618,0.395080,-0.020539,0.578614,0.362343,-0.026196,0.627494,0.348260,0.003749,0.609968,0.334792,-0.009287,0.595742,0.336195,-0.015941,0.582442,0.341253,-0.019512,0.641798,0.340118,0.000055,0.613055,0.351946,-0.014006,0.622054,0.394715,-0.014020,0.633164,0.394278,-0.011014,0.655187,0.341493,-0.006796,0.624869,0.363544,-0.020981,0.634528,0.400850,-0.014630,0.645035,0.396714,-0.007829,0.666826,0.351198,-0.014876,0.638307,0.369548,-0.025081,0.643659,0.397403,-0.022226,0.653452,0.395740,-0.018122
1780386495.147,right,pinch,0.651586,0.483606,-0.000000,0.624849,0.465812,-0.006152,0.600810,0.432322,-0.012719,0.584946,0.403464,-0.020467,0.575562,0.371707,-0.026219,0.624457,0.357106,0.002844,0.607186,0.344472,-0.009412,0.592712,0.345696,-0.015317,0.579317,0.351541,-0.018431,0.638211,0.349568,-0.000929,0.609921,0.361622,-0.013704,0.618058,0.403268,-0.013004,0.628898,0.401901,-0.009846,0.651147,0.351557,-0.007682,0.621771,0.373918,-0.020400,0.630598,0.409732,-0.013652,0.640666,0.404917,-0.007111,0.662132,0.361675,-0.015717,0.635038,0.379805,-0.025311,0.639797,0.406560,-0.022426,0.649243,0.404557,-0.018532
1780386495.659,right,pinch,0.645623,0.510168,-0.000000,0.617181,0.490853,-0.005630,0.592290,0.454398,-0.011404,0.576410,0.425654,-0.018223,0.565439,0.396490,-0.022951,0.618962,0.374224,0.001579,0.600132,0.359607,-0.010279,0.585025,0.362973,-0.017084,0.571432,0.370628,-0.021223,0.633245,0.367271,-0.002293,0.603658,0.385256,-0.014660,0.611539,0.425639,-0.015528,0.623079,0.425253,-0.014210,0.646227,0.372074,-0.008736,0.615159,0.399053,-0.020410,0.623188,0.433554,-0.014429,0.633094,0.428972,-0.009132,0.656648,0.386110,-0.016500,0.628813,0.406831,-0.025553,0.632853,0.433083,-0.022698,0.641751,0.431283,-0.019091
1780386496.184,right,pinch,0.541161,0.503290,-0.000000,0.504668,0.486146,-0.005948,0.475921,0.448808,-0.011220,0.456338,0.423158,-0.017559,0.441224,0.393939,-0.020353,0.504244,0.345880,0.005248,0.468763,0.364265,-0.011578,0.471866,0.399141,-0.022566,0.475418,0.405023,-0.028647,0.515647,0.340051,0.000322,0.473505,0.374744,-0.017178,0.485805,0.416513,-0.020356,0.497727,0.412746,-0.019219,0.525289,0.347421,-0.007841,0.484094,0.385742,-0.023442,0.497073,0.426051,-0.016886,0.508424,0.421731,-0.009485,0.532367,0.366503,-0.017494,0.499391,0.402867,-0.028485,0.507981,0.431220,-0.025560,0.519026,0.425598,-0.020398
1780386496.709,right,pinch,0.395561,0.385984,-0.000000,0.359806,0.372779,-0.002408,0.328625,0.343327,-0.008293,0.304743,0.325558,-0.016246,0.284091,0.299966,-0.023134,0.369345,0.243123,0.007968,0.329810,0.250654,-0.004002,0.305361,0.262060,-0.014962,0.287631,0.273937,-0.021872,0.373026,0.235065,0.002302,0.330053,0.259572,-0.012039,0.331168,0.300519,-0.018354,0.340855,0.318303,-0.019757,0.370340,0.238617,-0.005377,0.325938,0.269456,-0.019291,0.335283,0.305357,-0.019006,0.351344,0.312337,-0.015881,0.363224,0.251356,-0.013774,0.326634,0.283686,-0.025174,0.332894,0.315197,-0.024903,0.346389,0.324324,-0.021788
1780386497.248,right,pinch,0.296410,0.385397,-0.000000,0.269779,0.375871,-0.005043,0.243193,0.346613,-0.010067,0.219836,0.331334,-0.015781,0.200343,0.310949,-0.019622,0.285101,0.251579,0.006061,0.248580,0.267704,-0.004886,0.232094,0.285959,-0.015495,0.221717,0.300273,-0.022432,0.281168,0.240859,0.002356,0.239994,0.272918,-0.009505,0.245312,0.308838,-0.015449,0.257658,0.320126,-0.017778,0.271725,0.242839,-0.003452,0.230980,0.278005,-0.015539,0.242377,0.312015,-0.015950,0.258432,0.315696,-0.014400,0.259138,0.253272,-0.010327,0.228299,0.287494,-0.023063,0.236506,0.316967,-0.025123,0.250260,0.321503,-0.023842
1780386497.758,right,pinch,0.262955,0.348785,-0.000000,0.235187,0.336119,-0.003802,0.211039,0.305514,-0.008091,0.188429,0.285987,-0.013627,0.169682,0.263066,-0.017160,0.257870,0.218527,0.008601,0.222469,0.227577,-0.004724,0.213385,0.248974,-0.017136,0.210119,0.264791,-0.024503,0.254863,0.205776,0.004534,0.212155,0.232780,-0.008800,0.216624,0.270252,-0.015745,0.229097,0.284766,-0.018217,0.246076,0.202868,-0.001931,0.203443,0.235409,-0.014265,0.214586,0.273686,-0.014726,0.231163,0.283805,-0.012798,0.233847,0.207206,-0.009602,0.201529,0.240872,-0.021446,0.209115,0.274403,-0.023408,0.223286,0.283616,-0.021821
1780386498.302,right,pinch,0.240147,0.332698,-0.000000,0.213032,0.320235,-0.000290,0.189294,0.289481,-0.001443,0.169124,0.272346,-0.004425,0.155360,0.252936,-0.005864,0.238006,0.217846,0.013496,0.205046,0.222935,0.004032,0.195719,0.243166,-0.005973,0.193712,0.259141,-0.012197,0.235496,0.202438,0.008950,0.194575,0.227017,-0.000708,0.196534,0.260884,-0.007163,0.208321,0.274103,-0.010036,0.226857,0.195914,0.002320,0.185995,0.226178,-0.007327,0.193910,0.260267,-0.009765,0.209281,0.269051,-0.009927,0.213858,0.194564,-0.005119,0.180655,0.227052,-0.015664,0.184358,0.258074,-0.019247,0.195610,0.266428,-0.019453
1780386498.836,right,pinch,0.241929,0.346231,-0.000000,0.207957,0.344595,-0.002120,0.178183,0.319997,-0.006483,0.156498,0.299510,-0.012950,0.137956,0.274428,-0.017964,0.208492,0.233276,0.010664,0.178622,0.233242,-0.001217,0.157507,0.240476,-0.010153,0.140823,0.250239,-0.015621,0.214085,0.221475,0.005229,0.175191,0.246406,-0.010179,0.184618,0.286612,-0.014413,0.198694,0.291009,-0.013711,0.216262,0.216675,-0.002783,0.176525,0.251999,-0.018005,0.190972,0.286558,-0.015440,0.207811,0.283329,-0.010327,0.215153,0.219470,-0.011505,0.179498,0.251186,-0.023303,0.190266,0.279393,-0.022045,0.205703,0.278057,-0.018257
1780386499.375,right,pinch,0.250616,0.348777,-0.000000,0.214202,0.349223,-0.001609,0.181500,0.324477,-0.005769,0.158196,0.309409,-0.012113,0.137027,0.288858,-0.016659,0.210529,0.222980,0.011338,0.173943,0.239936,-0.001622,0.151723,0.254547,-0.012314,0.133277,0.268483,-0.019176,0.213739,0.213251,0.004905,0.172321,0.250975,-0.010863,0.186543,0.287960,-0.015826,0.202522,0.287761,-0.015927,0.214039,0.213873,-0.004148,0.172967,0.259606,-0.018683,0.190841,0.290380,-0.015556,0.208139,0.280362,-0.010725,0.211138,0.224266,-0.014145,0.176396,0.265006,-0.025863,0.190408,0.290349,-0.024456,0.206466,0.281967,-0.020797
1780386499.941,right,pinch,0.248131,0.348176,-0.000000,0.212568,0.349316,-0.001907,0.180672,0.326006,-0.006893,0.157745,0.310183,-0.014246,0.136249,0.288517,-0.020137,0.210135,0.221664,0.011648,0.175493,0.236262,-0.000880,0.152376,0.248280,-0.010995,0.134432,0.262093,-0.017408,0.213179,0.212342,0.005100,0.170951,0.245906,-0.011763,0.182030,0.288505,-0.016856,0.196770,0.295705,-0.016050,0.213138,0.212588,-0.004008,0.171686,0.255646,-0.020496,0.189243,0.290346,-0.018051,0.207519,0.285903,-0.012588,0.210495,0.222307,-0.013924,0.176599,0.264148,-0.027379,0.190138,0.292017,-0.026831,0.206415,0.286696,-0.023144
1780386500.464,right,pinch,0.255843,0.353328,-0.000000,0.218058,0.352063,-0.002833,0.183269,0.327769,-0.007765,0.158754,0.310468,-0.014773,0.136519,0.287138,-0.019747,0.214205,0.223901,0.010406,0.177083,0.238790,-0.003479,0.155403,0.253349,-0.013917,0.137837,0.265728,-0.020325,0.218502,0.214206,0.004361,0.175077,0.250855,-0.012957,0.187971,0.291492,-0.017470,0.203271,0.293642,-0.016780,0.219152,0.215031,-0.004526,0.175871,0.261550,-0.021325,0.194464,0.295446,-0.017991,0.212834,0.287111,-0.012274,0.216731,0.225808,-0.014353,0.181750,0.268344,-0.027672,0.196209,0.295557,-0.026646,0.213037,0.288579,-0.022809
1780386501.000,right,pinch,0.266961,0.352390,-0.000000,0.229340,0.350739,-0.002054,0.195926,0.326403,-0.007774,0.171427,0.307131,-0.016258,0.148296,0.285563,-0.023155,0.224039,0.225293,0.011803,0.189742,0.233985,-0.001622,0.165714,0.246876,-0.011569,0.147092,0.260743,-0.017785,0.229628,0.214642,0.005077,0.188428,0.245216,-0.012351,0.199860,0.287343,-0.016714,0.213597,0.292071,-0.015543,0.232363,0.214443,-0.004467,0.189855,0.257569,-0.021239,0.208419,0.291528,-0.017952,0.226579,0.285075,-0.012068,0.231904,0.225189,-0.014931,0.196373,0.268458,-0.028290,0.210725,0.294165,-0.027629,0.227292,0.287088,-0.024048
1780386501.526,right,pinch,0.308679,0.352038,-0.000000,0.272135,0.343214,-0.000912,0.236507,0.311102,-0.007527,0.209499,0.291837,-0.017498,0.185859,0.268106,-0.025577,0.263853,0.207462,0.011387,0.230172,0.208629,-0.003049,0.206975,0.221355,-0.013026,0.187739,0.237482,-0.019463,0.272602,0.196080,0.002676,0.230533,0.227061,-0.012504,0.246632,0.269823,-0.013113,0.263278,0.265654,-0.010785,0.279414,0.198043,-0.009301,0.236815,0.237934,-0.023380,0.254098,0.275929,-0.014974,0.270442,0.267244,-0.007625,0.282984,0.212326,-0.022586,0.246442,0.250569,-0.033755,0.258888,0.279219,-0.029938,0.274217,0.271971,-0.025428
1780386502.070,right,pinch,0.370239,0.359618,-0.000000,0.330434,0.342649,-0.005291,0.293794,0.307905,-0.014302,0.267079,0.282299,-0.025812,0.244042,0.250160,-0.034836,0.320692,0.202951,0.006775,0.286149,0.199236,-0.009777,0.262171,0.208821,-0.020261,0.241740,0.222780,-0.026664,0.333603,0.190169,0.000022,0.292175,0.221953,-0.016328,0.309556,0.267828,-0.016455,0.325264,0.259191,-0.013722,0.345009,0.191623,-0.010487,0.302945,0.235269,-0.025256,0.320447,0.273817,-0.016146,0.335348,0.261134,-0.008372,0.353029,0.206382,-0.022732,0.315820,0.245138,-0.034071,0.327966,0.274733,-0.029780,0.342268,0.266286,-0.024860
1780386502.615,right,pinch,0.442818,0.387292,-0.000000,0.407263,0.369514,-0.007826,0.372803,0.334563,-0.017007,0.349231,0.308979,-0.027474,0.329580,0.278373,-0.035226,0.399729,0.229728,-0.000793,0.370349,0.219882,-0.017347,0.349082,0.230470,-0.026675,0.330262,0.249068,-0.031800,0.414462,0.219102,-0.005475,0.376991,0.247572,-0.021677,0.391684,0.296144,-0.022053,0.405488,0.292474,-0.019559,0.428645,0.221028,-0.013333,0.390178,0.264109,-0.028051,0.406029,0.303698,-0.019074,0.418258,0.294629,-0.011322,0.440179,0.236075,-0.022865,0.405695,0.270387,-0.033222,0.416014,0.298986,-0.027701,0.427983,0.292102,-0.021842
1780386503.126,right,pinch,0.536560,0.431017,-0.000000,0.503459,0.412394,-0.007402,0.473215,0.376926,-0.016029,0.454408,0.345210,-0.026279,0.441633,0.309618,-0.033916,0.494501,0.279374,0.000856,0.472133,0.264869,-0.015073,0.456556,0.274063,-0.022016,0.444757,0.289793,-0.024787,0.511394,0.268581,-0.003702,0.479171,0.291582,-0.019444,0.489977,0.339914,-0.018035,0.502044,0.336902,-0.013415,0.527888,0.270368,-0.011744,0.494323,0.307205,-0.026813,0.505986,0.349034,-0.017939,0.517123,0.342388,-0.009347,0.542386,0.283004,-0.021375,0.511433,0.313010,-0.031450,0.517888,0.344660,-0.026762,0.528471,0.340290,-0.021096
1780386503.634,right,pinch,0.541822,0.426110,-0.000000,0.509801,0.407973,-0.007721,0.479381,0.372005,-0.016221,0.459511,0.338880,-0.026363,0.448511,0.301431,-0.034330,0.502341,0.284197,0.002812,0.482502,0.267419,-0.012498,0.466297,0.267748,-0.019335,0.451300,0.275666,-0.022520,0.517872,0.273784,-0.001552,0.486561,0.287285,-0.017469,0.499369,0.336260,-0.015482,0.512096,0.333822,-0.010131,0.533301,0.272987,-0.009716,0.500851,0.299894,-0.025947,0.514303,0.342691,-0.017212,0.526084,0.336475,-0.008153,0.547264,0.281223,-0.019383,0.516424,0.304322,-0.030552,0.524436,0.335787,-0.026308,0.535667,0.331649,-0.020884
1780386504.167,right,pinch,0.548521,0.418437,-0.000000,0.516204,0.395541,-0.009004,0.486146,0.354582,-0.017560,0.467517,0.317861,-0.027489,0.457293,0.277472,-0.035007,0.512998,0.269826,0.003557,0.492416,0.254124,-0.012043,0.476966,0.252882,-0.018437,0.461945,0.255839,-0.021039,0.528300,0.261868,-0.000008,0.495320,0.271711,-0.015985,0.507120,0.322562,-0.012742,0.519951,0.318179,-0.006144,0.543276,0.262258,-0.007852,0.509608,0.284236,-0.024737,0.522427,0.329058,-0.015716,0.534722,0.320905,-0.006077,0.556832,0.269903,-0.017263,0.525429,0.287840,-0.028673,0.532608,0.321332,-0.024697,0.544268,0.316954,-0.019361
1780386504.712,right,pinch,0.556175,0.418723,-0.000000,0.524951,0.394402,-0.006902,0.495916,0.353205,-0.014087,0.477630,0.317674,-0.022876,0.467853,0.277865,-0.029751,0.526139,0.273590,0.005150,0.504757,0.260281,-0.007546,0.488965,0.256860,-0.013354,0.473782,0.257068,-0.016505,0.540794,0.265332,0.000740,0.505869,0.276299,-0.013500,0.516050,0.325755,-0.011452,0.529497,0.326857,-0.006471,0.555104,0.266168,-0.007280,0.519594,0.287182,-0.022511,0.531316,0.331112,-0.014749,0.544431,0.326803,-0.006681,0.568082,0.274793,-0.016627,0.535167,0.290041,-0.027547,0.541333,0.323040,-0.024067,0.553450,0.321871,-0.019479
1780386505.231,right,pinch,0.565331,0.420776,-0.000000,0.532977,0.398485,-0.008748,0.502747,0.359365,-0.017798,0.483624,0.322440,-0.028401,0.477193,0.280970,-0.036577,0.529084,0.276235,0.004750,0.510301,0.260033,-0.010243,0.495941,0.258034,-0.016140,0.481814,0.259116,-0.018417,0.545031,0.268596,0.000957,0.513132,0.278172,-0.014567,0.524273,0.327156,-0.011317,0.536243,0.322182,-0.004622,0.560179,0.269476,-0.007099,0.527975,0.292080,-0.023327,0.539836,0.335215,-0.014593,0.551134,0.326420,-0.005108,0.573414,0.277321,-0.016689,0.542897,0.294932,-0.027106,0.549552,0.327071,-0.022992,0.560607,0.322631,-0.017604
1780386505.761,right,pinch,0.556775,0.426356,-0.000000,0.525845,0.403770,-0.009203,0.496578,0.363709,-0.018102,0.477699,0.327651,-0.028368,0.468255,0.288056,-0.036265,0.522913,0.282020,0.002871,0.503596,0.263271,-0.012315,0.488210,0.261386,-0.018344,0.473122,0.265034,-0.020725,0.538553,0.274072,-0.000528,0.506948,0.282254,-0.015737,0.518489,0.332086,-0.012318,0.530759,0.328275,-0.005819,0.553776,0.274735,-0.008114,0.520979,0.296137,-0.024245,0.533500,0.339967,-0.015140,0.545321,0.332465,-0.005664,0.567358,0.283008,-0.017291,0.536215,0.300096,-0.028168,0.543124,0.332845,-0.023926,0.554300,0.329559,-0.018524
1780386506.287,right,pinch,0.584383,0.433780,-0.000000,0.553834,0.412553,-0.007186,0.524585,0.371935,-0.014947,0.507052,0.332010,-0.024499,0.502180,0.291763,-0.032102,0.549782,0.288940,0.005896,0.535914,0.270336,-0.006925,0.521546,0.266202,-0.012443,0.507977,0.268165,-0.015116,0.566885,0.279156,0.001727,0.538836,0.291079,-0.012007,0.547249,0.339896,-0.009838,0.559070,0.339241,-0.004571,0.583915,0.280317,-0.006063,0.555074,0.303921,-0.020523,0.563252,0.346834,-0.012458,0.573496,0.343685,-0.004017,0.599400,0.290504,-0.015265,0.571789,0.309286,-0.024966,0.576214,0.341004,-0.020917,0.586630,0.339577,-0.015731
1780386506.832,right,pinch,0.655314,0.421737,-0.000000,0.625919,0.402221,-0.012172,0.597006,0.357424,-0.019355,0.587257,0.307336,-0.027079,0.592497,0.262473,-0.030876,0.612697,0.267750,0.000677,0.594457,0.260277,-0.020400,0.601951,0.304893,-0.029899,0.611276,0.315308,-0.033295,0.632748,0.260683,-0.001115,0.613527,0.271383,-0.021539,0.621783,0.324930,-0.022096,0.629705,0.319953,-0.017362,0.653218,0.264204,-0.007469,0.635244,0.286861,-0.026998,0.640826,0.334497,-0.019349,0.647300,0.328061,-0.009444,0.673710,0.274636,-0.015593,0.656214,0.293756,-0.026158,0.657635,0.325573,-0.021877,0.663984,0.321059,-0.015458
1780386507.336,right,pinch,0.671835,0.416919,-0.000000,0.643391,0.397669,-0.013983,0.615958,0.352959,-0.023704,0.605283,0.304012,-0.034438,0.614398,0.263296,-0.041527,0.631211,0.260955,0.001872,0.615280,0.245343,-0.019972,0.617183,0.271022,-0.028854,0.622759,0.279645,-0.031096,0.650926,0.253537,0.000557,0.631175,0.263753,-0.020476,0.637958,0.320062,-0.019159,0.646282,0.314394,-0.011885,0.671944,0.256885,-0.005944,0.653555,0.279001,-0.026268,0.656967,0.329348,-0.017423,0.663436,0.324553,-0.005709,0.693302,0.268528,-0.014515,0.675876,0.287750,-0.024633,0.676394,0.321727,-0.019595,0.683068,0.318339,-0.012232
1780386507.854,right,pinch,0.698794,0.420360,-0.000000,0.670951,0.396864,-0.014339,0.646581,0.354684,-0.023147,0.640155,0.304706,-0.032911,0.648418,0.261926,-0.039501,0.654125,0.261634,0.002816,0.645571,0.245036,-0.017118,0.648282,0.258611,-0.026409,0.653726,0.257733,-0.029887,0.675673,0.252754,0.001718,0.666379,0.262895,-0.018775,0.670584,0.314577,-0.019569,0.674723,0.311403,-0.014410,0.697942,0.256209,-0.004339,0.689729,0.274110,-0.025005,0.688576,0.322984,-0.018074,0.689553,0.323745,-0.007669,0.720817,0.268565,-0.012464,0.712418,0.280999,-0.023349,0.706496,0.315803,-0.019208,0.704744,0.320553,-0.012418
1780386508.359,right,pinch,0.727009,0.419459,-0.000000,0.701400,0.393192,-0.013712,0.680738,0.345434,-0.022892,0.680341,0.290117,-0.033569,0.692658,0.247658,-0.041484,0.688448,0.276047,-0.000918,0.684743,0.230270,-0.022136,0.691330,0.238978,-0.031562,0.699952,0.245365,-0.034171,0.709910,0.275634,-0.001897,0.707654,0.253963,-0.022629,0.708368,0.307153,-0.022426,0.710237,0.310729,-0.016588,0.731795,0.280938,-0.007534,0.731174,0.258434,-0.028969,0.725843,0.309908,-0.020716,0.724385,0.320215,-0.009088,0.754398,0.291976,-0.014911,0.753337,0.268546,-0.026792,0.743868,0.303144,-0.021001,0.738388,0.318358,-0.012811
1780386508.870,right,pinch,0.742756,0.414635,-0.000000,0.719513,0.387409,-0.015898,0.701267,0.337373,-0.024366,0.704630,0.283144,-0.033425,0.720775,0.242897,-0.039800,0.705080,0.270019,-0.001182,0.704214,0.228284,-0.021103,0.713169,0.235806,-0.030186,0.723810,0.228983,-0.033511,0.726636,0.270234,-0.000887,0.729914,0.247636,-0.022211,0.728205,0.298543,-0.023823,0.726748,0.299685,-0.019480,0.748553,0.277548,-0.005260,0.752400,0.252956,-0.028451,0.745464,0.304387,-0.023005,0.742025,0.311974,-0.012979,0.771705,0.290243,-0.011210,0.772768,0.264105,-0.025023,0.762576,0.301002,-0.021066,0.755905,0.316804,-0.013998
1780386509.384,right,pinch,0.755410,0.420396,-0.000000,0.732435,0.388923,-0.019080,0.716692,0.341627,-0.030023,0.722352,0.288930,-0.040789,0.736057,0.246356,-0.049388,0.716762,0.276868,-0.004728,0.720115,0.236378,-0.025430,0.730317,0.226494,-0.037382,0.740550,0.224749,-0.042747,0.738324,0.276806,-0.003171,0.746347,0.251127,-0.026498,0.746778,0.300833,-0.031021,0.742192,0.314094,-0.028018,0.760340,0.282339,-0.006018,0.769116,0.259099,-0.030701,0.765205,0.308054,-0.026123,0.757641,0.323575,-0.016236,0.781149,0.295074,-0.010701,0.788485,0.273266,-0.026986,0.781316,0.308240,-0.023399,0.771073,0.324067,-0.016033
1780386509.905,right,pinch,0.765102,0.420555,-0.000000,0.743611,0.397245,-0.021681,0.728024,0.342050,-0.030662,0.737437,0.286808,-0.038037,0.752727,0.249321,-0.040970,0.724628,0.267928,-0.004781,0.738408,0.240371,-0.028269,0.742791,0.277869,-0.038418,0.741360,0.282060,-0.041670,0.746512,0.267855,-0.002056,0.761262,0.255972,-0.026706,0.756919,0.315223,-0.029297,0.748267,0.308505,-0.024540,0.768373,0.275731,-0.004759,0.781313,0.272610,-0.031148,0.774001,0.327202,-0.027117,0.764787,0.320792,-0.017449,0.789817,0.288552,-0.009403,0.797215,0.287613,-0.026129,0.788451,0.326836,-0.024097,0.778344,0.327767,-0.017793
1780386510.411,right,pinch,0.779851,0.423154,0.000000,0.756657,0.401004,-0.021981,0.742978,0.349347,-0.031559,0.755621,0.295778,-0.038952,0.772957,0.258414,-0.043530,0.734906,0.285119,-0.010924,0.749264,0.249457,-0.035327,0.763801,0.256327,-0.049745,0.773637,0.255057,-0.056292,0.758302,0.284087,-0.007912,0.777283,0.253194,-0.033811,0.781504,0.287418,-0.041261,0.779809,0.281916,-0.040094,0.780373,0.291449,-0.009184,0.795343,0.284060,-0.036747,0.788831,0.334450,-0.035617,0.779519,0.336892,-0.027063,0.800518,0.304635,-0.012174,0.810327,0.303057,-0.029875,0.803298,0.340452,-0.027446,0.793585,0.346032,-0.020308
1780386510.945,right,pinch,0.790635,0.423574,-0.000000,0.770419,0.394117,-0.020179,0.760580,0.342489,-0.026857,0.773840,0.295159,-0.031707,0.788773,0.263641,-0.033558,0.746190,0.283025,-0.005128,0.765859,0.245760,-0.025597,0.776615,0.253531,-0.036842,0.783095,0.255131,-0.041734,0.769282,0.284353,-0.002411,0.787408,0.262953,-0.026653,0.784440,0.309427,-0.032515,0.778172,0.320208,-0.029795,0.791137,0.294989,-0.004140,0.806321,0.287521,-0.029248,0.800349,0.334422,-0.028376,0.791795,0.337784,-0.020383,0.810440,0.312115,-0.007604,0.820642,0.305470,-0.024460,0.813988,0.339003,-0.023598,0.804473,0.345203,-0.017867
1780386511.449,right,pinch,0.775225,0.424955,-0.000000,0.753946,0.398689,-0.018224,0.739472,0.350688,-0.027213,0.744885,0.300695,-0.035919,0.758567,0.262325,-0.040966,0.742649,0.283106,-0.000747,0.748971,0.250480,-0.024713,0.752937,0.287190,-0.036633,0.755979,0.300661,-0.040579,0.764052,0.286297,0.000210,0.769456,0.258285,-0.024329,0.766141,0.313746,-0.028747,0.764321,0.320087,-0.024860,0.784900,0.295857,-0.004056,0.788449,0.278340,-0.028955,0.781125,0.331003,-0.025058,0.777284,0.336056,-0.015098,0.805506,0.310959,-0.010041,0.806552,0.296097,-0.023726,0.798116,0.330611,-0.020155,0.792472,0.337777,-0.013100
1780386511.951,right,pinch,0.766198,0.427742,-0.000000,0.742205,0.400089,-0.012802,0.722231,0.352068,-0.019970,0.719690,0.305099,-0.027910,0.732185,0.268307,-0.032205,0.745191,0.276316,0.001923,0.733466,0.256717,-0.019217,0.734073,0.301598,-0.030456,0.740214,0.320531,-0.034710,0.763846,0.276288,0.000989,0.750576,0.281829,-0.019792,0.750818,0.331184,-0.023768,0.757187,0.335217,-0.021416,0.781789,0.286630,-0.004423,0.769167,0.294266,-0.024316,0.764932,0.339644,-0.019528,0.768329,0.343921,-0.010916,0.799815,0.304269,-0.011529,0.787134,0.307992,-0.022151,0.780404,0.337463,-0.018824,0.781536,0.342407,-0.012716
1780386512.464,right,pinch,0.700871,0.444224,-0.000000,0.673409,0.409545,-0.005463,0.653026,0.368002,-0.012421,0.642274,0.337988,-0.020783,0.638738,0.305972,-0.027006,0.696630,0.297828,0.001551,0.677195,0.279196,-0.010372,0.661928,0.277027,-0.016813,0.647939,0.281717,-0.020306,0.710417,0.296770,-0.002639,0.676038,0.303492,-0.014612,0.677160,0.346494,-0.014832,0.687853,0.351977,-0.012967,0.721817,0.305600,-0.009336,0.685023,0.319064,-0.020098,0.686749,0.357722,-0.013195,0.695837,0.360263,-0.007408,0.729513,0.324286,-0.017413,0.697501,0.331541,-0.025448,0.697009,0.359514,-0.021328,0.705652,0.364003,-0.016652
1780386512.999,right,pinch,0.541048,0.577082,-0.000000,0.540512,0.529050,-0.003422,0.528607,0.474464,-0.008021,0.510299,0.442297,-0.012829,0.492672,0.422776,-0.016939,0.547040,0.424948,-0.006981,0.505685,0.410689,-0.016661,0.482149,0.415096,-0.023760,0.466139,0.419109,-0.028358,0.538879,0.429494,-0.009408,0.497571,0.440600,-0.019383,0.500498,0.469502,-0.022341,0.509586,0.481237,-0.023928,0.525688,0.443436,-0.012414,0.487404,0.458691,-0.020948,0.494919,0.484507,-0.019930,0.507227,0.492405,-0.018770,0.510522,0.461673,-0.016033,0.482307,0.473939,-0.024334,0.485084,0.494311,-0.025014,0.491527,0.501103,-0.023995
1780386513.522,right,pinch,0.368680,0.629554,-0.000000,0.376261,0.568016,0.005695,0.368546,0.516485,0.001480,0.343992,0.487746,-0.005896,0.320294,0.472308,-0.013652,0.393907,0.485749,0.004387,0.359650,0.454120,-0.005476,0.334846,0.449715,-0.015245,0.317111,0.449428,-0.021984,0.386470,0.483309,-0.003310,0.342855,0.484153,-0.012434,0.341218,0.516889,-0.017756,0.348178,0.537231,-0.021604,0.372517,0.489494,-0.011054,0.330694,0.495072,-0.017854,0.333246,0.529368,-0.018040,0.342892,0.548486,-0.018527,0.355102,0.499243,-0.018814,0.324437,0.511630,-0.025213,0.325724,0.537724,-0.025765,0.333213,0.551674,-0.025366
1780386514.079,right,pinch,0.271130,0.690930,-0.000000,0.269689,0.642880,-0.004843,0.255083,0.582058,-0.010997,0.224334,0.548199,-0.017436,0.195631,0.528298,-0.023468,0.300083,0.526316,-0.001897,0.251900,0.497420,-0.012418,0.222055,0.493513,-0.023648,0.202338,0.493250,-0.031912,0.290098,0.523786,-0.004581,0.236838,0.513449,-0.014193,0.230880,0.546394,-0.020395,0.235646,0.566235,-0.024737,0.272935,0.531204,-0.008186,0.222145,0.532251,-0.017272,0.225091,0.569559,-0.018950,0.236968,0.586163,-0.019994,0.251648,0.544342,-0.012622,0.212729,0.556799,-0.023601,0.214164,0.588799,-0.026418,0.223838,0.604656,-0.026756
1780386514.627,right,pinch,0.253849,0.721071,-0.000000,0.232928,0.670985,-0.003490,0.210307,0.612021,-0.010517,0.180977,0.578730,-0.018098,0.152336,0.555976,-0.025147,0.269974,0.540514,-0.002483,0.218792,0.514103,-0.014845,0.187987,0.515533,-0.027369,0.167288,0.520798,-0.035907,0.263201,0.540209,-0.006317,0.206774,0.532501,-0.019021,0.196290,0.572284,-0.026606,0.197828,0.600079,-0.030874,0.247816,0.549501,-0.010805,0.192445,0.554325,-0.021596,0.192374,0.598734,-0.022548,0.202147,0.622773,-0.022301,0.226810,0.566322,-0.015944,0.184039,0.582103,-0.026798,0.184449,0.616648,-0.028407,0.194333,0.635273,-0.027412
1780386515.156,right,pinch,0.233518,0.763998,-0.000000,0.197220,0.723146,-0.003141,0.170553,0.667116,-0.009465,0.145661,0.632542,-0.016842,0.122909,0.600322,-0.023336,0.242547,0.569149,0.000557,0.188449,0.550566,-0.012004,0.156494,0.557533,-0.024983,0.135602,0.566663,-0.033637,0.241128,0.569140,-0.003949,0.179085,0.564897,-0.015961,0.164852,0.602879,-0.023072,0.164397,0.625968,-0.027085,0.230847,0.579023,-0.009529,0.169415,0.588121,-0.020283,0.167507,0.632556,-0.020102,0.176756,0.653690,-0.018969,0.214116,0.597840,-0.016043,0.166111,0.615895,-0.026871,0.165569,0.653784,-0.027396,0.175880,0.674271,-0.025223
1780386515.681,right,pinch,0.252384,0.751515,-0.000000,0.217827,0.699886,-0.002515,0.193106,0.637852,-0.009812,0.168668,0.599209,-0.018524,0.145165,0.566464,-0.026511,0.266920,0.543872,-0.002002,0.211217,0.518026,-0.016174,0.177438,0.522344,-0.029092,0.154312,0.529364,-0.037624,0.264705,0.549204,-0.008465,0.199352,0.526656,-0.021837,0.181361,0.558912,-0.028421,0.177189,0.577684,-0.032135,0.253167,0.564657,-0.016017,0.187303,0.564055,-0.027992,0.189104,0.611453,-0.026688,0.203169,0.631825,-0.024893,0.234409,0.587515,-0.024477,0.183433,0.597668,-0.036047,0.184252,0.635970,-0.036007,0.197188,0.653983,-0.033749
1780386516.191,right,pinch,0.263600,0.756072,-0.000000,0.225910,0.693188,-0.003189,0.203272,0.625442,-0.010854,0.180862,0.581139,-0.019528,0.159285,0.543995,-0.027829,0.283075,0.542908,-0.006501,0.227073,0.504312,-0.022010,0.191251,0.503544,-0.034985,0.165395,0.504243,-0.043451,0.280441,0.549166,-0.012835,0.218442,0.499131,-0.027595,0.183316,0.504757,-0.036172,0.162343,0.504971,-0.041797,0.267769,0.565369,-0.019813,0.201069,0.549944,-0.032528,0.199998,0.600520,-0.031889,0.213874,0.626118,-0.030760,0.246530,0.586832,-0.027605,0.195331,0.590401,-0.039477,0.194911,0.630022,-0.039663,0.209472,0.648681,-0.038049
1780386516.743,right,pinch,0.307495,0.752050,-0.000000,0.265435,0.666794,0.000532,0.244585,0.589344,-0.008288,0.227990,0.537809,-0.020064,0.212504,0.492215,-0.030089,0.331507,0.526224,0.000379,0.281139,0.470423,-0.016898,0.244577,0.467283,-0.030735,0.218205,0.472666,-0.039611,0.336635,0.537499,-0.009061,0.264770,0.511682,-0.027625,0.260243,0.570638,-0.032850,0.274044,0.600384,-0.034907,0.329149,0.555258,-0.020065,0.258253,0.537527,-0.034405,0.260584,0.591752,-0.027783,0.277248,0.614343,-0.022499,0.312608,0.577969,-0.032058,0.259402,0.563044,-0.042756,0.257393,0.603417,-0.038038,0.268008,0.623602,-0.032731
1780386517.281,right,pinch,0.399671,0.714053,-0.000000,0.377307,0.625245,-0.004768,0.370440,0.547992,-0.017580,0.365344,0.488240,-0.033543,0.360691,0.431081,-0.047104,0.458164,0.523604,0.004766,0.419692,0.458132,-0.015226,0.390721,0.432684,-0.030874,0.367697,0.412628,-0.040688,0.465879,0.532181,-0.003573,0.405202,0.479161,-0.022810,0.395515,0.534506,-0.026974,0.407344,0.561134,-0.027718,0.462171,0.545480,-0.015373,0.399406,0.495556,-0.030236,0.395029,0.549791,-0.023406,0.410870,0.573705,-0.017940,0.449016,0.559518,-0.029082,0.398891,0.523215,-0.039728,0.394134,0.562050,-0.036645,0.406164,0.585354,-0.032700
1780386517.829,right,pinch,0.429873,0.680137,-0.000000,0.415852,0.603147,0.000369,0.417146,0.531120,-0.007787,0.416185,0.476131,-0.020052,0.418158,0.418864,-0.031063,0.494326,0.522408,0.012512,0.473026,0.465715,-0.003178,0.455838,0.429741,-0.015434,0.441271,0.401019,-0.023368,0.502864,0.530129,0.001850,0.463371,0.455533,-0.016102,0.442170,0.482972,-0.020689,0.442160,0.499111,-0.019996,0.502373,0.541916,-0.011559,0.452080,0.478466,-0.027802,0.438834,0.530561,-0.022645,0.449255,0.560320,-0.016087,0.493044,0.554454,-0.026033,0.447987,0.509966,-0.038537,0.439333,0.549545,-0.036220,0.450768,0.576692,-0.031659
1780386518.337,right,pinch,0.434301,0.680578,-0.000000,0.420688,0.601543,0.000415,0.422612,0.529098,-0.007814,0.422030,0.474553,-0.019842,0.424631,0.418666,-0.030141,0.501081,0.524072,0.012490,0.472660,0.462307,-0.003460,0.451076,0.429093,-0.016373,0.433398,0.401819,-0.024801,0.508673,0.531908,0.002231,0.463902,0.461202,-0.015557,0.445957,0.504892,-0.019921,0.450100,0.532600,-0.019461,0.506938,0.542684,-0.010818,0.455711,0.480570,-0.025431,0.443600,0.533186,-0.019386,0.455078,0.562422,-0.013156,0.496217,0.553867,-0.025086,0.451162,0.508462,-0.036238,0.443145,0.548085,-0.033503,0.454948,0.574676,-0.029153
1780386518.858,right,pinch,0.462106,0.666759,-0.000000,0.445221,0.592435,-0.002289,0.445104,0.523637,-0.009011,0.444182,0.473854,-0.018458,0.445121,0.423374,-0.026235,0.518226,0.518905,0.009732,0.486518,0.460757,-0.005010,0.469053,0.430257,-0.017937,0.456290,0.405088,-0.026910,0.525718,0.523292,0.001993,0.479990,0.463568,-0.015454,0.466121,0.505972,-0.021136,0.472551,0.534103,-0.022058,0.524539,0.530124,-0.008388,0.474493,0.474523,-0.023826,0.465052,0.521310,-0.019637,0.476268,0.548616,-0.014344,0.514984,0.537452,-0.020066,0.472880,0.496755,-0.032326,0.465538,0.531379,-0.030708,0.475552,0.555745,-0.026950
1780386519.372,right,pinch,0.611582,0.626148,-0.000000,0.583954,0.585945,-0.005814,0.562289,0.540294,-0.012896,0.548611,0.504850,-0.021653,0.544779,0.467839,-0.028231,0.604217,0.473976,0.004867,0.582447,0.451780,-0.008855,0.564614,0.448059,-0.018217,0.547645,0.447904,-0.023910,0.617521,0.471473,0.000582,0.582457,0.472774,-0.013606,0.584832,0.517303,-0.015859,0.597785,0.523619,-0.014983,0.627953,0.477405,-0.006635,0.589686,0.485196,-0.019951,0.594235,0.525857,-0.013962,0.606817,0.530822,-0.007936,0.634553,0.492505,-0.015236,0.600012,0.497442,-0.025088,0.602884,0.528380,-0.021403,0.614798,0.534602,-0.016545
1780386519.898,right,pinch,0.683843,0.661152,-0.000000,0.660709,0.625473,-0.005047,0.640996,0.578051,-0.011456,0.633025,0.537970,-0.020011,0.634571,0.500356,-0.026592,0.672919,0.520617,0.005139,0.662636,0.494307,-0.008196,0.651116,0.486625,-0.013519,0.639453,0.485198,-0.015427,0.688588,0.521215,0.000593,0.662710,0.518701,-0.013104,0.664177,0.564546,-0.010853,0.674317,0.564754,-0.005783,0.703205,0.527802,-0.007294,0.674899,0.534027,-0.020878,0.677113,0.574692,-0.012385,0.686457,0.573359,-0.003923,0.716036,0.540826,-0.016409,0.688770,0.541967,-0.024599,0.688345,0.570702,-0.019649,0.697453,0.572694,-0.014064
1780386520.414,right,pinch,0.722628,0.660207,-0.000000,0.699690,0.628374,-0.009961,0.681179,0.578681,-0.016824,0.676392,0.531908,-0.024742,0.686187,0.495524,-0.029206,0.709199,0.520045,0.001981,0.693198,0.492073,-0.016296,0.693182,0.531843,-0.023707,0.700081,0.551403,-0.025611,0.726436,0.524216,0.000436,0.706031,0.515704,-0.017813,0.706325,0.564448,-0.018093,0.714850,0.567730,-0.013433,0.742691,0.533475,-0.005224,0.720288,0.536938,-0.023684,0.720288,0.580957,-0.017961,0.729093,0.581843,-0.009153,0.758413,0.547709,-0.012078,0.735195,0.547404,-0.022145,0.733777,0.577201,-0.018649,0.741863,0.580268,-0.012836
1780386520.916,right,pinch,0.737944,0.659418,-0.000000,0.715284,0.628778,-0.009266,0.697954,0.577977,-0.015023,0.695016,0.530686,-0.021925,0.706507,0.498084,-0.025509,0.724626,0.518435,0.002972,0.711999,0.491376,-0.014300,0.709958,0.531264,-0.021024,0.714992,0.550268,-0.022605,0.742126,0.522639,0.001401,0.724485,0.516371,-0.015606,0.722694,0.564684,-0.015258,0.729932,0.567232,-0.010329,0.758847,0.532993,-0.004156,0.739092,0.537067,-0.021366,0.736816,0.579686,-0.015077,0.743825,0.580635,-0.006177,0.774714,0.548683,-0.010925,0.754143,0.550677,-0.020122,0.751196,0.579777,-0.016266,0.758190,0.582717,-0.010348
1780386521.448,right,pinch,0.734280,0.664919,-0.000000,0.710706,0.633836,-0.009965,0.692483,0.584457,-0.016343,0.689184,0.537697,-0.023837,0.700459,0.504333,-0.027924,0.719013,0.526371,0.001704,0.706895,0.498534,-0.015699,0.706184,0.536645,-0.022892,0.711531,0.555060,-0.024802,0.735969,0.530075,0.000337,0.719471,0.529986,-0.017101,0.719602,0.574099,-0.017943,0.726884,0.571826,-0.014072,0.752328,0.540216,-0.004940,0.733958,0.546463,-0.022350,0.733107,0.585934,-0.016765,0.740528,0.583289,-0.008463,0.768012,0.554878,-0.011482,0.749161,0.556093,-0.020821,0.746711,0.583270,-0.017089,0.753726,0.584629,-0.011234
1780386521.970,right,pinch,0.623776,0.524223,-0.000000,0.593734,0.491696,-0.003058,0.570177,0.445239,-0.007309,0.558267,0.410132,-0.013756,0.551638,0.374720,-0.018684,0.602715,0.382530,0.006125,0.588537,0.354631,-0.005543,0.573421,0.349921,-0.012470,0.558982,0.349148,-0.016218,0.617678,0.378716,0.001211,0.590889,0.380983,-0.011428,0.594821,0.423566,-0.012278,0.605186,0.429473,-0.010526,0.631854,0.381024,-0.006398,0.600849,0.388721,-0.018434,0.606638,0.428620,-0.012005,0.617402,0.433193,-0.005739,0.645343,0.390825,-0.015042,0.615430,0.391785,-0.022354,0.616959,0.422646,-0.017289,0.626100,0.430258,-0.011923
1780386522.507,right,pinch,0.423690,0.343029,-0.000000,0.384527,0.331179,-0.002583,0.351549,0.307130,-0.008240,0.328193,0.284718,-0.016675,0.310285,0.254963,-0.023845,0.376113,0.217692,0.008704,0.348129,0.205736,-0.003937,0.327529,0.214080,-0.012900,0.312804,0.228091,-0.018120,0.385414,0.203246,0.003171,0.353439,0.222599,-0.011312,0.364248,0.261415,-0.014185,0.377557,0.264384,-0.013152,0.393923,0.195982,-0.005081,0.359579,0.223447,-0.019772,0.372469,0.260146,-0.014903,0.386440,0.259744,-0.008530,0.401994,0.197762,-0.014093,0.369071,0.223656,-0.024481,0.378100,0.254076,-0.020627,0.391613,0.255878,-0.015243
1780386523.012,right,pinch,0.294796,0.285385,-0.000000,0.260338,0.294609,-0.001454,0.223874,0.277480,-0.004125,0.198140,0.262099,-0.009878,0.176722,0.236740,-0.014386,0.238966,0.182523,0.018656,0.211455,0.190068,0.007983,0.190919,0.203006,-0.000245,0.174093,0.215843,-0.005428,0.245288,0.165049,0.012182,0.212613,0.195707,-0.003529,0.231005,0.233466,-0.007645,0.247914,0.232307,-0.005780,0.250364,0.154418,0.002475,0.217542,0.194715,-0.014384,0.237715,0.227757,-0.011840,0.254825,0.218613,-0.005518,0.254208,0.151017,-0.007918,0.222591,0.186579,-0.019617,0.236997,0.217048,-0.017144,0.252679,0.213380,-0.012161
1780386523.526,right,pinch,0.279902,0.223962,-0.000000,0.249802,0.238178,-0.002475,0.217864,0.228361,-0.003379,0.195087,0.210640,-0.006889,0.176985,0.184926,-0.009381,0.230083,0.154649,0.016696,0.207470,0.153444,0.010300,0.197015,0.161920,0.005183,0.190050,0.165301,0.001264,0.234226,0.136232,0.012200,0.209100,0.155803,-0.000908,0.226304,0.181986,-0.005422,0.241714,0.180109,-0.004651,0.238470,0.119325,0.005101,0.213057,0.147467,-0.008644,0.231182,0.171660,-0.007210,0.245984,0.165574,-0.002403,0.243693,0.103632,-0.002762,0.218938,0.131399,-0.012505,0.230202,0.154353,-0.011178,0.243447,0.151668,-0.007627
1780386524.037,right,pinch,0.295695,0.216905,-0.000000,0.264704,0.238163,0.005559,0.237864,0.232822,0.009401,0.218779,0.217495,0.008905,0.201681,0.197987,0.008530,0.247787,0.175752,0.027943,0.225726,0.174211,0.027475,0.208008,0.176829,0.025196,0.193618,0.178109,0.022427,0.251614,0.153046,0.020659,0.229189,0.166687,0.013078,0.244094,0.185856,0.008890,0.257971,0.183024,0.009161,0.255504,0.133097,0.011482,0.231956,0.154408,0.003129,0.248339,0.173527,0.004087,0.262299,0.167243,0.007524,0.259677,0.114898,0.002162,0.234904,0.139704,-0.003027,0.244741,0.159403,-0.000755,0.256785,0.156121,0.002508
1780386524.553,right,pinch,0.206248,0.163075,-0.000000,0.177258,0.178702,-0.000581,0.144617,0.172430,0.002172,0.123415,0.156661,0.001796,0.107822,0.132065,0.001613,0.150362,0.113064,0.023720,0.133572,0.105098,0.023776,0.117325,0.106569,0.021462,0.104332,0.109688,0.019139,0.155992,0.091178,0.019837,0.133767,0.090167,0.016318,0.134390,0.109034,0.012803,0.139539,0.121548,0.012701,0.163268,0.070321,0.013548,0.139407,0.079079,0.005033,0.151103,0.105521,0.004158,0.166107,0.120079,0.007356,0.171394,0.048339,0.006848,0.147352,0.060917,-0.000227,0.153346,0.083450,0.000507,0.166133,0.096476,0.003534
1780386525.060,right,pinch,0.154269,0.114204,-0.000000,0.129962,0.140041,0.002304,0.097926,0.134453,0.005664,0.074423,0.115978,0.004751,0.056735,0.091644,0.003569,0.103345,0.079342,0.027832,0.083191,0.064548,0.028008,0.063294,0.064283,0.027047,0.047388,0.064242,0.026014,0.105304,0.055890,0.022829,0.081314,0.052816,0.017365,0.080349,0.071054,0.013615,0.083832,0.077604,0.014488,0.109422,0.033306,0.015518,0.086157,0.043521,0.004599,0.100446,0.069224,0.001792,0.117572,0.076966,0.004899,0.114013,0.009418,0.008408,0.091541,0.023994,0.001040,0.100941,0.048903,0.001272,0.116968,0.058187,0.004280
1780386525.609,right,pinch,0.160402,0.145396,-0.000000,0.136663,0.161699,0.001819,0.106719,0.153222,0.002916,0.084078,0.139525,-0.000181,0.067212,0.114160,-0.003411,0.108295,0.082422,0.024176,0.088702,0.074695,0.019887,0.068232,0.081010,0.015291,0.052439,0.086863,0.011726,0.111181,0.059228,0.017650,0.087637,0.072064,0.006963,0.095866,0.099688,0.001033,0.108196,0.110955,0.001104,0.115910,0.039136,0.008853,0.092199,0.062416,-0.005095,0.107675,0.093192,-0.006816,0.125251,0.101928,-0.002875,0.122637,0.019813,0.000044,0.098006,0.046648,-0.009786,0.108346,0.075975,-0.008969,0.124400,0.087235,-0.005054
1780386526.156,right,pinch,0.151526,0.197588,-0.000000,0.122106,0.216768,0.005056,0.091831,0.199359,0.005950,0.068163,0.186357,0.002596,0.048924,0.165054,-0.000473,0.107559,0.099696,0.025456,0.080112,0.110933,0.021467,0.057824,0.124039,0.016244,0.040716,0.135328,0.011924,0.111112,0.078236,0.016737,0.075294,0.115237,0.006533,0.088645,0.150254,0.001664,0.106281,0.160608,0.002075,0.111381,0.067074,0.005979,0.076030,0.113857,-0.006372,0.092784,0.147086,-0.007473,0.111669,0.150838,-0.004538,0.108017,0.063826,-0.004867,0.077978,0.110597,-0.015200,0.089908,0.142042,-0.015840,0.105830,0.150131,-0.013428
1780386526.683,right,pinch,0.135257,0.231796,-0.000000,0.104517,0.246468,-0.000007,0.074888,0.229998,-0.002217,0.050706,0.214472,-0.007062,0.030120,0.191440,-0.010871,0.096849,0.113587,0.016359,0.065598,0.139040,0.006442,0.053536,0.164845,-0.004247,0.047348,0.185600,-0.010935,0.095726,0.099376,0.010130,0.059865,0.145146,-0.002593,0.070672,0.182467,-0.010606,0.086809,0.197416,-0.013127,0.091484,0.095567,0.001781,0.055930,0.148961,-0.011315,0.072251,0.183197,-0.013085,0.090978,0.189432,-0.011118,0.084799,0.100813,-0.007220,0.056059,0.150069,-0.018640,0.069126,0.180528,-0.019664,0.085778,0.186527,-0.017188
1780386527.221,right,pinch,0.121820,0.273220,-0.000000,0.092061,0.292733,-0.004232,0.063731,0.277315,-0.007855,0.038464,0.266704,-0.012785,0.017638,0.248805,-0.016356,0.098969,0.155628,0.009490,0.068061,0.185372,0.000301,0.057225,0.206519,-0.011019,0.052087,0.219810,-0.018686,0.091253,0.140146,0.005759,0.059341,0.187498,-0.004399,0.065869,0.223592,-0.012368,0.078590,0.238922,-0.016253,0.080176,0.139460,0.000135,0.045939,0.193111,-0.010674,0.057140,0.230454,-0.013707,0.072981,0.242497,-0.013812,0.066081,0.149040,-0.006577,0.037449,0.198769,-0.017946,0.046347,0.230088,-0.020987,0.060936,0.240575,-0.020514
1780386527.769,right,pinch,0.119305,0.313558,-0.000000,0.092477,0.324958,-0.008611,0.064847,0.309782,-0.015530,0.040004,0.303869,-0.022708,0.019960,0.289955,-0.028013,0.106306,0.192863,0.000701,0.074140,0.232331,-0.015647,0.065477,0.254597,-0.031507,0.064181,0.265251,-0.041610,0.094380,0.178462,-0.001869,0.058218,0.236237,-0.018381,0.065199,0.271246,-0.028477,0.079292,0.281162,-0.033478,0.078772,0.177706,-0.006756,0.042830,0.236857,-0.020904,0.055438,0.271440,-0.023657,0.072158,0.276154,-0.023616,0.062020,0.186412,-0.013239,0.034221,0.237990,-0.026451,0.043789,0.267662,-0.029928,0.058532,0.270626,-0.029709
1780386528.280,right,pinch,0.122128,0.338608,-0.000000,0.100997,0.356996,-0.012923,0.075169,0.350790,-0.022756,0.050381,0.350674,-0.031815,0.031011,0.347636,-0.038998,0.100415,0.222359,-0.005830,0.073996,0.267831,-0.022927,0.071684,0.292947,-0.039209,0.075649,0.302299,-0.049881,0.087017,0.208414,-0.006487,0.056389,0.268571,-0.023111,0.065323,0.299448,-0.033135,0.079844,0.303410,-0.038421,0.071555,0.210859,-0.009508,0.039213,0.270649,-0.023852,0.052873,0.302352,-0.026029,0.069178,0.303124,-0.025816,0.055424,0.223839,-0.014443,0.031635,0.278448,-0.027845,0.042181,0.304518,-0.031292,0.056128,0.303030,-0.031161
1780386528.834,right,pinch,0.127055,0.390437,-0.000000,0.111921,0.405806,-0.018306,0.089096,0.402921,-0.030080,0.062250,0.406198,-0.038942,0.041494,0.410044,-0.045489,0.092363,0.286240,-0.015409,0.062183,0.337095,-0.030143,0.068178,0.364634,-0.042414,0.078689,0.370595,-0.050112,0.085009,0.274229,-0.011573,0.052008,0.327541,-0.025713,0.060906,0.356760,-0.032661,0.072989,0.362845,-0.035910,0.075362,0.279120,-0.009604,0.041541,0.328482,-0.021953,0.052988,0.356421,-0.022280,0.065892,0.358624,-0.020976,0.063287,0.295988,-0.009483,0.038832,0.342658,-0.021617,0.048507,0.364493,-0.023726,0.060263,0.362980,-0.022451
1780386529.339,right,pinch,0.139818,0.417496,-0.000000,0.117733,0.430780,-0.008864,0.092162,0.423496,-0.016228,0.065412,0.425537,-0.023389,0.044926,0.423960,-0.028296,0.109873,0.299551,-0.001285,0.077749,0.348570,-0.014864,0.080528,0.373800,-0.027775,0.087755,0.379617,-0.036391,0.098805,0.287715,-0.003448,0.064215,0.352209,-0.016494,0.074759,0.379757,-0.024416,0.087842,0.381919,-0.028703,0.086008,0.292801,-0.007570,0.051156,0.355836,-0.019737,0.065806,0.382611,-0.021645,0.080082,0.381206,-0.021622,0.072052,0.309131,-0.013215,0.047414,0.367697,-0.026142,0.057339,0.390930,-0.030267,0.068673,0.388717,-0.030638
1780386529.871,right,pinch,0.148616,0.460199,-0.000000,0.124439,0.480422,-0.013087,0.097794,0.475527,-0.021819,0.071438,0.474647,-0.029144,0.050285,0.470583,-0.034085,0.110829,0.353709,-0.007046,0.080185,0.405934,-0.019678,0.084163,0.432613,-0.031631,0.092042,0.439501,-0.039331,0.103094,0.342396,-0.006202,0.069484,0.401900,-0.018463,0.079104,0.427662,-0.025763,0.091578,0.431498,-0.029677,0.092486,0.346683,-0.007196,0.058500,0.403803,-0.018681,0.071200,0.427831,-0.020971,0.084834,0.428002,-0.021211,0.079019,0.362293,-0.009780,0.052858,0.413888,-0.021887,0.060983,0.434676,-0.025657,0.071905,0.433610,-0.025824
1780386530.380,right,pinch,0.158337,0.501143,-0.000000,0.139324,0.510205,-0.011500,0.111725,0.502087,-0.019138,0.083524,0.504010,-0.025590,0.060605,0.505995,-0.030114,0.126105,0.382074,-0.007333,0.096847,0.431629,-0.020779,0.095590,0.462402,-0.033154,0.101320,0.477328,-0.040600,0.114811,0.372413,-0.006957,0.084474,0.436698,-0.019171,0.092344,0.467974,-0.026685,0.105179,0.477974,-0.030575,0.102174,0.380910,-0.008222,0.070037,0.443259,-0.021705,0.082518,0.473822,-0.025903,0.097708,0.481208,-0.026559,0.087366,0.401148,-0.010605,0.058937,0.452935,-0.024636,0.063282,0.478105,-0.029301,0.071844,0.484874,-0.029487
1780386530.903,right,pinch,0.170420,0.533224,-0.000000,0.145979,0.546302,-0.006312,0.115991,0.537493,-0.012114,0.090051,0.537026,-0.018241,0.067896,0.536018,-0.022813,0.135068,0.416093,-0.000668,0.106447,0.459724,-0.013663,0.100575,0.488668,-0.026928,0.100725,0.507311,-0.035422,0.125623,0.406519,-0.003541,0.095145,0.469240,-0.016883,0.105230,0.499735,-0.025442,0.119394,0.509545,-0.029786,0.114012,0.413745,-0.007987,0.081039,0.477178,-0.021848,0.096491,0.505233,-0.025905,0.113154,0.509271,-0.026381,0.099775,0.431571,-0.013294,0.070992,0.486732,-0.027608,0.079454,0.510520,-0.032254,0.091377,0.513058,-0.032502
1780386531.449,right,pinch,0.183003,0.552571,-0.000000,0.163820,0.556690,-0.006530,0.136380,0.545936,-0.011618,0.109063,0.549464,-0.017216,0.087213,0.557958,-0.021129,0.142593,0.430564,0.001499,0.113400,0.476203,-0.009647,0.112547,0.506866,-0.020929,0.118889,0.526445,-0.027187,0.132187,0.428398,-0.000612,0.103811,0.485647,-0.011412,0.111934,0.516758,-0.019540,0.123912,0.532019,-0.023253,0.121501,0.442162,-0.004271,0.091914,0.499515,-0.016765,0.103634,0.532617,-0.021942,0.117520,0.545381,-0.022548,0.109702,0.465771,-0.008637,0.079288,0.505618,-0.019578,0.072217,0.527472,-0.023358,0.069010,0.536934,-0.023285
1780386531.976,right,pinch,0.190735,0.551971,-0.000000,0.168314,0.523692,-0.001043,0.142211,0.504971,-0.005052,0.117522,0.508310,-0.010665,0.097176,0.513660,-0.015713,0.134111,0.428088,0.003894,0.100707,0.478361,-0.007029,0.084094,0.515633,-0.017561,0.075478,0.539174,-0.024554,0.122873,0.436478,-0.001038,0.097094,0.511333,-0.014021,0.111958,0.541703,-0.021697,0.127805,0.547508,-0.025171,0.113934,0.460113,-0.006822,0.090716,0.534528,-0.019855,0.112243,0.558569,-0.021932,0.130853,0.556956,-0.021087,0.106677,0.490828,-0.012891,0.086664,0.546260,-0.025788,0.100730,0.565062,-0.027996,0.113601,0.562950,-0.026481
1780386532.503,right,pinch,0.201199,0.600410,-0.000000,0.172251,0.609979,-0.000352,0.142027,0.601789,-0.004178,0.118183,0.611402,-0.009762,0.097932,0.623539,-0.014885,0.137502,0.488673,0.004470,0.103220,0.540390,-0.005101,0.082671,0.580159,-0.015413,0.070744,0.608552,-0.022616,0.129901,0.493408,-0.001035,0.104341,0.570795,-0.012535,0.119721,0.599019,-0.019918,0.136618,0.603681,-0.023763,0.124299,0.515070,-0.007300,0.101594,0.593887,-0.019197,0.122639,0.615704,-0.021171,0.141251,0.613347,-0.020729,0.119661,0.545344,-0.013930,0.101144,0.601422,-0.024793,0.116152,0.619685,-0.026049,0.131260,0.618774,-0.024604
1780386533.023,right,pinch,0.221976,0.643951,-0.000000,0.194555,0.640427,-0.004758,0.163965,0.628529,-0.010907,0.138795,0.636913,-0.017651,0.119996,0.650130,-0.023965,0.158764,0.529378,-0.003857,0.124313,0.582543,-0.015701,0.105812,0.621441,-0.027228,0.095722,0.649341,-0.034917,0.149757,0.540259,-0.006747,0.123604,0.611508,-0.019891,0.138104,0.641679,-0.027727,0.154912,0.651997,-0.031674,0.143277,0.566715,-0.010373,0.120912,0.636002,-0.023590,0.140545,0.660969,-0.025887,0.159800,0.668060,-0.025199,0.138713,0.601396,-0.014523,0.121404,0.650025,-0.027275,0.130305,0.670510,-0.030020,0.140577,0.677780,-0.029173
1780386533.566,right,pinch,0.266118,0.689447,-0.000000,0.247955,0.652500,-0.001133,0.221682,0.635088,-0.004551,0.197754,0.648355,-0.009027,0.181391,0.667130,-0.013320,0.208941,0.584063,0.000492,0.183608,0.630099,-0.008889,0.175689,0.663532,-0.017550,0.175487,0.684619,-0.022783,0.196997,0.601189,-0.002649,0.177694,0.658405,-0.012740,0.188733,0.684330,-0.019237,0.203499,0.694552,-0.022179,0.189144,0.629990,-0.006263,0.172772,0.686214,-0.017907,0.189759,0.710873,-0.022147,0.207107,0.719132,-0.022481,0.184166,0.663242,-0.009674,0.171594,0.705971,-0.021544,0.179214,0.725303,-0.025715,0.186604,0.734266,-0.025810
1780386534.106,right,pinch,0.316845,0.742131,-0.000000,0.292973,0.714678,0.000003,0.264596,0.699691,-0.004861,0.241673,0.715657,-0.011148,0.225511,0.738768,-0.018271,0.256578,0.638355,-0.003491,0.222156,0.691389,-0.014483,0.204494,0.729862,-0.024847,0.193558,0.756144,-0.031597,0.249264,0.656596,-0.008132,0.219267,0.708620,-0.019524,0.229392,0.740005,-0.025596,0.243084,0.755921,-0.028327,0.243924,0.685504,-0.012742,0.218347,0.736351,-0.023238,0.235246,0.762235,-0.023991,0.252900,0.771395,-0.022593,0.240931,0.720981,-0.017390,0.224991,0.759908,-0.027623,0.236275,0.775579,-0.028576,0.248628,0.780294,-0.026817
1780386534.652,right,pinch,0.374291,0.804749,-0.000000,0.344993,0.795072,0.001515,0.311409,0.792025,-0.003945,0.283124,0.822448,-0.010292,0.264092,0.856517,-0.016788,0.305604,0.708407,-0.007315,0.271546,0.759035,-0.015144,0.257208,0.798551,-0.022049,0.248888,0.828822,-0.026873,0.303693,0.729924,-0.013368,0.266726,0.770204,-0.019377,0.256869,0.804166,-0.023612,0.250945,0.831426,-0.027834,0.304044,0.761369,-0.018672,0.273314,0.808037,-0.024487,0.286379,0.823432,-0.023855,0.298909,0.826880,-0.024017,0.304844,0.801133,-0.023837,0.277479,0.839103,-0.029445,0.272566,0.855884,-0.029309,0.268666,0.862422,-0.029300
1780386535.169,right,pinch,0.445176,0.828487,-0.000000,0.404063,0.843939,0.003314,0.365317,0.844655,-0.003216,0.337966,0.854351,-0.011906,0.314106,0.869122,-0.019915,0.369570,0.720733,-0.005384,0.330299,0.770411,-0.015834,0.317054,0.810174,-0.024741,0.308803,0.840037,-0.031112,0.376262,0.730527,-0.013840,0.338312,0.800540,-0.024601,0.356597,0.824988,-0.027118,0.370778,0.826362,-0.029453,0.381326,0.758082,-0.022322,0.344814,0.823521,-0.030796,0.364784,0.836860,-0.025946,0.380981,0.832818,-0.023461,0.385392,0.796685,-0.030930,0.349582,0.838344,-0.038642,0.341255,0.854277,-0.037640,0.334694,0.859685,-0.037012
1780386535.700,right,pinch,0.538916,0.735268,-0.000000,0.496136,0.717216,-0.002736,0.466298,0.682776,-0.008361,0.446653,0.664613,-0.015722,0.428789,0.647109,-0.021136,0.498762,0.582002,0.000000,0.460183,0.591137,-0.013066,0.440306,0.616271,-0.022546,0.426942,0.641414,-0.028679,0.508013,0.582673,-0.006098,0.467136,0.619382,-0.018442,0.480023,0.647897,-0.020840,0.494530,0.644691,-0.021962,0.514350,0.597756,-0.014238,0.473480,0.643282,-0.024025,0.488286,0.667149,-0.018230,0.501925,0.657968,-0.014494,0.517260,0.623862,-0.023682,0.485578,0.661248,-0.031750,0.496364,0.679779,-0.028620,0.508496,0.673625,-0.025400
1780386536.215,right,pinch,0.531547,0.734320,-0.000000,0.486538,0.700579,-0.009074,0.442598,0.635622,-0.021029,0.416392,0.588561,-0.035444,0.402821,0.537800,-0.046063,0.498322,0.497816,0.004340,0.454527,0.481292,-0.022827,0.429593,0.484332,-0.039283,0.407487,0.491383,-0.048121,0.518488,0.490322,-0.004256,0.457697,0.503056,-0.030256,0.471905,0.579411,-0.030560,0.493201,0.584426,-0.024993,0.536300,0.497319,-0.018231,0.472512,0.529314,-0.041475,0.489500,0.597214,-0.028030,0.511174,0.594991,-0.014747,0.548773,0.521005,-0.034657,0.494683,0.545475,-0.050907,0.503699,0.595446,-0.043479,0.522366,0.597589,-0.034200
1780386536.728,right,pinch,0.517667,0.792376,-0.000001,0.457930,0.729520,-0.010857,0.405805,0.639906,-0.028065,0.370033,0.577072,-0.049198,0.348552,0.501069,-0.065257,0.484856,0.467215,0.004141,0.431658,0.430336,-0.028455,0.395035,0.438307,-0.048838,0.362535,0.453151,-0.060387,0.513586,0.462722,-0.008274,0.431553,0.487930,-0.040905,0.447382,0.581318,-0.044150,0.476089,0.589963,-0.040623,0.535667,0.480688,-0.026942,0.448703,0.526142,-0.054866,0.468465,0.607633,-0.039732,0.496839,0.603384,-0.025640,0.549576,0.517739,-0.048852,0.476671,0.549524,-0.067584,0.486525,0.607816,-0.058881,0.510647,0.607792,-0.048650
1780386537.241,right,pinch,0.531752,0.779858,-0.000000,0.475779,0.708213,-0.011847,0.433330,0.624365,-0.029709,0.403730,0.564004,-0.051187,0.381750,0.496615,-0.067855,0.510829,0.475181,0.003710,0.459487,0.438849,-0.026808,0.425793,0.437391,-0.044725,0.395639,0.438498,-0.054642,0.534654,0.471049,-0.006316,0.455874,0.482228,-0.036306,0.468395,0.571680,-0.036523,0.495483,0.574275,-0.031322,0.552633,0.486142,-0.022480,0.470267,0.514136,-0.047680,0.485088,0.594149,-0.030704,0.510423,0.592377,-0.015972,0.562152,0.517965,-0.041975,0.493884,0.541279,-0.058030,0.502298,0.596440,-0.048535,0.525177,0.597845,-0.038354
1780386537.755,right,pinch,0.547457,0.762908,-0.000000,0.500072,0.692000,-0.003788,0.469199,0.612833,-0.012498,0.447074,0.564158,-0.025448,0.430077,0.517057,-0.034991,0.533743,0.503070,0.011546,0.494051,0.462327,-0.009709,0.467151,0.457787,-0.021967,0.442562,0.459798,-0.028842,0.554038,0.501135,0.000898,0.490971,0.499436,-0.023440,0.496284,0.577436,-0.025360,0.516751,0.588571,-0.021682,0.569853,0.513175,-0.014136,0.501950,0.524289,-0.036191,0.510435,0.597224,-0.024560,0.531123,0.603173,-0.012828,0.578959,0.539128,-0.031171,0.522191,0.547229,-0.045048,0.526102,0.598075,-0.037439,0.544403,0.603471,-0.028758
1780386538.261,right,pinch,0.583983,0.761699,-0.000000,0.542440,0.697071,-0.008441,0.511778,0.623902,-0.020041,0.490776,0.569383,-0.034232,0.482640,0.512226,-0.044579,0.577039,0.520063,0.007092,0.542185,0.483650,-0.012532,0.516179,0.475722,-0.022641,0.491841,0.473707,-0.028195,0.597930,0.520227,-0.000478,0.539984,0.518358,-0.021343,0.543751,0.591582,-0.020983,0.563135,0.599206,-0.016664,0.614323,0.533916,-0.012712,0.552896,0.550171,-0.031260,0.559313,0.615423,-0.019089,0.578194,0.615085,-0.008353,0.624160,0.560611,-0.027244,0.570839,0.567583,-0.039400,0.573048,0.615762,-0.032105,0.589939,0.620191,-0.024355
1780386538.789,right,pinch,0.649922,0.765295,-0.000000,0.611897,0.703570,-0.005534,0.584280,0.628793,-0.014812,0.568425,0.570521,-0.027509,0.569876,0.518664,-0.037258,0.640397,0.545900,0.011068,0.617606,0.506212,-0.006653,0.596056,0.491520,-0.014842,0.574965,0.488947,-0.018823,0.661488,0.546530,0.003574,0.616305,0.542037,-0.015215,0.618663,0.608529,-0.013493,0.637060,0.613497,-0.007812,0.679576,0.558205,-0.008470,0.629343,0.567000,-0.026630,0.633915,0.626922,-0.015264,0.651588,0.627037,-0.004347,0.692365,0.580412,-0.022292,0.645265,0.582045,-0.034038,0.647554,0.625988,-0.027239,0.664569,0.629543,-0.019637
1780386539.298,right,pinch,0.709630,0.758352,-0.000000,0.679605,0.707747,-0.005428,0.654059,0.638614,-0.013727,0.641918,0.579974,-0.025644,0.652533,0.535440,-0.035211,0.691880,0.562730,0.011217,0.677077,0.530962,-0.006074,0.668447,0.522149,-0.011539,0.663250,0.512627,-0.012781,0.712725,0.565655,0.004689,0.681654,0.556875,-0.013703,0.682566,0.619136,-0.009071,0.696513,0.618181,-0.000025,0.733217,0.577784,-0.006500,0.699122,0.582117,-0.025678,0.700257,0.638068,-0.014475,0.713602,0.636149,-0.001979,0.751621,0.598017,-0.019053,0.719484,0.594468,-0.028430,0.717760,0.633875,-0.021291,0.730339,0.637959,-0.013229
1780386539.803,right,pinch,0.752069,0.748958,-0.000000,0.722963,0.705095,-0.010651,0.701356,0.636824,-0.017353,0.698164,0.578507,-0.025532,0.714637,0.541939,-0.029121,0.739987,0.563067,0.003393,0.717441,0.532581,-0.018134,0.717091,0.587688,-0.026225,0.727263,0.599024,-0.028840,0.760613,0.570916,0.000049,0.734091,0.555652,-0.023261,0.733314,0.615818,-0.022891,0.744809,0.614762,-0.016412,0.779619,0.585580,-0.008083,0.751054,0.585206,-0.030728,0.747970,0.640700,-0.021929,0.758551,0.638486,-0.009851,0.797560,0.606117,-0.017786,0.769145,0.605855,-0.029654,0.766661,0.640649,-0.024461,0.777139,0.641165,-0.016705
1780386540.314,right,pinch,0.752780,0.745348,-0.000000,0.722995,0.702107,-0.010077,0.699662,0.633899,-0.016659,0.695916,0.575707,-0.024670,0.712467,0.541922,-0.028405,0.742097,0.557989,0.005138,0.722177,0.534003,-0.015845,0.722670,0.577149,-0.024510,0.729323,0.589877,-0.027255,0.762550,0.564123,0.001668,0.733566,0.557200,-0.020398,0.734160,0.615318,-0.020203,0.744926,0.614505,-0.014025,0.781000,0.577996,-0.006676,0.750273,0.584330,-0.028992,0.749503,0.638111,-0.020850,0.759788,0.635778,-0.009238,0.797594,0.599317,-0.016528,0.768137,0.601520,-0.028761,0.766286,0.637938,-0.023740,0.775944,0.638869,-0.016024
1780386540.837,right,pinch,0.732542,0.744664,-0.000000,0.704231,0.696944,-0.005796,0.683651,0.628339,-0.013181,0.679372,0.570956,-0.024122,0.692135,0.530426,-0.032865,0.725333,0.568062,0.011872,0.713938,0.532540,-0.005584,0.708353,0.526701,-0.011403,0.706633,0.524792,-0.012380,0.744876,0.573787,0.006065,0.718319,0.556137,-0.012733,0.714765,0.612767,-0.009613,0.727375,0.614286,-0.001262,0.763535,0.586442,-0.004507,0.733660,0.580682,-0.024601,0.729989,0.634204,-0.014901,0.741818,0.637297,-0.002627,0.780552,0.606284,-0.016358,0.750853,0.597046,-0.027640,0.747227,0.633119,-0.022104,0.758868,0.639735,-0.014522
1780386541.358,right,pinch,0.682807,0.759391,-0.000000,0.658305,0.704495,-0.005182,0.640415,0.629623,-0.012601,0.634887,0.571294,-0.023349,0.644101,0.526802,-0.032093,0.695899,0.577586,0.012345,0.683261,0.541760,-0.003185,0.668659,0.520383,-0.010365,0.654028,0.507222,-0.014013,0.715243,0.582823,0.005529,0.679428,0.559389,-0.011183,0.673998,0.620631,-0.008179,0.689573,0.630952,-0.001287,0.732044,0.597471,-0.005772,0.691301,0.583770,-0.023609,0.687362,0.639508,-0.013169,0.702226,0.646628,-0.002072,0.744762,0.620736,-0.018538,0.706421,0.603402,-0.029906,0.702680,0.641397,-0.024058,0.716828,0.652081,-0.017075
1780386541.861,right,pinch,0.652195,0.768654,-0.000000,0.630455,0.694518,-0.007440,0.618327,0.614665,-0.016425,0.613581,0.554627,-0.027554,0.623046,0.506076,-0.035605,0.687224,0.577431,0.005896,0.669088,0.530910,-0.011809,0.651225,0.508772,-0.019294,0.633159,0.493399,-0.022936,0.705098,0.589098,-0.000046,0.661807,0.551346,-0.019527,0.650788,0.615970,-0.017224,0.666398,0.633020,-0.011238,0.719047,0.608589,-0.010339,0.669201,0.580017,-0.029967,0.662295,0.641623,-0.018936,0.679115,0.653958,-0.008064,0.727120,0.635450,-0.022249,0.683266,0.604503,-0.036397,0.676620,0.647270,-0.031078,0.691392,0.662702,-0.024375
1780386542.364,right,pinch,0.707337,0.758417,-0.000000,0.688060,0.684566,0.000136,0.679304,0.603146,-0.004149,0.684751,0.542439,-0.013430,0.702143,0.497457,-0.021933,0.734863,0.585850,0.019919,0.736809,0.542340,0.007119,0.726809,0.508743,0.000641,0.715234,0.486694,-0.003107,0.752567,0.598782,0.010124,0.731331,0.548229,-0.006075,0.714361,0.601830,-0.004908,0.726320,0.627571,0.000924,0.769057,0.620677,-0.003761,0.741880,0.579743,-0.021787,0.726035,0.631912,-0.013091,0.738996,0.651250,-0.002952,0.784478,0.650067,-0.018457,0.759329,0.605435,-0.029192,0.744494,0.639349,-0.022808,0.754265,0.661323,-0.015873
1780386542.868,right,pinch,0.775425,0.739935,-0.000000,0.751927,0.675690,-0.007442,0.740320,0.597836,-0.012894,0.748863,0.535141,-0.021383,0.771192,0.496976,-0.026404,0.782510,0.567545,0.009876,0.778678,0.519261,-0.010394,0.768622,0.560021,-0.017077,0.774317,0.575632,-0.018069,0.801409,0.584792,0.005428,0.791844,0.543361,-0.016936,0.778301,0.600403,-0.015608,0.789095,0.607796,-0.007706,0.820401,0.604108,-0.004004,0.805350,0.571618,-0.026499,0.790977,0.625021,-0.017350,0.801126,0.632532,-0.004220,0.840431,0.627593,-0.014559,0.825414,0.592722,-0.024238,0.813437,0.623986,-0.016881,0.821134,0.636687,-0.007848
1780386543.393,right,pinch,0.795253,0.710312,-0.000000,0.772447,0.663293,-0.013683,0.756980,0.594684,-0.021102,0.761627,0.534624,-0.029644,0.782481,0.496616,-0.033757,0.790876,0.543906,0.002832,0.782673,0.505710,-0.016934,0.777885,0.554117,-0.022109,0.785078,0.564756,-0.022135,0.810813,0.557531,0.001961,0.799608,0.535789,-0.019568,0.791722,0.594297,-0.016992,0.801439,0.589811,-0.008603,0.829597,0.574776,-0.004091,0.815501,0.562129,-0.026505,0.806009,0.612589,-0.017256,0.815717,0.608700,-0.004274,0.848751,0.595152,-0.011689,0.834269,0.578056,-0.021996,0.825245,0.608679,-0.015597,0.832424,0.613095,-0.007073
1780386543.900,right,pinch,0.791520,0.702097,-0.000000,0.768344,0.664918,-0.014666,0.751693,0.609019,-0.023568,0.751385,0.561096,-0.032171,0.770281,0.535155,-0.036417,0.790656,0.528583,-0.002386,0.772707,0.514106,-0.023436,0.768025,0.564411,-0.033955,0.774236,0.578193,-0.038690,0.811399,0.536443,-0.003230,0.787290,0.542316,-0.024280,0.782522,0.596409,-0.026502,0.791160,0.597416,-0.023018,0.829128,0.556487,-0.008469,0.803889,0.572883,-0.028015,0.797203,0.618240,-0.021401,0.805186,0.614924,-0.012000,0.845243,0.583948,-0.015674,0.821634,0.593350,-0.025550,0.814942,0.623233,-0.021170,0.821186,0.623147,-0.014541
1780386544.414,right,pinch,0.787187,0.706859,-0.000000,0.765453,0.674099,-0.017319,0.748272,0.624180,-0.029701,0.743486,0.577839,-0.041618,0.759503,0.550790,-0.049269,0.781682,0.537988,-0.005514,0.765603,0.526545,-0.027963,0.762694,0.572139,-0.038466,0.768236,0.586750,-0.042473,0.803292,0.542140,-0.004963,0.779296,0.555638,-0.025171,0.775706,0.608318,-0.026023,0.783467,0.604473,-0.021480,0.822416,0.560523,-0.009151,0.796897,0.583077,-0.027687,0.791701,0.627470,-0.020923,0.799062,0.622822,-0.011730,0.838802,0.586131,-0.015619,0.814566,0.604029,-0.025416,0.808946,0.633270,-0.022058,0.815157,0.631845,-0.016195
1780386544.924,right,pinch,0.779080,0.703518,-0.000000,0.755986,0.670789,-0.018219,0.736878,0.620525,-0.029949,0.730094,0.576091,-0.040422,0.746003,0.553365,-0.046192,0.774483,0.533269,-0.008591,0.755876,0.521074,-0.029762,0.751559,0.566802,-0.039122,0.756527,0.580861,-0.043032,0.795907,0.538588,-0.007629,0.767762,0.553449,-0.028592,0.765196,0.606485,-0.029605,0.774094,0.604696,-0.025471,0.814062,0.557476,-0.011109,0.785576,0.581309,-0.029640,0.781546,0.625270,-0.022117,0.789308,0.620740,-0.012680,0.829370,0.583975,-0.017015,0.803420,0.601982,-0.026949,0.798135,0.630754,-0.023214,0.803957,0.628223,-0.017162
1780386545.442,right,pinch,0.739205,0.674562,-0.000000,0.714901,0.640656,-0.008535,0.693047,0.590912,-0.015908,0.684108,0.546828,-0.024890,0.689921,0.509942,-0.031547,0.725763,0.520575,0.004605,0.710288,0.503997,-0.011638,0.703316,0.506291,-0.018354,0.698726,0.502806,-0.020673,0.743202,0.520747,0.001355,0.715969,0.523472,-0.016084,0.718002,0.571608,-0.014992,0.728546,0.570415,-0.009425,0.759505,0.529245,-0.005851,0.730324,0.539140,-0.023998,0.732078,0.582799,-0.016381,0.741492,0.581931,-0.006581,0.774013,0.545466,-0.014430,0.746854,0.550105,-0.025085,0.746590,0.580473,-0.020765,0.755732,0.582697,-0.014405
1780386545.956,right,pinch,0.733442,0.663268,-0.000000,0.706886,0.634081,-0.011068,0.684893,0.587546,-0.019271,0.675439,0.545481,-0.027903,0.681902,0.509868,-0.032838,0.717468,0.515838,-0.000527,0.694855,0.499485,-0.019352,0.694669,0.537751,-0.027581,0.700360,0.549950,-0.030326,0.734457,0.517509,-0.002017,0.706853,0.519564,-0.020505,0.710479,0.568943,-0.020393,0.721379,0.567470,-0.015688,0.749898,0.525832,-0.007588,0.721132,0.535099,-0.025809,0.723663,0.580842,-0.018978,0.734009,0.577878,-0.009809,0.763602,0.540634,-0.014581,0.736662,0.544724,-0.025113,0.736889,0.577478,-0.021143,0.746262,0.578574,-0.014887
1780386546.464,right,pinch,0.753846,0.672957,-0.000000,0.729974,0.644005,-0.010310,0.707904,0.596552,-0.019932,0.700005,0.549412,-0.031113,0.707470,0.510920,-0.039296,0.738909,0.527118,-0.000179,0.724201,0.501555,-0.018488,0.719530,0.510785,-0.023817,0.718245,0.515047,-0.024183,0.757114,0.527856,-0.002513,0.732433,0.529833,-0.020523,0.734865,0.581708,-0.016551,0.744163,0.575926,-0.008458,0.774632,0.535556,-0.009147,0.748174,0.548415,-0.026941,0.750201,0.593262,-0.016945,0.759054,0.588285,-0.005613,0.790176,0.549658,-0.017355,0.765429,0.556631,-0.027247,0.765015,0.587153,-0.022212,0.774153,0.586136,-0.015438
1780386546.985,right,pinch,0.773845,0.687736,-0.000000,0.748712,0.654598,-0.016054,0.729959,0.600760,-0.025637,0.724581,0.553370,-0.034773,0.738024,0.520909,-0.039631,0.765767,0.523338,-0.003770,0.744293,0.506756,-0.025132,0.743206,0.557422,-0.035577,0.752226,0.569144,-0.040200,0.785725,0.528866,-0.003692,0.759695,0.534309,-0.025501,0.759127,0.586962,-0.027774,0.769088,0.586627,-0.024173,0.802759,0.544216,-0.008194,0.776115,0.558729,-0.028759,0.774106,0.605343,-0.022827,0.784163,0.602726,-0.013608,0.818117,0.565489,-0.014692,0.792673,0.576016,-0.026297,0.790132,0.607272,-0.023249,0.798749,0.607943,-0.017314
1780386547.513,right,pinch,0.777228,0.686008,-0.000000,0.753138,0.655796,-0.016033,0.734886,0.602110,-0.025347,0.731335,0.554701,-0.033915,0.745766,0.522239,-0.038191,0.770188,0.520279,-0.003308,0.749661,0.510811,-0.023776,0.748562,0.560198,-0.034011,0.757089,0.571371,-0.038763,0.790514,0.524624,-0.002919,0.763454,0.537456,-0.023009,0.762736,0.589471,-0.024879,0.772876,0.587216,-0.021595,0.807448,0.541359,-0.007055,0.780469,0.562431,-0.026258,0.777900,0.608307,-0.020126,0.787675,0.604244,-0.011367,0.821929,0.564789,-0.013283,0.796845,0.581089,-0.024422,0.792903,0.611891,-0.021704,0.800422,0.610983,-0.016283
1780386548.045,right,pinch,0.777387,0.685745,-0.000000,0.753310,0.655253,-0.017059,0.734894,0.601774,-0.027490,0.731179,0.553374,-0.037121,0.745219,0.521795,-0.042417,0.769900,0.522181,-0.003875,0.749504,0.511952,-0.024402,0.748113,0.559395,-0.033827,0.756145,0.572210,-0.037804,0.790391,0.526086,-0.003054,0.763395,0.537862,-0.022921,0.762617,0.590562,-0.023849,0.772735,0.587511,-0.019739,0.807462,0.542331,-0.006945,0.780677,0.563109,-0.026048,0.778396,0.608469,-0.019755,0.787986,0.603933,-0.010901,0.822082,0.564856,-0.013010,0.796997,0.582249,-0.024140,0.793253,0.612512,-0.021731,0.800457,0.610914,-0.016581
1780386548.597,right,pinch,0.775474,0.686484,-0.000000,0.752525,0.656466,-0.015698,0.733950,0.601710,-0.025364,0.730145,0.552659,-0.034539,0.743867,0.521288,-0.039468,0.767127,0.521132,-0.002859,0.747354,0.510922,-0.022205,0.745747,0.557977,-0.030456,0.753613,0.570072,-0.033751,0.787999,0.525008,-0.002431,0.761190,0.537661,-0.021324,0.760188,0.590390,-0.021418,0.770330,0.586281,-0.016769,0.805804,0.541254,-0.006540,0.779010,0.563458,-0.024842,0.776540,0.609232,-0.018332,0.786092,0.604526,-0.009486,0.821027,0.563641,-0.012705,0.795590,0.581608,-0.023392,0.792097,0.612141,-0.020961,0.799689,0.610702,-0.015879
1780386549.112,right,pinch,0.771869,0.683089,-0.000000,0.748448,0.654056,-0.016170,0.729160,0.599733,-0.025446,0.724241,0.551483,-0.034390,0.737582,0.520917,-0.039117,0.761720,0.523789,-0.002887,0.743407,0.508131,-0.022663,0.741331,0.554694,-0.031128,0.748567,0.568062,-0.034270,0.781374,0.527232,-0.002330,0.758480,0.539482,-0.022468,0.757860,0.591161,-0.023295,0.767066,0.586725,-0.018698,0.798783,0.541575,-0.006395,0.775250,0.562221,-0.026056,0.773344,0.606719,-0.019785,0.782461,0.601409,-0.010476,0.814375,0.561564,-0.012457,0.791791,0.576931,-0.023396,0.788314,0.607528,-0.020192,0.795326,0.606743,-0.014229
1780386549.654,right,pinch,0.743087,0.667385,-0.000000,0.718564,0.636266,-0.011509,0.697774,0.588574,-0.019761,0.690205,0.545937,-0.028983,0.697665,0.508118,-0.034509,0.727825,0.515376,0.000226,0.708836,0.496464,-0.019426,0.707369,0.537070,-0.026986,0.712094,0.553282,-0.028650,0.745379,0.517575,-0.001465,0.721030,0.522247,-0.021077,0.722856,0.573100,-0.020858,0.731663,0.568851,-0.015390,0.762318,0.527114,-0.007505,0.737407,0.544346,-0.026842,0.738834,0.588557,-0.019583,0.747299,0.582254,-0.009553,0.777745,0.542803,-0.015012,0.754152,0.552567,-0.024750,0.752993,0.584594,-0.019729,0.760642,0.583742,-0.012685
1780386550.157,right,pinch,0.658928,0.710203,-0.000000,0.628057,0.677507,-0.005920,0.605017,0.633601,-0.012719,0.590473,0.607672,-0.020759,0.580269,0.582789,-0.026376,0.644638,0.553710,0.000684,0.616269,0.541259,-0.012978,0.598460,0.553220,-0.022506,0.585065,0.567844,-0.028199,0.656374,0.552436,-0.003698,0.619570,0.573715,-0.016979,0.626022,0.612133,-0.020126,0.639001,0.614786,-0.020591,0.665887,0.563879,-0.010571,0.627364,0.593964,-0.020333,0.634814,0.626184,-0.015230,0.645944,0.622214,-0.011319,0.671792,0.585245,-0.019153,0.639528,0.607981,-0.026000,0.643337,0.631196,-0.022613,0.652449,0.628720,-0.018794
1780386550.671,right,pinch,0.621291,0.749840,-0.000000,0.582423,0.719475,-0.004751,0.557473,0.680978,-0.012601,0.540425,0.656995,-0.022286,0.522714,0.632755,-0.029968,0.596051,0.590661,0.000548,0.560921,0.587147,-0.014124,0.542210,0.602865,-0.024211,0.529043,0.619561,-0.030322,0.605113,0.592525,-0.005315,0.563826,0.616049,-0.019240,0.573446,0.649742,-0.021637,0.586907,0.649030,-0.021935,0.610164,0.606625,-0.013793,0.567034,0.640544,-0.025065,0.578997,0.671037,-0.019204,0.592897,0.666176,-0.014775,0.611022,0.630683,-0.023861,0.576161,0.662123,-0.032943,0.584997,0.684732,-0.030393,0.597696,0.681467,-0.027178
1780386551.203,right,pinch,0.605109,0.765217,-0.000000,0.562864,0.739398,-0.001993,0.537227,0.702696,-0.008778,0.519346,0.680853,-0.017548,0.500555,0.662439,-0.024794,0.573843,0.606025,-0.000119,0.534922,0.608643,-0.013944,0.515199,0.630809,-0.024367,0.502315,0.650545,-0.030982,0.581403,0.610173,-0.006831,0.537790,0.644486,-0.020017,0.547820,0.678742,-0.023110,0.561704,0.681209,-0.024578,0.584119,0.628180,-0.015455,0.540023,0.668200,-0.025785,0.553026,0.698772,-0.020302,0.567155,0.695164,-0.016587,0.583241,0.655316,-0.025275,0.549033,0.686814,-0.032790,0.558379,0.709117,-0.029444,0.570697,0.706714,-0.026110
1780386551.732,right,pinch,0.586994,0.781532,-0.000000,0.544648,0.757550,-0.000082,0.519304,0.726870,-0.007084,0.500231,0.706539,-0.016372,0.481019,0.689257,-0.024579,0.552807,0.630611,-0.000003,0.513031,0.636729,-0.012202,0.494547,0.658158,-0.021211,0.483368,0.676409,-0.027049,0.559547,0.633942,-0.007118,0.516281,0.670942,-0.019061,0.527247,0.704030,-0.021556,0.541061,0.707002,-0.022821,0.561334,0.651293,-0.015666,0.518608,0.695320,-0.025392,0.532596,0.724858,-0.020763,0.546996,0.723247,-0.017677,0.559249,0.677462,-0.025050,0.526697,0.714110,-0.032794,0.536663,0.736055,-0.030587,0.549035,0.734994,-0.028073
1780386552.245,right,pinch,0.584443,0.789775,-0.000000,0.540205,0.768791,-0.001004,0.514206,0.737744,-0.008322,0.495255,0.718001,-0.017729,0.475235,0.701389,-0.025908,0.546508,0.637190,-0.000729,0.506597,0.646709,-0.013669,0.488047,0.669591,-0.023198,0.475567,0.689559,-0.029323,0.552950,0.641484,-0.007839,0.509298,0.680312,-0.020275,0.521140,0.714260,-0.022898,0.534939,0.716564,-0.024276,0.554746,0.659785,-0.016518,0.511781,0.705328,-0.026711,0.527101,0.734899,-0.021442,0.541454,0.731474,-0.017978,0.553045,0.687457,-0.026161,0.520507,0.723417,-0.033929,0.531916,0.744621,-0.030850,0.544649,0.741564,-0.027769
1780386552.758,right,pinch,0.584206,0.784984,-0.000000,0.541646,0.762585,-0.000188,0.516388,0.730523,-0.007293,0.497774,0.709961,-0.016799,0.478239,0.693234,-0.025131,0.550424,0.632852,0.000407,0.510194,0.639425,-0.012536,0.490868,0.660511,-0.022006,0.478130,0.678308,-0.028044,0.556193,0.636877,-0.007159,0.512166,0.673250,-0.019905,0.523578,0.708059,-0.022345,0.537687,0.711007,-0.023313,0.557074,0.654429,-0.016327,0.513717,0.697576,-0.026578,0.528599,0.727842,-0.021252,0.543483,0.725093,-0.017609,0.554491,0.680819,-0.026433,0.521539,0.715730,-0.034299,0.532371,0.737955,-0.031467,0.545388,0.736088,-0.028465
1780386553.259,right,pinch,0.581384,0.783840,-0.000000,0.539433,0.762205,-0.001116,0.514153,0.728182,-0.007785,0.495463,0.706245,-0.016489,0.475722,0.689085,-0.023949,0.548577,0.632145,0.000018,0.509154,0.636098,-0.012604,0.490265,0.655953,-0.021830,0.477587,0.673099,-0.027709,0.554567,0.635478,-0.006634,0.510418,0.668456,-0.018971,0.520935,0.702424,-0.021508,0.534425,0.705656,-0.022619,0.555737,0.652598,-0.014895,0.512210,0.692832,-0.024921,0.525942,0.723465,-0.020043,0.540078,0.721425,-0.016724,0.553129,0.678679,-0.024116,0.520186,0.711914,-0.031931,0.530203,0.734017,-0.029506,0.542807,0.731969,-0.026843
1780386553.766,right,pinch,0.580454,0.787528,-0.000000,0.538597,0.765559,-0.000643,0.513031,0.731515,-0.006925,0.494200,0.709879,-0.015332,0.474845,0.692164,-0.022536,0.546961,0.634632,0.000377,0.506575,0.639149,-0.012829,0.487532,0.658964,-0.022790,0.475519,0.675497,-0.029081,0.552651,0.637560,-0.006354,0.508537,0.675555,-0.019623,0.519541,0.710857,-0.023006,0.533784,0.715526,-0.024423,0.553477,0.654352,-0.014621,0.510469,0.698142,-0.025753,0.525016,0.729317,-0.021738,0.539664,0.728033,-0.018541,0.550616,0.680016,-0.023720,0.518894,0.714744,-0.032255,0.529005,0.738221,-0.030223,0.541411,0.737467,-0.027500
1780386554.307,right,pinch,0.579732,0.792872,-0.000000,0.536105,0.766535,-0.000088,0.510652,0.732517,-0.006563,0.491690,0.711029,-0.015436,0.472229,0.694428,-0.023146,0.545076,0.637262,0.001346,0.504219,0.641868,-0.012230,0.485036,0.664589,-0.022619,0.472531,0.683619,-0.029069,0.551254,0.641195,-0.005742,0.505135,0.680460,-0.019741,0.516539,0.717765,-0.023697,0.530930,0.724109,-0.025298,0.552225,0.658662,-0.014368,0.507372,0.702908,-0.025658,0.522038,0.734544,-0.021538,0.536943,0.734793,-0.018099,0.549342,0.685366,-0.023797,0.516169,0.719656,-0.031906,0.526610,0.742932,-0.029345,0.539562,0.742955,-0.026190
1780386554.818,right,pinch,0.580416,0.794282,-0.000000,0.537153,0.770176,-0.000436,0.511298,0.736150,-0.007309,0.491769,0.713104,-0.016393,0.471164,0.694825,-0.024380,0.544404,0.637947,0.000260,0.503679,0.641821,-0.012769,0.484389,0.663199,-0.022852,0.472137,0.682154,-0.029137,0.550692,0.641405,-0.006425,0.505047,0.681131,-0.019739,0.515880,0.717756,-0.023602,0.530112,0.724592,-0.025284,0.551900,0.658922,-0.014488,0.507749,0.703116,-0.025198,0.521923,0.734085,-0.021248,0.536416,0.734752,-0.018079,0.549122,0.685601,-0.023336,0.516572,0.719058,-0.031300,0.526505,0.742074,-0.028932,0.539014,0.742502,-0.025934
1780386555.334,right,pinch,0.579696,0.796843,-0.000000,0.536934,0.772997,-0.000569,0.510334,0.738931,-0.007013,0.490800,0.715936,-0.015717,0.470737,0.696868,-0.023218,0.544382,0.640878,0.001333,0.503958,0.647287,-0.011887,0.484689,0.667454,-0.021946,0.472160,0.684860,-0.028247,0.550046,0.644247,-0.005499,0.504628,0.685146,-0.018869,0.516321,0.721972,-0.022217,0.530837,0.727017,-0.023441,0.550987,0.661275,-0.013941,0.507330,0.707091,-0.025112,0.522617,0.738305,-0.021005,0.537553,0.737283,-0.017589,0.548290,0.687409,-0.023256,0.516347,0.722692,-0.031813,0.526932,0.745732,-0.029686,0.539603,0.744879,-0.026773
1780386555.863,right,pinch,0.577729,0.795624,-0.000000,0.535301,0.773689,-0.003313,0.509122,0.736723,-0.010379,0.490147,0.712258,-0.019159,0.470235,0.691982,-0.026458,0.546054,0.639549,-0.000208,0.505383,0.644132,-0.013739,0.485649,0.663808,-0.023869,0.472188,0.680772,-0.030328,0.551550,0.641474,-0.005876,0.506065,0.676520,-0.020076,0.517860,0.713777,-0.023655,0.532647,0.719288,-0.024806,0.552608,0.657239,-0.013426,0.508020,0.698207,-0.025300,0.522750,0.730891,-0.021006,0.537915,0.729798,-0.017363,0.550130,0.682471,-0.022142,0.517290,0.716738,-0.031605,0.527725,0.740848,-0.029820,0.540904,0.739857,-0.027064
1780386556.388,right,pinch,0.576424,0.800404,-0.000000,0.532877,0.776364,-0.002376,0.507501,0.739864,-0.010042,0.488802,0.714382,-0.019756,0.468476,0.693780,-0.028121,0.543866,0.643726,-0.000206,0.503676,0.644756,-0.014095,0.483774,0.664786,-0.024080,0.470386,0.682725,-0.030184,0.550292,0.645806,-0.006378,0.503865,0.680213,-0.020644,0.515125,0.719066,-0.023730,0.529748,0.725250,-0.024475,0.551568,0.661710,-0.014386,0.505957,0.700932,-0.026084,0.520322,0.734330,-0.021385,0.535503,0.734616,-0.017492,0.548737,0.686801,-0.023436,0.515267,0.719016,-0.032222,0.525305,0.743113,-0.029976,0.538477,0.743096,-0.026981
1780386556.898,right,pinch,0.574961,0.805698,-0.000000,0.530285,0.778138,-0.000351,0.505121,0.742186,-0.007466,0.486456,0.716990,-0.017297,0.467048,0.697104,-0.025908,0.540640,0.647022,0.002598,0.500817,0.648776,-0.011197,0.481777,0.669086,-0.021304,0.469396,0.686253,-0.027434,0.547554,0.649439,-0.004752,0.501904,0.686695,-0.018824,0.512698,0.725369,-0.022091,0.527017,0.731140,-0.022996,0.549232,0.665838,-0.013950,0.504422,0.706214,-0.025548,0.517940,0.739830,-0.020998,0.532778,0.740694,-0.017140,0.546621,0.691305,-0.024066,0.513393,0.723515,-0.032410,0.522881,0.747551,-0.030039,0.535879,0.748132,-0.026957
1780386557.421,right,pinch,0.556482,0.801151,-0.000000,0.513866,0.773718,-0.001930,0.489639,0.733432,-0.007614,0.471466,0.706554,-0.015007,0.452410,0.685987,-0.021120,0.529451,0.641666,0.001499,0.488998,0.638765,-0.010668,0.467171,0.656985,-0.020798,0.453219,0.673304,-0.027534,0.534432,0.643317,-0.004156,0.486208,0.671481,-0.017896,0.494452,0.710651,-0.022090,0.509338,0.720208,-0.023702,0.533703,0.658668,-0.011381,0.486978,0.691055,-0.023158,0.497815,0.724872,-0.019619,0.512331,0.728526,-0.016242,0.528469,0.682714,-0.019517,0.493419,0.709327,-0.028711,0.500685,0.735698,-0.026963,0.512356,0.740031,-0.024093
1780386557.970,right,pinch,0.442168,0.726638,-0.000000,0.408546,0.690221,0.000177,0.390804,0.645521,-0.003830,0.375464,0.614586,-0.009367,0.358910,0.589404,-0.014097,0.439001,0.569836,0.003040,0.400047,0.550058,-0.006184,0.375724,0.559492,-0.015179,0.361211,0.572348,-0.021036,0.440929,0.571512,-0.001906,0.392938,0.566682,-0.011539,0.386797,0.600409,-0.016036,0.392642,0.621940,-0.018163,0.435330,0.582756,-0.007664,0.388681,0.587671,-0.015465,0.390566,0.619420,-0.013757,0.400934,0.634499,-0.011967,0.424348,0.600220,-0.014011,0.387457,0.610126,-0.020410,0.388006,0.637080,-0.019079,0.396436,0.651649,-0.016721
1780386558.515,right,pinch,0.327739,0.682450,-0.000000,0.342482,0.614587,0.007368,0.338747,0.555458,0.003641,0.313556,0.520096,-0.002697,0.288357,0.506782,-0.009953,0.353571,0.513507,-0.001554,0.307654,0.475571,-0.010110,0.279157,0.475754,-0.017287,0.262877,0.479386,-0.022877,0.340458,0.514692,-0.010508,0.290596,0.495058,-0.017891,0.286613,0.532890,-0.019772,0.294786,0.556587,-0.022012,0.322153,0.526136,-0.018696,0.275101,0.516283,-0.023503,0.277776,0.555649,-0.019781,0.291077,0.576129,-0.019056,0.300503,0.543816,-0.026624,0.264424,0.547082,-0.032633,0.269051,0.578514,-0.030794,0.281486,0.592746,-0.029221
1780386559.065,right,pinch,0.387444,0.695604,-0.000000,0.392250,0.616347,0.005953,0.380501,0.546547,-0.000323,0.349314,0.502890,-0.009361,0.322625,0.477187,-0.018099,0.418486,0.507628,-0.002392,0.369943,0.452488,-0.014494,0.337561,0.444478,-0.024174,0.315587,0.444485,-0.031324,0.408913,0.512584,-0.011630,0.349804,0.482126,-0.024267,0.346993,0.525819,-0.027852,0.356977,0.553121,-0.030718,0.392331,0.524857,-0.020689,0.336689,0.506278,-0.029444,0.339072,0.549330,-0.025852,0.352180,0.570729,-0.024496,0.371554,0.541205,-0.029803,0.329291,0.534565,-0.037526,0.329491,0.566966,-0.036307,0.338624,0.582822,-0.035137
1780386559.595,right,pinch,0.409883,0.696350,-0.000000,0.385260,0.617528,0.001505,0.372264,0.551500,-0.007359,0.359056,0.502896,-0.019010,0.349494,0.460901,-0.029501,0.452266,0.506688,-0.002692,0.406663,0.447672,-0.017286,0.374426,0.435355,-0.029313,0.350465,0.430791,-0.037792,0.451330,0.513974,-0.011806,0.385694,0.479154,-0.028729,0.379665,0.530678,-0.033965,0.388257,0.563728,-0.036819,0.439442,0.525270,-0.021717,0.375078,0.500069,-0.034440,0.375419,0.551997,-0.029377,0.387538,0.580940,-0.025826,0.420453,0.540796,-0.032413,0.371877,0.523175,-0.043813,0.368996,0.559812,-0.041867,0.377253,0.582524,-0.038909
1780386560.111,right,pinch,0.440345,0.708605,-0.000000,0.415209,0.624328,-0.001041,0.407553,0.548883,-0.009767,0.400420,0.496949,-0.020884,0.391143,0.448969,-0.030258,0.492249,0.513842,-0.001599,0.449891,0.453244,-0.018143,0.418076,0.435770,-0.031441,0.392241,0.424946,-0.040493,0.495745,0.524021,-0.010371,0.428840,0.481911,-0.028145,0.419777,0.537886,-0.032439,0.429438,0.569658,-0.033963,0.486959,0.538179,-0.020804,0.419449,0.502392,-0.034925,0.417128,0.557745,-0.028400,0.431213,0.584236,-0.023314,0.469890,0.555544,-0.032460,0.419316,0.528980,-0.044841,0.414214,0.567915,-0.041876,0.423303,0.590380,-0.037672
1780386560.636,right,pinch,0.470830,0.726383,-0.000000,0.449585,0.626527,0.002563,0.446566,0.546288,-0.006293,0.439477,0.491354,-0.018625,0.432108,0.438263,-0.029352,0.534189,0.524511,0.003633,0.493345,0.458947,-0.012364,0.464482,0.434620,-0.025190,0.441404,0.417811,-0.034012,0.539029,0.537195,-0.007808,0.477775,0.479842,-0.023299,0.468123,0.532326,-0.025987,0.479321,0.561665,-0.027188,0.531484,0.555367,-0.021109,0.467613,0.503479,-0.031988,0.462399,0.555076,-0.023624,0.477110,0.578882,-0.018818,0.514183,0.574763,-0.035609,0.463642,0.534162,-0.043727,0.458526,0.571368,-0.038773,0.469459,0.594016,-0.034606
1780386561.164,right,pinch,0.423981,0.720098,-0.000000,0.399022,0.630318,-0.001429,0.392256,0.557471,-0.013099,0.383491,0.502730,-0.027256,0.370029,0.452322,-0.039960,0.470879,0.508100,-0.006859,0.426585,0.446090,-0.023587,0.392888,0.431828,-0.035919,0.367829,0.426590,-0.044154,0.473035,0.518882,-0.015861,0.403774,0.484005,-0.033276,0.396575,0.537617,-0.037699,0.407106,0.568679,-0.039905,0.462675,0.537613,-0.026016,0.394499,0.507854,-0.039633,0.392484,0.560882,-0.034497,0.405830,0.586031,-0.030967,0.444671,0.559606,-0.037301,0.393661,0.539691,-0.049559,0.388951,0.575252,-0.048106,0.397207,0.595237,-0.045154
1780386561.693,right,pinch,0.373029,0.711641,-0.000000,0.352455,0.627111,0.003261,0.338633,0.556910,-0.005226,0.321159,0.506429,-0.016839,0.303909,0.465061,-0.027656,0.407549,0.506458,-0.001169,0.359047,0.449297,-0.015806,0.326338,0.441039,-0.028233,0.303657,0.443465,-0.036706,0.402455,0.515395,-0.010560,0.337182,0.486892,-0.026252,0.331334,0.532437,-0.031789,0.340633,0.563864,-0.035376,0.388182,0.529144,-0.020568,0.326407,0.507901,-0.031482,0.325651,0.553598,-0.027494,0.337601,0.579473,-0.025269,0.369103,0.547908,-0.031170,0.320864,0.535317,-0.040106,0.318911,0.568364,-0.038375,0.328763,0.587568,-0.036120
1780386562.211,right,pinch,0.359135,0.712683,-0.000000,0.347935,0.629427,0.007316,0.335064,0.557271,0.000445,0.308879,0.510911,-0.010190,0.284430,0.480839,-0.020405,0.390381,0.507940,0.002067,0.340963,0.452045,-0.011194,0.308625,0.445738,-0.022576,0.287729,0.449408,-0.030574,0.383125,0.515798,-0.009017,0.321713,0.487611,-0.022763,0.317396,0.530968,-0.027659,0.327075,0.559665,-0.031182,0.367595,0.529788,-0.020237,0.307319,0.511824,-0.029767,0.309373,0.557275,-0.026465,0.323599,0.580436,-0.025156,0.346722,0.548191,-0.031517,0.300757,0.541431,-0.039146,0.302459,0.577279,-0.037459,0.315114,0.595477,-0.035817
1780386562.737,right,pinch,0.359100,0.713068,-0.000000,0.349310,0.629593,0.009653,0.336186,0.558058,0.003464,0.308634,0.512151,-0.007077,0.283974,0.480612,-0.017449,0.390625,0.508234,0.004035,0.340287,0.453736,-0.007610,0.307789,0.448906,-0.017692,0.287245,0.453464,-0.025080,0.383296,0.515533,-0.008137,0.320701,0.489312,-0.020410,0.316291,0.533315,-0.024870,0.326313,0.561274,-0.028407,0.367506,0.529644,-0.020137,0.306929,0.512947,-0.028227,0.308682,0.559127,-0.024986,0.322994,0.581835,-0.024215,0.346199,0.547919,-0.032012,0.300271,0.542557,-0.039193,0.302291,0.578160,-0.037875,0.315400,0.595563,-0.036695
1780386563.264,right,pinch,0.358048,0.712575,-0.000000,0.354035,0.628708,0.010406,0.341792,0.556965,0.004345,0.311559,0.512095,-0.006054,0.284846,0.483667,-0.016428,0.389003,0.507014,0.003448,0.339044,0.452393,-0.008370,0.305878,0.446253,-0.018597,0.284407,0.449953,-0.025966,0.380657,0.515052,-0.008653,0.318821,0.489579,-0.020162,0.314985,0.531195,-0.024213,0.324737,0.558328,-0.027799,0.364710,0.530004,-0.020450,0.304803,0.515304,-0.027312,0.306858,0.559712,-0.024060,0.320909,0.582034,-0.023723,0.344011,0.549101,-0.032080,0.298569,0.545100,-0.037911,0.300572,0.579842,-0.036412,0.313197,0.596938,-0.035475
1780386563.788,right,pinch,0.359483,0.713354,-0.000000,0.357175,0.629451,0.009869,0.344382,0.556335,0.004015,0.313444,0.510760,-0.006035,0.286328,0.482264,-0.015867,0.389813,0.508426,0.003278,0.340466,0.454264,-0.008913,0.307759,0.447581,-0.019089,0.286132,0.450086,-0.026331,0.381450,0.515216,-0.008579,0.318559,0.490875,-0.020667,0.314293,0.534334,-0.024589,0.323795,0.561306,-0.027822,0.365479,0.529230,-0.020246,0.304666,0.515786,-0.027843,0.306967,0.561863,-0.024573,0.321028,0.584237,-0.023909,0.344539,0.547822,-0.031800,0.299172,0.545291,-0.038170,0.301010,0.580200,-0.036917,0.313431,0.596378,-0.035985
1780386564.340,right,pinch,0.358403,0.710071,-0.000000,0.357631,0.626293,0.010024,0.344613,0.554246,0.003763,0.312190,0.509377,-0.006593,0.284577,0.482412,-0.016723,0.389781,0.507765,0.001585,0.339894,0.452610,-0.009879,0.307059,0.447603,-0.018946,0.286341,0.451977,-0.025591,0.381336,0.515207,-0.010349,0.318807,0.489911,-0.021530,0.314325,0.532535,-0.024490,0.324111,0.558936,-0.027498,0.365317,0.529391,-0.021911,0.304650,0.514311,-0.028605,0.306662,0.559578,-0.024506,0.320937,0.581526,-0.023798,0.344417,0.547658,-0.033335,0.298615,0.543529,-0.039366,0.300343,0.578618,-0.037652,0.312919,0.595517,-0.036659
1780386564.864,right,pinch,0.360105,0.712581,-0.000000,0.357298,0.627610,0.011456,0.344330,0.555085,0.005319,0.313005,0.509721,-0.005291,0.285785,0.481815,-0.015963,0.391710,0.507447,0.002933,0.340295,0.452413,-0.008550,0.307010,0.445729,-0.018084,0.285478,0.448470,-0.024979,0.383858,0.515544,-0.009719,0.320552,0.490376,-0.021193,0.315707,0.533455,-0.024724,0.324945,0.561913,-0.027889,0.367813,0.530098,-0.021846,0.306565,0.515447,-0.028601,0.308075,0.561135,-0.024984,0.321959,0.584901,-0.024369,0.346368,0.548457,-0.033657,0.300555,0.544402,-0.039289,0.302118,0.579753,-0.037559,0.314567,0.597469,-0.036437
1780386565.390,right,pinch,0.361292,0.713579,-0.000000,0.355801,0.628809,0.012059,0.342750,0.556918,0.006132,0.312734,0.511092,-0.004462,0.287212,0.482723,-0.015143,0.392517,0.506791,0.004133,0.340692,0.450896,-0.006835,0.307359,0.444292,-0.016008,0.286176,0.447410,-0.022685,0.384622,0.515527,-0.008924,0.321233,0.488957,-0.020195,0.316469,0.532788,-0.023683,0.325894,0.562177,-0.026745,0.368529,0.530286,-0.021417,0.307283,0.514048,-0.028024,0.308675,0.559976,-0.024146,0.322526,0.584449,-0.023323,0.347262,0.548524,-0.033556,0.300823,0.541919,-0.039022,0.302255,0.577591,-0.036901,0.314635,0.596449,-0.035472
1780386565.893,right,pinch,0.361759,0.714000,-0.000000,0.356698,0.630819,0.009468,0.343275,0.557340,0.003371,0.313148,0.511837,-0.006918,0.287013,0.482671,-0.016985,0.393130,0.506491,0.003757,0.341617,0.451434,-0.008023,0.309015,0.444622,-0.017958,0.288150,0.447226,-0.025051,0.385035,0.514613,-0.008021,0.321205,0.489388,-0.020359,0.316723,0.533315,-0.024693,0.326219,0.561581,-0.028009,0.368874,0.529321,-0.019620,0.307469,0.514954,-0.027713,0.309609,0.561263,-0.024721,0.323666,0.584638,-0.023941,0.347655,0.547987,-0.031085,0.301996,0.543730,-0.037900,0.303713,0.579652,-0.036639,0.316038,0.597472,-0.035440
1780386566.426,right,pinch,0.361518,0.716629,-0.000000,0.354762,0.631459,0.011143,0.341685,0.558121,0.005423,0.312704,0.511245,-0.004935,0.287028,0.481775,-0.015292,0.392942,0.508461,0.005010,0.340423,0.451746,-0.006403,0.307910,0.444809,-0.016074,0.287548,0.447181,-0.023099,0.385337,0.516029,-0.007648,0.320951,0.490394,-0.019981,0.316727,0.535507,-0.024355,0.326627,0.564890,-0.027666,0.369402,0.530050,-0.019962,0.307838,0.514708,-0.027719,0.309674,0.562117,-0.024775,0.323988,0.586303,-0.024180,0.347995,0.548193,-0.032018,0.301986,0.545133,-0.038735,0.303629,0.581564,-0.037810,0.316425,0.599261,-0.036912
1780386566.963,right,pinch,0.360489,0.714860,-0.000000,0.359506,0.630329,0.009881,0.346646,0.556160,0.003516,0.314890,0.508816,-0.007013,0.288059,0.480702,-0.017499,0.393112,0.508164,0.002106,0.340504,0.450894,-0.009933,0.307889,0.445001,-0.019576,0.287822,0.448991,-0.026422,0.384695,0.516348,-0.009566,0.320560,0.490345,-0.022098,0.316727,0.534615,-0.025921,0.327080,0.562740,-0.028942,0.368402,0.530791,-0.020914,0.307272,0.515377,-0.028725,0.309564,0.561084,-0.025516,0.324242,0.583747,-0.024832,0.347105,0.548841,-0.032042,0.301626,0.545250,-0.038601,0.303858,0.581425,-0.037480,0.316813,0.598734,-0.036521
1780386567.500,right,pinch,0.362729,0.718646,-0.000000,0.351709,0.633904,0.007707,0.338110,0.559713,0.000485,0.311527,0.510657,-0.010607,0.288503,0.478837,-0.021370,0.395401,0.509075,0.002080,0.343379,0.451272,-0.011389,0.310868,0.441532,-0.022599,0.289398,0.441337,-0.030435,0.388278,0.517393,-0.009349,0.323786,0.488997,-0.023963,0.319694,0.534467,-0.029048,0.329572,0.564352,-0.032407,0.372848,0.531419,-0.020846,0.311124,0.513183,-0.031010,0.312261,0.560647,-0.027696,0.325665,0.585426,-0.026110,0.351932,0.549504,-0.032359,0.305539,0.543390,-0.040494,0.306597,0.580461,-0.039114,0.318764,0.599225,-0.037417
1780386568.027,right,pinch,0.364079,0.716993,-0.000000,0.355765,0.630717,0.009942,0.341973,0.557709,0.003349,0.313005,0.510748,-0.007736,0.288510,0.480339,-0.018736,0.396063,0.506635,0.004125,0.343728,0.448830,-0.008262,0.310567,0.441528,-0.018613,0.289435,0.444768,-0.025941,0.389099,0.515028,-0.008424,0.324274,0.486126,-0.021902,0.318878,0.531876,-0.026511,0.328138,0.563073,-0.029745,0.373566,0.529184,-0.020850,0.310955,0.511389,-0.029954,0.311817,0.559395,-0.026524,0.325467,0.585238,-0.025212,0.352389,0.546962,-0.033088,0.304756,0.540267,-0.040529,0.305713,0.577966,-0.038736,0.317897,0.597936,-0.036978
1780386568.546,right,pinch,0.365355,0.718074,-0.000000,0.355849,0.631493,0.011361,0.342855,0.558061,0.005590,0.315409,0.511031,-0.004838,0.291183,0.480234,-0.015226,0.397762,0.507635,0.005179,0.345160,0.450463,-0.006389,0.312379,0.441091,-0.016346,0.291084,0.441557,-0.023646,0.390909,0.515532,-0.008048,0.326086,0.486887,-0.020853,0.321633,0.533252,-0.025161,0.331335,0.564009,-0.028343,0.375627,0.529121,-0.020972,0.313216,0.510798,-0.029072,0.314288,0.559278,-0.025220,0.328023,0.584268,-0.023960,0.355019,0.546612,-0.033686,0.307329,0.539468,-0.040570,0.308038,0.577174,-0.038642,0.320036,0.596579,-0.036973
1780386569.085,right,pinch,0.376372,0.719973,-0.000000,0.358160,0.633922,0.006607,0.346689,0.558812,-0.000121,0.328194,0.507065,-0.010601,0.309163,0.469659,-0.020431,0.412295,0.507956,0.002381,0.359152,0.449626,-0.010565,0.326253,0.439556,-0.021704,0.303791,0.438890,-0.029712,0.406328,0.516059,-0.008876,0.339752,0.485561,-0.023809,0.335791,0.533140,-0.028764,0.346392,0.563836,-0.031868,0.391705,0.529491,-0.020462,0.328167,0.509293,-0.030813,0.328854,0.557680,-0.026511,0.342543,0.581969,-0.024197,0.372127,0.547455,-0.032428,0.323947,0.536591,-0.041361,0.323037,0.573093,-0.039600,0.333689,0.591692,-0.037427
1780386569.612,right,pinch,0.377362,0.720283,-0.000000,0.359317,0.633775,0.005993,0.345429,0.557400,-0.001813,0.325148,0.505741,-0.013243,0.304624,0.465484,-0.023927,0.413575,0.507971,-0.000041,0.361056,0.447053,-0.014710,0.328551,0.437471,-0.027092,0.306370,0.437482,-0.035795,0.407708,0.516412,-0.011316,0.340657,0.485084,-0.027842,0.335926,0.533572,-0.033548,0.346383,0.565560,-0.037181,0.393088,0.529488,-0.022910,0.329125,0.507403,-0.034308,0.329742,0.556541,-0.030040,0.343501,0.582110,-0.027712,0.373302,0.547048,-0.034887,0.324974,0.535836,-0.044379,0.324245,0.572548,-0.042658,0.335599,0.591113,-0.040438
1780386570.131,right,pinch,0.410434,0.719523,-0.000000,0.379669,0.633708,-0.003721,0.370442,0.558962,-0.014977,0.363718,0.505963,-0.027902,0.353479,0.461103,-0.038959,0.457577,0.513610,-0.006606,0.408052,0.453435,-0.023844,0.374728,0.434804,-0.036635,0.348747,0.424783,-0.045414,0.461543,0.524627,-0.014804,0.391234,0.481248,-0.033270,0.383327,0.535636,-0.037004,0.394971,0.565107,-0.038335,0.452634,0.542221,-0.024708,0.381525,0.504716,-0.040219,0.380251,0.559243,-0.033532,0.396597,0.583348,-0.028456,0.435131,0.563987,-0.035885,0.381082,0.534437,-0.049603,0.376499,0.573502,-0.046864,0.387322,0.595392,-0.042895
1780386570.660,right,pinch,0.554700,0.623848,-0.000000,0.526695,0.557547,-0.004488,0.508813,0.486356,-0.013993,0.498118,0.435715,-0.026924,0.492170,0.382827,-0.036972,0.578804,0.419434,0.006358,0.550617,0.376407,-0.010967,0.524314,0.363029,-0.021508,0.500647,0.360499,-0.027470,0.594324,0.424269,-0.001535,0.543775,0.409442,-0.018539,0.539270,0.472054,-0.018699,0.556134,0.485840,-0.015857,0.604906,0.438218,-0.013172,0.549044,0.432993,-0.027385,0.549012,0.488045,-0.016655,0.565728,0.497303,-0.008013,0.608321,0.460638,-0.026824,0.561034,0.449881,-0.036187,0.558818,0.490450,-0.029011,0.572214,0.503406,-0.021872
1780386571.192,right,pinch,0.593879,0.529894,-0.000000,0.567119,0.501129,-0.003281,0.544574,0.460918,-0.008313,0.530708,0.424822,-0.015967,0.526159,0.387763,-0.022068,0.570633,0.396702,0.009928,0.558580,0.372793,-0.001572,0.543833,0.368865,-0.007403,0.529606,0.373412,-0.010206,0.585284,0.391060,0.004956,0.559014,0.393545,-0.007481,0.563649,0.436045,-0.007328,0.574309,0.438385,-0.004297,0.599464,0.392202,-0.003163,0.570054,0.401905,-0.016559,0.575947,0.440823,-0.010447,0.586566,0.441651,-0.003640,0.612357,0.400595,-0.012266,0.583067,0.404316,-0.020816,0.585635,0.433607,-0.016915,0.596053,0.436724,-0.012189
1780386571.711,right,pinch,0.691616,0.565986,-0.000000,0.669019,0.544435,-0.005598,0.648077,0.510354,-0.009007,0.640842,0.474867,-0.013853,0.646128,0.444491,-0.016963,0.657068,0.464708,0.002934,0.648973,0.434583,-0.009873,0.651024,0.459706,-0.016656,0.656068,0.475192,-0.019113,0.672545,0.462766,0.000345,0.666823,0.441115,-0.011746,0.667031,0.475296,-0.013736,0.670810,0.486016,-0.012021,0.688940,0.466190,-0.004835,0.682570,0.446244,-0.017364,0.680638,0.480436,-0.013590,0.683576,0.493014,-0.007624,0.706439,0.473332,-0.010690,0.697698,0.455827,-0.017319,0.693095,0.480483,-0.013068,0.694409,0.493701,-0.007751
1780386572.212,right,pinch,0.735071,0.612230,-0.000000,0.717318,0.593812,-0.010549,0.702429,0.560346,-0.016061,0.704990,0.522062,-0.022237,0.716223,0.498197,-0.026361,0.698988,0.511750,0.000022,0.700577,0.476994,-0.015284,0.708217,0.487179,-0.023249,0.712632,0.494716,-0.026015,0.715586,0.511469,-0.000590,0.720490,0.498633,-0.016051,0.722408,0.533481,-0.018866,0.718549,0.535865,-0.016935,0.732211,0.514895,-0.004460,0.737227,0.505706,-0.020353,0.736051,0.540288,-0.017384,0.730991,0.541729,-0.011254,0.748312,0.521961,-0.009521,0.752067,0.513540,-0.018241,0.749406,0.540877,-0.014692,0.744510,0.547241,-0.009369
1780386572.738,right,pinch,0.759417,0.663411,-0.000000,0.743803,0.636429,-0.011660,0.735892,0.603958,-0.017738,0.745632,0.574148,-0.023439,0.757534,0.557591,-0.027025,0.730049,0.554971,-0.003486,0.739592,0.527489,-0.017339,0.746495,0.531781,-0.025392,0.750049,0.540350,-0.028613,0.747802,0.559340,-0.002566,0.757082,0.547045,-0.016936,0.754966,0.578868,-0.019677,0.751075,0.585458,-0.017675,0.764682,0.569371,-0.004436,0.772851,0.556858,-0.018841,0.767995,0.584784,-0.015880,0.762527,0.589976,-0.009577,0.780438,0.584620,-0.007547,0.787387,0.566496,-0.017353,0.783263,0.574549,-0.015276,0.777794,0.571292,-0.010471
1780386573.260,right,pinch,0.768961,0.676176,-0.000000,0.751960,0.659106,-0.014540,0.740352,0.625659,-0.022206,0.752527,0.595506,-0.028603,0.765822,0.574538,-0.032542,0.735932,0.561700,-0.008709,0.746833,0.547443,-0.023532,0.753887,0.555548,-0.030879,0.757965,0.558933,-0.034381,0.753633,0.558002,-0.007775,0.764528,0.564717,-0.023249,0.761726,0.603605,-0.025197,0.757199,0.604605,-0.023086,0.771360,0.565136,-0.009837,0.781581,0.573498,-0.025361,0.776111,0.607947,-0.021402,0.769989,0.606526,-0.015290,0.788078,0.579351,-0.013530,0.795606,0.582972,-0.024641,0.789767,0.607706,-0.022355,0.783451,0.608621,-0.017696
1780386573.784,right,pinch,0.765438,0.689477,-0.000000,0.748795,0.663525,-0.013421,0.740643,0.632340,-0.019538,0.754644,0.604917,-0.024519,0.767347,0.589024,-0.027094,0.735571,0.571036,-0.004509,0.745824,0.553587,-0.019000,0.753253,0.563842,-0.027822,0.756496,0.574541,-0.031980,0.753792,0.571675,-0.003427,0.763613,0.568428,-0.017661,0.763281,0.604251,-0.020983,0.759267,0.610466,-0.019913,0.771407,0.579814,-0.005419,0.780537,0.577322,-0.020126,0.776976,0.610856,-0.017449,0.770996,0.615930,-0.012018,0.787605,0.595024,-0.008915,0.795217,0.588681,-0.019643,0.790291,0.612607,-0.017504,0.783050,0.618195,-0.012927
1780386574.328,right,pinch,0.822405,0.725611,-0.000000,0.816700,0.701503,-0.018025,0.818641,0.663033,-0.024594,0.834491,0.637729,-0.027966,0.845835,0.623427,-0.028337,0.806588,0.605868,-0.011793,0.832557,0.602711,-0.025856,0.829596,0.635394,-0.033569,0.820953,0.647858,-0.037046,0.822669,0.614020,-0.007147,0.843752,0.614065,-0.021258,0.838427,0.648886,-0.024341,0.830317,0.655539,-0.023414,0.838501,0.628064,-0.005235,0.855135,0.627491,-0.019307,0.848611,0.660676,-0.016563,0.840712,0.665791,-0.011379,0.852302,0.645858,-0.004753,0.864504,0.640510,-0.013788,0.858456,0.664839,-0.011104,0.851350,0.670733,-0.006604
1780386574.866,right,pinch,0.780275,0.658464,-0.000000,0.760439,0.617491,-0.005662,0.750440,0.569481,-0.007774,0.755660,0.528963,-0.011734,0.767626,0.504386,-0.013796,0.768346,0.539931,0.008549,0.768568,0.502686,-0.003723,0.764634,0.528641,-0.010743,0.763170,0.546579,-0.012911,0.782796,0.546579,0.006779,0.784688,0.521141,-0.004267,0.778951,0.553232,-0.007188,0.778178,0.564233,-0.006108,0.797680,0.558007,0.002024,0.800265,0.533831,-0.009727,0.791510,0.563224,-0.007276,0.788447,0.577051,-0.002016,0.812830,0.573170,-0.003466,0.813481,0.550326,-0.008724,0.804467,0.567862,-0.004659,0.799956,0.580871,0.000588
1780386575.387,right,pinch,0.716657,0.639156,-0.000000,0.695786,0.616065,-0.007749,0.676986,0.575368,-0.012640,0.669564,0.536728,-0.018811,0.676281,0.504155,-0.022425,0.695569,0.525621,0.004160,0.683692,0.502290,-0.009432,0.683643,0.527724,-0.014267,0.689190,0.542412,-0.014897,0.709749,0.525671,0.002631,0.695110,0.519289,-0.011222,0.696954,0.559453,-0.010698,0.704877,0.560611,-0.006212,0.724172,0.530993,-0.002359,0.709348,0.532402,-0.016899,0.710164,0.568179,-0.011456,0.717625,0.567734,-0.003606,0.738733,0.540588,-0.008322,0.723530,0.538198,-0.015433,0.721700,0.562549,-0.011360,0.727839,0.564941,-0.005874
1780386575.923,right,pinch,0.682688,0.636088,-0.000000,0.661152,0.613640,-0.005415,0.642264,0.579382,-0.010546,0.632152,0.548217,-0.017391,0.634337,0.517071,-0.022469,0.661697,0.530276,0.004643,0.648894,0.508696,-0.007798,0.643264,0.513321,-0.012113,0.640904,0.515555,-0.013068,0.674387,0.527396,0.001845,0.656068,0.523499,-0.011568,0.660394,0.561311,-0.010298,0.669399,0.559372,-0.005619,0.687460,0.528964,-0.004062,0.667797,0.533018,-0.018235,0.672001,0.567915,-0.012132,0.680889,0.565618,-0.004306,0.700584,0.535170,-0.010812,0.680862,0.536265,-0.018749,0.681938,0.561604,-0.015093,0.689966,0.563190,-0.010180
1780386576.443,right,pinch,0.669377,0.646815,-0.000000,0.648356,0.623260,-0.004868,0.630179,0.587460,-0.009695,0.619484,0.557884,-0.015772,0.619027,0.529456,-0.020122,0.654102,0.532971,0.004291,0.641856,0.515099,-0.006242,0.630168,0.514774,-0.011181,0.620192,0.518405,-0.013588,0.666920,0.528974,0.001311,0.644334,0.530623,-0.010105,0.647504,0.567158,-0.009986,0.656402,0.569307,-0.007384,0.678536,0.532227,-0.004279,0.654061,0.541074,-0.015721,0.657878,0.573067,-0.010275,0.666352,0.572507,-0.004373,0.688398,0.542228,-0.010841,0.665657,0.547704,-0.017932,0.666795,0.570806,-0.014793,0.674202,0.572206,-0.010938
1780386576.996,right,pinch,0.624743,0.703973,-0.000000,0.602345,0.679424,-0.005380,0.584282,0.627028,-0.008296,0.578221,0.593493,-0.012112,0.582731,0.578962,-0.015010,0.621548,0.558868,-0.001336,0.600910,0.539824,-0.013117,0.582770,0.561271,-0.022534,0.573787,0.585113,-0.027796,0.636763,0.564357,-0.004739,0.616116,0.555347,-0.014273,0.604367,0.577855,-0.018576,0.602138,0.593702,-0.019984,0.647299,0.582336,-0.009976,0.623170,0.584703,-0.018562,0.614813,0.610686,-0.017642,0.616597,0.624850,-0.015669,0.653524,0.607491,-0.016378,0.631412,0.609791,-0.022502,0.621971,0.630375,-0.020583,0.621192,0.644227,-0.017493
1780387688.816,left,pinch,0.387442,0.733680,-0.000000,0.412505,0.705460,-0.003284,0.429886,0.666020,-0.007670,0.443286,0.641683,-0.013907,0.453925,0.620292,-0.019083,0.395237,0.597751,0.001430,0.425505,0.582682,-0.010813,0.442865,0.595656,-0.019530,0.453695,0.606380,-0.024348,0.385387,0.601634,-0.002649,0.423579,0.610314,-0.015379,0.420789,0.640899,-0.020186,0.410493,0.649396,-0.021509,0.380367,0.616328,-0.008341,0.417936,0.630448,-0.020026,0.413764,0.658992,-0.019589,0.404373,0.662731,-0.016953,0.378839,0.635332,-0.014722,0.409134,0.647504,-0.020704,0.407189,0.667331,-0.018838,0.399135,0.669932,-0.015815
1780387689.326,left,pinch,0.439184,0.675475,-0.000000,0.462198,0.647140,-0.000778,0.477555,0.611245,-0.003525,0.490000,0.587123,-0.008888,0.497890,0.560894,-0.013355,0.449336,0.557070,0.008066,0.470155,0.539749,-0.002297,0.485685,0.543938,-0.009577,0.497398,0.546303,-0.013474,0.439895,0.554390,0.003214,0.470766,0.559978,-0.008602,0.467908,0.593612,-0.012607,0.459294,0.599336,-0.012672,0.434296,0.560829,-0.003352,0.465452,0.571328,-0.015563,0.461103,0.603255,-0.014489,0.452529,0.605977,-0.010573,0.430873,0.571704,-0.010291,0.456954,0.580264,-0.016621,0.454474,0.601800,-0.013961,0.445840,0.605510,-0.009904
1780387689.837,left,pinch,0.447788,0.631513,0.000000,0.466393,0.609043,0.000765,0.480476,0.578566,-0.000035,0.492558,0.557330,-0.003502,0.496613,0.535229,-0.006493,0.462629,0.535155,0.010640,0.476616,0.521705,0.003029,0.487036,0.523815,-0.002103,0.495599,0.523878,-0.004593,0.454063,0.532802,0.006149,0.474617,0.533255,-0.003039,0.470849,0.561649,-0.005567,0.464435,0.564888,-0.004706,0.446472,0.534873,0.000058,0.468145,0.539383,-0.010716,0.463633,0.567070,-0.009002,0.456016,0.569635,-0.004648,0.438624,0.540477,-0.006140,0.459280,0.542193,-0.012244,0.457099,0.561703,-0.009309,0.449112,0.565666,-0.005050
1780387690.368,left,pinch,0.410069,0.621353,0.000000,0.428533,0.600116,-0.002226,0.442541,0.566951,-0.003940,0.453142,0.542655,-0.007473,0.455718,0.518178,-0.010257,0.422981,0.526483,0.008225,0.433215,0.511640,0.000509,0.443676,0.509689,-0.003388,0.452985,0.507788,-0.004749,0.413189,0.524588,0.005195,0.432712,0.521993,-0.003874,0.429635,0.553691,-0.004489,0.422751,0.554170,-0.001961,0.404604,0.527165,0.000109,0.424753,0.528392,-0.011672,0.421704,0.558362,-0.009064,0.413615,0.558613,-0.003875,0.395573,0.533338,-0.005243,0.414178,0.532495,-0.012319,0.413474,0.553679,-0.009268,0.405339,0.556975,-0.004818
1780387690.879,left,pinch,0.347850,0.678207,-0.000000,0.366275,0.653839,-0.004982,0.382379,0.615042,-0.008150,0.391111,0.583035,-0.012430,0.386333,0.558455,-0.015566,0.364109,0.562699,0.002965,0.375908,0.547064,-0.006599,0.379586,0.549678,-0.011055,0.378771,0.550846,-0.012419,0.350052,0.562207,0.000897,0.365945,0.561485,-0.008180,0.366385,0.595674,-0.008589,0.361709,0.596717,-0.006356,0.337409,0.569654,-0.003221,0.354139,0.576018,-0.014553,0.354132,0.607047,-0.011280,0.348509,0.608277,-0.006214,0.325271,0.582753,-0.007909,0.341104,0.588038,-0.014619,0.342242,0.609235,-0.011386,0.336212,0.612204,-0.007001
1780387691.401,left,pinch,0.326768,0.689977,-0.000000,0.343705,0.662102,-0.008632,0.356280,0.624312,-0.015697,0.363104,0.590114,-0.023737,0.357510,0.564233,-0.030291,0.337680,0.571303,-0.000048,0.348743,0.553856,-0.012485,0.353896,0.552790,-0.017508,0.354694,0.554282,-0.018589,0.322591,0.571775,-0.001365,0.339906,0.568797,-0.013507,0.339637,0.606624,-0.012762,0.332030,0.606083,-0.008412,0.310107,0.579156,-0.005427,0.328829,0.586288,-0.019642,0.328876,0.619668,-0.015389,0.320925,0.618632,-0.008642,0.298673,0.592386,-0.010404,0.315851,0.599724,-0.019229,0.317297,0.622384,-0.016028,0.309854,0.624180,-0.010937
1780387691.933,left,pinch,0.335766,0.676895,-0.000000,0.352575,0.654335,-0.008414,0.365576,0.614743,-0.014258,0.373630,0.581301,-0.020804,0.370784,0.555212,-0.025815,0.350135,0.563372,-0.000280,0.360083,0.545740,-0.011807,0.364760,0.543414,-0.016047,0.365461,0.543557,-0.016877,0.335217,0.562687,-0.001476,0.351574,0.559031,-0.013707,0.350502,0.596314,-0.013026,0.342967,0.594823,-0.008740,0.322720,0.569342,-0.005289,0.340160,0.575604,-0.019756,0.339537,0.608611,-0.015813,0.331399,0.605686,-0.009317,0.311153,0.581196,-0.009918,0.327479,0.588474,-0.019279,0.327990,0.611266,-0.016550,0.320001,0.611005,-0.011878
1780387692.452,left,pinch,0.335920,0.682550,-0.000000,0.352816,0.658440,-0.007617,0.366570,0.620334,-0.013516,0.374563,0.587332,-0.020636,0.369774,0.561800,-0.026152,0.348804,0.565280,0.000209,0.360097,0.544959,-0.012554,0.365383,0.549267,-0.017470,0.365523,0.555275,-0.018105,0.333627,0.565598,-0.001500,0.350782,0.564712,-0.013575,0.350176,0.603785,-0.013030,0.342779,0.603199,-0.008993,0.320728,0.573713,-0.005885,0.339074,0.581080,-0.019952,0.338429,0.615144,-0.015742,0.330701,0.614745,-0.009143,0.308519,0.587920,-0.011081,0.325406,0.593339,-0.019707,0.326183,0.616548,-0.016219,0.318794,0.619142,-0.010968
1780387692.975,left,pinch,0.328250,0.700635,-0.000000,0.346750,0.670695,-0.008518,0.359761,0.632493,-0.014962,0.365769,0.597877,-0.022486,0.358455,0.572842,-0.027779,0.338233,0.575544,0.000128,0.351553,0.556387,-0.013975,0.356192,0.575932,-0.019493,0.353804,0.587870,-0.020179,0.323222,0.576928,-0.001206,0.341865,0.577373,-0.013704,0.342734,0.618170,-0.013613,0.335171,0.617999,-0.009886,0.310472,0.585754,-0.005448,0.330710,0.595191,-0.019264,0.330855,0.629744,-0.015336,0.322694,0.630616,-0.008952,0.298464,0.600414,-0.010657,0.317315,0.609565,-0.018650,0.318697,0.633092,-0.015429,0.311141,0.636727,-0.010300
1780387693.523,left,pinch,0.326521,0.700646,-0.000000,0.345090,0.671602,-0.008401,0.358579,0.632798,-0.015136,0.366237,0.598287,-0.022998,0.360498,0.573418,-0.028618,0.336403,0.570975,-0.001184,0.351156,0.552161,-0.015047,0.356092,0.574131,-0.020152,0.353650,0.587791,-0.020672,0.320770,0.572958,-0.002891,0.341471,0.575923,-0.015077,0.342514,0.618284,-0.014866,0.334090,0.617599,-0.011206,0.308017,0.583401,-0.007313,0.329876,0.594634,-0.020750,0.330488,0.630345,-0.016663,0.321788,0.630692,-0.010381,0.296371,0.599889,-0.012687,0.315725,0.608285,-0.020471,0.317982,0.632571,-0.016838,0.310633,0.636772,-0.011468
1780387694.047,left,pinch,0.340251,0.684742,-0.000000,0.357729,0.658050,-0.006395,0.371332,0.618304,-0.012216,0.380003,0.585342,-0.019598,0.376337,0.559439,-0.025705,0.347732,0.563295,0.001194,0.360011,0.542943,-0.010728,0.368795,0.543896,-0.015636,0.373981,0.547664,-0.016635,0.333211,0.564523,-0.001169,0.354302,0.564876,-0.013137,0.354885,0.604572,-0.013144,0.347476,0.606154,-0.009510,0.321235,0.573485,-0.005933,0.343614,0.581517,-0.019903,0.343469,0.616379,-0.016312,0.335729,0.617275,-0.010065,0.310103,0.588233,-0.011367,0.330392,0.593098,-0.019701,0.331923,0.617166,-0.016247,0.324481,0.621745,-0.010989
1780387694.571,left,pinch,0.341171,0.718113,-0.000000,0.360763,0.694433,-0.006887,0.375797,0.656590,-0.012745,0.386413,0.627729,-0.020066,0.386443,0.605684,-0.025755,0.350370,0.589868,-0.000814,0.369543,0.571620,-0.014352,0.379495,0.592228,-0.021441,0.382191,0.607103,-0.023856,0.336529,0.590411,-0.003424,0.361449,0.600110,-0.016054,0.360542,0.640514,-0.018380,0.351427,0.645550,-0.016983,0.325115,0.601633,-0.008363,0.350059,0.616558,-0.021285,0.348791,0.652209,-0.018718,0.340789,0.655282,-0.013798,0.315201,0.619007,-0.014162,0.336542,0.629645,-0.021134,0.337747,0.654297,-0.017588,0.331281,0.659364,-0.012602
1780387695.094,left,pinch,0.369542,0.742442,-0.000000,0.391830,0.719114,-0.005022,0.409634,0.679887,-0.010766,0.421241,0.654539,-0.018114,0.427585,0.631845,-0.024189,0.375634,0.602954,-0.000937,0.402110,0.589381,-0.015201,0.417908,0.605075,-0.024391,0.427452,0.616286,-0.028484,0.362265,0.606128,-0.004630,0.398357,0.618460,-0.017761,0.396518,0.656648,-0.022277,0.386696,0.666958,-0.022784,0.352583,0.621685,-0.010069,0.388119,0.638777,-0.022538,0.385854,0.673195,-0.021158,0.377589,0.678030,-0.017153,0.345056,0.643333,-0.016231,0.374903,0.652011,-0.021923,0.375410,0.675991,-0.018118,0.368436,0.682810,-0.013024
1780387695.597,left,pinch,0.422812,0.682387,-0.000000,0.459497,0.649201,0.000317,0.479741,0.605973,-0.004033,0.496442,0.581779,-0.011654,0.511740,0.562148,-0.018241,0.438950,0.522933,0.006308,0.477590,0.511793,-0.007882,0.498607,0.526647,-0.018921,0.512094,0.539600,-0.025587,0.429609,0.523238,-0.001231,0.478909,0.540481,-0.016500,0.472256,0.580446,-0.021744,0.458362,0.589335,-0.022865,0.426299,0.537394,-0.010542,0.473996,0.560352,-0.023722,0.465393,0.595920,-0.022008,0.452222,0.599392,-0.018430,0.426816,0.558140,-0.020562,0.463860,0.577509,-0.027350,0.458151,0.602440,-0.024441,0.446714,0.604413,-0.020716
1780387696.116,left,pinch,0.441235,0.637558,-0.000000,0.475671,0.609595,0.000750,0.496570,0.566974,-0.002393,0.513035,0.541603,-0.008707,0.528079,0.521547,-0.014029,0.462465,0.485776,0.007634,0.496933,0.474307,-0.005690,0.518528,0.487678,-0.015759,0.533685,0.497914,-0.021579,0.452681,0.481827,0.000645,0.498043,0.502900,-0.013703,0.490640,0.541677,-0.017789,0.476105,0.547519,-0.018116,0.448051,0.492914,-0.008206,0.493408,0.520369,-0.022030,0.485498,0.557975,-0.019764,0.473038,0.561655,-0.015224,0.446941,0.511887,-0.017578,0.483619,0.532897,-0.024549,0.479187,0.559249,-0.021113,0.467896,0.562851,-0.016662
1780387696.630,left,pinch,0.347703,0.541047,-0.000000,0.376025,0.522557,-0.003585,0.403370,0.485269,-0.007034,0.423771,0.462131,-0.012799,0.431469,0.439449,-0.017319,0.388665,0.408515,0.004941,0.413281,0.400562,-0.007732,0.423015,0.411276,-0.014573,0.428182,0.416304,-0.017488,0.374039,0.397550,0.000458,0.400824,0.419888,-0.013159,0.390585,0.457664,-0.015724,0.381030,0.454393,-0.014183,0.359200,0.397797,-0.006296,0.385603,0.426962,-0.021264,0.375247,0.460883,-0.018659,0.365772,0.455211,-0.013155,0.344205,0.404934,-0.013645,0.368223,0.428114,-0.022160,0.362980,0.452434,-0.018660,0.353219,0.449675,-0.013451
1780387697.172,left,pinch,0.240373,0.478314,-0.000000,0.261216,0.452485,-0.006106,0.277826,0.411563,-0.008584,0.283342,0.373038,-0.012141,0.274016,0.343885,-0.013950,0.274938,0.370751,0.004210,0.282545,0.343583,-0.006442,0.280341,0.369683,-0.011905,0.276722,0.379860,-0.013727,0.259185,0.367012,0.002731,0.265389,0.348177,-0.007029,0.263456,0.385680,-0.008666,0.260390,0.388877,-0.007334,0.242191,0.369529,-0.001095,0.247681,0.352142,-0.012571,0.248236,0.387201,-0.008970,0.244989,0.392364,-0.003588,0.223340,0.373908,-0.005436,0.229558,0.359516,-0.011165,0.232808,0.380589,-0.006318,0.231147,0.385372,-0.000873
1780387697.681,left,pinch,0.242187,0.465683,-0.000000,0.262520,0.431704,-0.007401,0.275094,0.388613,-0.009570,0.280178,0.346027,-0.012642,0.274819,0.312900,-0.013308,0.264791,0.354086,0.009308,0.272290,0.331634,-0.001092,0.269951,0.361386,-0.006338,0.263545,0.364764,-0.008016,0.251405,0.353432,0.008921,0.258174,0.331884,-0.001503,0.257762,0.370583,-0.003663,0.253485,0.366617,-0.002161,0.237648,0.357625,0.005556,0.243621,0.338706,-0.007224,0.245729,0.373871,-0.004125,0.241335,0.373008,0.001501,0.222345,0.363119,0.001593,0.230705,0.348635,-0.004820,0.233036,0.371470,-0.000248,0.228517,0.374950,0.005294
1780387698.201,left,pinch,0.190581,0.469165,-0.000000,0.207629,0.428293,-0.013070,0.211248,0.387089,-0.019019,0.196347,0.361874,-0.025005,0.179530,0.355269,-0.028639,0.213758,0.337966,-0.002310,0.204427,0.301759,-0.017844,0.199760,0.324664,-0.027527,0.200184,0.345513,-0.031719,0.195765,0.343292,-0.001870,0.183628,0.326519,-0.018092,0.186290,0.360405,-0.023561,0.193886,0.374711,-0.023558,0.179051,0.354468,-0.004813,0.169811,0.344603,-0.020770,0.175099,0.373235,-0.021409,0.182845,0.382938,-0.017502,0.164360,0.369999,-0.009136,0.160376,0.362383,-0.017349,0.165105,0.380881,-0.015647,0.170897,0.389597,-0.011683
1780387698.756,left,pinch,0.218002,0.355648,-0.000000,0.202328,0.363233,-0.024671,0.181823,0.348273,-0.036081,0.159710,0.336042,-0.041704,0.141590,0.326286,-0.044987,0.214402,0.267654,-0.031951,0.180149,0.268313,-0.042177,0.159469,0.283170,-0.048090,0.147404,0.292994,-0.052155,0.211827,0.251309,-0.022609,0.177236,0.272653,-0.032532,0.176952,0.301752,-0.033794,0.185544,0.311685,-0.034587,0.206367,0.247456,-0.014661,0.175293,0.271157,-0.022535,0.176612,0.297713,-0.019908,0.183599,0.305483,-0.018279,0.201794,0.250740,-0.009042,0.180387,0.265508,-0.017580,0.180068,0.288599,-0.017447,0.184279,0.300367,-0.015785
1780387699.356,left,pinch,0.315324,0.322429,-0.000000,0.304178,0.330977,-0.023357,0.286702,0.319929,-0.033828,0.266129,0.308883,-0.039499,0.250635,0.293969,-0.042871,0.314690,0.241910,-0.025204,0.286720,0.243239,-0.037665,0.268628,0.260363,-0.046643,0.256348,0.272377,-0.052356,0.308347,0.230010,-0.016983,0.281285,0.247596,-0.029363,0.284353,0.275234,-0.033381,0.293559,0.285030,-0.035060,0.300191,0.228334,-0.010666,0.275778,0.249961,-0.020713,0.280208,0.274159,-0.019209,0.287936,0.282979,-0.017174,0.292777,0.234452,-0.006606,0.274959,0.250786,-0.016426,0.277655,0.270950,-0.016726,0.283591,0.281723,-0.014698
1780387699.865,left,pinch,0.350454,0.322648,-0.000000,0.333251,0.328653,-0.024909,0.311192,0.316523,-0.035486,0.290274,0.303613,-0.040122,0.275850,0.287114,-0.042275,0.341306,0.239426,-0.030390,0.308528,0.237515,-0.039168,0.289634,0.254145,-0.043703,0.276502,0.268921,-0.046084,0.340652,0.225104,-0.019216,0.307593,0.243639,-0.029103,0.307676,0.271672,-0.031246,0.314262,0.285986,-0.031680,0.336223,0.220824,-0.009200,0.307072,0.243630,-0.017401,0.310254,0.268132,-0.017267,0.316459,0.280593,-0.016204,0.331683,0.223473,-0.001201,0.311573,0.240715,-0.009998,0.312799,0.262381,-0.011698,0.316877,0.276245,-0.010697
1780387700.412,left,pinch,0.345737,0.331831,-0.000000,0.333321,0.337199,-0.026227,0.310714,0.323109,-0.036270,0.287203,0.313162,-0.039860,0.270013,0.301264,-0.041087,0.336294,0.247119,-0.030020,0.305228,0.245776,-0.038882,0.285916,0.262447,-0.044661,0.271919,0.276792,-0.048112,0.333165,0.237471,-0.017856,0.304739,0.259073,-0.026452,0.306676,0.284017,-0.028494,0.314121,0.296015,-0.029193,0.326904,0.237327,-0.007208,0.301461,0.262038,-0.014702,0.305837,0.284506,-0.014768,0.312333,0.294666,-0.014052,0.321180,0.242965,0.001233,0.302851,0.262359,-0.007595,0.305258,0.282397,-0.009567,0.309992,0.294993,-0.008894
1780387700.959,left,pinch,0.340160,0.338767,-0.000000,0.328671,0.343939,-0.025871,0.307363,0.331165,-0.035976,0.284586,0.321546,-0.039959,0.268205,0.309619,-0.041743,0.331732,0.257295,-0.027943,0.302844,0.256724,-0.038380,0.284411,0.272097,-0.045507,0.271782,0.285169,-0.049499,0.327371,0.248414,-0.016711,0.299686,0.264843,-0.027150,0.299387,0.292049,-0.030272,0.305399,0.305759,-0.030934,0.320095,0.248144,-0.007280,0.295369,0.265707,-0.017086,0.298179,0.290297,-0.017885,0.303962,0.302239,-0.016695,0.313817,0.253617,0.000169,0.296052,0.266391,-0.009722,0.297841,0.287032,-0.011491,0.302346,0.300645,-0.010166
1780387701.519,left,pinch,0.315496,0.346706,-0.000000,0.305459,0.346955,-0.021617,0.290590,0.327796,-0.031006,0.272385,0.313998,-0.036086,0.257766,0.297823,-0.038261,0.320139,0.256223,-0.019051,0.289195,0.257157,-0.032304,0.275158,0.269916,-0.040078,0.267355,0.270073,-0.044287,0.314035,0.248522,-0.012007,0.282255,0.266066,-0.026801,0.285069,0.296527,-0.029537,0.294002,0.299646,-0.028650,0.305509,0.249554,-0.007488,0.276950,0.270617,-0.020534,0.281793,0.298348,-0.018132,0.290183,0.298639,-0.013992,0.297459,0.256713,-0.005020,0.277311,0.273923,-0.015557,0.280488,0.296798,-0.015446,0.287789,0.302348,-0.012382
1780387702.024,left,pinch,0.285738,0.419144,-0.000000,0.276159,0.411914,-0.018644,0.265161,0.391396,-0.027280,0.251366,0.373654,-0.032794,0.240175,0.355927,-0.036971,0.294800,0.326969,-0.013754,0.270027,0.315707,-0.024746,0.253309,0.323123,-0.033978,0.242679,0.330431,-0.039090,0.291732,0.323285,-0.007664,0.268235,0.309881,-0.019453,0.253075,0.324890,-0.026794,0.244012,0.337736,-0.029478,0.286118,0.324864,-0.003413,0.264164,0.316708,-0.013899,0.253986,0.333422,-0.017555,0.249374,0.345826,-0.017296,0.280534,0.331551,-0.000651,0.263037,0.325864,-0.009477,0.255080,0.337703,-0.011934,0.251706,0.347910,-0.010859
1780387702.534,left,pinch,0.246665,0.468712,-0.000000,0.253150,0.468358,-0.021452,0.253726,0.454390,-0.032394,0.244848,0.437374,-0.040007,0.237760,0.417163,-0.045969,0.273693,0.387594,-0.018979,0.257890,0.372288,-0.032343,0.245252,0.382388,-0.041488,0.239601,0.394611,-0.046563,0.260388,0.378094,-0.013153,0.244132,0.365591,-0.027240,0.236333,0.386634,-0.033263,0.236432,0.403630,-0.034561,0.246837,0.378272,-0.009698,0.230645,0.373047,-0.021967,0.227762,0.394255,-0.023364,0.230918,0.408340,-0.021483,0.235416,0.385965,-0.008181,0.223160,0.384495,-0.018666,0.222448,0.400468,-0.020626,0.226976,0.411455,-0.019141
1780387703.060,left,pinch,0.234273,0.526059,-0.000000,0.248554,0.513959,-0.015497,0.257811,0.487069,-0.022864,0.249554,0.460437,-0.028520,0.241573,0.437010,-0.031299,0.270432,0.426404,-0.008434,0.256755,0.410292,-0.022861,0.245386,0.429279,-0.029723,0.241091,0.440121,-0.032201,0.253573,0.417701,-0.005294,0.237344,0.425228,-0.019080,0.236429,0.461245,-0.020490,0.243055,0.463387,-0.018215,0.237098,0.418571,-0.005207,0.222538,0.431593,-0.019190,0.224788,0.462642,-0.016438,0.231928,0.461740,-0.011375,0.221917,0.424279,-0.006647,0.213613,0.433505,-0.015445,0.215496,0.457635,-0.013581,0.220961,0.459218,-0.009515
1780387703.566,left,pinch,0.298276,0.654292,-0.000000,0.317090,0.633231,-0.007173,0.331633,0.596387,-0.011473,0.333912,0.565782,-0.015882,0.324730,0.546876,-0.018381,0.312386,0.534894,-0.003242,0.320192,0.519095,-0.014733,0.326077,0.553384,-0.020459,0.325434,0.571535,-0.022487,0.296539,0.534608,-0.004551,0.306242,0.534908,-0.014502,0.311182,0.574645,-0.016220,0.307743,0.584042,-0.015496,0.281395,0.545386,-0.007727,0.293124,0.551049,-0.018622,0.298798,0.586568,-0.015427,0.296005,0.594720,-0.011010,0.267369,0.563340,-0.011586,0.279451,0.567766,-0.018275,0.284992,0.592348,-0.014677,0.282215,0.600019,-0.010159
1780387704.074,left,pinch,0.276596,0.701705,-0.000000,0.294821,0.685231,-0.012226,0.310983,0.646172,-0.018881,0.311129,0.618735,-0.024907,0.296897,0.610776,-0.029247,0.291038,0.587285,-0.007967,0.289661,0.557718,-0.023650,0.295272,0.590296,-0.032542,0.298909,0.616927,-0.035565,0.272653,0.594471,-0.007434,0.268646,0.568217,-0.021876,0.275984,0.610017,-0.024902,0.280556,0.632625,-0.023503,0.255287,0.609097,-0.009431,0.252295,0.585981,-0.023646,0.261695,0.622694,-0.019712,0.266958,0.643763,-0.013354,0.238577,0.629915,-0.012466,0.239541,0.609214,-0.021401,0.248461,0.633767,-0.017021,0.253779,0.650792,-0.011111
1780387704.591,left,pinch,0.195977,0.677809,-0.000000,0.203855,0.653064,-0.019487,0.202044,0.630091,-0.030501,0.187440,0.621652,-0.038947,0.172812,0.617486,-0.045130,0.194758,0.550818,-0.013102,0.174863,0.557100,-0.029063,0.168272,0.584270,-0.040241,0.168555,0.602319,-0.045991,0.177702,0.558038,-0.009067,0.159115,0.571635,-0.026914,0.166231,0.606134,-0.033580,0.175816,0.621772,-0.033375,0.163076,0.573921,-0.007832,0.150543,0.594066,-0.023487,0.160818,0.619418,-0.024039,0.170411,0.626700,-0.019762,0.152996,0.594266,-0.008498,0.147740,0.611017,-0.019491,0.156650,0.629293,-0.019773,0.164908,0.633548,-0.016049
1780387705.363,left,pinch,0.199475,0.737605,-0.000000,0.184546,0.759636,-0.019963,0.162436,0.765323,-0.029776,0.143309,0.770950,-0.035712,0.127846,0.771496,-0.039860,0.159327,0.675035,-0.021388,0.138438,0.716619,-0.035071,0.133375,0.743200,-0.044181,0.128593,0.754028,-0.049383,0.159979,0.661099,-0.015496,0.139557,0.712408,-0.029183,0.147818,0.735520,-0.032361,0.154055,0.736542,-0.032601,0.160465,0.658914,-0.011672,0.141543,0.709362,-0.022757,0.150738,0.728928,-0.020728,0.156398,0.728691,-0.017601,0.162017,0.663400,-0.009837,0.147790,0.704713,-0.018394,0.152804,0.722804,-0.018109,0.156839,0.726499,-0.015494
1780387705.893,left,pinch,0.208387,0.752105,-0.000000,0.196384,0.780998,-0.023545,0.172912,0.794769,-0.031169,0.153737,0.803728,-0.032653,0.137826,0.805059,-0.032079,0.161572,0.713264,-0.026976,0.140931,0.753898,-0.037039,0.132338,0.786245,-0.043427,0.126885,0.809662,-0.046487,0.160422,0.698899,-0.016302,0.145024,0.752539,-0.023488,0.152826,0.774848,-0.023625,0.160359,0.780894,-0.022794,0.159232,0.699254,-0.007403,0.144990,0.753924,-0.014596,0.155160,0.770632,-0.012535,0.162103,0.772519,-0.009799,0.159981,0.706668,-0.000468,0.149219,0.752506,-0.007189,0.155803,0.767208,-0.006366,0.161488,0.773457,-0.003547
1780387706.438,left,pinch,0.225588,0.726898,-0.000000,0.213500,0.757720,-0.021080,0.188060,0.780699,-0.029850,0.165105,0.798255,-0.033129,0.148259,0.805464,-0.034454,0.178997,0.698683,-0.028472,0.151891,0.741985,-0.035670,0.143588,0.773382,-0.038695,0.139602,0.797316,-0.040207,0.174866,0.680772,-0.018304,0.156664,0.736039,-0.026579,0.165518,0.756386,-0.027362,0.173988,0.760977,-0.027254,0.172078,0.678026,-0.008700,0.157256,0.730150,-0.016400,0.166549,0.745127,-0.015528,0.174833,0.747841,-0.014058,0.171047,0.682669,-0.000445,0.161209,0.723709,-0.008945,0.168296,0.739697,-0.010233,0.174663,0.744746,-0.009210
1780387706.952,left,pinch,0.264551,0.626337,-0.000000,0.251969,0.653955,-0.020313,0.229042,0.662407,-0.029100,0.210316,0.664130,-0.034306,0.197053,0.660346,-0.037169,0.221604,0.584551,-0.018302,0.209096,0.611103,-0.034104,0.219629,0.619818,-0.044143,0.228531,0.613182,-0.049211,0.221516,0.572205,-0.012474,0.208125,0.602937,-0.027723,0.219872,0.618961,-0.032446,0.228657,0.612781,-0.033162,0.221605,0.569258,-0.009171,0.208288,0.599035,-0.022876,0.218819,0.617065,-0.021378,0.227573,0.614906,-0.017428,0.221840,0.573105,-0.007791,0.210505,0.597326,-0.018031,0.217350,0.612868,-0.017497,0.225296,0.612230,-0.014030
1780387707.452,left,pinch,0.272902,0.578934,-0.000000,0.265701,0.589214,-0.027317,0.249783,0.586270,-0.042035,0.227587,0.580773,-0.051105,0.209238,0.571394,-0.058291,0.270455,0.498865,-0.034874,0.237841,0.516059,-0.050234,0.220380,0.537960,-0.060164,0.210052,0.552396,-0.066130,0.259901,0.483465,-0.025404,0.229693,0.509562,-0.040891,0.226705,0.540956,-0.046001,0.230822,0.555731,-0.048146,0.248860,0.481919,-0.017578,0.223455,0.504412,-0.030225,0.220287,0.535053,-0.030066,0.222281,0.552379,-0.028506,0.239905,0.489064,-0.011971,0.223558,0.508654,-0.023311,0.219958,0.531146,-0.025036,0.220956,0.546704,-0.023775
1780387707.966,left,pinch,0.314123,0.590416,-0.000000,0.329229,0.593482,-0.015699,0.341163,0.589149,-0.026433,0.334027,0.581294,-0.035211,0.324627,0.574562,-0.041983,0.355162,0.506288,-0.018111,0.338140,0.513347,-0.034313,0.325352,0.545645,-0.043537,0.322203,0.564266,-0.047898,0.336573,0.490314,-0.016290,0.319392,0.511555,-0.031122,0.314537,0.545572,-0.034597,0.317564,0.556956,-0.034529,0.317933,0.487063,-0.016487,0.303650,0.509564,-0.029178,0.302718,0.538765,-0.027007,0.307059,0.547406,-0.023219,0.301210,0.493153,-0.018251,0.291045,0.512069,-0.026462,0.292220,0.536441,-0.024380,0.297635,0.543564,-0.020413
1780387708.498,left,pinch,0.400246,0.625020,-0.000000,0.423305,0.624398,-0.008355,0.446359,0.609596,-0.015853,0.459537,0.593695,-0.023475,0.454092,0.577491,-0.029229,0.447063,0.503815,-0.006856,0.456868,0.524003,-0.020299,0.454803,0.557140,-0.028002,0.452334,0.568188,-0.031394,0.429568,0.492135,-0.008743,0.438949,0.539357,-0.018091,0.431942,0.572683,-0.020209,0.426966,0.567128,-0.020528,0.411149,0.496247,-0.012386,0.421180,0.545280,-0.021046,0.416528,0.572095,-0.018375,0.412078,0.566002,-0.015404,0.393058,0.509247,-0.017210,0.403580,0.546626,-0.021320,0.401654,0.568652,-0.017642,0.397320,0.566133,-0.013485
1780387709.021,left,pinch,0.439808,0.692043,-0.000000,0.466157,0.693676,-0.007073,0.490521,0.678025,-0.015093,0.508003,0.670049,-0.024389,0.521059,0.665323,-0.031601,0.489580,0.571573,-0.004124,0.512276,0.591224,-0.022005,0.518753,0.628024,-0.032891,0.522391,0.652812,-0.037394,0.474562,0.562446,-0.007731,0.498129,0.619828,-0.022188,0.483745,0.647277,-0.025048,0.474193,0.638600,-0.024582,0.459348,0.570865,-0.013796,0.482289,0.628664,-0.026099,0.470438,0.649407,-0.022570,0.464242,0.639443,-0.017770,0.445165,0.587409,-0.021216,0.465538,0.631672,-0.026677,0.457549,0.647596,-0.022489,0.450604,0.640973,-0.017365
1780387709.554,left,pinch,0.495063,0.735794,0.000000,0.532620,0.735120,-0.002562,0.561339,0.716395,-0.007848,0.581369,0.710049,-0.015369,0.600591,0.703220,-0.021388,0.547703,0.611151,0.001787,0.583390,0.635516,-0.012984,0.596975,0.669746,-0.023907,0.604969,0.694638,-0.030215,0.538203,0.604373,-0.003899,0.573771,0.659770,-0.019247,0.558636,0.683998,-0.025323,0.544683,0.678273,-0.027427,0.530191,0.615563,-0.011317,0.562030,0.672974,-0.023689,0.546279,0.692607,-0.022709,0.534564,0.682950,-0.020166,0.523748,0.635168,-0.019671,0.547620,0.681731,-0.026053,0.537125,0.696290,-0.023945,0.527360,0.687576,-0.020981
1780387710.062,left,pinch,0.566628,0.716152,0.000000,0.604059,0.713532,0.000745,0.630908,0.691740,-0.002773,0.652385,0.682607,-0.009970,0.671908,0.674716,-0.016218,0.612781,0.598049,0.011124,0.646850,0.611177,-0.001624,0.665109,0.636462,-0.012165,0.675888,0.657624,-0.018135,0.607499,0.590528,0.003899,0.644234,0.635017,-0.011346,0.630148,0.660975,-0.017469,0.613684,0.657651,-0.018241,0.604134,0.598074,-0.005202,0.638164,0.645593,-0.018198,0.622567,0.670162,-0.017126,0.608365,0.665568,-0.012943,0.601925,0.613786,-0.014945,0.627398,0.654141,-0.021097,0.616979,0.670804,-0.018074,0.605721,0.666201,-0.013597
1780387710.601,left,pinch,0.588293,0.715276,0.000000,0.619480,0.708659,-0.001863,0.641559,0.685981,-0.007238,0.661653,0.671025,-0.014633,0.680421,0.657231,-0.020743,0.614874,0.592451,0.004960,0.651939,0.602561,-0.007574,0.672363,0.624091,-0.017963,0.685024,0.643796,-0.024354,0.614587,0.585831,-0.000507,0.655787,0.617925,-0.015392,0.648315,0.651653,-0.021651,0.634086,0.659686,-0.022951,0.617329,0.593849,-0.007496,0.655954,0.634571,-0.020220,0.646139,0.663651,-0.020031,0.632749,0.663414,-0.016966,0.622316,0.609765,-0.015077,0.651018,0.648585,-0.021440,0.643044,0.669807,-0.019740,0.631493,0.667432,-0.016637
1780387711.120,left,pinch,0.587260,0.747804,0.000000,0.601756,0.701364,0.003562,0.623359,0.678308,-0.001038,0.648227,0.688968,-0.008144,0.667845,0.707632,-0.014707,0.620944,0.632385,-0.000513,0.657909,0.657689,-0.009205,0.672894,0.682863,-0.015809,0.680854,0.703909,-0.020085,0.627391,0.644083,-0.007708,0.659668,0.685192,-0.016797,0.652515,0.710502,-0.020693,0.640652,0.719931,-0.022130,0.633810,0.666161,-0.014850,0.662541,0.707755,-0.020744,0.651625,0.729278,-0.018857,0.639613,0.732858,-0.016426,0.640495,0.693020,-0.022209,0.658902,0.727092,-0.023418,0.649919,0.744353,-0.019597,0.641064,0.747949,-0.015903
1780387711.660,left,pinch,0.603547,0.775458,0.000000,0.618104,0.726086,0.006362,0.635959,0.705795,0.003022,0.655893,0.715044,-0.003177,0.670611,0.732704,-0.008993,0.641447,0.671060,0.001250,0.674499,0.701661,-0.005083,0.687888,0.726741,-0.010506,0.694559,0.747247,-0.014371,0.649718,0.684085,-0.006568,0.674076,0.724179,-0.012513,0.668792,0.746470,-0.015951,0.658937,0.757589,-0.017793,0.656611,0.707595,-0.013829,0.677425,0.747555,-0.017039,0.668029,0.765822,-0.014915,0.657223,0.770693,-0.013052,0.663023,0.736345,-0.021075,0.676550,0.769290,-0.020900,0.668335,0.783058,-0.016874,0.659588,0.787377,-0.013234
1780387712.169,left,pinch,0.643778,0.728146,0.000000,0.645820,0.683757,0.002882,0.654333,0.656913,0.000328,0.668562,0.651670,-0.003415,0.679675,0.660730,-0.006372,0.655891,0.623845,-0.001360,0.679862,0.636703,-0.004875,0.687015,0.653292,-0.006736,0.687472,0.666556,-0.008069,0.668678,0.634554,-0.006000,0.690024,0.649382,-0.008074,0.694555,0.666056,-0.009170,0.693398,0.679174,-0.009887,0.681135,0.653196,-0.010285,0.699206,0.670043,-0.011418,0.700354,0.684442,-0.010369,0.697828,0.693584,-0.009814,0.693237,0.677729,-0.014581,0.704367,0.696069,-0.014635,0.702951,0.706306,-0.012585,0.699673,0.711255,-0.010583
1780387712.719,left,pinch,0.711968,0.763625,0.000000,0.723985,0.759818,0.002884,0.738881,0.760995,-0.001085,0.756764,0.774960,-0.007400,0.772969,0.782892,-0.012955,0.734641,0.697603,0.003606,0.754505,0.727232,-0.002795,0.763674,0.751858,-0.009612,0.768027,0.768857,-0.014904,0.742671,0.692697,-0.002878,0.759238,0.722593,-0.008783,0.762258,0.749194,-0.014301,0.760885,0.767350,-0.018415,0.751488,0.698997,-0.009541,0.769359,0.735476,-0.014630,0.767107,0.761755,-0.014390,0.762234,0.774626,-0.014247,0.761698,0.713836,-0.016512,0.775312,0.750479,-0.019761,0.774212,0.769208,-0.018314,0.771167,0.777659,-0.016945
1780387713.224,left,pinch,0.757580,0.767349,0.000000,0.769881,0.789306,0.002582,0.783653,0.804507,-0.000127,0.797187,0.826278,-0.005469,0.810952,0.837097,-0.010107,0.787330,0.732213,0.009175,0.803164,0.771408,0.002435,0.809976,0.799863,-0.005363,0.812776,0.819134,-0.010636,0.793707,0.723212,0.003589,0.808432,0.772947,-0.003464,0.803225,0.788765,-0.010599,0.794567,0.790745,-0.014936,0.800076,0.723957,-0.002620,0.815149,0.776041,-0.008783,0.804687,0.790440,-0.010676,0.794874,0.787669,-0.010771,0.807055,0.730620,-0.008990,0.818022,0.777461,-0.010658,0.810442,0.786325,-0.009224,0.802804,0.781430,-0.007652
1780387713.768,left,pinch,0.791794,0.789125,0.000000,0.802359,0.817592,0.001865,0.814258,0.836064,0.001770,0.825693,0.850614,-0.001020,0.837632,0.858389,-0.003409,0.823993,0.785886,0.014732,0.830548,0.808397,0.011426,0.834903,0.827964,0.006581,0.836095,0.842333,0.003579,0.827942,0.777284,0.010626,0.836131,0.805030,0.006332,0.833017,0.822190,0.001519,0.826811,0.828221,-0.000717,0.832294,0.768653,0.005303,0.838958,0.798846,0.000405,0.829072,0.809125,-0.000946,0.819117,0.806888,-0.000126,0.836131,0.759915,-0.000296,0.841970,0.789893,-0.001663,0.834454,0.798616,-0.000066,0.825580,0.796564,0.001981
1780387714.317,left,pinch,0.778285,0.703344,-0.000000,0.785173,0.725537,0.004680,0.796747,0.739210,0.005494,0.806893,0.750877,0.003854,0.816768,0.754605,0.002897,0.801666,0.679751,0.012970,0.809882,0.710493,0.011279,0.807650,0.725616,0.008196,0.804327,0.729380,0.005673,0.808678,0.667535,0.008147,0.818580,0.707445,0.006178,0.813381,0.720865,0.002865,0.807186,0.719367,0.000429,0.815403,0.663434,0.002711,0.825353,0.705751,0.000924,0.817538,0.715478,-0.000712,0.811070,0.709776,-0.002023,0.822430,0.663715,-0.002725,0.826306,0.705485,-0.002255,0.819327,0.712134,-0.002500,0.813778,0.705404,-0.003147
1780387714.864,left,pinch,0.741284,0.678168,-0.000000,0.751827,0.668650,0.008182,0.765585,0.667833,0.008094,0.778026,0.683115,0.004498,0.788084,0.696472,0.000955,0.769835,0.630462,0.011067,0.787444,0.669956,0.005537,0.794145,0.699976,-0.001039,0.796765,0.720577,-0.005849,0.780198,0.628166,0.003230,0.791282,0.674984,-0.002202,0.785110,0.690822,-0.008086,0.776026,0.695891,-0.012033,0.788767,0.635104,-0.004587,0.797930,0.685737,-0.008261,0.787028,0.700525,-0.008761,0.776637,0.699915,-0.008841,0.796309,0.648390,-0.012311,0.802706,0.691809,-0.012872,0.795447,0.700891,-0.011235,0.787953,0.696875,-0.009997
1780387715.405,left,pinch,0.779509,0.765538,0.000000,0.803263,0.808625,0.001506,0.830798,0.822647,-0.001467,0.850012,0.843395,-0.007741,0.867397,0.863457,-0.013514,0.857617,0.741400,0.008851,0.877573,0.797013,-0.003196,0.886280,0.838504,-0.013333,0.892509,0.870803,-0.020168,0.857363,0.729548,0.000835,0.872482,0.802837,-0.015306,0.849839,0.810205,-0.020690,0.838001,0.794868,-0.020853,0.853146,0.729587,-0.008619,0.864040,0.804731,-0.022660,0.842272,0.808048,-0.020008,0.833092,0.789865,-0.014704,0.846381,0.737279,-0.018585,0.853400,0.797683,-0.026119,0.838125,0.799578,-0.022360,0.830334,0.782326,-0.017374
1780387715.919,left,pinch,0.845308,0.764756,0.000000,0.872401,0.809431,0.000160,0.904172,0.828356,-0.003139,0.925464,0.849301,-0.009645,0.944824,0.864284,-0.015456,0.933781,0.741931,0.009357,0.952532,0.804040,-0.001778,0.959015,0.843874,-0.011045,0.965491,0.875021,-0.017518,0.933209,0.726991,0.001911,0.943682,0.805730,-0.012518,0.919809,0.806540,-0.017890,0.911331,0.787359,-0.018644,0.926712,0.724859,-0.007095,0.934408,0.803487,-0.020560,0.911577,0.800861,-0.018487,0.905422,0.779893,-0.014014,0.917334,0.730433,-0.016659,0.922771,0.792819,-0.024357,0.906591,0.793065,-0.020815,0.900107,0.774914,-0.016043
1780387716.462,left,pinch,0.862745,0.806098,0.000000,0.891044,0.853890,0.001792,0.925282,0.875530,-0.001161,0.947535,0.894977,-0.007428,0.966785,0.910569,-0.013141,0.959665,0.792320,0.008450,0.981438,0.853780,-0.004363,0.990928,0.895650,-0.014459,0.999719,0.926705,-0.021252,0.958143,0.772415,-0.000553,0.973232,0.854083,-0.015713,0.946516,0.858529,-0.020451,0.936709,0.837343,-0.020701,0.950179,0.765624,-0.011025,0.958059,0.848789,-0.025466,0.932729,0.850077,-0.021972,0.926203,0.827337,-0.016429,0.937981,0.767375,-0.021864,0.944390,0.830667,-0.028904,0.927511,0.836290,-0.023333,0.920315,0.817915,-0.017421
1780387717.006,left,pinch,0.773865,0.681242,-0.000000,0.807660,0.714654,-0.007190,0.849864,0.727403,-0.015453,0.880425,0.746916,-0.025852,0.906752,0.759189,-0.035008,0.876606,0.617733,-0.001747,0.904370,0.662597,-0.019713,0.907727,0.700112,-0.031526,0.909699,0.727352,-0.038372,0.867557,0.590857,-0.007586,0.883562,0.669334,-0.026957,0.854532,0.683669,-0.032274,0.843207,0.665729,-0.032730,0.852608,0.581268,-0.016039,0.862739,0.665135,-0.033892,0.836613,0.674424,-0.030830,0.829591,0.654051,-0.025450,0.835214,0.582581,-0.025721,0.844413,0.646536,-0.035074,0.827263,0.654666,-0.030850,0.820365,0.636126,-0.025647
1780387717.524,left,pinch,0.709603,0.523513,-0.000000,0.743927,0.544590,-0.007633,0.779502,0.543148,-0.015889,0.804969,0.540684,-0.026163,0.827180,0.536575,-0.034791,0.805678,0.446774,-0.002755,0.833878,0.471931,-0.021408,0.839668,0.500867,-0.032406,0.839401,0.522305,-0.037333,0.794285,0.418394,-0.007336,0.810614,0.479528,-0.026585,0.785635,0.503724,-0.031272,0.772603,0.492040,-0.030259,0.777239,0.406438,-0.014443,0.788654,0.473930,-0.033202,0.766789,0.494322,-0.030621,0.758112,0.479036,-0.024445,0.757592,0.403794,-0.022528,0.766486,0.458489,-0.033396,0.753378,0.475038,-0.029765,0.746278,0.460353,-0.023785
1780387718.065,left,pinch,0.768484,0.471462,-0.000000,0.803089,0.487045,-0.004718,0.845075,0.480010,-0.009678,0.874941,0.473185,-0.017058,0.896153,0.460536,-0.023703,0.858136,0.387688,0.003761,0.880830,0.406521,-0.009914,0.892462,0.424030,-0.017922,0.903474,0.438289,-0.022071,0.846547,0.359890,-0.001336,0.863423,0.410833,-0.017331,0.836635,0.435573,-0.019546,0.825456,0.424807,-0.016880,0.830179,0.346947,-0.008799,0.844154,0.407165,-0.026538,0.819940,0.428921,-0.022291,0.811433,0.416231,-0.014872,0.811466,0.341678,-0.016954,0.825178,0.389669,-0.027024,0.810720,0.408238,-0.022205,0.802337,0.397363,-0.015581
1780387718.580,left,pinch,0.799309,0.429129,0.000000,0.834144,0.445364,-0.008386,0.876734,0.432356,-0.014211,0.909770,0.419771,-0.021886,0.934723,0.402480,-0.028557,0.893694,0.351661,0.002792,0.916344,0.354241,-0.011426,0.929605,0.368336,-0.018712,0.940277,0.382357,-0.022405,0.880953,0.321136,-0.000633,0.899703,0.355751,-0.015594,0.874072,0.388190,-0.015603,0.865485,0.380486,-0.011999,0.863771,0.304012,-0.007347,0.879206,0.349109,-0.026256,0.856460,0.378166,-0.020020,0.848150,0.366842,-0.011587,0.843763,0.294414,-0.015047,0.857468,0.332984,-0.027514,0.844037,0.356037,-0.022622,0.836172,0.343662,-0.016085
1780387719.102,left,pinch,0.806336,0.327246,-0.000000,0.842019,0.339760,-0.008386,0.884708,0.317481,-0.011553,0.915516,0.293410,-0.016059,0.934614,0.262830,-0.019347,0.899478,0.250990,0.003689,0.920866,0.251220,-0.009569,0.929133,0.258444,-0.015511,0.936953,0.248778,-0.018379,0.884739,0.221636,0.000797,0.901784,0.237992,-0.013511,0.878233,0.275346,-0.013337,0.871800,0.261355,-0.009649,0.866154,0.203103,-0.005309,0.879757,0.227706,-0.024583,0.859068,0.264595,-0.018406,0.852020,0.250533,-0.009904,0.845293,0.190674,-0.012122,0.858894,0.215865,-0.025056,0.846302,0.244191,-0.019772,0.837826,0.232463,-0.012910
1780387719.638,left,pinch,0.807035,0.235666,0.000000,0.836879,0.252162,-0.012641,0.879412,0.222874,-0.016514,0.910696,0.185116,-0.020141,0.925031,0.143202,-0.023273,0.884747,0.170093,-0.002314,0.906056,0.154735,-0.014377,0.919959,0.148580,-0.020178,0.931852,0.136580,-0.023775,0.870434,0.143034,-0.002838,0.893057,0.138852,-0.020922,0.869832,0.178087,-0.022470,0.856290,0.179948,-0.018435,0.852850,0.124704,-0.006180,0.872165,0.131864,-0.028335,0.852271,0.172019,-0.022273,0.841286,0.170352,-0.012411,0.832271,0.110773,-0.010220,0.850588,0.125426,-0.025302,0.838022,0.154801,-0.020339,0.828112,0.148977,-0.013376
1780387720.184,left,pinch,0.761491,0.202719,-0.000000,0.793060,0.214937,-0.010875,0.831737,0.191349,-0.012068,0.858762,0.159168,-0.013407,0.871883,0.124183,-0.014984,0.836702,0.148926,-0.001392,0.859564,0.126228,-0.009872,0.872830,0.111046,-0.015380,0.883403,0.095226,-0.019129,0.822297,0.125390,-0.001033,0.836980,0.110203,-0.016447,0.820765,0.136410,-0.020798,0.808057,0.149710,-0.019436,0.805357,0.107461,-0.002692,0.817428,0.098854,-0.019429,0.802142,0.130049,-0.016144,0.792140,0.143000,-0.009180,0.786889,0.092813,-0.005251,0.798903,0.089130,-0.016157,0.789880,0.113853,-0.012391,0.783012,0.123570,-0.006727
1780387720.697,left,pinch,0.684700,0.249227,-0.000000,0.711886,0.260073,-0.010023,0.744578,0.237943,-0.012535,0.767565,0.205187,-0.015223,0.776785,0.168365,-0.018016,0.753822,0.198450,-0.000037,0.770791,0.184994,-0.008592,0.781264,0.172390,-0.014238,0.789078,0.157145,-0.018156,0.742495,0.173671,-0.000341,0.755458,0.161711,-0.013782,0.737905,0.187097,-0.017071,0.726747,0.194708,-0.015508,0.727974,0.155143,-0.002648,0.739030,0.148177,-0.018115,0.724418,0.178053,-0.014306,0.715168,0.187059,-0.007445,0.710718,0.139796,-0.005793,0.721509,0.134798,-0.015989,0.714364,0.158623,-0.011785,0.708812,0.167019,-0.006037
1780387721.233,left,pinch,0.590359,0.296502,-0.000000,0.615700,0.292054,-0.006795,0.640016,0.273057,-0.011229,0.656126,0.244667,-0.017048,0.659238,0.209095,-0.021016,0.658704,0.233951,-0.000383,0.678920,0.202377,-0.015710,0.663793,0.218654,-0.023876,0.652665,0.233780,-0.026237,0.645370,0.214951,-0.002692,0.658609,0.189520,-0.017875,0.640763,0.220117,-0.021158,0.634026,0.235934,-0.019152,0.630159,0.200293,-0.007372,0.640351,0.180581,-0.022832,0.625868,0.214040,-0.018684,0.619286,0.230453,-0.011141,0.613023,0.188039,-0.012652,0.624174,0.171311,-0.020964,0.616246,0.196901,-0.015177,0.610696,0.212195,-0.007742
1780387721.739,left,pinch,0.553482,0.328482,-0.000000,0.573113,0.325964,-0.010798,0.590905,0.311629,-0.019021,0.601549,0.288145,-0.027858,0.601947,0.257576,-0.035183,0.609506,0.262754,-0.005953,0.623989,0.234253,-0.021220,0.612650,0.245772,-0.030399,0.601035,0.262332,-0.033860,0.595571,0.245948,-0.006734,0.607206,0.217740,-0.022264,0.591880,0.249375,-0.026455,0.583146,0.271445,-0.025074,0.580754,0.233323,-0.009872,0.590942,0.205053,-0.024030,0.580050,0.238694,-0.020653,0.572444,0.262327,-0.014234,0.564263,0.225319,-0.014103,0.571062,0.205413,-0.023203,0.566729,0.230924,-0.019530,0.563268,0.250609,-0.013837
1780387722.264,left,pinch,0.509015,0.405015,-0.000000,0.528800,0.399417,-0.005301,0.547779,0.382967,-0.009406,0.558037,0.363134,-0.014706,0.555945,0.339212,-0.019288,0.553531,0.322797,-0.000384,0.564600,0.298246,-0.012178,0.562562,0.313682,-0.020485,0.557199,0.333127,-0.023782,0.540239,0.311812,-0.002405,0.547425,0.298460,-0.013526,0.540338,0.329584,-0.017719,0.534766,0.348793,-0.017904,0.525278,0.306684,-0.006165,0.532282,0.296749,-0.017014,0.527135,0.327021,-0.015115,0.522418,0.344757,-0.010912,0.508705,0.306444,-0.010491,0.516156,0.295203,-0.017358,0.514468,0.320125,-0.013661,0.511595,0.336339,-0.008676
1780387722.774,left,pinch,0.444452,0.468702,-0.000000,0.465229,0.456184,-0.005109,0.483053,0.428713,-0.008819,0.494298,0.406542,-0.013591,0.497058,0.385205,-0.017173,0.477009,0.364455,0.002102,0.488863,0.364650,-0.007313,0.490348,0.377201,-0.011950,0.488609,0.377970,-0.013700,0.463982,0.358058,-0.000084,0.478460,0.368784,-0.007912,0.473901,0.400408,-0.007818,0.468694,0.394512,-0.005719,0.450682,0.360613,-0.004299,0.464131,0.374530,-0.014430,0.460689,0.403938,-0.010756,0.454379,0.401210,-0.005944,0.436692,0.368697,-0.009164,0.449189,0.378255,-0.015695,0.448812,0.400065,-0.012088,0.443124,0.401066,-0.007549
1780387723.282,left,pinch,0.383950,0.534003,-0.000000,0.405643,0.517562,-0.002174,0.423738,0.484673,-0.005046,0.436749,0.461541,-0.010040,0.444864,0.440545,-0.014495,0.405005,0.420175,0.004869,0.422138,0.409412,-0.005286,0.433350,0.416368,-0.011374,0.441932,0.424046,-0.014049,0.392420,0.415278,0.000985,0.416888,0.429616,-0.009873,0.411355,0.465358,-0.011936,0.403747,0.470855,-0.010478,0.381404,0.420730,-0.004694,0.406041,0.441193,-0.017025,0.399891,0.472799,-0.015056,0.392343,0.474467,-0.010470,0.370980,0.432307,-0.010729,0.392323,0.447652,-0.017360,0.389343,0.470988,-0.014168,0.381882,0.473817,-0.009664
1780387723.828,left,pinch,0.360793,0.655725,-0.000000,0.384102,0.630202,-0.002667,0.401149,0.591084,-0.007164,0.412668,0.563459,-0.013767,0.420654,0.537627,-0.019632,0.368379,0.527738,0.002484,0.392029,0.511622,-0.010292,0.408138,0.518199,-0.019159,0.420134,0.524701,-0.023709,0.355802,0.528621,-0.002188,0.389911,0.533784,-0.016268,0.388186,0.572999,-0.020350,0.379201,0.585548,-0.019927,0.347764,0.540027,-0.008543,0.381491,0.550531,-0.021934,0.378851,0.585389,-0.019867,0.370083,0.593012,-0.014973,0.342353,0.557239,-0.015439,0.369512,0.562567,-0.022220,0.369291,0.585719,-0.018549,0.361406,0.592593,-0.013524
1780387724.358,left,pinch,0.362800,0.676823,-0.000000,0.385756,0.649907,-0.002435,0.402411,0.609306,-0.006493,0.415131,0.582822,-0.012606,0.425987,0.559287,-0.017799,0.370503,0.545680,0.002672,0.395068,0.530870,-0.009028,0.411261,0.537891,-0.016508,0.423269,0.543911,-0.020252,0.357759,0.546623,-0.001847,0.393033,0.556162,-0.014956,0.389637,0.593956,-0.018549,0.380306,0.603843,-0.018087,0.349788,0.558319,-0.007931,0.384138,0.573217,-0.020400,0.379894,0.606713,-0.018641,0.371561,0.611484,-0.014286,0.344422,0.575153,-0.014561,0.372947,0.583476,-0.020825,0.371345,0.605550,-0.017604,0.363338,0.610832,-0.013038
1780387724.859,left,pinch,0.366019,0.688517,-0.000000,0.390225,0.662659,-0.003257,0.407802,0.622105,-0.007840,0.421018,0.595716,-0.014383,0.433037,0.574718,-0.019913,0.376611,0.555360,0.000943,0.402872,0.540767,-0.011965,0.419348,0.551946,-0.020259,0.430598,0.559761,-0.024365,0.363534,0.556611,-0.003532,0.399040,0.567985,-0.017714,0.395352,0.606869,-0.021699,0.385098,0.615987,-0.021341,0.355081,0.569322,-0.009606,0.389892,0.586085,-0.022756,0.385602,0.620316,-0.021005,0.376478,0.624170,-0.016500,0.349220,0.587335,-0.016266,0.377917,0.597094,-0.022869,0.376402,0.619856,-0.019419,0.368269,0.624512,-0.014536
1780387725.361,left,pinch,0.367446,0.692770,-0.000000,0.391627,0.668597,-0.001859,0.409830,0.629022,-0.005496,0.423243,0.605772,-0.011332,0.434049,0.586783,-0.016450,0.380626,0.561160,0.002244,0.407010,0.549822,-0.010545,0.422906,0.563198,-0.019593,0.433778,0.572941,-0.024329,0.367744,0.562640,-0.002842,0.402000,0.577534,-0.017069,0.398441,0.615550,-0.022004,0.389074,0.627115,-0.022405,0.358702,0.575691,-0.009382,0.392492,0.594621,-0.022257,0.388137,0.628557,-0.020979,0.379369,0.634279,-0.016860,0.351992,0.593703,-0.016425,0.380005,0.606284,-0.022638,0.378212,0.629527,-0.019192,0.370321,0.634388,-0.014435
1780387725.908,left,pinch,0.368135,0.689647,-0.000000,0.388976,0.672189,-0.003279,0.405762,0.637500,-0.006988,0.417098,0.616633,-0.012443,0.426366,0.600330,-0.016983,0.382668,0.568799,0.000845,0.404305,0.557473,-0.011814,0.415778,0.574024,-0.019968,0.422833,0.586370,-0.023578,0.369990,0.568499,-0.002991,0.397511,0.584889,-0.016206,0.392549,0.620978,-0.020366,0.383923,0.631513,-0.020185,0.359673,0.579565,-0.008451,0.387324,0.601550,-0.020661,0.382074,0.633247,-0.019617,0.374689,0.637567,-0.015665,0.351222,0.595852,-0.014462,0.374789,0.611802,-0.019961,0.372393,0.634302,-0.016796,0.365782,0.638653,-0.012282
1780387726.420,left,pinch,0.364547,0.693604,-0.000000,0.382275,0.676340,-0.006646,0.395919,0.649741,-0.012297,0.404051,0.629852,-0.018713,0.406688,0.613469,-0.023764,0.376794,0.577987,-0.002663,0.393145,0.573312,-0.014443,0.398770,0.591261,-0.020933,0.398781,0.603697,-0.023462,0.363277,0.578813,-0.004639,0.384380,0.595720,-0.016017,0.382084,0.629597,-0.018786,0.374965,0.636063,-0.018164,0.351613,0.590408,-0.008408,0.373004,0.612779,-0.019675,0.370256,0.642011,-0.018316,0.364054,0.644475,-0.014715,0.341539,0.608679,-0.012960,0.360275,0.624360,-0.019145,0.359713,0.645548,-0.016829,0.354414,0.648857,-0.013060
1780387726.940,left,pinch,0.356456,0.705898,-0.000000,0.369906,0.689936,-0.009156,0.381481,0.663131,-0.015315,0.385865,0.641466,-0.021002,0.377093,0.637002,-0.024759,0.366955,0.594692,-0.005536,0.374346,0.591513,-0.017668,0.375170,0.619006,-0.024423,0.371147,0.631286,-0.027542,0.351628,0.595549,-0.006154,0.359838,0.603653,-0.017012,0.363130,0.637330,-0.018764,0.360507,0.643473,-0.017714,0.338217,0.607373,-0.008832,0.348844,0.624939,-0.018705,0.353124,0.652029,-0.016078,0.350574,0.655051,-0.012184,0.327187,0.625222,-0.012711,0.338132,0.640401,-0.018006,0.342367,0.658655,-0.015832,0.340327,0.659234,-0.012660
1780387727.469,left,pinch,0.364374,0.739627,-0.000000,0.381030,0.724819,-0.008864,0.392773,0.700721,-0.016530,0.398384,0.684505,-0.024411,0.403290,0.675067,-0.030518,0.376103,0.616960,-0.006432,0.390869,0.622299,-0.019857,0.396627,0.648101,-0.027646,0.396647,0.660860,-0.031281,0.361023,0.619189,-0.008025,0.381245,0.645842,-0.019153,0.380817,0.677537,-0.022135,0.373992,0.679176,-0.022586,0.348869,0.634324,-0.011546,0.370054,0.664516,-0.021881,0.369601,0.691234,-0.020492,0.363663,0.689765,-0.017809,0.339319,0.656365,-0.016222,0.357334,0.679642,-0.021771,0.358518,0.699035,-0.019826,0.353726,0.698123,-0.016837
1780387727.994,left,pinch,0.378206,0.771303,-0.000000,0.404098,0.752254,-0.005206,0.424405,0.720743,-0.011104,0.438731,0.703154,-0.018294,0.451829,0.692887,-0.024298,0.399208,0.634892,-0.002989,0.426481,0.639249,-0.016439,0.440579,0.660882,-0.025068,0.450363,0.673725,-0.029603,0.385398,0.640879,-0.006956,0.418187,0.666335,-0.020145,0.412186,0.696956,-0.024456,0.402445,0.700581,-0.025473,0.375028,0.660574,-0.012542,0.407635,0.688700,-0.024423,0.401513,0.713586,-0.023340,0.393041,0.712024,-0.020283,0.367346,0.686083,-0.018994,0.395050,0.705095,-0.024992,0.391703,0.723028,-0.022442,0.383812,0.723193,-0.018803
1780387728.542,left,pinch,0.405404,0.783135,-0.000000,0.438735,0.754856,-0.002826,0.460538,0.718265,-0.008500,0.478132,0.699075,-0.016618,0.495617,0.686859,-0.023853,0.428140,0.634501,0.000229,0.460249,0.625175,-0.014079,0.477904,0.645024,-0.024877,0.489932,0.661103,-0.031103,0.416233,0.640189,-0.005678,0.456936,0.661947,-0.020768,0.450289,0.696688,-0.026911,0.438394,0.703812,-0.028881,0.408948,0.660014,-0.013165,0.448175,0.686783,-0.025830,0.440756,0.716730,-0.025247,0.430457,0.718591,-0.022389,0.404799,0.685823,-0.021461,0.436057,0.705458,-0.027488,0.431195,0.726145,-0.024597,0.421892,0.727760,-0.020804
1780387729.086,left,pinch,0.398530,0.659377,-0.000000,0.432306,0.675289,-0.003556,0.463961,0.676384,-0.009551,0.484007,0.684573,-0.017759,0.499905,0.688221,-0.024672,0.472360,0.572015,-0.001742,0.496532,0.593268,-0.017484,0.501231,0.628094,-0.027916,0.503114,0.656078,-0.032923,0.459149,0.554399,-0.006961,0.477055,0.618267,-0.022047,0.459198,0.641672,-0.027540,0.447906,0.636981,-0.028911,0.443079,0.554062,-0.013899,0.458957,0.621767,-0.026554,0.443570,0.638567,-0.025627,0.436259,0.628621,-0.022571,0.427502,0.562844,-0.021761,0.441516,0.618672,-0.027831,0.431338,0.632120,-0.025030,0.424407,0.622141,-0.020976
1780387729.640,left,pinch,0.410133,0.569577,-0.000000,0.427602,0.605003,-0.008093,0.445640,0.631078,-0.017100,0.455409,0.651800,-0.026924,0.460739,0.656599,-0.035086,0.491464,0.558879,-0.007744,0.498348,0.589572,-0.024630,0.485634,0.615209,-0.036242,0.474996,0.629907,-0.041659,0.484175,0.528843,-0.010494,0.472992,0.582954,-0.023544,0.455105,0.591911,-0.029568,0.450325,0.581584,-0.032548,0.469006,0.509758,-0.015146,0.457299,0.565561,-0.025608,0.443215,0.569260,-0.025101,0.441936,0.556400,-0.023435,0.451210,0.498527,-0.021021,0.444026,0.544709,-0.026047,0.434289,0.550904,-0.023533,0.432972,0.540130,-0.020130
1780387730.198,left,pinch,0.494658,0.440605,-0.000000,0.491122,0.485130,-0.011119,0.488664,0.521196,-0.022374,0.482417,0.536832,-0.033232,0.477285,0.517522,-0.042872,0.548296,0.511622,-0.015700,0.520400,0.520805,-0.031564,0.499079,0.517179,-0.042708,0.492710,0.515495,-0.049207,0.552203,0.475445,-0.017389,0.517165,0.486574,-0.026957,0.503210,0.484632,-0.030631,0.504302,0.484219,-0.034183,0.547405,0.440629,-0.020667,0.512302,0.456991,-0.026891,0.504428,0.454817,-0.025477,0.510585,0.451710,-0.025421,0.538246,0.412613,-0.025690,0.511445,0.428451,-0.027971,0.504969,0.432323,-0.025773,0.510211,0.432593,-0.024472
1780387730.718,left,pinch,0.604641,0.375724,-0.000000,0.602574,0.404608,-0.008790,0.598202,0.425364,-0.020002,0.584410,0.421349,-0.031143,0.570542,0.400198,-0.041818,0.648584,0.435024,-0.015508,0.621059,0.421889,-0.031841,0.601589,0.407223,-0.044557,0.589507,0.398013,-0.051679,0.655457,0.399410,-0.017326,0.616325,0.389376,-0.027195,0.600312,0.391828,-0.030591,0.594261,0.397308,-0.032732,0.653035,0.363896,-0.020467,0.613962,0.362632,-0.025498,0.607185,0.368236,-0.022491,0.611465,0.374032,-0.020436,0.645499,0.334461,-0.025294,0.615383,0.339788,-0.026607,0.608712,0.351835,-0.022920,0.613058,0.361857,-0.019652
1780387731.253,left,pinch,0.648176,0.310605,-0.000000,0.651663,0.335748,-0.017924,0.655584,0.344814,-0.030723,0.657438,0.326719,-0.041408,0.660073,0.304859,-0.050621,0.706962,0.349282,-0.018223,0.705456,0.335640,-0.034409,0.691866,0.324073,-0.045419,0.682199,0.320598,-0.051217,0.711824,0.317034,-0.015366,0.707154,0.298610,-0.030849,0.688797,0.294556,-0.036968,0.678680,0.298179,-0.038187,0.709581,0.287176,-0.014653,0.703857,0.269163,-0.027920,0.687024,0.269976,-0.027656,0.678950,0.274930,-0.024420,0.703007,0.263153,-0.015542,0.698654,0.248892,-0.024154,0.685805,0.252213,-0.022792,0.679444,0.258853,-0.019042
1780387731.770,left,pinch,0.681775,0.302366,-0.000000,0.690535,0.324980,-0.017844,0.699717,0.330302,-0.030168,0.702930,0.301592,-0.040901,0.707374,0.269757,-0.049142,0.753073,0.334253,-0.015161,0.755172,0.321080,-0.034251,0.740867,0.312356,-0.045950,0.734314,0.311488,-0.051965,0.755383,0.299422,-0.013161,0.746946,0.282399,-0.033864,0.721207,0.285196,-0.040116,0.712191,0.295250,-0.039823,0.751093,0.269120,-0.014070,0.740050,0.255418,-0.031947,0.718461,0.264445,-0.030908,0.713001,0.277768,-0.025656,0.743233,0.244556,-0.016743,0.734734,0.232929,-0.028286,0.720307,0.244039,-0.027432,0.716091,0.259547,-0.023025
1780387732.320,left,pinch,0.686991,0.279970,-0.000000,0.693279,0.299246,-0.019326,0.701879,0.299674,-0.031321,0.707037,0.269650,-0.041330,0.713735,0.242424,-0.048029,0.750838,0.314543,-0.015081,0.765665,0.292883,-0.034468,0.749456,0.282285,-0.045671,0.737756,0.282470,-0.050714,0.755369,0.283811,-0.011858,0.752785,0.245326,-0.032055,0.729036,0.249974,-0.037881,0.722204,0.266381,-0.037212,0.754012,0.255890,-0.011971,0.746279,0.222315,-0.028379,0.726584,0.232688,-0.027158,0.722880,0.250606,-0.022248,0.748854,0.233280,-0.014076,0.740358,0.207405,-0.024042,0.726154,0.217216,-0.022889,0.722006,0.234509,-0.018405
1780387732.827,left,pinch,0.673006,0.250207,-0.000000,0.672821,0.276210,-0.016218,0.671590,0.293776,-0.028848,0.662217,0.282560,-0.039210,0.651944,0.262782,-0.049018,0.710668,0.279894,-0.026427,0.682076,0.269348,-0.042195,0.670192,0.262949,-0.052581,0.668114,0.258955,-0.058938,0.711955,0.244754,-0.024287,0.677933,0.234714,-0.036719,0.665958,0.238365,-0.040186,0.665141,0.242078,-0.042398,0.706257,0.215282,-0.023350,0.674016,0.209508,-0.033521,0.663463,0.218672,-0.032349,0.664053,0.224188,-0.031058,0.697811,0.192219,-0.024117,0.673480,0.189746,-0.030534,0.664119,0.200509,-0.029646,0.664798,0.208256,-0.028158
1780387733.402,left,pinch,0.569828,0.274644,-0.000000,0.564820,0.269780,-0.016574,0.559450,0.253673,-0.028775,0.546210,0.224096,-0.037712,0.531869,0.200519,-0.047106,0.608925,0.226462,-0.028425,0.583450,0.197647,-0.041976,0.564079,0.182977,-0.052204,0.549410,0.175453,-0.057951,0.611601,0.205348,-0.024737,0.584612,0.183068,-0.035511,0.565332,0.175464,-0.041265,0.550455,0.172754,-0.044263,0.606151,0.190958,-0.021356,0.580551,0.169470,-0.030672,0.563725,0.167663,-0.032585,0.549890,0.168085,-0.032613,0.596290,0.183334,-0.019122,0.571596,0.170083,-0.027753,0.556931,0.172106,-0.028020,0.545024,0.174137,-0.025789
1780387733.915,left,pinch,0.505154,0.219521,-0.000000,0.486560,0.226119,-0.026177,0.466190,0.212460,-0.041476,0.445280,0.194581,-0.049955,0.429326,0.176213,-0.057369,0.500278,0.158577,-0.046174,0.469592,0.127699,-0.059510,0.447716,0.121532,-0.066566,0.430845,0.120519,-0.070268,0.504794,0.135072,-0.033896,0.466983,0.128493,-0.044781,0.456841,0.147884,-0.045970,0.454324,0.162935,-0.046596,0.503173,0.120297,-0.021781,0.469233,0.120145,-0.029904,0.464560,0.140032,-0.028011,0.465953,0.155089,-0.026603,0.498501,0.111887,-0.011337,0.472879,0.117032,-0.018716,0.468451,0.135798,-0.018495,0.469868,0.150323,-0.016958
1780387734.453,left,pinch,0.448082,0.246709,-0.000000,0.425942,0.255339,-0.018938,0.399738,0.245250,-0.029257,0.377765,0.229981,-0.034637,0.361771,0.214563,-0.038432,0.424102,0.177761,-0.028961,0.392848,0.161022,-0.037958,0.372958,0.162646,-0.042876,0.358731,0.170084,-0.045281,0.428971,0.158819,-0.020155,0.395142,0.161555,-0.026942,0.389520,0.180215,-0.026748,0.390519,0.194029,-0.026488,0.428899,0.149551,-0.011962,0.396644,0.157022,-0.017294,0.393801,0.173680,-0.015215,0.395544,0.184260,-0.013833,0.426717,0.147587,-0.005072,0.401613,0.156610,-0.010781,0.399149,0.171012,-0.010491,0.400364,0.181251,-0.009162
1780387734.979,left,pinch,0.367859,0.408690,-0.000000,0.350968,0.417094,-0.016837,0.329137,0.412536,-0.026101,0.307989,0.406852,-0.031466,0.292345,0.397590,-0.035973,0.353794,0.344608,-0.024248,0.327744,0.338820,-0.034119,0.310088,0.343790,-0.041772,0.295730,0.351314,-0.046269,0.353773,0.327787,-0.017178,0.323728,0.335758,-0.025119,0.310696,0.353336,-0.028956,0.303206,0.368740,-0.031345,0.350916,0.319613,-0.010600,0.323051,0.333097,-0.016346,0.318645,0.352526,-0.016859,0.318019,0.366857,-0.016826,0.346979,0.318934,-0.005279,0.325871,0.333978,-0.010351,0.322502,0.350066,-0.010467,0.322862,0.362664,-0.009235
1780387735.525,left,pinch,0.318325,0.493445,-0.000000,0.305542,0.495016,-0.020660,0.292055,0.483881,-0.032903,0.275623,0.467529,-0.041144,0.263359,0.447635,-0.047769,0.329284,0.416504,-0.026255,0.299159,0.406465,-0.037925,0.279543,0.411040,-0.046063,0.266648,0.414236,-0.050988,0.329517,0.400822,-0.019289,0.297698,0.403019,-0.030115,0.291639,0.428558,-0.033421,0.293936,0.442640,-0.034853,0.325536,0.394244,-0.013537,0.297472,0.399892,-0.021128,0.293643,0.422779,-0.019723,0.295185,0.434556,-0.018319,0.320316,0.394513,-0.009740,0.300221,0.400746,-0.016430,0.295820,0.419771,-0.016101,0.295895,0.431697,-0.014096
1780387736.065,left,pinch,0.304748,0.524516,0.000000,0.316569,0.537216,-0.015067,0.324233,0.539261,-0.025514,0.316568,0.528370,-0.033565,0.306078,0.516601,-0.040724,0.329570,0.492755,-0.024171,0.321882,0.490450,-0.037408,0.319588,0.495982,-0.043734,0.320553,0.494375,-0.047110,0.317064,0.474643,-0.021951,0.307570,0.476635,-0.034665,0.306538,0.490182,-0.036795,0.309698,0.492528,-0.036766,0.304726,0.465656,-0.021008,0.296059,0.467752,-0.031772,0.296864,0.480795,-0.029612,0.301644,0.480834,-0.026806,0.293911,0.464399,-0.021278,0.286784,0.469516,-0.028957,0.288046,0.478302,-0.028170,0.293414,0.476746,-0.026213
1780387736.584,left,pinch,0.314358,0.614910,-0.000000,0.331927,0.602601,-0.008693,0.346489,0.580111,-0.013859,0.341158,0.559886,-0.018771,0.328591,0.546234,-0.022506,0.340073,0.512914,-0.003177,0.339720,0.497923,-0.014854,0.337355,0.515496,-0.021903,0.335390,0.527262,-0.025061,0.323454,0.509359,-0.004003,0.323841,0.494934,-0.016087,0.324197,0.529063,-0.020111,0.324582,0.543913,-0.019699,0.307087,0.514429,-0.006632,0.306368,0.506265,-0.019547,0.310320,0.540640,-0.018233,0.312541,0.554972,-0.013773,0.290774,0.527793,-0.009843,0.291605,0.522898,-0.018369,0.297388,0.546018,-0.015852,0.300950,0.555452,-0.011329
1780387737.093,left,pinch,0.340690,0.678844,-0.000000,0.361161,0.654992,-0.007650,0.379550,0.623315,-0.014685,0.386710,0.596630,-0.022413,0.375834,0.591332,-0.028375,0.348568,0.546776,-0.004211,0.363336,0.538670,-0.017064,0.369126,0.561946,-0.022880,0.368398,0.577339,-0.024482,0.331952,0.548818,-0.006106,0.354026,0.564332,-0.017253,0.355579,0.603361,-0.018548,0.348587,0.607583,-0.016882,0.318207,0.561961,-0.009965,0.341685,0.584049,-0.021187,0.342451,0.616210,-0.018835,0.335549,0.618011,-0.014657,0.306341,0.582020,-0.014774,0.327820,0.596958,-0.020506,0.330199,0.620573,-0.017575,0.324278,0.625551,-0.013375
1780387737.618,left,pinch,0.349232,0.705923,-0.000000,0.373321,0.682360,-0.005310,0.393598,0.646654,-0.010663,0.406013,0.618268,-0.017931,0.405202,0.592974,-0.024126,0.364474,0.578159,0.002275,0.380033,0.559190,-0.010751,0.391206,0.566200,-0.018231,0.400039,0.577930,-0.020835,0.349103,0.576592,-0.000899,0.375141,0.583437,-0.014052,0.372925,0.624371,-0.016657,0.365901,0.632808,-0.014736,0.336372,0.585109,-0.006303,0.363110,0.598518,-0.019883,0.359644,0.633630,-0.017353,0.352130,0.638294,-0.011813,0.324977,0.600152,-0.012436,0.348302,0.607102,-0.019506,0.347906,0.631485,-0.015545,0.340775,0.637677,-0.009938
1780387738.130,left,pinch,0.361108,0.716381,-0.000000,0.384937,0.692722,-0.003903,0.405568,0.656443,-0.008111,0.418289,0.628139,-0.014388,0.418674,0.601448,-0.019863,0.378687,0.590348,0.003002,0.394124,0.570064,-0.008900,0.406325,0.575832,-0.015949,0.416288,0.585410,-0.018637,0.363602,0.587746,-0.000719,0.389123,0.593350,-0.013162,0.385792,0.633715,-0.015475,0.378392,0.642700,-0.013559,0.350828,0.594953,-0.006418,0.376985,0.607323,-0.019808,0.372454,0.643418,-0.017010,0.364642,0.649265,-0.011284,0.339210,0.608449,-0.012664,0.362429,0.613731,-0.019683,0.361544,0.638454,-0.015280,0.354179,0.645081,-0.009405
1780387738.663,left,pinch,0.377697,0.743112,-0.000000,0.401743,0.722694,-0.004826,0.422710,0.689092,-0.011047,0.437460,0.666067,-0.019130,0.444923,0.642616,-0.026126,0.395916,0.611139,0.000432,0.416339,0.596824,-0.012662,0.429165,0.607356,-0.020432,0.438234,0.619617,-0.023682,0.381690,0.608605,-0.003521,0.411362,0.619898,-0.016931,0.407779,0.660712,-0.019819,0.399612,0.669776,-0.018444,0.370393,0.617130,-0.009411,0.400189,0.634584,-0.023070,0.395446,0.670208,-0.020590,0.386807,0.674905,-0.015226,0.360942,0.632038,-0.015954,0.386940,0.641635,-0.023089,0.385845,0.666343,-0.018908,0.377954,0.671893,-0.013274
1780387739.181,left,pinch,0.388847,0.776941,-0.000000,0.415934,0.756477,-0.004259,0.437828,0.724513,-0.010488,0.453122,0.704874,-0.018715,0.462194,0.683931,-0.025619,0.410152,0.638876,-0.000055,0.437485,0.631771,-0.014222,0.451680,0.650703,-0.022839,0.460436,0.666355,-0.026554,0.396401,0.637815,-0.004720,0.431157,0.658921,-0.019440,0.424767,0.698555,-0.023591,0.414100,0.705377,-0.023159,0.386095,0.649607,-0.011143,0.419721,0.673752,-0.024898,0.413607,0.708096,-0.022817,0.404367,0.710423,-0.017891,0.377984,0.667870,-0.018238,0.406530,0.683439,-0.025023,0.403965,0.707522,-0.020745,0.395489,0.711151,-0.015070
1780387739.720,left,pinch,0.435413,0.757424,-0.000000,0.468879,0.740793,-0.002403,0.493821,0.713373,-0.008179,0.511342,0.698011,-0.016228,0.524638,0.676862,-0.022841,0.466258,0.615980,0.003192,0.498827,0.622190,-0.010158,0.515968,0.644663,-0.019518,0.528112,0.659718,-0.024536,0.456032,0.612021,-0.002382,0.494424,0.643374,-0.015250,0.484517,0.678987,-0.019270,0.473007,0.680278,-0.019734,0.449425,0.623233,-0.009698,0.486072,0.657717,-0.021283,0.475300,0.688658,-0.018881,0.464967,0.686377,-0.014775,0.445419,0.641675,-0.017809,0.473997,0.666951,-0.022990,0.467021,0.687762,-0.018932,0.457240,0.686866,-0.014175
1780387740.247,left,pinch,0.436935,0.753532,0.000000,0.470260,0.716333,-0.000322,0.488907,0.672641,-0.005334,0.505100,0.647427,-0.013422,0.521303,0.626621,-0.020317,0.446921,0.596834,0.006583,0.482959,0.588094,-0.006991,0.505630,0.598543,-0.018153,0.522431,0.609742,-0.025204,0.439508,0.597514,-0.000902,0.485603,0.612379,-0.016324,0.480467,0.647236,-0.021845,0.467204,0.656186,-0.023162,0.437955,0.611568,-0.010245,0.481964,0.630884,-0.022987,0.476264,0.664723,-0.020623,0.464619,0.670419,-0.016629,0.440033,0.632523,-0.020471,0.474743,0.648157,-0.026833,0.470764,0.672915,-0.023260,0.459741,0.678222,-0.019088
1780387740.755,left,pinch,0.467653,0.743585,0.000000,0.503068,0.703168,-0.000726,0.519784,0.659509,-0.005543,0.534662,0.632207,-0.013421,0.549150,0.609011,-0.019960,0.471316,0.590957,0.006943,0.511507,0.574122,-0.006004,0.536411,0.581437,-0.016474,0.553196,0.592012,-0.022787,0.467481,0.592817,0.000298,0.517396,0.597054,-0.014831,0.513521,0.629651,-0.020626,0.498746,0.640008,-0.021772,0.470985,0.606043,-0.008024,0.517407,0.614312,-0.020124,0.511334,0.647621,-0.018786,0.497970,0.655285,-0.015347,0.478628,0.623889,-0.017158,0.513485,0.636028,-0.022768,0.509074,0.660187,-0.019991,0.498555,0.665663,-0.016325
1780387741.262,left,pinch,0.467248,0.746864,0.000000,0.504094,0.713134,0.002192,0.523746,0.674188,-0.001940,0.541530,0.652190,-0.009301,0.557251,0.632475,-0.015415,0.479042,0.594045,0.007001,0.522293,0.584963,-0.006023,0.545942,0.602371,-0.017115,0.560147,0.622049,-0.023697,0.476925,0.591575,-0.000940,0.527531,0.609939,-0.015776,0.523539,0.646566,-0.022484,0.508974,0.659126,-0.024429,0.481687,0.604799,-0.010018,0.528533,0.629600,-0.021002,0.521028,0.666150,-0.019962,0.506900,0.674053,-0.017054,0.490293,0.624381,-0.019627,0.524503,0.651371,-0.023925,0.518861,0.678340,-0.020797,0.507935,0.683353,-0.017091
1780387741.779,left,pinch,0.471214,0.763630,0.000000,0.511674,0.732809,0.002527,0.533229,0.695828,-0.001407,0.553336,0.678776,-0.008665,0.572291,0.667153,-0.014844,0.496138,0.614903,0.006488,0.538386,0.614463,-0.004398,0.560011,0.631418,-0.013614,0.573867,0.648713,-0.019546,0.493998,0.614879,-0.001232,0.542407,0.644046,-0.014568,0.535536,0.678376,-0.020102,0.521040,0.687206,-0.021665,0.497889,0.629726,-0.009904,0.542806,0.663961,-0.019464,0.532692,0.695278,-0.018194,0.518227,0.699246,-0.015597,0.505553,0.650731,-0.019133,0.538209,0.682566,-0.022260,0.531345,0.706292,-0.019216,0.521032,0.708261,-0.016041
1780387742.315,left,pinch,0.464347,0.754093,0.000000,0.504461,0.722254,0.002004,0.525896,0.684796,-0.002608,0.546360,0.667664,-0.010465,0.564834,0.655408,-0.017170,0.488761,0.604792,0.005746,0.530922,0.603719,-0.005518,0.551869,0.621913,-0.014623,0.564375,0.640931,-0.020184,0.486510,0.605219,-0.001612,0.534662,0.633415,-0.015013,0.527657,0.668558,-0.020016,0.512769,0.677850,-0.021027,0.490216,0.620372,-0.010040,0.535320,0.653823,-0.019458,0.525404,0.685263,-0.018019,0.510864,0.689415,-0.015263,0.497771,0.641559,-0.019049,0.530935,0.673590,-0.021976,0.524003,0.696884,-0.019007,0.513257,0.698536,-0.015861
1780387742.861,left,pinch,0.464542,0.758052,0.000000,0.505962,0.727262,0.002658,0.527859,0.689151,-0.001522,0.548325,0.672033,-0.009020,0.566514,0.660003,-0.015359,0.490683,0.607635,0.006339,0.533622,0.606911,-0.005025,0.554203,0.626001,-0.014366,0.566289,0.645781,-0.020113,0.488331,0.607330,-0.001316,0.537103,0.636116,-0.014604,0.530534,0.672499,-0.019785,0.516138,0.682958,-0.020995,0.491879,0.622469,-0.009995,0.537438,0.657921,-0.019255,0.527845,0.690018,-0.017924,0.513446,0.694381,-0.015322,0.499173,0.643896,-0.019217,0.532536,0.678209,-0.021907,0.525937,0.701881,-0.018980,0.515441,0.703418,-0.015987
1780387743.400,left,pinch,0.463424,0.756770,0.000000,0.504231,0.726149,0.002347,0.525563,0.687001,-0.002042,0.545751,0.667958,-0.009735,0.564435,0.656143,-0.016303,0.487489,0.604573,0.005710,0.530857,0.602977,-0.005816,0.551993,0.622540,-0.015057,0.564385,0.642651,-0.020660,0.484906,0.605508,-0.001908,0.534526,0.633359,-0.015143,0.527656,0.669732,-0.019892,0.512885,0.678636,-0.020922,0.488511,0.621343,-0.010578,0.534891,0.653555,-0.019868,0.525161,0.686478,-0.017760,0.510565,0.690688,-0.014708,0.495748,0.643113,-0.019823,0.530018,0.672579,-0.022607,0.523374,0.697125,-0.018970,0.512534,0.699446,-0.015428
1780387743.941,left,pinch,0.442546,0.740514,0.000000,0.483662,0.708039,0.000111,0.504252,0.669142,-0.006180,0.522851,0.643998,-0.015681,0.542307,0.623345,-0.024038,0.460678,0.579520,0.004841,0.506075,0.575150,-0.009427,0.530666,0.591539,-0.021076,0.546343,0.609126,-0.028223,0.456478,0.580024,-0.002979,0.509555,0.600654,-0.019144,0.504149,0.638733,-0.024985,0.489312,0.648881,-0.026266,0.458954,0.595843,-0.012312,0.508113,0.622820,-0.024985,0.499999,0.659290,-0.023019,0.486021,0.665576,-0.019242,0.465376,0.617632,-0.022355,0.501165,0.644332,-0.027856,0.495588,0.671307,-0.024213,0.484754,0.675745,-0.019990
1780387744.445,left,pinch,0.394451,0.719180,0.000000,0.434225,0.673359,-0.000709,0.456021,0.625085,-0.006933,0.473392,0.597895,-0.016479,0.491921,0.574515,-0.024264,0.406039,0.539585,0.005976,0.445847,0.524728,-0.010229,0.471263,0.539448,-0.022191,0.488509,0.553176,-0.028867,0.395974,0.540496,-0.002248,0.450012,0.556246,-0.019297,0.445008,0.600106,-0.024845,0.429442,0.608308,-0.025726,0.393389,0.557440,-0.012478,0.445584,0.579090,-0.027276,0.439988,0.620926,-0.024448,0.426384,0.626248,-0.019440,0.395200,0.582053,-0.023610,0.436439,0.598870,-0.030692,0.433244,0.627612,-0.026090,0.420687,0.632911,-0.020556
1780387744.983,left,pinch,0.289989,0.720441,-0.000000,0.318931,0.693180,-0.004266,0.345333,0.654242,-0.011670,0.364513,0.626332,-0.021636,0.367932,0.597684,-0.030132,0.309285,0.555693,-0.000019,0.338695,0.539324,-0.016900,0.356320,0.561129,-0.026997,0.365528,0.580210,-0.030854,0.291729,0.554438,-0.005637,0.331498,0.573324,-0.021048,0.328182,0.621845,-0.025096,0.316920,0.629770,-0.024477,0.278058,0.567624,-0.013351,0.318037,0.593551,-0.028452,0.313193,0.634972,-0.025948,0.302297,0.638338,-0.020459,0.266794,0.588500,-0.021811,0.301199,0.605482,-0.028849,0.300379,0.634642,-0.023831,0.290467,0.640950,-0.017396
1780387745.495,left,pinch,0.257404,0.675140,-0.000000,0.284861,0.648389,-0.007782,0.307704,0.602688,-0.014855,0.321818,0.563782,-0.023891,0.319002,0.532857,-0.031102,0.275558,0.523823,-0.000909,0.293777,0.493658,-0.017099,0.307670,0.509653,-0.023560,0.314998,0.524614,-0.024247,0.257290,0.522319,-0.003991,0.286268,0.528462,-0.019310,0.283735,0.580020,-0.019569,0.272914,0.582870,-0.015304,0.241711,0.532458,-0.009956,0.271544,0.547411,-0.027016,0.267746,0.591961,-0.022603,0.256296,0.593191,-0.014951,0.227051,0.548998,-0.016757,0.253299,0.558688,-0.026154,0.254108,0.589626,-0.021207,0.244520,0.595601,-0.014196
1780387746.021,left,pinch,0.206113,0.617672,0.000000,0.230117,0.589272,-0.011623,0.248151,0.539158,-0.018126,0.252489,0.490320,-0.025202,0.239239,0.454893,-0.031377,0.223966,0.486813,0.001328,0.227741,0.455914,-0.010272,0.232828,0.443774,-0.014341,0.235418,0.439512,-0.014983,0.206033,0.490984,0.000919,0.219658,0.463523,-0.013278,0.221823,0.511294,-0.012389,0.214701,0.518019,-0.006752,0.188853,0.499697,-0.002687,0.203640,0.483963,-0.021501,0.205881,0.528524,-0.016057,0.196548,0.533608,-0.006919,0.169292,0.512513,-0.006999,0.185481,0.498814,-0.019478,0.189957,0.528267,-0.014835,0.181858,0.535027,-0.007960
1780387746.555,left,pinch,0.200046,0.603624,0.000000,0.224877,0.574554,-0.010352,0.242307,0.521924,-0.015539,0.242702,0.471845,-0.021170,0.229355,0.438599,-0.025911,0.217634,0.480126,0.001990,0.219939,0.447989,-0.009065,0.223776,0.435775,-0.012416,0.225443,0.427987,-0.012706,0.200552,0.484587,0.001396,0.211725,0.453662,-0.012458,0.214391,0.500372,-0.011157,0.207143,0.505499,-0.005328,0.183932,0.493360,-0.002209,0.195643,0.470691,-0.021370,0.199842,0.515587,-0.015288,0.190853,0.521142,-0.005631,0.164259,0.506838,-0.006271,0.178455,0.486637,-0.018981,0.184373,0.516904,-0.013801,0.176552,0.525164,-0.006562
1780387747.063,left,pinch,0.211274,0.594011,0.000000,0.235908,0.566273,-0.010013,0.252707,0.513876,-0.013982,0.253713,0.463642,-0.018145,0.242727,0.428119,-0.021356,0.228505,0.477036,0.003358,0.231290,0.445559,-0.006021,0.236078,0.434094,-0.008273,0.237357,0.422875,-0.008168,0.212943,0.480693,0.002870,0.224912,0.447686,-0.010741,0.228198,0.493407,-0.010106,0.220109,0.498969,-0.004555,0.197609,0.487983,-0.000462,0.209747,0.462446,-0.019978,0.214311,0.508645,-0.014865,0.204362,0.514650,-0.005525,0.179053,0.500011,-0.004034,0.194146,0.477624,-0.017427,0.199189,0.509188,-0.012967,0.189467,0.518224,-0.006104
1780387747.601,left,pinch,0.198657,0.589127,-0.000000,0.222933,0.554460,-0.008332,0.237165,0.503720,-0.011660,0.236823,0.455372,-0.015908,0.224801,0.422720,-0.019467,0.211719,0.468383,0.005109,0.216600,0.436440,-0.004090,0.220905,0.433284,-0.007185,0.219080,0.430278,-0.007710,0.196514,0.475085,0.003788,0.207930,0.441542,-0.009611,0.213243,0.486909,-0.010626,0.206138,0.496755,-0.006604,0.181368,0.485488,-0.000120,0.192734,0.458023,-0.018973,0.198316,0.503223,-0.014989,0.189385,0.513768,-0.006608,0.162955,0.500473,-0.004199,0.176251,0.476163,-0.017129,0.182829,0.505828,-0.012979,0.175696,0.517303,-0.006494
1780387748.129,left,pinch,0.199381,0.590024,0.000000,0.224268,0.556631,-0.008816,0.238158,0.503547,-0.012305,0.237339,0.454398,-0.016483,0.224832,0.421016,-0.020408,0.213301,0.472429,0.005427,0.214830,0.440441,-0.001699,0.219073,0.422240,-0.004001,0.220681,0.410997,-0.004697,0.198015,0.476858,0.004527,0.208485,0.441698,-0.007619,0.213531,0.484175,-0.008048,0.206597,0.495104,-0.003545,0.182874,0.485587,0.001109,0.193993,0.457264,-0.016937,0.200081,0.500390,-0.013188,0.190802,0.510780,-0.005038,0.164480,0.499774,-0.002488,0.178797,0.474589,-0.015333,0.185632,0.503067,-0.011586,0.177177,0.514135,-0.005446
1780387748.640,left,pinch,0.210789,0.591551,0.000000,0.235147,0.562646,-0.008093,0.251368,0.508574,-0.011017,0.251721,0.460501,-0.014489,0.240002,0.428812,-0.017655,0.222742,0.475537,0.005230,0.224650,0.445910,-0.002554,0.230355,0.426412,-0.005106,0.235059,0.412428,-0.005796,0.207712,0.478751,0.004156,0.220625,0.445925,-0.008743,0.224531,0.490427,-0.008675,0.216852,0.502311,-0.003599,0.192956,0.486374,0.000531,0.205939,0.460630,-0.017845,0.211392,0.504611,-0.013487,0.202320,0.514592,-0.004921,0.174911,0.499860,-0.003247,0.190549,0.476669,-0.015842,0.196316,0.507118,-0.011865,0.187344,0.517991,-0.005679
1780387749.153,left,pinch,0.219395,0.595265,0.000000,0.243322,0.569896,-0.009607,0.259811,0.516936,-0.013691,0.261921,0.468575,-0.018022,0.251187,0.434117,-0.021808,0.233482,0.477870,0.001477,0.235546,0.446145,-0.007367,0.241985,0.430189,-0.009767,0.246409,0.422932,-0.009759,0.217823,0.481470,0.000987,0.231411,0.448623,-0.012198,0.235311,0.493652,-0.011542,0.227359,0.505723,-0.006067,0.202693,0.489538,-0.002046,0.216928,0.465553,-0.020568,0.221237,0.510824,-0.015650,0.211169,0.521307,-0.006719,0.184611,0.503024,-0.005356,0.201189,0.480499,-0.018303,0.206675,0.511036,-0.013977,0.197534,0.521832,-0.007359
1780387749.669,left,pinch,0.238183,0.615348,0.000000,0.261446,0.587511,-0.010231,0.279579,0.535314,-0.016006,0.287297,0.489491,-0.022355,0.279714,0.453055,-0.027375,0.250981,0.484496,0.000477,0.254728,0.451945,-0.010817,0.265442,0.445013,-0.013903,0.274430,0.442381,-0.013616,0.234901,0.488324,0.000130,0.252059,0.466206,-0.012937,0.255531,0.512824,-0.011067,0.247113,0.516105,-0.005266,0.219792,0.496407,-0.003277,0.238394,0.481995,-0.020701,0.241715,0.525899,-0.015238,0.231333,0.529673,-0.006675,0.202836,0.508795,-0.007338,0.221990,0.495842,-0.018949,0.226609,0.525407,-0.014738,0.216824,0.532324,-0.008379
1780387750.178,left,pinch,0.256439,0.661462,-0.000000,0.282388,0.635415,-0.007778,0.303967,0.584528,-0.013756,0.316036,0.541121,-0.021398,0.309819,0.506332,-0.028159,0.271107,0.513671,0.000516,0.282920,0.484492,-0.012194,0.296055,0.484108,-0.017886,0.307085,0.489142,-0.019293,0.253382,0.514265,-0.001766,0.278050,0.511135,-0.015059,0.278219,0.560309,-0.015037,0.270128,0.567717,-0.010958,0.237904,0.524115,-0.006671,0.264087,0.528176,-0.023077,0.263702,0.573240,-0.018614,0.254392,0.580594,-0.011060,0.222332,0.539990,-0.012245,0.246461,0.538002,-0.022235,0.248726,0.569042,-0.017529,0.239655,0.578292,-0.010899
1780387750.716,left,pinch,0.291544,0.724715,-0.000000,0.321291,0.699717,-0.007516,0.347240,0.661009,-0.016243,0.364600,0.630084,-0.026945,0.368400,0.597677,-0.036447,0.312492,0.563519,-0.002217,0.338216,0.545334,-0.017941,0.353412,0.560597,-0.027351,0.362341,0.576587,-0.031243,0.294381,0.561914,-0.006336,0.330636,0.575852,-0.022858,0.327783,0.627450,-0.027018,0.316516,0.640573,-0.025663,0.279406,0.573675,-0.012590,0.315693,0.593953,-0.029162,0.312196,0.639739,-0.026251,0.301293,0.648985,-0.019729,0.266085,0.593663,-0.019654,0.298083,0.604957,-0.028424,0.299148,0.637715,-0.023014,0.290112,0.647937,-0.015696
1780387751.240,left,pinch,0.314358,0.758631,-0.000000,0.346118,0.740131,-0.005559,0.373983,0.707342,-0.013558,0.392472,0.682793,-0.023814,0.400778,0.652585,-0.032725,0.344708,0.601565,-0.002154,0.373430,0.587967,-0.019451,0.390233,0.610799,-0.029905,0.399829,0.631860,-0.034266,0.327274,0.597448,-0.007537,0.367154,0.622168,-0.025283,0.360704,0.671994,-0.030037,0.346983,0.681088,-0.029272,0.312931,0.609213,-0.014906,0.352123,0.641214,-0.031493,0.344765,0.684950,-0.028323,0.332310,0.688362,-0.022013,0.300300,0.629479,-0.023050,0.333261,0.653308,-0.031199,0.330411,0.684924,-0.025445,0.319885,0.689408,-0.018175
1780387751.768,left,pinch,0.345128,0.808833,-0.000000,0.380946,0.796690,-0.004491,0.409737,0.766145,-0.011900,0.429557,0.748471,-0.021852,0.446843,0.732526,-0.030368,0.388099,0.652556,-0.000564,0.420533,0.656928,-0.017931,0.436575,0.686369,-0.029189,0.446741,0.708155,-0.034742,0.372349,0.648880,-0.006830,0.411905,0.689207,-0.024751,0.400094,0.730767,-0.030194,0.386138,0.734097,-0.030490,0.359582,0.663339,-0.015147,0.397678,0.709811,-0.030448,0.386721,0.745437,-0.028051,0.375913,0.743350,-0.023003,0.349077,0.686765,-0.024507,0.380659,0.723923,-0.031464,0.373691,0.748712,-0.027101,0.363575,0.746843,-0.021534
1780387752.290,left,pinch,0.354544,0.827941,-0.000000,0.393527,0.815963,-0.004413,0.422220,0.787440,-0.011864,0.441907,0.771588,-0.021669,0.459418,0.757480,-0.029715,0.399941,0.669855,-0.000795,0.435298,0.683791,-0.017045,0.450813,0.715547,-0.026631,0.460361,0.737307,-0.031179,0.385470,0.667827,-0.006988,0.426550,0.713100,-0.023370,0.414039,0.751188,-0.027034,0.400818,0.750105,-0.026506,0.374012,0.684622,-0.015234,0.412329,0.735445,-0.029328,0.400413,0.766852,-0.025973,0.389537,0.761574,-0.020779,0.364680,0.710800,-0.024579,0.395752,0.751008,-0.031338,0.387630,0.773368,-0.027103,0.376860,0.769732,-0.021867
1780387752.803,left,pinch,0.358315,0.854275,-0.000000,0.400431,0.847823,-0.007047,0.430645,0.822582,-0.016217,0.451503,0.809849,-0.027408,0.466913,0.801065,-0.036600,0.411842,0.698336,-0.002675,0.446611,0.723432,-0.020793,0.461999,0.758761,-0.031725,0.472383,0.782526,-0.037186,0.396809,0.698611,-0.008458,0.436394,0.751077,-0.026307,0.422385,0.786183,-0.029977,0.410219,0.780615,-0.029386,0.384621,0.717686,-0.016792,0.421511,0.774272,-0.031903,0.409008,0.802348,-0.028214,0.399403,0.793684,-0.022833,0.375087,0.745872,-0.026630,0.404809,0.790756,-0.034307,0.395388,0.810090,-0.030434,0.385002,0.802763,-0.025493
1780387753.339,left,pinch,0.351100,0.874679,0.000000,0.395896,0.871015,-0.010420,0.426463,0.851428,-0.023825,0.448209,0.842905,-0.038605,0.464747,0.839671,-0.050241,0.412357,0.722204,-0.012249,0.448962,0.758294,-0.032224,0.461106,0.801813,-0.041272,0.466780,0.831290,-0.045107,0.396820,0.725685,-0.018217,0.435322,0.790620,-0.038360,0.418873,0.819443,-0.039992,0.406441,0.806724,-0.038180,0.383815,0.747610,-0.026846,0.420122,0.812070,-0.042713,0.405664,0.836084,-0.035919,0.395584,0.824776,-0.029168,0.373287,0.777352,-0.037564,0.403155,0.831650,-0.046994,0.391481,0.847055,-0.042926,0.380225,0.835139,-0.037937
1780387753.880,left,pinch,0.340518,0.882658,0.000000,0.383111,0.882207,-0.013230,0.415314,0.861548,-0.026745,0.438823,0.850295,-0.040910,0.448713,0.845290,-0.052054,0.405004,0.724023,-0.011745,0.438943,0.767990,-0.031613,0.450368,0.810191,-0.042063,0.454878,0.839122,-0.047013,0.387777,0.725759,-0.015739,0.422872,0.796773,-0.035406,0.407752,0.822968,-0.038709,0.396060,0.812147,-0.038193,0.372626,0.746863,-0.022619,0.405955,0.818478,-0.038365,0.392484,0.838649,-0.033885,0.383476,0.827479,-0.028571,0.359943,0.777525,-0.031772,0.388327,0.838525,-0.041274,0.377025,0.850474,-0.038962,0.366111,0.837149,-0.035203
1780387754.418,left,pinch,0.214567,0.690034,-0.000000,0.239729,0.655454,-0.012289,0.259567,0.605520,-0.019667,0.258701,0.561695,-0.026787,0.240149,0.537409,-0.031279,0.227115,0.531298,-0.007170,0.233907,0.503104,-0.023504,0.242277,0.547090,-0.030521,0.241942,0.568181,-0.032131,0.205591,0.536407,-0.007143,0.215396,0.528249,-0.020268,0.223910,0.578661,-0.021180,0.219735,0.584866,-0.019459,0.185000,0.552722,-0.009918,0.196473,0.546227,-0.024487,0.206832,0.590137,-0.018767,0.203926,0.599740,-0.012014,0.163926,0.576093,-0.013724,0.177709,0.567714,-0.022269,0.188662,0.597534,-0.016426,0.187466,0.609252,-0.009562
1780387754.953,left,pinch,0.169301,0.611877,-0.000000,0.188227,0.560192,-0.009861,0.191606,0.499696,-0.012412,0.180066,0.449036,-0.016010,0.160540,0.421934,-0.017469,0.161595,0.474865,0.009131,0.162962,0.441857,-0.005475,0.171664,0.472997,-0.012860,0.169301,0.489064,-0.015135,0.146777,0.487827,0.008443,0.149430,0.453664,-0.007775,0.162746,0.496349,-0.011988,0.158844,0.506453,-0.010001,0.131664,0.506407,0.004072,0.136482,0.479056,-0.016452,0.150958,0.518421,-0.014524,0.146392,0.529657,-0.007039,0.114538,0.530571,-0.000688,0.123259,0.501532,-0.012968,0.135655,0.527042,-0.008914,0.132609,0.540116,-0.002079
1780387755.458,left,pinch,0.190098,0.595609,0.000000,0.213183,0.556445,-0.008270,0.225809,0.499672,-0.010984,0.219140,0.450265,-0.014386,0.204560,0.417977,-0.017594,0.199937,0.477766,0.008043,0.199296,0.446944,0.002030,0.200481,0.423156,0.000673,0.200885,0.404679,0.000361,0.183795,0.482489,0.007268,0.192082,0.445725,-0.004508,0.198306,0.490327,-0.004042,0.193396,0.501745,0.001508,0.168499,0.492199,0.003934,0.176547,0.461768,-0.014557,0.184829,0.507501,-0.009955,0.178108,0.519627,-0.000764,0.150496,0.508705,0.000543,0.161976,0.481475,-0.012158,0.169245,0.512138,-0.007838,0.161927,0.524859,-0.001126
1780387755.997,left,pinch,0.193640,0.591836,0.000000,0.216208,0.555907,-0.008746,0.227895,0.498598,-0.011850,0.222129,0.449355,-0.015593,0.207895,0.417707,-0.019250,0.199084,0.475395,0.006504,0.197922,0.443588,-0.000522,0.201279,0.420525,-0.002978,0.203968,0.404468,-0.003792,0.184253,0.482008,0.005805,0.193497,0.444459,-0.007753,0.200798,0.487370,-0.008928,0.194760,0.503152,-0.004260,0.170184,0.492442,0.002631,0.180140,0.460645,-0.016778,0.188604,0.505074,-0.013214,0.180337,0.520183,-0.004545,0.153061,0.509495,-0.000601,0.166602,0.480587,-0.014167,0.173822,0.510468,-0.010544,0.165315,0.524643,-0.004162
1780387756.536,left,pinch,0.193583,0.596529,0.000000,0.216841,0.553931,-0.007652,0.227310,0.498337,-0.010557,0.222649,0.448893,-0.014760,0.207738,0.417179,-0.018935,0.198640,0.475724,0.008684,0.198473,0.442742,0.001830,0.202045,0.420852,-0.000876,0.203588,0.407427,-0.001962,0.184002,0.482077,0.007048,0.193102,0.444185,-0.006029,0.201009,0.487198,-0.007474,0.194560,0.503355,-0.003257,0.169591,0.492806,0.002847,0.179278,0.460704,-0.016114,0.188268,0.503990,-0.012837,0.179608,0.519146,-0.004589,0.151705,0.510453,-0.001436,0.164912,0.479643,-0.014647,0.173462,0.507882,-0.010888,0.165415,0.522803,-0.004590
1780387757.068,left,pinch,0.190430,0.591457,0.000000,0.213920,0.554212,-0.009075,0.227215,0.497588,-0.012235,0.222904,0.447652,-0.016022,0.208595,0.416517,-0.019504,0.196418,0.476440,0.007942,0.194929,0.446537,0.000720,0.197334,0.422504,-0.002175,0.199923,0.404205,-0.003332,0.181864,0.481801,0.007361,0.189842,0.443791,-0.006155,0.197022,0.485337,-0.007595,0.191656,0.499301,-0.003080,0.167952,0.491170,0.004083,0.177093,0.459151,-0.015258,0.185169,0.502458,-0.012049,0.177114,0.516525,-0.003554,0.150732,0.506571,0.000623,0.163572,0.478507,-0.012571,0.170706,0.507255,-0.009264,0.162713,0.520737,-0.003162
1780387757.585,left,pinch,0.186535,0.591671,0.000000,0.210587,0.559159,-0.008456,0.224944,0.505127,-0.011503,0.219331,0.452051,-0.015380,0.206644,0.419183,-0.018335,0.210372,0.481573,0.011192,0.211629,0.452068,0.003401,0.208419,0.442254,0.000319,0.202881,0.430095,-0.000861,0.193015,0.483946,0.010841,0.195223,0.451026,-0.000913,0.199054,0.491109,-0.002093,0.197429,0.495262,0.001673,0.176522,0.491569,0.007674,0.177823,0.461796,-0.009022,0.184193,0.504430,-0.004410,0.181930,0.512884,0.003865,0.158007,0.503899,0.004093,0.164143,0.483338,-0.006597,0.169379,0.512557,-0.002491,0.166494,0.521414,0.003523
1780387758.131,left,pinch,0.177167,0.598216,-0.000000,0.200152,0.556516,-0.009217,0.213411,0.503686,-0.009423,0.206364,0.451526,-0.009773,0.193367,0.421881,-0.007436,0.214230,0.482956,0.014459,0.209072,0.442084,0.004365,0.201530,0.446665,-0.002005,0.196691,0.442443,-0.004795,0.195543,0.487198,0.014846,0.191761,0.453369,0.001829,0.192572,0.492856,-0.003414,0.192933,0.498073,-0.002849,0.177338,0.495525,0.012014,0.173582,0.463125,-0.005887,0.178395,0.507138,-0.004526,0.178575,0.515691,0.002105,0.157852,0.507612,0.008671,0.160410,0.484400,-0.002674,0.164374,0.513983,0.000370,0.163624,0.521497,0.006174
1780387758.664,left,pinch,0.181183,0.596102,-0.000000,0.204174,0.556455,-0.009814,0.218254,0.505341,-0.011779,0.211550,0.453516,-0.013991,0.197797,0.422034,-0.013990,0.212619,0.479916,0.012149,0.207490,0.444171,0.002062,0.199102,0.430301,-0.003444,0.189887,0.415047,-0.005744,0.193976,0.484284,0.012490,0.190910,0.454965,-0.000144,0.194901,0.496136,-0.002634,0.196903,0.498550,-0.000055,0.176660,0.492600,0.009533,0.172619,0.465336,-0.007674,0.179335,0.507278,-0.003460,0.180253,0.512739,0.004710,0.157641,0.505415,0.005770,0.159239,0.485295,-0.004569,0.163965,0.513260,-0.000055,0.162808,0.519193,0.006376
1780387759.168,left,pinch,0.179881,0.597047,-0.000000,0.201136,0.555987,-0.011367,0.213335,0.502582,-0.014251,0.205334,0.450210,-0.017229,0.191983,0.418306,-0.017612,0.210107,0.480240,0.010448,0.205659,0.442226,-0.001164,0.199442,0.443511,-0.006748,0.193262,0.438686,-0.008556,0.191979,0.484949,0.011197,0.189371,0.453794,-0.002267,0.192037,0.495901,-0.004671,0.192381,0.497159,-0.001959,0.174794,0.493756,0.008359,0.171840,0.464793,-0.010110,0.177646,0.507637,-0.005889,0.177196,0.512713,0.002572,0.155551,0.506204,0.004701,0.158758,0.485326,-0.006897,0.163141,0.513989,-0.002599,0.161029,0.519589,0.003994
1780387759.671,left,pinch,0.200027,0.590125,-0.000000,0.223601,0.554029,-0.009560,0.240000,0.503995,-0.012123,0.235396,0.452889,-0.015139,0.221784,0.422884,-0.015618,0.234278,0.480525,0.010379,0.234465,0.450978,-0.001940,0.230954,0.471991,-0.008611,0.226094,0.479603,-0.010841,0.216478,0.482206,0.010539,0.216541,0.455805,-0.001902,0.217545,0.497140,-0.005045,0.216359,0.497730,-0.003479,0.199324,0.488929,0.007379,0.199268,0.465220,-0.009253,0.203187,0.506411,-0.005820,0.201028,0.510143,0.001360,0.180083,0.498880,0.003639,0.185095,0.481556,-0.006017,0.188143,0.509152,-0.001265,0.185255,0.513663,0.005223
1780387760.184,left,pinch,0.250710,0.585678,-0.000000,0.279869,0.558096,-0.003841,0.297164,0.515766,-0.003621,0.300060,0.467748,-0.005408,0.292414,0.436006,-0.006482,0.286918,0.499797,0.016964,0.294277,0.476736,0.010407,0.293069,0.482962,0.005701,0.287387,0.479864,0.003300,0.272366,0.495023,0.015045,0.279991,0.465873,0.005704,0.278615,0.502130,0.001881,0.274120,0.508696,0.002762,0.257217,0.495128,0.010694,0.264776,0.467189,-0.003032,0.265114,0.507137,-0.001148,0.259022,0.517414,0.004665,0.239601,0.498647,0.006265,0.249916,0.479827,-0.001821,0.251039,0.504547,0.001785,0.245129,0.512047,0.006882
1780387760.726,left,pinch,0.297330,0.623386,0.000000,0.320501,0.604707,-0.006862,0.339936,0.559524,-0.010643,0.349729,0.518567,-0.015282,0.343159,0.488249,-0.019324,0.314440,0.514519,0.002209,0.322256,0.486951,-0.007105,0.331283,0.476310,-0.011240,0.337481,0.471546,-0.012526,0.300192,0.513469,0.001041,0.316293,0.495349,-0.009970,0.316768,0.534533,-0.009833,0.308953,0.540511,-0.006260,0.285924,0.516165,-0.002480,0.303299,0.504781,-0.016922,0.304037,0.542142,-0.012715,0.294689,0.548407,-0.006001,0.269403,0.523495,-0.006439,0.288568,0.513433,-0.015833,0.291349,0.539702,-0.012035,0.282312,0.547886,-0.006775
1780387761.234,left,pinch,0.348054,0.771600,-0.000000,0.383244,0.759057,-0.004038,0.410616,0.729846,-0.010880,0.429644,0.710556,-0.020423,0.443439,0.688756,-0.028612,0.389032,0.619135,0.001099,0.420453,0.620749,-0.016325,0.435978,0.649041,-0.027983,0.445936,0.670439,-0.033714,0.373708,0.614608,-0.005198,0.411913,0.655839,-0.022710,0.400555,0.697417,-0.028196,0.387617,0.700645,-0.028601,0.360941,0.627402,-0.013673,0.398429,0.672368,-0.029514,0.387156,0.708520,-0.027117,0.376835,0.706468,-0.021902,0.350393,0.648442,-0.023066,0.381464,0.682704,-0.030608,0.374164,0.708787,-0.025815,0.364238,0.708010,-0.019710
1780387761.751,left,pinch,0.362520,0.811044,-0.000000,0.400416,0.792157,-0.002500,0.426261,0.756145,-0.008794,0.446476,0.734387,-0.017683,0.465316,0.715417,-0.025134,0.399489,0.650554,0.000938,0.435860,0.653620,-0.014575,0.454518,0.679526,-0.024433,0.465626,0.699234,-0.029377,0.386546,0.650054,-0.005694,0.429745,0.684506,-0.021056,0.419316,0.721340,-0.024537,0.404825,0.722904,-0.024137,0.377773,0.668297,-0.014257,0.419073,0.711148,-0.027806,0.408521,0.742522,-0.024367,0.396436,0.738843,-0.019275,0.371938,0.695146,-0.023720,0.404405,0.730323,-0.030559,0.397187,0.752639,-0.026592,0.386005,0.749589,-0.021638
1780387762.263,left,pinch,0.372865,0.775584,-0.000000,0.406653,0.744757,-0.002745,0.427784,0.701968,-0.008023,0.443297,0.672685,-0.015554,0.455850,0.642143,-0.021867,0.393450,0.620501,0.002969,0.422879,0.605522,-0.009895,0.442492,0.614364,-0.018945,0.455108,0.626257,-0.023876,0.381038,0.617667,-0.002544,0.421809,0.630222,-0.015643,0.417953,0.668715,-0.019758,0.405779,0.676611,-0.020124,0.374211,0.630145,-0.009849,0.415384,0.652328,-0.022696,0.410225,0.688447,-0.020692,0.398975,0.691252,-0.016592,0.370617,0.650923,-0.017831,0.403403,0.667464,-0.024711,0.401394,0.692507,-0.021164,0.391560,0.695548,-0.016618
1780387762.814,left,pinch,0.378579,0.750554,-0.000000,0.408941,0.714067,-0.000476,0.426122,0.669151,-0.004615,0.438443,0.638330,-0.011609,0.448377,0.605259,-0.017434,0.389186,0.600509,0.005868,0.413719,0.575456,-0.007004,0.433468,0.579771,-0.016146,0.447718,0.587170,-0.021244,0.377617,0.597142,-0.000628,0.416908,0.599996,-0.015090,0.414194,0.640460,-0.019682,0.402166,0.651071,-0.019957,0.371663,0.606783,-0.008836,0.412858,0.619843,-0.022587,0.408859,0.658104,-0.020605,0.397479,0.663376,-0.016201,0.369398,0.623418,-0.017566,0.402810,0.635905,-0.024579,0.400914,0.662427,-0.021055,0.390151,0.666870,-0.016474
1780387763.332,left,pinch,0.380250,0.745232,-0.000000,0.409593,0.713000,-0.002241,0.427673,0.668088,-0.006629,0.441031,0.636074,-0.013475,0.449186,0.602885,-0.019076,0.391996,0.597682,0.005098,0.416699,0.572891,-0.008305,0.436150,0.579612,-0.017770,0.449901,0.589472,-0.022565,0.380177,0.594561,-0.000371,0.418853,0.599490,-0.014461,0.415475,0.639668,-0.018833,0.403903,0.648703,-0.018782,0.373904,0.604625,-0.007811,0.414310,0.619111,-0.021237,0.409594,0.656280,-0.019303,0.398578,0.660312,-0.014758,0.371055,0.621055,-0.015922,0.403757,0.633095,-0.022509,0.401807,0.658923,-0.018736,0.391906,0.663144,-0.013791
1780387763.837,left,pinch,0.372300,0.728469,-0.000000,0.402716,0.685778,-0.000575,0.417077,0.638352,-0.005275,0.429359,0.608985,-0.012688,0.440524,0.581261,-0.019009,0.371004,0.575380,0.002984,0.402403,0.551624,-0.010136,0.424041,0.554434,-0.019926,0.439375,0.558310,-0.025732,0.362406,0.579285,-0.003740,0.407302,0.578914,-0.017685,0.405413,0.614019,-0.022043,0.392420,0.623691,-0.022913,0.361104,0.595246,-0.011974,0.405630,0.601879,-0.024265,0.403513,0.636474,-0.021855,0.392288,0.643323,-0.017925,0.364267,0.616342,-0.020897,0.399063,0.621553,-0.026875,0.398708,0.646096,-0.023157,0.389170,0.652686,-0.018890
1780387764.339,left,pinch,0.373379,0.727230,-0.000000,0.403374,0.682444,-0.000932,0.417561,0.633853,-0.005802,0.430134,0.603205,-0.013359,0.441873,0.574835,-0.019581,0.371353,0.572065,0.003132,0.402113,0.546702,-0.009743,0.423566,0.551946,-0.018658,0.437827,0.558873,-0.023626,0.363325,0.575798,-0.003524,0.408108,0.573462,-0.017345,0.407114,0.610226,-0.021250,0.394489,0.620975,-0.021596,0.362123,0.590726,-0.011772,0.406010,0.595785,-0.023561,0.403689,0.630405,-0.020971,0.392024,0.637374,-0.016992,0.365013,0.610836,-0.020769,0.399469,0.616493,-0.026251,0.398526,0.641031,-0.022473,0.388704,0.647229,-0.018228
1780387764.861,left,pinch,0.339777,0.715267,0.000000,0.365909,0.681586,-0.003175,0.384495,0.630822,-0.008559,0.398202,0.594298,-0.016336,0.405836,0.560266,-0.022635,0.341039,0.558477,0.003258,0.367879,0.527491,-0.011756,0.388863,0.536306,-0.021708,0.403028,0.547678,-0.026301,0.327834,0.559487,-0.002058,0.370964,0.561145,-0.017046,0.368415,0.603496,-0.021094,0.355870,0.614304,-0.020649,0.320936,0.572876,-0.009525,0.365284,0.583111,-0.023287,0.361209,0.621678,-0.020913,0.350340,0.627691,-0.016029,0.318436,0.592035,-0.017832,0.355188,0.601049,-0.024534,0.353792,0.626672,-0.020859,0.344182,0.633330,-0.015747
1780387765.402,left,pinch,0.217430,0.638469,-0.000000,0.242401,0.604951,-0.010316,0.257012,0.547322,-0.014867,0.257277,0.493772,-0.020494,0.245722,0.458256,-0.024843,0.233894,0.500753,0.003141,0.239147,0.459101,-0.010148,0.243267,0.460797,-0.014965,0.241448,0.468581,-0.015315,0.215723,0.507671,0.002718,0.226737,0.479250,-0.011471,0.231039,0.529174,-0.011018,0.225108,0.535362,-0.006011,0.198732,0.519559,-0.001064,0.211599,0.501884,-0.019865,0.215489,0.546993,-0.014556,0.207610,0.553567,-0.005613,0.179205,0.535418,-0.005500,0.193650,0.518667,-0.017597,0.199226,0.548190,-0.012709,0.192645,0.556233,-0.005664
1780387765.925,left,pinch,0.209413,0.651942,-0.000000,0.235593,0.612039,-0.009800,0.247150,0.550746,-0.012833,0.242506,0.493158,-0.016890,0.229145,0.455137,-0.018184,0.231089,0.515498,0.008004,0.230387,0.472711,-0.008553,0.234941,0.505868,-0.016204,0.233485,0.525137,-0.017707,0.213753,0.520590,0.007369,0.215812,0.485480,-0.008369,0.222480,0.536586,-0.011103,0.219699,0.541097,-0.008235,0.196075,0.531198,0.002904,0.198747,0.504688,-0.017502,0.206776,0.553365,-0.013498,0.203143,0.558723,-0.004721,0.175702,0.545396,-0.001997,0.182588,0.523835,-0.013960,0.189522,0.555957,-0.008637,0.185620,0.564191,-0.000984
1780387766.426,left,pinch,0.233649,0.649403,-0.000000,0.248635,0.592153,-0.005222,0.251221,0.530225,-0.012269,0.251898,0.486400,-0.021836,0.244768,0.447502,-0.029650,0.188367,0.501679,0.002713,0.201379,0.453387,-0.012157,0.220982,0.441472,-0.020112,0.237155,0.437912,-0.022792,0.174992,0.515671,-0.001855,0.213072,0.484226,-0.015471,0.225292,0.527043,-0.017277,0.218051,0.543955,-0.015405,0.170376,0.536075,-0.009004,0.211037,0.505383,-0.023355,0.220691,0.544954,-0.019473,0.213240,0.560807,-0.013429,0.170223,0.559404,-0.017119,0.204215,0.528597,-0.024520,0.213382,0.554084,-0.019720,0.207765,0.571198,-0.013556
1780387766.953,left,pinch,0.258939,0.623205,0.000000,0.273721,0.575899,-0.004818,0.276633,0.519736,-0.010130,0.279154,0.475015,-0.018053,0.271883,0.439951,-0.024304,0.229239,0.495791,0.006145,0.234416,0.455402,-0.007788,0.249685,0.437971,-0.015309,0.263627,0.428094,-0.018026,0.218558,0.502967,0.001842,0.245363,0.470722,-0.013490,0.256287,0.510145,-0.015673,0.248264,0.524477,-0.012971,0.211926,0.512770,-0.005274,0.242269,0.484770,-0.022199,0.251533,0.524422,-0.018680,0.242968,0.540223,-0.011548,0.207174,0.526175,-0.013145,0.235024,0.499339,-0.022556,0.242965,0.524925,-0.018377,0.235897,0.541719,-0.012079
1780387767.509,left,pinch,0.281295,0.603966,0.000000,0.297158,0.563103,-0.002328,0.302758,0.513726,-0.004006,0.308127,0.475401,-0.008834,0.304898,0.442780,-0.012309,0.270343,0.492611,0.014795,0.275934,0.458697,0.003483,0.287914,0.446143,-0.003449,0.298873,0.435087,-0.006345,0.261077,0.495779,0.010309,0.279782,0.471019,-0.004989,0.284687,0.507167,-0.009457,0.277581,0.517484,-0.007937,0.252349,0.500381,0.002883,0.274484,0.478994,-0.014443,0.278235,0.515637,-0.013464,0.269281,0.526128,-0.007436,0.242745,0.508275,-0.004910,0.266684,0.485957,-0.014769,0.270671,0.510999,-0.012187,0.262346,0.524447,-0.006981
1780387768.014,left,pinch,0.232312,0.578237,0.000000,0.250504,0.545645,-0.005834,0.259053,0.492663,-0.007049,0.260595,0.449941,-0.009233,0.251549,0.422990,-0.011269,0.233252,0.477738,0.005848,0.234960,0.448358,-0.000235,0.241426,0.429941,-0.003855,0.244866,0.415852,-0.005722,0.222213,0.481593,0.004908,0.232732,0.455664,-0.005908,0.238211,0.487436,-0.008866,0.230646,0.499959,-0.007309,0.210680,0.488207,0.001989,0.222291,0.465200,-0.012491,0.228615,0.497623,-0.011637,0.220904,0.510413,-0.006666,0.196977,0.499173,-0.001028,0.211484,0.476120,-0.010820,0.218066,0.497710,-0.008817,0.211466,0.511615,-0.004688
1780387768.611,left,pinch,0.187759,0.532842,0.000000,0.205771,0.484454,-0.007294,0.212900,0.420629,-0.007718,0.211541,0.371426,-0.008661,0.202779,0.341398,-0.008614,0.187217,0.415990,0.009078,0.189446,0.382351,0.004499,0.194177,0.379333,0.001151,0.194325,0.366706,-0.000541,0.173352,0.420964,0.009861,0.179002,0.388189,0.002591,0.185235,0.412047,-0.000650,0.181899,0.415522,0.000115,0.160613,0.428634,0.008410,0.167378,0.398093,0.000613,0.173140,0.421627,0.002330,0.169141,0.427300,0.006392,0.147486,0.439743,0.006127,0.154998,0.409491,0.002678,0.159589,0.422518,0.005879,0.156723,0.430904,0.010032
1780387769.174,left,pinch,0.235760,0.337265,-0.000000,0.263184,0.310391,-0.005425,0.277041,0.259877,-0.005475,0.282121,0.210479,-0.007472,0.277432,0.172443,-0.008854,0.261324,0.233994,0.016410,0.270955,0.208751,0.010649,0.274051,0.204864,0.007748,0.271243,0.189984,0.006379,0.247067,0.230530,0.015161,0.256694,0.203468,0.004180,0.256222,0.241316,0.001426,0.249121,0.244202,0.003999,0.232112,0.231273,0.011029,0.242645,0.205190,-0.004594,0.243805,0.244639,-0.003461,0.236026,0.250286,0.002509,0.215331,0.233706,0.006772,0.227964,0.213825,-0.003188,0.229625,0.238564,-0.001252,0.222242,0.244913,0.003093
1780387769.701,left,pinch,0.247214,0.375470,-0.000000,0.266459,0.348835,-0.007845,0.279658,0.301513,-0.011133,0.281884,0.259136,-0.015135,0.275707,0.227052,-0.016360,0.273782,0.259183,0.003615,0.281668,0.229587,-0.008547,0.279680,0.266740,-0.012588,0.273549,0.275482,-0.013136,0.257462,0.257281,0.002459,0.265055,0.235496,-0.009158,0.264299,0.283671,-0.008753,0.258756,0.279601,-0.005191,0.240335,0.261099,-0.001645,0.247252,0.242820,-0.015670,0.249756,0.285769,-0.009833,0.244197,0.283768,-0.002331,0.221296,0.267190,-0.006333,0.229556,0.253611,-0.013874,0.234331,0.282433,-0.007848,0.230199,0.285652,-0.001121
1780387770.256,left,pinch,0.289144,0.441701,-0.000000,0.312891,0.432075,-0.010848,0.336440,0.410831,-0.020351,0.348043,0.385495,-0.030219,0.340337,0.361168,-0.037916,0.332157,0.312681,-0.006685,0.343723,0.311234,-0.022541,0.344508,0.336770,-0.030173,0.340890,0.354790,-0.032226,0.313204,0.299836,-0.007842,0.324983,0.324469,-0.019644,0.319966,0.367298,-0.020358,0.315529,0.366621,-0.017985,0.294211,0.302569,-0.011602,0.305969,0.334001,-0.023961,0.302884,0.369098,-0.019642,0.298411,0.367037,-0.013989,0.274645,0.314089,-0.016654,0.286830,0.335000,-0.023667,0.287267,0.362208,-0.019073,0.283385,0.364066,-0.013308
1780387770.779,left,pinch,0.367222,0.500062,-0.000000,0.393994,0.502898,-0.008475,0.420938,0.486808,-0.017055,0.439547,0.476552,-0.026743,0.450512,0.463130,-0.034276,0.421714,0.374666,-0.004821,0.442761,0.390613,-0.022673,0.448537,0.423794,-0.032927,0.451775,0.443977,-0.037211,0.405271,0.360708,-0.008238,0.427595,0.413546,-0.023796,0.413510,0.449237,-0.026995,0.404706,0.443489,-0.026313,0.387881,0.364370,-0.014201,0.409402,0.422888,-0.028767,0.397701,0.450617,-0.025935,0.392163,0.441092,-0.021074,0.371054,0.377801,-0.021417,0.391239,0.422961,-0.028782,0.382823,0.444391,-0.024985,0.375056,0.439068,-0.019817
1780387771.295,left,pinch,0.426957,0.580013,-0.000000,0.459957,0.582280,-0.002038,0.491954,0.562129,-0.006766,0.514620,0.551571,-0.014237,0.533873,0.539747,-0.020633,0.489460,0.458008,0.002890,0.517954,0.470605,-0.011408,0.530054,0.498749,-0.020507,0.538941,0.519179,-0.025240,0.477055,0.443174,-0.003357,0.505926,0.498240,-0.018933,0.488036,0.530040,-0.023281,0.474322,0.524325,-0.023264,0.463431,0.444915,-0.011407,0.490261,0.504578,-0.026629,0.472938,0.532357,-0.024727,0.462096,0.523214,-0.020129,0.449811,0.454935,-0.020002,0.473780,0.503424,-0.027777,0.463331,0.525502,-0.023900,0.453408,0.519550,-0.018676
1780387771.823,left,pinch,0.493483,0.615969,-0.000000,0.531403,0.612288,-0.001693,0.560839,0.593346,-0.007937,0.584292,0.584048,-0.017363,0.603245,0.563675,-0.025340,0.543971,0.491422,0.006187,0.576661,0.497335,-0.008963,0.595708,0.525352,-0.019525,0.608292,0.549496,-0.024953,0.535322,0.478666,-0.000629,0.573503,0.527338,-0.015938,0.558540,0.561126,-0.020444,0.543368,0.556778,-0.020556,0.527807,0.482874,-0.009665,0.563706,0.537147,-0.023787,0.548032,0.566826,-0.021171,0.535129,0.559658,-0.016331,0.521301,0.496114,-0.019525,0.550085,0.541949,-0.026192,0.540075,0.563120,-0.021924,0.528064,0.557804,-0.016626
1780387772.326,left,pinch,0.552378,0.629922,-0.000000,0.588330,0.632719,0.001005,0.618155,0.613760,-0.002396,0.642640,0.604418,-0.009089,0.663159,0.589058,-0.014617,0.600271,0.508927,0.010244,0.637481,0.520960,-0.002330,0.657429,0.550636,-0.012857,0.670094,0.575112,-0.019113,0.596610,0.497102,0.002834,0.636746,0.546503,-0.011720,0.622168,0.579085,-0.017889,0.605755,0.578002,-0.019286,0.594449,0.502941,-0.006267,0.632100,0.558503,-0.019800,0.615058,0.587434,-0.018666,0.599945,0.581223,-0.014712,0.593212,0.516917,-0.015803,0.623122,0.564983,-0.022299,0.611683,0.585068,-0.018921,0.598548,0.578861,-0.014349
1780387772.846,left,pinch,0.594654,0.642714,0.000000,0.627509,0.641873,0.000697,0.652424,0.623940,-0.003472,0.675595,0.615508,-0.010256,0.694887,0.600452,-0.015799,0.630217,0.520803,0.007536,0.671238,0.544106,-0.002864,0.691021,0.571408,-0.012062,0.703302,0.591418,-0.018021,0.629426,0.512066,0.001040,0.671176,0.557382,-0.011052,0.661307,0.590532,-0.016593,0.646693,0.596386,-0.018298,0.630981,0.519463,-0.006647,0.671894,0.568710,-0.017069,0.658483,0.597263,-0.016446,0.643330,0.595059,-0.013892,0.634511,0.534848,-0.014705,0.664807,0.579186,-0.019656,0.654903,0.599493,-0.017395,0.642276,0.595883,-0.014277
1780387773.382,left,pinch,0.617122,0.614243,0.000000,0.634031,0.605109,0.001693,0.653541,0.585520,-0.001522,0.677869,0.580628,-0.006921,0.696045,0.572329,-0.011098,0.638470,0.500947,0.007186,0.672054,0.518382,-0.000012,0.687163,0.539765,-0.007232,0.695955,0.552823,-0.012703,0.643668,0.496503,0.001109,0.675541,0.523563,-0.007402,0.670862,0.553140,-0.012007,0.660633,0.565043,-0.014222,0.650272,0.503680,-0.005721,0.682722,0.533919,-0.013164,0.674509,0.562586,-0.011481,0.662817,0.569590,-0.009153,0.658285,0.518079,-0.012969,0.683505,0.551795,-0.017020,0.675770,0.572152,-0.014801,0.664666,0.575986,-0.012187
1780387773.895,left,pinch,0.597372,0.558985,-0.000000,0.608568,0.551363,0.001787,0.623212,0.540175,-0.001579,0.641724,0.536769,-0.006520,0.654065,0.530380,-0.010602,0.603256,0.484853,0.001007,0.619990,0.496706,-0.005151,0.624171,0.518283,-0.011304,0.621526,0.531462,-0.015935,0.609420,0.473263,-0.004089,0.626660,0.492456,-0.009531,0.628060,0.513003,-0.015185,0.623049,0.525555,-0.019619,0.618288,0.472752,-0.009212,0.637474,0.498282,-0.014953,0.635370,0.523738,-0.017097,0.628738,0.536141,-0.018613,0.629097,0.478296,-0.014386,0.647660,0.510821,-0.018440,0.646861,0.529032,-0.019178,0.642270,0.537509,-0.019520
1780387774.429,left,pinch,0.597345,0.575697,0.000000,0.619002,0.593834,0.002509,0.636365,0.593157,0.002472,0.651706,0.592353,-0.000212,0.664603,0.584560,-0.001934,0.626867,0.523439,0.013429,0.646167,0.543185,0.007476,0.656014,0.562007,0.000907,0.661538,0.575975,-0.003519,0.628646,0.508986,0.008155,0.647725,0.543238,0.000234,0.640309,0.561931,-0.005506,0.631559,0.563833,-0.008131,0.631336,0.503079,0.001663,0.650886,0.543588,-0.006309,0.639282,0.561103,-0.007283,0.628251,0.558184,-0.006241,0.634265,0.500398,-0.005028,0.649991,0.541510,-0.008715,0.641104,0.554507,-0.007735,0.631684,0.551170,-0.006035
1780387774.980,left,pinch,0.609630,0.580219,0.000000,0.627349,0.605650,0.001128,0.649327,0.616030,-0.000029,0.668319,0.623285,-0.004405,0.684421,0.619075,-0.008130,0.655308,0.556501,0.016216,0.671619,0.570735,0.009301,0.681274,0.590538,0.003539,0.688834,0.610464,0.000343,0.656527,0.544092,0.010908,0.668361,0.576016,-0.000059,0.652456,0.584109,-0.004504,0.644589,0.575941,-0.004224,0.656253,0.533444,0.003620,0.667049,0.571154,-0.008219,0.649836,0.577218,-0.007870,0.641624,0.565207,-0.004036,0.654384,0.521148,-0.003861,0.665022,0.561719,-0.009626,0.652970,0.567139,-0.007413,0.644626,0.556183,-0.003673
1780387775.547,left,pinch,0.640446,0.577878,0.000000,0.659768,0.608610,-0.001820,0.686739,0.621967,-0.004046,0.708919,0.634155,-0.009148,0.727592,0.630225,-0.013221,0.699774,0.564195,0.013205,0.717081,0.578857,0.003298,0.726180,0.599755,-0.002831,0.732652,0.620569,-0.005388,0.697745,0.549653,0.008929,0.711196,0.584587,-0.005887,0.690244,0.590852,-0.009408,0.682987,0.579311,-0.006889,0.695733,0.535803,0.002154,0.706829,0.574991,-0.013940,0.686409,0.579335,-0.012058,0.679456,0.564862,-0.005481,0.692400,0.520459,-0.004894,0.702719,0.561728,-0.013838,0.688713,0.566300,-0.010965,0.681184,0.552458,-0.005562
1780387776.049,left,pinch,0.672494,0.565013,0.000000,0.691893,0.599975,-0.003806,0.719407,0.616269,-0.005410,0.742130,0.629380,-0.009604,0.761296,0.623185,-0.013022,0.732266,0.563544,0.013898,0.750063,0.573987,0.003494,0.760155,0.595553,-0.004090,0.767873,0.616349,-0.007878,0.730309,0.548494,0.010211,0.745735,0.576281,-0.007396,0.725099,0.582276,-0.014015,0.715442,0.571613,-0.012887,0.728591,0.531941,0.003812,0.741481,0.565197,-0.015008,0.720218,0.568344,-0.015018,0.711834,0.552289,-0.008745,0.725906,0.512193,-0.002930,0.737581,0.550075,-0.013901,0.723421,0.553407,-0.011982,0.715850,0.537229,-0.006964
1780387776.569,left,pinch,0.720754,0.491078,0.000000,0.740682,0.533413,-0.005277,0.770501,0.554929,-0.007993,0.796386,0.567646,-0.012910,0.818227,0.559321,-0.017567,0.784601,0.506888,0.009757,0.804074,0.518340,0.000764,0.816611,0.537555,-0.004013,0.826461,0.553349,-0.006083,0.783095,0.486469,0.006821,0.799343,0.515381,-0.008672,0.775993,0.520011,-0.011867,0.766937,0.503880,-0.008634,0.781214,0.464362,0.001264,0.795066,0.496069,-0.017412,0.771496,0.500333,-0.015600,0.763350,0.480870,-0.008308,0.777969,0.437875,-0.004476,0.790755,0.474837,-0.016431,0.775118,0.482524,-0.013828,0.767055,0.464537,-0.008355
1780387777.070,left,pinch,0.771722,0.405123,0.000000,0.790710,0.445907,-0.008411,0.825408,0.470126,-0.011917,0.854993,0.482847,-0.016759,0.880222,0.473569,-0.021530,0.846361,0.427161,0.004938,0.865456,0.442435,-0.005306,0.878431,0.459665,-0.009852,0.888964,0.474306,-0.011443,0.843765,0.400550,0.003485,0.861101,0.431364,-0.012111,0.834281,0.434962,-0.013090,0.823718,0.423083,-0.008201,0.839657,0.373807,-0.000850,0.851750,0.409308,-0.020817,0.824935,0.412884,-0.017139,0.815328,0.398147,-0.008329,0.833355,0.344129,-0.005580,0.844813,0.384378,-0.018721,0.825772,0.390214,-0.015315,0.816358,0.373858,-0.009074
1780387777.619,left,pinch,0.782570,0.315350,-0.000000,0.802341,0.356741,-0.008650,0.839255,0.382716,-0.014242,0.870933,0.392452,-0.021333,0.893368,0.375816,-0.027482,0.875856,0.344791,-0.000076,0.898536,0.357443,-0.015747,0.906440,0.361957,-0.023244,0.904628,0.361028,-0.025172,0.875101,0.306349,-0.002336,0.880894,0.336070,-0.017820,0.852125,0.337917,-0.017457,0.843378,0.324815,-0.012569,0.868373,0.273144,-0.007692,0.867532,0.306439,-0.026041,0.841783,0.311390,-0.019978,0.834742,0.298965,-0.011001,0.857469,0.241091,-0.013958,0.858451,0.272542,-0.025344,0.840644,0.282937,-0.019872,0.834521,0.273821,-0.012392
1780387778.147,left,pinch,0.761495,0.230201,-0.000000,0.784501,0.263769,-0.008194,0.818262,0.282497,-0.012677,0.847238,0.283451,-0.018569,0.866885,0.260231,-0.023280,0.854980,0.234560,0.001164,0.879129,0.233650,-0.013768,0.881801,0.244672,-0.023011,0.877037,0.252271,-0.026588,0.854035,0.201297,-0.000504,0.862321,0.225424,-0.015629,0.837146,0.236964,-0.019094,0.823669,0.232177,-0.017087,0.846929,0.171783,-0.004899,0.844450,0.202344,-0.019834,0.821480,0.211233,-0.016677,0.811894,0.204427,-0.010195,0.835285,0.144355,-0.010473,0.830779,0.173232,-0.018132,0.815937,0.183377,-0.014080,0.810305,0.175599,-0.008153
1780387778.684,left,pinch,0.786423,0.198772,-0.000000,0.806733,0.227643,-0.012901,0.843816,0.238545,-0.019164,0.875619,0.232767,-0.025721,0.899103,0.209273,-0.030876,0.878179,0.205703,-0.002376,0.903320,0.196774,-0.016852,0.914402,0.196537,-0.024449,0.916853,0.196549,-0.027285,0.875819,0.170896,-0.002740,0.891185,0.183393,-0.018860,0.863780,0.193190,-0.019840,0.851682,0.188666,-0.015442,0.867813,0.139352,-0.006274,0.875565,0.154505,-0.024512,0.850932,0.169310,-0.018669,0.841213,0.167254,-0.009468,0.855614,0.107502,-0.011156,0.863380,0.122825,-0.022923,0.848153,0.140393,-0.017601,0.841297,0.141614,-0.010079
1780387779.199,left,pinch,0.736272,0.172660,-0.000000,0.762673,0.197170,-0.009022,0.795612,0.200839,-0.014300,0.823848,0.188524,-0.021657,0.845988,0.165165,-0.027550,0.826183,0.168999,0.002731,0.858251,0.157874,-0.013268,0.856909,0.160326,-0.022404,0.846246,0.163651,-0.025134,0.819794,0.139355,0.000883,0.840188,0.136928,-0.016444,0.815018,0.153679,-0.021371,0.799884,0.157743,-0.019576,0.810848,0.111386,-0.003913,0.827273,0.111361,-0.022408,0.803315,0.134768,-0.019225,0.787622,0.142045,-0.011258,0.798813,0.081757,-0.009590,0.815152,0.077727,-0.021062,0.802202,0.100800,-0.016188,0.790822,0.112397,-0.008531
1780387779.739,left,pinch,0.614691,0.192474,-0.000000,0.633938,0.206496,-0.011070,0.654491,0.206798,-0.018836,0.668868,0.192684,-0.027709,0.676873,0.164785,-0.034843,0.694054,0.177626,-0.004193,0.719609,0.152333,-0.021263,0.704650,0.151278,-0.032346,0.688469,0.162439,-0.036599,0.685570,0.147038,-0.005295,0.706426,0.123384,-0.023702,0.681045,0.134782,-0.030050,0.664502,0.153947,-0.029106,0.675020,0.120155,-0.009055,0.692281,0.096592,-0.025526,0.670611,0.113926,-0.024126,0.655691,0.136077,-0.017827,0.662468,0.098934,-0.013910,0.676209,0.077230,-0.024007,0.662687,0.093497,-0.020550,0.651578,0.114400,-0.014201
1780387780.259,left,pinch,0.544933,0.239824,-0.000000,0.559894,0.245109,-0.012512,0.575062,0.238890,-0.020453,0.581894,0.210730,-0.028377,0.584775,0.181657,-0.034197,0.607621,0.216336,-0.006520,0.624581,0.189036,-0.022162,0.612527,0.182035,-0.030736,0.600226,0.188555,-0.033629,0.598010,0.190838,-0.005569,0.603181,0.166747,-0.022984,0.583918,0.182774,-0.027696,0.577285,0.203493,-0.026264,0.588288,0.169618,-0.007298,0.592360,0.147732,-0.023714,0.577021,0.165229,-0.022444,0.570960,0.185281,-0.016785,0.578162,0.152481,-0.010167,0.583522,0.131672,-0.020516,0.572673,0.145122,-0.018281,0.567060,0.163616,-0.012983
1780387780.866,left,pinch,0.490322,0.374144,-0.000000,0.503664,0.366653,-0.018191,0.524921,0.350247,-0.024299,0.538503,0.326620,-0.028408,0.545021,0.299877,-0.030031,0.556886,0.341945,-0.005231,0.563540,0.307294,-0.020199,0.550248,0.301324,-0.029769,0.541089,0.306116,-0.033695,0.545889,0.320527,-0.000532,0.545313,0.286426,-0.017978,0.529030,0.303073,-0.024369,0.525138,0.319994,-0.023827,0.533540,0.304911,0.000870,0.530397,0.277391,-0.016970,0.517181,0.298228,-0.018176,0.515171,0.315144,-0.013553,0.521257,0.295565,0.000773,0.519893,0.274859,-0.011466,0.510668,0.291269,-0.011596,0.509278,0.306943,-0.007584
1780387781.401,left,pinch,0.408504,0.487390,-0.000000,0.429466,0.484269,-0.009516,0.449445,0.457637,-0.011756,0.460061,0.422367,-0.013867,0.464985,0.394852,-0.014097,0.461827,0.440020,0.003041,0.474074,0.409358,-0.006798,0.470459,0.409129,-0.012081,0.466611,0.412415,-0.013849,0.448637,0.426663,0.003888,0.454445,0.406196,-0.006598,0.446334,0.427643,-0.009729,0.445904,0.438102,-0.008938,0.434277,0.418125,0.002187,0.438268,0.403328,-0.010975,0.430802,0.427298,-0.010159,0.430362,0.435967,-0.005815,0.419289,0.412251,-0.000213,0.424896,0.400328,-0.008375,0.420110,0.418168,-0.005919,0.419062,0.425547,-0.001643
1780387781.915,left,pinch,0.301317,0.614238,0.000000,0.329893,0.598450,-0.008060,0.357754,0.543024,-0.009090,0.368198,0.496863,-0.010530,0.366060,0.458233,-0.011860,0.331339,0.495823,0.002872,0.342710,0.464238,-0.004698,0.354595,0.450536,-0.008615,0.362713,0.441137,-0.010497,0.314033,0.493494,0.002493,0.333936,0.475950,-0.010608,0.332361,0.522250,-0.012950,0.323267,0.537950,-0.010273,0.297069,0.496247,-0.000026,0.317138,0.485326,-0.016929,0.316298,0.530806,-0.013869,0.306746,0.543508,-0.006898,0.278217,0.503195,-0.002854,0.299597,0.491061,-0.014473,0.300595,0.520671,-0.011296,0.290957,0.529761,-0.006020
1780387782.467,left,pinch,0.387758,0.723889,-0.000000,0.414241,0.677470,-0.002291,0.432999,0.606530,-0.005458,0.443889,0.557336,-0.011208,0.446352,0.516671,-0.016449,0.377784,0.531315,0.004480,0.402399,0.492918,-0.009011,0.424006,0.490132,-0.019597,0.442494,0.489851,-0.025583,0.362321,0.539749,-0.001548,0.406116,0.522358,-0.018302,0.412676,0.573351,-0.023565,0.408186,0.606071,-0.023279,0.351125,0.560939,-0.009385,0.396714,0.547681,-0.025538,0.399744,0.596231,-0.022488,0.393038,0.623224,-0.016032,0.343010,0.589734,-0.017866,0.381186,0.573387,-0.026569,0.385914,0.603399,-0.021726,0.379206,0.622652,-0.015204
1780387782.975,left,pinch,0.463714,0.757101,-0.000000,0.497608,0.696890,-0.004397,0.514476,0.628649,-0.012770,0.529430,0.582244,-0.024127,0.544014,0.544623,-0.034243,0.451815,0.544568,0.001323,0.490641,0.509230,-0.015305,0.520909,0.510224,-0.027890,0.544968,0.513219,-0.035660,0.440598,0.561100,-0.006050,0.497621,0.549855,-0.023758,0.498745,0.599629,-0.029289,0.484980,0.620073,-0.030756,0.438507,0.590202,-0.015627,0.494997,0.578425,-0.031193,0.494687,0.623416,-0.027203,0.481549,0.639660,-0.022148,0.441892,0.623580,-0.026444,0.486818,0.612099,-0.035134,0.487119,0.644653,-0.030300,0.474815,0.659196,-0.024788
1780387783.509,left,pinch,0.512058,0.812340,0.000000,0.555486,0.741633,-0.005642,0.576344,0.679446,-0.015176,0.595797,0.639536,-0.027205,0.614633,0.610223,-0.037517,0.509346,0.603365,-0.002213,0.563024,0.570956,-0.019496,0.596075,0.581060,-0.033227,0.617425,0.597391,-0.041580,0.508268,0.617838,-0.008703,0.573879,0.621135,-0.027329,0.575342,0.666084,-0.034966,0.560954,0.685994,-0.037943,0.517207,0.645107,-0.017106,0.577332,0.651680,-0.032458,0.573038,0.693587,-0.032218,0.557815,0.709926,-0.029840,0.530655,0.674374,-0.026714,0.573521,0.684510,-0.034446,0.571271,0.717262,-0.031623,0.561165,0.731159,-0.027884
1780387784.025,left,pinch,0.544458,0.849889,0.000000,0.592613,0.795870,-0.001920,0.616827,0.744885,-0.009487,0.641668,0.717192,-0.020513,0.666025,0.695872,-0.030061,0.562041,0.650384,0.002649,0.617885,0.640900,-0.014487,0.648392,0.660525,-0.028619,0.667623,0.683618,-0.037024,0.560458,0.660490,-0.005148,0.624236,0.694117,-0.024739,0.618734,0.740993,-0.033148,0.601811,0.758875,-0.035916,0.566891,0.686651,-0.014679,0.625491,0.720941,-0.030211,0.615123,0.762920,-0.029312,0.598094,0.775776,-0.025614,0.576937,0.716229,-0.025173,0.621384,0.744741,-0.031799,0.617060,0.776997,-0.027665,0.607159,0.787454,-0.022503
1780387784.538,left,pinch,0.542865,0.850920,0.000000,0.596084,0.810029,-0.001209,0.624144,0.762870,-0.009132,0.650662,0.737475,-0.020586,0.675266,0.717266,-0.030414,0.571693,0.654808,0.003214,0.628931,0.657783,-0.013075,0.657848,0.679774,-0.025715,0.676164,0.702034,-0.033296,0.569597,0.660935,-0.005255,0.633364,0.703141,-0.024777,0.623715,0.747290,-0.031778,0.604933,0.756213,-0.033128,0.574900,0.685107,-0.015377,0.633988,0.732186,-0.030636,0.620629,0.773165,-0.029007,0.602196,0.777476,-0.024780,0.584073,0.714204,-0.026454,0.629021,0.756791,-0.032591,0.621030,0.787648,-0.028510,0.608335,0.790237,-0.023492
1780387785.073,left,pinch,0.542117,0.850653,0.000000,0.595186,0.812898,0.001374,0.623913,0.766637,-0.004960,0.650154,0.742269,-0.015347,0.674947,0.724680,-0.024382,0.577089,0.657453,0.005860,0.633059,0.660944,-0.008845,0.660637,0.684200,-0.021038,0.678008,0.706977,-0.028742,0.575475,0.663739,-0.003300,0.634562,0.708905,-0.020834,0.625284,0.750565,-0.028325,0.607844,0.759449,-0.030829,0.580476,0.688752,-0.013795,0.636089,0.737606,-0.027405,0.622595,0.775861,-0.026884,0.604707,0.779881,-0.024108,0.589675,0.719129,-0.024944,0.631390,0.761483,-0.030016,0.623243,0.791076,-0.026516,0.611178,0.794576,-0.022441
1780387785.602,left,pinch,0.553992,0.866044,0.000000,0.607341,0.823008,-0.000771,0.637822,0.779691,-0.008779,0.665055,0.758875,-0.019908,0.688823,0.742389,-0.029506,0.586903,0.673888,-0.000334,0.644241,0.680016,-0.013584,0.673502,0.702087,-0.024039,0.691194,0.723904,-0.030862,0.586250,0.683979,-0.008094,0.647215,0.724490,-0.023869,0.639708,0.761403,-0.030239,0.622190,0.766598,-0.032703,0.592517,0.712747,-0.016704,0.648065,0.754464,-0.027946,0.635443,0.787223,-0.026641,0.617005,0.788867,-0.024400,0.602843,0.745782,-0.026104,0.643075,0.784079,-0.029969,0.634535,0.808666,-0.026428,0.621455,0.809333,-0.022902
1780387786.130,left,pinch,0.618009,0.843784,0.000000,0.659348,0.803332,0.001356,0.692938,0.763055,-0.005233,0.729618,0.756037,-0.015200,0.758956,0.756525,-0.023911,0.655412,0.659833,0.002557,0.712337,0.674838,-0.009725,0.740462,0.702140,-0.020774,0.756972,0.727095,-0.028253,0.659153,0.670661,-0.005888,0.717086,0.717585,-0.019413,0.709529,0.753424,-0.026584,0.692124,0.759844,-0.030255,0.667774,0.699605,-0.014936,0.719949,0.744859,-0.024431,0.706944,0.775829,-0.023215,0.689224,0.777129,-0.021181,0.678882,0.733819,-0.024548,0.716462,0.770684,-0.026917,0.707937,0.795412,-0.022145,0.696434,0.798605,-0.017773
1780387786.642,left,pinch,0.677756,0.861362,0.000000,0.697756,0.788281,0.004226,0.731080,0.747570,-0.002316,0.773903,0.759387,-0.012212,0.809699,0.785583,-0.021264,0.717741,0.685170,-0.000518,0.772821,0.704049,-0.011386,0.797623,0.731029,-0.020411,0.812242,0.753899,-0.026641,0.728543,0.702304,-0.010073,0.778087,0.744591,-0.020942,0.773245,0.778409,-0.027124,0.757981,0.791190,-0.030591,0.740471,0.734494,-0.019427,0.785567,0.774545,-0.026026,0.772916,0.804570,-0.023660,0.755365,0.811169,-0.021079,0.753156,0.773163,-0.029066,0.784894,0.802580,-0.029309,0.774944,0.826998,-0.023142,0.762405,0.835743,-0.017800
1780387787.219,left,pinch,0.714109,0.867243,0.000000,0.726990,0.792146,0.008428,0.751726,0.753310,0.003991,0.784270,0.758271,-0.004374,0.813869,0.777304,-0.012113,0.751865,0.694585,0.001711,0.803729,0.712961,-0.005904,0.828145,0.737880,-0.012317,0.843094,0.759627,-0.017354,0.766067,0.710401,-0.008822,0.809376,0.759184,-0.016368,0.805200,0.793164,-0.021216,0.793241,0.807824,-0.024486,0.780468,0.742106,-0.018428,0.817681,0.788581,-0.022366,0.806672,0.817582,-0.019655,0.791440,0.826511,-0.017704,0.794860,0.779764,-0.027953,0.819469,0.813437,-0.027395,0.811147,0.835738,-0.021681,0.800041,0.844616,-0.016744
1780387787.751,left,pinch,0.695786,0.873605,0.000000,0.715513,0.804746,0.013745,0.741775,0.774179,0.011570,0.766136,0.783062,0.003897,0.784418,0.805202,-0.003849,0.760877,0.723753,0.009680,0.807801,0.772990,0.002263,0.828414,0.810152,-0.003951,0.838655,0.837870,-0.008834,0.773354,0.740629,-0.004316,0.810701,0.800096,-0.011848,0.800458,0.833646,-0.014707,0.783526,0.846545,-0.015806,0.782093,0.772003,-0.017691,0.815537,0.834293,-0.022026,0.799596,0.863616,-0.017268,0.783203,0.866939,-0.013471,0.789151,0.814113,-0.030822,0.810998,0.863574,-0.030583,0.796223,0.882965,-0.024266,0.781853,0.883639,-0.018883
1780387788.260,left,pinch,0.686653,0.863631,0.000000,0.733980,0.879729,0.003440,0.775096,0.877101,-0.000821,0.809467,0.887426,-0.008971,0.838895,0.891187,-0.015766,0.772262,0.734845,0.010070,0.820216,0.793524,-0.002416,0.838827,0.841974,-0.013795,0.848540,0.878620,-0.021560,0.774876,0.730367,0.000830,0.817841,0.813472,-0.015006,0.800367,0.853472,-0.023479,0.778983,0.861686,-0.026602,0.776618,0.748059,-0.009316,0.814908,0.839016,-0.022695,0.792012,0.871762,-0.022285,0.771911,0.870689,-0.018991,0.779158,0.779187,-0.019733,0.803235,0.857191,-0.025276,0.785460,0.879987,-0.022170,0.769682,0.876703,-0.018026
1780387788.805,left,pinch,0.706674,0.848519,0.000000,0.744304,0.861414,-0.000082,0.782910,0.862631,-0.006019,0.818035,0.877576,-0.015154,0.849375,0.883958,-0.022596,0.788690,0.729742,0.008857,0.833804,0.788727,-0.004976,0.853687,0.840369,-0.018441,0.864040,0.879624,-0.027587,0.793348,0.725702,0.001049,0.832044,0.805936,-0.015637,0.815963,0.837671,-0.026090,0.793923,0.837330,-0.030810,0.796574,0.741106,-0.008000,0.834695,0.824376,-0.021690,0.813990,0.851213,-0.021186,0.794059,0.844047,-0.018082,0.799837,0.769641,-0.017724,0.826723,0.841123,-0.024922,0.809001,0.859813,-0.021608,0.791363,0.851651,-0.016935
1780387789.352,left,pinch,0.741771,0.860422,0.000000,0.770903,0.862403,-0.000060,0.807429,0.861025,-0.006308,0.843392,0.880840,-0.015360,0.876060,0.895569,-0.022577,0.815800,0.735511,0.008383,0.854085,0.787727,-0.003191,0.866226,0.833085,-0.014262,0.870158,0.864875,-0.022019,0.825555,0.737399,0.001259,0.860973,0.795834,-0.010180,0.857714,0.841103,-0.018454,0.847532,0.863729,-0.023016,0.833314,0.755720,-0.007109,0.868214,0.822528,-0.016770,0.851479,0.856719,-0.016216,0.834419,0.864486,-0.014475,0.841150,0.788323,-0.016287,0.861521,0.850480,-0.021809,0.847647,0.872166,-0.019836,0.833891,0.873991,-0.017009
1780387789.856,left,pinch,0.756713,0.864484,-0.000000,0.788301,0.885100,0.003705,0.820998,0.885702,-0.000630,0.851288,0.901454,-0.008357,0.876483,0.911772,-0.013907,0.832441,0.750166,0.010157,0.871062,0.813837,-0.002276,0.868851,0.852670,-0.014001,0.859036,0.866999,-0.022225,0.840787,0.749671,0.000739,0.879952,0.827938,-0.013653,0.863305,0.861904,-0.022938,0.842183,0.861676,-0.027536,0.848997,0.766958,-0.009468,0.885567,0.851521,-0.021609,0.862854,0.879541,-0.021311,0.841310,0.871030,-0.019035,0.856308,0.797062,-0.019941,0.879780,0.871591,-0.026893,0.864161,0.891661,-0.024588,0.848797,0.884303,-0.021253
1780387790.466,left,pinch,0.649052,0.880151,0.000000,0.692293,0.914716,-0.007823,0.737835,0.918390,-0.016410,0.774042,0.932487,-0.026657,0.807988,0.942683,-0.035129,0.741623,0.761846,0.000216,0.790196,0.832824,-0.017620,0.810119,0.887799,-0.031788,0.820284,0.931512,-0.040419,0.739095,0.754403,-0.004218,0.785167,0.845065,-0.026452,0.764330,0.874767,-0.034569,0.741729,0.871042,-0.035527,0.736080,0.769728,-0.010890,0.776283,0.864775,-0.029249,0.751278,0.889224,-0.026923,0.731484,0.881222,-0.020894,0.733014,0.799475,-0.018800,0.758234,0.880921,-0.027970,0.736852,0.898127,-0.024223,0.719413,0.887806,-0.018690
1780387791.010,left,pinch,0.417614,0.842542,0.000000,0.472013,0.840139,-0.013485,0.512622,0.820224,-0.027738,0.542764,0.812848,-0.043396,0.569169,0.814021,-0.056614,0.503436,0.656197,-0.009422,0.549324,0.707333,-0.033136,0.565116,0.763659,-0.050524,0.574497,0.804231,-0.061207,0.483781,0.652230,-0.014997,0.529037,0.744439,-0.039326,0.506970,0.773543,-0.048638,0.488443,0.760647,-0.052804,0.465215,0.675751,-0.023731,0.508026,0.767026,-0.043067,0.486848,0.785358,-0.041415,0.472044,0.766329,-0.038102,0.449646,0.711959,-0.034814,0.484077,0.784064,-0.045709,0.470346,0.798339,-0.043121,0.457730,0.781579,-0.039201
1780387791.523,left,pinch,0.335946,0.804173,-0.000000,0.368659,0.785860,-0.011291,0.397479,0.754393,-0.023657,0.415734,0.736678,-0.037151,0.421029,0.722139,-0.048760,0.373707,0.602730,-0.011934,0.407660,0.629585,-0.034186,0.420988,0.677458,-0.048756,0.427581,0.699582,-0.056279,0.347981,0.603205,-0.016497,0.386114,0.667010,-0.033174,0.377489,0.716096,-0.038709,0.364029,0.713542,-0.041634,0.324492,0.627892,-0.023485,0.363545,0.689815,-0.038643,0.356746,0.730708,-0.035841,0.344755,0.726600,-0.032331,0.304180,0.664318,-0.032108,0.337812,0.707613,-0.039522,0.335352,0.737612,-0.034334,0.324502,0.736604,-0.028691
1780387792.041,left,pinch,0.284227,0.757227,-0.000000,0.312594,0.730163,-0.015018,0.336499,0.677745,-0.025969,0.350772,0.638442,-0.037056,0.352072,0.601501,-0.045363,0.297973,0.553617,-0.011146,0.326653,0.536771,-0.033726,0.338641,0.577587,-0.045925,0.340464,0.602055,-0.050428,0.273822,0.558477,-0.012562,0.310116,0.580305,-0.033898,0.309698,0.642564,-0.039116,0.298780,0.657660,-0.038275,0.252907,0.582085,-0.017224,0.290524,0.612531,-0.037356,0.290485,0.664269,-0.034839,0.281496,0.672285,-0.028469,0.235432,0.615424,-0.023381,0.268953,0.634057,-0.033868,0.271050,0.671693,-0.029592,0.263097,0.680582,-0.022893
1780387792.558,left,pinch,0.274634,0.755869,-0.000000,0.305060,0.720261,-0.012822,0.328404,0.659676,-0.022226,0.340505,0.610832,-0.032603,0.337725,0.566622,-0.041621,0.286563,0.553453,-0.008302,0.312515,0.521221,-0.027507,0.327286,0.531003,-0.038290,0.335613,0.547009,-0.042116,0.262333,0.555915,-0.010165,0.297103,0.570334,-0.029833,0.296283,0.630959,-0.034184,0.287203,0.655628,-0.032297,0.241794,0.577529,-0.014836,0.278670,0.599976,-0.034589,0.279196,0.653670,-0.031519,0.272594,0.672278,-0.024181,0.224054,0.609117,-0.020813,0.257316,0.619120,-0.032477,0.262531,0.658874,-0.027737,0.258359,0.675896,-0.020070
1780387793.064,left,pinch,0.266612,0.739584,-0.000000,0.293545,0.699636,-0.011716,0.313371,0.629708,-0.019984,0.323257,0.571154,-0.029987,0.316362,0.525745,-0.038650,0.274388,0.543728,-0.002483,0.289559,0.505900,-0.020211,0.302272,0.503483,-0.027780,0.313364,0.506543,-0.029502,0.249635,0.547315,-0.004471,0.278527,0.549980,-0.022730,0.281840,0.611050,-0.023250,0.274315,0.621353,-0.018135,0.229218,0.565354,-0.009859,0.261482,0.579713,-0.031153,0.264467,0.635100,-0.026095,0.256324,0.643829,-0.016757,0.210824,0.592306,-0.016342,0.240968,0.598508,-0.029019,0.246997,0.637846,-0.023756,0.239467,0.649916,-0.015533
1780387793.584,left,pinch,0.248689,0.723383,-0.000000,0.275082,0.673672,-0.017325,0.290487,0.595773,-0.024535,0.293364,0.529450,-0.031890,0.280940,0.482788,-0.035440,0.252623,0.530240,-0.002414,0.265770,0.487981,-0.023150,0.273166,0.537130,-0.030025,0.268894,0.556906,-0.030427,0.230773,0.542422,-0.001537,0.248201,0.519286,-0.021868,0.256952,0.585365,-0.022094,0.249426,0.589830,-0.016677,0.210053,0.562381,-0.005418,0.229282,0.547199,-0.029079,0.238551,0.606789,-0.022404,0.230401,0.614997,-0.011427,0.188984,0.587113,-0.010623,0.209397,0.569640,-0.024059,0.219121,0.607387,-0.017480,0.212387,0.619334,-0.008193
1780387794.087,left,pinch,0.232251,0.690101,-0.000000,0.258873,0.640214,-0.012704,0.267350,0.564590,-0.016365,0.268322,0.497117,-0.021214,0.258564,0.446521,-0.022384,0.238733,0.509345,0.005393,0.245663,0.459601,-0.014645,0.252016,0.510685,-0.021954,0.246880,0.532950,-0.022622,0.220007,0.522735,0.004639,0.231092,0.484534,-0.015551,0.239571,0.546991,-0.017422,0.232481,0.553965,-0.013061,0.200519,0.541082,-0.000866,0.214836,0.513965,-0.025105,0.223262,0.573395,-0.019802,0.214768,0.582813,-0.009378,0.179022,0.562403,-0.007171,0.195921,0.538039,-0.020838,0.204877,0.576716,-0.014854,0.198515,0.589082,-0.006189
1780387794.661,left,pinch,0.228003,0.669203,-0.000000,0.250267,0.611355,-0.011099,0.256686,0.537808,-0.015647,0.256131,0.473251,-0.021993,0.241432,0.430133,-0.025540,0.221913,0.496732,0.009337,0.228116,0.453962,-0.007879,0.237660,0.478495,-0.013672,0.235999,0.485706,-0.013855,0.204305,0.511463,0.007677,0.217353,0.471503,-0.012055,0.229570,0.530395,-0.012811,0.220844,0.537848,-0.006666,0.186180,0.529554,0.001397,0.202835,0.500408,-0.023461,0.214924,0.555691,-0.018494,0.204209,0.566218,-0.007466,0.166220,0.551932,-0.005444,0.186302,0.523464,-0.020040,0.196462,0.559784,-0.014662,0.186535,0.573878,-0.005989
1780387795.177,left,pinch,0.249124,0.658492,-0.000000,0.265219,0.604051,-0.006589,0.268680,0.535877,-0.014825,0.269954,0.484190,-0.025353,0.264366,0.442146,-0.033901,0.202227,0.489503,-0.000395,0.220100,0.442213,-0.017056,0.240412,0.430751,-0.024803,0.257346,0.427742,-0.027130,0.183733,0.506161,-0.005319,0.227905,0.477315,-0.022050,0.242185,0.529581,-0.023083,0.234162,0.547960,-0.019324,0.175595,0.532260,-0.012864,0.222826,0.510490,-0.030537,0.233713,0.555202,-0.025813,0.224885,0.568823,-0.018157,0.173081,0.563916,-0.021385,0.211704,0.539915,-0.030776,0.222392,0.568282,-0.025420,0.216162,0.584188,-0.018131
1780387795.696,left,pinch,0.237138,0.681183,-0.000000,0.252075,0.596470,-0.004891,0.250107,0.526777,-0.013202,0.252958,0.481123,-0.023870,0.260958,0.441128,-0.032137,0.168645,0.507844,-0.003966,0.198791,0.443143,-0.022066,0.229175,0.428569,-0.032096,0.250448,0.424538,-0.036601,0.159671,0.530912,-0.010567,0.215624,0.478299,-0.027674,0.230170,0.520017,-0.030133,0.221088,0.544694,-0.029167,0.165345,0.559448,-0.019340,0.221643,0.511582,-0.034799,0.231896,0.547426,-0.030846,0.222101,0.566620,-0.025346,0.178562,0.588582,-0.029299,0.224357,0.548165,-0.037532,0.232444,0.572836,-0.033385,0.224192,0.591623,-0.027991
1780387796.234,left,pinch,0.244830,0.654814,0.000000,0.270932,0.574475,-0.004627,0.277427,0.513852,-0.013910,0.287910,0.471635,-0.025663,0.302012,0.435084,-0.035628,0.203165,0.477869,-0.003028,0.244730,0.425660,-0.021015,0.275308,0.416569,-0.033615,0.298035,0.415891,-0.040888,0.198565,0.494049,-0.010035,0.257112,0.457987,-0.028726,0.263392,0.499099,-0.033855,0.251707,0.519899,-0.035042,0.205895,0.517039,-0.019130,0.263242,0.483994,-0.034530,0.266154,0.521820,-0.031659,0.253803,0.538164,-0.027469,0.219665,0.539770,-0.029495,0.264154,0.515581,-0.037527,0.267521,0.543607,-0.033994,0.257837,0.557006,-0.029738
1780387796.756,left,pinch,0.260689,0.630945,-0.000000,0.286192,0.569628,-0.001836,0.296020,0.510566,-0.008002,0.307807,0.471289,-0.017123,0.318129,0.433826,-0.024855,0.232688,0.461723,0.004324,0.268608,0.421873,-0.010830,0.294976,0.415919,-0.022356,0.314381,0.414986,-0.029044,0.223340,0.468046,-0.002759,0.276531,0.450460,-0.017767,0.279515,0.493519,-0.022620,0.267267,0.509969,-0.023666,0.224689,0.485247,-0.011787,0.276910,0.474157,-0.024409,0.278064,0.513127,-0.021636,0.266292,0.524489,-0.017481,0.231631,0.506731,-0.021822,0.272006,0.497643,-0.027653,0.274168,0.524204,-0.023220,0.264535,0.535414,-0.018218
1780387797.260,left,pinch,0.255738,0.625205,-0.000000,0.278818,0.568934,-0.003382,0.288450,0.510550,-0.010525,0.299433,0.468410,-0.020326,0.306548,0.428087,-0.028212,0.225953,0.461976,0.002865,0.257712,0.420748,-0.013468,0.283184,0.415043,-0.023537,0.301817,0.413424,-0.028307,0.214300,0.466863,-0.003391,0.266466,0.448891,-0.019143,0.271468,0.495665,-0.021908,0.259640,0.509509,-0.020740,0.213196,0.481948,-0.011987,0.265243,0.470583,-0.026148,0.268132,0.512369,-0.021789,0.257033,0.522525,-0.015849,0.217640,0.501894,-0.021704,0.259358,0.492301,-0.028542,0.262763,0.521125,-0.023660,0.253485,0.533330,-0.017746
1780387797.787,left,pinch,0.255072,0.619706,-0.000000,0.276554,0.564715,-0.002008,0.285633,0.506331,-0.008343,0.295199,0.464491,-0.017567,0.300217,0.424294,-0.024970,0.225579,0.460635,0.003774,0.253519,0.419126,-0.011554,0.277532,0.412431,-0.020498,0.295965,0.410604,-0.024422,0.213021,0.464868,-0.002736,0.262449,0.447531,-0.017571,0.267489,0.493880,-0.019866,0.256123,0.507699,-0.018392,0.210604,0.478977,-0.011377,0.260118,0.467620,-0.024789,0.263326,0.509422,-0.020228,0.252475,0.519836,-0.014214,0.213173,0.497869,-0.020973,0.253236,0.487288,-0.027342,0.256892,0.515539,-0.022280,0.247584,0.527813,-0.016217
1780387798.306,left,pinch,0.288503,0.654896,-0.000000,0.312747,0.607923,-0.006705,0.326854,0.542281,-0.013975,0.336434,0.493408,-0.023397,0.339286,0.449219,-0.031119,0.276290,0.480446,0.001219,0.297923,0.444518,-0.014104,0.317855,0.437762,-0.021738,0.334202,0.433474,-0.024904,0.258343,0.484818,-0.003293,0.300387,0.474862,-0.020136,0.304959,0.529000,-0.022145,0.294107,0.542078,-0.019336,0.247105,0.501185,-0.010414,0.291776,0.497357,-0.028214,0.294526,0.546175,-0.024115,0.283709,0.556323,-0.016929,0.239306,0.524590,-0.018491,0.278407,0.517153,-0.028493,0.282879,0.549226,-0.024082,0.273311,0.562086,-0.017621
1780387798.827,left,pinch,0.305245,0.684199,-0.000000,0.331711,0.640366,-0.006571,0.349542,0.574430,-0.014236,0.362256,0.526225,-0.024046,0.371205,0.483195,-0.032311,0.299233,0.501106,-0.000441,0.326494,0.467356,-0.015763,0.347100,0.465548,-0.023613,0.362589,0.466141,-0.026917,0.280709,0.505615,-0.005131,0.326668,0.503379,-0.022044,0.329790,0.557737,-0.024695,0.318197,0.572257,-0.022478,0.269072,0.523415,-0.012069,0.315866,0.526249,-0.029517,0.317776,0.575143,-0.025638,0.306632,0.585660,-0.018674,0.260627,0.548637,-0.019851,0.300356,0.544869,-0.029404,0.304581,0.577662,-0.024436,0.294969,0.590267,-0.017528
1780387799.378,left,pinch,0.319781,0.708839,-0.000000,0.349525,0.665813,-0.006521,0.370733,0.602434,-0.014741,0.384706,0.555659,-0.025146,0.395005,0.512970,-0.034358,0.320085,0.517717,-0.002186,0.353399,0.488311,-0.018323,0.375565,0.493605,-0.028461,0.390170,0.499551,-0.033544,0.301525,0.522888,-0.007278,0.350864,0.526647,-0.024357,0.352818,0.579541,-0.028709,0.340352,0.597107,-0.028159,0.290522,0.543048,-0.014375,0.340015,0.552097,-0.030881,0.340881,0.599528,-0.027812,0.329402,0.611310,-0.021899,0.283437,0.570949,-0.022351,0.324498,0.573631,-0.030964,0.328590,0.605608,-0.025852,0.319590,0.617185,-0.019134
1780387799.899,left,pinch,0.334543,0.738415,-0.000000,0.367243,0.693004,-0.002322,0.390107,0.629576,-0.008924,0.408612,0.587365,-0.018881,0.423700,0.550771,-0.027773,0.343988,0.538615,0.002686,0.376928,0.511976,-0.014017,0.400183,0.522792,-0.025049,0.416660,0.534782,-0.030418,0.325911,0.543723,-0.004828,0.377422,0.554612,-0.021253,0.375799,0.608126,-0.025536,0.363157,0.623242,-0.025208,0.315673,0.565032,-0.014446,0.367864,0.582647,-0.030126,0.364853,0.629763,-0.027077,0.353135,0.639711,-0.021415,0.309859,0.594280,-0.024845,0.353698,0.602081,-0.032126,0.355002,0.634719,-0.026502,0.345309,0.645504,-0.019737
1780387800.417,left,pinch,0.341019,0.748467,-0.000000,0.375004,0.703374,-0.001338,0.398654,0.643194,-0.007710,0.417503,0.603190,-0.017405,0.431911,0.566917,-0.025908,0.351643,0.546768,0.003013,0.388732,0.526312,-0.012997,0.413574,0.537961,-0.022833,0.430317,0.549849,-0.027575,0.334029,0.552054,-0.005150,0.387379,0.562597,-0.021587,0.384747,0.614776,-0.025532,0.370239,0.627586,-0.024950,0.324415,0.574210,-0.015184,0.377992,0.594756,-0.030804,0.373974,0.641350,-0.027673,0.361130,0.647485,-0.022138,0.319685,0.604770,-0.025894,0.363941,0.618523,-0.033107,0.363111,0.651032,-0.027850,0.351713,0.658221,-0.021614
1780387800.939,left,pinch,0.343451,0.752584,-0.000000,0.376389,0.708454,-0.002466,0.400965,0.648372,-0.009262,0.420054,0.608711,-0.019097,0.433869,0.573550,-0.027422,0.353145,0.549716,0.002114,0.391906,0.532437,-0.014319,0.416460,0.545556,-0.024092,0.433337,0.556445,-0.028721,0.335516,0.555031,-0.005643,0.390627,0.566926,-0.022693,0.386793,0.619953,-0.026209,0.372470,0.632402,-0.024990,0.325712,0.576867,-0.015447,0.381009,0.599672,-0.031506,0.375947,0.646133,-0.028024,0.363328,0.652197,-0.021932,0.320747,0.607431,-0.026110,0.367172,0.623339,-0.033570,0.365906,0.655571,-0.028487,0.354648,0.662940,-0.022162
1780387801.465,left,pinch,0.348855,0.754576,-0.000000,0.382858,0.711473,-0.002627,0.407867,0.653742,-0.009781,0.428200,0.616202,-0.019880,0.442891,0.581471,-0.028476,0.360398,0.554883,0.001388,0.399463,0.538326,-0.015274,0.424255,0.552302,-0.025394,0.441298,0.564708,-0.030371,0.343696,0.559398,-0.006298,0.398674,0.573080,-0.023672,0.393966,0.624494,-0.027506,0.379155,0.635590,-0.026704,0.334814,0.581182,-0.016002,0.389380,0.605298,-0.032026,0.383442,0.650288,-0.028697,0.370483,0.654397,-0.023028,0.330744,0.611652,-0.026568,0.375480,0.630228,-0.034179,0.372883,0.661653,-0.029333,0.361077,0.666885,-0.023390
1780387801.984,left,pinch,0.345868,0.712415,-0.000000,0.376055,0.679062,-0.005469,0.400894,0.624796,-0.013066,0.419999,0.587113,-0.022756,0.434943,0.551737,-0.031078,0.359849,0.529263,-0.001727,0.394399,0.512480,-0.017592,0.415882,0.525159,-0.026538,0.430444,0.538159,-0.030366,0.341984,0.529429,-0.006808,0.391195,0.547942,-0.022706,0.386558,0.598726,-0.025655,0.372966,0.611619,-0.024207,0.330287,0.546661,-0.013961,0.379703,0.574591,-0.029889,0.374162,0.618969,-0.027208,0.362103,0.625611,-0.021549,0.322183,0.572091,-0.021912,0.363765,0.591348,-0.029900,0.362818,0.622645,-0.025528,0.352172,0.630551,-0.019510
1780387802.515,left,pinch,0.343569,0.698851,-0.000000,0.372031,0.667353,-0.005336,0.396807,0.614628,-0.012567,0.415236,0.577490,-0.021860,0.428848,0.543874,-0.029683,0.356356,0.518960,-0.001315,0.391881,0.503876,-0.017853,0.414038,0.519845,-0.028030,0.428478,0.533749,-0.032719,0.338683,0.520029,-0.006526,0.386351,0.538545,-0.023844,0.383021,0.589779,-0.028387,0.370281,0.604056,-0.027768,0.327026,0.537372,-0.013729,0.374375,0.563541,-0.029698,0.370277,0.607947,-0.027372,0.359083,0.615443,-0.021910,0.318751,0.562515,-0.021819,0.358872,0.582501,-0.029409,0.357806,0.613413,-0.025164,0.347604,0.620828,-0.019246
1780387803.035,left,pinch,0.343231,0.698668,-0.000000,0.372071,0.667684,-0.005056,0.396823,0.616742,-0.012494,0.416318,0.583563,-0.022151,0.431045,0.553772,-0.030270,0.357218,0.517631,-0.000942,0.391157,0.502779,-0.018324,0.414144,0.520109,-0.029445,0.429819,0.535172,-0.034683,0.339490,0.519240,-0.006540,0.387685,0.540153,-0.024115,0.383950,0.589947,-0.028898,0.371031,0.602316,-0.028601,0.328029,0.537549,-0.014274,0.375676,0.566733,-0.030124,0.370679,0.608757,-0.027885,0.359154,0.613927,-0.022665,0.320160,0.563606,-0.022977,0.360505,0.586138,-0.030294,0.358515,0.615471,-0.026062,0.347998,0.620952,-0.020273
1780387803.543,left,pinch,0.344655,0.698871,-0.000000,0.374041,0.666901,-0.002996,0.398829,0.614650,-0.009184,0.418371,0.582021,-0.018074,0.433699,0.555884,-0.025727,0.359166,0.518269,0.001055,0.393847,0.503194,-0.014939,0.416359,0.519765,-0.025119,0.431329,0.533696,-0.029994,0.341907,0.520283,-0.005374,0.389756,0.541880,-0.022060,0.385226,0.591487,-0.026412,0.371529,0.602992,-0.025946,0.330752,0.538448,-0.013692,0.377791,0.567108,-0.028853,0.372443,0.609155,-0.026361,0.360467,0.613831,-0.021118,0.322731,0.564220,-0.022802,0.362513,0.585669,-0.029777,0.360509,0.615045,-0.025201,0.350023,0.620242,-0.019266
1780387804.065,left,pinch,0.390281,0.769586,0.000000,0.394239,0.701507,-0.011634,0.409960,0.652184,-0.023585,0.435015,0.649730,-0.035740,0.458851,0.668770,-0.046642,0.436372,0.596873,-0.019340,0.483893,0.625704,-0.038364,0.503388,0.668426,-0.052506,0.511408,0.703647,-0.060471,0.443075,0.626016,-0.021211,0.474981,0.669374,-0.039521,0.472504,0.700784,-0.048147,0.461681,0.714550,-0.052313,0.447007,0.663583,-0.024387,0.469999,0.707726,-0.041577,0.458993,0.734505,-0.041742,0.444165,0.742827,-0.038112,0.448803,0.700621,-0.028531,0.465325,0.729713,-0.038657,0.457359,0.750803,-0.035389,0.446090,0.760904,-0.029790
1780503230.554,right,pinch,0.590018,0.911026,-0.000000,0.559402,0.885262,-0.012714,0.532058,0.839493,-0.028069,0.512945,0.809464,-0.042675,0.498268,0.795598,-0.056463,0.551561,0.801659,-0.038156,0.530324,0.732519,-0.062397,0.531437,0.772826,-0.073527,0.538644,0.806186,-0.077229,0.576375,0.797235,-0.040304,0.555944,0.735537,-0.063035,0.554821,0.780768,-0.066550,0.559534,0.816671,-0.065380,0.599038,0.796397,-0.043076,0.576980,0.749559,-0.056890,0.575760,0.786071,-0.050221,0.579904,0.816701,-0.043816,0.620565,0.797170,-0.046879,0.602697,0.759139,-0.052887,0.597385,0.782350,-0.045866,0.597854,0.807990,-0.039476
1780503230.615,right,pinch,0.597227,0.891171,-0.000000,0.566388,0.845174,-0.007654,0.539511,0.791216,-0.013862,0.518594,0.753362,-0.021003,0.505123,0.721290,-0.026996,0.583269,0.728809,-0.004078,0.561149,0.703348,-0.018592,0.549483,0.714376,-0.028814,0.547173,0.724095,-0.034560,0.598867,0.738817,-0.006179,0.566130,0.738772,-0.019501,0.561025,0.763857,-0.023953,0.567521,0.775168,-0.025756,0.611568,0.757369,-0.010403,0.578362,0.761998,-0.022640,0.574948,0.785739,-0.019260,0.580235,0.802524,-0.015019,0.621522,0.781623,-0.015644,0.596954,0.780192,-0.024798,0.594793,0.797702,-0.022303,0.599756,0.810833,-0.018030
1780503230.701,right,pinch,0.608508,0.784829,-0.000000,0.567552,0.736008,-0.001810,0.540876,0.678908,-0.007453,0.523645,0.649116,-0.016124,0.518157,0.626060,-0.023685,0.590424,0.587827,-0.000067,0.558618,0.551103,-0.015451,0.531965,0.574682,-0.027719,0.516502,0.604763,-0.034257,0.604454,0.591187,-0.006812,0.551786,0.598738,-0.020863,0.544387,0.651037,-0.026102,0.553525,0.685588,-0.027746,0.613694,0.607347,-0.015294,0.559153,0.627589,-0.023371,0.558204,0.675811,-0.019702,0.570036,0.702152,-0.016826,0.618110,0.631044,-0.025291,0.571679,0.649588,-0.027942,0.567362,0.687820,-0.022642,0.575282,0.709166,-0.017566
1780503230.766,right,pinch,0.622885,0.737295,-0.000000,0.576606,0.677736,0.002532,0.547945,0.625160,-0.002394,0.529409,0.591001,-0.010834,0.513022,0.554499,-0.018107,0.599520,0.525902,0.008618,0.559991,0.507083,-0.004435,0.534800,0.522820,-0.017568,0.517922,0.544043,-0.026294,0.609709,0.532623,-0.000399,0.556264,0.554507,-0.013683,0.559930,0.601891,-0.020534,0.573363,0.623805,-0.023965,0.612070,0.552583,-0.011079,0.557550,0.583423,-0.020815,0.566028,0.624531,-0.017397,0.580134,0.636818,-0.014519,0.609586,0.581153,-0.022774,0.567162,0.607986,-0.029159,0.570882,0.642088,-0.025216,0.580730,0.653085,-0.020829
1780503230.852,right,pinch,0.628826,0.680144,-0.000000,0.581421,0.623324,0.001401,0.553385,0.578219,-0.004533,0.533634,0.549905,-0.014581,0.514966,0.520334,-0.022799,0.600033,0.482747,0.010329,0.557565,0.471402,-0.003704,0.532223,0.497042,-0.016857,0.514452,0.525486,-0.025372,0.608769,0.481895,0.001390,0.558811,0.515302,-0.015207,0.569213,0.563106,-0.023171,0.586547,0.579476,-0.026386,0.611571,0.493745,-0.009688,0.561716,0.534050,-0.020699,0.577083,0.570729,-0.017713,0.596016,0.573512,-0.014805,0.610107,0.515146,-0.022180,0.571952,0.552170,-0.029227,0.581149,0.582529,-0.026460,0.595177,0.585203,-0.022912
1780503230.928,right,pinch,0.621956,0.649456,-0.000000,0.579981,0.604026,0.000735,0.552567,0.563246,-0.005225,0.532940,0.536325,-0.015132,0.516757,0.504149,-0.022880,0.596194,0.470327,0.008968,0.558342,0.454791,-0.005100,0.536280,0.475400,-0.015958,0.521104,0.496732,-0.022688,0.605635,0.468780,0.000454,0.559639,0.501842,-0.016039,0.571312,0.545377,-0.021343,0.588257,0.551776,-0.022768,0.609333,0.479377,-0.010434,0.562622,0.519261,-0.022372,0.578109,0.553044,-0.017732,0.595412,0.550509,-0.013634,0.607727,0.498987,-0.022644,0.572479,0.536342,-0.030838,0.582526,0.563665,-0.028069,0.596208,0.562792,-0.024418
1780503231.003,right,pinch,0.618388,0.634444,-0.000000,0.578550,0.597890,0.000167,0.552579,0.557658,-0.005769,0.533644,0.531462,-0.015157,0.517084,0.500175,-0.022414,0.595605,0.464952,0.008121,0.558448,0.453071,-0.006084,0.536524,0.471875,-0.017630,0.520721,0.491055,-0.024998,0.603569,0.461506,0.000052,0.558165,0.486541,-0.015389,0.568949,0.527067,-0.020316,0.585429,0.532937,-0.021834,0.606669,0.470386,-0.010348,0.560498,0.504879,-0.021036,0.574612,0.538578,-0.015903,0.591225,0.536979,-0.011892,0.604343,0.489429,-0.022218,0.569441,0.524522,-0.030073,0.579764,0.551054,-0.027575,0.593993,0.549783,-0.024329
1780503231.078,right,pinch,0.614473,0.626962,-0.000000,0.576000,0.591218,0.000614,0.551181,0.552187,-0.005483,0.533031,0.526911,-0.015100,0.515956,0.497319,-0.022780,0.594722,0.462351,0.008322,0.558068,0.451588,-0.006005,0.536371,0.469196,-0.017305,0.520429,0.486516,-0.024437,0.602412,0.459872,-0.000045,0.556301,0.482196,-0.015952,0.566380,0.525362,-0.020600,0.582360,0.533585,-0.021639,0.604813,0.469007,-0.010713,0.557830,0.500305,-0.022181,0.571627,0.537548,-0.016875,0.588213,0.538532,-0.012383,0.602061,0.488066,-0.022691,0.566517,0.520552,-0.030970,0.576515,0.548424,-0.028376,0.590771,0.548587,-0.024938
1780503231.149,right,pinch,0.610489,0.623914,-0.000000,0.572714,0.591532,0.000341,0.547745,0.552873,-0.005600,0.529652,0.528689,-0.014673,0.512719,0.502037,-0.021840,0.591717,0.461344,0.006636,0.555847,0.453197,-0.007231,0.533702,0.470913,-0.018114,0.517533,0.488103,-0.024973,0.599039,0.459497,-0.001424,0.553337,0.486101,-0.016156,0.562831,0.529009,-0.019666,0.578596,0.536761,-0.020243,0.601302,0.469460,-0.011713,0.554571,0.502788,-0.022140,0.567842,0.539346,-0.016137,0.584212,0.540195,-0.011536,0.599034,0.488697,-0.023340,0.561982,0.520528,-0.030962,0.570807,0.548800,-0.027822,0.584501,0.550435,-0.024150
1780503231.226,right,pinch,0.610498,0.623026,-0.000000,0.572766,0.590755,-0.000989,0.546991,0.551741,-0.007134,0.528235,0.529072,-0.015994,0.511639,0.501174,-0.022817,0.591552,0.461319,0.005361,0.554278,0.455602,-0.008772,0.532145,0.472272,-0.020258,0.515088,0.487586,-0.027730,0.597681,0.460023,-0.002190,0.551898,0.484164,-0.016899,0.562299,0.523764,-0.021124,0.578004,0.529761,-0.022498,0.598693,0.470724,-0.012009,0.552255,0.503160,-0.022240,0.566102,0.537881,-0.016815,0.582446,0.536568,-0.012851,0.595228,0.491090,-0.023311,0.559596,0.522988,-0.031047,0.569438,0.549318,-0.028425,0.583371,0.548793,-0.025280
1780503231.308,right,pinch,0.610662,0.620753,-0.000000,0.572522,0.587683,-0.000443,0.547344,0.551143,-0.007363,0.528624,0.528242,-0.017198,0.513204,0.499055,-0.025011,0.590696,0.460663,0.006014,0.554319,0.454912,-0.007296,0.532779,0.470482,-0.018086,0.515777,0.485323,-0.025274,0.597361,0.458203,-0.001812,0.551153,0.481988,-0.016350,0.561817,0.522962,-0.020375,0.577182,0.529721,-0.021565,0.598454,0.467972,-0.011800,0.551664,0.499444,-0.021854,0.565986,0.534767,-0.016366,0.582271,0.534495,-0.012426,0.594369,0.487265,-0.023172,0.558735,0.519206,-0.031080,0.568964,0.546115,-0.028749,0.582892,0.545755,-0.025844
1780503231.383,right,pinch,0.610804,0.619084,-0.000000,0.572804,0.586207,-0.000637,0.547920,0.549301,-0.007719,0.529785,0.526489,-0.017623,0.514995,0.498183,-0.025583,0.592305,0.461301,0.004689,0.555296,0.454167,-0.008737,0.532850,0.469538,-0.019493,0.515481,0.484876,-0.026677,0.598898,0.459293,-0.003035,0.552479,0.481472,-0.017877,0.562836,0.521674,-0.022000,0.578423,0.528112,-0.023277,0.599866,0.468844,-0.012819,0.552886,0.498166,-0.023276,0.567051,0.533013,-0.017739,0.583625,0.532423,-0.013710,0.595825,0.487491,-0.023925,0.559754,0.517273,-0.032260,0.570036,0.544182,-0.029724,0.584197,0.543958,-0.026614
1780503231.507,right,pinch,0.610534,0.615964,-0.000000,0.573275,0.585715,-0.001910,0.548306,0.548266,-0.008927,0.530280,0.524266,-0.018419,0.514417,0.495762,-0.025889,0.591061,0.458731,0.004740,0.555267,0.452761,-0.008849,0.533182,0.467086,-0.019762,0.515768,0.481941,-0.026962,0.597960,0.455678,-0.002175,0.552660,0.477124,-0.017062,0.562679,0.518561,-0.021102,0.577876,0.525944,-0.022027,0.599534,0.464553,-0.011333,0.553523,0.494348,-0.021856,0.567192,0.529635,-0.016238,0.583252,0.529686,-0.011961,0.595933,0.483037,-0.021969,0.560437,0.514458,-0.030304,0.570537,0.541544,-0.027836,0.584505,0.541189,-0.024662
1780503231.582,right,pinch,0.609884,0.613979,-0.000000,0.573386,0.584091,-0.001402,0.548341,0.545565,-0.007798,0.529680,0.522378,-0.016758,0.513158,0.494647,-0.023783,0.589828,0.456579,0.006283,0.554417,0.452091,-0.006851,0.532624,0.466071,-0.017672,0.515712,0.480485,-0.024865,0.596816,0.453170,-0.000750,0.552288,0.474423,-0.015123,0.562299,0.514529,-0.019133,0.577498,0.520808,-0.020095,0.599040,0.461634,-0.010054,0.553240,0.491187,-0.020393,0.566851,0.525900,-0.014924,0.582982,0.525318,-0.010698,0.596160,0.480117,-0.020765,0.559673,0.509703,-0.028858,0.569965,0.536460,-0.026227,0.584370,0.536055,-0.022955
1780503231.655,right,pinch,0.609677,0.609027,-0.000000,0.574062,0.579411,-0.002281,0.549044,0.541050,-0.009024,0.530878,0.517080,-0.018138,0.515195,0.489540,-0.025231,0.589158,0.454162,0.005867,0.554527,0.448328,-0.007495,0.533109,0.461400,-0.018241,0.516438,0.476005,-0.025261,0.595919,0.449605,-0.000584,0.552844,0.470274,-0.015341,0.562788,0.510604,-0.019333,0.577966,0.515881,-0.019979,0.598420,0.456050,-0.009416,0.554210,0.484850,-0.020473,0.567663,0.519835,-0.015102,0.583797,0.518545,-0.010580,0.596213,0.472536,-0.019689,0.561008,0.503518,-0.028591,0.571517,0.530724,-0.026176,0.586056,0.529521,-0.022758
1780503231.738,right,pinch,0.609374,0.603602,-0.000000,0.574489,0.576184,-0.003300,0.549455,0.539584,-0.010478,0.530942,0.517561,-0.019732,0.515243,0.491840,-0.027018,0.588454,0.451020,0.003644,0.552684,0.445728,-0.009734,0.531356,0.460111,-0.020431,0.515689,0.476024,-0.027370,0.594708,0.446300,-0.002079,0.552550,0.467588,-0.016732,0.562733,0.505925,-0.020862,0.578062,0.510932,-0.021671,0.597218,0.452860,-0.010063,0.554421,0.481883,-0.020786,0.567651,0.514893,-0.015698,0.583541,0.513409,-0.011391,0.595275,0.469372,-0.019521,0.561356,0.499360,-0.027861,0.571877,0.524761,-0.025331,0.586222,0.523625,-0.021854
1780503231.820,right,pinch,0.610699,0.597487,-0.000000,0.575146,0.572489,-0.003754,0.548698,0.537017,-0.010512,0.530047,0.515565,-0.019192,0.514698,0.490327,-0.025791,0.585229,0.448165,0.003909,0.551964,0.443561,-0.009082,0.531873,0.457195,-0.019148,0.516472,0.472856,-0.025682,0.592538,0.441403,-0.001515,0.552012,0.465296,-0.016149,0.562566,0.504317,-0.019922,0.577679,0.509046,-0.020303,0.596321,0.446293,-0.009299,0.554476,0.478134,-0.020467,0.567778,0.511566,-0.015352,0.583231,0.509918,-0.010761,0.595740,0.461656,-0.018590,0.561909,0.494039,-0.027449,0.571919,0.520211,-0.025054,0.585523,0.519184,-0.021497
1780503231.899,right,pinch,0.611131,0.588731,-0.000000,0.575134,0.566609,-0.005032,0.547627,0.534747,-0.012220,0.528741,0.514063,-0.021072,0.514885,0.488324,-0.027697,0.582586,0.444630,0.002971,0.551033,0.439796,-0.009899,0.531534,0.453950,-0.019817,0.516316,0.470711,-0.026398,0.590124,0.436378,-0.001788,0.550978,0.464175,-0.016484,0.562163,0.501894,-0.020528,0.577305,0.505282,-0.021296,0.594543,0.440396,-0.008987,0.554594,0.475905,-0.020683,0.568542,0.508240,-0.015885,0.583811,0.505302,-0.011482,0.595283,0.455433,-0.017736,0.563378,0.490375,-0.027349,0.573794,0.515718,-0.025240,0.587156,0.513547,-0.021825
1780503231.985,right,pinch,0.613830,0.576275,-0.000000,0.578393,0.560771,-0.005088,0.548955,0.532540,-0.011388,0.529663,0.514772,-0.019274,0.514841,0.491913,-0.024877,0.576967,0.442438,0.003338,0.549369,0.436624,-0.008862,0.530897,0.450878,-0.018033,0.516202,0.470618,-0.024020,0.584884,0.432086,-0.001085,0.550023,0.462762,-0.015048,0.562107,0.497909,-0.018915,0.576782,0.499948,-0.019574,0.590890,0.432551,-0.007999,0.555049,0.472887,-0.019114,0.570230,0.502483,-0.015120,0.584933,0.497780,-0.011400,0.594726,0.443462,-0.016492,0.565792,0.482802,-0.025782,0.576408,0.507247,-0.024247,0.588625,0.504224,-0.021383
1780503232.057,right,pinch,0.616435,0.570324,-0.000000,0.580660,0.555467,-0.002367,0.552033,0.529644,-0.008290,0.532973,0.515721,-0.016613,0.517445,0.497349,-0.022798,0.575955,0.439013,0.005845,0.548739,0.435342,-0.006038,0.531435,0.451149,-0.014470,0.518191,0.472258,-0.019948,0.584547,0.429420,-0.000390,0.550576,0.462559,-0.013733,0.564671,0.497969,-0.016113,0.579279,0.495635,-0.015876,0.591886,0.430340,-0.009085,0.557319,0.472574,-0.019385,0.573186,0.501341,-0.013401,0.586803,0.494156,-0.008725,0.596889,0.442021,-0.019253,0.568478,0.480345,-0.027622,0.579406,0.503254,-0.024644,0.590891,0.497933,-0.021121
1780503232.135,right,pinch,0.621684,0.566104,-0.000000,0.584822,0.554680,-0.001825,0.555528,0.531357,-0.007280,0.536138,0.514381,-0.015368,0.521629,0.489839,-0.021406,0.577097,0.442448,0.008464,0.552351,0.436284,-0.002983,0.535333,0.451123,-0.011038,0.521769,0.471627,-0.016183,0.586420,0.430926,0.002043,0.557037,0.459981,-0.010907,0.572425,0.495465,-0.012902,0.586679,0.492537,-0.012054,0.594719,0.429187,-0.007014,0.563677,0.469695,-0.018235,0.581070,0.497283,-0.012416,0.595205,0.488992,-0.007183,0.600640,0.438013,-0.017367,0.572456,0.474630,-0.026514,0.584187,0.498335,-0.023388,0.596057,0.493933,-0.019372
1780503232.219,right,pinch,0.624242,0.565744,-0.000000,0.587976,0.555802,-0.001416,0.557900,0.534107,-0.007124,0.538385,0.516152,-0.015560,0.526025,0.490537,-0.021990,0.581034,0.443687,0.007768,0.554892,0.437943,-0.003801,0.538945,0.453737,-0.011113,0.527233,0.473643,-0.015639,0.590746,0.432128,0.001114,0.559370,0.460031,-0.012236,0.574452,0.496404,-0.013316,0.588616,0.493962,-0.011693,0.599203,0.430451,-0.008077,0.567046,0.469084,-0.019880,0.583699,0.499164,-0.013091,0.597522,0.492539,-0.007015,0.605049,0.439269,-0.018460,0.577255,0.475446,-0.028201,0.588669,0.499865,-0.025020,0.600719,0.495462,-0.020822
1780503232.300,right,pinch,0.623201,0.579544,-0.000000,0.591658,0.567339,-0.002456,0.562885,0.543092,-0.009029,0.543953,0.523434,-0.018306,0.528776,0.498475,-0.025685,0.585242,0.452689,0.006378,0.561317,0.444629,-0.006359,0.544731,0.456583,-0.014029,0.532498,0.476271,-0.018312,0.594675,0.442651,-0.000102,0.564636,0.466415,-0.013605,0.578443,0.505553,-0.013972,0.591204,0.502992,-0.011504,0.603537,0.440400,-0.009292,0.572547,0.476360,-0.021951,0.588014,0.508421,-0.014656,0.600649,0.502348,-0.007826,0.610262,0.448031,-0.019730,0.582429,0.479775,-0.029515,0.592766,0.504830,-0.025499,0.604443,0.500353,-0.020574
1780503232.382,right,pinch,0.625195,0.587747,-0.000000,0.593968,0.576045,-0.002934,0.564314,0.551860,-0.010035,0.544788,0.531195,-0.019818,0.531190,0.505322,-0.027250,0.586552,0.460522,0.005945,0.562572,0.452525,-0.007751,0.546078,0.463820,-0.015568,0.533734,0.482252,-0.019738,0.595909,0.451215,-0.000455,0.564897,0.476259,-0.014469,0.578242,0.514506,-0.014511,0.591158,0.509557,-0.011729,0.604699,0.449549,-0.009774,0.572505,0.486314,-0.021982,0.587029,0.518436,-0.014113,0.599213,0.511272,-0.007074,0.611552,0.457958,-0.020563,0.583516,0.490465,-0.029724,0.593305,0.514376,-0.025855,0.604573,0.508743,-0.021116
1780503232.459,right,pinch,0.626042,0.594987,-0.000000,0.593965,0.582467,-0.002389,0.563941,0.556246,-0.008918,0.544414,0.536363,-0.018051,0.531198,0.510694,-0.024834,0.588795,0.463007,0.005174,0.562025,0.456473,-0.007751,0.545865,0.470620,-0.014713,0.535021,0.489265,-0.018462,0.598717,0.454577,-0.001368,0.565880,0.480580,-0.015196,0.579166,0.519255,-0.014960,0.592729,0.515754,-0.012161,0.607513,0.454976,-0.010615,0.573778,0.491684,-0.022430,0.588521,0.524158,-0.014404,0.601396,0.517626,-0.007521,0.613700,0.465416,-0.021241,0.584800,0.497445,-0.030440,0.594536,0.522235,-0.026721,0.606242,0.517523,-0.022170
1780503232.537,right,pinch,0.627935,0.604755,-0.000000,0.595349,0.589790,-0.002253,0.566634,0.561820,-0.008793,0.548613,0.541345,-0.018092,0.534458,0.515676,-0.025315,0.593264,0.469997,0.006185,0.566933,0.464523,-0.007149,0.550653,0.477100,-0.015242,0.538581,0.494210,-0.019800,0.602779,0.462226,-0.000687,0.570180,0.487123,-0.014466,0.583196,0.526858,-0.014940,0.596735,0.523155,-0.012678,0.611416,0.462928,-0.010291,0.577770,0.499091,-0.022687,0.592490,0.532506,-0.015111,0.605572,0.525682,-0.008362,0.617593,0.473858,-0.021236,0.588546,0.504421,-0.030939,0.598412,0.530261,-0.026905,0.610464,0.525941,-0.021997
1780503232.620,right,pinch,0.631234,0.609610,-0.000000,0.596665,0.592252,-0.002692,0.568544,0.560973,-0.008954,0.551801,0.539337,-0.017522,0.539045,0.514102,-0.023764,0.599816,0.471113,0.004525,0.572962,0.462084,-0.008060,0.555756,0.476551,-0.015499,0.542758,0.496461,-0.019826,0.610112,0.463861,-0.001860,0.575101,0.490530,-0.015143,0.587384,0.530548,-0.015608,0.601532,0.529117,-0.013771,0.618392,0.467178,-0.010816,0.582639,0.503901,-0.021902,0.596582,0.536957,-0.014086,0.609726,0.531220,-0.007811,0.623687,0.480822,-0.021173,0.593632,0.511439,-0.030094,0.603004,0.536357,-0.025975,0.614638,0.532661,-0.021297
1780503232.705,right,pinch,0.636850,0.616806,-0.000000,0.603280,0.596803,-0.002419,0.574856,0.561859,-0.008153,0.558632,0.540049,-0.016171,0.545809,0.516641,-0.022013,0.609949,0.472713,0.003631,0.579425,0.465902,-0.009457,0.560978,0.482483,-0.018369,0.547442,0.504725,-0.023829,0.619232,0.467622,-0.002810,0.582115,0.492711,-0.016688,0.594205,0.531267,-0.018667,0.608779,0.531411,-0.017955,0.626590,0.472709,-0.011622,0.587838,0.507762,-0.022630,0.602120,0.538958,-0.015834,0.615876,0.533899,-0.010365,0.630461,0.488041,-0.021848,0.597713,0.517420,-0.031190,0.607678,0.540622,-0.027698,0.619971,0.536890,-0.023434
1780503232.846,right,pinch,0.643898,0.632718,-0.000000,0.610638,0.609127,-0.004041,0.582453,0.569594,-0.010620,0.566164,0.545180,-0.019012,0.553925,0.522815,-0.024985,0.623880,0.483194,0.001681,0.592566,0.474520,-0.011397,0.573300,0.487537,-0.019687,0.558691,0.506703,-0.024822,0.632581,0.480283,-0.004024,0.592602,0.502126,-0.017956,0.603477,0.542926,-0.019100,0.618556,0.542577,-0.017838,0.638525,0.487257,-0.012204,0.597646,0.519855,-0.023677,0.610503,0.553141,-0.016119,0.624399,0.547607,-0.010162,0.639960,0.504162,-0.021904,0.605842,0.532164,-0.031542,0.615538,0.556940,-0.027850,0.628706,0.552284,-0.023554
1780503232.927,right,pinch,0.646695,0.641819,-0.000000,0.615079,0.618306,-0.004361,0.587605,0.578618,-0.010992,0.571788,0.553916,-0.019338,0.558700,0.526486,-0.025130,0.626196,0.490101,0.000234,0.596383,0.480349,-0.013548,0.577336,0.492032,-0.021872,0.561508,0.508456,-0.026766,0.635514,0.487197,-0.005279,0.596389,0.508529,-0.019252,0.606816,0.549402,-0.020057,0.621149,0.548647,-0.018599,0.641864,0.494057,-0.013278,0.600683,0.526964,-0.024671,0.613146,0.562100,-0.017079,0.626657,0.556992,-0.011146,0.644030,0.511141,-0.022879,0.610216,0.539065,-0.032479,0.618930,0.565793,-0.028892,0.631236,0.563259,-0.024539
1780503233.006,right,pinch,0.654322,0.664724,-0.000000,0.620550,0.633133,-0.002207,0.594721,0.591217,-0.009510,0.578512,0.564646,-0.019059,0.566733,0.536279,-0.026367,0.640803,0.509291,0.000761,0.607459,0.493722,-0.012106,0.587104,0.506183,-0.020506,0.571745,0.523708,-0.026138,0.650239,0.508073,-0.006210,0.606602,0.526019,-0.019308,0.616181,0.568275,-0.020058,0.631937,0.570313,-0.019396,0.654956,0.517603,-0.015344,0.610532,0.547741,-0.024730,0.622107,0.581721,-0.016684,0.636868,0.577692,-0.011659,0.653820,0.536936,-0.025987,0.618388,0.564962,-0.034385,0.627175,0.590164,-0.030988,0.640797,0.587250,-0.027645
1780503233.088,right,pinch,0.662309,0.673563,-0.000000,0.626382,0.640844,-0.003339,0.601606,0.595881,-0.009684,0.585765,0.570765,-0.017811,0.571779,0.544676,-0.023830,0.647599,0.513968,0.000048,0.614565,0.497269,-0.012991,0.592878,0.510029,-0.022928,0.575693,0.529072,-0.029625,0.656631,0.513817,-0.005942,0.613182,0.527867,-0.019105,0.621170,0.565932,-0.022004,0.636270,0.571853,-0.023112,0.660310,0.524911,-0.014048,0.614663,0.551589,-0.023379,0.625475,0.585248,-0.017413,0.640571,0.584057,-0.013840,0.658381,0.545620,-0.023755,0.622147,0.573249,-0.032212,0.630799,0.599219,-0.029759,0.644513,0.597806,-0.027099
1780503233.170,right,pinch,0.663297,0.678253,-0.000000,0.626295,0.641276,-0.003319,0.601914,0.596990,-0.010670,0.586168,0.570613,-0.020044,0.573072,0.541033,-0.027155,0.651636,0.513833,-0.000037,0.615198,0.498641,-0.014068,0.593254,0.512402,-0.023808,0.576440,0.529622,-0.029998,0.660776,0.515534,-0.006514,0.614534,0.531393,-0.021112,0.623151,0.570069,-0.023972,0.638610,0.575535,-0.024683,0.663718,0.527718,-0.015214,0.615661,0.554669,-0.025954,0.627287,0.588974,-0.020007,0.643157,0.586885,-0.015999,0.660817,0.548736,-0.025467,0.623453,0.577163,-0.034629,0.632216,0.603027,-0.032594,0.646204,0.601144,-0.029957
1780503233.269,right,pinch,0.664292,0.680056,-0.000000,0.627856,0.640776,-0.003303,0.603775,0.596222,-0.011112,0.587816,0.568288,-0.021013,0.574704,0.537140,-0.028459,0.652198,0.512779,0.000206,0.615947,0.498042,-0.013501,0.593725,0.511665,-0.022872,0.576730,0.527717,-0.028851,0.661888,0.515039,-0.006489,0.616010,0.532712,-0.019956,0.625067,0.570387,-0.021914,0.640737,0.574283,-0.022387,0.665502,0.528943,-0.015531,0.617959,0.555947,-0.024977,0.629261,0.589051,-0.018178,0.645022,0.586087,-0.014097,0.663457,0.551475,-0.026265,0.625653,0.578007,-0.034455,0.633503,0.602928,-0.031937,0.646921,0.601190,-0.029232
1780503233.383,right,pinch,0.665462,0.682370,-0.000000,0.629621,0.641393,-0.002767,0.605852,0.596087,-0.009946,0.589696,0.568373,-0.019314,0.577219,0.538553,-0.026338,0.655225,0.513171,0.000713,0.618199,0.497511,-0.013198,0.595595,0.511695,-0.023251,0.578458,0.528082,-0.029704,0.664313,0.515837,-0.006072,0.617587,0.532408,-0.019931,0.626499,0.570251,-0.022761,0.641967,0.575659,-0.023765,0.667312,0.529905,-0.015093,0.618907,0.555989,-0.024707,0.630412,0.589296,-0.018644,0.646214,0.587116,-0.014920,0.664507,0.552875,-0.025715,0.626575,0.578458,-0.033765,0.634817,0.603279,-0.031390,0.648592,0.602012,-0.028740
1780503233.505,right,pinch,0.666662,0.685854,-0.000000,0.630746,0.643763,-0.003520,0.607091,0.596501,-0.011239,0.591303,0.568114,-0.021002,0.578336,0.537277,-0.028384,0.658856,0.513811,-0.000111,0.620752,0.499092,-0.014898,0.597489,0.512180,-0.025639,0.579222,0.526883,-0.032533,0.667140,0.517142,-0.006784,0.619008,0.532677,-0.021224,0.628097,0.571145,-0.024078,0.643819,0.576584,-0.025060,0.669351,0.531827,-0.015797,0.619445,0.557233,-0.025982,0.631122,0.591573,-0.019562,0.647252,0.589688,-0.015528,0.665874,0.555266,-0.026538,0.626866,0.581377,-0.034992,0.634996,0.607357,-0.032486,0.648827,0.606663,-0.029696
1780503233.620,right,pinch,0.666254,0.690693,-0.000000,0.630536,0.649435,-0.004325,0.606433,0.601822,-0.011995,0.589699,0.573738,-0.021529,0.573854,0.544461,-0.028692,0.658474,0.518067,-0.000772,0.618537,0.501959,-0.016115,0.595045,0.515307,-0.027646,0.577718,0.532037,-0.035019,0.666022,0.521390,-0.006872,0.617939,0.535775,-0.021270,0.626734,0.573099,-0.024521,0.642653,0.578315,-0.025880,0.668335,0.535655,-0.015402,0.618921,0.561450,-0.025092,0.630204,0.595055,-0.018954,0.646216,0.592977,-0.015265,0.665429,0.558993,-0.025822,0.626870,0.585307,-0.033986,0.634959,0.610579,-0.031569,0.648902,0.609566,-0.028878
1780503233.736,right,pinch,0.665430,0.695489,-0.000000,0.628570,0.651827,-0.004936,0.605260,0.601205,-0.012746,0.589275,0.571743,-0.022172,0.574582,0.541790,-0.029258,0.660265,0.518900,-0.001802,0.619542,0.502343,-0.017197,0.595730,0.516827,-0.028489,0.578424,0.532634,-0.035672,0.667868,0.523747,-0.007644,0.618606,0.536953,-0.022260,0.626680,0.574781,-0.025440,0.642380,0.580097,-0.026848,0.669082,0.539743,-0.015910,0.617814,0.563164,-0.026575,0.628535,0.598995,-0.020589,0.644925,0.597838,-0.016846,0.664519,0.564090,-0.025962,0.624031,0.588605,-0.035209,0.632155,0.615730,-0.033102,0.646923,0.615750,-0.030460
1780503233.861,right,pinch,0.664256,0.698745,-0.000000,0.627394,0.646868,-0.001086,0.607407,0.596881,-0.008608,0.592353,0.566397,-0.018055,0.577454,0.538214,-0.026046,0.664912,0.524222,-0.003587,0.623334,0.501763,-0.017228,0.597782,0.512652,-0.026919,0.579802,0.526545,-0.033329,0.671453,0.533592,-0.010637,0.617580,0.539082,-0.023842,0.622451,0.579840,-0.025960,0.636749,0.590837,-0.027277,0.669400,0.551996,-0.019120,0.614545,0.567479,-0.028583,0.622791,0.605400,-0.022111,0.638011,0.609746,-0.018602,0.660854,0.576514,-0.028725,0.618114,0.593660,-0.036853,0.623831,0.622041,-0.033995,0.636746,0.625923,-0.031288
1780503234.013,right,pinch,0.669583,0.697031,-0.000000,0.672239,0.631711,0.000631,0.655287,0.570215,-0.007768,0.622030,0.541635,-0.016216,0.596365,0.532961,-0.024358,0.680311,0.536854,-0.020426,0.632635,0.494601,-0.030081,0.604952,0.501832,-0.033787,0.589238,0.515303,-0.036614,0.671049,0.555672,-0.025884,0.616710,0.542967,-0.034713,0.618017,0.572082,-0.033803,0.629984,0.587205,-0.035240,0.656638,0.578597,-0.030303,0.606306,0.574703,-0.035565,0.611708,0.600624,-0.030317,0.624867,0.609451,-0.029477,0.639496,0.602557,-0.034680,0.601159,0.598153,-0.040310,0.604854,0.619578,-0.037949,0.615295,0.626242,-0.036952
1780503234.128,right,pinch,0.662643,0.700439,-0.000000,0.670929,0.638161,0.000801,0.659956,0.568302,-0.007172,0.628062,0.527754,-0.014582,0.603709,0.509842,-0.022207,0.679044,0.549839,-0.022701,0.636185,0.496486,-0.032901,0.611149,0.492853,-0.036609,0.595350,0.499038,-0.038950,0.661527,0.574974,-0.028421,0.617629,0.534893,-0.037258,0.621340,0.561076,-0.034494,0.633875,0.580141,-0.033829,0.641665,0.599875,-0.032875,0.605452,0.564482,-0.039778,0.611822,0.590234,-0.031227,0.623110,0.605656,-0.026653,0.621069,0.624555,-0.036914,0.597893,0.591083,-0.042000,0.603489,0.613158,-0.035573,0.611449,0.626449,-0.031145
1780503234.256,right,pinch,0.649320,0.707308,-0.000000,0.668439,0.651388,-0.001394,0.663462,0.581379,-0.008016,0.639761,0.535075,-0.013147,0.616185,0.516108,-0.018644,0.666550,0.590197,-0.027555,0.638378,0.513815,-0.035513,0.623426,0.492961,-0.036837,0.611488,0.485151,-0.036840,0.640988,0.609946,-0.030303,0.619415,0.537394,-0.034930,0.625612,0.547428,-0.030084,0.632477,0.567912,-0.027975,0.617610,0.626323,-0.031468,0.605826,0.560220,-0.033353,0.612561,0.574821,-0.023738,0.617082,0.594339,-0.018920,0.597695,0.638041,-0.032515,0.594073,0.581881,-0.031798,0.601738,0.594111,-0.023483,0.604751,0.611529,-0.018825
1780503234.439,right,pinch,0.644701,0.704841,0.000000,0.664893,0.650255,-0.008741,0.660217,0.578570,-0.017814,0.643549,0.523848,-0.023379,0.624932,0.490872,-0.028573,0.654950,0.602372,-0.039990,0.632840,0.520647,-0.048021,0.621544,0.493344,-0.046301,0.611957,0.479905,-0.043980,0.628461,0.621907,-0.038567,0.617497,0.540950,-0.043217,0.625637,0.546366,-0.035110,0.631129,0.566405,-0.030682,0.605740,0.636257,-0.035736,0.603259,0.560806,-0.037497,0.612416,0.572245,-0.025963,0.616370,0.592241,-0.020009,0.588295,0.642471,-0.033364,0.592040,0.581124,-0.033146,0.601700,0.589801,-0.025446,0.604096,0.606697,-0.021336
1780503234.591,right,pinch,0.641742,0.700934,0.000000,0.661633,0.646475,-0.010571,0.658466,0.573569,-0.017647,0.641049,0.519460,-0.020947,0.621277,0.491925,-0.023408,0.648191,0.603233,-0.034974,0.629650,0.527411,-0.043222,0.620606,0.499738,-0.042484,0.613227,0.484056,-0.040760,0.622483,0.621930,-0.031943,0.614101,0.541887,-0.039387,0.623231,0.547316,-0.033956,0.629526,0.569160,-0.029506,0.600918,0.635238,-0.027923,0.600518,0.562378,-0.031646,0.610631,0.571741,-0.022703,0.615520,0.590725,-0.016895,0.584376,0.640475,-0.024562,0.590594,0.583248,-0.025492,0.600736,0.590506,-0.019982,0.603461,0.606924,-0.016381
1780503234.843,right,pinch,0.645716,0.696277,0.000000,0.664435,0.649402,-0.005305,0.662248,0.582941,-0.010494,0.640794,0.538228,-0.012901,0.622220,0.516143,-0.015009,0.666584,0.585110,-0.028452,0.636037,0.516159,-0.036096,0.618615,0.494924,-0.035437,0.605257,0.486309,-0.033431,0.643079,0.605768,-0.028028,0.616069,0.539232,-0.034018,0.619687,0.552376,-0.028206,0.626792,0.573184,-0.023412,0.620134,0.622954,-0.026609,0.602394,0.563384,-0.029594,0.608169,0.579649,-0.020415,0.613429,0.597118,-0.014334,0.598509,0.636408,-0.025242,0.591113,0.584648,-0.025120,0.597480,0.598813,-0.018169,0.600116,0.614742,-0.013502
1780503235.028,right,pinch,0.667980,0.682900,-0.000000,0.672993,0.629478,-0.004042,0.659100,0.566799,-0.014955,0.628426,0.527777,-0.024596,0.604971,0.505561,-0.033700,0.689057,0.538968,-0.027369,0.647752,0.487085,-0.040281,0.621401,0.485124,-0.044176,0.605131,0.493143,-0.046046,0.678410,0.560596,-0.031130,0.624066,0.528765,-0.043754,0.623119,0.557013,-0.040969,0.633720,0.571485,-0.039299,0.662199,0.582179,-0.034399,0.612790,0.556613,-0.043913,0.617334,0.583637,-0.035153,0.629430,0.594499,-0.029844,0.644256,0.603253,-0.037762,0.609280,0.578939,-0.045190,0.612056,0.602248,-0.040327,0.621348,0.612158,-0.036545
1780503235.284,right,pinch,0.665725,0.673054,-0.000000,0.634618,0.635175,-0.004430,0.611725,0.586319,-0.010952,0.596108,0.552719,-0.019279,0.589317,0.525642,-0.024807,0.653417,0.507039,0.001380,0.629047,0.478946,-0.010782,0.610256,0.488795,-0.017370,0.597021,0.505238,-0.021168,0.667382,0.506231,-0.003655,0.629186,0.517730,-0.016309,0.633062,0.562002,-0.017254,0.647173,0.569670,-0.016059,0.677689,0.518627,-0.011085,0.636605,0.539364,-0.020552,0.642835,0.576858,-0.013881,0.656006,0.577570,-0.008834,0.682878,0.539797,-0.020130,0.647849,0.554645,-0.026588,0.649870,0.581782,-0.022785,0.660186,0.583436,-0.018742
1780503235.551,right,pinch,0.676208,0.631476,-0.000000,0.643190,0.607686,-0.008639,0.615156,0.571843,-0.016976,0.597564,0.537215,-0.026735,0.599466,0.508252,-0.033246,0.635926,0.488151,-0.001190,0.615621,0.459806,-0.016679,0.605641,0.476306,-0.023157,0.601341,0.492128,-0.025623,0.651329,0.479467,-0.003237,0.624570,0.494627,-0.018507,0.633959,0.538597,-0.018746,0.646882,0.537405,-0.015675,0.666802,0.479622,-0.008418,0.638385,0.507040,-0.020539,0.647111,0.546036,-0.013189,0.657934,0.541338,-0.006246,0.680292,0.487548,-0.015436,0.654829,0.513022,-0.021928,0.658867,0.542509,-0.017799,0.668162,0.540849,-0.012853
1780503235.695,right,pinch,0.678687,0.605600,-0.000000,0.648484,0.588493,-0.009890,0.620619,0.558761,-0.017925,0.602308,0.521343,-0.027288,0.605731,0.483806,-0.032898,0.629299,0.475656,0.000894,0.610153,0.453044,-0.018675,0.611416,0.487513,-0.027689,0.617519,0.503626,-0.030734,0.646077,0.465379,-0.000762,0.627227,0.477620,-0.019679,0.637595,0.520001,-0.021090,0.646576,0.514277,-0.017550,0.662873,0.463353,-0.006349,0.644104,0.487733,-0.023354,0.653460,0.525377,-0.017481,0.661658,0.517467,-0.009348,0.677984,0.468107,-0.013510,0.660179,0.491602,-0.021445,0.663809,0.519121,-0.017906,0.670379,0.513906,-0.012566
1780503235.852,right,pinch,0.671356,0.590885,-0.000000,0.641049,0.578449,-0.008479,0.613311,0.549250,-0.016221,0.595544,0.514740,-0.025764,0.598153,0.480853,-0.032271,0.624086,0.469970,0.000792,0.603077,0.442640,-0.016558,0.598119,0.460177,-0.022300,0.600541,0.478136,-0.023005,0.639346,0.458831,-0.001588,0.618494,0.468701,-0.019138,0.630128,0.511600,-0.017608,0.640057,0.506774,-0.011505,0.655282,0.454785,-0.007669,0.635331,0.479775,-0.024322,0.646262,0.517564,-0.016550,0.655176,0.510594,-0.006827,0.670058,0.458461,-0.015225,0.652584,0.481883,-0.023767,0.657418,0.509670,-0.019423,0.664755,0.504554,-0.013301
1780503235.959,right,pinch,0.665851,0.591353,-0.000000,0.637172,0.582435,-0.010131,0.608166,0.555807,-0.018442,0.590765,0.519313,-0.028001,0.591343,0.483160,-0.034615,0.619935,0.473446,-0.001816,0.599243,0.448266,-0.018914,0.592474,0.465714,-0.024030,0.593557,0.485098,-0.024420,0.634884,0.461472,-0.003521,0.613029,0.473149,-0.021169,0.624813,0.516195,-0.019227,0.635076,0.511673,-0.012991,0.650284,0.456720,-0.008923,0.630332,0.484027,-0.026550,0.641127,0.521456,-0.018823,0.649628,0.514154,-0.009133,0.664795,0.459361,-0.015762,0.647396,0.483038,-0.025244,0.652411,0.511749,-0.020890,0.659735,0.507585,-0.014779
1780503236.106,right,pinch,0.668043,0.586568,-0.000000,0.639645,0.578256,-0.009693,0.609830,0.550881,-0.017502,0.590617,0.514390,-0.026695,0.595753,0.482370,-0.032795,0.616882,0.469146,0.001111,0.598188,0.446565,-0.015883,0.596577,0.471652,-0.021997,0.601477,0.491317,-0.023143,0.632874,0.456067,-0.000438,0.614033,0.469843,-0.017183,0.626019,0.513173,-0.015810,0.635036,0.509574,-0.010071,0.649710,0.451023,-0.005852,0.631348,0.478363,-0.022272,0.642007,0.516781,-0.015398,0.649990,0.512191,-0.006321,0.665508,0.453477,-0.012700,0.647848,0.477275,-0.021206,0.653539,0.506242,-0.017173,0.661148,0.503700,-0.011271
1780503236.247,right,pinch,0.673077,0.582922,-0.000000,0.644645,0.576484,-0.009955,0.614712,0.551328,-0.018454,0.594513,0.515566,-0.028301,0.600702,0.484575,-0.035482,0.617310,0.470849,0.001005,0.602257,0.444546,-0.015283,0.598584,0.456434,-0.021484,0.601474,0.473883,-0.022557,0.633556,0.454259,-0.000210,0.620465,0.471470,-0.015953,0.632331,0.509361,-0.014955,0.639979,0.507147,-0.009440,0.650955,0.448349,-0.005108,0.638206,0.479085,-0.019799,0.647888,0.513005,-0.013704,0.654205,0.509280,-0.005435,0.667377,0.450175,-0.011537,0.654372,0.478858,-0.018509,0.659307,0.504544,-0.014636,0.665168,0.501466,-0.009045
1780503236.383,right,pinch,0.680633,0.576041,-0.000000,0.653906,0.570484,-0.011124,0.625431,0.549875,-0.020803,0.605708,0.518322,-0.031311,0.615975,0.489829,-0.039086,0.622252,0.473387,-0.005132,0.609014,0.438106,-0.023833,0.611382,0.462606,-0.032123,0.620451,0.485945,-0.034303,0.639851,0.459832,-0.006176,0.632472,0.449656,-0.023378,0.639314,0.492946,-0.022998,0.645079,0.501768,-0.017762,0.658932,0.454214,-0.010681,0.652222,0.456023,-0.025189,0.655257,0.496239,-0.018374,0.659461,0.503869,-0.009461,0.679057,0.453787,-0.016763,0.670975,0.464509,-0.022776,0.670230,0.493409,-0.017716,0.673283,0.498636,-0.011288
1780503236.505,right,pinch,0.683388,0.563297,-0.000000,0.657852,0.556233,-0.014005,0.632230,0.538917,-0.024345,0.618600,0.510387,-0.035020,0.632893,0.487356,-0.042350,0.624001,0.450287,-0.003865,0.616646,0.426379,-0.023880,0.624569,0.464730,-0.035077,0.632904,0.483888,-0.039841,0.643356,0.436040,-0.004686,0.639764,0.427293,-0.022613,0.646435,0.475603,-0.024805,0.649820,0.485498,-0.021786,0.664066,0.433088,-0.009564,0.661265,0.436012,-0.024996,0.663563,0.479939,-0.020025,0.665459,0.488476,-0.012380,0.685323,0.437253,-0.016430,0.681677,0.444159,-0.023019,0.679236,0.475652,-0.018902,0.679004,0.484025,-0.013337
1780503236.606,right,pinch,0.682586,0.541625,-0.000000,0.657217,0.537248,-0.013394,0.634469,0.523538,-0.024598,0.629501,0.496905,-0.035945,0.642547,0.473196,-0.045164,0.622798,0.443596,-0.007529,0.619592,0.411663,-0.026789,0.628476,0.432515,-0.039397,0.636537,0.453883,-0.045281,0.641978,0.429606,-0.008883,0.637539,0.400390,-0.027584,0.646025,0.441644,-0.033056,0.650944,0.466322,-0.032057,0.661815,0.423993,-0.013451,0.659750,0.408169,-0.030031,0.664347,0.451395,-0.027770,0.666795,0.473989,-0.021448,0.683023,0.425115,-0.019530,0.680707,0.415061,-0.028448,0.679253,0.447031,-0.025167,0.677121,0.465525,-0.019884
1780503236.779,right,pinch,0.683300,0.533297,-0.000000,0.658574,0.530504,-0.013539,0.637026,0.517846,-0.024009,0.639318,0.495463,-0.033962,0.651676,0.474928,-0.041338,0.619233,0.427899,-0.009356,0.623785,0.418129,-0.026353,0.636317,0.438992,-0.037829,0.642729,0.451823,-0.044220,0.637344,0.406714,-0.010421,0.645119,0.416660,-0.027061,0.653552,0.454699,-0.033422,0.654094,0.469897,-0.034543,0.657383,0.398932,-0.014135,0.666260,0.419712,-0.027373,0.670111,0.454301,-0.026359,0.667613,0.463778,-0.022749,0.678745,0.399280,-0.019816,0.685371,0.417903,-0.027417,0.684181,0.448190,-0.025721,0.678381,0.459077,-0.022144
1780503236.918,right,pinch,0.683290,0.520024,-0.000000,0.661133,0.520865,-0.015402,0.642182,0.509635,-0.027261,0.645761,0.487640,-0.038268,0.659423,0.470124,-0.047010,0.622591,0.429857,-0.012262,0.628452,0.408751,-0.031629,0.643280,0.431066,-0.044063,0.651983,0.449290,-0.050247,0.642196,0.411832,-0.013196,0.646122,0.388299,-0.033443,0.659365,0.429359,-0.040210,0.663594,0.453494,-0.040026,0.662207,0.403519,-0.016908,0.668375,0.390445,-0.034517,0.676459,0.431687,-0.032787,0.676456,0.452974,-0.026929,0.682744,0.404179,-0.022207,0.688680,0.397930,-0.032410,0.690025,0.431345,-0.029273,0.685729,0.449100,-0.023929
1780503237.001,right,pinch,0.679257,0.503526,-0.000000,0.664831,0.506888,-0.019435,0.650559,0.500261,-0.033311,0.655783,0.482397,-0.045024,0.667917,0.465052,-0.054398,0.625598,0.422623,-0.019256,0.633377,0.400250,-0.038574,0.650729,0.418891,-0.051094,0.662743,0.437515,-0.057633,0.642810,0.399544,-0.017774,0.651911,0.376182,-0.038832,0.668017,0.415313,-0.045925,0.673831,0.441648,-0.046074,0.661098,0.389732,-0.018840,0.674210,0.381163,-0.036660,0.684048,0.420350,-0.035386,0.684174,0.441878,-0.030046,0.679921,0.389755,-0.021785,0.692266,0.389510,-0.032270,0.695267,0.421984,-0.030045,0.690885,0.439117,-0.025587
1780503237.079,right,pinch,0.681584,0.494465,-0.000000,0.665809,0.505380,-0.023221,0.653254,0.502698,-0.038729,0.665683,0.486092,-0.050001,0.679847,0.464156,-0.057296,0.625565,0.413336,-0.028697,0.644636,0.410613,-0.047483,0.664123,0.427071,-0.058143,0.675840,0.437102,-0.064485,0.644227,0.383163,-0.024713,0.670695,0.407810,-0.046083,0.676268,0.447573,-0.052247,0.671848,0.463417,-0.053581,0.664987,0.373192,-0.023000,0.690940,0.412179,-0.037609,0.689765,0.444510,-0.034194,0.680608,0.448790,-0.030188,0.684842,0.374356,-0.024200,0.704559,0.414566,-0.034779,0.700546,0.444154,-0.034657,0.690219,0.448605,-0.032517
1780503237.166,right,pinch,0.681633,0.490336,-0.000000,0.666533,0.502262,-0.023715,0.656017,0.499512,-0.040447,0.669547,0.482133,-0.053002,0.683479,0.461952,-0.061980,0.626180,0.414473,-0.030002,0.643730,0.408604,-0.051294,0.664256,0.424035,-0.063924,0.677687,0.434819,-0.071308,0.643132,0.385376,-0.026793,0.661059,0.392229,-0.050853,0.671412,0.435362,-0.057386,0.672332,0.457240,-0.057962,0.662546,0.375034,-0.025956,0.683751,0.390963,-0.044047,0.688401,0.429626,-0.039535,0.683647,0.442019,-0.033415,0.682448,0.375293,-0.027796,0.701412,0.399019,-0.040423,0.700516,0.431203,-0.038921,0.692261,0.438783,-0.035104
1780503237.252,right,pinch,0.676434,0.488666,0.000000,0.663966,0.501003,-0.025215,0.655203,0.496480,-0.041942,0.670537,0.477399,-0.054575,0.687014,0.457551,-0.064313,0.628370,0.418622,-0.029221,0.643703,0.404903,-0.050677,0.664564,0.418622,-0.063796,0.679456,0.431126,-0.070936,0.644839,0.390276,-0.025404,0.652273,0.374436,-0.049636,0.665607,0.412710,-0.057346,0.671076,0.440585,-0.057808,0.662735,0.379142,-0.024030,0.677659,0.372087,-0.043854,0.687491,0.410587,-0.041168,0.687220,0.433292,-0.034832,0.680952,0.378809,-0.025071,0.698210,0.384369,-0.038287,0.700649,0.417635,-0.036601,0.695130,0.434389,-0.032105
1780503237.358,right,pinch,0.677780,0.484172,-0.000000,0.664375,0.497352,-0.026725,0.655633,0.496136,-0.044552,0.671860,0.478682,-0.057652,0.687428,0.457613,-0.067408,0.626226,0.415103,-0.033416,0.643409,0.402834,-0.054748,0.664013,0.412240,-0.066764,0.678274,0.423907,-0.073314,0.642487,0.385183,-0.028502,0.657315,0.384406,-0.052760,0.670763,0.427972,-0.058696,0.672956,0.455291,-0.058510,0.661344,0.373783,-0.026056,0.679991,0.377324,-0.046017,0.688509,0.416227,-0.041399,0.685274,0.435188,-0.034354,0.680241,0.373561,-0.026152,0.698251,0.383955,-0.040608,0.700134,0.416183,-0.038594,0.693733,0.429675,-0.033782
1780503237.452,right,pinch,0.677123,0.480579,-0.000000,0.665544,0.494211,-0.025439,0.657319,0.492178,-0.042605,0.673103,0.475147,-0.055141,0.689715,0.455969,-0.064164,0.630448,0.410874,-0.032294,0.647663,0.402913,-0.052694,0.667507,0.413820,-0.064462,0.681866,0.422306,-0.071257,0.646611,0.380031,-0.027523,0.669034,0.386199,-0.050927,0.678002,0.427036,-0.057085,0.677919,0.449887,-0.057393,0.664711,0.369071,-0.025075,0.691334,0.388908,-0.042638,0.693665,0.423473,-0.039009,0.686726,0.434634,-0.033429,0.682464,0.369679,-0.025381,0.705090,0.394571,-0.037259,0.703918,0.422664,-0.036211,0.694885,0.428602,-0.032794
1780503237.550,right,pinch,0.680436,0.484618,-0.000000,0.666100,0.497504,-0.026340,0.657532,0.493389,-0.044187,0.675867,0.476734,-0.057253,0.692230,0.457423,-0.067319,0.627990,0.407861,-0.034176,0.648901,0.399126,-0.057474,0.669615,0.415636,-0.072771,0.683426,0.427288,-0.081677,0.646401,0.381996,-0.029272,0.663464,0.379051,-0.053760,0.675640,0.422389,-0.061791,0.677805,0.447375,-0.063706,0.665824,0.372443,-0.026625,0.685879,0.374201,-0.045550,0.693886,0.415966,-0.041317,0.691765,0.435065,-0.035202,0.683957,0.372485,-0.026544,0.702195,0.382645,-0.039074,0.704132,0.416201,-0.036354,0.698786,0.427944,-0.031644
1780503237.648,right,pinch,0.681361,0.483210,0.000000,0.669489,0.495867,-0.027998,0.661685,0.493687,-0.046466,0.679246,0.474944,-0.060048,0.693259,0.453003,-0.069799,0.631305,0.412754,-0.034673,0.644570,0.397359,-0.059402,0.669012,0.407120,-0.074184,0.686511,0.416155,-0.082124,0.648211,0.383909,-0.029276,0.662652,0.382270,-0.056432,0.676175,0.425828,-0.063792,0.677410,0.449304,-0.064310,0.666802,0.373508,-0.026720,0.687226,0.377319,-0.047617,0.694847,0.416890,-0.042806,0.689910,0.432446,-0.035676,0.684892,0.373398,-0.027031,0.705360,0.386798,-0.041180,0.706535,0.418179,-0.039271,0.698630,0.426713,-0.034620
1780503237.760,right,pinch,0.682724,0.478672,-0.000000,0.672736,0.490710,-0.027361,0.667137,0.489705,-0.045164,0.684193,0.474725,-0.058132,0.698124,0.455860,-0.067611,0.633193,0.408597,-0.032695,0.651984,0.397054,-0.054556,0.673389,0.412052,-0.066994,0.688024,0.424729,-0.073560,0.649017,0.381010,-0.026968,0.665721,0.376488,-0.051261,0.680743,0.417907,-0.058105,0.684365,0.441984,-0.058420,0.666911,0.370030,-0.023810,0.688252,0.372288,-0.043903,0.698071,0.410598,-0.040873,0.695864,0.427434,-0.034612,0.684919,0.368652,-0.023100,0.704653,0.378221,-0.036442,0.707578,0.408427,-0.035198,0.701446,0.418105,-0.031080
1780503237.877,right,pinch,0.681970,0.478582,0.000000,0.673864,0.490573,-0.026591,0.671577,0.489596,-0.044529,0.689611,0.473668,-0.057803,0.704596,0.457286,-0.068417,0.636484,0.406530,-0.034226,0.657140,0.397178,-0.054578,0.679387,0.411997,-0.067044,0.695419,0.423095,-0.073552,0.652419,0.379807,-0.027790,0.672003,0.376615,-0.047726,0.687494,0.411756,-0.053911,0.693728,0.435667,-0.055214,0.669299,0.368917,-0.023404,0.690007,0.367482,-0.040833,0.702029,0.403456,-0.038774,0.704533,0.426335,-0.033863,0.685490,0.367993,-0.021295,0.704403,0.369849,-0.032993,0.710399,0.400454,-0.031480,0.709043,0.417945,-0.027495
1780503237.955,right,pinch,0.677892,0.472538,-0.000000,0.673313,0.487477,-0.026978,0.675034,0.490587,-0.045035,0.696260,0.477133,-0.058055,0.711245,0.458984,-0.067723,0.639590,0.406799,-0.036200,0.665507,0.395169,-0.055018,0.689080,0.405872,-0.063937,0.706050,0.417425,-0.067859,0.653404,0.377991,-0.029499,0.678344,0.386559,-0.048199,0.692281,0.424504,-0.051304,0.696154,0.450490,-0.050857,0.669445,0.366864,-0.024972,0.692733,0.369867,-0.041630,0.703759,0.404229,-0.038266,0.705461,0.427150,-0.033037,0.686147,0.366047,-0.022774,0.706483,0.370511,-0.035549,0.711914,0.400488,-0.034595,0.710101,0.418351,-0.030868
1780503238.039,right,pinch,0.684590,0.476694,0.000000,0.681252,0.490178,-0.027409,0.684718,0.490480,-0.044831,0.705217,0.476018,-0.056771,0.718585,0.456283,-0.065257,0.645148,0.406867,-0.036445,0.668952,0.397759,-0.054644,0.690398,0.409198,-0.063060,0.706127,0.420343,-0.066846,0.657035,0.378796,-0.028954,0.683550,0.387075,-0.047024,0.700428,0.421641,-0.049877,0.707582,0.443785,-0.049327,0.672117,0.366432,-0.023633,0.697129,0.373777,-0.039523,0.708763,0.404869,-0.036127,0.711722,0.423929,-0.031058,0.688442,0.363815,-0.020681,0.708877,0.369752,-0.032558,0.715084,0.396163,-0.031549,0.714973,0.409511,-0.027945
1780503238.130,right,pinch,0.684605,0.469129,0.000000,0.683659,0.485383,-0.028879,0.690571,0.487262,-0.047073,0.712069,0.475106,-0.059078,0.724702,0.456183,-0.067724,0.646162,0.406354,-0.041281,0.671396,0.396867,-0.060677,0.694491,0.404925,-0.069639,0.712816,0.413127,-0.073533,0.657268,0.374511,-0.032815,0.690927,0.384144,-0.052826,0.705701,0.420169,-0.056741,0.709723,0.442970,-0.056638,0.672160,0.358924,-0.026159,0.702036,0.368887,-0.043642,0.712477,0.400926,-0.041160,0.713816,0.419547,-0.036403,0.687408,0.354031,-0.021752,0.710530,0.364218,-0.034594,0.718024,0.392209,-0.033675,0.719000,0.405345,-0.029814
1780503238.210,right,pinch,0.686600,0.471621,-0.000000,0.685081,0.486680,-0.028456,0.690947,0.488891,-0.046964,0.714502,0.475772,-0.060058,0.729454,0.455643,-0.069571,0.650307,0.403200,-0.038342,0.675372,0.391195,-0.057398,0.698253,0.405294,-0.066268,0.715941,0.418784,-0.070142,0.662928,0.373810,-0.030696,0.692270,0.385449,-0.050545,0.708556,0.422528,-0.054655,0.715155,0.447782,-0.054775,0.677772,0.360563,-0.025143,0.703354,0.368768,-0.041957,0.713672,0.400576,-0.039495,0.715823,0.422020,-0.034921,0.693146,0.358132,-0.022041,0.713324,0.365503,-0.034535,0.719720,0.392072,-0.033857,0.720000,0.406908,-0.030292
1780503238.302,right,pinch,0.686273,0.477051,0.000000,0.689624,0.489796,-0.030624,0.698300,0.487861,-0.048989,0.720376,0.473064,-0.060995,0.734120,0.452827,-0.068936,0.652191,0.403979,-0.041052,0.680273,0.395659,-0.060296,0.704512,0.408566,-0.068205,0.721622,0.418746,-0.071088,0.662742,0.377079,-0.031443,0.696131,0.387375,-0.050652,0.710831,0.420612,-0.053790,0.714303,0.439000,-0.053260,0.676884,0.363775,-0.023923,0.707964,0.374603,-0.040764,0.718469,0.404842,-0.037651,0.719495,0.421971,-0.032252,0.691746,0.359793,-0.018902,0.714836,0.367194,-0.030668,0.721319,0.392480,-0.029453,0.721196,0.404691,-0.025287
1780503238.390,right,pinch,0.688989,0.478111,0.000000,0.693995,0.492515,-0.029267,0.703650,0.491168,-0.047756,0.723421,0.476583,-0.060314,0.734490,0.453741,-0.069844,0.656357,0.411646,-0.041708,0.672436,0.397724,-0.059971,0.687127,0.401144,-0.068987,0.699185,0.407824,-0.073488,0.665421,0.380876,-0.032755,0.699537,0.394001,-0.053205,0.718363,0.426667,-0.057769,0.727303,0.449494,-0.057947,0.678569,0.365602,-0.025424,0.709658,0.380712,-0.043097,0.721668,0.411238,-0.040712,0.724989,0.432704,-0.035679,0.692776,0.361051,-0.020409,0.716722,0.371548,-0.032732,0.724230,0.398234,-0.031430,0.725518,0.413280,-0.027210
1780503238.475,right,pinch,0.685771,0.477393,0.000000,0.689381,0.492536,-0.031916,0.699015,0.493358,-0.051188,0.721746,0.480029,-0.063472,0.735828,0.458565,-0.071434,0.653111,0.409030,-0.045298,0.686442,0.396390,-0.065359,0.714667,0.414925,-0.073016,0.733933,0.431801,-0.075694,0.663773,0.377331,-0.035318,0.700768,0.384232,-0.055112,0.716306,0.423298,-0.058089,0.718624,0.446251,-0.057746,0.678425,0.362511,-0.027219,0.712492,0.370340,-0.044380,0.723359,0.405838,-0.040082,0.722846,0.426030,-0.034298,0.693322,0.359186,-0.021618,0.718551,0.367969,-0.034150,0.725746,0.396316,-0.032189,0.724721,0.410085,-0.027599
1780503238.558,right,pinch,0.691693,0.477730,0.000000,0.693394,0.493024,-0.032289,0.700860,0.494323,-0.052306,0.722544,0.481116,-0.065668,0.737827,0.460789,-0.074624,0.653416,0.404896,-0.044446,0.683635,0.396485,-0.065559,0.709856,0.413456,-0.073970,0.727668,0.427261,-0.077151,0.664511,0.374185,-0.034847,0.701268,0.387350,-0.055794,0.715394,0.427107,-0.059090,0.715615,0.447376,-0.058799,0.679954,0.359658,-0.027460,0.713256,0.373198,-0.046098,0.722968,0.408947,-0.041929,0.720740,0.426966,-0.035891,0.695748,0.356594,-0.022613,0.720080,0.366321,-0.035381,0.726108,0.395420,-0.033124,0.723746,0.408717,-0.028277
1780503238.645,right,pinch,0.689883,0.475999,0.000000,0.693815,0.497025,-0.033278,0.703324,0.498758,-0.053724,0.724733,0.485153,-0.067405,0.736151,0.463570,-0.077411,0.658271,0.416161,-0.048442,0.669673,0.396896,-0.068932,0.683497,0.392627,-0.077384,0.695681,0.391571,-0.081164,0.666385,0.379295,-0.037848,0.702654,0.392798,-0.060486,0.717838,0.430092,-0.063422,0.718943,0.450493,-0.062228,0.678751,0.360578,-0.029307,0.711945,0.378101,-0.050252,0.722582,0.411874,-0.047259,0.720498,0.428782,-0.041363,0.692027,0.354905,-0.023158,0.716725,0.366587,-0.037978,0.723688,0.394951,-0.037094,0.721255,0.409808,-0.032825
1780503238.729,right,pinch,0.690051,0.479110,-0.000000,0.690332,0.494481,-0.030573,0.696288,0.495551,-0.050233,0.719774,0.482268,-0.063787,0.735183,0.463177,-0.072659,0.652965,0.402974,-0.041267,0.686850,0.394840,-0.061823,0.711545,0.415087,-0.070238,0.726921,0.430609,-0.073478,0.664594,0.374457,-0.032862,0.701681,0.388590,-0.052280,0.710719,0.427153,-0.054876,0.706501,0.444532,-0.054512,0.680122,0.361150,-0.026719,0.713033,0.372174,-0.043070,0.720912,0.406930,-0.038021,0.718046,0.423429,-0.032145,0.695962,0.358301,-0.023330,0.720368,0.368380,-0.034867,0.725017,0.398289,-0.032388,0.721872,0.412294,-0.027705
1780503238.817,right,pinch,0.688761,0.473730,0.000000,0.684185,0.486018,-0.026130,0.684947,0.488600,-0.043929,0.704628,0.475240,-0.056780,0.719334,0.456252,-0.066264,0.648767,0.401290,-0.035240,0.675038,0.392956,-0.052759,0.696422,0.407208,-0.061346,0.710883,0.422796,-0.065590,0.661330,0.372474,-0.028907,0.688884,0.381786,-0.046457,0.705103,0.416872,-0.050537,0.711154,0.442524,-0.051264,0.676536,0.359356,-0.024422,0.701985,0.366098,-0.039759,0.714367,0.398025,-0.037269,0.717374,0.420183,-0.033142,0.693035,0.356266,-0.022219,0.713336,0.362399,-0.033766,0.719984,0.391399,-0.032698,0.719531,0.410043,-0.029288
1780503238.929,right,pinch,0.693982,0.480083,-0.000000,0.677911,0.491868,-0.023001,0.671207,0.480969,-0.038326,0.690228,0.457543,-0.049751,0.705976,0.434918,-0.058800,0.643653,0.399113,-0.027919,0.661588,0.390006,-0.046763,0.680263,0.412594,-0.058480,0.692828,0.431475,-0.064652,0.660380,0.375362,-0.023670,0.678565,0.371329,-0.041614,0.692134,0.408328,-0.047721,0.697256,0.433364,-0.049289,0.678728,0.366797,-0.021603,0.697103,0.364645,-0.037365,0.705664,0.401082,-0.035539,0.706959,0.421822,-0.031370,0.696277,0.367564,-0.021480,0.711033,0.368505,-0.031528,0.714703,0.397748,-0.029190,0.713752,0.412665,-0.025139
1780503239.143,right,pinch,0.686832,0.478045,0.000000,0.672892,0.488609,-0.018274,0.657405,0.482507,-0.031659,0.662228,0.463839,-0.042680,0.676783,0.449391,-0.052041,0.639931,0.409173,-0.022723,0.645006,0.385426,-0.038853,0.656192,0.408371,-0.047643,0.664096,0.428497,-0.051754,0.654278,0.386030,-0.020444,0.662088,0.358773,-0.037389,0.673163,0.393240,-0.041700,0.679375,0.418882,-0.041191,0.669102,0.372727,-0.020114,0.677968,0.352241,-0.035032,0.684876,0.388179,-0.033299,0.688237,0.411758,-0.028818,0.683592,0.367870,-0.021286,0.692824,0.357525,-0.030992,0.696568,0.387104,-0.029182,0.698390,0.405832,-0.025482
1780503239.244,right,pinch,0.679666,0.487225,-0.000000,0.663247,0.495226,-0.020701,0.641639,0.487897,-0.034883,0.637352,0.467931,-0.046504,0.650873,0.446916,-0.055280,0.623899,0.414610,-0.020586,0.624501,0.402127,-0.043624,0.640220,0.427962,-0.056653,0.648343,0.436053,-0.062994,0.642211,0.394276,-0.020023,0.640247,0.369470,-0.043945,0.652269,0.408982,-0.049479,0.654967,0.421333,-0.047951,0.662124,0.384791,-0.022673,0.664160,0.366750,-0.042807,0.672073,0.408484,-0.037207,0.671079,0.419588,-0.028516,0.682167,0.382797,-0.027393,0.684663,0.375003,-0.038607,0.688160,0.405687,-0.033183,0.686688,0.414704,-0.025966
1780503239.368,right,pinch,0.667607,0.495487,-0.000000,0.646118,0.502000,-0.015838,0.620141,0.490323,-0.027188,0.604421,0.467663,-0.037870,0.606188,0.445162,-0.045321,0.608407,0.401785,-0.007828,0.596441,0.400944,-0.024912,0.599196,0.416826,-0.031651,0.605512,0.430231,-0.033293,0.622898,0.378781,-0.007548,0.618366,0.410178,-0.022028,0.632137,0.448658,-0.018849,0.636396,0.444398,-0.012244,0.641281,0.371436,-0.011242,0.638211,0.410826,-0.023294,0.646332,0.443112,-0.012617,0.648819,0.437975,-0.002180,0.661290,0.373548,-0.017541,0.657136,0.407259,-0.023814,0.659717,0.432014,-0.017573,0.661341,0.429893,-0.010085
1780503239.513,right,pinch,0.663412,0.496882,-0.000000,0.641262,0.502237,-0.011009,0.611507,0.489716,-0.019455,0.591346,0.467255,-0.028204,0.596393,0.439172,-0.034158,0.605517,0.401309,-0.002839,0.590267,0.391275,-0.018676,0.589562,0.407037,-0.025269,0.593157,0.425895,-0.027333,0.619303,0.380554,-0.004002,0.607395,0.406977,-0.019111,0.621479,0.442445,-0.018570,0.627523,0.441816,-0.013855,0.636575,0.372734,-0.008568,0.628031,0.412563,-0.021226,0.638828,0.442639,-0.014458,0.642146,0.438664,-0.006704,0.654210,0.375005,-0.015014,0.646324,0.414780,-0.021811,0.652680,0.437982,-0.018397,0.655790,0.432623,-0.013452
1780503239.624,right,pinch,0.659283,0.506196,-0.000000,0.634252,0.507894,-0.010207,0.605382,0.493416,-0.019145,0.584618,0.468593,-0.028925,0.590661,0.445800,-0.036042,0.602924,0.405325,-0.002655,0.586676,0.392134,-0.018611,0.585651,0.410563,-0.024655,0.590020,0.429427,-0.026177,0.618143,0.386412,-0.004098,0.604309,0.413529,-0.019145,0.617953,0.447398,-0.018140,0.624991,0.442641,-0.013328,0.635368,0.378772,-0.008910,0.623134,0.419723,-0.022358,0.634657,0.447590,-0.016242,0.640300,0.441244,-0.008823,0.652203,0.380367,-0.015380,0.639581,0.418045,-0.022297,0.646567,0.440528,-0.018972,0.652188,0.435340,-0.014186
1780503239.740,right,pinch,0.655686,0.514336,-0.000000,0.627841,0.513124,-0.009401,0.600367,0.497482,-0.018189,0.579611,0.474615,-0.028047,0.578478,0.444811,-0.035356,0.602082,0.407282,-0.001154,0.584313,0.394899,-0.017328,0.579254,0.410078,-0.024242,0.580617,0.428949,-0.026384,0.616005,0.390690,-0.003009,0.598979,0.419325,-0.018749,0.612200,0.453156,-0.019288,0.620629,0.449546,-0.015634,0.631571,0.384385,-0.008139,0.616325,0.427630,-0.022571,0.628549,0.455204,-0.017189,0.635534,0.449212,-0.010126,0.646531,0.387891,-0.014803,0.631678,0.425596,-0.023090,0.639108,0.448361,-0.020194,0.645590,0.444054,-0.015419
1780503239.837,right,pinch,0.650380,0.522041,-0.000000,0.621589,0.517671,-0.006069,0.594075,0.497609,-0.013035,0.574917,0.473360,-0.021950,0.571236,0.444539,-0.028681,0.603450,0.411581,0.003093,0.584950,0.396125,-0.012203,0.576851,0.407047,-0.018770,0.574514,0.422343,-0.020841,0.616590,0.399243,-0.000353,0.595678,0.421767,-0.015715,0.608519,0.457038,-0.015232,0.617828,0.451416,-0.010953,0.630463,0.394211,-0.007025,0.610754,0.429583,-0.021685,0.622963,0.460019,-0.014857,0.630802,0.452761,-0.006860,0.643737,0.397655,-0.014928,0.624930,0.428811,-0.023220,0.632668,0.452270,-0.019179,0.640403,0.445998,-0.013798
1780503239.948,right,pinch,0.640196,0.547682,-0.000000,0.610790,0.531985,-0.002374,0.585329,0.505936,-0.008496,0.568298,0.478558,-0.017515,0.563506,0.445552,-0.025091,0.607148,0.435252,0.005112,0.587237,0.416449,-0.009243,0.575525,0.420805,-0.015185,0.569458,0.432117,-0.017253,0.617874,0.426522,-0.000702,0.590791,0.432920,-0.015964,0.602582,0.471169,-0.014705,0.614424,0.467453,-0.009980,0.629729,0.420925,-0.009343,0.603022,0.439603,-0.024396,0.614363,0.475077,-0.016121,0.625057,0.470216,-0.007118,0.641595,0.422288,-0.018890,0.616320,0.440277,-0.027813,0.622289,0.467273,-0.022729,0.632262,0.464464,-0.016865
1780503240.046,right,pinch,0.634588,0.579378,-0.000000,0.609366,0.560458,-0.004124,0.583638,0.527367,-0.010593,0.566889,0.499366,-0.019306,0.561951,0.467382,-0.026108,0.611610,0.454593,0.003714,0.588888,0.436886,-0.010426,0.574888,0.441183,-0.016577,0.565805,0.453918,-0.018917,0.621845,0.447025,-0.001144,0.590750,0.452762,-0.016592,0.600872,0.495548,-0.015805,0.613785,0.496571,-0.011202,0.632023,0.443491,-0.008821,0.599642,0.462350,-0.023975,0.610169,0.501406,-0.016218,0.622630,0.500349,-0.007367,0.641285,0.448440,-0.017553,0.611941,0.464764,-0.027150,0.617735,0.494164,-0.022403,0.629299,0.495735,-0.016389
1780503240.235,right,pinch,0.628845,0.612230,-0.000000,0.606459,0.585914,-0.002980,0.584572,0.549605,-0.009380,0.568943,0.524368,-0.018018,0.560877,0.492744,-0.024904,0.618729,0.478692,0.004698,0.596086,0.460010,-0.009170,0.577459,0.464755,-0.017542,0.563267,0.478233,-0.021915,0.627857,0.474180,-0.000760,0.594581,0.475675,-0.015500,0.599890,0.519867,-0.016417,0.612080,0.526746,-0.013731,0.635504,0.474348,-0.008817,0.599950,0.486284,-0.022393,0.607376,0.525949,-0.015574,0.620084,0.528819,-0.008248,0.640890,0.483271,-0.017933,0.609517,0.493949,-0.026791,0.612990,0.525376,-0.022179,0.623968,0.530776,-0.016712
1780503240.357,right,pinch,0.640303,0.644327,-0.000000,0.614083,0.613008,-0.001917,0.593307,0.570612,-0.007964,0.578707,0.545048,-0.015853,0.568817,0.515404,-0.021951,0.643241,0.502326,0.001579,0.610243,0.483034,-0.011679,0.588246,0.490332,-0.021571,0.571892,0.504087,-0.027934,0.649804,0.501678,-0.004652,0.607311,0.499102,-0.018092,0.609370,0.539487,-0.020937,0.621095,0.552016,-0.021418,0.651289,0.508792,-0.012808,0.607105,0.515410,-0.023370,0.611989,0.552813,-0.017282,0.624113,0.559067,-0.012627,0.647843,0.524334,-0.022086,0.611376,0.533645,-0.030559,0.615478,0.561702,-0.027181,0.626929,0.566925,-0.023464
1780503240.488,right,pinch,0.648024,0.660004,-0.000000,0.620754,0.618518,-0.002101,0.602760,0.571782,-0.008981,0.588272,0.545643,-0.017883,0.581904,0.517881,-0.024745,0.658141,0.509189,0.001819,0.625380,0.489222,-0.011086,0.603936,0.496084,-0.020981,0.586999,0.506520,-0.027680,0.665292,0.511890,-0.004925,0.621459,0.508331,-0.017921,0.624012,0.547267,-0.020636,0.636709,0.558247,-0.021309,0.667059,0.523267,-0.013663,0.620378,0.524557,-0.023151,0.624978,0.561205,-0.016594,0.638151,0.566935,-0.012097,0.662777,0.543192,-0.023766,0.624036,0.546277,-0.032193,0.627713,0.573310,-0.028963,0.640281,0.578983,-0.025392
1780503240.603,right,pinch,0.657616,0.669633,-0.000000,0.629124,0.623830,-0.003436,0.611815,0.575271,-0.010725,0.596996,0.547471,-0.019371,0.587876,0.517040,-0.025949,0.668941,0.515991,-0.000555,0.633559,0.492491,-0.012304,0.610580,0.496383,-0.021362,0.592121,0.503938,-0.027724,0.675055,0.517815,-0.006242,0.627683,0.510240,-0.018437,0.628453,0.549702,-0.020893,0.640706,0.563288,-0.021994,0.674200,0.528261,-0.013771,0.626191,0.527313,-0.022235,0.630015,0.564563,-0.015962,0.643888,0.571856,-0.012461,0.667431,0.545186,-0.022745,0.629484,0.549560,-0.030690,0.632910,0.578136,-0.028100,0.645636,0.584527,-0.025479
1780503240.697,right,pinch,0.666504,0.675105,-0.000000,0.634387,0.626938,-0.001072,0.619903,0.578185,-0.008782,0.607968,0.545058,-0.018306,0.595964,0.512521,-0.026021,0.676636,0.518205,-0.002918,0.641476,0.485747,-0.013889,0.617530,0.492621,-0.021119,0.600173,0.505234,-0.025937,0.682455,0.522561,-0.009341,0.632857,0.512894,-0.019415,0.632248,0.553559,-0.019120,0.644147,0.567764,-0.019011,0.679426,0.534458,-0.017201,0.628946,0.530277,-0.023700,0.633533,0.568002,-0.015908,0.647699,0.577652,-0.012226,0.669652,0.550669,-0.026261,0.630242,0.552624,-0.032400,0.633938,0.581347,-0.029070,0.646521,0.589843,-0.026519
1780503240.794,right,pinch,0.670452,0.678722,-0.000000,0.640258,0.627519,-0.002206,0.625342,0.577785,-0.010449,0.612627,0.543552,-0.020286,0.599112,0.510446,-0.028542,0.683847,0.518732,-0.004343,0.644941,0.486365,-0.016328,0.619967,0.491366,-0.024550,0.602295,0.502695,-0.030041,0.687730,0.524300,-0.010287,0.637559,0.511437,-0.022357,0.637609,0.551763,-0.024044,0.649185,0.568743,-0.024929,0.683177,0.537299,-0.017538,0.633101,0.530372,-0.026471,0.637097,0.568787,-0.020461,0.650303,0.580623,-0.017131,0.672286,0.555340,-0.025895,0.634473,0.554477,-0.034160,0.636404,0.582633,-0.031900,0.646829,0.593081,-0.029511
1780503240.889,right,pinch,0.674363,0.678331,-0.000000,0.644168,0.625621,-0.001448,0.629840,0.574521,-0.009127,0.618285,0.538459,-0.018420,0.604726,0.505835,-0.026141,0.686859,0.517858,-0.004364,0.649164,0.482820,-0.015734,0.623979,0.488012,-0.023292,0.606840,0.499547,-0.028355,0.690452,0.524222,-0.010284,0.639829,0.511979,-0.021376,0.639671,0.551080,-0.022400,0.651567,0.567288,-0.023142,0.685251,0.538359,-0.017338,0.634968,0.532482,-0.025488,0.639154,0.569712,-0.019290,0.652655,0.581414,-0.016075,0.673898,0.556890,-0.025424,0.635918,0.555449,-0.033231,0.637719,0.582370,-0.030873,0.647980,0.592473,-0.028565
1780503241.000,right,pinch,0.682418,0.675198,-0.000000,0.672403,0.617545,0.001696,0.657308,0.563198,-0.006173,0.633419,0.529713,-0.015278,0.612294,0.508893,-0.023469,0.697301,0.516600,-0.010599,0.655812,0.477381,-0.019668,0.628905,0.485640,-0.025326,0.611422,0.499578,-0.029809,0.693160,0.525166,-0.017106,0.640272,0.512860,-0.025353,0.640197,0.546256,-0.026154,0.650260,0.565308,-0.028660,0.682434,0.541591,-0.023204,0.632608,0.533685,-0.027320,0.636262,0.566240,-0.021524,0.647608,0.580618,-0.020463,0.668036,0.562158,-0.029800,0.630642,0.555592,-0.035270,0.632276,0.578948,-0.032954,0.641101,0.590078,-0.031863
1780503241.101,right,pinch,0.682881,0.672967,-0.000000,0.690219,0.610328,0.003515,0.680379,0.547207,-0.002753,0.650210,0.510238,-0.009490,0.627274,0.495972,-0.016208,0.700630,0.523145,-0.015494,0.661555,0.473154,-0.022366,0.637474,0.476468,-0.024681,0.623333,0.487760,-0.026606,0.685546,0.539927,-0.021810,0.643067,0.506698,-0.027045,0.643842,0.532939,-0.025022,0.653479,0.552076,-0.025713,0.667964,0.559826,-0.026711,0.631244,0.533542,-0.029769,0.635369,0.557958,-0.023590,0.645266,0.572857,-0.021808,0.648876,0.581360,-0.031204,0.623985,0.555520,-0.034369,0.627050,0.575756,-0.029728,0.634064,0.588946,-0.027044
1780503241.288,right,pinch,0.679355,0.672227,-0.000000,0.693597,0.611568,0.005950,0.690578,0.551605,0.002777,0.670512,0.516502,-0.001152,0.649332,0.505605,-0.005901,0.692547,0.534541,-0.013523,0.664467,0.477418,-0.018307,0.648916,0.471621,-0.018847,0.639765,0.477899,-0.018735,0.670021,0.553623,-0.019773,0.644484,0.503462,-0.021456,0.646540,0.520390,-0.017107,0.654199,0.540479,-0.015705,0.648746,0.575255,-0.024297,0.634011,0.528844,-0.025204,0.638061,0.545389,-0.016995,0.643798,0.563182,-0.013202,0.629406,0.596905,-0.028074,0.623037,0.553700,-0.027568,0.629084,0.566366,-0.019282,0.634201,0.580045,-0.014075
1780503241.417,right,pinch,0.674885,0.673576,0.000000,0.691045,0.615140,0.002616,0.686265,0.555266,-0.000187,0.668195,0.514189,-0.002228,0.649875,0.495274,-0.004276,0.686907,0.544334,-0.018327,0.663831,0.478966,-0.020565,0.652991,0.470757,-0.017466,0.645908,0.474327,-0.014594,0.662770,0.561464,-0.020784,0.645556,0.503485,-0.019095,0.649568,0.513963,-0.012367,0.654725,0.530967,-0.009608,0.640796,0.580030,-0.021492,0.632704,0.528959,-0.017607,0.638068,0.541040,-0.008931,0.641099,0.558278,-0.005942,0.622136,0.596619,-0.021778,0.620799,0.554467,-0.017575,0.627748,0.564279,-0.010021,0.630730,0.578144,-0.006090
1780503241.555,right,pinch,0.673144,0.675349,0.000000,0.688727,0.616543,0.001511,0.683485,0.555860,-0.001255,0.665998,0.515636,-0.003213,0.647538,0.499210,-0.004786,0.680651,0.547826,-0.017814,0.659193,0.478201,-0.021066,0.651371,0.472032,-0.018458,0.648046,0.480418,-0.015377,0.655785,0.564899,-0.019366,0.642811,0.505334,-0.018453,0.648283,0.516150,-0.012178,0.653955,0.534700,-0.009203,0.634334,0.582664,-0.019454,0.631144,0.532752,-0.015971,0.637110,0.545203,-0.008055,0.639743,0.562887,-0.005143,0.616780,0.597319,-0.019262,0.619132,0.555532,-0.014584,0.626502,0.564678,-0.007327,0.629087,0.577828,-0.003482
1780503241.653,right,pinch,0.675304,0.674614,0.000000,0.689070,0.613216,0.001199,0.683927,0.553169,-0.001439,0.665946,0.514717,-0.003147,0.646617,0.503093,-0.004287,0.679208,0.544963,-0.017720,0.655203,0.477043,-0.020175,0.648386,0.471870,-0.016809,0.646376,0.481654,-0.013250,0.655481,0.562561,-0.019056,0.640960,0.502146,-0.017935,0.646816,0.511232,-0.011827,0.652557,0.530151,-0.008662,0.634591,0.580633,-0.018856,0.631557,0.530646,-0.015234,0.638020,0.542099,-0.008047,0.640758,0.559101,-0.005461,0.616732,0.595468,-0.018402,0.619914,0.554178,-0.014215,0.626873,0.563138,-0.007837,0.628609,0.576092,-0.004403
1780503241.753,right,pinch,0.675716,0.676383,0.000000,0.689314,0.614154,0.001214,0.683765,0.553854,-0.001425,0.664958,0.514635,-0.002953,0.645722,0.502100,-0.003871,0.678338,0.544395,-0.018561,0.654056,0.476547,-0.020327,0.646863,0.473149,-0.016164,0.644359,0.483164,-0.012200,0.654744,0.562541,-0.019583,0.639542,0.502199,-0.017708,0.645418,0.512032,-0.010898,0.651318,0.530702,-0.007450,0.633998,0.581156,-0.018901,0.629721,0.531163,-0.014148,0.636223,0.542807,-0.006326,0.639295,0.560245,-0.003672,0.616565,0.596343,-0.017991,0.618936,0.555764,-0.012958,0.625948,0.564550,-0.006298,0.627929,0.577713,-0.002839
1780503241.862,right,pinch,0.675655,0.676814,0.000000,0.689101,0.614556,0.000978,0.683668,0.554177,-0.001636,0.665084,0.513511,-0.003031,0.645846,0.500646,-0.003748,0.678831,0.544234,-0.018930,0.653910,0.476321,-0.020726,0.645853,0.471865,-0.016336,0.642360,0.481212,-0.012169,0.655173,0.562620,-0.019837,0.638942,0.502147,-0.018161,0.644487,0.512196,-0.011165,0.650248,0.531161,-0.007490,0.634295,0.581025,-0.019092,0.629936,0.530703,-0.014653,0.636115,0.542367,-0.006932,0.638972,0.559535,-0.004227,0.616469,0.595614,-0.018130,0.619315,0.554763,-0.013313,0.625859,0.564167,-0.006916,0.627399,0.577268,-0.003623
1780503241.957,right,pinch,0.676033,0.671901,-0.000000,0.684399,0.614706,0.001238,0.675397,0.550728,-0.003854,0.647960,0.513328,-0.008300,0.624300,0.498698,-0.012815,0.690874,0.524692,-0.018188,0.652454,0.476140,-0.026507,0.631218,0.478638,-0.028744,0.619182,0.488195,-0.029368,0.675247,0.546363,-0.022348,0.634316,0.506881,-0.028127,0.632653,0.530714,-0.024797,0.640926,0.548383,-0.023214,0.657348,0.567984,-0.025425,0.624806,0.533174,-0.029335,0.626382,0.556529,-0.021364,0.634126,0.572578,-0.016880,0.638638,0.589325,-0.028136,0.616827,0.555391,-0.030028,0.620257,0.574489,-0.023411,0.626997,0.589809,-0.018852
1780503242.049,right,pinch,0.674482,0.673793,-0.000000,0.654989,0.624121,-0.000659,0.641321,0.570695,-0.007920,0.622567,0.536450,-0.015888,0.603169,0.514624,-0.023183,0.689218,0.517440,-0.009644,0.645664,0.479229,-0.020511,0.619183,0.486668,-0.028317,0.603892,0.501108,-0.033476,0.685445,0.528620,-0.014522,0.635171,0.510288,-0.024808,0.633176,0.541088,-0.027185,0.642347,0.560919,-0.029435,0.674722,0.545522,-0.019417,0.627150,0.536635,-0.026364,0.630253,0.566450,-0.022162,0.641132,0.581302,-0.020383,0.659757,0.565537,-0.024792,0.624328,0.561038,-0.031281,0.626830,0.584389,-0.029331,0.636089,0.595603,-0.027598
1780503242.152,right,pinch,0.657494,0.682815,-0.000000,0.627420,0.629876,-0.001960,0.612662,0.579598,-0.009343,0.600858,0.546881,-0.018893,0.592778,0.514627,-0.026704,0.672045,0.520405,0.002720,0.637245,0.490432,-0.010546,0.613180,0.491615,-0.021364,0.595031,0.499831,-0.028596,0.677854,0.524244,-0.004019,0.630605,0.509664,-0.017764,0.631129,0.550117,-0.021280,0.643425,0.564443,-0.022441,0.677284,0.535807,-0.012731,0.628393,0.526794,-0.023073,0.631132,0.564694,-0.017076,0.644055,0.572981,-0.012609,0.670079,0.554942,-0.022775,0.631332,0.549691,-0.030979,0.632967,0.577112,-0.027637,0.644099,0.585623,-0.023927
1780503242.238,right,pinch,0.652465,0.682654,-0.000000,0.623620,0.633510,-0.003084,0.605491,0.584167,-0.010597,0.592513,0.550729,-0.020405,0.588102,0.517149,-0.027702,0.662571,0.519876,0.004199,0.632102,0.491759,-0.009731,0.611301,0.493990,-0.019701,0.594279,0.501808,-0.025783,0.670166,0.521887,-0.002082,0.624344,0.511799,-0.016641,0.623640,0.556829,-0.019099,0.635953,0.571569,-0.018558,0.672538,0.531510,-0.010848,0.625528,0.526128,-0.021980,0.627969,0.568192,-0.015011,0.641421,0.578361,-0.009134,0.668651,0.548990,-0.021114,0.631411,0.547352,-0.029146,0.633228,0.577547,-0.025283,0.645651,0.586898,-0.020717
1780503242.339,right,pinch,0.652417,0.683311,-0.000000,0.624682,0.633763,-0.001683,0.607357,0.585934,-0.008866,0.593922,0.553293,-0.018808,0.587817,0.518247,-0.026191,0.660894,0.520615,0.006153,0.630957,0.494751,-0.007938,0.609580,0.497716,-0.017945,0.591420,0.504496,-0.024194,0.669686,0.522058,-0.001083,0.623484,0.515882,-0.016725,0.625510,0.561533,-0.019742,0.639279,0.574796,-0.019635,0.673312,0.530946,-0.010824,0.624715,0.528968,-0.022705,0.629770,0.571267,-0.015864,0.644631,0.580050,-0.010203,0.670610,0.547283,-0.022031,0.630811,0.548872,-0.030941,0.633919,0.580207,-0.027611,0.647033,0.588541,-0.023556
1780503242.483,right,pinch,0.651852,0.681571,-0.000000,0.624723,0.632696,-0.002591,0.607301,0.585473,-0.010704,0.593875,0.552442,-0.021275,0.589127,0.517251,-0.029361,0.662086,0.521103,0.003947,0.630975,0.493265,-0.010213,0.609909,0.496325,-0.020532,0.592551,0.503063,-0.027122,0.670685,0.522514,-0.002743,0.624919,0.513906,-0.018070,0.626611,0.558394,-0.021240,0.640099,0.571659,-0.021543,0.674044,0.531085,-0.011826,0.626018,0.526451,-0.023204,0.630241,0.568235,-0.016305,0.644556,0.577320,-0.010887,0.670832,0.547214,-0.022405,0.631401,0.547851,-0.031129,0.634481,0.578765,-0.027728,0.647631,0.587120,-0.023735
1780503242.579,right,pinch,0.652512,0.681945,-0.000000,0.625141,0.633996,-0.002753,0.607074,0.586616,-0.010908,0.593120,0.553389,-0.021490,0.587819,0.518163,-0.029521,0.661106,0.520544,0.004341,0.631180,0.493669,-0.009529,0.610913,0.496230,-0.019388,0.593930,0.502458,-0.025576,0.669767,0.521676,-0.002220,0.624197,0.513611,-0.017270,0.625512,0.558290,-0.019962,0.638885,0.571140,-0.019775,0.673200,0.530350,-0.011231,0.625692,0.526763,-0.022431,0.629903,0.568495,-0.015634,0.644389,0.577199,-0.010231,0.670226,0.546340,-0.021741,0.631315,0.547228,-0.030186,0.634279,0.578224,-0.026883,0.647653,0.586381,-0.022956
1780503242.691,right,pinch,0.652924,0.681075,-0.000000,0.625371,0.632708,-0.002708,0.607265,0.585695,-0.010963,0.593642,0.551703,-0.021635,0.589016,0.515719,-0.029665,0.661488,0.519543,0.003825,0.631345,0.492199,-0.009939,0.610166,0.495481,-0.019264,0.592534,0.502771,-0.025036,0.670439,0.521494,-0.002733,0.624337,0.514068,-0.017322,0.625904,0.558574,-0.019144,0.639603,0.570713,-0.018603,0.673975,0.530482,-0.011776,0.625832,0.526412,-0.022648,0.630119,0.567959,-0.014837,0.644488,0.576572,-0.008954,0.671125,0.546896,-0.022363,0.631610,0.546392,-0.030805,0.634536,0.577381,-0.027052,0.647670,0.586076,-0.022855
1780503242.799,right,pinch,0.653792,0.681660,-0.000000,0.626028,0.632348,-0.001854,0.608025,0.586335,-0.010177,0.593800,0.553311,-0.021142,0.587739,0.517565,-0.029553,0.662252,0.519273,0.004552,0.632405,0.493368,-0.008766,0.611674,0.495522,-0.017760,0.593683,0.501348,-0.023363,0.671064,0.521137,-0.002617,0.624439,0.514283,-0.016903,0.626087,0.559641,-0.018507,0.639646,0.571590,-0.017773,0.674257,0.530457,-0.012173,0.625756,0.527603,-0.022747,0.630570,0.569536,-0.015005,0.645242,0.577867,-0.009228,0.670950,0.546984,-0.023200,0.631548,0.547665,-0.031314,0.634589,0.578573,-0.027573,0.647768,0.586807,-0.023481
1780503242.901,right,pinch,0.652423,0.680557,-0.000000,0.625259,0.631957,-0.001798,0.607889,0.586415,-0.009786,0.594289,0.554316,-0.020414,0.586962,0.518386,-0.028574,0.661130,0.519446,0.004464,0.632439,0.492796,-0.008769,0.611767,0.495130,-0.017898,0.593795,0.502188,-0.023632,0.670049,0.520995,-0.002669,0.624591,0.514744,-0.016765,0.626193,0.559165,-0.018578,0.639658,0.571471,-0.018143,0.673503,0.529702,-0.012173,0.625881,0.527688,-0.022480,0.630518,0.568735,-0.014824,0.644718,0.577412,-0.009284,0.670742,0.546016,-0.023184,0.631439,0.547868,-0.031454,0.634623,0.578411,-0.027875,0.647686,0.586689,-0.023941
1780503243.010,right,pinch,0.655391,0.681935,-0.000000,0.626848,0.634084,-0.002521,0.608509,0.587681,-0.010530,0.594048,0.554801,-0.020871,0.585425,0.518600,-0.028636,0.662457,0.520197,0.003772,0.632149,0.493925,-0.009282,0.611660,0.495531,-0.018185,0.593997,0.501391,-0.023857,0.670928,0.521486,-0.002952,0.624305,0.514574,-0.017101,0.626179,0.559526,-0.018850,0.639906,0.572046,-0.018331,0.673725,0.530561,-0.012052,0.625579,0.528930,-0.022593,0.630653,0.570269,-0.015282,0.645392,0.578324,-0.009906,0.670199,0.546949,-0.022669,0.631026,0.549522,-0.031147,0.634488,0.579986,-0.027974,0.647783,0.587370,-0.024334
1780503243.116,right,pinch,0.655010,0.681700,-0.000000,0.626347,0.632301,-0.000666,0.608263,0.586937,-0.008651,0.593826,0.554722,-0.019485,0.585735,0.518715,-0.027934,0.662469,0.519798,0.005131,0.631689,0.494045,-0.007764,0.610458,0.495514,-0.016953,0.592034,0.501717,-0.022880,0.671172,0.521592,-0.002642,0.624478,0.515634,-0.015685,0.626679,0.559330,-0.017030,0.640461,0.570395,-0.016731,0.674108,0.530805,-0.012698,0.625475,0.528999,-0.021780,0.630299,0.569274,-0.013645,0.644690,0.576755,-0.008316,0.670420,0.547213,-0.024220,0.630418,0.548788,-0.031540,0.633930,0.578729,-0.027519,0.647295,0.586216,-0.023631
1780503243.227,right,pinch,0.654916,0.681940,-0.000000,0.626228,0.633117,-0.001925,0.607654,0.586767,-0.010320,0.593265,0.553879,-0.021239,0.585860,0.517816,-0.029691,0.662866,0.519428,0.003702,0.632147,0.493587,-0.009509,0.610917,0.494907,-0.018827,0.592530,0.501140,-0.024776,0.671218,0.521582,-0.003402,0.624455,0.515057,-0.016824,0.626447,0.559102,-0.018145,0.640164,0.570386,-0.017668,0.673749,0.531061,-0.012861,0.625236,0.528981,-0.022391,0.630169,0.569068,-0.014334,0.644544,0.576660,-0.008869,0.669624,0.547769,-0.023864,0.630109,0.549246,-0.031583,0.633721,0.579133,-0.027733,0.647012,0.586693,-0.023807
1780503243.470,right,pinch,0.654686,0.681756,-0.000000,0.626016,0.633028,-0.001506,0.607744,0.587222,-0.009568,0.593624,0.555302,-0.020205,0.585131,0.519591,-0.028453,0.662571,0.519830,0.003923,0.632246,0.493502,-0.009309,0.610646,0.494706,-0.018931,0.591585,0.501488,-0.025118,0.670853,0.522106,-0.003373,0.624411,0.515008,-0.017003,0.626340,0.558984,-0.018815,0.639822,0.571536,-0.018648,0.673265,0.531400,-0.012947,0.624956,0.528563,-0.022597,0.629924,0.568836,-0.014835,0.644330,0.577229,-0.009514,0.669152,0.548058,-0.024020,0.629753,0.549004,-0.031909,0.633225,0.579003,-0.028166,0.646441,0.586912,-0.024281
1780503243.581,right,pinch,0.655117,0.682166,-0.000000,0.626323,0.633624,-0.002366,0.608002,0.587467,-0.010871,0.593412,0.555537,-0.021750,0.584744,0.519785,-0.030193,0.663974,0.519746,0.002708,0.631813,0.493136,-0.010864,0.609858,0.494986,-0.020725,0.591099,0.501512,-0.027104,0.671691,0.521738,-0.004195,0.624589,0.513979,-0.018211,0.626620,0.558083,-0.020258,0.640181,0.570885,-0.020262,0.673615,0.530980,-0.013383,0.624695,0.528004,-0.023282,0.629714,0.568646,-0.015638,0.644228,0.577237,-0.010392,0.668991,0.547553,-0.024134,0.629240,0.549296,-0.032214,0.633058,0.579573,-0.028644,0.646473,0.587680,-0.024862
1780503243.715,right,pinch,0.655299,0.682228,-0.000000,0.626331,0.633580,-0.002231,0.608187,0.587448,-0.010863,0.593879,0.555247,-0.021964,0.585099,0.519371,-0.030545,0.664010,0.519404,0.003183,0.632297,0.493152,-0.010192,0.610682,0.494871,-0.019392,0.592423,0.501687,-0.025207,0.671849,0.521508,-0.003810,0.623994,0.514014,-0.017516,0.625641,0.558118,-0.018692,0.639449,0.569617,-0.018061,0.673568,0.530785,-0.013173,0.624362,0.527732,-0.022983,0.629242,0.568183,-0.014806,0.643820,0.575987,-0.009252,0.668643,0.547055,-0.024108,0.629082,0.549724,-0.032155,0.632828,0.579913,-0.028507,0.646326,0.587236,-0.024688
1780503243.882,right,pinch,0.655568,0.681666,-0.000000,0.625931,0.631903,-0.001589,0.607913,0.585777,-0.009824,0.593706,0.553962,-0.020576,0.584830,0.518295,-0.028906,0.664368,0.519492,0.003119,0.632379,0.492418,-0.009589,0.610741,0.494404,-0.018327,0.592667,0.501221,-0.023973,0.672113,0.521566,-0.004041,0.624257,0.513828,-0.017171,0.625929,0.557620,-0.018201,0.639808,0.569055,-0.017674,0.673579,0.530940,-0.013408,0.624382,0.527746,-0.022822,0.629507,0.568256,-0.014690,0.644199,0.576080,-0.009338,0.668409,0.547206,-0.024253,0.629053,0.549995,-0.032143,0.633108,0.580229,-0.028493,0.646640,0.587558,-0.024775
1780503243.983,right,pinch,0.654392,0.680858,-0.000000,0.626144,0.631534,-0.001514,0.608369,0.585926,-0.009885,0.594143,0.554093,-0.020948,0.585343,0.518222,-0.029599,0.663414,0.519238,0.003825,0.632774,0.492472,-0.009314,0.611585,0.493632,-0.018301,0.593504,0.499831,-0.024000,0.671228,0.521259,-0.003613,0.624274,0.514094,-0.017389,0.626172,0.558487,-0.018760,0.639857,0.570169,-0.018153,0.673295,0.530564,-0.013338,0.624499,0.528123,-0.023405,0.629809,0.569068,-0.015461,0.644345,0.577032,-0.009893,0.668979,0.547032,-0.024527,0.629559,0.548917,-0.032691,0.633593,0.579189,-0.028954,0.647009,0.587055,-0.024990
1780503244.144,right,pinch,0.651016,0.678767,-0.000000,0.624605,0.632108,-0.001468,0.607328,0.587281,-0.008657,0.593677,0.555623,-0.018500,0.586159,0.520019,-0.026137,0.656380,0.522362,0.005276,0.630989,0.494124,-0.007384,0.610920,0.494199,-0.016016,0.593077,0.500264,-0.021422,0.665874,0.522507,-0.001661,0.624359,0.515707,-0.015961,0.625922,0.560572,-0.018266,0.638703,0.574722,-0.017837,0.670851,0.529914,-0.010879,0.625936,0.527748,-0.022194,0.630599,0.570513,-0.015516,0.644458,0.581292,-0.010008,0.670381,0.545161,-0.021393,0.632129,0.545637,-0.030209,0.635092,0.577279,-0.026897,0.647575,0.587058,-0.022896
1780503244.307,right,pinch,0.648975,0.675989,-0.000000,0.623577,0.632909,-0.003029,0.606106,0.589044,-0.010240,0.592987,0.556354,-0.019667,0.588192,0.520569,-0.026829,0.651171,0.524723,0.004786,0.631257,0.494950,-0.008012,0.612190,0.493190,-0.016141,0.594443,0.499404,-0.021006,0.661677,0.523654,-0.000924,0.623782,0.514638,-0.015929,0.624173,0.560053,-0.018250,0.636267,0.573574,-0.017214,0.668354,0.529136,-0.009027,0.626559,0.526119,-0.021901,0.630377,0.570055,-0.015501,0.643419,0.580539,-0.009371,0.670047,0.542596,-0.018353,0.633115,0.542503,-0.028350,0.635503,0.575253,-0.025120,0.647787,0.584369,-0.020682
1780503244.457,right,pinch,0.648998,0.674881,-0.000000,0.623353,0.632283,-0.000657,0.605145,0.589740,-0.006856,0.591937,0.557314,-0.016085,0.588244,0.521485,-0.023334,0.647281,0.527262,0.008480,0.629360,0.497313,-0.004093,0.610852,0.495521,-0.012147,0.593681,0.500989,-0.016834,0.657362,0.525977,0.001529,0.621821,0.515534,-0.013810,0.622594,0.562977,-0.016233,0.634731,0.578411,-0.014843,0.665175,0.529400,-0.007808,0.625661,0.524322,-0.021052,0.630091,0.570212,-0.014552,0.643589,0.582675,-0.007862,0.669749,0.540617,-0.018131,0.634313,0.537159,-0.027412,0.636408,0.570619,-0.023314,0.648310,0.582038,-0.018142
1780503244.669,right,pinch,0.648768,0.673200,-0.000000,0.623364,0.631669,-0.001062,0.605200,0.589837,-0.007599,0.592379,0.556235,-0.017181,0.589759,0.519540,-0.024713,0.645965,0.528967,0.008254,0.629575,0.495986,-0.004788,0.611507,0.491581,-0.012506,0.595181,0.495996,-0.016738,0.656885,0.527716,0.001585,0.621837,0.514431,-0.014352,0.622298,0.562300,-0.016286,0.634645,0.575887,-0.014164,0.665360,0.530765,-0.007587,0.626661,0.523324,-0.021509,0.629987,0.569229,-0.014518,0.643091,0.580102,-0.007064,0.670292,0.540938,-0.017705,0.635799,0.536876,-0.026679,0.637550,0.569140,-0.022160,0.649467,0.578549,-0.016617
1780503244.827,right,pinch,0.649035,0.671656,-0.000000,0.623239,0.629420,-0.000178,0.605444,0.588455,-0.006397,0.592701,0.554840,-0.015759,0.590117,0.518270,-0.023124,0.646676,0.528025,0.008653,0.629543,0.495739,-0.003696,0.611452,0.492023,-0.010936,0.595198,0.496424,-0.015019,0.657608,0.526693,0.001614,0.621640,0.514639,-0.013802,0.622641,0.562419,-0.015615,0.635103,0.576106,-0.013648,0.665947,0.529851,-0.007753,0.626311,0.523877,-0.021113,0.630404,0.569786,-0.014048,0.643700,0.580527,-0.006808,0.670602,0.540200,-0.017999,0.635527,0.537042,-0.026800,0.637682,0.569346,-0.022333,0.649557,0.578676,-0.016946
1780503245.009,right,pinch,0.649015,0.669376,-0.000000,0.623790,0.628708,-0.001469,0.606112,0.588063,-0.008142,0.593330,0.554791,-0.017641,0.590749,0.518140,-0.025119,0.646515,0.526971,0.007669,0.629909,0.495057,-0.005037,0.611859,0.490814,-0.012659,0.595793,0.494840,-0.016961,0.657630,0.525914,0.001354,0.622529,0.513220,-0.014221,0.623134,0.560279,-0.016280,0.635391,0.574076,-0.014464,0.666148,0.529431,-0.007397,0.627075,0.522339,-0.021080,0.630625,0.567931,-0.014275,0.643737,0.578961,-0.007106,0.671157,0.540192,-0.017103,0.636381,0.535475,-0.026195,0.638197,0.567644,-0.021881,0.649926,0.577565,-0.016543
1780503245.158,right,pinch,0.649079,0.667264,-0.000000,0.624486,0.628449,-0.001657,0.606676,0.587120,-0.007743,0.594115,0.553797,-0.016525,0.592202,0.518064,-0.023295,0.647116,0.526062,0.008118,0.630955,0.494864,-0.004139,0.613173,0.491045,-0.011609,0.597275,0.495269,-0.015827,0.657717,0.525066,0.002134,0.623232,0.512519,-0.013566,0.623164,0.559518,-0.016070,0.634680,0.575333,-0.014363,0.665844,0.528607,-0.006229,0.628190,0.521730,-0.020174,0.631167,0.567328,-0.013883,0.643676,0.579620,-0.006795,0.670793,0.539431,-0.015501,0.637551,0.535239,-0.024750,0.638908,0.567474,-0.020693,0.650256,0.577599,-0.015396
1780503245.279,right,pinch,0.649404,0.665793,-0.000000,0.625159,0.629358,-0.001539,0.607287,0.587805,-0.007489,0.595183,0.553828,-0.016136,0.593057,0.518055,-0.022830,0.644771,0.526424,0.007846,0.629817,0.494542,-0.004552,0.612640,0.491442,-0.011969,0.597348,0.496808,-0.016012,0.655600,0.525502,0.001841,0.623403,0.512182,-0.013800,0.623864,0.558989,-0.016102,0.635133,0.575244,-0.014138,0.664457,0.528572,-0.006555,0.628324,0.520806,-0.020480,0.631904,0.566403,-0.014107,0.644303,0.579341,-0.006871,0.670668,0.538945,-0.015837,0.637923,0.533846,-0.025046,0.639547,0.566560,-0.020914,0.650583,0.577320,-0.015522
1780503245.418,right,pinch,0.650143,0.666376,-0.000000,0.625339,0.628028,-0.000102,0.607768,0.587000,-0.005669,0.596115,0.552263,-0.014463,0.595693,0.516860,-0.021338,0.646935,0.526545,0.011044,0.631209,0.496238,-0.000993,0.613579,0.494202,-0.008552,0.598098,0.500622,-0.012805,0.657420,0.524979,0.004171,0.624095,0.512444,-0.010792,0.624409,0.557654,-0.012970,0.635985,0.572011,-0.011033,0.665566,0.527678,-0.005185,0.628732,0.520507,-0.018684,0.632022,0.565083,-0.012264,0.644586,0.576757,-0.005069,0.670499,0.537985,-0.015414,0.637659,0.534648,-0.024602,0.639496,0.566669,-0.020696,0.651050,0.576095,-0.015474
1780503245.533,right,pinch,0.650205,0.665285,-0.000000,0.625682,0.627872,-0.001005,0.608163,0.586781,-0.006874,0.596809,0.551655,-0.015786,0.596308,0.516626,-0.022880,0.646273,0.527260,0.009273,0.631262,0.496340,-0.002680,0.613681,0.493741,-0.009676,0.598562,0.500904,-0.013465,0.657225,0.525690,0.002962,0.625031,0.512469,-0.011987,0.624658,0.558639,-0.013726,0.636203,0.573691,-0.011374,0.666038,0.528900,-0.005810,0.629663,0.521472,-0.019710,0.632372,0.566594,-0.013291,0.645011,0.579490,-0.005878,0.671472,0.539732,-0.015449,0.638719,0.534970,-0.024950,0.639868,0.566698,-0.021047,0.651180,0.577260,-0.015713
1780503245.639,right,pinch,0.650096,0.666001,-0.000000,0.625888,0.627490,-0.001170,0.608904,0.586473,-0.007592,0.597375,0.552640,-0.017075,0.595213,0.516505,-0.024566,0.649745,0.526044,0.009058,0.631644,0.495921,-0.003876,0.613620,0.493935,-0.011611,0.598287,0.500831,-0.015750,0.660090,0.525016,0.002588,0.625600,0.512963,-0.012757,0.626115,0.559136,-0.014446,0.638276,0.572300,-0.012124,0.667785,0.527924,-0.006478,0.629546,0.520976,-0.020218,0.632929,0.565860,-0.013310,0.645842,0.577000,-0.005803,0.671699,0.538218,-0.016553,0.638149,0.535153,-0.025957,0.639841,0.567046,-0.021930,0.651311,0.576631,-0.016555
1780503245.746,right,pinch,0.651267,0.665175,-0.000000,0.627036,0.628304,-0.002725,0.609274,0.586257,-0.009306,0.597841,0.551546,-0.018426,0.595469,0.515378,-0.025246,0.650023,0.524700,0.007589,0.632465,0.495232,-0.005493,0.615060,0.494240,-0.013260,0.599886,0.500357,-0.017450,0.660099,0.523381,0.002041,0.625739,0.511320,-0.013690,0.626408,0.558085,-0.015420,0.638474,0.571514,-0.013055,0.667764,0.526082,-0.006188,0.629891,0.519399,-0.020114,0.633791,0.564314,-0.013206,0.646677,0.575282,-0.005716,0.672022,0.536104,-0.015549,0.638756,0.533832,-0.025230,0.641225,0.565978,-0.021406,0.653099,0.575143,-0.016138
1780503245.840,right,pinch,0.650532,0.664679,-0.000000,0.626720,0.626855,-0.001407,0.609159,0.585384,-0.007592,0.597284,0.551212,-0.016629,0.595816,0.515752,-0.023592,0.649572,0.524881,0.008155,0.632937,0.494699,-0.004269,0.615254,0.493167,-0.011677,0.599792,0.499685,-0.015798,0.659900,0.523964,0.001861,0.626076,0.512080,-0.013291,0.626607,0.558104,-0.015048,0.638395,0.572288,-0.012962,0.667851,0.527198,-0.006908,0.630008,0.520411,-0.020337,0.633623,0.565145,-0.013406,0.646342,0.576731,-0.006089,0.672516,0.538308,-0.016685,0.638986,0.534289,-0.025919,0.640782,0.566077,-0.021785,0.652168,0.576186,-0.016460
1780503245.928,right,pinch,0.650602,0.664237,-0.000000,0.626915,0.626873,-0.001823,0.609384,0.585327,-0.008245,0.597550,0.550897,-0.017383,0.595642,0.515239,-0.024363,0.649916,0.524001,0.007486,0.633551,0.493897,-0.005020,0.615664,0.491211,-0.012124,0.599914,0.497018,-0.015961,0.660425,0.523412,0.001394,0.626090,0.511494,-0.013530,0.626205,0.557987,-0.014582,0.638164,0.571060,-0.012021,0.668463,0.527039,-0.007239,0.630296,0.520699,-0.020612,0.633426,0.565530,-0.013226,0.645982,0.576359,-0.005656,0.672837,0.538287,-0.016922,0.638851,0.534470,-0.026168,0.640544,0.566333,-0.021912,0.652066,0.575871,-0.016528
1780503246.023,right,pinch,0.651621,0.664821,-0.000000,0.627614,0.627782,-0.002116,0.609755,0.585534,-0.008438,0.597386,0.551490,-0.017346,0.595349,0.516115,-0.024092,0.649187,0.523462,0.006955,0.633670,0.492844,-0.006029,0.615996,0.491076,-0.013614,0.600370,0.497141,-0.017737,0.659869,0.522619,0.001035,0.626487,0.510786,-0.014326,0.626613,0.557167,-0.015905,0.638436,0.570827,-0.013690,0.668233,0.526359,-0.007431,0.630740,0.519993,-0.021164,0.633805,0.565206,-0.014165,0.646391,0.576437,-0.006779,0.673255,0.538010,-0.016932,0.639512,0.533781,-0.026268,0.641130,0.565957,-0.022055,0.652640,0.576062,-0.016674
1780503246.143,right,pinch,0.651322,0.664256,-0.000000,0.627516,0.627450,-0.002341,0.609540,0.585825,-0.009003,0.597192,0.551460,-0.018277,0.595840,0.515744,-0.025442,0.649306,0.523502,0.006490,0.634549,0.491092,-0.006522,0.616783,0.488523,-0.014042,0.600989,0.495224,-0.018128,0.660066,0.523108,0.000594,0.626465,0.510135,-0.015132,0.626388,0.556682,-0.016782,0.637801,0.571476,-0.014500,0.668287,0.527174,-0.007819,0.631103,0.519280,-0.021982,0.634128,0.564675,-0.014866,0.646318,0.576777,-0.007209,0.673291,0.539190,-0.017256,0.640215,0.533945,-0.026925,0.641566,0.565815,-0.022680,0.652596,0.575882,-0.017171
1780503246.242,right,pinch,0.652961,0.664410,-0.000000,0.628372,0.627752,-0.001410,0.610430,0.585473,-0.007203,0.597924,0.550967,-0.015763,0.595884,0.515387,-0.022378,0.649472,0.523538,0.008660,0.635521,0.491696,-0.003876,0.617158,0.488978,-0.011858,0.600535,0.496473,-0.016408,0.660782,0.522443,0.002482,0.627683,0.509558,-0.012706,0.627194,0.554912,-0.015106,0.638314,0.570960,-0.013504,0.669339,0.526219,-0.006204,0.631966,0.519089,-0.019867,0.634573,0.563791,-0.013605,0.646636,0.576661,-0.006649,0.674360,0.537874,-0.015848,0.640099,0.533202,-0.025258,0.641475,0.565239,-0.021444,0.652681,0.575566,-0.016370
1780503246.329,right,pinch,0.653063,0.663710,-0.000000,0.628588,0.626015,-0.001314,0.610829,0.584666,-0.007573,0.598624,0.550525,-0.016551,0.597074,0.514417,-0.023608,0.650454,0.524551,0.007062,0.636163,0.491572,-0.005530,0.617898,0.488912,-0.013027,0.601592,0.496230,-0.017226,0.661783,0.523797,0.000805,0.628419,0.508726,-0.014621,0.627849,0.554622,-0.016542,0.639259,0.570146,-0.014559,0.670129,0.527470,-0.007789,0.632283,0.517542,-0.021623,0.634882,0.563170,-0.014700,0.647388,0.575999,-0.007276,0.674855,0.538716,-0.017281,0.640012,0.533136,-0.026848,0.641078,0.565312,-0.022690,0.652322,0.575555,-0.017334
1780503246.418,right,pinch,0.654145,0.664626,-0.000000,0.629343,0.627194,-0.000475,0.611005,0.584642,-0.005927,0.598477,0.550342,-0.014312,0.596571,0.514705,-0.020794,0.650912,0.524211,0.009061,0.635654,0.492352,-0.003045,0.617381,0.489910,-0.010571,0.601005,0.496476,-0.014838,0.661881,0.523664,0.002431,0.628453,0.510277,-0.012368,0.628341,0.555335,-0.014400,0.639692,0.570510,-0.012620,0.669858,0.526986,-0.006586,0.632138,0.518709,-0.019848,0.635391,0.563508,-0.013343,0.647956,0.575914,-0.006370,0.674231,0.537652,-0.016484,0.639759,0.532688,-0.025800,0.641226,0.565222,-0.021875,0.652468,0.575710,-0.016740
1780503246.522,right,pinch,0.653260,0.663294,-0.000000,0.628365,0.624552,-0.000812,0.611141,0.583023,-0.006916,0.599510,0.549279,-0.015886,0.598146,0.513804,-0.022860,0.651274,0.523556,0.008125,0.636108,0.491749,-0.004655,0.617675,0.488958,-0.012604,0.601195,0.495117,-0.017118,0.662149,0.523099,0.001546,0.628250,0.508761,-0.013761,0.628346,0.554386,-0.015772,0.640145,0.568547,-0.013916,0.670209,0.526937,-0.007430,0.631921,0.518181,-0.020946,0.635460,0.562908,-0.014019,0.648453,0.574228,-0.006725,0.674458,0.538048,-0.017321,0.640009,0.533420,-0.026589,0.642104,0.565095,-0.022379,0.653841,0.574255,-0.017062
1780503246.716,right,pinch,0.653371,0.663186,-0.000000,0.628774,0.626086,-0.000184,0.611204,0.583685,-0.005456,0.599167,0.549085,-0.013678,0.597746,0.513721,-0.020005,0.651399,0.523955,0.009353,0.635538,0.492475,-0.002520,0.616919,0.489937,-0.009923,0.600411,0.495921,-0.014236,0.662331,0.523362,0.002627,0.628519,0.510150,-0.012036,0.628372,0.555511,-0.014082,0.639744,0.571008,-0.012405,0.670341,0.526938,-0.006430,0.632263,0.518710,-0.019733,0.635523,0.563982,-0.013203,0.648214,0.576695,-0.006240,0.674729,0.538064,-0.016336,0.640247,0.533353,-0.025890,0.641754,0.566193,-0.022082,0.653125,0.576765,-0.017034
1780503246.841,right,pinch,0.653068,0.663436,-0.000000,0.628534,0.626011,-0.001301,0.611254,0.583363,-0.007216,0.599738,0.548953,-0.015917,0.598379,0.513421,-0.022627,0.652427,0.523039,0.008716,0.635319,0.492331,-0.003858,0.616990,0.490392,-0.011742,0.601241,0.496652,-0.016274,0.662976,0.521951,0.002358,0.628765,0.509023,-0.012652,0.628814,0.554426,-0.014584,0.640770,0.568427,-0.012710,0.670659,0.525586,-0.006528,0.632343,0.518447,-0.020043,0.635664,0.563116,-0.013340,0.648731,0.574180,-0.006248,0.674554,0.537036,-0.016421,0.640183,0.533575,-0.026152,0.641847,0.566297,-0.022368,0.653530,0.575939,-0.017306
1780503246.974,right,pinch,0.653474,0.664594,-0.000000,0.628937,0.625887,-0.001335,0.611775,0.583536,-0.007470,0.600008,0.549577,-0.016399,0.598037,0.513720,-0.023281,0.653203,0.522216,0.008570,0.634462,0.493215,-0.004372,0.616077,0.491228,-0.012525,0.600158,0.496220,-0.017131,0.663713,0.521545,0.002203,0.628521,0.509483,-0.013048,0.628542,0.555472,-0.015020,0.640410,0.569483,-0.013118,0.671186,0.525291,-0.006710,0.631945,0.517900,-0.020301,0.634856,0.563099,-0.013500,0.647762,0.574924,-0.006263,0.674638,0.536905,-0.016653,0.639886,0.532943,-0.026222,0.641260,0.565507,-0.022338,0.652766,0.575932,-0.017137
1780503247.117,right,pinch,0.652559,0.664144,-0.000000,0.628461,0.625788,-0.001754,0.611648,0.583988,-0.008254,0.599896,0.550054,-0.017434,0.597986,0.513928,-0.024577,0.654966,0.523132,0.007998,0.635377,0.493826,-0.005182,0.616535,0.491275,-0.013667,0.600295,0.496318,-0.018485,0.665042,0.522587,0.001856,0.629329,0.508965,-0.013591,0.629241,0.554530,-0.015806,0.640812,0.569286,-0.014052,0.671963,0.526133,-0.006826,0.632049,0.517791,-0.020470,0.635061,0.562813,-0.013821,0.647742,0.575108,-0.006692,0.674636,0.537058,-0.016566,0.639338,0.533424,-0.026289,0.641044,0.565964,-0.022580,0.652560,0.576458,-0.017486
1780503247.376,right,pinch,0.655197,0.665799,-0.000000,0.629868,0.627731,-0.002185,0.611823,0.584395,-0.008692,0.599306,0.550413,-0.017634,0.595715,0.514125,-0.024311,0.655424,0.522133,0.007317,0.634867,0.493556,-0.006114,0.616034,0.492731,-0.014739,0.599623,0.498185,-0.019654,0.665374,0.521961,0.001410,0.629092,0.508785,-0.013969,0.629405,0.554873,-0.016046,0.641387,0.569330,-0.014368,0.671971,0.525814,-0.007121,0.631902,0.518164,-0.020416,0.635510,0.562994,-0.013722,0.648767,0.574807,-0.006882,0.674189,0.536628,-0.016790,0.638802,0.533935,-0.026521,0.640896,0.567199,-0.023086,0.652932,0.577489,-0.018307
1780503247.477,right,pinch,0.652586,0.665246,-0.000000,0.628762,0.626871,-0.001329,0.610928,0.584810,-0.007579,0.597981,0.551562,-0.016610,0.594935,0.515399,-0.023666,0.652410,0.523792,0.007856,0.635295,0.493279,-0.004728,0.617138,0.489486,-0.012251,0.600808,0.494179,-0.016386,0.662678,0.523403,0.001561,0.627995,0.510162,-0.013337,0.627615,0.556432,-0.014834,0.638991,0.570752,-0.012646,0.670045,0.526883,-0.007205,0.631615,0.518828,-0.020575,0.634322,0.564299,-0.013663,0.646743,0.576495,-0.006436,0.673707,0.537509,-0.016950,0.639202,0.533515,-0.026282,0.640193,0.566415,-0.022237,0.651256,0.577123,-0.017014
1780503247.627,right,pinch,0.652387,0.669187,-0.000000,0.628564,0.629177,-0.001321,0.610454,0.585860,-0.008082,0.596501,0.553090,-0.017664,0.591812,0.517551,-0.025290,0.654853,0.521860,0.007702,0.634196,0.493860,-0.004787,0.615411,0.491241,-0.013034,0.598563,0.496275,-0.018026,0.664279,0.521096,0.000886,0.627111,0.509869,-0.013538,0.627232,0.555370,-0.015363,0.638885,0.570074,-0.013807,0.670321,0.526047,-0.008355,0.629926,0.520329,-0.020765,0.632791,0.564556,-0.013707,0.645290,0.576323,-0.006971,0.671974,0.539747,-0.018735,0.636580,0.537933,-0.027932,0.638120,0.570570,-0.024015,0.649827,0.581124,-0.019138
1780503247.754,right,pinch,0.654458,0.670594,-0.000000,0.628662,0.631806,-0.003882,0.609409,0.586890,-0.010950,0.595559,0.553376,-0.020098,0.591236,0.517895,-0.026799,0.655103,0.520312,0.005848,0.634256,0.492894,-0.007529,0.615277,0.491327,-0.016368,0.598000,0.496438,-0.021641,0.664772,0.519482,0.000407,0.626971,0.510474,-0.014811,0.627194,0.556477,-0.016908,0.638854,0.570385,-0.015459,0.670700,0.524808,-0.007769,0.629862,0.522729,-0.020862,0.633030,0.566772,-0.014053,0.645464,0.577076,-0.007355,0.671895,0.538767,-0.017337,0.636743,0.539952,-0.027066,0.638739,0.572740,-0.023570,0.650424,0.581581,-0.018855
1780503247.878,right,pinch,0.651939,0.670238,-0.000000,0.626402,0.628525,-0.002933,0.608139,0.585566,-0.010554,0.594689,0.553484,-0.020508,0.590188,0.518483,-0.028203,0.656359,0.519172,0.004640,0.634309,0.491843,-0.008438,0.615309,0.490863,-0.016828,0.598177,0.496895,-0.021897,0.666146,0.519563,-0.001534,0.625998,0.511278,-0.016262,0.626446,0.557264,-0.017693,0.638499,0.569781,-0.016131,0.671617,0.526491,-0.010188,0.628890,0.523937,-0.022767,0.632006,0.567497,-0.015152,0.644462,0.577018,-0.008292,0.671865,0.541794,-0.020150,0.635787,0.541457,-0.029681,0.637379,0.573219,-0.025668,0.648916,0.582059,-0.020767
1780503247.984,right,pinch,0.653895,0.673392,-0.000000,0.627972,0.633021,-0.004167,0.608913,0.587608,-0.011373,0.595050,0.555020,-0.020493,0.589799,0.520030,-0.027103,0.655850,0.520751,0.004538,0.633178,0.494067,-0.009210,0.613977,0.493051,-0.018631,0.595850,0.497775,-0.024408,0.665229,0.519841,-0.000860,0.625282,0.511481,-0.016500,0.626310,0.557632,-0.019228,0.638424,0.572413,-0.018312,0.670852,0.525969,-0.008877,0.628406,0.524646,-0.021959,0.632551,0.568557,-0.015475,0.645822,0.578816,-0.009145,0.671730,0.540855,-0.018357,0.635996,0.543040,-0.028179,0.638370,0.575603,-0.024986,0.650376,0.584068,-0.020577
1780503248.089,right,pinch,0.651408,0.676543,-0.000000,0.625391,0.633335,-0.002659,0.607331,0.589072,-0.009966,0.593480,0.557883,-0.019752,0.585961,0.523010,-0.027317,0.655899,0.522556,0.005130,0.630939,0.497737,-0.008109,0.611657,0.496538,-0.016616,0.594409,0.501293,-0.021683,0.664963,0.522133,-0.001340,0.624265,0.516267,-0.016051,0.625826,0.562268,-0.017541,0.638838,0.573733,-0.015954,0.669929,0.529110,-0.010329,0.626405,0.529968,-0.022581,0.630377,0.573126,-0.015371,0.643740,0.581411,-0.008943,0.669627,0.544529,-0.020700,0.632950,0.548966,-0.030125,0.635164,0.580417,-0.026704,0.647416,0.588014,-0.022303
1780503248.189,right,pinch,0.649583,0.683228,-0.000000,0.621905,0.641419,-0.003230,0.602671,0.595445,-0.010395,0.588605,0.565060,-0.019700,0.580813,0.530136,-0.026649,0.654680,0.527417,0.003500,0.627198,0.501251,-0.010601,0.605823,0.502697,-0.020422,0.587032,0.509994,-0.026370,0.663045,0.526529,-0.002595,0.620985,0.521253,-0.018144,0.622568,0.566532,-0.021225,0.635508,0.580202,-0.020761,0.666723,0.533081,-0.011060,0.621792,0.534457,-0.023148,0.626820,0.577039,-0.017003,0.640856,0.585793,-0.011442,0.664904,0.548410,-0.020946,0.627463,0.554245,-0.030421,0.631379,0.585832,-0.027504,0.644755,0.593668,-0.023388
1780503248.292,right,pinch,0.646880,0.689188,-0.000000,0.619148,0.647088,-0.003486,0.599330,0.600932,-0.011412,0.584786,0.571243,-0.021486,0.575865,0.535830,-0.029096,0.651397,0.528352,0.002336,0.622017,0.503682,-0.012333,0.600190,0.506550,-0.022066,0.581533,0.514506,-0.027797,0.659661,0.528679,-0.003903,0.616298,0.525180,-0.019247,0.618553,0.570865,-0.021307,0.632208,0.582496,-0.020312,0.663313,0.536907,-0.012606,0.617530,0.539582,-0.024445,0.622983,0.581942,-0.017194,0.637335,0.589177,-0.011117,0.661765,0.554206,-0.022830,0.623882,0.559637,-0.031952,0.627446,0.591087,-0.028293,0.640480,0.598752,-0.023729
1780503248.402,right,pinch,0.647341,0.694775,-0.000000,0.617581,0.651856,-0.002795,0.596308,0.604325,-0.009594,0.581326,0.575277,-0.018686,0.571693,0.539880,-0.025203,0.647710,0.531633,0.004211,0.618850,0.507749,-0.009646,0.598116,0.510858,-0.018948,0.579943,0.518612,-0.024564,0.656657,0.531541,-0.002358,0.613114,0.530024,-0.017401,0.616101,0.575209,-0.019759,0.629881,0.586268,-0.019078,0.660910,0.539671,-0.011412,0.614956,0.545452,-0.023028,0.621214,0.587602,-0.016205,0.635863,0.593517,-0.010526,0.660083,0.556848,-0.021959,0.622881,0.564741,-0.030793,0.626505,0.595913,-0.027355,0.639228,0.601756,-0.023142
1780503248.626,right,pinch,0.643239,0.699921,-0.000000,0.613395,0.655832,-0.002043,0.592131,0.609848,-0.009333,0.576385,0.580471,-0.019047,0.567229,0.545583,-0.026532,0.644163,0.535637,0.003103,0.613572,0.512000,-0.010723,0.591727,0.515100,-0.020221,0.573099,0.523898,-0.026054,0.653374,0.536093,-0.003765,0.608635,0.535224,-0.018652,0.611850,0.580030,-0.021137,0.625126,0.592907,-0.020732,0.657718,0.545436,-0.012814,0.610701,0.550610,-0.024047,0.616879,0.592071,-0.017192,0.631024,0.599574,-0.011589,0.656901,0.564499,-0.023231,0.619003,0.571036,-0.031694,0.622097,0.601266,-0.028014,0.634202,0.608767,-0.023690
1780503248.746,right,pinch,0.641879,0.706095,-0.000000,0.609080,0.662500,-0.002821,0.586398,0.615884,-0.009826,0.570264,0.586652,-0.018874,0.562359,0.552857,-0.025565,0.638148,0.539274,0.002712,0.607047,0.516333,-0.010759,0.585905,0.520449,-0.019974,0.568062,0.529583,-0.025723,0.647799,0.538568,-0.003661,0.602158,0.539652,-0.018986,0.605179,0.586239,-0.021951,0.618416,0.600675,-0.021652,0.652549,0.547697,-0.012191,0.605072,0.554491,-0.023958,0.611325,0.597328,-0.017724,0.625597,0.605182,-0.012316,0.651945,0.566646,-0.022046,0.613549,0.575528,-0.030850,0.617019,0.606904,-0.027501,0.629536,0.613740,-0.023273
1780503248.875,right,pinch,0.637479,0.710497,-0.000000,0.605518,0.666168,-0.000987,0.582924,0.618687,-0.007509,0.567011,0.590344,-0.016726,0.557336,0.557614,-0.023762,0.636148,0.541971,0.004460,0.603557,0.520068,-0.009382,0.581484,0.526677,-0.019494,0.563195,0.537148,-0.025858,0.645534,0.543341,-0.003077,0.599594,0.545875,-0.017833,0.604000,0.588762,-0.020926,0.617743,0.600726,-0.021227,0.649627,0.553767,-0.012792,0.600932,0.561609,-0.023687,0.608066,0.601867,-0.017099,0.622722,0.608201,-0.011890,0.648335,0.573600,-0.023856,0.609035,0.582469,-0.031966,0.613305,0.612381,-0.028300,0.625913,0.618834,-0.024137
1780503248.986,right,pinch,0.637708,0.711255,-0.000000,0.606163,0.667148,-0.001783,0.583560,0.619476,-0.008522,0.567300,0.590993,-0.017881,0.556901,0.557494,-0.024677,0.635065,0.543245,0.005146,0.603082,0.521117,-0.008998,0.580831,0.527809,-0.019176,0.561975,0.537384,-0.025545,0.644337,0.543514,-0.002229,0.598071,0.546383,-0.017561,0.602954,0.591179,-0.020595,0.617417,0.602684,-0.020661,0.648355,0.552802,-0.012065,0.600046,0.562604,-0.023358,0.608200,0.603819,-0.016586,0.623742,0.609473,-0.011164,0.647089,0.570665,-0.023426,0.608366,0.581767,-0.031898,0.613028,0.612851,-0.028382,0.625832,0.618528,-0.024267
1780503249.083,right,pinch,0.636512,0.710939,-0.000000,0.605222,0.666047,-0.000819,0.583552,0.619506,-0.007501,0.567893,0.590755,-0.017105,0.558920,0.557405,-0.024275,0.633984,0.542969,0.006263,0.602408,0.520568,-0.007653,0.580678,0.527464,-0.017715,0.562542,0.536774,-0.024015,0.643687,0.543340,-0.001655,0.597854,0.545853,-0.016534,0.602378,0.590193,-0.019398,0.616419,0.601531,-0.019464,0.648144,0.552747,-0.011988,0.600171,0.561967,-0.023026,0.607719,0.603423,-0.016019,0.622798,0.609572,-0.010498,0.647231,0.570891,-0.023767,0.608696,0.580807,-0.031860,0.612738,0.611996,-0.028017,0.625129,0.618451,-0.023752
1780503249.184,right,pinch,0.636566,0.711549,-0.000000,0.605423,0.666032,-0.000918,0.584017,0.618646,-0.007455,0.568360,0.589979,-0.016796,0.558260,0.556727,-0.023681,0.635089,0.543083,0.005970,0.602594,0.521444,-0.007883,0.580537,0.527892,-0.017988,0.561857,0.536564,-0.024330,0.644355,0.543432,-0.001775,0.598016,0.546202,-0.016659,0.602873,0.590232,-0.019513,0.617127,0.601345,-0.019571,0.648470,0.552857,-0.011902,0.600121,0.561823,-0.022834,0.608096,0.602731,-0.015864,0.623583,0.608234,-0.010413,0.647290,0.570858,-0.023484,0.608520,0.580872,-0.031593,0.612992,0.611880,-0.027819,0.625790,0.617768,-0.023614
1780503249.284,right,pinch,0.637736,0.710604,-0.000000,0.606171,0.666593,-0.002157,0.583879,0.618713,-0.009073,0.568207,0.589175,-0.018431,0.558422,0.555488,-0.025214,0.635214,0.542917,0.004158,0.602911,0.520796,-0.009495,0.581240,0.527715,-0.019163,0.563301,0.536979,-0.025226,0.644442,0.543412,-0.002848,0.598446,0.547169,-0.017489,0.603230,0.591079,-0.019857,0.617428,0.601905,-0.019645,0.648350,0.553293,-0.012273,0.600999,0.563208,-0.023051,0.609060,0.603385,-0.015903,0.624298,0.608305,-0.010426,0.647071,0.571705,-0.023234,0.609695,0.582192,-0.031366,0.614176,0.612441,-0.027691,0.626758,0.617561,-0.023573
1780503249.378,right,pinch,0.638279,0.710129,-0.000000,0.606893,0.665097,-0.001222,0.584931,0.617775,-0.007996,0.569322,0.588623,-0.017539,0.560489,0.555155,-0.024672,0.636013,0.541929,0.005585,0.603981,0.520113,-0.008633,0.581981,0.526871,-0.019208,0.563515,0.536215,-0.025860,0.645357,0.542815,-0.002056,0.598887,0.545780,-0.017142,0.603294,0.590107,-0.020216,0.617391,0.601471,-0.020421,0.649440,0.552827,-0.012117,0.601322,0.562000,-0.023386,0.608926,0.602608,-0.016525,0.624082,0.608014,-0.011056,0.648131,0.571523,-0.023616,0.610106,0.580416,-0.031769,0.614293,0.610936,-0.027832,0.626795,0.616917,-0.023481
1780503249.522,right,pinch,0.639401,0.710367,-0.000000,0.607142,0.664268,-0.001989,0.585019,0.616834,-0.008904,0.569713,0.587682,-0.018383,0.561457,0.554607,-0.025345,0.636934,0.542176,0.005183,0.604453,0.520207,-0.008854,0.582581,0.525788,-0.019084,0.564099,0.534144,-0.025543,0.646439,0.542548,-0.002009,0.599974,0.545041,-0.017060,0.604351,0.589456,-0.019957,0.618594,0.599710,-0.019988,0.650667,0.552289,-0.011676,0.602942,0.562245,-0.022877,0.610546,0.602526,-0.015953,0.625726,0.606677,-0.010470,0.649200,0.570720,-0.022849,0.611666,0.581496,-0.031079,0.616383,0.611492,-0.027307,0.629310,0.615777,-0.023076
1780503249.732,right,pinch,0.639565,0.709831,-0.000000,0.607936,0.663429,-0.001427,0.585940,0.616521,-0.008604,0.570323,0.587094,-0.018452,0.562446,0.553492,-0.025819,0.637709,0.541947,0.004848,0.605030,0.519616,-0.009097,0.583178,0.525043,-0.019165,0.565008,0.532640,-0.025529,0.647175,0.542615,-0.002666,0.600225,0.545992,-0.017315,0.604966,0.589718,-0.019722,0.619423,0.599216,-0.019654,0.651345,0.552362,-0.012586,0.603316,0.561960,-0.023123,0.611066,0.601312,-0.015668,0.626287,0.604981,-0.010146,0.649939,0.570505,-0.023999,0.612047,0.580051,-0.031615,0.616443,0.609852,-0.027457,0.629113,0.614689,-0.023140
1780503249.890,right,pinch,0.641172,0.710255,-0.000000,0.608422,0.663950,-0.001219,0.586750,0.616474,-0.007901,0.571204,0.586846,-0.017204,0.562873,0.553948,-0.023933,0.638282,0.541205,0.005633,0.605763,0.519526,-0.007709,0.584415,0.525485,-0.017165,0.566275,0.533395,-0.023148,0.647745,0.541637,-0.001820,0.600527,0.544924,-0.016345,0.605093,0.589513,-0.018679,0.619414,0.599470,-0.018424,0.651770,0.551318,-0.011639,0.603602,0.561375,-0.022230,0.611246,0.601699,-0.014979,0.626371,0.605511,-0.009502,0.650027,0.569340,-0.022905,0.612206,0.580742,-0.030667,0.616778,0.611108,-0.026821,0.629574,0.615069,-0.022684
1780503250.021,right,pinch,0.641305,0.707998,-0.000000,0.610276,0.662483,-0.003038,0.588422,0.615129,-0.010604,0.573080,0.583751,-0.020610,0.565700,0.548712,-0.027993,0.639836,0.540571,0.004938,0.608497,0.516729,-0.009324,0.586377,0.522127,-0.019662,0.568205,0.530696,-0.026161,0.649132,0.541018,-0.001708,0.602735,0.543835,-0.017123,0.607397,0.588258,-0.019941,0.621606,0.598281,-0.019843,0.653154,0.550196,-0.011015,0.605582,0.559279,-0.022480,0.613238,0.598554,-0.015339,0.627747,0.602665,-0.009662,0.651641,0.567750,-0.021928,0.613779,0.577390,-0.030373,0.618446,0.607169,-0.026574,0.630898,0.612138,-0.022257
1780503250.201,right,pinch,0.634438,0.707913,-0.000000,0.603004,0.663536,-0.001711,0.580570,0.616063,-0.008599,0.565597,0.586303,-0.017969,0.558722,0.553784,-0.025133,0.634399,0.541272,0.003352,0.603254,0.518273,-0.010358,0.580905,0.525273,-0.019881,0.562330,0.536650,-0.025742,0.643755,0.541843,-0.003608,0.597999,0.544151,-0.018585,0.600871,0.589599,-0.021248,0.613765,0.604144,-0.020943,0.648029,0.551292,-0.012713,0.600381,0.559264,-0.024152,0.607195,0.601234,-0.017407,0.621407,0.610107,-0.011768,0.647300,0.570071,-0.023117,0.609416,0.579687,-0.031605,0.613005,0.611447,-0.027765,0.624954,0.620096,-0.023222
1780503250.335,right,pinch,0.616685,0.718709,-0.000000,0.581750,0.676137,-0.002796,0.560130,0.630025,-0.009332,0.546117,0.601126,-0.018021,0.538834,0.568258,-0.024489,0.611662,0.552567,0.003254,0.579192,0.532459,-0.010204,0.555900,0.543717,-0.019989,0.538646,0.559791,-0.025945,0.618742,0.553109,-0.003002,0.570652,0.558763,-0.017763,0.573085,0.603945,-0.020964,0.586206,0.619530,-0.021148,0.620531,0.562094,-0.011502,0.570976,0.575837,-0.022802,0.577915,0.616429,-0.017292,0.592359,0.624655,-0.012572,0.617777,0.579730,-0.021427,0.578234,0.591903,-0.030079,0.581307,0.622803,-0.026969,0.592153,0.631990,-0.022848
1780503250.501,right,pinch,0.592578,0.724958,-0.000000,0.551538,0.689164,-0.003226,0.531128,0.641655,-0.008840,0.519515,0.608618,-0.015748,0.509627,0.583084,-0.021325,0.579498,0.560074,0.000615,0.540511,0.541863,-0.010371,0.516846,0.556302,-0.020146,0.500960,0.572798,-0.026675,0.583946,0.561429,-0.003718,0.534666,0.565467,-0.015144,0.535682,0.606314,-0.019092,0.546506,0.622691,-0.020738,0.582058,0.572352,-0.009563,0.533267,0.582987,-0.017845,0.539930,0.618367,-0.014375,0.553238,0.626638,-0.011821,0.575646,0.589859,-0.016660,0.537673,0.601565,-0.022928,0.541207,0.629015,-0.020715,0.551154,0.636971,-0.017982
1780503250.619,right,pinch,0.555541,0.714022,-0.000000,0.516106,0.676413,-0.001439,0.496981,0.633128,-0.007286,0.482777,0.601240,-0.014727,0.468520,0.570111,-0.021240,0.546212,0.549487,0.001485,0.507005,0.530669,-0.008703,0.483123,0.543223,-0.017736,0.467964,0.558013,-0.023743,0.551395,0.550522,-0.003768,0.498966,0.553993,-0.014878,0.498549,0.594596,-0.018637,0.509174,0.613148,-0.020229,0.549590,0.561520,-0.010196,0.498809,0.569816,-0.017870,0.501951,0.605873,-0.013652,0.512683,0.618662,-0.010631,0.543287,0.578395,-0.017568,0.504064,0.588368,-0.023198,0.505591,0.615744,-0.020157,0.514479,0.626966,-0.016756
1780503250.801,right,pinch,0.522541,0.700043,-0.000000,0.483466,0.673240,-0.002720,0.461054,0.626096,-0.007804,0.443176,0.590587,-0.013726,0.424167,0.564073,-0.019039,0.502334,0.541959,-0.000705,0.462874,0.517226,-0.008027,0.438948,0.528851,-0.014765,0.424030,0.545370,-0.019010,0.507314,0.537869,-0.004069,0.457066,0.539411,-0.010874,0.454515,0.579483,-0.013039,0.463311,0.603817,-0.013985,0.505339,0.545155,-0.008218,0.458249,0.550555,-0.011856,0.458808,0.585507,-0.008069,0.467688,0.604686,-0.006066,0.499584,0.558015,-0.013363,0.464457,0.567032,-0.016597,0.463843,0.595081,-0.013471,0.470793,0.613528,-0.010228
1780503250.940,right,pinch,0.479544,0.683643,-0.000000,0.442426,0.662535,-0.006771,0.417955,0.619145,-0.010066,0.396712,0.587231,-0.011863,0.377598,0.563400,-0.012985,0.455182,0.527207,-0.006522,0.410612,0.506990,-0.009603,0.384358,0.518997,-0.012428,0.369407,0.535597,-0.014479,0.460639,0.517423,-0.005294,0.408286,0.515372,-0.008792,0.399449,0.552110,-0.010367,0.402607,0.577787,-0.011148,0.457822,0.522397,-0.004111,0.405529,0.530211,-0.006774,0.402855,0.564461,-0.005206,0.409042,0.583338,-0.004393,0.449193,0.536247,-0.003688,0.409778,0.547096,-0.007449,0.407498,0.573984,-0.005621,0.412807,0.591696,-0.002954
1780503251.268,right,pinch,0.437150,0.674011,-0.000000,0.398946,0.653732,-0.003574,0.373764,0.611899,-0.008178,0.350667,0.579827,-0.012360,0.330053,0.554789,-0.015754,0.414357,0.508929,-0.006013,0.363182,0.495289,-0.013325,0.334234,0.509837,-0.019820,0.316833,0.526641,-0.024402,0.417477,0.500722,-0.007688,0.359984,0.508646,-0.014635,0.361241,0.548966,-0.016622,0.372338,0.572734,-0.017631,0.412767,0.506678,-0.009562,0.356391,0.522142,-0.013847,0.362573,0.560397,-0.010093,0.376508,0.576866,-0.007970,0.402823,0.521165,-0.012297,0.359679,0.541804,-0.017766,0.362738,0.571464,-0.016194,0.373308,0.586095,-0.013667
1780503251.618,right,pinch,0.382721,0.647729,-0.000000,0.335527,0.640209,-0.010622,0.303028,0.603208,-0.020516,0.277406,0.578866,-0.029578,0.256775,0.554067,-0.036417,0.345201,0.472017,-0.010524,0.289542,0.470304,-0.026211,0.257978,0.491001,-0.038086,0.237757,0.508939,-0.045917,0.348701,0.465682,-0.012250,0.285388,0.479049,-0.028038,0.293396,0.531699,-0.030869,0.311588,0.548527,-0.030658,0.345986,0.470441,-0.015868,0.282607,0.491020,-0.026992,0.294840,0.539068,-0.017950,0.315605,0.546806,-0.010932,0.338710,0.486226,-0.021481,0.287755,0.505830,-0.031790,0.297058,0.540179,-0.026770,0.315702,0.547485,-0.020520
1780503251.758,right,pinch,0.346943,0.638221,-0.000000,0.294755,0.632813,-0.012578,0.260088,0.590057,-0.023771,0.235909,0.559214,-0.033871,0.215137,0.527605,-0.041647,0.302100,0.452544,-0.015059,0.239318,0.457825,-0.035191,0.203833,0.487470,-0.049556,0.181472,0.511753,-0.058350,0.305676,0.446816,-0.016507,0.234875,0.467689,-0.036382,0.245801,0.524784,-0.039672,0.266299,0.541075,-0.038962,0.302933,0.452345,-0.020215,0.232330,0.482584,-0.034301,0.247773,0.534160,-0.024378,0.270852,0.540871,-0.016087,0.295294,0.468422,-0.026143,0.237857,0.498223,-0.038574,0.248658,0.534013,-0.033772,0.268643,0.539034,-0.027174
1780503251.943,right,pinch,0.311781,0.650678,-0.000000,0.256989,0.638307,-0.010979,0.224809,0.581745,-0.021134,0.208797,0.533059,-0.031195,0.192431,0.491372,-0.038357,0.260214,0.450074,-0.010874,0.188975,0.464811,-0.037570,0.156923,0.506032,-0.053529,0.139446,0.530703,-0.061600,0.266883,0.445966,-0.014640,0.188271,0.482847,-0.042363,0.203499,0.550318,-0.045583,0.226023,0.564421,-0.042480,0.265662,0.454422,-0.021804,0.188734,0.498735,-0.045111,0.209534,0.559783,-0.035162,0.235709,0.565930,-0.023826,0.260760,0.472888,-0.030821,0.198351,0.515440,-0.048844,0.211070,0.557944,-0.044942,0.232187,0.562545,-0.037161
1780503252.112,right,pinch,0.309936,0.672290,-0.000000,0.249760,0.679888,-0.012666,0.201095,0.651075,-0.027490,0.167760,0.633240,-0.043176,0.142320,0.601929,-0.055205,0.241829,0.468628,-0.010544,0.169905,0.485580,-0.039483,0.135669,0.536292,-0.059814,0.114017,0.574994,-0.071527,0.252357,0.459049,-0.016389,0.174143,0.506615,-0.046546,0.193934,0.568721,-0.053657,0.220111,0.579323,-0.053793,0.254999,0.467510,-0.026020,0.176379,0.523224,-0.048707,0.200494,0.580396,-0.038685,0.227792,0.579733,-0.028581,0.251288,0.494116,-0.038274,0.188165,0.547373,-0.056926,0.203670,0.588662,-0.053102,0.227002,0.588091,-0.045662
1780503252.217,right,pinch,0.333835,0.677084,-0.000001,0.265829,0.685039,-0.008476,0.208415,0.659477,-0.022598,0.168329,0.642628,-0.038819,0.144153,0.608684,-0.049886,0.246147,0.460015,-0.002556,0.164597,0.496004,-0.033869,0.148625,0.548622,-0.054259,0.145014,0.576288,-0.065246,0.260146,0.449324,-0.011767,0.176138,0.522673,-0.045419,0.203433,0.583904,-0.052759,0.231585,0.583747,-0.052175,0.267313,0.459001,-0.025388,0.185070,0.538969,-0.051175,0.215394,0.596703,-0.041060,0.243226,0.586749,-0.030365,0.267346,0.489892,-0.041255,0.203924,0.564546,-0.060489,0.224835,0.605381,-0.057635,0.249668,0.592933,-0.050865
1780503252.352,right,pinch,0.353607,0.688133,-0.000001,0.282934,0.685796,-0.004827,0.221403,0.658793,-0.018755,0.179740,0.643709,-0.036493,0.143978,0.619592,-0.050115,0.254693,0.467285,0.002919,0.190039,0.486481,-0.026940,0.157601,0.534298,-0.047297,0.134126,0.579558,-0.058971,0.271102,0.452012,-0.009587,0.197968,0.522432,-0.039771,0.228038,0.587302,-0.043697,0.256049,0.585462,-0.042078,0.282237,0.459360,-0.026940,0.207245,0.542349,-0.052033,0.240930,0.597707,-0.038845,0.269632,0.584977,-0.026918,0.287733,0.490082,-0.046567,0.225723,0.562424,-0.064452,0.246356,0.605093,-0.057875,0.270005,0.596124,-0.049764
1780503252.526,right,pinch,0.375905,0.694879,-0.000001,0.300076,0.689379,-0.003914,0.236342,0.666671,-0.019831,0.192222,0.654852,-0.040498,0.152120,0.629885,-0.057087,0.267747,0.467298,0.001805,0.203829,0.489125,-0.029198,0.171513,0.540167,-0.050419,0.146590,0.589154,-0.062976,0.286142,0.447855,-0.012339,0.215462,0.540935,-0.043265,0.250552,0.600782,-0.047454,0.280074,0.594842,-0.046958,0.300131,0.454633,-0.031346,0.228984,0.563789,-0.055316,0.266905,0.612761,-0.041421,0.296382,0.596906,-0.030367,0.309143,0.485953,-0.052959,0.250183,0.576272,-0.070920,0.272810,0.614846,-0.065066,0.296484,0.604417,-0.058021
1780503252.637,right,pinch,0.400087,0.694711,-0.000001,0.326784,0.687468,-0.004261,0.261417,0.671012,-0.023702,0.214314,0.661171,-0.048431,0.171623,0.637536,-0.069863,0.287571,0.464922,-0.003447,0.222690,0.488392,-0.035862,0.188826,0.537350,-0.057516,0.164711,0.587352,-0.070389,0.309629,0.443946,-0.019346,0.236367,0.540248,-0.050897,0.272696,0.611485,-0.054183,0.302794,0.613847,-0.052987,0.327923,0.450736,-0.039847,0.256106,0.571088,-0.065147,0.296747,0.625868,-0.049791,0.328940,0.619786,-0.037616,0.340703,0.482322,-0.062969,0.279829,0.570910,-0.080892,0.295337,0.610290,-0.073421,0.312323,0.607894,-0.065631
1780503252.929,right,pinch,0.413057,0.707958,-0.000001,0.344885,0.702164,-0.011334,0.279886,0.682296,-0.031354,0.235365,0.668577,-0.054377,0.193016,0.644245,-0.073909,0.306775,0.467040,-0.013224,0.243689,0.483984,-0.045781,0.209435,0.534184,-0.066592,0.188598,0.587532,-0.078365,0.331073,0.446152,-0.023641,0.261934,0.543441,-0.054909,0.294282,0.614291,-0.058300,0.322053,0.614996,-0.057082,0.351124,0.453506,-0.038535,0.283380,0.576677,-0.064724,0.319675,0.628922,-0.051416,0.348439,0.621280,-0.040093,0.365912,0.484732,-0.056210,0.308125,0.573595,-0.075515,0.322964,0.613837,-0.068946,0.339833,0.612304,-0.061008
1780503253.063,right,pinch,0.425718,0.717752,-0.000001,0.360213,0.713890,-0.014582,0.295738,0.689276,-0.034620,0.251828,0.669812,-0.057519,0.207943,0.645048,-0.076241,0.317528,0.475406,-0.011430,0.255987,0.483737,-0.046058,0.225115,0.538722,-0.067323,0.207458,0.595650,-0.078182,0.344279,0.453052,-0.020282,0.280735,0.545469,-0.052531,0.312558,0.620314,-0.056176,0.338888,0.621645,-0.053901,0.368393,0.458839,-0.034482,0.303118,0.583347,-0.062373,0.338862,0.640157,-0.049959,0.366358,0.633727,-0.037910,0.387646,0.488585,-0.051820,0.329471,0.579533,-0.071177,0.343604,0.619059,-0.064684,0.359357,0.615188,-0.055950
1780503253.218,right,pinch,0.452119,0.725197,-0.000001,0.387626,0.722524,-0.017187,0.325115,0.697676,-0.037906,0.280941,0.680402,-0.060313,0.238737,0.653684,-0.078441,0.344056,0.485550,-0.013860,0.284836,0.483798,-0.048192,0.254941,0.538907,-0.069267,0.241078,0.595754,-0.080152,0.372401,0.460573,-0.020766,0.304866,0.541164,-0.050938,0.329297,0.617815,-0.053922,0.353825,0.617979,-0.051292,0.398597,0.465140,-0.033089,0.334295,0.581179,-0.058618,0.362947,0.635599,-0.046232,0.386746,0.623321,-0.034535,0.419560,0.493878,-0.048544,0.363387,0.585428,-0.065701,0.376908,0.626336,-0.058555,0.393602,0.617942,-0.049563
1780503253.362,right,pinch,0.503541,0.735560,-0.000001,0.436210,0.731902,-0.014282,0.371605,0.695109,-0.032291,0.328191,0.673365,-0.052997,0.285177,0.652696,-0.070182,0.391773,0.483734,-0.016162,0.330668,0.487479,-0.049572,0.304188,0.545142,-0.070507,0.292599,0.598650,-0.081636,0.423768,0.460072,-0.025429,0.369235,0.551806,-0.055798,0.399401,0.621469,-0.060530,0.427117,0.619716,-0.059678,0.454805,0.471914,-0.039345,0.397718,0.581565,-0.065753,0.427907,0.632040,-0.056110,0.454209,0.617406,-0.046402,0.479314,0.505036,-0.055904,0.426765,0.583782,-0.074184,0.432127,0.621133,-0.068543,0.443515,0.611597,-0.060804
1780503253.510,right,pinch,0.547472,0.727866,-0.000001,0.473651,0.728374,-0.011940,0.403749,0.702606,-0.030265,0.360114,0.680753,-0.051567,0.321311,0.649481,-0.068672,0.420432,0.482812,-0.014488,0.359873,0.483994,-0.046636,0.334356,0.542827,-0.065235,0.323047,0.594845,-0.074766,0.452830,0.456268,-0.024248,0.396381,0.557737,-0.054516,0.428171,0.634694,-0.057669,0.455604,0.635186,-0.055508,0.483405,0.462552,-0.038349,0.423542,0.593069,-0.063848,0.456877,0.649582,-0.052738,0.483024,0.639667,-0.042297,0.507861,0.491217,-0.054962,0.453470,0.586466,-0.073036,0.466129,0.626306,-0.067036,0.481323,0.617382,-0.058659
1780503253.684,right,pinch,0.572534,0.728243,-0.000001,0.496528,0.724294,-0.010935,0.431405,0.698205,-0.028831,0.390303,0.675782,-0.049885,0.358311,0.640793,-0.067048,0.450807,0.468783,-0.012690,0.390169,0.470624,-0.044521,0.366854,0.535479,-0.062758,0.361672,0.596422,-0.071805,0.484809,0.443537,-0.023005,0.424605,0.562137,-0.054299,0.454165,0.647832,-0.058193,0.482616,0.656664,-0.056035,0.517206,0.452554,-0.037491,0.456744,0.595563,-0.064166,0.488494,0.655320,-0.053267,0.514065,0.649678,-0.042253,0.544076,0.486099,-0.054152,0.489139,0.589241,-0.071405,0.503597,0.634898,-0.063416,0.520436,0.630083,-0.053405
1780503253.789,right,pinch,0.599791,0.726730,-0.000001,0.527394,0.722702,-0.019757,0.460263,0.693546,-0.041627,0.414188,0.669476,-0.065411,0.394996,0.623249,-0.084046,0.475868,0.462074,-0.021081,0.421197,0.461073,-0.058914,0.398597,0.525030,-0.079833,0.393487,0.583218,-0.089239,0.509287,0.435272,-0.026514,0.463500,0.555351,-0.061078,0.492811,0.639567,-0.064359,0.520359,0.643885,-0.060747,0.545161,0.444485,-0.037270,0.498841,0.579957,-0.066075,0.525324,0.641723,-0.053418,0.548280,0.636780,-0.039642,0.578056,0.475290,-0.051330,0.536732,0.558996,-0.068824,0.539061,0.603752,-0.060699,0.546525,0.603347,-0.049387
1780503253.969,right,pinch,0.635691,0.729090,-0.000001,0.568911,0.720770,-0.020609,0.503216,0.687400,-0.041058,0.456356,0.659335,-0.062661,0.442015,0.608981,-0.079327,0.515664,0.445724,-0.018540,0.463477,0.447832,-0.056885,0.444079,0.512965,-0.080809,0.443285,0.569522,-0.093310,0.551446,0.417442,-0.024434,0.504112,0.526199,-0.060983,0.530505,0.611259,-0.068368,0.558756,0.621572,-0.067140,0.588170,0.428442,-0.035741,0.542760,0.563649,-0.064970,0.565519,0.628857,-0.055267,0.586543,0.625299,-0.043520,0.621387,0.463859,-0.050587,0.580514,0.565181,-0.067481,0.587272,0.618119,-0.060573,0.598441,0.617901,-0.050459
1780503254.096,right,pinch,0.658163,0.721212,-0.000001,0.596028,0.713938,-0.029455,0.530985,0.679278,-0.053545,0.481934,0.649419,-0.077600,0.475264,0.593925,-0.095187,0.534945,0.445176,-0.022701,0.491310,0.429849,-0.064443,0.475266,0.502672,-0.090651,0.480122,0.564468,-0.103467,0.571988,0.412265,-0.023569,0.542249,0.490171,-0.061586,0.561421,0.563712,-0.069796,0.585795,0.571932,-0.067733,0.612677,0.421536,-0.031116,0.583594,0.543030,-0.061574,0.596291,0.610234,-0.052860,0.612539,0.614950,-0.039830,0.652324,0.454447,-0.043262,0.622215,0.544967,-0.062813,0.617374,0.604541,-0.057913,0.619965,0.621979,-0.047443
1780503254.288,right,pinch,0.696870,0.724715,-0.000001,0.636207,0.711602,-0.030994,0.573334,0.677096,-0.057046,0.526974,0.650904,-0.082966,0.525336,0.594005,-0.103419,0.584296,0.436565,-0.028721,0.543477,0.413464,-0.071381,0.526838,0.487359,-0.098143,0.529407,0.551670,-0.111760,0.625369,0.407937,-0.030156,0.583767,0.484894,-0.072138,0.597445,0.581940,-0.082521,0.622328,0.613901,-0.081151,0.669235,0.420733,-0.037822,0.634141,0.530219,-0.071680,0.642701,0.603344,-0.065088,0.659714,0.620889,-0.052408,0.712750,0.454152,-0.049612,0.683815,0.520183,-0.069008,0.672807,0.578860,-0.063500,0.671452,0.602928,-0.052711
1780503254.531,right,pinch,0.720891,0.736915,-0.000001,0.664137,0.718164,-0.031635,0.605810,0.681050,-0.058220,0.561068,0.645984,-0.084767,0.577389,0.601411,-0.104617,0.616165,0.438513,-0.033478,0.576208,0.405154,-0.076051,0.567623,0.488351,-0.096777,0.574222,0.562494,-0.104793,0.659375,0.412907,-0.033571,0.619017,0.505524,-0.074858,0.632917,0.609689,-0.079193,0.652285,0.641289,-0.072650,0.706144,0.425413,-0.039784,0.674785,0.541598,-0.070341,0.685433,0.615983,-0.057424,0.699442,0.632075,-0.040424,0.753299,0.457501,-0.050688,0.727099,0.523306,-0.065980,0.716535,0.578565,-0.056785,0.713325,0.595556,-0.042868
1780503254.724,right,pinch,0.761828,0.767622,-0.000001,0.710918,0.760552,-0.034059,0.653121,0.709540,-0.059701,0.610474,0.668961,-0.085108,0.623114,0.632328,-0.103744,0.652501,0.486481,-0.034530,0.618284,0.414047,-0.085242,0.616097,0.498543,-0.111673,0.624329,0.574711,-0.122342,0.699956,0.448291,-0.034521,0.673901,0.512609,-0.084751,0.686385,0.619686,-0.093140,0.698007,0.654421,-0.086710,0.749126,0.450147,-0.041715,0.728488,0.566483,-0.076228,0.740229,0.641929,-0.064847,0.750449,0.645895,-0.048269,0.797579,0.468933,-0.054018,0.774817,0.566754,-0.069123,0.777234,0.622096,-0.059854,0.782955,0.619305,-0.046196
1780503255.012,right,pinch,0.804836,0.798531,-0.000001,0.750911,0.802062,-0.036010,0.685429,0.745780,-0.064404,0.648118,0.686373,-0.092064,0.677498,0.646660,-0.113320,0.691482,0.538424,-0.042310,0.661844,0.422975,-0.094015,0.662931,0.503695,-0.121243,0.673974,0.578982,-0.132600,0.744260,0.509235,-0.043688,0.725285,0.433360,-0.092619,0.727464,0.524872,-0.100028,0.732681,0.582139,-0.093308,0.797167,0.512067,-0.052065,0.783842,0.515377,-0.090886,0.786040,0.612502,-0.077129,0.790264,0.657062,-0.057211,0.850302,0.530373,-0.064993,0.838684,0.530002,-0.087416,0.828624,0.595965,-0.076522,0.822278,0.629695,-0.061140
1780503255.258,right,pinch,0.832765,0.845997,-0.000000,0.776392,0.848994,-0.044787,0.720600,0.794168,-0.080448,0.730673,0.741441,-0.114740,0.794476,0.731905,-0.146177,0.742076,0.571309,-0.050315,0.736087,0.439296,-0.097922,0.742272,0.467422,-0.128249,0.748102,0.515785,-0.144629,0.800725,0.553229,-0.053289,0.804680,0.419937,-0.104691,0.806668,0.485059,-0.124639,0.802962,0.551386,-0.127637,0.857994,0.569372,-0.062393,0.867136,0.461864,-0.112598,0.864177,0.567905,-0.113571,0.853437,0.655218,-0.101106,0.913245,0.612182,-0.075157,0.920825,0.550256,-0.111556,0.909719,0.622010,-0.109605,0.892509,0.683789,-0.099544
1780503255.426,right,pinch,0.884349,0.830899,-0.000000,0.829867,0.819259,-0.062162,0.790949,0.781247,-0.110217,0.823279,0.764735,-0.151819,0.883737,0.753027,-0.187088,0.805493,0.517689,-0.078032,0.830834,0.504403,-0.141813,0.862251,0.607820,-0.179292,0.875462,0.662130,-0.198207,0.869085,0.524317,-0.075424,0.903307,0.508681,-0.139436,0.922773,0.623089,-0.159836,0.917498,0.672263,-0.162592,0.923056,0.564168,-0.080870,0.957609,0.584742,-0.140970,0.963635,0.680361,-0.142511,0.946808,0.712385,-0.129993,0.965198,0.621512,-0.090994,0.981659,0.651848,-0.127457,0.966958,0.719327,-0.124991,0.938180,0.741525,-0.115068
1780503255.667,right,pinch,0.908011,0.757962,-0.000000,0.873181,0.775594,-0.067213,0.859197,0.755383,-0.108820,0.907036,0.756039,-0.139949,0.966038,0.758739,-0.162969,0.854205,0.498320,-0.074362,0.909106,0.514176,-0.116724,0.936752,0.596393,-0.138911,0.948310,0.656765,-0.149568,0.900180,0.485927,-0.057971,0.965159,0.550462,-0.099866,0.958649,0.638665,-0.110347,0.932365,0.673720,-0.112375,0.938228,0.509943,-0.048386,0.996228,0.565797,-0.085896,0.982168,0.630567,-0.084732,0.953156,0.651388,-0.077887,0.968718,0.550294,-0.044626,1.010574,0.598554,-0.073891,0.992147,0.649749,-0.076510,0.958942,0.670650,-0.072293
1780503255.829,right,pinch,0.938179,0.763067,-0.000000,0.917622,0.762697,-0.048412,0.907493,0.730690,-0.077310,0.939854,0.710869,-0.099545,0.974451,0.698859,-0.117013,0.888813,0.522545,-0.045678,0.928964,0.493165,-0.082076,0.957761,0.564406,-0.107364,0.975333,0.623500,-0.120077,0.917113,0.504129,-0.034245,0.958427,0.482310,-0.070506,0.977031,0.570677,-0.085024,0.983055,0.639217,-0.087296,0.940325,0.505057,-0.028459,0.974618,0.490135,-0.062864,0.985199,0.571160,-0.066061,0.987685,0.633292,-0.058609,0.958306,0.523130,-0.026617,0.978105,0.511033,-0.051305,0.984348,0.567537,-0.052523,0.987267,0.615780,-0.045875
1780503255.960,right,pinch,0.951064,0.759534,-0.000000,0.951096,0.756909,-0.033455,0.956944,0.710795,-0.048150,0.977120,0.670908,-0.059831,0.985511,0.651438,-0.067083,0.940289,0.537412,-0.015133,0.974000,0.500526,-0.042421,0.995694,0.564408,-0.060465,1.001535,0.616307,-0.068374,0.952899,0.509554,-0.008644,0.994255,0.485820,-0.036614,1.008801,0.568340,-0.047393,1.005872,0.625178,-0.046962,0.961268,0.497737,-0.008038,1.001017,0.481575,-0.038491,1.011768,0.564155,-0.040832,1.008743,0.619114,-0.032206,0.964565,0.504417,-0.010378,0.994588,0.492194,-0.032309,1.005029,0.550241,-0.033101,1.004265,0.596041,-0.025998
1780503256.221,right,pinch,0.912110,0.720215,0.000000,0.890154,0.715186,-0.064986,0.887403,0.689300,-0.106241,0.931922,0.679926,-0.137228,0.970390,0.666540,-0.161965,0.866456,0.497629,-0.079150,0.900897,0.457380,-0.130067,0.933311,0.518131,-0.160534,0.954061,0.575487,-0.174553,0.916155,0.487953,-0.064414,0.963786,0.468667,-0.116226,0.971967,0.554026,-0.132646,0.960932,0.607146,-0.134535,0.957533,0.510130,-0.055689,1.004153,0.513762,-0.095947,1.004004,0.594955,-0.090310,0.988223,0.637126,-0.077714,0.988413,0.548754,-0.052819,1.025116,0.568526,-0.075281,1.021309,0.623582,-0.067904,1.008571,0.650945,-0.056271
1780503256.307,right,pinch,0.889374,0.712137,0.000000,0.861586,0.697532,-0.075113,0.847459,0.665040,-0.126043,0.882145,0.648623,-0.166334,0.925074,0.619293,-0.198660,0.846718,0.473302,-0.099104,0.868324,0.431594,-0.171834,0.898159,0.491263,-0.207877,0.919920,0.536559,-0.223213,0.900916,0.485368,-0.088264,0.947901,0.478518,-0.167154,0.946773,0.585785,-0.185059,0.933491,0.605091,-0.182519,0.947160,0.529890,-0.086109,0.982386,0.568086,-0.154211,0.966046,0.654775,-0.147581,0.945328,0.647205,-0.129241,0.982828,0.585048,-0.090148,1.002436,0.644378,-0.133806,0.982251,0.695749,-0.130389,0.959188,0.685527,-0.118292
1780503256.418,right,pinch,0.934914,0.686019,-0.000000,0.885198,0.698045,-0.066635,0.843777,0.677676,-0.110764,0.855647,0.649247,-0.144573,0.892741,0.609629,-0.169019,0.834591,0.465319,-0.082381,0.846791,0.432665,-0.142836,0.878503,0.488864,-0.170620,0.902363,0.535790,-0.181668,0.891621,0.425584,-0.068314,0.917003,0.478949,-0.131041,0.916387,0.592517,-0.139905,0.907175,0.615259,-0.133657,0.944481,0.431027,-0.062435,0.966110,0.526926,-0.117721,0.952888,0.618945,-0.107154,0.937031,0.615346,-0.088488,0.991626,0.459613,-0.062662,1.001579,0.569185,-0.101833,0.983413,0.633219,-0.100354,0.964001,0.619758,-0.089715
1780503256.704,right,pinch,0.936074,0.717934,-0.000000,0.890110,0.733312,-0.046001,0.838152,0.695999,-0.076336,0.838635,0.653654,-0.102985,0.886320,0.623682,-0.122452,0.835774,0.488168,-0.040691,0.840000,0.431255,-0.089993,0.864224,0.495164,-0.118161,0.880998,0.538723,-0.131952,0.887843,0.452780,-0.037120,0.904656,0.488893,-0.086458,0.904444,0.601610,-0.095403,0.892188,0.626163,-0.091695,0.938184,0.456919,-0.042659,0.955728,0.496071,-0.081297,0.944178,0.574601,-0.072800,0.925897,0.578955,-0.059580,0.986597,0.482691,-0.054163,0.999204,0.552645,-0.080185,0.979520,0.615753,-0.078541,0.955796,0.624529,-0.070696
1780503256.815,right,pinch,0.918868,0.737066,-0.000000,0.872257,0.743277,-0.036543,0.820396,0.699334,-0.066260,0.813245,0.646753,-0.094867,0.854897,0.610192,-0.117879,0.829130,0.512528,-0.039925,0.818826,0.423353,-0.091693,0.833867,0.486160,-0.119850,0.847445,0.546750,-0.131900,0.877711,0.486058,-0.041451,0.873938,0.470773,-0.091809,0.880260,0.593529,-0.098107,0.877101,0.632765,-0.091617,0.925956,0.489044,-0.050930,0.926393,0.465374,-0.090639,0.923797,0.567251,-0.075388,0.917499,0.598570,-0.056569,0.974283,0.511220,-0.065109,0.977007,0.514585,-0.091428,0.964250,0.590010,-0.082359,0.951698,0.620740,-0.068408
1780503256.911,right,pinch,0.912332,0.737680,-0.000000,0.868828,0.730889,-0.039672,0.821510,0.690890,-0.072931,0.812366,0.642924,-0.104485,0.852336,0.602544,-0.130281,0.826076,0.501760,-0.046290,0.817356,0.414062,-0.096748,0.836145,0.466488,-0.124254,0.851875,0.523936,-0.136179,0.875490,0.474057,-0.046094,0.877309,0.476164,-0.094041,0.884773,0.583041,-0.101426,0.880602,0.613745,-0.097436,0.924183,0.476436,-0.053449,0.929080,0.473319,-0.093309,0.926548,0.561334,-0.081724,0.917521,0.584873,-0.066143,0.972095,0.496977,-0.065426,0.976827,0.503414,-0.091056,0.964418,0.573683,-0.082738,0.949185,0.601918,-0.070046
1780503256.999,right,pinch,0.921343,0.736293,-0.000000,0.878275,0.733424,-0.037442,0.830204,0.691754,-0.066536,0.820429,0.642750,-0.093841,0.855690,0.595868,-0.115925,0.828352,0.501924,-0.040207,0.822162,0.415310,-0.086095,0.844984,0.465047,-0.114210,0.863073,0.515488,-0.128477,0.876331,0.473718,-0.040307,0.879547,0.463376,-0.086008,0.887575,0.556832,-0.100035,0.882620,0.592300,-0.101830,0.924188,0.475666,-0.046945,0.930292,0.466306,-0.083987,0.928943,0.546972,-0.077849,0.919202,0.571665,-0.067065,0.971941,0.496745,-0.057989,0.978830,0.500549,-0.082958,0.967703,0.567350,-0.077622,0.951796,0.594585,-0.067860
1780503257.102,right,pinch,0.924352,0.729360,-0.000000,0.878881,0.727562,-0.038228,0.828445,0.689615,-0.068478,0.820354,0.640965,-0.096880,0.861300,0.598458,-0.119582,0.829518,0.496920,-0.041530,0.824049,0.411907,-0.088091,0.843610,0.460389,-0.115119,0.859330,0.516282,-0.127924,0.880020,0.465848,-0.040975,0.877564,0.468425,-0.087033,0.882358,0.566562,-0.098048,0.878718,0.602207,-0.096611,0.929595,0.468930,-0.047363,0.930309,0.476686,-0.083431,0.926915,0.554622,-0.075277,0.919848,0.573742,-0.062452,0.978519,0.492016,-0.058434,0.978349,0.511805,-0.080995,0.967431,0.570728,-0.074789,0.956342,0.588757,-0.064053
1780503257.227,right,pinch,0.923621,0.735818,-0.000000,0.881139,0.732626,-0.039798,0.832903,0.695639,-0.071117,0.820724,0.647630,-0.100274,0.854910,0.599103,-0.123787,0.828368,0.502163,-0.041608,0.824675,0.416583,-0.089073,0.847524,0.460343,-0.117533,0.864104,0.514627,-0.131441,0.876818,0.475394,-0.041286,0.875245,0.456332,-0.090268,0.884268,0.556638,-0.104475,0.879934,0.601820,-0.104531,0.924919,0.477399,-0.047822,0.930198,0.460963,-0.086822,0.930289,0.541386,-0.080020,0.919986,0.569385,-0.067474,0.971847,0.500426,-0.058930,0.978853,0.503826,-0.084366,0.970901,0.565363,-0.078687,0.956226,0.588990,-0.068003
1780503257.363,right,pinch,0.915930,0.735471,-0.000000,0.873449,0.729977,-0.041733,0.826045,0.687187,-0.074339,0.818824,0.636818,-0.104700,0.857914,0.593860,-0.129079,0.827946,0.491024,-0.044966,0.823031,0.410574,-0.098011,0.845869,0.461515,-0.129065,0.862735,0.512735,-0.143850,0.877916,0.463616,-0.044922,0.881119,0.462873,-0.098107,0.887901,0.570759,-0.110447,0.882066,0.606681,-0.108677,0.926957,0.468494,-0.052788,0.932907,0.470817,-0.096055,0.930542,0.559111,-0.087603,0.920186,0.580721,-0.073177,0.974327,0.492384,-0.065610,0.982147,0.510573,-0.093292,0.970546,0.578048,-0.087864,0.954835,0.598237,-0.076940
1780503257.508,right,pinch,0.917525,0.726311,-0.000000,0.873369,0.719734,-0.038961,0.826074,0.678374,-0.069665,0.820400,0.629949,-0.098332,0.858719,0.586918,-0.120975,0.829740,0.484506,-0.044617,0.823591,0.405202,-0.093518,0.846793,0.459087,-0.120654,0.865323,0.510260,-0.133093,0.879450,0.452942,-0.044256,0.884176,0.479039,-0.093271,0.889919,0.582795,-0.104539,0.884957,0.611978,-0.103171,0.928339,0.456267,-0.050920,0.932088,0.484818,-0.089992,0.927230,0.569745,-0.081783,0.917410,0.586509,-0.068694,0.976743,0.477189,-0.062337,0.979685,0.514763,-0.086773,0.967398,0.579808,-0.081030,0.953557,0.596370,-0.070394
1780503257.622,right,pinch,0.920120,0.726948,-0.000000,0.877099,0.725427,-0.039207,0.829450,0.686350,-0.070553,0.820257,0.635318,-0.100059,0.854322,0.589166,-0.123612,0.831012,0.486259,-0.042205,0.824003,0.405181,-0.090438,0.845241,0.452767,-0.118504,0.863231,0.507576,-0.131524,0.878661,0.454336,-0.041619,0.883672,0.478411,-0.087362,0.888504,0.580563,-0.097112,0.882781,0.608186,-0.095554,0.926209,0.458260,-0.048345,0.932575,0.477664,-0.084169,0.928701,0.557776,-0.074291,0.919204,0.572839,-0.061287,0.972993,0.481568,-0.060108,0.977500,0.516432,-0.083068,0.964956,0.578503,-0.076635,0.950573,0.592914,-0.065904
1780503257.751,right,pinch,0.916812,0.728458,-0.000000,0.875070,0.724364,-0.040086,0.827498,0.684600,-0.072425,0.816174,0.633260,-0.102573,0.851557,0.584223,-0.126984,0.828210,0.490553,-0.047535,0.821787,0.404650,-0.096106,0.842650,0.450194,-0.123691,0.859079,0.506863,-0.136555,0.876991,0.459232,-0.046745,0.878261,0.479856,-0.094207,0.883798,0.582836,-0.104223,0.878517,0.616162,-0.102909,0.925437,0.462608,-0.052945,0.929062,0.476543,-0.091705,0.926234,0.559140,-0.081845,0.917231,0.580465,-0.068352,0.972911,0.484343,-0.063874,0.976733,0.503513,-0.089839,0.964930,0.569980,-0.082758,0.950348,0.593968,-0.071164
1780503257.990,right,pinch,0.919755,0.718025,-0.000000,0.876000,0.713936,-0.039476,0.827173,0.676505,-0.070554,0.817000,0.629093,-0.098999,0.852839,0.582384,-0.120804,0.826663,0.475188,-0.047894,0.818722,0.402151,-0.097054,0.841244,0.452180,-0.123336,0.859838,0.505217,-0.135075,0.876691,0.434989,-0.046717,0.881178,0.490230,-0.092806,0.884910,0.591307,-0.101210,0.878939,0.609348,-0.099417,0.926110,0.438084,-0.052569,0.930495,0.503389,-0.089266,0.924876,0.582311,-0.079463,0.915170,0.583833,-0.066920,0.974810,0.461395,-0.063411,0.975712,0.531001,-0.086084,0.961760,0.595433,-0.079983,0.946697,0.601823,-0.069750
1780503258.099,right,pinch,0.912913,0.723746,-0.000000,0.871822,0.720039,-0.041160,0.826170,0.679195,-0.073578,0.817540,0.627341,-0.103554,0.853931,0.579319,-0.127950,0.829683,0.484998,-0.047442,0.822170,0.400892,-0.096017,0.843153,0.447896,-0.124251,0.860900,0.504055,-0.137615,0.878271,0.454384,-0.046064,0.880885,0.469445,-0.093955,0.885535,0.572772,-0.104942,0.880453,0.610104,-0.104034,0.925860,0.458813,-0.051796,0.930601,0.467464,-0.090515,0.926310,0.547181,-0.082313,0.916897,0.570939,-0.069876,0.972618,0.481866,-0.062331,0.976966,0.500864,-0.088603,0.964133,0.564820,-0.083305,0.949346,0.589240,-0.073017
1780503258.289,right,pinch,0.921189,0.719825,-0.000000,0.876379,0.717301,-0.040560,0.827956,0.676258,-0.071121,0.819752,0.625871,-0.098724,0.855038,0.579186,-0.119130,0.828492,0.465468,-0.045329,0.821611,0.400866,-0.093785,0.843901,0.455026,-0.119835,0.862172,0.509409,-0.131646,0.877768,0.424481,-0.043006,0.880488,0.493953,-0.088151,0.883901,0.593853,-0.096471,0.878791,0.606883,-0.095200,0.926895,0.427641,-0.048020,0.929435,0.501185,-0.082799,0.922252,0.578377,-0.072453,0.912047,0.578436,-0.060601,0.975035,0.451994,-0.058494,0.975044,0.530856,-0.080755,0.959814,0.593087,-0.075886,0.944424,0.595758,-0.066876
1780503258.529,right,pinch,0.908369,0.717538,-0.000000,0.867162,0.710983,-0.040968,0.822375,0.671018,-0.072691,0.816513,0.621690,-0.101064,0.852311,0.575644,-0.122754,0.827383,0.467928,-0.050422,0.821258,0.395888,-0.095477,0.844574,0.446188,-0.118304,0.862034,0.502367,-0.128170,0.876520,0.432160,-0.048131,0.879675,0.492613,-0.092165,0.884645,0.594473,-0.099649,0.879064,0.617139,-0.098004,0.924956,0.436415,-0.052465,0.928921,0.487396,-0.088304,0.923394,0.563429,-0.078556,0.912610,0.574286,-0.066832,0.972593,0.458714,-0.061748,0.975817,0.510909,-0.086705,0.961858,0.577664,-0.081391,0.945737,0.595951,-0.071566
1780503258.754,right,pinch,0.906847,0.711346,-0.000000,0.868288,0.708501,-0.040519,0.823102,0.670149,-0.072641,0.812308,0.619928,-0.102304,0.845586,0.573235,-0.126156,0.826303,0.480938,-0.047277,0.819111,0.389376,-0.094473,0.840640,0.435024,-0.120065,0.858011,0.489801,-0.131095,0.874610,0.453437,-0.045855,0.882114,0.452895,-0.092861,0.886624,0.561179,-0.101517,0.880338,0.600138,-0.098413,0.921632,0.457717,-0.051400,0.932433,0.457689,-0.090947,0.928158,0.543089,-0.081129,0.918994,0.567235,-0.066705,0.968202,0.478101,-0.061276,0.976629,0.481732,-0.086681,0.965732,0.547105,-0.078593,0.952353,0.573581,-0.065985
1780503258.976,right,pinch,0.889927,0.710298,-0.000000,0.852447,0.699832,-0.044390,0.812035,0.656831,-0.079049,0.809400,0.607035,-0.110184,0.847112,0.563038,-0.136493,0.821986,0.477980,-0.055449,0.817335,0.385504,-0.104723,0.837895,0.424854,-0.132134,0.854078,0.481096,-0.144062,0.875054,0.461809,-0.053284,0.894192,0.416035,-0.104674,0.897834,0.528324,-0.114792,0.887295,0.585951,-0.110807,0.922455,0.471410,-0.057896,0.941857,0.444501,-0.104016,0.935763,0.533804,-0.096653,0.921971,0.574906,-0.081221,0.966789,0.495992,-0.066263,0.979785,0.474096,-0.095929,0.967915,0.538656,-0.087875,0.950182,0.577396,-0.074258
1780503259.163,right,pinch,0.889870,0.697116,-0.000000,0.844409,0.692167,-0.042041,0.793986,0.653540,-0.076633,0.781278,0.599133,-0.108395,0.817760,0.556285,-0.134683,0.801665,0.461588,-0.049149,0.793982,0.377555,-0.100606,0.808056,0.432648,-0.127526,0.821508,0.494861,-0.137769,0.852671,0.443756,-0.048040,0.859680,0.405688,-0.099220,0.864579,0.514308,-0.108534,0.862774,0.562965,-0.103174,0.901528,0.453540,-0.053960,0.905527,0.430544,-0.097555,0.899263,0.530618,-0.085188,0.892422,0.567269,-0.066293,0.949365,0.479910,-0.063888,0.951142,0.463931,-0.090292,0.938429,0.535020,-0.078400,0.927291,0.567819,-0.061873
1780503259.446,right,pinch,0.854923,0.707682,-0.000000,0.814835,0.697497,-0.037486,0.765204,0.653777,-0.069016,0.747567,0.597380,-0.099349,0.785774,0.554660,-0.125750,0.783077,0.476641,-0.039709,0.767060,0.386919,-0.091454,0.770478,0.434018,-0.123567,0.784868,0.496683,-0.137187,0.830734,0.459134,-0.040554,0.824125,0.362971,-0.088432,0.817204,0.436257,-0.101482,0.816415,0.495951,-0.098323,0.876478,0.469055,-0.048422,0.872778,0.420194,-0.087869,0.862536,0.504168,-0.082120,0.857997,0.555976,-0.067289,0.922225,0.496754,-0.060141,0.919676,0.458159,-0.082415,0.904311,0.515584,-0.074344,0.893676,0.557984,-0.061452
1780503259.604,right,pinch,0.835312,0.695535,-0.000000,0.785788,0.681503,-0.037824,0.728850,0.639135,-0.068133,0.707137,0.582269,-0.095969,0.742188,0.552114,-0.117091,0.750554,0.423667,-0.040390,0.728261,0.380221,-0.080609,0.726628,0.428506,-0.098582,0.734670,0.491012,-0.104814,0.799158,0.387602,-0.037547,0.781704,0.460301,-0.072776,0.787578,0.551624,-0.072115,0.797668,0.573776,-0.063807,0.846607,0.396588,-0.041627,0.825897,0.492883,-0.068501,0.823921,0.560939,-0.053478,0.829217,0.569363,-0.037942,0.893574,0.423930,-0.051134,0.872753,0.500833,-0.067289,0.861085,0.553040,-0.059708,0.858237,0.561400,-0.048345
1780503259.907,right,pinch,0.787715,0.677552,-0.000000,0.737417,0.659268,-0.033857,0.682923,0.623195,-0.060208,0.650138,0.577768,-0.084355,0.660457,0.528655,-0.102813,0.687592,0.405383,-0.041007,0.657055,0.355256,-0.081001,0.649570,0.405091,-0.100658,0.652969,0.465194,-0.107744,0.730680,0.369690,-0.038403,0.704016,0.441981,-0.077018,0.713886,0.524240,-0.082955,0.724340,0.557145,-0.078598,0.775261,0.375461,-0.041276,0.749840,0.487655,-0.069740,0.757391,0.555287,-0.060370,0.768405,0.567101,-0.047584,0.821896,0.399528,-0.048884,0.800264,0.481641,-0.066945,0.788909,0.540762,-0.061559,0.783867,0.561364,-0.050727
1780503260.094,right,pinch,0.753649,0.667262,-0.000000,0.696284,0.650828,-0.032577,0.637598,0.613279,-0.057170,0.598050,0.563417,-0.080374,0.615302,0.512478,-0.097830,0.647238,0.404439,-0.030863,0.622263,0.353853,-0.065171,0.610915,0.402122,-0.082334,0.615544,0.467416,-0.089330,0.690982,0.369839,-0.028253,0.667632,0.437169,-0.061321,0.675373,0.518905,-0.066449,0.688971,0.550095,-0.063385,0.736764,0.374430,-0.031433,0.714249,0.469643,-0.058168,0.719874,0.531370,-0.051040,0.730435,0.548766,-0.040473,0.783246,0.396631,-0.038975,0.762609,0.458947,-0.054783,0.753359,0.510240,-0.050495,0.751692,0.532379,-0.041883
1780503260.241,right,pinch,0.718916,0.649425,-0.000001,0.661892,0.635534,-0.026228,0.603505,0.595133,-0.047295,0.563486,0.548696,-0.068609,0.579064,0.488944,-0.084482,0.622967,0.381851,-0.026590,0.588640,0.335330,-0.058424,0.574775,0.386519,-0.073072,0.577058,0.451721,-0.078189,0.664369,0.353813,-0.026834,0.627752,0.419877,-0.058162,0.637692,0.507704,-0.060273,0.655952,0.537260,-0.054949,0.708487,0.363676,-0.032162,0.673851,0.440520,-0.059893,0.681066,0.513885,-0.048770,0.697398,0.536985,-0.034354,0.752601,0.392870,-0.041055,0.727498,0.417628,-0.058393,0.711587,0.473663,-0.050863,0.708326,0.507356,-0.039059
1780503260.470,right,pinch,0.693470,0.633660,-0.000001,0.636447,0.621517,-0.025507,0.576627,0.582071,-0.046161,0.534877,0.538322,-0.067022,0.541466,0.481738,-0.082281,0.595859,0.370831,-0.024973,0.558195,0.320052,-0.057906,0.542356,0.374523,-0.073116,0.541408,0.438009,-0.078716,0.634338,0.342484,-0.025750,0.590457,0.404920,-0.058659,0.606352,0.496435,-0.061653,0.628345,0.522658,-0.057047,0.674471,0.349513,-0.031805,0.634185,0.427978,-0.060574,0.646891,0.504450,-0.049679,0.665021,0.521494,-0.035916,0.714614,0.375200,-0.041359,0.683716,0.412740,-0.058353,0.674133,0.472517,-0.050718,0.674493,0.498143,-0.039502
1780503260.563,right,pinch,0.681591,0.635548,-0.000001,0.622939,0.620874,-0.026760,0.562974,0.579425,-0.048784,0.519631,0.536158,-0.070946,0.517791,0.474349,-0.087039,0.576141,0.376054,-0.023956,0.535548,0.323243,-0.060759,0.519626,0.374725,-0.078293,0.521064,0.435928,-0.084708,0.612298,0.346231,-0.024305,0.574513,0.409558,-0.060057,0.594192,0.496681,-0.064336,0.615729,0.514656,-0.060005,0.651424,0.348987,-0.030515,0.615080,0.433175,-0.060335,0.630784,0.505888,-0.049222,0.647135,0.514439,-0.035291,0.691141,0.369999,-0.040413,0.657809,0.422902,-0.057037,0.655886,0.479933,-0.049056,0.661551,0.493880,-0.037525
1780503260.734,right,pinch,0.662088,0.628253,-0.000001,0.604020,0.605521,-0.022095,0.545806,0.560989,-0.041477,0.503859,0.517342,-0.062033,0.498723,0.452902,-0.077119,0.563476,0.363105,-0.016498,0.517401,0.322893,-0.050350,0.501324,0.367987,-0.066446,0.502523,0.416574,-0.072719,0.596559,0.336218,-0.019509,0.552454,0.389280,-0.055376,0.572036,0.478814,-0.060217,0.595697,0.497762,-0.055845,0.632304,0.338468,-0.027961,0.591841,0.411189,-0.059594,0.607696,0.486627,-0.049271,0.626356,0.494206,-0.034921,0.668619,0.359196,-0.039457,0.634517,0.397584,-0.056186,0.632423,0.456455,-0.047702,0.639839,0.472214,-0.035974
1780503260.871,right,pinch,0.651793,0.620612,-0.000001,0.595869,0.595591,-0.026315,0.538853,0.552049,-0.050855,0.494707,0.506336,-0.076710,0.487589,0.440327,-0.096564,0.557715,0.351767,-0.017953,0.511126,0.314725,-0.054717,0.494233,0.359139,-0.071029,0.495363,0.409017,-0.076695,0.589949,0.329560,-0.019884,0.544369,0.384677,-0.055239,0.568122,0.473786,-0.056325,0.591852,0.477552,-0.049211,0.624819,0.331712,-0.028508,0.584193,0.406774,-0.059693,0.602866,0.478335,-0.045505,0.621949,0.473474,-0.029060,0.659000,0.351835,-0.040910,0.623171,0.393923,-0.057406,0.625374,0.452765,-0.047413,0.636990,0.460977,-0.034781
1780503261.012,right,pinch,0.639920,0.606118,-0.000000,0.580435,0.580869,-0.024134,0.524072,0.536993,-0.048212,0.481762,0.490080,-0.073635,0.469259,0.424885,-0.093242,0.551394,0.341319,-0.016149,0.504184,0.302659,-0.052304,0.482831,0.341244,-0.067987,0.474306,0.386784,-0.073751,0.582092,0.318357,-0.019662,0.529294,0.366940,-0.056392,0.553846,0.455586,-0.057968,0.577665,0.458210,-0.051005,0.612975,0.319195,-0.029600,0.564521,0.395306,-0.061249,0.586741,0.467435,-0.046604,0.606190,0.458572,-0.030354,0.640949,0.338392,-0.043149,0.598695,0.396667,-0.060543,0.608703,0.452339,-0.051206,0.624953,0.447594,-0.039441
1780503261.201,right,pinch,0.627785,0.599802,-0.000000,0.571181,0.571453,-0.023296,0.518410,0.528393,-0.047753,0.481168,0.476186,-0.073916,0.465902,0.411561,-0.094083,0.542802,0.333451,-0.015121,0.497927,0.298931,-0.048523,0.476041,0.332439,-0.062061,0.467323,0.374978,-0.066452,0.572482,0.314168,-0.019133,0.523963,0.360590,-0.051982,0.547101,0.446711,-0.050574,0.569459,0.443552,-0.042201,0.603347,0.316040,-0.029455,0.560381,0.384401,-0.058258,0.579729,0.455260,-0.041015,0.597790,0.447977,-0.023615,0.633145,0.335469,-0.043614,0.596772,0.377930,-0.059110,0.601203,0.435074,-0.047832,0.613543,0.438065,-0.034989
1780503261.304,right,pinch,0.624899,0.589814,-0.000000,0.567013,0.562691,-0.025147,0.515157,0.520084,-0.050110,0.476140,0.470593,-0.076473,0.455323,0.408875,-0.096819,0.539047,0.328102,-0.013605,0.495040,0.293368,-0.048473,0.471307,0.321903,-0.063241,0.459374,0.361091,-0.068324,0.568103,0.306517,-0.016814,0.516152,0.347925,-0.051338,0.539318,0.433713,-0.051057,0.561256,0.430824,-0.042796,0.597634,0.306331,-0.026896,0.549917,0.375600,-0.057850,0.571793,0.446996,-0.042696,0.590550,0.438537,-0.025932,0.624553,0.323561,-0.040881,0.583617,0.375438,-0.058294,0.591568,0.429788,-0.049378,0.605529,0.427872,-0.037890
1780503261.539,right,pinch,0.614950,0.581708,-0.000000,0.557910,0.552567,-0.025182,0.508044,0.505361,-0.049609,0.471911,0.456878,-0.075145,0.449485,0.399947,-0.094724,0.533312,0.322154,-0.015051,0.490174,0.286210,-0.049056,0.465722,0.312876,-0.061244,0.452312,0.350324,-0.064469,0.562215,0.300906,-0.017944,0.508594,0.337251,-0.051731,0.531502,0.424950,-0.048487,0.552991,0.414402,-0.037898,0.591335,0.299507,-0.027720,0.541228,0.364128,-0.058135,0.563281,0.435790,-0.040787,0.581694,0.421174,-0.022837,0.616915,0.315548,-0.041354,0.573312,0.370410,-0.058294,0.584109,0.421937,-0.048523,0.599997,0.411904,-0.036718
1780503261.669,right,pinch,0.606946,0.576868,-0.000000,0.553026,0.545797,-0.022302,0.504994,0.497748,-0.044542,0.468899,0.451745,-0.068301,0.446530,0.394416,-0.086523,0.530358,0.316701,-0.013890,0.484301,0.282319,-0.048652,0.459043,0.310417,-0.062601,0.444009,0.348506,-0.067067,0.558910,0.297268,-0.018107,0.501561,0.332244,-0.053587,0.524875,0.422082,-0.052477,0.548173,0.420062,-0.043215,0.587085,0.296557,-0.028828,0.532937,0.359140,-0.060901,0.556420,0.434455,-0.044837,0.577477,0.425359,-0.027159,0.612585,0.313871,-0.043018,0.567205,0.363231,-0.061149,0.577363,0.418722,-0.051490,0.593810,0.414579,-0.039389
1780503261.856,right,pinch,0.593688,0.568268,-0.000000,0.531048,0.539168,-0.023747,0.481550,0.485115,-0.045535,0.450512,0.434220,-0.068230,0.434851,0.373252,-0.085080,0.519756,0.305971,-0.011264,0.475013,0.273733,-0.046106,0.449587,0.301862,-0.062423,0.428824,0.335501,-0.069308,0.546998,0.286665,-0.014810,0.489707,0.326418,-0.051351,0.513975,0.410077,-0.053508,0.537020,0.403803,-0.047046,0.572352,0.287155,-0.025198,0.515737,0.347396,-0.057758,0.541657,0.418484,-0.043976,0.562630,0.406087,-0.028330,0.594109,0.304895,-0.039246,0.547443,0.360083,-0.059436,0.562299,0.409857,-0.052288,0.579425,0.397774,-0.041935
1780503262.103,right,pinch,0.579854,0.562474,-0.000000,0.520732,0.532920,-0.018679,0.470585,0.479455,-0.036825,0.440977,0.431071,-0.056331,0.427275,0.369792,-0.070455,0.511100,0.300773,-0.008057,0.466683,0.269413,-0.040237,0.442103,0.294959,-0.055347,0.423301,0.324953,-0.061821,0.537431,0.283028,-0.013574,0.478645,0.313639,-0.049183,0.500356,0.395686,-0.052335,0.522782,0.400525,-0.046647,0.562345,0.281842,-0.025029,0.505920,0.338411,-0.056282,0.530793,0.409954,-0.043633,0.551442,0.403847,-0.028733,0.585730,0.297263,-0.039622,0.540119,0.348942,-0.058983,0.553860,0.399847,-0.052260,0.570002,0.392179,-0.042338
1780503262.464,right,pinch,0.573197,0.543309,-0.000000,0.513072,0.515263,-0.018509,0.462396,0.460365,-0.036393,0.432587,0.407298,-0.055840,0.423290,0.342615,-0.070118,0.503363,0.293892,-0.005363,0.461145,0.253416,-0.036877,0.436473,0.271316,-0.051108,0.419384,0.297221,-0.056927,0.529545,0.274635,-0.010444,0.470386,0.295653,-0.045119,0.490824,0.379730,-0.046785,0.514812,0.382631,-0.039923,0.554577,0.270007,-0.021784,0.496353,0.317202,-0.053137,0.519164,0.392589,-0.039965,0.541044,0.386885,-0.024589,0.577246,0.281083,-0.036099,0.527177,0.325265,-0.055845,0.540792,0.380373,-0.048696,0.559547,0.374578,-0.038372
1780503262.693,right,pinch,0.572906,0.537445,-0.000000,0.513735,0.506772,-0.015071,0.462303,0.446766,-0.030635,0.432933,0.393978,-0.048114,0.417178,0.331102,-0.060591,0.502946,0.277768,-0.001282,0.461238,0.249775,-0.029874,0.437536,0.265976,-0.043183,0.418400,0.290354,-0.049087,0.528289,0.258774,-0.008218,0.468208,0.288257,-0.040398,0.489789,0.370700,-0.041867,0.512753,0.376053,-0.035490,0.552761,0.255844,-0.020894,0.493617,0.309785,-0.049338,0.517490,0.382575,-0.035280,0.538103,0.378285,-0.020220,0.575072,0.269676,-0.036525,0.525184,0.318040,-0.054613,0.539625,0.370331,-0.046784,0.557510,0.363651,-0.036499
1780503263.002,right,pinch,0.567323,0.516144,-0.000000,0.508239,0.484924,-0.013022,0.460149,0.429488,-0.028177,0.431346,0.377935,-0.046565,0.415392,0.317218,-0.059922,0.501054,0.268366,0.003168,0.458593,0.228964,-0.024975,0.432853,0.245499,-0.037654,0.414369,0.270645,-0.042637,0.524255,0.251450,-0.004432,0.464769,0.273722,-0.036154,0.486603,0.355239,-0.036168,0.512063,0.353651,-0.028341,0.546119,0.245918,-0.018107,0.487338,0.290188,-0.047166,0.510839,0.362910,-0.032801,0.533611,0.355749,-0.016900,0.566038,0.255296,-0.034483,0.516950,0.293779,-0.052208,0.531027,0.347742,-0.043487,0.551128,0.343128,-0.032247
1780503263.220,right,pinch,0.550674,0.509104,-0.000000,0.495889,0.475639,-0.014077,0.450399,0.419301,-0.030794,0.421981,0.369569,-0.050616,0.413982,0.308583,-0.065711,0.491998,0.254347,0.002208,0.450727,0.215528,-0.030310,0.422735,0.237524,-0.045855,0.403732,0.269488,-0.051856,0.515786,0.238328,-0.005364,0.454941,0.250611,-0.040017,0.471447,0.338208,-0.040683,0.495434,0.341603,-0.032209,0.538127,0.234276,-0.019438,0.477494,0.272765,-0.051209,0.497516,0.351844,-0.036385,0.519861,0.348787,-0.019063,0.558185,0.246032,-0.036204,0.505374,0.285085,-0.054855,0.517936,0.342271,-0.045636,0.537875,0.339394,-0.033656
1780503263.511,right,pinch,0.538255,0.503707,-0.000000,0.481993,0.464597,-0.009544,0.434850,0.410160,-0.024270,0.402681,0.362806,-0.042720,0.389780,0.300210,-0.057296,0.476031,0.252506,0.005232,0.435947,0.208118,-0.024477,0.407809,0.223615,-0.041130,0.386602,0.253464,-0.048992,0.500562,0.235352,-0.003680,0.443124,0.247011,-0.036319,0.461301,0.333406,-0.040554,0.486179,0.345697,-0.035860,0.523753,0.230461,-0.017924,0.463278,0.264444,-0.047312,0.483625,0.344040,-0.035379,0.506134,0.347659,-0.021020,0.545028,0.242010,-0.034212,0.489500,0.276358,-0.052312,0.501618,0.334881,-0.043648,0.521988,0.337697,-0.032392
1780503263.791,right,pinch,0.524782,0.500213,-0.000000,0.467602,0.455156,-0.007435,0.422337,0.394422,-0.019983,0.390045,0.350049,-0.036788,0.377170,0.292474,-0.049542,0.470300,0.242978,0.008639,0.425280,0.204756,-0.019248,0.397989,0.222431,-0.034138,0.379035,0.247543,-0.041311,0.492944,0.227086,-0.000954,0.431663,0.242305,-0.032002,0.449096,0.326860,-0.034685,0.474682,0.331341,-0.029751,0.514239,0.224409,-0.015857,0.451024,0.256766,-0.043943,0.470289,0.335304,-0.031029,0.494323,0.334108,-0.016634,0.532425,0.237866,-0.032761,0.477277,0.268137,-0.049390,0.488453,0.323388,-0.040586,0.509903,0.323293,-0.029880
1780503263.950,right,pinch,0.504786,0.489079,-0.000000,0.450066,0.443177,-0.004120,0.407351,0.380781,-0.013847,0.375947,0.337287,-0.028372,0.359523,0.280216,-0.039749,0.449106,0.243922,0.013483,0.409240,0.197462,-0.013538,0.379631,0.212672,-0.030723,0.355762,0.237780,-0.039477,0.470666,0.226541,0.002956,0.415665,0.232136,-0.028308,0.433084,0.313870,-0.035210,0.458360,0.327383,-0.032561,0.491710,0.218666,-0.012356,0.433819,0.245819,-0.039182,0.453099,0.320677,-0.029253,0.476144,0.323384,-0.016564,0.511730,0.225282,-0.029376,0.458545,0.252773,-0.044199,0.469468,0.309784,-0.035183,0.489311,0.313932,-0.024329
1780503264.146,right,pinch,0.471135,0.474490,-0.000000,0.406521,0.427228,0.003925,0.357912,0.368892,-0.001487,0.327358,0.325903,-0.013229,0.305862,0.269356,-0.023223,0.407366,0.238748,0.027492,0.362016,0.206152,0.011710,0.329894,0.210204,-0.001482,0.303653,0.225238,-0.010095,0.424084,0.221835,0.013714,0.363099,0.231513,-0.010262,0.378932,0.305207,-0.018012,0.405056,0.320858,-0.017317,0.436625,0.214664,-0.003634,0.371971,0.240138,-0.023292,0.392872,0.306146,-0.015928,0.419514,0.308891,-0.006857,0.444732,0.220678,-0.022163,0.387055,0.253097,-0.035098,0.402849,0.303396,-0.028285,0.426995,0.302728,-0.019768
1780503264.275,right,pinch,0.424627,0.470832,-0.000000,0.364570,0.436194,-0.005644,0.313421,0.382469,-0.016717,0.279861,0.336663,-0.032470,0.256079,0.277291,-0.045133,0.361234,0.237318,0.016147,0.319324,0.198598,-0.006059,0.284089,0.204169,-0.020245,0.256543,0.228708,-0.028063,0.378137,0.219568,0.005970,0.317380,0.229334,-0.022457,0.335324,0.308155,-0.026694,0.360593,0.319700,-0.022006,0.392205,0.210689,-0.009308,0.327953,0.242649,-0.034318,0.350078,0.311411,-0.022931,0.375442,0.312640,-0.009241,0.402778,0.217923,-0.026632,0.343869,0.254022,-0.042856,0.360733,0.305654,-0.034669,0.384948,0.304724,-0.024006
1780503264.412,right,pinch,0.375537,0.479602,-0.000000,0.307841,0.446742,-0.003909,0.252896,0.385990,-0.014437,0.216280,0.339186,-0.029370,0.185130,0.283650,-0.041308,0.309494,0.224791,0.014182,0.254553,0.196184,-0.008775,0.215238,0.206390,-0.023478,0.185571,0.227540,-0.032024,0.326618,0.206399,0.002621,0.252057,0.219287,-0.024828,0.268332,0.304465,-0.027458,0.296043,0.314772,-0.022684,0.338355,0.201736,-0.013713,0.258438,0.235233,-0.038310,0.279822,0.313309,-0.025380,0.309821,0.313373,-0.011655,0.344434,0.215333,-0.031886,0.273064,0.251306,-0.049033,0.289203,0.309565,-0.040556,0.317483,0.310279,-0.030068
1780503264.551,right,pinch,0.343215,0.475269,-0.000000,0.271507,0.443360,0.000942,0.213378,0.384778,-0.009374,0.176085,0.338705,-0.026118,0.144303,0.277734,-0.039599,0.267005,0.229245,0.022268,0.219718,0.189320,-0.003549,0.179162,0.199341,-0.020831,0.148012,0.225279,-0.030610,0.286405,0.208829,0.006451,0.218124,0.215271,-0.026445,0.235587,0.304351,-0.031920,0.264888,0.320233,-0.027244,0.299957,0.199059,-0.014749,0.222690,0.231509,-0.043459,0.247513,0.311259,-0.031042,0.279533,0.312015,-0.016133,0.307179,0.205503,-0.037503,0.233699,0.246480,-0.056363,0.252717,0.306272,-0.047555,0.282275,0.304475,-0.036254
1780503264.699,right,pinch,0.319136,0.474044,-0.000000,0.245772,0.439281,0.002065,0.187007,0.377682,-0.007818,0.149807,0.333309,-0.024282,0.114473,0.275929,-0.037746,0.246538,0.216718,0.023454,0.195797,0.182852,-0.003361,0.151394,0.192475,-0.022732,0.116013,0.218966,-0.033571,0.265674,0.197448,0.006825,0.192666,0.205143,-0.028619,0.206553,0.292780,-0.037469,0.234157,0.317827,-0.034223,0.276251,0.192382,-0.014842,0.196438,0.226892,-0.045193,0.220704,0.303595,-0.035727,0.253680,0.307324,-0.021820,0.278680,0.205441,-0.037799,0.205897,0.247087,-0.056639,0.223862,0.305516,-0.048981,0.253443,0.305189,-0.038320
1780503264.954,right,pinch,0.290772,0.481556,-0.000001,0.214792,0.459225,0.003742,0.153514,0.395266,-0.001636,0.114537,0.352313,-0.013031,0.081157,0.289745,-0.021831,0.215587,0.211685,0.025072,0.156325,0.189998,-0.001575,0.108050,0.207596,-0.022670,0.070840,0.237430,-0.034482,0.233128,0.193121,0.008203,0.150013,0.187266,-0.021509,0.130496,0.260335,-0.032657,0.128393,0.284241,-0.033307,0.242722,0.189070,-0.013264,0.151093,0.229389,-0.041721,0.172533,0.314452,-0.035450,0.204660,0.323543,-0.024303,0.243432,0.203811,-0.035797,0.163645,0.255734,-0.056481,0.181058,0.321003,-0.050552,0.210805,0.324765,-0.040669
1780503265.066,right,pinch,0.269105,0.498260,-0.000001,0.192075,0.470201,-0.001272,0.129253,0.405612,-0.011596,0.087335,0.361303,-0.027857,0.048112,0.301782,-0.040978,0.192744,0.217907,0.021045,0.137291,0.189197,-0.010034,0.086934,0.205978,-0.033769,0.049315,0.239880,-0.047218,0.213081,0.200007,0.005432,0.126979,0.211778,-0.031794,0.121556,0.305158,-0.044240,0.136774,0.340329,-0.044104,0.224534,0.198751,-0.015509,0.127637,0.240570,-0.049302,0.145155,0.329595,-0.041585,0.177263,0.345322,-0.027999,0.227835,0.219066,-0.038005,0.143088,0.267204,-0.060126,0.156415,0.331848,-0.053392,0.186163,0.340046,-0.042375
1780503265.187,right,pinch,0.267291,0.501585,-0.000001,0.185711,0.471051,0.002350,0.122514,0.407906,-0.007350,0.078446,0.368516,-0.023571,0.038275,0.312573,-0.037529,0.194721,0.212522,0.021449,0.127774,0.196398,-0.009031,0.076580,0.212597,-0.032485,0.037849,0.244780,-0.045901,0.211955,0.196143,0.003225,0.116862,0.195771,-0.031973,0.095950,0.275244,-0.045170,0.096180,0.299351,-0.046775,0.219750,0.197557,-0.019566,0.115051,0.237751,-0.053935,0.134835,0.330778,-0.047310,0.169895,0.341475,-0.034835,0.216397,0.221854,-0.043300,0.128212,0.271693,-0.067592,0.144503,0.339494,-0.061355,0.178073,0.342292,-0.050813
1780503265.316,right,pinch,0.270967,0.508625,-0.000001,0.188503,0.468365,0.002102,0.126661,0.399872,-0.008351,0.083977,0.357990,-0.024667,0.045564,0.297563,-0.037556,0.192542,0.207940,0.019864,0.127908,0.189247,-0.010456,0.079312,0.203517,-0.034396,0.041878,0.232188,-0.049218,0.213260,0.190634,0.003076,0.117587,0.223776,-0.033474,0.130861,0.321520,-0.044109,0.161560,0.343951,-0.044364,0.222764,0.192418,-0.018448,0.119851,0.240890,-0.049335,0.141740,0.330468,-0.038110,0.176441,0.334336,-0.025093,0.220733,0.217433,-0.041486,0.132564,0.271143,-0.062620,0.149463,0.338107,-0.055064,0.180767,0.336395,-0.045008
1780503265.412,right,pinch,0.275841,0.497425,-0.000001,0.193934,0.454214,0.001273,0.131807,0.391262,-0.009630,0.089498,0.348388,-0.026671,0.050420,0.288322,-0.040586,0.194460,0.205458,0.021562,0.133670,0.181393,-0.008415,0.084191,0.198214,-0.032331,0.045712,0.228484,-0.046776,0.216872,0.186438,0.005066,0.124649,0.209220,-0.032041,0.127062,0.306362,-0.045110,0.149129,0.342331,-0.046407,0.228385,0.186308,-0.016162,0.128283,0.230465,-0.048459,0.148297,0.319057,-0.040182,0.182570,0.332001,-0.027693,0.229755,0.208551,-0.038670,0.144252,0.254547,-0.059917,0.158753,0.321622,-0.052584,0.188850,0.329183,-0.041915
1780503265.544,right,pinch,0.279549,0.504453,-0.000001,0.200617,0.463760,0.001474,0.138175,0.394749,-0.009037,0.095380,0.351074,-0.025725,0.056531,0.292713,-0.039179,0.199856,0.205183,0.021293,0.137303,0.186754,-0.008875,0.089695,0.201558,-0.032982,0.051583,0.229341,-0.048140,0.220488,0.186000,0.004325,0.129422,0.220856,-0.031910,0.144821,0.316704,-0.042393,0.175001,0.340782,-0.042640,0.231991,0.187542,-0.017641,0.134256,0.236953,-0.049221,0.157928,0.326241,-0.038008,0.191957,0.333130,-0.024710,0.234275,0.213984,-0.041265,0.151479,0.268523,-0.063372,0.169230,0.336206,-0.055963,0.199549,0.337902,-0.045845
1780503265.673,right,pinch,0.290474,0.514465,-0.000001,0.210143,0.477466,0.004416,0.146010,0.407385,-0.004022,0.103190,0.366496,-0.019425,0.062815,0.309963,-0.031191,0.204362,0.218780,0.023762,0.142658,0.192604,-0.007679,0.096286,0.213291,-0.032141,0.059655,0.246566,-0.046846,0.224879,0.200599,0.005554,0.139182,0.230481,-0.031769,0.155456,0.326503,-0.043056,0.184843,0.349836,-0.043448,0.237080,0.199758,-0.017643,0.142790,0.248586,-0.049442,0.170093,0.336721,-0.039216,0.205344,0.341152,-0.026513,0.241461,0.221244,-0.042261,0.160465,0.277270,-0.064117,0.179792,0.345192,-0.057218,0.210188,0.345843,-0.047447
1780503265.781,right,pinch,0.310289,0.528328,-0.000001,0.225098,0.480532,0.008521,0.160231,0.413952,-0.000718,0.115444,0.371702,-0.019279,0.071265,0.318263,-0.034633,0.214357,0.229133,0.032978,0.155642,0.198439,0.001353,0.108485,0.221518,-0.022237,0.069987,0.258406,-0.035593,0.237533,0.210557,0.010737,0.154438,0.243043,-0.025234,0.174903,0.337643,-0.033834,0.205858,0.353247,-0.032328,0.251634,0.210622,-0.017314,0.163429,0.266362,-0.048959,0.191178,0.350773,-0.037146,0.226188,0.351033,-0.023144,0.256731,0.230595,-0.046706,0.179867,0.284476,-0.066531,0.197239,0.352477,-0.057159,0.226259,0.356118,-0.045851
1780503265.907,right,pinch,0.329944,0.537157,-0.000001,0.242215,0.487494,0.009597,0.176242,0.423552,0.001002,0.132358,0.381730,-0.017317,0.091604,0.323641,-0.032633,0.230132,0.240000,0.033990,0.172617,0.204588,0.002504,0.126546,0.226346,-0.021858,0.088100,0.264911,-0.035812,0.254459,0.220452,0.011658,0.172739,0.251530,-0.025521,0.193499,0.345763,-0.035854,0.223914,0.360295,-0.035099,0.270634,0.218588,-0.016252,0.181628,0.270214,-0.049045,0.209719,0.355187,-0.037519,0.244692,0.355606,-0.022886,0.278004,0.237123,-0.045253,0.198378,0.285803,-0.065041,0.217632,0.351734,-0.054653,0.248545,0.352065,-0.042207
1780503266.082,right,pinch,0.341215,0.547559,-0.000001,0.252733,0.501898,0.005343,0.187329,0.439867,-0.006099,0.143719,0.396087,-0.026626,0.104158,0.337801,-0.043454,0.241580,0.247791,0.031381,0.181988,0.220316,-0.000331,0.137642,0.246975,-0.023214,0.099520,0.290054,-0.035655,0.266426,0.226929,0.011022,0.183576,0.268713,-0.025180,0.210263,0.359899,-0.032670,0.240956,0.365839,-0.029852,0.283125,0.225510,-0.015564,0.194444,0.291128,-0.046823,0.226567,0.370222,-0.034052,0.260833,0.362607,-0.019176,0.290198,0.245452,-0.043877,0.212271,0.307357,-0.062377,0.233769,0.369911,-0.052374,0.263765,0.365372,-0.040609
1780503266.193,right,pinch,0.354148,0.579434,-0.000001,0.263583,0.527900,0.008725,0.200359,0.467049,-0.000745,0.159205,0.425846,-0.019176,0.124596,0.369786,-0.034199,0.261854,0.280766,0.023976,0.198647,0.246223,-0.008942,0.154074,0.277826,-0.032724,0.119722,0.326947,-0.045771,0.286336,0.264605,0.002699,0.199950,0.301071,-0.032066,0.218018,0.392934,-0.040024,0.247962,0.401499,-0.039382,0.300872,0.266526,-0.023629,0.207275,0.320279,-0.053790,0.233612,0.402538,-0.041037,0.268513,0.397120,-0.027326,0.305041,0.292101,-0.051079,0.224363,0.337328,-0.068677,0.241395,0.402341,-0.057064,0.271672,0.402246,-0.044695
1780503266.361,right,pinch,0.363139,0.619530,-0.000001,0.276098,0.565676,-0.000935,0.210374,0.504436,-0.016633,0.167751,0.464649,-0.038714,0.132920,0.411585,-0.057003,0.278593,0.310005,0.009388,0.208323,0.287316,-0.025729,0.163302,0.316416,-0.050008,0.128763,0.359513,-0.063676,0.300723,0.297605,-0.007676,0.205043,0.339739,-0.042392,0.226420,0.430716,-0.047264,0.256857,0.435420,-0.045277,0.313814,0.304425,-0.030115,0.214381,0.367400,-0.059213,0.242362,0.446985,-0.043347,0.275420,0.440314,-0.028763,0.317155,0.337272,-0.054764,0.235104,0.391649,-0.073202,0.253875,0.451850,-0.062009,0.283073,0.449984,-0.050351
1780503266.492,right,pinch,0.365183,0.641867,-0.000001,0.279340,0.591717,-0.000547,0.215244,0.532010,-0.017396,0.171511,0.492638,-0.040431,0.131848,0.444598,-0.059727,0.281402,0.331466,0.007073,0.212102,0.312872,-0.025404,0.166253,0.345335,-0.048140,0.129671,0.390375,-0.061375,0.303750,0.318491,-0.010181,0.212086,0.365076,-0.041638,0.235303,0.453065,-0.045100,0.266080,0.459318,-0.043386,0.316623,0.328553,-0.032413,0.221553,0.394030,-0.057128,0.250921,0.470775,-0.041029,0.283941,0.464667,-0.028390,0.319602,0.363550,-0.057000,0.241607,0.421843,-0.073232,0.260780,0.478898,-0.062971,0.289169,0.475596,-0.053176
1780503266.689,right,pinch,0.372630,0.683881,-0.000001,0.286218,0.634603,-0.001265,0.219850,0.573409,-0.018349,0.173517,0.535710,-0.041610,0.132105,0.487750,-0.060873,0.292049,0.370355,0.006837,0.216905,0.351447,-0.027381,0.170282,0.387837,-0.051676,0.135179,0.435230,-0.065908,0.312615,0.359047,-0.010719,0.217880,0.407552,-0.042282,0.241465,0.495912,-0.045921,0.274292,0.499405,-0.044795,0.323612,0.371493,-0.033608,0.227517,0.443815,-0.057631,0.256418,0.519981,-0.040820,0.290250,0.511595,-0.028210,0.323394,0.409196,-0.059266,0.244162,0.475587,-0.076060,0.264358,0.530264,-0.066380,0.294178,0.523947,-0.056979
1780503266.811,right,pinch,0.383422,0.710167,-0.000001,0.289476,0.656330,0.001152,0.222487,0.594963,-0.017623,0.175168,0.561253,-0.043272,0.132269,0.518036,-0.065508,0.299713,0.387647,0.004688,0.217471,0.381797,-0.030137,0.171476,0.419998,-0.056278,0.135186,0.463937,-0.072490,0.319661,0.380656,-0.015135,0.219930,0.440840,-0.047490,0.248605,0.523581,-0.053069,0.282269,0.527309,-0.054424,0.330111,0.398618,-0.039753,0.228771,0.477406,-0.062727,0.261386,0.550852,-0.047125,0.296181,0.541800,-0.036882,0.328710,0.440490,-0.067047,0.247186,0.513534,-0.083241,0.269376,0.566182,-0.074757,0.299343,0.558748,-0.067228
1780503266.959,right,pinch,0.391167,0.740775,-0.000001,0.299844,0.692907,0.000105,0.235512,0.631477,-0.017615,0.188040,0.597962,-0.042110,0.143590,0.557163,-0.063455,0.310902,0.422139,0.005512,0.228316,0.412540,-0.029271,0.179801,0.452482,-0.055743,0.144134,0.501814,-0.071845,0.329635,0.414934,-0.013483,0.232906,0.467643,-0.045756,0.257711,0.547883,-0.052625,0.290012,0.553376,-0.054456,0.338563,0.432441,-0.037351,0.239377,0.509916,-0.061298,0.271138,0.579811,-0.047421,0.306057,0.571108,-0.037490,0.336000,0.474263,-0.063863,0.255505,0.546312,-0.080809,0.278742,0.596885,-0.072832,0.309429,0.589651,-0.065157
1780503267.150,right,pinch,0.396901,0.750734,-0.000001,0.307264,0.701589,-0.003071,0.242738,0.646460,-0.024577,0.194365,0.614082,-0.052274,0.150087,0.570986,-0.076259,0.314310,0.430692,-0.001502,0.231205,0.428734,-0.035716,0.185160,0.469336,-0.058968,0.150553,0.512503,-0.072762,0.336901,0.424148,-0.018930,0.238996,0.488505,-0.050500,0.266837,0.568792,-0.053125,0.298883,0.567051,-0.052364,0.348682,0.444557,-0.041306,0.249507,0.527910,-0.064197,0.281005,0.595783,-0.047549,0.315026,0.584671,-0.036440,0.348218,0.486961,-0.066657,0.269051,0.558920,-0.083026,0.286847,0.607824,-0.075052,0.313264,0.602329,-0.067669
1780503267.346,right,pinch,0.418195,0.754942,-0.000001,0.332197,0.708188,-0.011643,0.265041,0.651591,-0.035237,0.215936,0.616954,-0.062942,0.171581,0.567301,-0.086527,0.338601,0.439019,-0.008251,0.259092,0.429900,-0.046127,0.210356,0.468132,-0.073501,0.173091,0.516455,-0.090058,0.361642,0.431196,-0.021339,0.268400,0.486479,-0.057132,0.294725,0.564388,-0.064076,0.327156,0.571053,-0.065530,0.375245,0.449145,-0.039977,0.279064,0.532117,-0.067140,0.309430,0.599607,-0.053246,0.342740,0.594138,-0.042512,0.378697,0.490122,-0.062170,0.298402,0.565257,-0.082678,0.316286,0.612779,-0.076488,0.342601,0.607656,-0.069152
1780503267.587,right,pinch,0.449644,0.759709,-0.000001,0.367925,0.719411,-0.014056,0.305784,0.659086,-0.036595,0.260514,0.618990,-0.063232,0.213842,0.573186,-0.085803,0.366120,0.450456,-0.004501,0.296377,0.430895,-0.043883,0.253495,0.468032,-0.069484,0.222861,0.516884,-0.083189,0.390956,0.439534,-0.016433,0.303261,0.477651,-0.055377,0.321455,0.568504,-0.062390,0.349233,0.579691,-0.060421,0.408505,0.453784,-0.034515,0.318758,0.530441,-0.066843,0.345429,0.608297,-0.054487,0.376368,0.606182,-0.041381,0.416338,0.491936,-0.055798,0.341977,0.567085,-0.077507,0.360718,0.621366,-0.070516,0.388250,0.614601,-0.060993
1780503267.692,right,pinch,0.504655,0.776250,-0.000001,0.425487,0.732962,-0.006694,0.363821,0.667903,-0.022528,0.323492,0.625806,-0.043154,0.282475,0.582982,-0.060358,0.417545,0.480892,-0.003378,0.354914,0.451457,-0.035241,0.317266,0.491412,-0.054647,0.293259,0.539671,-0.065201,0.442887,0.470071,-0.016801,0.371697,0.513177,-0.048865,0.391725,0.589684,-0.053472,0.418748,0.594836,-0.052448,0.461671,0.482289,-0.034903,0.385659,0.548065,-0.062389,0.413984,0.613594,-0.050929,0.444534,0.608603,-0.040555,0.473913,0.511969,-0.055199,0.407018,0.575096,-0.075478,0.426626,0.622986,-0.068927,0.453736,0.616611,-0.060659
1780503267.900,right,pinch,0.557244,0.783391,-0.000001,0.479718,0.736978,-0.009648,0.422681,0.679042,-0.026025,0.383647,0.636426,-0.046838,0.355694,0.585388,-0.063525,0.471608,0.489966,0.001653,0.414233,0.463652,-0.029318,0.384613,0.499036,-0.048304,0.367848,0.537357,-0.058711,0.498966,0.476078,-0.010083,0.427893,0.526004,-0.044041,0.448209,0.605944,-0.050745,0.475545,0.610683,-0.049362,0.520831,0.486900,-0.026966,0.448514,0.559442,-0.056701,0.473297,0.626713,-0.047797,0.500753,0.623300,-0.036911,0.535405,0.517119,-0.046365,0.477000,0.585118,-0.066582,0.491975,0.635557,-0.061598,0.514024,0.632204,-0.053438
1780503268.062,right,pinch,0.574284,0.781702,-0.000001,0.503787,0.737414,-0.010932,0.445535,0.683444,-0.028266,0.406595,0.641661,-0.048967,0.384207,0.588063,-0.065332,0.494622,0.495637,-0.003231,0.437643,0.475302,-0.033161,0.408263,0.513214,-0.052464,0.390945,0.556359,-0.063678,0.521990,0.479656,-0.013298,0.453271,0.528923,-0.043457,0.474739,0.606830,-0.048993,0.500708,0.618293,-0.048398,0.546109,0.487948,-0.028144,0.476801,0.568368,-0.053035,0.501361,0.634706,-0.041504,0.525929,0.634998,-0.030632,0.563846,0.518947,-0.046007,0.507087,0.588427,-0.062574,0.519081,0.639971,-0.055879,0.536330,0.640513,-0.047717
1780503268.252,right,pinch,0.595191,0.788805,-0.000001,0.530260,0.740194,-0.009745,0.478557,0.687839,-0.027690,0.444355,0.644627,-0.049375,0.422903,0.591396,-0.067258,0.527109,0.508433,-0.003060,0.470897,0.488919,-0.032425,0.447529,0.513248,-0.049414,0.440279,0.546834,-0.058230,0.554792,0.496109,-0.013766,0.491468,0.536368,-0.042441,0.510023,0.611566,-0.045583,0.535283,0.620406,-0.042905,0.578160,0.506472,-0.029271,0.513463,0.577470,-0.053643,0.533208,0.641303,-0.041395,0.555962,0.641337,-0.029737,0.593790,0.537522,-0.047473,0.539722,0.598882,-0.063174,0.550882,0.646016,-0.055669,0.569090,0.646120,-0.046720
1780503268.395,right,pinch,0.603978,0.785990,-0.000001,0.546017,0.741410,-0.010272,0.496037,0.686249,-0.025482,0.462852,0.641760,-0.043647,0.444968,0.589875,-0.057800,0.541675,0.517541,-0.004020,0.495584,0.483545,-0.031352,0.469543,0.515404,-0.047788,0.455826,0.556150,-0.056592,0.569042,0.504131,-0.012951,0.510875,0.539968,-0.039217,0.524975,0.611728,-0.042706,0.547474,0.623196,-0.041068,0.592999,0.515283,-0.026394,0.532847,0.581184,-0.047351,0.549078,0.643771,-0.035860,0.569497,0.646343,-0.025670,0.610883,0.545692,-0.042720,0.559076,0.601917,-0.056469,0.565600,0.649101,-0.049524,0.579912,0.651167,-0.041427
1780503268.572,right,pinch,0.618726,0.793448,-0.000001,0.562063,0.743809,-0.009543,0.514538,0.688538,-0.025063,0.484020,0.646204,-0.043895,0.466096,0.595393,-0.059015,0.563943,0.532206,-0.002411,0.520228,0.499297,-0.028405,0.494327,0.524526,-0.042785,0.479001,0.564230,-0.049946,0.589373,0.522111,-0.011773,0.530706,0.545127,-0.038417,0.543515,0.620306,-0.041204,0.564857,0.635832,-0.037935,0.611653,0.531425,-0.025516,0.551305,0.590667,-0.048073,0.569549,0.654760,-0.036666,0.590331,0.658674,-0.025418,0.628190,0.558763,-0.041773,0.578000,0.612012,-0.055369,0.587620,0.660024,-0.047185,0.602945,0.661513,-0.038028
1780503268.768,right,pinch,0.628457,0.797979,-0.000001,0.576046,0.750672,-0.009749,0.530870,0.693688,-0.024194,0.500762,0.649644,-0.041832,0.489180,0.599373,-0.055358,0.581163,0.542966,-0.000693,0.541021,0.503526,-0.026929,0.514853,0.531531,-0.041548,0.498523,0.571325,-0.048721,0.606141,0.534475,-0.009135,0.551053,0.554185,-0.034732,0.561849,0.626256,-0.037016,0.581429,0.635820,-0.033863,0.627892,0.544932,-0.022275,0.570045,0.595756,-0.043103,0.585092,0.658865,-0.031178,0.604143,0.658374,-0.020082,0.643495,0.572495,-0.038062,0.593172,0.617505,-0.049901,0.601021,0.663486,-0.041620,0.616288,0.661923,-0.032786
1780503268.912,right,pinch,0.633918,0.801663,-0.000000,0.581174,0.750737,-0.008118,0.538820,0.695601,-0.022306,0.510650,0.653371,-0.039630,0.500234,0.603674,-0.053229,0.591973,0.552109,-0.002695,0.551774,0.509430,-0.027376,0.524035,0.535179,-0.042620,0.506479,0.573408,-0.050898,0.617233,0.544211,-0.010961,0.564367,0.570040,-0.033625,0.575159,0.635797,-0.036804,0.594902,0.645565,-0.036191,0.638467,0.555384,-0.023215,0.582191,0.607137,-0.039818,0.594902,0.662901,-0.028617,0.612777,0.663101,-0.019970,0.653138,0.583270,-0.038143,0.604643,0.625388,-0.048233,0.610039,0.667227,-0.040573,0.623604,0.668401,-0.032992
1780503269.052,right,pinch,0.642338,0.806220,-0.000000,0.591555,0.758318,-0.008834,0.550938,0.701530,-0.022313,0.525374,0.655570,-0.038691,0.513845,0.606363,-0.051135,0.603517,0.566182,-0.003323,0.567050,0.517968,-0.026192,0.542511,0.542261,-0.037894,0.528050,0.580445,-0.043387,0.627878,0.559828,-0.010516,0.576516,0.582344,-0.032396,0.586483,0.649379,-0.033127,0.605587,0.658665,-0.030176,0.648607,0.571254,-0.021709,0.593200,0.618743,-0.038259,0.606539,0.675444,-0.026471,0.624339,0.675342,-0.017030,0.663134,0.597434,-0.035444,0.615547,0.637592,-0.045713,0.622512,0.677898,-0.038378,0.637277,0.676401,-0.030767
1780503269.221,right,pinch,0.647241,0.814993,-0.000000,0.599689,0.768266,-0.008952,0.559157,0.711008,-0.021690,0.533331,0.664626,-0.037128,0.524224,0.615620,-0.048833,0.610153,0.576411,-0.002803,0.575128,0.531698,-0.027559,0.550399,0.553942,-0.041254,0.536125,0.588089,-0.047617,0.634017,0.571605,-0.009589,0.584231,0.590194,-0.032313,0.592330,0.655888,-0.033949,0.610897,0.665624,-0.031131,0.654786,0.584141,-0.020466,0.602134,0.629752,-0.038048,0.612394,0.686043,-0.026926,0.629239,0.685744,-0.017097,0.670017,0.611520,-0.033820,0.624956,0.647245,-0.044100,0.629380,0.688775,-0.036388,0.643126,0.689707,-0.028028
1780503269.377,right,pinch,0.652630,0.832855,-0.000001,0.607363,0.784035,-0.008270,0.568958,0.726012,-0.020350,0.544472,0.677981,-0.035219,0.543248,0.631184,-0.046704,0.622434,0.594016,0.000766,0.591605,0.553110,-0.022376,0.568491,0.573112,-0.035671,0.553994,0.603743,-0.042102,0.646233,0.592006,-0.006092,0.598023,0.607742,-0.028584,0.603592,0.673566,-0.031036,0.620307,0.687228,-0.028383,0.665902,0.606648,-0.017036,0.613306,0.647301,-0.035687,0.621818,0.703431,-0.026588,0.637638,0.706462,-0.017302,0.679408,0.635724,-0.030090,0.633739,0.669649,-0.040214,0.637477,0.711326,-0.033326,0.651310,0.714563,-0.025542
1780503269.644,right,pinch,0.660420,0.855451,-0.000000,0.619744,0.797030,-0.006717,0.586568,0.735507,-0.019204,0.566144,0.685725,-0.034874,0.570385,0.647630,-0.047411,0.643239,0.616671,-0.000218,0.613899,0.574414,-0.021895,0.591824,0.590271,-0.032621,0.579033,0.622853,-0.037364,0.667193,0.619452,-0.008048,0.619777,0.623820,-0.028732,0.620958,0.687482,-0.029057,0.636689,0.701119,-0.025244,0.687033,0.636750,-0.019676,0.634296,0.663830,-0.037028,0.637916,0.718492,-0.026421,0.652576,0.723403,-0.016585,0.700148,0.667398,-0.033266,0.655250,0.688124,-0.042668,0.656907,0.727921,-0.034991,0.670620,0.731560,-0.027052
1780503269.927,right,pinch,0.667562,0.866468,-0.000000,0.630226,0.805938,-0.006923,0.600661,0.743661,-0.018876,0.584691,0.692937,-0.033786,0.590038,0.655981,-0.045110,0.656540,0.635757,-0.002177,0.630037,0.589268,-0.023552,0.609588,0.602898,-0.032411,0.595997,0.629371,-0.035708,0.679636,0.639394,-0.009445,0.633007,0.642380,-0.029973,0.633204,0.703129,-0.028726,0.647212,0.712542,-0.023872,0.699175,0.657989,-0.020470,0.647383,0.682522,-0.036457,0.650978,0.735295,-0.024590,0.664659,0.737430,-0.014370,0.712495,0.688415,-0.033694,0.668907,0.707148,-0.041904,0.669386,0.743879,-0.034277,0.681424,0.744928,-0.026599
1780503270.110,right,pinch,0.668492,0.834574,-0.000000,0.631648,0.772134,-0.007222,0.604860,0.706766,-0.018394,0.588530,0.657924,-0.032004,0.595440,0.620042,-0.042299,0.664533,0.618569,-0.001692,0.640057,0.566820,-0.020189,0.618530,0.570939,-0.029410,0.602891,0.592062,-0.033867,0.686459,0.621535,-0.007420,0.639036,0.621049,-0.027122,0.639029,0.675759,-0.029070,0.654123,0.689066,-0.027243,0.703585,0.637732,-0.016349,0.651827,0.651202,-0.031448,0.654002,0.699010,-0.022557,0.667986,0.704439,-0.014827,0.714510,0.664114,-0.027221,0.670803,0.672668,-0.036460,0.670363,0.707610,-0.030802,0.682457,0.712686,-0.024557
1780503270.307,right,pinch,0.681226,0.809071,-0.000000,0.649195,0.746856,-0.005256,0.626463,0.678546,-0.014830,0.612718,0.630204,-0.026991,0.622152,0.593353,-0.036312,0.685763,0.597825,0.000344,0.666859,0.546125,-0.019089,0.645669,0.548548,-0.029704,0.629534,0.562220,-0.035292,0.707514,0.604044,-0.006463,0.665593,0.591333,-0.027129,0.663228,0.647729,-0.029923,0.676812,0.663722,-0.028217,0.724529,0.622495,-0.016378,0.677241,0.622517,-0.033167,0.676398,0.674034,-0.024413,0.689249,0.681848,-0.016027,0.735748,0.651038,-0.027789,0.694136,0.649221,-0.037516,0.691423,0.685691,-0.031266,0.702947,0.691234,-0.024463
1780503270.576,right,pinch,0.690026,0.791488,-0.000000,0.661680,0.731101,-0.006792,0.642102,0.661840,-0.016998,0.629891,0.610509,-0.029685,0.636303,0.566757,-0.039379,0.702467,0.587553,0.001288,0.685190,0.537713,-0.018159,0.666098,0.532906,-0.027391,0.649900,0.543458,-0.031545,0.722958,0.594374,-0.004973,0.682495,0.571349,-0.025554,0.676654,0.629682,-0.026649,0.688898,0.647933,-0.023233,0.740002,0.612462,-0.014821,0.693990,0.605423,-0.032422,0.690966,0.659522,-0.022483,0.703677,0.668614,-0.012963,0.751749,0.640521,-0.026283,0.710650,0.631395,-0.036513,0.706772,0.669115,-0.029805,0.718705,0.676195,-0.022647
1780503270.844,right,pinch,0.693250,0.772142,-0.000000,0.667125,0.711648,-0.006690,0.648305,0.643676,-0.016044,0.637040,0.592518,-0.027546,0.645084,0.551041,-0.036134,0.708613,0.577265,0.001044,0.695917,0.524578,-0.016575,0.675059,0.517797,-0.025211,0.656697,0.527600,-0.029338,0.729062,0.586190,-0.004282,0.690479,0.559270,-0.023741,0.682584,0.613705,-0.025509,0.693692,0.633433,-0.022941,0.745048,0.604726,-0.012877,0.699598,0.591737,-0.029551,0.695629,0.642287,-0.021148,0.708157,0.653981,-0.012713,0.755748,0.632493,-0.022956,0.714664,0.616995,-0.032850,0.708887,0.652760,-0.027057,0.719494,0.663340,-0.020515
1780503270.994,right,pinch,0.695314,0.766659,-0.000000,0.669343,0.707073,-0.008284,0.651280,0.637687,-0.018930,0.640256,0.584806,-0.031429,0.650369,0.544988,-0.040771,0.713625,0.571478,-0.000445,0.700874,0.522453,-0.019637,0.679830,0.515236,-0.029547,0.659889,0.523064,-0.034578,0.733496,0.580565,-0.005395,0.693960,0.557663,-0.026121,0.686320,0.613634,-0.028285,0.697610,0.632203,-0.025914,0.748750,0.598866,-0.013860,0.702674,0.589611,-0.031299,0.698741,0.640828,-0.022422,0.710761,0.651697,-0.013714,0.758694,0.626209,-0.024113,0.717093,0.614091,-0.035254,0.712124,0.651354,-0.029826,0.722938,0.661766,-0.023361
1780503271.143,right,pinch,0.697638,0.762437,-0.000000,0.671941,0.703202,-0.007288,0.654916,0.634726,-0.017262,0.644668,0.582542,-0.029301,0.653791,0.541309,-0.038354,0.718029,0.568088,0.000868,0.704793,0.521026,-0.017714,0.683737,0.513344,-0.027231,0.663894,0.519087,-0.032147,0.737899,0.577766,-0.004785,0.698301,0.552583,-0.024768,0.689382,0.609335,-0.026607,0.700552,0.628502,-0.024153,0.752677,0.596963,-0.013934,0.706171,0.584664,-0.031654,0.700872,0.637920,-0.022970,0.712883,0.650441,-0.014363,0.761553,0.625247,-0.024732,0.719617,0.610741,-0.036445,0.713352,0.648596,-0.031418,0.723948,0.660250,-0.025271
1780503271.324,right,pinch,0.698024,0.760735,-0.000000,0.673791,0.705031,-0.007190,0.656712,0.635862,-0.016828,0.646720,0.583196,-0.028534,0.656478,0.543257,-0.037305,0.721120,0.567899,0.000936,0.706954,0.520528,-0.018183,0.685262,0.513186,-0.028833,0.665443,0.518688,-0.034491,0.740311,0.578582,-0.004604,0.699188,0.554635,-0.025391,0.690565,0.610262,-0.028401,0.701090,0.631803,-0.026631,0.754394,0.598340,-0.013560,0.706801,0.585393,-0.031778,0.701895,0.637252,-0.024092,0.713390,0.651542,-0.015845,0.762877,0.627373,-0.024143,0.721548,0.611116,-0.036191,0.715311,0.647593,-0.031723,0.725076,0.660524,-0.025720
1780503271.505,right,pinch,0.699185,0.762329,-0.000000,0.674470,0.705525,-0.007113,0.657846,0.635564,-0.016388,0.647246,0.584209,-0.027576,0.653984,0.544434,-0.035727,0.721838,0.566933,0.000522,0.706062,0.520467,-0.018127,0.684687,0.513874,-0.028215,0.664588,0.518112,-0.033621,0.741293,0.577268,-0.005287,0.700355,0.551446,-0.025689,0.692916,0.608393,-0.028406,0.704205,0.629800,-0.026497,0.755507,0.597219,-0.014439,0.708252,0.582467,-0.032407,0.703986,0.636188,-0.024423,0.715955,0.650372,-0.016183,0.763692,0.626912,-0.025252,0.722414,0.611710,-0.037560,0.716788,0.649384,-0.033084,0.726987,0.661696,-0.027130
1780503271.862,right,pinch,0.698609,0.761391,-0.000000,0.674910,0.703443,-0.007456,0.658654,0.634306,-0.017656,0.648258,0.581441,-0.029921,0.656664,0.540778,-0.039077,0.723860,0.566479,0.000731,0.707385,0.520033,-0.018456,0.685532,0.512971,-0.028409,0.665601,0.517024,-0.033488,0.743018,0.577838,-0.005146,0.700499,0.549640,-0.025551,0.691574,0.606839,-0.027362,0.702977,0.627074,-0.024661,0.756814,0.598560,-0.014577,0.708005,0.582826,-0.032759,0.702683,0.636066,-0.024150,0.714932,0.649379,-0.015292,0.764369,0.628541,-0.025717,0.722512,0.611544,-0.037669,0.716125,0.648234,-0.032830,0.726604,0.660560,-0.026614
1780503272.177,right,pinch,0.698936,0.756571,-0.000000,0.676163,0.681830,-0.004591,0.666301,0.613043,-0.014372,0.658428,0.563844,-0.026452,0.666749,0.525907,-0.035928,0.743408,0.571891,0.000367,0.724027,0.518419,-0.017502,0.699510,0.504308,-0.028943,0.677211,0.502590,-0.036100,0.760795,0.586165,-0.006923,0.712816,0.546468,-0.024866,0.700302,0.597191,-0.027274,0.709799,0.619157,-0.026770,0.768987,0.610847,-0.017061,0.714864,0.582997,-0.031155,0.706620,0.629844,-0.021980,0.718543,0.644536,-0.014739,0.766900,0.642008,-0.028802,0.721881,0.617762,-0.038945,0.714515,0.648018,-0.033897,0.725426,0.660846,-0.028621
1780503272.350,right,pinch,0.734231,0.766927,-0.000000,0.727673,0.663027,0.001190,0.738384,0.587365,-0.000542,0.741261,0.538109,-0.005056,0.741332,0.499406,-0.009340,0.789437,0.591440,0.006360,0.783975,0.542437,-0.000923,0.780388,0.548753,-0.008301,0.780787,0.562787,-0.013658,0.792552,0.615630,0.000420,0.778134,0.558789,-0.005127,0.773538,0.571561,-0.010387,0.775501,0.592903,-0.015124,0.788525,0.641590,-0.006454,0.765652,0.582741,-0.012788,0.760313,0.603247,-0.012169,0.762624,0.629476,-0.012391,0.776525,0.664154,-0.013568,0.750818,0.610261,-0.020135,0.747125,0.628997,-0.018408,0.752147,0.655667,-0.016459
1780503272.562,right,pinch,0.769144,0.765913,-0.000000,0.799703,0.710528,-0.006735,0.819035,0.636255,-0.024396,0.807701,0.558055,-0.039448,0.790546,0.508597,-0.054770,0.854593,0.662975,-0.054583,0.836481,0.552318,-0.070501,0.810377,0.509983,-0.071795,0.788608,0.491912,-0.072004,0.826612,0.680491,-0.060485,0.800860,0.560978,-0.075909,0.791011,0.582531,-0.069189,0.794925,0.617159,-0.066083,0.795409,0.684600,-0.064236,0.772412,0.568580,-0.076138,0.769146,0.597759,-0.061069,0.775932,0.635468,-0.052621,0.763077,0.682455,-0.067879,0.752085,0.590228,-0.078062,0.750712,0.615334,-0.068469,0.755470,0.646690,-0.061864
1780503272.782,right,pinch,0.770835,0.769552,-0.000000,0.809432,0.718088,-0.006561,0.829947,0.638006,-0.028446,0.816294,0.553889,-0.047634,0.795457,0.499082,-0.067891,0.852671,0.687988,-0.064145,0.837577,0.569922,-0.078998,0.816829,0.518467,-0.079466,0.796610,0.489411,-0.080043,0.818470,0.699812,-0.071338,0.801566,0.571984,-0.083938,0.795785,0.594690,-0.074758,0.798916,0.628629,-0.072239,0.784629,0.697989,-0.075531,0.774598,0.571621,-0.084411,0.773093,0.603812,-0.067811,0.776703,0.643192,-0.060488,0.752573,0.689439,-0.079531,0.751759,0.592847,-0.087736,0.754019,0.617002,-0.077401,0.756975,0.648544,-0.071948
1780503273.061,right,pinch,0.770402,0.768506,-0.000000,0.806850,0.716074,-0.008623,0.828596,0.639245,-0.031125,0.817653,0.559883,-0.051040,0.796753,0.508622,-0.071952,0.850222,0.688850,-0.063595,0.836044,0.569539,-0.079982,0.815249,0.515948,-0.080715,0.795808,0.489075,-0.080753,0.816276,0.703680,-0.069819,0.801685,0.574797,-0.083407,0.793863,0.594438,-0.073585,0.797271,0.627982,-0.069797,0.782667,0.704187,-0.073658,0.774493,0.573638,-0.084938,0.771137,0.602758,-0.068262,0.774217,0.643931,-0.059677,0.750304,0.696530,-0.077461,0.751089,0.595844,-0.087635,0.752038,0.618181,-0.077678,0.753661,0.652499,-0.071704
1780503273.264,right,pinch,0.770502,0.768971,-0.000000,0.806359,0.718958,-0.008928,0.828745,0.644609,-0.031825,0.818956,0.565512,-0.052260,0.799414,0.513830,-0.073657,0.851169,0.690000,-0.063246,0.836806,0.569295,-0.079745,0.815861,0.515490,-0.080684,0.795970,0.488945,-0.080994,0.817112,0.703983,-0.069730,0.802983,0.574329,-0.083598,0.795151,0.597253,-0.073989,0.798425,0.632786,-0.070320,0.783153,0.704120,-0.073928,0.775600,0.573227,-0.085576,0.771807,0.604879,-0.068809,0.774631,0.646291,-0.060214,0.750584,0.696248,-0.078149,0.751510,0.595175,-0.088925,0.751943,0.619609,-0.079002,0.753239,0.654239,-0.072991
1780503273.752,right,pinch,0.768843,0.765251,-0.000000,0.805500,0.717665,-0.009748,0.827448,0.645535,-0.032758,0.818979,0.568077,-0.053175,0.800058,0.516770,-0.074581,0.848003,0.688366,-0.063698,0.834312,0.571167,-0.080358,0.814601,0.517985,-0.081411,0.794783,0.489650,-0.081592,0.813243,0.703543,-0.069740,0.799798,0.575390,-0.083607,0.794915,0.595701,-0.074041,0.799530,0.628247,-0.070283,0.779251,0.704241,-0.073584,0.773113,0.574459,-0.085467,0.771965,0.605089,-0.068374,0.775333,0.645847,-0.059130,0.747119,0.696856,-0.077589,0.749452,0.594888,-0.088677,0.752304,0.617945,-0.078499,0.754689,0.651633,-0.071980
1780503273.996,right,pinch,0.763948,0.758076,-0.000000,0.801558,0.706803,-0.009339,0.820639,0.628102,-0.031029,0.807085,0.549897,-0.049910,0.786093,0.500027,-0.070051,0.839691,0.676604,-0.063103,0.826468,0.562018,-0.076768,0.808019,0.512315,-0.075110,0.789892,0.487788,-0.074031,0.805214,0.691703,-0.068735,0.792130,0.568723,-0.081236,0.786405,0.591531,-0.071583,0.789511,0.624469,-0.068096,0.771424,0.692641,-0.071811,0.764650,0.567636,-0.082045,0.763217,0.599114,-0.066515,0.765657,0.637865,-0.059092,0.739191,0.685209,-0.074800,0.740454,0.587079,-0.084798,0.742887,0.611476,-0.075683,0.744708,0.644613,-0.070547
1780503274.186,right,pinch,0.758524,0.748609,-0.000000,0.795482,0.699831,-0.008582,0.813727,0.621874,-0.029749,0.798558,0.541603,-0.047792,0.777623,0.488772,-0.066971,0.830057,0.663645,-0.063054,0.817612,0.550806,-0.076400,0.798806,0.502537,-0.075420,0.780863,0.478556,-0.074735,0.794847,0.677814,-0.068318,0.784456,0.558179,-0.079874,0.780505,0.577257,-0.070677,0.783525,0.608650,-0.067508,0.761439,0.679110,-0.070763,0.757423,0.558317,-0.079833,0.758037,0.588180,-0.064235,0.760954,0.626839,-0.056745,0.730442,0.673505,-0.073010,0.734448,0.579190,-0.081681,0.738053,0.602102,-0.071907,0.739889,0.633860,-0.066366
1780503274.327,right,pinch,0.758328,0.742789,-0.000000,0.793997,0.692431,-0.007020,0.814390,0.613510,-0.027198,0.802248,0.535360,-0.044192,0.778469,0.486103,-0.062450,0.830636,0.662445,-0.063345,0.815801,0.546881,-0.077228,0.797117,0.500234,-0.077065,0.779930,0.475781,-0.076870,0.796029,0.675695,-0.069085,0.783181,0.553165,-0.080706,0.779064,0.573542,-0.071035,0.782294,0.607042,-0.067578,0.762568,0.676107,-0.071781,0.756445,0.555389,-0.080347,0.756181,0.584177,-0.063887,0.759215,0.623016,-0.055853,0.731270,0.669480,-0.074209,0.734634,0.577039,-0.081709,0.737289,0.598522,-0.071156,0.738375,0.630012,-0.065294
1780503274.529,right,pinch,0.759868,0.740168,-0.000000,0.795318,0.690696,-0.007232,0.815258,0.614778,-0.027916,0.803249,0.538004,-0.045784,0.780558,0.490322,-0.064999,0.831651,0.659045,-0.061994,0.816654,0.544776,-0.075511,0.798679,0.496735,-0.074789,0.782102,0.473642,-0.074084,0.797606,0.673018,-0.067804,0.783607,0.552245,-0.078962,0.778334,0.570651,-0.068747,0.781676,0.602837,-0.064831,0.764406,0.674119,-0.070809,0.757933,0.553828,-0.079734,0.756721,0.581362,-0.063580,0.759215,0.620855,-0.055547,0.733096,0.667615,-0.073582,0.735976,0.575567,-0.081996,0.738182,0.596659,-0.072162,0.738990,0.628819,-0.066520
1780503274.639,right,pinch,0.759264,0.740755,-0.000000,0.795106,0.691189,-0.007229,0.815124,0.615261,-0.028978,0.803814,0.538204,-0.047729,0.782529,0.487211,-0.067731,0.832396,0.658078,-0.065981,0.817440,0.543975,-0.079123,0.799195,0.496743,-0.076767,0.781423,0.473507,-0.074944,0.798081,0.671341,-0.071861,0.784490,0.551285,-0.082425,0.779776,0.573711,-0.070265,0.783485,0.606931,-0.065276,0.764804,0.671904,-0.074677,0.758381,0.551792,-0.082684,0.757428,0.582213,-0.064791,0.760271,0.621535,-0.056244,0.733595,0.665988,-0.077262,0.736882,0.574532,-0.085051,0.738976,0.597712,-0.074327,0.739767,0.629721,-0.068428
1780503274.806,right,pinch,0.759541,0.741606,-0.000000,0.794784,0.691850,-0.006914,0.815209,0.614934,-0.027372,0.804222,0.537442,-0.045191,0.782515,0.488578,-0.064239,0.832382,0.658144,-0.061178,0.817799,0.543776,-0.075181,0.798662,0.496790,-0.074985,0.780250,0.474497,-0.074507,0.798013,0.671677,-0.067179,0.784185,0.551835,-0.078293,0.779971,0.572545,-0.068153,0.783831,0.605611,-0.064356,0.764517,0.672736,-0.070451,0.758308,0.553156,-0.079205,0.757741,0.581522,-0.062714,0.760410,0.620612,-0.054514,0.733043,0.666933,-0.073544,0.737081,0.573827,-0.081516,0.739690,0.594920,-0.071146,0.740318,0.626819,-0.065153
1780503274.978,right,pinch,0.758591,0.742070,-0.000000,0.793692,0.692634,-0.006219,0.813072,0.615999,-0.026783,0.802110,0.538377,-0.044716,0.782181,0.486611,-0.063787,0.832045,0.658214,-0.061846,0.817358,0.544388,-0.075238,0.798398,0.498366,-0.074149,0.780226,0.475943,-0.073113,0.797555,0.671818,-0.068078,0.783884,0.551285,-0.078700,0.780146,0.572047,-0.067804,0.784196,0.604092,-0.063601,0.763840,0.672785,-0.071396,0.757805,0.552669,-0.079420,0.757661,0.581872,-0.062156,0.760530,0.620507,-0.053711,0.732320,0.667122,-0.074459,0.736436,0.573241,-0.081919,0.739273,0.594426,-0.071091,0.740101,0.625702,-0.064900
1780503275.162,right,pinch,0.758083,0.739319,-0.000000,0.793370,0.690014,-0.006302,0.813307,0.613203,-0.026027,0.801068,0.534979,-0.043086,0.780422,0.484595,-0.061300,0.830871,0.657194,-0.060023,0.816970,0.543199,-0.073824,0.797910,0.496999,-0.073803,0.779845,0.474708,-0.073438,0.796569,0.670560,-0.065882,0.783456,0.551581,-0.076801,0.779441,0.570829,-0.067188,0.783029,0.602643,-0.063796,0.763333,0.671247,-0.068937,0.757615,0.552160,-0.077541,0.757132,0.580411,-0.061518,0.759957,0.618945,-0.053608,0.732074,0.665172,-0.071692,0.736180,0.571860,-0.079536,0.739073,0.592792,-0.069347,0.740215,0.624146,-0.063457
1780503275.366,right,pinch,0.758769,0.741000,-0.000000,0.793779,0.689778,-0.006370,0.813064,0.611901,-0.027008,0.800941,0.532664,-0.044828,0.780329,0.480928,-0.063784,0.830586,0.657157,-0.062777,0.816014,0.543735,-0.075689,0.797781,0.497244,-0.073917,0.779760,0.474049,-0.072530,0.796045,0.670729,-0.068893,0.782776,0.550650,-0.079139,0.778676,0.571585,-0.067932,0.782223,0.603776,-0.063733,0.762893,0.671716,-0.071995,0.757194,0.552371,-0.079759,0.756651,0.581211,-0.062468,0.759224,0.619395,-0.054273,0.731864,0.665887,-0.074822,0.736097,0.572826,-0.082230,0.738728,0.594649,-0.071581,0.739413,0.625996,-0.065755
1780503275.510,right,pinch,0.758848,0.740547,-0.000000,0.794250,0.690575,-0.006437,0.815960,0.610198,-0.025945,0.805129,0.531661,-0.042359,0.782095,0.482366,-0.060051,0.831138,0.659214,-0.061905,0.815779,0.544249,-0.075098,0.797633,0.497577,-0.074354,0.780837,0.473331,-0.073731,0.796404,0.672226,-0.067672,0.783032,0.551187,-0.078384,0.779165,0.572040,-0.068204,0.782932,0.605379,-0.064478,0.763086,0.672618,-0.070410,0.757023,0.553557,-0.078780,0.756583,0.582230,-0.062633,0.759729,0.620691,-0.054776,0.731875,0.665965,-0.072769,0.735825,0.574705,-0.080280,0.738030,0.596905,-0.070068,0.738770,0.628446,-0.064428
1780503275.624,right,pinch,0.759578,0.741770,-0.000000,0.794926,0.690165,-0.008214,0.814853,0.612590,-0.029734,0.802852,0.534289,-0.048143,0.780726,0.484691,-0.067762,0.832454,0.658691,-0.064487,0.816437,0.543653,-0.077754,0.797770,0.496260,-0.076231,0.780122,0.473768,-0.074985,0.798164,0.673276,-0.069790,0.783652,0.553243,-0.080446,0.779227,0.573706,-0.069439,0.783259,0.606475,-0.065268,0.764696,0.674654,-0.072219,0.757612,0.554089,-0.080624,0.757012,0.582882,-0.063869,0.759832,0.622725,-0.055865,0.732939,0.668505,-0.074502,0.736031,0.575783,-0.082827,0.738392,0.597609,-0.072817,0.738859,0.630453,-0.067261
1780503275.783,right,pinch,0.759355,0.741323,-0.000000,0.794650,0.689719,-0.006002,0.816958,0.610313,-0.024047,0.805699,0.533285,-0.039882,0.782013,0.488953,-0.057145,0.832620,0.657923,-0.053799,0.816444,0.543347,-0.067430,0.797448,0.496354,-0.069180,0.780588,0.473722,-0.070293,0.798512,0.671765,-0.059779,0.783765,0.553199,-0.070539,0.779954,0.573093,-0.062880,0.783953,0.606099,-0.060762,0.764698,0.673914,-0.063295,0.757210,0.553527,-0.072655,0.756612,0.582095,-0.058721,0.759983,0.621655,-0.051728,0.732490,0.669032,-0.066485,0.735479,0.575698,-0.074713,0.737942,0.597860,-0.065472,0.739004,0.630927,-0.060095
1780503275.926,right,pinch,0.760474,0.741397,-0.000000,0.795415,0.687901,-0.005904,0.815664,0.610351,-0.025062,0.804406,0.534198,-0.042006,0.781671,0.488943,-0.060380,0.832386,0.656976,-0.056733,0.816285,0.542572,-0.069798,0.797719,0.495972,-0.069823,0.780841,0.474482,-0.069679,0.798723,0.672151,-0.062931,0.784043,0.553595,-0.073293,0.779709,0.571917,-0.064240,0.783463,0.603740,-0.061255,0.765247,0.674866,-0.066438,0.757443,0.554087,-0.075047,0.756754,0.581942,-0.060100,0.759900,0.621967,-0.052809,0.733315,0.670166,-0.069630,0.735337,0.576255,-0.077816,0.737964,0.597531,-0.068429,0.739162,0.630694,-0.063050
1780503276.081,right,pinch,0.760212,0.743394,-0.000000,0.794791,0.691268,-0.006297,0.815186,0.611616,-0.025380,0.803541,0.534123,-0.042130,0.781211,0.487621,-0.060227,0.832242,0.656571,-0.056939,0.816381,0.542931,-0.070544,0.796802,0.495921,-0.070953,0.778854,0.474373,-0.070948,0.798376,0.670778,-0.062939,0.783941,0.552927,-0.073375,0.779128,0.572086,-0.064097,0.783010,0.603988,-0.060860,0.765013,0.673259,-0.066379,0.757465,0.553811,-0.075106,0.756406,0.582185,-0.059819,0.759496,0.621672,-0.052213,0.733294,0.669018,-0.069562,0.735643,0.575626,-0.077687,0.737756,0.597197,-0.068002,0.738649,0.629830,-0.062358
1780503276.355,right,pinch,0.760339,0.741549,-0.000000,0.795626,0.688785,-0.004948,0.815784,0.609453,-0.022870,0.802878,0.531715,-0.038522,0.779973,0.484206,-0.055654,0.831982,0.658770,-0.055023,0.816367,0.543788,-0.068789,0.797267,0.497111,-0.070586,0.780272,0.474250,-0.071660,0.797615,0.672816,-0.061323,0.783894,0.552521,-0.072103,0.780338,0.569325,-0.064563,0.784169,0.600618,-0.062607,0.764205,0.674888,-0.064860,0.757417,0.554275,-0.073340,0.757693,0.581290,-0.059174,0.761129,0.620383,-0.052327,0.732522,0.669638,-0.067952,0.735184,0.576070,-0.075531,0.738510,0.596729,-0.066079,0.740094,0.629348,-0.060675
1780503276.590,right,pinch,0.760227,0.741085,-0.000000,0.795410,0.690940,-0.005885,0.815258,0.612919,-0.024701,0.801960,0.535752,-0.040995,0.780422,0.487225,-0.058643,0.832429,0.658147,-0.057856,0.817094,0.543531,-0.071034,0.797754,0.496800,-0.071095,0.780133,0.475301,-0.070864,0.798630,0.672164,-0.063572,0.783830,0.552605,-0.074118,0.779305,0.571106,-0.065250,0.783088,0.603591,-0.062312,0.765365,0.673837,-0.066473,0.757839,0.553443,-0.074986,0.757085,0.581825,-0.060292,0.760291,0.621656,-0.053165,0.733595,0.668460,-0.068957,0.735983,0.575267,-0.077196,0.738621,0.597161,-0.067984,0.739853,0.630599,-0.062626
1780503276.849,right,pinch,0.759842,0.741659,-0.000000,0.795214,0.690288,-0.007068,0.814922,0.613545,-0.027826,0.802743,0.537469,-0.045843,0.780642,0.490429,-0.065133,0.832961,0.657876,-0.062206,0.817254,0.543143,-0.075263,0.798047,0.495805,-0.073640,0.780212,0.474425,-0.072197,0.799340,0.672245,-0.067826,0.784538,0.552933,-0.078345,0.778755,0.571832,-0.067568,0.782248,0.604054,-0.063286,0.766138,0.673278,-0.070560,0.758132,0.552699,-0.078727,0.756636,0.581239,-0.062496,0.759493,0.621602,-0.054646,0.734559,0.667152,-0.073059,0.736288,0.574619,-0.081181,0.738390,0.596270,-0.071463,0.739457,0.629398,-0.065922
1780503277.085,right,pinch,0.759476,0.743703,-0.000000,0.794990,0.692300,-0.006283,0.814990,0.615961,-0.026670,0.803292,0.540533,-0.044773,0.781114,0.493910,-0.064239,0.832629,0.657943,-0.059913,0.816707,0.543764,-0.073047,0.797927,0.495885,-0.072024,0.780458,0.473758,-0.071063,0.799143,0.672587,-0.066196,0.784320,0.553562,-0.076466,0.779454,0.573210,-0.065973,0.783754,0.605339,-0.061948,0.765736,0.674678,-0.069694,0.757727,0.553329,-0.078010,0.756563,0.582309,-0.061883,0.759789,0.622627,-0.054024,0.734015,0.669850,-0.072932,0.735703,0.576207,-0.080986,0.737765,0.598099,-0.070967,0.738556,0.631386,-0.065177
1780503277.388,right,pinch,0.759572,0.743758,-0.000000,0.794425,0.691054,-0.004789,0.814554,0.614689,-0.023713,0.803389,0.536770,-0.040438,0.782470,0.487049,-0.058453,0.832416,0.658125,-0.057236,0.816381,0.544909,-0.069338,0.797143,0.498229,-0.067870,0.779393,0.477106,-0.066639,0.798422,0.672400,-0.063532,0.783613,0.553886,-0.072601,0.778772,0.571706,-0.062072,0.782709,0.602837,-0.058328,0.765077,0.674685,-0.066918,0.757781,0.554803,-0.074113,0.756468,0.581835,-0.058010,0.759372,0.621044,-0.050399,0.733296,0.670173,-0.069894,0.735412,0.576154,-0.077057,0.737631,0.596446,-0.067042,0.738581,0.628828,-0.061408
1780503277.575,right,pinch,0.759171,0.740669,-0.000000,0.794164,0.688658,-0.005528,0.813175,0.613467,-0.025332,0.801571,0.537193,-0.042593,0.780761,0.488604,-0.061123,0.831674,0.657300,-0.060578,0.815611,0.545139,-0.072695,0.796718,0.498326,-0.070402,0.778936,0.477278,-0.068482,0.797577,0.672376,-0.066572,0.782898,0.553038,-0.075855,0.778128,0.569389,-0.064459,0.781833,0.599814,-0.059969,0.764293,0.674777,-0.069513,0.757190,0.554576,-0.076708,0.756520,0.580830,-0.059901,0.759307,0.620054,-0.051760,0.732672,0.670194,-0.072083,0.734806,0.575397,-0.079470,0.738104,0.594717,-0.069287,0.739649,0.626987,-0.063454
1780503277.708,right,pinch,0.758058,0.737499,-0.000000,0.791301,0.681119,-0.006112,0.812746,0.601738,-0.022906,0.800224,0.526878,-0.037520,0.777625,0.485632,-0.053078,0.833906,0.646388,-0.049639,0.815417,0.537526,-0.062704,0.794015,0.493482,-0.063608,0.776759,0.473976,-0.064155,0.802930,0.663601,-0.055410,0.782867,0.549617,-0.067401,0.776575,0.569278,-0.060808,0.780543,0.601625,-0.058716,0.770409,0.668930,-0.059025,0.756075,0.551185,-0.069942,0.754335,0.579643,-0.057687,0.759361,0.618042,-0.051044,0.738239,0.667032,-0.062233,0.734807,0.573990,-0.071973,0.736111,0.595355,-0.064387,0.739033,0.627292,-0.059499
1780503277.979,right,pinch,0.743656,0.732830,-0.000000,0.733685,0.641207,-0.008387,0.741749,0.569055,-0.020970,0.739591,0.521780,-0.033025,0.731087,0.477961,-0.043778,0.822192,0.573085,-0.022873,0.791419,0.495634,-0.040818,0.762199,0.475640,-0.052012,0.742789,0.467042,-0.059300,0.815873,0.597832,-0.028010,0.763732,0.521463,-0.043099,0.749955,0.558617,-0.044226,0.757071,0.586033,-0.046363,0.798072,0.618563,-0.034238,0.743983,0.543967,-0.045172,0.735634,0.583032,-0.036765,0.745816,0.608295,-0.033018,0.773171,0.634718,-0.041858,0.733289,0.569657,-0.051539,0.726942,0.596628,-0.046927,0.734771,0.619753,-0.043354
1780503278.086,right,pinch,0.722308,0.738234,-0.000000,0.699464,0.642231,-0.005582,0.697494,0.568398,-0.015888,0.693211,0.522150,-0.027574,0.690204,0.478965,-0.037308,0.786079,0.551719,-0.009396,0.751978,0.482693,-0.025150,0.718697,0.467719,-0.037003,0.693212,0.462048,-0.044924,0.788349,0.568107,-0.016000,0.733579,0.512972,-0.029672,0.722371,0.553959,-0.032456,0.731023,0.582539,-0.035119,0.778192,0.586666,-0.024449,0.721824,0.537370,-0.032910,0.716798,0.579842,-0.025083,0.730160,0.602662,-0.021739,0.760051,0.606274,-0.034831,0.716481,0.567887,-0.041280,0.712371,0.598013,-0.036531,0.722673,0.617031,-0.032981
1780503278.207,right,pinch,0.706028,0.735208,-0.000000,0.680367,0.645859,-0.003791,0.670853,0.572898,-0.011973,0.663593,0.527451,-0.022400,0.661713,0.483828,-0.030680,0.749308,0.540248,0.000186,0.718894,0.482569,-0.015387,0.690782,0.472382,-0.028140,0.667098,0.473339,-0.036446,0.758581,0.552927,-0.006965,0.705840,0.513685,-0.022536,0.695413,0.557273,-0.027943,0.703599,0.583844,-0.030708,0.757910,0.571390,-0.016387,0.700465,0.539061,-0.027207,0.696213,0.583631,-0.022225,0.709096,0.604327,-0.019177,0.748224,0.594335,-0.027528,0.701926,0.570367,-0.035520,0.697252,0.602536,-0.032107,0.707382,0.619961,-0.028554
1780503278.358,right,pinch,0.681297,0.737349,-0.000000,0.652992,0.656073,-0.003315,0.639111,0.589699,-0.010580,0.629226,0.547241,-0.020409,0.625731,0.504652,-0.027999,0.710574,0.542945,0.004320,0.683803,0.494182,-0.009721,0.657616,0.484693,-0.021326,0.635090,0.487018,-0.029167,0.722327,0.549981,-0.002692,0.671258,0.522687,-0.017933,0.662877,0.569916,-0.023173,0.673030,0.593944,-0.025383,0.726018,0.564984,-0.012087,0.670275,0.546982,-0.022749,0.668352,0.592650,-0.017525,0.681528,0.609340,-0.013980,0.721073,0.587233,-0.023205,0.676137,0.576632,-0.030624,0.673860,0.610096,-0.026763,0.685077,0.624048,-0.022832
1780503278.516,right,pinch,0.672135,0.730251,-0.000000,0.645646,0.654754,-0.001171,0.630660,0.593409,-0.008638,0.618998,0.554393,-0.019271,0.614233,0.514331,-0.027803,0.696717,0.543392,0.005019,0.673283,0.497480,-0.010711,0.649282,0.492598,-0.022762,0.628236,0.499246,-0.030238,0.709915,0.550794,-0.003321,0.662593,0.527501,-0.019845,0.656458,0.577398,-0.024612,0.666981,0.600733,-0.025790,0.716054,0.567040,-0.014065,0.663291,0.550496,-0.026416,0.662602,0.596421,-0.020850,0.675546,0.612072,-0.016113,0.713934,0.590242,-0.026113,0.669539,0.576389,-0.034029,0.668043,0.607470,-0.029596,0.679384,0.620409,-0.024914
1780503278.632,right,pinch,0.665788,0.731452,-0.000000,0.638425,0.659804,-0.002873,0.621709,0.599016,-0.011549,0.609517,0.561202,-0.022865,0.606524,0.521261,-0.031971,0.690077,0.545579,0.001090,0.661747,0.500418,-0.016162,0.637429,0.497845,-0.028603,0.616769,0.505790,-0.036121,0.702666,0.553136,-0.006437,0.652431,0.530348,-0.024887,0.647396,0.582521,-0.029897,0.658275,0.606961,-0.030797,0.708635,0.568311,-0.016303,0.652983,0.552586,-0.029929,0.653071,0.602349,-0.023942,0.666390,0.619696,-0.018511,0.706828,0.591957,-0.027583,0.660879,0.579211,-0.036828,0.659943,0.613187,-0.032566,0.671651,0.627643,-0.027562
1780503278.770,right,pinch,0.666699,0.730681,-0.000000,0.638514,0.663808,-0.002494,0.621309,0.602566,-0.010218,0.607454,0.564466,-0.020589,0.601207,0.522350,-0.028546,0.688089,0.545335,0.002459,0.659155,0.501032,-0.013577,0.634971,0.499589,-0.025413,0.614873,0.507062,-0.032846,0.700737,0.552448,-0.005213,0.651809,0.531016,-0.021625,0.649046,0.578989,-0.026052,0.661507,0.599896,-0.027439,0.706137,0.568757,-0.015324,0.651378,0.555261,-0.027577,0.652851,0.602101,-0.021636,0.667936,0.616510,-0.016969,0.703663,0.592431,-0.026941,0.658278,0.581595,-0.035969,0.657920,0.614108,-0.032446,0.670495,0.626925,-0.028413
1780503278.899,right,pinch,0.665632,0.728037,-0.000000,0.637467,0.662615,-0.003617,0.620764,0.602177,-0.012375,0.607926,0.563900,-0.023551,0.603280,0.522503,-0.032107,0.688021,0.543074,0.000656,0.659671,0.501305,-0.016068,0.635681,0.499924,-0.027659,0.615023,0.506350,-0.034806,0.701316,0.550849,-0.006676,0.651543,0.530371,-0.023889,0.647897,0.579837,-0.027387,0.660495,0.599314,-0.027914,0.707093,0.567709,-0.016569,0.652123,0.553666,-0.029952,0.652288,0.601624,-0.022788,0.667171,0.615351,-0.017028,0.704984,0.592182,-0.028024,0.659964,0.581162,-0.037972,0.658590,0.614337,-0.033964,0.671074,0.626816,-0.029371
1780503279.125,right,pinch,0.665374,0.723381,-0.000000,0.639486,0.661486,-0.004761,0.622402,0.603546,-0.013436,0.609465,0.564291,-0.024159,0.607763,0.524703,-0.032169,0.685619,0.545267,-0.000250,0.660447,0.500840,-0.016554,0.637993,0.499725,-0.026695,0.618786,0.505547,-0.032735,0.700352,0.550465,-0.006222,0.653017,0.529540,-0.023936,0.648181,0.583266,-0.027110,0.660415,0.603236,-0.026821,0.709248,0.564116,-0.014699,0.657589,0.552984,-0.028910,0.656541,0.603774,-0.021950,0.670316,0.617497,-0.015701,0.711251,0.586592,-0.024667,0.669148,0.577293,-0.034442,0.666358,0.612478,-0.030150,0.677723,0.625122,-0.025102
1780503279.248,right,pinch,0.674608,0.721516,-0.000000,0.646699,0.666687,-0.007403,0.627448,0.608798,-0.016942,0.614485,0.564880,-0.028047,0.616297,0.523420,-0.036124,0.682445,0.540917,0.000275,0.664469,0.500112,-0.016685,0.643632,0.498416,-0.026660,0.623855,0.504382,-0.032224,0.699527,0.544573,-0.004176,0.658769,0.529771,-0.022186,0.655606,0.584241,-0.024882,0.668465,0.601624,-0.023837,0.712331,0.556494,-0.011762,0.666691,0.550274,-0.026910,0.667606,0.601139,-0.019780,0.681983,0.612416,-0.013036,0.719871,0.577383,-0.020987,0.679177,0.569954,-0.031178,0.677784,0.607648,-0.026649,0.689978,0.619229,-0.021195
1780503279.407,right,pinch,0.675396,0.718928,-0.000000,0.650088,0.664748,-0.004679,0.631539,0.608481,-0.014003,0.618823,0.564714,-0.025972,0.623123,0.524177,-0.035432,0.684541,0.544418,0.003051,0.668633,0.501613,-0.013429,0.649122,0.496513,-0.021322,0.631235,0.502279,-0.025233,0.701077,0.548256,-0.003174,0.664305,0.526459,-0.021701,0.660158,0.582589,-0.022441,0.672542,0.598922,-0.019369,0.714998,0.559047,-0.012534,0.673010,0.547171,-0.029250,0.672452,0.600020,-0.020325,0.686189,0.610762,-0.011572,0.724897,0.578772,-0.023132,0.686185,0.565728,-0.033514,0.683400,0.604001,-0.027723,0.695514,0.615343,-0.021332
1780503279.523,right,pinch,0.681222,0.717774,-0.000000,0.654992,0.665938,-0.005933,0.635112,0.607323,-0.015153,0.622921,0.561941,-0.026858,0.627480,0.521984,-0.035737,0.686364,0.544657,0.002574,0.672819,0.498863,-0.014789,0.653902,0.495090,-0.022496,0.636541,0.501135,-0.025715,0.702560,0.549321,-0.002808,0.668094,0.528282,-0.022167,0.664490,0.585141,-0.022279,0.677590,0.598908,-0.018233,0.716753,0.559823,-0.011664,0.677661,0.547598,-0.029251,0.677268,0.600758,-0.019939,0.691132,0.610112,-0.010412,0.728172,0.578527,-0.021829,0.692167,0.564485,-0.032123,0.689031,0.602572,-0.025920,0.700761,0.613340,-0.018924
1780503279.635,right,pinch,0.683598,0.718645,-0.000000,0.657569,0.670688,-0.005506,0.637468,0.611589,-0.014139,0.625755,0.564499,-0.025403,0.630078,0.523147,-0.034115,0.684349,0.548109,0.003836,0.673651,0.500448,-0.013611,0.655443,0.493097,-0.021669,0.638192,0.500324,-0.025070,0.701321,0.551636,-0.001928,0.670255,0.528106,-0.021689,0.667130,0.582898,-0.022570,0.679187,0.598244,-0.018691,0.716574,0.560545,-0.011181,0.680234,0.548447,-0.029543,0.680966,0.599204,-0.021051,0.694291,0.608572,-0.011639,0.729623,0.577220,-0.021673,0.694925,0.563446,-0.032775,0.692701,0.600881,-0.027018,0.703917,0.611170,-0.020155
1780503279.862,right,pinch,0.682901,0.716715,-0.000000,0.658591,0.668500,-0.006107,0.638175,0.609323,-0.014862,0.626717,0.561836,-0.026123,0.631643,0.519858,-0.035166,0.684160,0.547955,0.003410,0.673198,0.502867,-0.013751,0.656129,0.493918,-0.021520,0.639942,0.499495,-0.024672,0.701330,0.551682,-0.001917,0.671192,0.528234,-0.021410,0.667872,0.582886,-0.022021,0.678852,0.599005,-0.017851,0.717035,0.560985,-0.010761,0.681493,0.547494,-0.029659,0.681551,0.599014,-0.021560,0.694140,0.609737,-0.011994,0.731216,0.578246,-0.020769,0.697224,0.561504,-0.031976,0.694079,0.599414,-0.026300,0.704688,0.610944,-0.019440
1780503280.022,right,pinch,0.683708,0.714319,-0.000000,0.659850,0.667356,-0.006929,0.638947,0.608100,-0.016656,0.627574,0.560039,-0.028819,0.634283,0.519163,-0.038689,0.685076,0.549325,0.002099,0.674657,0.503870,-0.015280,0.657906,0.494264,-0.022149,0.641869,0.498281,-0.024446,0.702270,0.553856,-0.002867,0.672880,0.527436,-0.022387,0.669621,0.583840,-0.021298,0.681268,0.598214,-0.015578,0.718218,0.563348,-0.011500,0.683482,0.546810,-0.030786,0.683650,0.600063,-0.021467,0.696857,0.610255,-0.010772,0.732538,0.579743,-0.021324,0.699037,0.560825,-0.032787,0.695552,0.599160,-0.026736,0.706306,0.611003,-0.019439
1780503280.242,right,pinch,0.685296,0.712786,-0.000000,0.661415,0.668491,-0.007576,0.640503,0.607953,-0.016947,0.629070,0.558587,-0.028459,0.635179,0.517915,-0.037575,0.685575,0.547197,0.001463,0.675157,0.501532,-0.015982,0.659222,0.492380,-0.022634,0.643807,0.495946,-0.024755,0.702797,0.551475,-0.002992,0.674125,0.523579,-0.022713,0.671050,0.580902,-0.021732,0.682542,0.596195,-0.015918,0.718952,0.561073,-0.011109,0.684899,0.543105,-0.030483,0.684722,0.597483,-0.021347,0.697728,0.608639,-0.010647,0.733520,0.578022,-0.020432,0.700643,0.560084,-0.031919,0.697172,0.598193,-0.026143,0.707876,0.610166,-0.018954
1780503280.573,right,pinch,0.687368,0.710626,-0.000000,0.663104,0.664503,-0.007784,0.641828,0.604519,-0.017453,0.630872,0.554381,-0.029383,0.638204,0.513198,-0.039088,0.686150,0.544180,0.003770,0.677151,0.502057,-0.012728,0.661949,0.490745,-0.019548,0.646655,0.493134,-0.021934,0.703568,0.548312,-0.000576,0.676219,0.522708,-0.018886,0.672966,0.577269,-0.017934,0.684067,0.591386,-0.012328,0.719901,0.558039,-0.008751,0.687157,0.541600,-0.026988,0.686558,0.593184,-0.018269,0.698803,0.603571,-0.008001,0.734542,0.575066,-0.018224,0.702509,0.557147,-0.028794,0.699010,0.593607,-0.023017,0.709185,0.605178,-0.015980
1780503280.737,right,pinch,0.687969,0.708501,-0.000000,0.664423,0.663331,-0.006860,0.643120,0.604153,-0.016364,0.632180,0.554548,-0.028206,0.639201,0.513129,-0.037966,0.688055,0.543415,0.002523,0.678012,0.500551,-0.014034,0.662909,0.489848,-0.020641,0.647873,0.492462,-0.022922,0.705731,0.548115,-0.002332,0.677207,0.522099,-0.021073,0.674159,0.578768,-0.020037,0.684906,0.594550,-0.014326,0.722041,0.557986,-0.010750,0.687968,0.541451,-0.029396,0.687660,0.595080,-0.020383,0.699751,0.606733,-0.009872,0.736617,0.575230,-0.020312,0.704187,0.557445,-0.031343,0.700415,0.594932,-0.025476,0.710166,0.607135,-0.018330
1780503280.896,right,pinch,0.688806,0.707395,-0.000000,0.665127,0.663284,-0.007462,0.643090,0.603835,-0.016797,0.632247,0.553660,-0.028198,0.640827,0.512675,-0.037556,0.687712,0.546760,0.001337,0.679803,0.501704,-0.015452,0.664822,0.489428,-0.022325,0.649121,0.490317,-0.024861,0.704953,0.551406,-0.003197,0.678593,0.520602,-0.022348,0.675651,0.576651,-0.021694,0.686218,0.593854,-0.016260,0.721367,0.560770,-0.011280,0.689419,0.540381,-0.030731,0.689120,0.594448,-0.022113,0.701381,0.606848,-0.011688,0.736632,0.576704,-0.020459,0.705641,0.555444,-0.032340,0.701654,0.594147,-0.026667,0.711278,0.607724,-0.019591
1780503281.048,right,pinch,0.689315,0.705566,-0.000000,0.665513,0.660865,-0.007254,0.644574,0.601436,-0.016665,0.634390,0.551970,-0.028341,0.641727,0.511225,-0.037925,0.690079,0.543590,0.002413,0.681106,0.498634,-0.014078,0.665796,0.487147,-0.020542,0.650766,0.489441,-0.022639,0.707497,0.548457,-0.002241,0.679899,0.519620,-0.021026,0.676312,0.574611,-0.020080,0.687240,0.590054,-0.014280,0.723600,0.558511,-0.010499,0.690809,0.541164,-0.029362,0.690066,0.593258,-0.020716,0.702400,0.604372,-0.010248,0.738126,0.575350,-0.019893,0.706745,0.556327,-0.030998,0.702491,0.593392,-0.025198,0.712090,0.605848,-0.017995
1780503281.172,right,pinch,0.689049,0.704312,-0.000000,0.666359,0.658548,-0.007548,0.645602,0.600852,-0.017303,0.635574,0.552011,-0.029217,0.642750,0.509890,-0.039004,0.692284,0.544995,0.001534,0.682741,0.500647,-0.015341,0.666802,0.488681,-0.022154,0.651078,0.488714,-0.024633,0.709007,0.549798,-0.003212,0.680572,0.520221,-0.022582,0.676924,0.575085,-0.021915,0.687778,0.590519,-0.016470,0.724478,0.559098,-0.011583,0.690636,0.540867,-0.031470,0.690546,0.594138,-0.022912,0.703155,0.605644,-0.012505,0.738740,0.575164,-0.021097,0.706668,0.555679,-0.033527,0.702747,0.594301,-0.028094,0.712398,0.607496,-0.021098
1780503281.319,right,pinch,0.690070,0.703674,-0.000000,0.667400,0.660652,-0.007773,0.646583,0.602383,-0.016921,0.635406,0.553934,-0.028029,0.641708,0.513204,-0.036863,0.692223,0.544064,0.001441,0.682392,0.500090,-0.015009,0.666520,0.489427,-0.021295,0.651202,0.490401,-0.023488,0.708666,0.548731,-0.002818,0.680496,0.519665,-0.021846,0.676670,0.575142,-0.020917,0.687591,0.591779,-0.015440,0.724174,0.558448,-0.010697,0.691290,0.538234,-0.029936,0.690382,0.592640,-0.021151,0.702855,0.605361,-0.010838,0.738597,0.575684,-0.019760,0.707511,0.555527,-0.031841,0.702744,0.593849,-0.026585,0.712149,0.607390,-0.019839
1780503281.571,right,pinch,0.689187,0.705830,-0.000000,0.665753,0.664658,-0.007761,0.644435,0.604256,-0.016395,0.633522,0.553703,-0.026999,0.639060,0.512291,-0.035272,0.690194,0.545363,0.003020,0.682200,0.501626,-0.013119,0.665905,0.489693,-0.019273,0.649526,0.490411,-0.021469,0.707167,0.548998,-0.001264,0.680228,0.520640,-0.019619,0.676860,0.575869,-0.018263,0.688420,0.589547,-0.012572,0.722956,0.558479,-0.009374,0.690829,0.540943,-0.028322,0.689951,0.593646,-0.019574,0.702641,0.602439,-0.009424,0.737456,0.575071,-0.018689,0.705778,0.556921,-0.030666,0.702305,0.594887,-0.025594,0.713251,0.605377,-0.019113
1780503281.709,right,pinch,0.683022,0.705954,-0.000000,0.660637,0.661500,-0.006574,0.640822,0.602818,-0.014885,0.628818,0.554657,-0.025268,0.635186,0.514069,-0.033453,0.687449,0.545539,0.003675,0.677785,0.502856,-0.011979,0.660330,0.491782,-0.018825,0.644022,0.492092,-0.021849,0.703768,0.548698,-0.001081,0.674700,0.520215,-0.019587,0.670684,0.573916,-0.019648,0.681484,0.591688,-0.015030,0.718742,0.558087,-0.009274,0.684183,0.540442,-0.027486,0.683429,0.591950,-0.019650,0.696126,0.602881,-0.010192,0.732397,0.575339,-0.018576,0.699944,0.555695,-0.029729,0.696588,0.592664,-0.024618,0.707355,0.604560,-0.018171
1780503281.903,right,pinch,0.672822,0.715759,-0.000000,0.648967,0.672001,-0.006940,0.628063,0.615245,-0.016142,0.615985,0.569479,-0.027449,0.619183,0.527341,-0.036166,0.677716,0.546697,0.002607,0.662834,0.506664,-0.014042,0.643812,0.500865,-0.021761,0.625776,0.506619,-0.025101,0.694473,0.549239,-0.002575,0.659512,0.529577,-0.020664,0.656770,0.586252,-0.020483,0.669417,0.602694,-0.016087,0.708840,0.558360,-0.011309,0.668478,0.549149,-0.029323,0.668465,0.602243,-0.020920,0.681330,0.614521,-0.011526,0.719391,0.576675,-0.021443,0.682766,0.566618,-0.033537,0.679649,0.604086,-0.028697,0.690005,0.616525,-0.022237
1780503282.026,right,pinch,0.672802,0.715653,-0.000000,0.649488,0.669898,-0.006147,0.629578,0.610522,-0.015144,0.617304,0.564891,-0.026161,0.620964,0.524097,-0.034547,0.680394,0.546552,0.001643,0.664696,0.504930,-0.014796,0.646331,0.498547,-0.021975,0.629040,0.501866,-0.025199,0.696408,0.550058,-0.003628,0.661188,0.527865,-0.022240,0.658402,0.585573,-0.021716,0.671042,0.600407,-0.017169,0.710153,0.559532,-0.012229,0.668976,0.547033,-0.030054,0.669540,0.601505,-0.020898,0.683567,0.610847,-0.011313,0.720697,0.577635,-0.022091,0.682813,0.563740,-0.033766,0.680611,0.603898,-0.028301,0.692722,0.614574,-0.021689
1780503282.199,right,pinch,0.666216,0.718042,-0.000000,0.643279,0.673135,-0.005913,0.623869,0.615745,-0.013825,0.611453,0.571145,-0.023867,0.612654,0.528379,-0.031312,0.674037,0.547091,0.001517,0.657236,0.504405,-0.015347,0.638016,0.501916,-0.023268,0.620771,0.509229,-0.026864,0.690074,0.550395,-0.003768,0.652567,0.532293,-0.022845,0.649285,0.589509,-0.024095,0.661038,0.608647,-0.020980,0.703781,0.560017,-0.012213,0.661267,0.551192,-0.030588,0.661276,0.606007,-0.023264,0.674325,0.620269,-0.014731,0.714094,0.579470,-0.021893,0.677735,0.567333,-0.034178,0.674049,0.605307,-0.029842,0.684003,0.619401,-0.023770
1780503282.332,right,pinch,0.661906,0.725554,-0.000000,0.637888,0.679596,-0.005819,0.617331,0.622127,-0.013586,0.604388,0.577682,-0.023538,0.604886,0.535756,-0.030816,0.666967,0.553363,0.001710,0.650824,0.508830,-0.014515,0.631284,0.505624,-0.021925,0.613887,0.513641,-0.025258,0.682582,0.556203,-0.003671,0.645966,0.536793,-0.022208,0.643045,0.592523,-0.023117,0.655363,0.611419,-0.019927,0.696091,0.565419,-0.012210,0.654945,0.555049,-0.030044,0.654991,0.608939,-0.022536,0.668294,0.623447,-0.014101,0.706307,0.583888,-0.022055,0.670703,0.571582,-0.034125,0.666474,0.608584,-0.029750,0.676311,0.622263,-0.023796
1780503282.512,right,pinch,0.651842,0.731488,-0.000000,0.626528,0.683521,-0.004831,0.606591,0.627270,-0.012590,0.593630,0.585032,-0.022907,0.593009,0.543084,-0.030797,0.659372,0.555209,0.003614,0.640691,0.512722,-0.013042,0.619911,0.510012,-0.021807,0.602462,0.520049,-0.025972,0.674793,0.557003,-0.002403,0.636442,0.539058,-0.021586,0.631736,0.595137,-0.023899,0.642826,0.617294,-0.021200,0.687401,0.566680,-0.011430,0.643285,0.557136,-0.029526,0.642118,0.611217,-0.022808,0.654460,0.628406,-0.014412,0.695719,0.587331,-0.021659,0.657681,0.578073,-0.033570,0.653679,0.614800,-0.029176,0.663446,0.629858,-0.022841
1780503282.658,right,pinch,0.646695,0.736162,-0.000000,0.618608,0.682952,-0.005782,0.597424,0.628612,-0.014606,0.582927,0.588190,-0.025445,0.581591,0.546731,-0.033629,0.653644,0.555180,0.000893,0.630964,0.516951,-0.015057,0.610498,0.515909,-0.023793,0.592762,0.525073,-0.028427,0.668923,0.557183,-0.004615,0.625809,0.543705,-0.023602,0.622937,0.600215,-0.026626,0.634462,0.621997,-0.024927,0.680241,0.567966,-0.012774,0.632404,0.563565,-0.028997,0.633181,0.616231,-0.022301,0.645674,0.631785,-0.014803,0.686001,0.589565,-0.022343,0.646386,0.584563,-0.033083,0.644197,0.620043,-0.028782,0.654297,0.632921,-0.022932
1780503282.824,right,pinch,0.634643,0.750490,-0.000000,0.601215,0.695276,-0.006394,0.578751,0.637841,-0.013986,0.563553,0.600214,-0.023108,0.559689,0.559097,-0.029384,0.638045,0.567266,0.000506,0.608023,0.528875,-0.015206,0.584811,0.532108,-0.026417,0.565410,0.542135,-0.033675,0.650510,0.566677,-0.004739,0.602697,0.553497,-0.023597,0.603270,0.605680,-0.029221,0.615723,0.627831,-0.030365,0.658331,0.575900,-0.012499,0.606841,0.574485,-0.026843,0.611226,0.624256,-0.021426,0.624861,0.637658,-0.016160,0.659925,0.595741,-0.022017,0.617745,0.599400,-0.032292,0.619016,0.633655,-0.029055,0.630238,0.642936,-0.024651
1780503282.936,right,pinch,0.617897,0.761265,-0.000000,0.583044,0.704409,-0.002765,0.559472,0.649794,-0.010352,0.543878,0.614943,-0.020499,0.539258,0.577045,-0.028083,0.619788,0.576358,0.003073,0.587538,0.540411,-0.012641,0.563865,0.546917,-0.024026,0.544785,0.560457,-0.031185,0.631012,0.576948,-0.004372,0.582206,0.567940,-0.022211,0.583597,0.620174,-0.026853,0.596804,0.640943,-0.027361,0.637389,0.586878,-0.014156,0.584853,0.588304,-0.027407,0.589935,0.637584,-0.020626,0.603719,0.650926,-0.014464,0.637184,0.608065,-0.025543,0.594084,0.614199,-0.034932,0.595836,0.647859,-0.030635,0.606694,0.657479,-0.025414
1780503283.199,right,pinch,0.603885,0.768676,-0.000000,0.569292,0.713597,-0.000939,0.546207,0.657859,-0.007408,0.530998,0.624298,-0.017050,0.523360,0.587163,-0.024338,0.604416,0.582607,0.007103,0.575784,0.550212,-0.008258,0.551772,0.553999,-0.019683,0.532447,0.567111,-0.026657,0.616007,0.582351,-0.001219,0.568566,0.579716,-0.017924,0.569141,0.631326,-0.022106,0.583070,0.649744,-0.022192,0.622665,0.593033,-0.012121,0.571380,0.601477,-0.024850,0.578031,0.648043,-0.018485,0.593941,0.657474,-0.012660,0.622821,0.614371,-0.024392,0.579421,0.624042,-0.032608,0.582801,0.657824,-0.027844,0.595898,0.665954,-0.022546
1780503283.379,right,pinch,0.599953,0.773944,-0.000000,0.564839,0.714980,0.002071,0.540346,0.660353,-0.003873,0.523828,0.627866,-0.013589,0.514697,0.589428,-0.021491,0.600084,0.584562,0.008334,0.568080,0.554946,-0.006359,0.543501,0.559249,-0.018574,0.523315,0.569952,-0.026475,0.611181,0.586194,-0.001533,0.562247,0.584963,-0.016538,0.564331,0.633384,-0.021005,0.578325,0.651330,-0.022438,0.616428,0.598347,-0.013605,0.564486,0.605512,-0.024194,0.572057,0.648945,-0.018285,0.588289,0.658627,-0.013922,0.615225,0.620022,-0.026888,0.572918,0.627481,-0.033979,0.576655,0.659658,-0.029682,0.589686,0.668643,-0.025420
1780503283.704,right,pinch,0.590705,0.790247,-0.000000,0.551488,0.732509,0.000574,0.526226,0.674195,-0.004792,0.508456,0.640778,-0.013444,0.499105,0.607168,-0.019822,0.586035,0.598975,0.006427,0.550195,0.568698,-0.007974,0.524265,0.579750,-0.019109,0.505293,0.595759,-0.026267,0.596077,0.598924,-0.002647,0.544613,0.605567,-0.017593,0.547807,0.653869,-0.021747,0.562849,0.669830,-0.023133,0.599625,0.611715,-0.013993,0.545463,0.629038,-0.024249,0.553877,0.672832,-0.018753,0.570578,0.679524,-0.015012,0.596523,0.634628,-0.026746,0.552834,0.652372,-0.034187,0.556346,0.684894,-0.030829,0.568658,0.691843,-0.027289
1780503283.926,right,pinch,0.576240,0.812214,-0.000000,0.532894,0.759002,-0.000157,0.506895,0.700955,-0.005676,0.487745,0.667708,-0.013336,0.472849,0.638567,-0.019211,0.567134,0.619758,0.000866,0.524014,0.589553,-0.012208,0.497472,0.602463,-0.022592,0.478933,0.617514,-0.029602,0.575108,0.623927,-0.006618,0.518864,0.628053,-0.019430,0.522214,0.674836,-0.022449,0.536846,0.690020,-0.024336,0.575149,0.641039,-0.015726,0.519821,0.652002,-0.025196,0.526439,0.693980,-0.019120,0.541206,0.701410,-0.015588,0.569292,0.666685,-0.025919,0.528020,0.676264,-0.032813,0.531052,0.707523,-0.028714,0.542051,0.716273,-0.025018
1780503284.166,right,pinch,0.556299,0.838177,-0.000000,0.509830,0.787126,0.000849,0.484884,0.733068,-0.005599,0.466043,0.700750,-0.014476,0.449700,0.676548,-0.022201,0.540234,0.640755,0.000756,0.493636,0.615455,-0.012650,0.466517,0.635742,-0.023903,0.450302,0.659779,-0.030979,0.547461,0.649670,-0.006917,0.488733,0.659485,-0.019689,0.490673,0.706030,-0.023541,0.504311,0.725622,-0.025755,0.546289,0.670730,-0.015854,0.489249,0.682402,-0.025331,0.496010,0.721672,-0.020032,0.510113,0.733358,-0.016514,0.539685,0.699724,-0.025591,0.496730,0.706235,-0.031314,0.499617,0.736216,-0.026168,0.509705,0.747895,-0.021475
1780503284.409,right,pinch,0.548720,0.848702,-0.000000,0.500087,0.802018,0.000670,0.474238,0.750017,-0.006452,0.453167,0.717311,-0.015985,0.433919,0.693216,-0.024443,0.528729,0.649516,-0.000045,0.477875,0.627427,-0.013930,0.452899,0.648093,-0.025832,0.440487,0.672868,-0.033395,0.534622,0.656151,-0.007788,0.473035,0.669093,-0.021708,0.476078,0.717174,-0.026723,0.490196,0.739212,-0.029353,0.532500,0.677058,-0.016661,0.473765,0.693134,-0.026538,0.480022,0.734001,-0.022020,0.493294,0.746278,-0.018939,0.524735,0.706385,-0.026361,0.482186,0.719374,-0.033031,0.484923,0.750240,-0.029248,0.494318,0.761644,-0.025263
1780503284.560,right,pinch,0.528967,0.869555,-0.000000,0.479478,0.826735,0.001802,0.454114,0.777704,-0.004800,0.433864,0.746017,-0.013827,0.415553,0.722989,-0.022356,0.503862,0.677218,-0.000426,0.454115,0.658120,-0.013022,0.429029,0.680061,-0.024693,0.416246,0.706966,-0.032111,0.507010,0.687918,-0.007739,0.447971,0.700588,-0.019177,0.450227,0.739714,-0.023914,0.463184,0.760847,-0.027336,0.502878,0.710549,-0.015800,0.448257,0.726186,-0.023651,0.454457,0.759381,-0.020384,0.467297,0.773308,-0.018822,0.493820,0.740352,-0.024549,0.451884,0.751944,-0.029865,0.454010,0.778757,-0.026677,0.462846,0.792032,-0.023770
1780503284.796,right,pinch,0.514868,0.881917,-0.000000,0.464816,0.847858,0.000510,0.437021,0.800251,-0.006707,0.415486,0.770702,-0.015973,0.396545,0.751401,-0.024610,0.485917,0.695697,-0.002250,0.436923,0.680990,-0.015303,0.413601,0.703795,-0.026787,0.400191,0.728736,-0.034191,0.488360,0.707663,-0.009272,0.429417,0.718126,-0.022178,0.431462,0.758663,-0.027140,0.442567,0.780140,-0.030294,0.483911,0.731338,-0.017020,0.429646,0.742446,-0.025890,0.436296,0.777052,-0.021952,0.448007,0.791587,-0.019641,0.475173,0.763362,-0.025524,0.433466,0.775620,-0.032429,0.436855,0.801997,-0.029903,0.446163,0.814055,-0.027190
1780503284.915,right,pinch,0.511657,0.886388,-0.000000,0.462174,0.853796,0.003053,0.434969,0.807923,-0.003748,0.413331,0.781824,-0.013226,0.392210,0.767156,-0.022165,0.478678,0.703254,-0.001246,0.429944,0.691161,-0.015449,0.405676,0.717400,-0.027321,0.391034,0.742985,-0.034846,0.481962,0.715889,-0.010120,0.423752,0.729780,-0.023955,0.426276,0.772592,-0.028732,0.438003,0.793199,-0.031533,0.478656,0.741057,-0.019584,0.423992,0.755384,-0.029108,0.430989,0.791856,-0.024036,0.443324,0.805382,-0.020707,0.471106,0.774163,-0.029580,0.429985,0.787796,-0.036277,0.433548,0.813618,-0.032511,0.442971,0.824104,-0.028835
1780503285.075,right,pinch,0.511274,0.884267,-0.000000,0.465759,0.850962,0.002088,0.437484,0.805679,-0.005348,0.414005,0.782362,-0.015096,0.391597,0.772336,-0.024284,0.474912,0.703264,-0.003347,0.423521,0.697920,-0.017635,0.399810,0.726481,-0.029530,0.386822,0.752742,-0.037063,0.476575,0.720127,-0.011744,0.419181,0.735536,-0.025080,0.422306,0.773640,-0.029811,0.433646,0.791025,-0.032799,0.472452,0.748750,-0.020648,0.419008,0.767017,-0.029660,0.427234,0.799153,-0.024861,0.439857,0.807529,-0.021924,0.464717,0.784626,-0.030100,0.424466,0.799619,-0.035985,0.429197,0.822195,-0.031981,0.439139,0.827342,-0.028429
1780503285.194,right,pinch,0.507621,0.881775,-0.000000,0.482415,0.829521,0.002864,0.451801,0.787952,-0.004411,0.415229,0.782983,-0.013921,0.386109,0.796705,-0.023800,0.467463,0.709261,-0.004912,0.417506,0.706509,-0.017973,0.395388,0.735450,-0.028189,0.385933,0.759824,-0.034560,0.465280,0.728775,-0.013546,0.410298,0.730229,-0.023199,0.396227,0.761228,-0.027614,0.391962,0.780473,-0.031359,0.460882,0.759545,-0.022116,0.410825,0.778033,-0.027931,0.418336,0.807158,-0.024652,0.431031,0.815677,-0.023680,0.453969,0.795927,-0.031002,0.417763,0.814022,-0.035333,0.424557,0.834638,-0.031969,0.435773,0.838527,-0.029557
1780503285.330,right,pinch,0.503750,0.883223,-0.000000,0.482392,0.825523,0.006313,0.450147,0.784544,-0.000203,0.412013,0.786176,-0.008827,0.383238,0.799551,-0.018039,0.462322,0.714679,-0.007121,0.412146,0.717801,-0.018761,0.389623,0.747074,-0.027619,0.378047,0.771220,-0.033327,0.458542,0.736357,-0.016575,0.404002,0.743683,-0.024258,0.395178,0.775097,-0.026857,0.394845,0.794553,-0.030134,0.453170,0.768120,-0.025097,0.405331,0.786776,-0.028624,0.414709,0.813721,-0.023636,0.427471,0.822534,-0.022404,0.445923,0.804886,-0.033471,0.411721,0.820585,-0.036288,0.419858,0.839612,-0.031766,0.430547,0.843764,-0.029023
1780503285.484,right,pinch,0.499629,0.882099,-0.000000,0.478741,0.827305,0.006394,0.445531,0.788107,-0.000183,0.407355,0.793040,-0.008514,0.378776,0.806017,-0.017179,0.457769,0.720153,-0.009323,0.407011,0.723892,-0.019240,0.385559,0.754014,-0.026119,0.375329,0.777930,-0.030748,0.453011,0.745093,-0.018170,0.399384,0.749484,-0.024385,0.394027,0.777728,-0.025316,0.397058,0.795495,-0.027885,0.446606,0.779027,-0.025798,0.399944,0.791057,-0.028048,0.409580,0.814390,-0.022178,0.422141,0.823731,-0.020817,0.439185,0.816599,-0.033177,0.407239,0.825566,-0.035318,0.414638,0.842214,-0.030721,0.423571,0.848043,-0.028222
1780503285.626,right,pinch,0.485413,0.875755,-0.000000,0.467646,0.813108,0.011244,0.439181,0.770728,0.007370,0.404058,0.773809,0.000843,0.378463,0.792181,-0.006038,0.446702,0.718076,-0.006689,0.396204,0.720055,-0.011590,0.377772,0.751889,-0.013320,0.371105,0.775112,-0.014495,0.440855,0.741128,-0.016798,0.389315,0.751197,-0.019634,0.392136,0.782237,-0.017902,0.401482,0.798778,-0.018622,0.433636,0.774584,-0.024801,0.387067,0.787027,-0.023185,0.394804,0.813009,-0.016547,0.405488,0.825352,-0.015283,0.425158,0.813253,-0.031953,0.389817,0.812377,-0.029730,0.379970,0.817267,-0.024564,0.371685,0.817512,-0.022621
1780503285.764,right,pinch,0.459077,0.862784,-0.000000,0.444539,0.803103,0.009176,0.418358,0.757864,0.007753,0.385636,0.750288,0.003937,0.361843,0.758620,-0.000258,0.426171,0.708257,-0.001612,0.376797,0.707512,-0.006830,0.360533,0.741185,-0.009381,0.357518,0.762300,-0.010907,0.419345,0.727033,-0.009895,0.368655,0.724372,-0.013474,0.359668,0.757809,-0.013717,0.361553,0.780179,-0.014950,0.410569,0.755379,-0.016930,0.362904,0.752271,-0.019168,0.359074,0.781841,-0.016525,0.364043,0.800223,-0.016027,0.399502,0.789362,-0.023003,0.361280,0.786623,-0.026228,0.351313,0.796945,-0.025052,0.347190,0.801928,-0.024241
1780503285.923,right,pinch,0.430859,0.849140,-0.000000,0.412056,0.797078,0.011481,0.387970,0.760827,0.010135,0.360030,0.757350,0.005833,0.337828,0.766168,0.000971,0.400817,0.698538,-0.000244,0.354970,0.694950,-0.003407,0.335999,0.725304,-0.005535,0.329133,0.747858,-0.007453,0.393022,0.714365,-0.009605,0.345574,0.710003,-0.010294,0.336106,0.741045,-0.009826,0.335401,0.762836,-0.011363,0.383426,0.741516,-0.017402,0.339105,0.734282,-0.016579,0.335555,0.761247,-0.013578,0.338012,0.779450,-0.014036,0.371873,0.776328,-0.024268,0.336907,0.776573,-0.026329,0.323759,0.783874,-0.025439,0.315577,0.787176,-0.025412
1780503286.155,right,pinch,0.400217,0.840835,-0.000000,0.388073,0.782234,0.010934,0.366448,0.738503,0.011670,0.341094,0.731477,0.009581,0.320134,0.740391,0.006403,0.370759,0.691212,0.002023,0.326532,0.689492,-0.001130,0.306930,0.716193,-0.003241,0.297712,0.739209,-0.004502,0.361597,0.705350,-0.005961,0.318289,0.705296,-0.005563,0.304628,0.732057,-0.005206,0.298719,0.754993,-0.006370,0.350754,0.730815,-0.012748,0.311596,0.727591,-0.011255,0.299404,0.749381,-0.010292,0.292403,0.766748,-0.011771,0.339275,0.764780,-0.018552,0.310414,0.770165,-0.019909,0.297839,0.782009,-0.019427,0.287919,0.791825,-0.019207
1780503286.338,right,pinch,0.361800,0.829578,-0.000000,0.351803,0.784177,0.008844,0.332973,0.734606,0.011837,0.314698,0.713543,0.012516,0.295647,0.713969,0.012057,0.326445,0.686598,0.009715,0.290437,0.688862,0.005671,0.271403,0.714576,-0.000477,0.260841,0.737947,-0.003723,0.317943,0.690881,0.004342,0.281222,0.699103,0.005779,0.265165,0.723634,0.003773,0.256268,0.750213,0.001539,0.308903,0.706006,-0.000699,0.274253,0.712728,0.002563,0.260427,0.735196,0.003377,0.251756,0.758645,0.002385,0.302139,0.726954,-0.005332,0.277831,0.734953,-0.002175,0.269225,0.754889,0.001818,0.263710,0.774056,0.004681
1780503286.604,right,pinch,0.287466,0.836156,-0.000000,0.281141,0.785977,-0.002873,0.256632,0.745361,-0.006886,0.229007,0.742662,-0.010893,0.206875,0.762785,-0.016128,0.255831,0.695334,-0.013059,0.210066,0.714855,-0.024306,0.189020,0.750835,-0.032219,0.180983,0.779825,-0.036507,0.245641,0.714917,-0.014951,0.202717,0.742062,-0.022569,0.191258,0.777772,-0.026835,0.189736,0.804385,-0.030281,0.235613,0.745809,-0.016571,0.197945,0.778410,-0.022511,0.194989,0.810924,-0.023548,0.198486,0.832771,-0.024697,0.226719,0.782833,-0.018174,0.201696,0.810859,-0.023861,0.199121,0.833178,-0.023486,0.200820,0.848208,-0.022346
1780503286.804,right,pinch,0.266567,0.856962,-0.000000,0.257721,0.808601,-0.003190,0.233474,0.767724,-0.007560,0.205067,0.765644,-0.011623,0.183144,0.783838,-0.017143,0.226265,0.720856,-0.010382,0.181186,0.739516,-0.020752,0.163525,0.770381,-0.028399,0.159999,0.796802,-0.032169,0.216512,0.734329,-0.012374,0.174286,0.753784,-0.019062,0.164165,0.787092,-0.022721,0.166358,0.814722,-0.024911,0.206188,0.759836,-0.014322,0.167825,0.777129,-0.019764,0.160140,0.808275,-0.021311,0.162597,0.830963,-0.022155,0.196877,0.793214,-0.016213,0.170190,0.815166,-0.022455,0.165811,0.838602,-0.022381,0.167676,0.855901,-0.020576
1780503287.030,right,pinch,0.247019,0.881462,-0.000000,0.237636,0.833896,0.000962,0.212158,0.787881,-0.001290,0.186203,0.776351,-0.004228,0.165925,0.789490,-0.008636,0.199671,0.750485,-0.004782,0.156494,0.767407,-0.014688,0.144425,0.795860,-0.023174,0.145493,0.818760,-0.027419,0.190121,0.772084,-0.008389,0.149597,0.785927,-0.013648,0.139971,0.811953,-0.017578,0.141738,0.835769,-0.020383,0.181013,0.803826,-0.011948,0.142809,0.811931,-0.015519,0.134625,0.834820,-0.016523,0.135747,0.852983,-0.017481,0.173484,0.842475,-0.015178,0.143526,0.853804,-0.018863,0.138143,0.870594,-0.017562,0.139180,0.882599,-0.015422
1780503287.233,right,pinch,0.232961,0.898461,-0.000000,0.222806,0.848339,0.001663,0.196569,0.804013,0.000038,0.169129,0.797443,-0.002279,0.148863,0.810569,-0.006178,0.177333,0.773853,-0.005474,0.135900,0.796403,-0.013556,0.117256,0.829006,-0.020998,0.110539,0.853901,-0.024966,0.167144,0.798934,-0.008699,0.127360,0.817014,-0.011487,0.114104,0.847584,-0.013635,0.113110,0.873772,-0.015728,0.158688,0.833191,-0.011528,0.122561,0.844160,-0.013097,0.112929,0.870035,-0.013503,0.113114,0.890888,-0.014731,0.153469,0.873634,-0.013985,0.128135,0.889654,-0.017077,0.122254,0.907694,-0.016005,0.122728,0.923054,-0.014284
1780503287.395,right,pinch,0.216943,0.917710,-0.000000,0.205082,0.859544,0.001949,0.174495,0.819481,0.001193,0.144532,0.825129,-0.000489,0.123545,0.847101,-0.003206,0.158942,0.789223,-0.000452,0.118436,0.815901,-0.008251,0.095872,0.850614,-0.015546,0.083112,0.878957,-0.019269,0.146327,0.816864,-0.004227,0.105780,0.836519,-0.006310,0.086948,0.869158,-0.008240,0.078691,0.896929,-0.009916,0.135376,0.854474,-0.008066,0.098782,0.872311,-0.009596,0.087717,0.900934,-0.009670,0.084898,0.923610,-0.010270,0.128052,0.899421,-0.011787,0.105478,0.920018,-0.014519,0.102355,0.939350,-0.012834,0.104063,0.955395,-0.010577
1780503287.692,right,pinch,0.207804,0.926545,-0.000000,0.192187,0.867759,0.003339,0.160515,0.828544,0.003464,0.131313,0.836635,0.001859,0.111943,0.862883,-0.001088,0.133321,0.813072,0.005165,0.096984,0.848942,-0.002331,0.077490,0.883022,-0.011052,0.065171,0.909654,-0.016083,0.124003,0.843948,0.000713,0.088947,0.872706,-0.001127,0.071989,0.901068,-0.004982,0.062439,0.926591,-0.008540,0.117476,0.882143,-0.004029,0.086644,0.907000,-0.005372,0.072053,0.930679,-0.007048,0.063110,0.950580,-0.009116,0.115283,0.927243,-0.008588,0.092435,0.950170,-0.009707,0.081956,0.966931,-0.008441,0.073875,0.981181,-0.007242
1780503287.974,right,pinch,0.203858,0.929628,-0.000000,0.185354,0.876665,0.001747,0.152341,0.841754,0.000436,0.121528,0.851418,-0.002043,0.101363,0.876381,-0.004836,0.136168,0.815777,-0.001824,0.097129,0.847090,-0.011029,0.075532,0.880788,-0.018568,0.062045,0.910180,-0.022825,0.129292,0.845931,-0.006173,0.087933,0.881017,-0.011160,0.069039,0.913302,-0.014647,0.057467,0.941850,-0.017897,0.124188,0.884647,-0.010778,0.087230,0.919766,-0.014928,0.076064,0.946659,-0.014760,0.070153,0.967407,-0.015225,0.121713,0.931117,-0.015316,0.092583,0.956725,-0.018779,0.079261,0.975812,-0.018029,0.069060,0.991461,-0.017193
1780503288.199,right,pinch,0.197351,0.948975,-0.000000,0.171709,0.970569,-0.006304,0.141423,0.977257,-0.012112,0.121076,0.980455,-0.018848,0.103648,0.976368,-0.024455,0.119396,0.872545,-0.001604,0.090104,0.876017,-0.014468,0.073323,0.900681,-0.026209,0.063477,0.927145,-0.032863,0.124157,0.850839,-0.004400,0.089997,0.869163,-0.013484,0.076017,0.898122,-0.019761,0.070780,0.926680,-0.023324,0.133011,0.837276,-0.009209,0.102714,0.859099,-0.017571,0.090927,0.890465,-0.018211,0.086106,0.919676,-0.017091,0.146690,0.830804,-0.015239,0.125378,0.838657,-0.021755,0.114086,0.859078,-0.021553,0.107211,0.882023,-0.019452
1780503288.385,right,pinch,0.195405,0.945723,-0.000000,0.167037,0.959613,-0.007661,0.138080,0.963579,-0.017640,0.115779,0.972884,-0.027473,0.096591,0.978124,-0.036338,0.129623,0.837958,-0.013796,0.088421,0.863647,-0.030146,0.066510,0.900106,-0.043282,0.054284,0.934303,-0.050658,0.131895,0.831146,-0.016510,0.082836,0.868275,-0.028311,0.063628,0.910005,-0.035438,0.056194,0.947112,-0.039947,0.133589,0.842374,-0.020394,0.086960,0.890207,-0.030011,0.072818,0.931358,-0.031905,0.068674,0.962180,-0.032470,0.135481,0.871733,-0.025173,0.100834,0.920218,-0.034456,0.085691,0.953686,-0.036477,0.078523,0.979058,-0.035937
1780503288.669,right,pinch,0.204709,0.937438,-0.000000,0.167722,0.963544,-0.010186,0.129766,0.969844,-0.020481,0.102534,0.973806,-0.029527,0.080481,0.976416,-0.037841,0.137014,0.834417,-0.018484,0.090423,0.857979,-0.036706,0.065592,0.895100,-0.051246,0.049797,0.933617,-0.058857,0.141386,0.817638,-0.018577,0.088811,0.851110,-0.030945,0.063530,0.896513,-0.038503,0.049978,0.942127,-0.043140,0.143176,0.815871,-0.019754,0.093817,0.867221,-0.029939,0.076073,0.918437,-0.032934,0.069087,0.961451,-0.033883,0.144664,0.831150,-0.021834,0.107261,0.886306,-0.030489,0.092265,0.929484,-0.032272,0.084752,0.966544,-0.031432
1780503288.834,right,pinch,0.214528,0.918615,-0.000000,0.194050,0.859745,0.002364,0.158275,0.823645,-0.002416,0.124028,0.837171,-0.008304,0.100413,0.870783,-0.016157,0.153946,0.781686,-0.013662,0.097132,0.818457,-0.026937,0.069443,0.860702,-0.035640,0.054581,0.894931,-0.040018,0.143009,0.812304,-0.020242,0.086706,0.841251,-0.028868,0.064700,0.885616,-0.032006,0.057226,0.920127,-0.034536,0.132654,0.852814,-0.025979,0.084756,0.895402,-0.033767,0.093053,0.931437,-0.032373,0.109999,0.947578,-0.031322,0.124011,0.901013,-0.031188,0.089266,0.945238,-0.039490,0.098611,0.968905,-0.037634,0.113165,0.974333,-0.034937
1780503289.039,right,pinch,0.229606,0.893823,-0.000000,0.209780,0.833526,0.004907,0.174415,0.788160,0.002003,0.136695,0.794379,-0.002116,0.112437,0.824496,-0.006991,0.167448,0.739676,-0.012801,0.108324,0.774233,-0.024320,0.080739,0.819005,-0.030094,0.066673,0.854039,-0.032795,0.159642,0.768601,-0.019903,0.100295,0.807982,-0.028307,0.086503,0.855156,-0.030095,0.082456,0.886481,-0.032522,0.151401,0.810673,-0.026003,0.099731,0.858383,-0.034727,0.108897,0.898760,-0.033351,0.122607,0.918799,-0.032789,0.143636,0.860909,-0.031253,0.101235,0.890892,-0.040186,0.081311,0.912710,-0.042193,0.064977,0.922929,-0.043618
1780503289.188,right,pinch,0.239590,0.869685,-0.000000,0.205568,0.826522,0.010877,0.167590,0.788458,0.008245,0.132413,0.789281,0.002952,0.107219,0.812262,-0.003224,0.172435,0.706378,-0.007787,0.112312,0.743517,-0.016472,0.084860,0.788676,-0.022055,0.068021,0.826073,-0.025658,0.167124,0.730676,-0.018472,0.104867,0.770624,-0.023584,0.090252,0.820128,-0.025401,0.084562,0.856898,-0.028971,0.160401,0.770449,-0.027430,0.103167,0.811155,-0.030834,0.103366,0.854692,-0.028523,0.108213,0.879906,-0.029616,0.153683,0.823371,-0.035400,0.108542,0.852556,-0.040362,0.090359,0.878578,-0.040177,0.076298,0.893036,-0.041044
1780503289.461,right,pinch,0.243751,0.867108,-0.000000,0.200363,0.853897,0.005086,0.160371,0.827091,-0.001253,0.125686,0.829342,-0.009389,0.099204,0.845392,-0.017586,0.176840,0.688245,-0.007954,0.112972,0.733749,-0.018005,0.084365,0.782940,-0.026606,0.066611,0.822604,-0.032394,0.172898,0.710421,-0.016225,0.108084,0.766887,-0.024768,0.099670,0.817051,-0.029922,0.098480,0.850422,-0.034844,0.164882,0.749772,-0.023538,0.107088,0.810158,-0.028719,0.104925,0.852454,-0.028954,0.105688,0.875674,-0.031240,0.155215,0.803700,-0.030506,0.110308,0.844994,-0.035822,0.091267,0.871413,-0.036977,0.074902,0.885325,-0.038477
1780503289.602,right,pinch,0.247547,0.865195,-0.000000,0.201673,0.858059,0.005439,0.160810,0.840027,-0.001390,0.124904,0.853997,-0.010120,0.097608,0.877909,-0.019132,0.177749,0.694099,-0.007756,0.114508,0.731584,-0.016185,0.087393,0.778169,-0.024040,0.070958,0.817600,-0.029824,0.173528,0.714246,-0.016199,0.108430,0.754376,-0.021450,0.090971,0.802049,-0.026110,0.081331,0.839825,-0.031581,0.166129,0.752448,-0.023509,0.105922,0.798315,-0.024714,0.090192,0.838707,-0.025374,0.078689,0.865505,-0.029336,0.157367,0.807122,-0.030559,0.112190,0.844844,-0.033509,0.092445,0.870143,-0.034219,0.076053,0.886152,-0.035859
1780503289.769,right,pinch,0.247423,0.871551,-0.000000,0.202391,0.861868,0.006331,0.162208,0.840010,0.000411,0.127070,0.850598,-0.007683,0.100688,0.873752,-0.016251,0.175451,0.700663,-0.005137,0.111859,0.737278,-0.013243,0.085015,0.783123,-0.021052,0.069353,0.821952,-0.026572,0.172416,0.721712,-0.013689,0.106396,0.763663,-0.018621,0.088706,0.810039,-0.023917,0.078244,0.847330,-0.029725,0.166180,0.759673,-0.021153,0.107156,0.807504,-0.022004,0.092684,0.845467,-0.023377,0.081587,0.870797,-0.027684,0.158428,0.814049,-0.028253,0.113947,0.849790,-0.030413,0.093568,0.872542,-0.031115,0.076236,0.886690,-0.032845
1780503289.931,right,pinch,0.249293,0.872124,-0.000000,0.205694,0.855917,0.005341,0.165853,0.829074,-0.001426,0.128288,0.838213,-0.010027,0.101228,0.862669,-0.018915,0.178639,0.694694,-0.009397,0.112871,0.735711,-0.017561,0.085923,0.781179,-0.023797,0.070319,0.817280,-0.028301,0.174433,0.719167,-0.018115,0.106899,0.768354,-0.025996,0.103045,0.819410,-0.030028,0.105791,0.854965,-0.034131,0.167366,0.760762,-0.025517,0.107518,0.815945,-0.030048,0.111171,0.859080,-0.029840,0.117042,0.882765,-0.032040,0.158512,0.816648,-0.032458,0.112339,0.848557,-0.036803,0.091243,0.870481,-0.037983,0.072686,0.881613,-0.040134
1780503290.061,right,pinch,0.250457,0.869555,-0.000000,0.206538,0.850303,0.009094,0.167869,0.823717,0.004927,0.131488,0.831257,-0.001963,0.104674,0.855072,-0.009669,0.176792,0.697675,-0.005179,0.112533,0.735454,-0.011145,0.085882,0.780792,-0.015721,0.070443,0.817921,-0.019099,0.173144,0.722163,-0.015053,0.106233,0.768820,-0.020289,0.096896,0.818405,-0.024148,0.094713,0.855874,-0.028669,0.167311,0.763633,-0.023249,0.108889,0.819088,-0.025849,0.109123,0.860075,-0.026809,0.111643,0.883646,-0.030308,0.160156,0.819848,-0.030597,0.114479,0.850784,-0.033912,0.092176,0.872038,-0.035150,0.072718,0.883887,-0.037526
1780503290.200,right,pinch,0.251652,0.872006,-0.000000,0.206933,0.857312,0.008255,0.165526,0.833736,0.002632,0.127731,0.845094,-0.005374,0.099599,0.870559,-0.013500,0.177931,0.698982,-0.006215,0.113320,0.736590,-0.012974,0.086955,0.780965,-0.018264,0.071353,0.817965,-0.022244,0.174702,0.722022,-0.015980,0.107692,0.775438,-0.022665,0.109677,0.825121,-0.025174,0.117163,0.856197,-0.028259,0.168377,0.762942,-0.024189,0.108529,0.820734,-0.027446,0.119048,0.860006,-0.024746,0.130613,0.878795,-0.025353,0.160513,0.817806,-0.031745,0.112671,0.850212,-0.034746,0.092355,0.871298,-0.033856,0.074831,0.880950,-0.034600
1780503290.347,right,pinch,0.251650,0.872785,-0.000000,0.207913,0.849821,0.008626,0.167757,0.820822,0.003608,0.129416,0.825827,-0.003788,0.101352,0.847232,-0.011570,0.180335,0.692981,-0.006906,0.114445,0.735155,-0.013200,0.087033,0.781301,-0.017471,0.070898,0.818100,-0.020702,0.176082,0.718434,-0.016759,0.107987,0.771335,-0.023004,0.105119,0.822740,-0.025552,0.108788,0.856744,-0.028864,0.168955,0.760718,-0.024887,0.108798,0.817605,-0.028272,0.114935,0.859420,-0.026695,0.123063,0.881332,-0.028161,0.160401,0.816819,-0.032236,0.113108,0.848715,-0.035606,0.092243,0.870693,-0.035530,0.074135,0.881519,-0.036880
1780503290.642,right,pinch,0.253787,0.871929,-0.000000,0.209210,0.853466,0.011559,0.169650,0.829081,0.007624,0.132791,0.838863,0.000600,0.105924,0.862648,-0.007273,0.179362,0.698517,-0.004850,0.114690,0.735546,-0.010199,0.087698,0.780580,-0.014198,0.071128,0.818463,-0.017228,0.175891,0.721774,-0.016056,0.108754,0.769811,-0.020530,0.101290,0.821166,-0.023556,0.100585,0.858977,-0.027726,0.169704,0.762301,-0.025174,0.111163,0.819853,-0.026634,0.116533,0.862209,-0.025804,0.123303,0.884802,-0.028384,0.161844,0.817646,-0.033271,0.115037,0.849644,-0.035104,0.094126,0.870758,-0.034700,0.076074,0.880879,-0.036155
1780503290.895,right,pinch,0.258589,0.873918,-0.000000,0.214020,0.860098,0.008211,0.173678,0.835927,0.003361,0.136337,0.841176,-0.004144,0.108524,0.862156,-0.012034,0.179147,0.705276,-0.006429,0.116711,0.738549,-0.014182,0.089873,0.782757,-0.019889,0.073303,0.820798,-0.023438,0.176198,0.727695,-0.016672,0.108707,0.764266,-0.021720,0.091666,0.813147,-0.024832,0.083162,0.850858,-0.028899,0.171482,0.767327,-0.025429,0.111539,0.820335,-0.028068,0.119501,0.862345,-0.025792,0.130746,0.882680,-0.026540,0.165439,0.821663,-0.033725,0.116096,0.851788,-0.036350,0.095094,0.872958,-0.034998,0.079220,0.881286,-0.035200
1780503291.229,right,pinch,0.274831,0.869556,-0.000001,0.241937,0.830479,0.007929,0.196210,0.804334,0.000596,0.151367,0.820416,-0.008793,0.119452,0.848650,-0.017767,0.206358,0.693562,-0.012159,0.139591,0.724355,-0.024321,0.114156,0.766551,-0.033113,0.101110,0.802407,-0.039184,0.203696,0.719667,-0.022431,0.136497,0.777676,-0.033568,0.148195,0.818633,-0.035521,0.163663,0.836482,-0.038619,0.197812,0.761881,-0.031480,0.135299,0.811632,-0.038469,0.154326,0.840087,-0.032489,0.173885,0.850775,-0.030891,0.190273,0.816722,-0.039825,0.136376,0.848024,-0.045965,0.116354,0.860762,-0.045133,0.099473,0.860602,-0.046072
1780503291.492,right,pinch,0.302098,0.854615,-0.000000,0.254768,0.837248,0.006012,0.208777,0.808513,-0.001949,0.170219,0.814305,-0.012072,0.138929,0.833197,-0.022003,0.232412,0.671339,-0.010396,0.166022,0.703452,-0.025288,0.139002,0.747109,-0.036781,0.124913,0.785289,-0.044444,0.232334,0.692843,-0.021045,0.166886,0.741695,-0.034110,0.176454,0.782092,-0.036764,0.193917,0.797572,-0.039575,0.227091,0.731452,-0.031183,0.162468,0.779673,-0.040670,0.181964,0.812470,-0.033527,0.204083,0.817341,-0.030225,0.220463,0.783973,-0.041104,0.169733,0.830200,-0.050787,0.183841,0.853780,-0.046705,0.202137,0.852233,-0.043277
1780503291.863,right,pinch,0.325780,0.851833,-0.000000,0.271709,0.843829,0.005747,0.223798,0.823622,-0.003135,0.185595,0.826511,-0.014324,0.153020,0.836295,-0.025188,0.255573,0.668890,-0.009804,0.189354,0.696322,-0.025361,0.159982,0.739701,-0.038193,0.142148,0.776525,-0.047103,0.257685,0.683778,-0.021355,0.189283,0.733926,-0.035516,0.196477,0.781248,-0.039283,0.212109,0.802225,-0.042918,0.253189,0.717533,-0.032486,0.186793,0.770518,-0.042195,0.204618,0.810613,-0.034874,0.225432,0.820205,-0.031612,0.246229,0.766171,-0.043662,0.194536,0.814484,-0.053631,0.207396,0.842056,-0.049574,0.225026,0.844482,-0.046148
1780503292.156,right,pinch,0.340133,0.852711,-0.000000,0.281715,0.851350,0.004612,0.235846,0.826371,-0.004541,0.198641,0.819871,-0.016402,0.164829,0.822418,-0.027991,0.269435,0.666645,-0.009584,0.204593,0.693395,-0.025205,0.176012,0.736776,-0.037876,0.157332,0.773173,-0.046711,0.272898,0.677569,-0.021822,0.201558,0.717547,-0.035008,0.197143,0.762913,-0.039420,0.201726,0.786949,-0.044115,0.270389,0.709773,-0.033814,0.202347,0.765000,-0.043342,0.218871,0.806286,-0.036288,0.238683,0.818838,-0.033398,0.264334,0.757963,-0.046205,0.212983,0.808499,-0.056455,0.224744,0.836179,-0.053078,0.242093,0.840546,-0.050239
1780503292.508,right,pinch,0.381439,0.849189,-0.000000,0.315675,0.845730,0.006222,0.269919,0.816849,-0.000668,0.234749,0.804362,-0.011234,0.201413,0.798091,-0.022407,0.308635,0.661038,-0.004258,0.249491,0.674862,-0.020335,0.218350,0.712668,-0.032841,0.197313,0.749734,-0.040614,0.315558,0.664320,-0.017481,0.246000,0.673179,-0.031775,0.217748,0.719050,-0.039207,0.202064,0.753926,-0.044621,0.316911,0.691215,-0.030533,0.250215,0.744247,-0.042004,0.264468,0.787005,-0.038045,0.285333,0.800158,-0.035470,0.311489,0.736701,-0.043631,0.258808,0.787108,-0.052915,0.268981,0.816840,-0.048945,0.287075,0.819243,-0.045349
1780503292.907,right,pinch,0.444739,0.828291,-0.000000,0.397027,0.818330,-0.007537,0.355224,0.783857,-0.021573,0.324095,0.763641,-0.035569,0.290983,0.761538,-0.048384,0.400481,0.639778,-0.021672,0.342102,0.651654,-0.038798,0.311786,0.686299,-0.047823,0.293080,0.717142,-0.053609,0.410215,0.646814,-0.028548,0.342482,0.691397,-0.045930,0.354726,0.740719,-0.045271,0.372430,0.749466,-0.044101,0.411752,0.672939,-0.036523,0.343172,0.726223,-0.050889,0.360658,0.766456,-0.040599,0.381482,0.770765,-0.033708,0.408769,0.711141,-0.045692,0.352188,0.753792,-0.060366,0.359719,0.785926,-0.056552,0.375112,0.792516,-0.052024
1780503293.206,right,pinch,0.540251,0.843325,-0.000000,0.494753,0.815132,-0.010137,0.463142,0.772212,-0.023174,0.435933,0.747706,-0.037075,0.413316,0.732288,-0.049028,0.506011,0.639165,-0.016129,0.454288,0.635839,-0.036388,0.423280,0.664157,-0.050142,0.403120,0.685799,-0.057274,0.519878,0.646704,-0.019989,0.457919,0.683619,-0.032015,0.462588,0.740800,-0.032316,0.476425,0.761959,-0.030813,0.529262,0.677067,-0.025752,0.467120,0.723510,-0.031736,0.478207,0.766241,-0.020629,0.495043,0.771772,-0.012562,0.530611,0.716128,-0.034115,0.480112,0.748443,-0.036942,0.485255,0.775760,-0.027640,0.499063,0.781925,-0.018386
1780503293.525,right,pinch,0.633265,0.844063,-0.000001,0.594943,0.789535,-0.012557,0.560550,0.735231,-0.026413,0.539847,0.698581,-0.041196,0.530667,0.672997,-0.053633,0.610443,0.622612,-0.017640,0.577385,0.590291,-0.035860,0.549775,0.616699,-0.048185,0.532343,0.643420,-0.055326,0.634112,0.621800,-0.020932,0.577098,0.641985,-0.034614,0.564982,0.690096,-0.039143,0.569088,0.716618,-0.041682,0.649415,0.646502,-0.026086,0.594447,0.677633,-0.034830,0.591192,0.714355,-0.030675,0.600012,0.729796,-0.028273,0.657147,0.680671,-0.033802,0.613386,0.709815,-0.038573,0.604190,0.733248,-0.034366,0.604887,0.740777,-0.030087
1780503293.762,right,pinch,0.696906,0.796159,-0.000000,0.662268,0.740404,-0.016040,0.632759,0.675577,-0.029200,0.616162,0.629124,-0.043051,0.617366,0.600553,-0.053021,0.685713,0.585486,-0.017474,0.667508,0.532576,-0.036026,0.645179,0.551764,-0.044095,0.629249,0.572937,-0.047794,0.709988,0.590267,-0.018739,0.665437,0.601929,-0.036299,0.664879,0.654131,-0.039624,0.677158,0.672524,-0.040558,0.728524,0.611814,-0.022773,0.679476,0.635273,-0.035283,0.680426,0.680246,-0.029963,0.692982,0.689798,-0.026236,0.741657,0.640393,-0.029618,0.700595,0.662206,-0.036644,0.696283,0.692161,-0.033533,0.703849,0.697867,-0.030012
1780503293.977,right,pinch,0.687547,0.777391,-0.000000,0.658425,0.730516,-0.004278,0.633507,0.669139,-0.011702,0.616727,0.627079,-0.021684,0.624800,0.592195,-0.029790,0.684445,0.587583,-0.000675,0.672929,0.537655,-0.018460,0.652911,0.543920,-0.028515,0.638987,0.564456,-0.033845,0.705342,0.594068,-0.007972,0.674689,0.581339,-0.025021,0.673909,0.627260,-0.026144,0.685646,0.637161,-0.023817,0.722965,0.613615,-0.018011,0.686166,0.616000,-0.033088,0.685312,0.658430,-0.024128,0.697079,0.663137,-0.015577,0.736784,0.643565,-0.029166,0.701859,0.645333,-0.038594,0.698839,0.677543,-0.031311,0.710090,0.685083,-0.023870
1780503294.121,right,pinch,0.694390,0.765239,-0.000000,0.665459,0.711422,-0.008808,0.643054,0.653172,-0.021008,0.628333,0.608433,-0.034994,0.634899,0.571277,-0.045637,0.702705,0.572338,-0.005794,0.683577,0.524445,-0.024318,0.664133,0.530243,-0.031342,0.649751,0.550899,-0.033923,0.724251,0.578860,-0.010491,0.681107,0.570942,-0.029272,0.677859,0.628202,-0.028618,0.690132,0.641373,-0.024595,0.741741,0.597533,-0.018369,0.693542,0.607658,-0.033740,0.693623,0.656981,-0.023528,0.705786,0.662020,-0.014536,0.753164,0.626169,-0.028028,0.712351,0.631028,-0.037589,0.710461,0.666175,-0.031576,0.721604,0.671261,-0.024910
1780503294.458,right,pinch,0.705863,0.752902,-0.000000,0.676161,0.698841,-0.010874,0.655163,0.637919,-0.023367,0.642411,0.591567,-0.037017,0.649588,0.554900,-0.046968,0.713687,0.561997,-0.005989,0.698027,0.514019,-0.025429,0.678454,0.513758,-0.034302,0.661768,0.527376,-0.038314,0.734895,0.568588,-0.009256,0.695731,0.558349,-0.027998,0.692041,0.611866,-0.028358,0.704398,0.621698,-0.025324,0.751424,0.587105,-0.016033,0.706459,0.591617,-0.030298,0.705976,0.639291,-0.020141,0.717949,0.642569,-0.011725,0.761604,0.615058,-0.024946,0.721367,0.617784,-0.034212,0.720780,0.650636,-0.028662,0.732719,0.653357,-0.022461
1780503294.657,right,pinch,0.718608,0.737143,-0.000000,0.692004,0.687406,-0.010895,0.672489,0.623093,-0.021728,0.660270,0.572468,-0.033496,0.669970,0.535501,-0.041893,0.729297,0.548585,-0.003966,0.717510,0.501376,-0.022390,0.698514,0.499801,-0.031850,0.682273,0.510833,-0.036784,0.750659,0.556300,-0.006937,0.713983,0.543626,-0.026595,0.709166,0.596106,-0.029079,0.720317,0.611806,-0.027301,0.767067,0.576158,-0.013293,0.724936,0.576854,-0.029451,0.723105,0.623829,-0.021436,0.734285,0.631293,-0.013721,0.777741,0.604859,-0.021534,0.739937,0.602650,-0.032341,0.736849,0.636272,-0.027982,0.747044,0.641931,-0.022360
1780503294.966,right,pinch,0.725640,0.731856,-0.000000,0.700851,0.679950,-0.008891,0.682397,0.615862,-0.020420,0.672339,0.565982,-0.033633,0.681807,0.529120,-0.043794,0.740383,0.546421,-0.004112,0.731212,0.496778,-0.023505,0.713037,0.491664,-0.032840,0.695722,0.503032,-0.037102,0.761266,0.555149,-0.008744,0.726458,0.538284,-0.028293,0.720037,0.593115,-0.028995,0.729892,0.611033,-0.025692,0.778294,0.574852,-0.016820,0.737910,0.569361,-0.033134,0.735026,0.619393,-0.023784,0.745800,0.629308,-0.014992,0.790604,0.603630,-0.026637,0.754279,0.594346,-0.036959,0.749878,0.629243,-0.031369,0.759560,0.637246,-0.024907
1780503295.135,right,pinch,0.731924,0.730100,-0.000000,0.706324,0.678204,-0.009201,0.687686,0.613492,-0.020043,0.677279,0.563811,-0.032545,0.687149,0.527808,-0.042127,0.745206,0.544653,-0.004076,0.735690,0.493801,-0.024346,0.717403,0.487351,-0.034509,0.700311,0.496189,-0.039133,0.765939,0.555107,-0.008312,0.731709,0.537626,-0.029250,0.724638,0.590006,-0.031566,0.734619,0.606895,-0.029180,0.782944,0.574868,-0.015993,0.742224,0.568467,-0.034050,0.737835,0.617150,-0.026332,0.748625,0.627034,-0.018090,0.795531,0.603483,-0.025351,0.759038,0.593911,-0.036753,0.752858,0.628055,-0.031971,0.761608,0.637388,-0.025752
1780503295.490,right,pinch,0.744956,0.728924,-0.000000,0.720378,0.674500,-0.009146,0.703562,0.607809,-0.019519,0.694407,0.555473,-0.031525,0.705555,0.519453,-0.040590,0.761167,0.548733,-0.001837,0.755966,0.495797,-0.020419,0.738015,0.487633,-0.029679,0.720365,0.493463,-0.034150,0.782130,0.557849,-0.005830,0.749441,0.537678,-0.026067,0.742306,0.591088,-0.028225,0.752485,0.609093,-0.025732,0.799154,0.576689,-0.013278,0.760062,0.567511,-0.031168,0.756724,0.616561,-0.023534,0.768312,0.627324,-0.015259,0.811367,0.603407,-0.022277,0.775678,0.591029,-0.034063,0.770398,0.625993,-0.029384,0.780050,0.635235,-0.023122
1780503295.743,right,pinch,0.749757,0.726845,-0.000000,0.724133,0.672887,-0.007203,0.707064,0.606886,-0.016595,0.700114,0.555709,-0.028144,0.708877,0.517388,-0.036970,0.765285,0.545525,-0.000907,0.761365,0.493287,-0.019829,0.742939,0.483937,-0.029562,0.724295,0.490550,-0.033992,0.786386,0.556166,-0.006071,0.754275,0.538095,-0.025755,0.745681,0.588504,-0.028105,0.755258,0.606250,-0.026043,0.803268,0.575461,-0.014579,0.764785,0.565396,-0.031886,0.759607,0.612499,-0.024268,0.770247,0.625131,-0.016199,0.816072,0.602690,-0.024614,0.780177,0.588104,-0.035736,0.773719,0.621132,-0.030746,0.782407,0.633267,-0.024336
1780503295.985,right,pinch,0.756441,0.723552,-0.000000,0.734110,0.666895,-0.009166,0.717634,0.601403,-0.020694,0.710616,0.547609,-0.034045,0.724732,0.513438,-0.044607,0.777994,0.547241,-0.002322,0.772778,0.497359,-0.020399,0.756548,0.486490,-0.028638,0.740830,0.493257,-0.032149,0.798586,0.558736,-0.006391,0.767460,0.538084,-0.025374,0.757940,0.589575,-0.025618,0.766636,0.607211,-0.021914,0.815362,0.578668,-0.013975,0.779247,0.565898,-0.030800,0.772196,0.612886,-0.021714,0.781386,0.624241,-0.012648,0.827611,0.605667,-0.023211,0.795061,0.590373,-0.033529,0.787130,0.622714,-0.027986,0.794928,0.632973,-0.021403
1780503296.157,right,pinch,0.761239,0.718791,-0.000000,0.739950,0.662785,-0.009054,0.725370,0.596881,-0.019907,0.719384,0.543458,-0.032552,0.732597,0.507463,-0.042481,0.787080,0.542497,0.001109,0.781619,0.498150,-0.017222,0.766384,0.484313,-0.026620,0.750253,0.482394,-0.031193,0.806927,0.555046,-0.003114,0.776079,0.528109,-0.022627,0.763981,0.581709,-0.023541,0.772502,0.600322,-0.019868,0.822827,0.575884,-0.011123,0.786442,0.558651,-0.028551,0.777275,0.607842,-0.019618,0.786651,0.619376,-0.010282,0.833939,0.604841,-0.020826,0.800444,0.586090,-0.031148,0.792995,0.619851,-0.025700,0.802741,0.630022,-0.019211
1780503296.305,right,pinch,0.766655,0.714451,-0.000000,0.744291,0.661625,-0.008989,0.728951,0.594591,-0.019017,0.723099,0.539982,-0.030711,0.736747,0.507329,-0.039627,0.788879,0.542005,0.000307,0.787540,0.496522,-0.017432,0.771629,0.482760,-0.026478,0.755220,0.482511,-0.030906,0.808783,0.554745,-0.003501,0.780198,0.530010,-0.022346,0.768367,0.578327,-0.023868,0.776547,0.595931,-0.021083,0.824653,0.575592,-0.010934,0.790472,0.559851,-0.027576,0.781827,0.604892,-0.019741,0.791279,0.616134,-0.011510,0.836587,0.604222,-0.020024,0.804784,0.585630,-0.030082,0.796804,0.616584,-0.025334,0.805686,0.626958,-0.019484
1780503296.462,right,pinch,0.770041,0.713992,-0.000000,0.747331,0.663345,-0.007384,0.733032,0.595327,-0.015764,0.727954,0.542444,-0.026067,0.739478,0.509031,-0.033775,0.792554,0.540529,0.001690,0.790853,0.496666,-0.015499,0.775137,0.481035,-0.023782,0.758290,0.481723,-0.027585,0.812721,0.552676,-0.002949,0.783826,0.526906,-0.021626,0.770994,0.575375,-0.022633,0.778884,0.594159,-0.019231,0.828823,0.573843,-0.011090,0.794024,0.558772,-0.028085,0.784293,0.604451,-0.020180,0.793670,0.615907,-0.011611,0.840944,0.603463,-0.020693,0.808931,0.584812,-0.030654,0.800174,0.615535,-0.025584,0.809074,0.625819,-0.019496
1780503296.773,right,pinch,0.768792,0.714254,-0.000000,0.746541,0.665336,-0.005939,0.731961,0.594577,-0.013789,0.727574,0.539955,-0.023907,0.739197,0.506996,-0.031545,0.791253,0.541456,0.002446,0.789902,0.498102,-0.014349,0.773932,0.481869,-0.021744,0.756564,0.482102,-0.024996,0.811272,0.553821,-0.003060,0.782433,0.527494,-0.021463,0.770442,0.579415,-0.021099,0.780025,0.598225,-0.016676,0.827378,0.573875,-0.012007,0.792007,0.557694,-0.029119,0.782872,0.604785,-0.019798,0.792792,0.616922,-0.010266,0.839029,0.601365,-0.022364,0.806615,0.580402,-0.033102,0.797655,0.612924,-0.027480,0.806459,0.625393,-0.020840
1780503296.883,right,pinch,0.767753,0.713237,-0.000000,0.745295,0.664512,-0.006068,0.731019,0.592652,-0.013142,0.726081,0.538326,-0.022331,0.737797,0.506945,-0.028948,0.789823,0.539205,0.003550,0.788447,0.497072,-0.012750,0.772458,0.481663,-0.020519,0.755555,0.479518,-0.024220,0.809773,0.551964,-0.001707,0.780717,0.528821,-0.019945,0.768720,0.578315,-0.020630,0.777955,0.595427,-0.017053,0.825490,0.572800,-0.010403,0.790318,0.559658,-0.027310,0.781526,0.604533,-0.019235,0.792111,0.614679,-0.010529,0.836809,0.600883,-0.020496,0.805091,0.582221,-0.030691,0.795998,0.613041,-0.025585,0.804976,0.623755,-0.019426
1780503297.024,right,pinch,0.766958,0.713020,-0.000000,0.744277,0.663942,-0.006266,0.730700,0.593706,-0.013340,0.725816,0.540597,-0.022455,0.736238,0.507554,-0.029072,0.789957,0.539148,0.003561,0.788271,0.496295,-0.012899,0.771643,0.480721,-0.020976,0.754027,0.479747,-0.024843,0.810279,0.551634,-0.001510,0.780825,0.524947,-0.019777,0.767886,0.573697,-0.020786,0.775919,0.592624,-0.017386,0.826005,0.571951,-0.010009,0.789369,0.555746,-0.027057,0.779602,0.601700,-0.019278,0.788939,0.614325,-0.010679,0.837119,0.599960,-0.019903,0.803220,0.580010,-0.030701,0.794033,0.612196,-0.026031,0.802658,0.624773,-0.020025
1780503297.138,right,pinch,0.766228,0.713703,-0.000000,0.743850,0.663170,-0.005941,0.730160,0.592557,-0.013243,0.725093,0.540017,-0.022731,0.735501,0.506791,-0.029719,0.789524,0.539051,0.003512,0.787325,0.496389,-0.012895,0.770878,0.481083,-0.020507,0.753262,0.480780,-0.023954,0.809823,0.551703,-0.001903,0.780472,0.525372,-0.020220,0.767477,0.575422,-0.020822,0.776155,0.593886,-0.017025,0.825690,0.572312,-0.010731,0.789277,0.556409,-0.027799,0.779367,0.602804,-0.019653,0.789086,0.614913,-0.010824,0.836846,0.600430,-0.020933,0.803267,0.580581,-0.031664,0.793780,0.612944,-0.026733,0.802570,0.625206,-0.020545
1780503297.278,right,pinch,0.765754,0.713711,-0.000000,0.743066,0.664034,-0.005719,0.729340,0.593339,-0.012525,0.724339,0.539959,-0.021464,0.735155,0.507597,-0.027847,0.788371,0.539279,0.003303,0.786282,0.494956,-0.012628,0.769490,0.480657,-0.019737,0.752032,0.482354,-0.022957,0.808388,0.551753,-0.001981,0.779476,0.524824,-0.019753,0.766857,0.574595,-0.020171,0.775795,0.593782,-0.016500,0.824091,0.572415,-0.010595,0.788205,0.557049,-0.027262,0.778804,0.603184,-0.019219,0.788903,0.615500,-0.010656,0.835243,0.600440,-0.020540,0.802178,0.580664,-0.031071,0.792868,0.612519,-0.026218,0.801587,0.624572,-0.020207
1780503297.457,right,pinch,0.765236,0.713040,-0.000000,0.742837,0.661492,-0.006508,0.729008,0.592119,-0.014333,0.723618,0.538683,-0.024183,0.735073,0.506629,-0.031440,0.789583,0.538690,0.003067,0.786910,0.495349,-0.013220,0.770438,0.480950,-0.020775,0.753200,0.480940,-0.024287,0.809436,0.551590,-0.002039,0.779154,0.523675,-0.020186,0.766574,0.573767,-0.020832,0.775347,0.592874,-0.017241,0.824974,0.572275,-0.010584,0.788104,0.555195,-0.027547,0.778413,0.601687,-0.019495,0.788274,0.614002,-0.010815,0.835779,0.600265,-0.020539,0.801908,0.579369,-0.031253,0.792753,0.611856,-0.026473,0.801748,0.624155,-0.020465
1780503297.598,right,pinch,0.765416,0.713588,-0.000000,0.742686,0.662655,-0.006421,0.729313,0.592478,-0.013469,0.724057,0.539419,-0.022495,0.734691,0.506391,-0.028938,0.789114,0.538738,0.003421,0.787600,0.495594,-0.013047,0.771267,0.481290,-0.021005,0.753629,0.480167,-0.024740,0.808867,0.551603,-0.001495,0.779101,0.525226,-0.019868,0.766307,0.574576,-0.021136,0.774311,0.593664,-0.018003,0.824269,0.572260,-0.009839,0.788097,0.555387,-0.027057,0.778089,0.602105,-0.019518,0.787428,0.614827,-0.011099,0.835115,0.600423,-0.019555,0.802094,0.578992,-0.030339,0.792528,0.611815,-0.025636,0.800911,0.624648,-0.019631
1780503297.873,right,pinch,0.763256,0.713676,-0.000000,0.741813,0.662893,-0.006699,0.728319,0.593300,-0.015146,0.722973,0.539320,-0.025842,0.734206,0.505855,-0.033990,0.788088,0.539854,0.002805,0.786588,0.496510,-0.014578,0.770302,0.480350,-0.022534,0.752454,0.479203,-0.026000,0.807740,0.553032,-0.002408,0.778204,0.525333,-0.020971,0.765340,0.576810,-0.020889,0.774396,0.594553,-0.016579,0.823436,0.573609,-0.011277,0.786818,0.555692,-0.028909,0.776889,0.603569,-0.020147,0.786735,0.615411,-0.010778,0.834547,0.601395,-0.021589,0.801186,0.579035,-0.032490,0.791562,0.612385,-0.027137,0.800221,0.624917,-0.020630
1780503298.030,right,pinch,0.764492,0.714279,-0.000000,0.742232,0.660512,-0.006401,0.729073,0.591263,-0.014326,0.723420,0.539278,-0.024278,0.734013,0.505655,-0.031547,0.790239,0.537369,0.002630,0.786544,0.495935,-0.013432,0.770080,0.481248,-0.020689,0.752440,0.479897,-0.024001,0.809973,0.550579,-0.002683,0.778252,0.525818,-0.020004,0.765632,0.576267,-0.020177,0.774864,0.593406,-0.016576,0.825030,0.572305,-0.011404,0.787112,0.557641,-0.027382,0.777519,0.604228,-0.018957,0.788047,0.614969,-0.010472,0.835094,0.601175,-0.021603,0.801213,0.581298,-0.031440,0.791482,0.613219,-0.026205,0.800292,0.624674,-0.020117
1780503298.219,right,pinch,0.762294,0.709682,-0.000000,0.741702,0.656171,-0.005992,0.729409,0.588618,-0.014232,0.724286,0.537260,-0.024469,0.734096,0.501679,-0.032266,0.795103,0.538462,0.001947,0.788830,0.494712,-0.014373,0.770500,0.479126,-0.023272,0.752368,0.478838,-0.028141,0.814595,0.551345,-0.003467,0.779768,0.522331,-0.020958,0.766892,0.570795,-0.022448,0.776222,0.591611,-0.020195,0.828149,0.572801,-0.012021,0.786753,0.552492,-0.028019,0.777414,0.597652,-0.020327,0.787567,0.612363,-0.012626,0.835705,0.601942,-0.022044,0.798580,0.579802,-0.033305,0.789404,0.610753,-0.029161,0.798021,0.624835,-0.023724
1780503298.597,right,pinch,0.769974,0.721460,-0.000000,0.759339,0.640817,-0.006434,0.762511,0.568847,-0.019081,0.758965,0.517521,-0.031280,0.750323,0.469466,-0.042067,0.843756,0.575323,-0.023900,0.810272,0.492256,-0.040647,0.779320,0.468159,-0.049936,0.757162,0.460813,-0.056222,0.837280,0.594475,-0.029361,0.782989,0.522330,-0.045553,0.772545,0.554176,-0.046759,0.780839,0.577854,-0.048960,0.820286,0.609672,-0.035359,0.763482,0.545292,-0.047731,0.757649,0.582346,-0.038754,0.768736,0.604017,-0.034397,0.797025,0.622136,-0.042298,0.754932,0.568036,-0.054121,0.750798,0.597726,-0.049958,0.761163,0.617898,-0.046498
1780503298.921,right,pinch,0.782848,0.739985,-0.000000,0.811156,0.689229,-0.001432,0.826274,0.614079,-0.015212,0.811346,0.542025,-0.028318,0.794025,0.497096,-0.041536,0.860215,0.618847,-0.035751,0.835622,0.518779,-0.049225,0.809167,0.482554,-0.051575,0.788570,0.466385,-0.052969,0.835900,0.632730,-0.043191,0.803082,0.532837,-0.055815,0.793404,0.560307,-0.050369,0.797723,0.590119,-0.048284,0.806848,0.638226,-0.049257,0.776558,0.541840,-0.058942,0.772626,0.576309,-0.046969,0.780546,0.607327,-0.040890,0.776688,0.641237,-0.055044,0.758545,0.564726,-0.063629,0.756484,0.592132,-0.056501,0.762613,0.616984,-0.051702
1780503299.074,right,pinch,0.776887,0.743904,-0.000000,0.807453,0.691950,-0.000604,0.823470,0.616296,-0.013274,0.813124,0.544439,-0.025215,0.797429,0.499245,-0.037586,0.853306,0.617591,-0.035468,0.827426,0.517692,-0.048010,0.802571,0.481209,-0.050212,0.783524,0.463351,-0.051573,0.827507,0.630295,-0.043097,0.797779,0.532441,-0.054781,0.788854,0.557065,-0.049792,0.791612,0.586489,-0.048091,0.797812,0.636821,-0.048962,0.771368,0.543700,-0.058598,0.768750,0.576275,-0.047373,0.775933,0.608257,-0.041504,0.767358,0.641227,-0.054304,0.752127,0.563521,-0.062533,0.750898,0.589574,-0.055101,0.756836,0.615475,-0.050008
1780503299.280,right,pinch,0.771524,0.738994,-0.000000,0.799820,0.682499,-0.000838,0.813266,0.608542,-0.014441,0.800642,0.538989,-0.027649,0.783843,0.494556,-0.041146,0.848401,0.611461,-0.034499,0.820083,0.512987,-0.049223,0.793603,0.477807,-0.053479,0.773386,0.461469,-0.056048,0.824859,0.627568,-0.042267,0.789327,0.533719,-0.056273,0.780851,0.558821,-0.052968,0.785472,0.587700,-0.052308,0.796221,0.636263,-0.048604,0.763212,0.544494,-0.059859,0.760021,0.576944,-0.049525,0.768707,0.607812,-0.044121,0.766392,0.642094,-0.054520,0.744874,0.566454,-0.063897,0.743120,0.591359,-0.057546,0.750347,0.616550,-0.053096
1780503299.433,right,pinch,0.768501,0.737467,-0.000000,0.795485,0.679438,-0.000462,0.806305,0.604031,-0.013902,0.790374,0.535348,-0.027247,0.772689,0.491254,-0.040634,0.844208,0.609840,-0.032406,0.816862,0.511362,-0.047148,0.789105,0.477513,-0.051928,0.768372,0.462583,-0.054858,0.821443,0.625390,-0.040297,0.784310,0.532309,-0.054406,0.775493,0.559214,-0.051642,0.780521,0.589121,-0.051289,0.793638,0.634191,-0.046867,0.759395,0.544853,-0.057154,0.755591,0.577202,-0.047031,0.764024,0.606673,-0.041940,0.764591,0.640499,-0.053117,0.742581,0.565706,-0.061083,0.740422,0.589519,-0.054470,0.747178,0.613870,-0.049985
1780503299.537,right,pinch,0.758641,0.733235,-0.000000,0.777127,0.663473,-0.002365,0.783383,0.584442,-0.016125,0.766908,0.520307,-0.029643,0.750825,0.473765,-0.042634,0.836734,0.590262,-0.028320,0.804285,0.499706,-0.043579,0.774647,0.472595,-0.050366,0.754224,0.463113,-0.054947,0.818945,0.610661,-0.035771,0.772562,0.523771,-0.051233,0.762409,0.554226,-0.050912,0.767377,0.583130,-0.052058,0.793939,0.625484,-0.042518,0.749942,0.545791,-0.053719,0.746586,0.578813,-0.044957,0.755764,0.604492,-0.040711,0.766142,0.636311,-0.049248,0.736328,0.565144,-0.058423,0.733546,0.588639,-0.052700,0.740742,0.610717,-0.048563
1780503299.689,right,pinch,0.749511,0.731933,-0.000000,0.753803,0.648177,-0.004367,0.758689,0.572110,-0.018365,0.747714,0.515525,-0.032452,0.734838,0.468864,-0.045850,0.828157,0.578555,-0.026802,0.795373,0.493860,-0.042990,0.766753,0.470385,-0.051702,0.746536,0.462526,-0.057681,0.815966,0.600852,-0.034130,0.767138,0.524111,-0.050294,0.757869,0.558722,-0.052079,0.763978,0.586997,-0.054708,0.794158,0.619395,-0.041244,0.745131,0.546501,-0.053052,0.741533,0.583061,-0.045986,0.751887,0.608419,-0.043041,0.766935,0.633916,-0.048758,0.730880,0.567700,-0.058833,0.727815,0.590881,-0.054477,0.736314,0.612941,-0.051295
1780503299.846,right,pinch,0.744932,0.730701,-0.000000,0.746107,0.643909,-0.003621,0.750979,0.571658,-0.017840,0.742377,0.519328,-0.032254,0.728953,0.474460,-0.045810,0.822936,0.574333,-0.027156,0.789261,0.489480,-0.044388,0.758576,0.465552,-0.053830,0.735797,0.457025,-0.059940,0.811248,0.597453,-0.034779,0.761034,0.524112,-0.050986,0.751662,0.558447,-0.052520,0.758157,0.586395,-0.055056,0.789786,0.615779,-0.042187,0.738825,0.547476,-0.053046,0.734966,0.582831,-0.045304,0.745968,0.606691,-0.042181,0.763085,0.629763,-0.050119,0.726250,0.567906,-0.058725,0.723026,0.592015,-0.053452,0.731790,0.613203,-0.049804
1780503299.980,right,pinch,0.741412,0.729330,-0.000000,0.738703,0.640839,-0.003556,0.743636,0.569926,-0.017334,0.737014,0.518276,-0.031430,0.724607,0.471339,-0.044714,0.817945,0.572109,-0.025282,0.784422,0.490745,-0.042611,0.754549,0.467310,-0.053190,0.732381,0.457810,-0.060296,0.807342,0.595997,-0.032884,0.756589,0.525666,-0.048659,0.747973,0.557852,-0.051069,0.754397,0.584330,-0.054734,0.786754,0.615780,-0.040401,0.735458,0.549055,-0.050861,0.731196,0.583080,-0.043238,0.741393,0.606382,-0.040527,0.761062,0.631520,-0.048568,0.723974,0.570942,-0.057303,0.720509,0.594538,-0.052396,0.729132,0.615450,-0.049139
1780503300.114,right,pinch,0.739795,0.730790,-0.000000,0.734108,0.641380,-0.004436,0.739457,0.571186,-0.017815,0.734494,0.521395,-0.031376,0.723362,0.474270,-0.043953,0.817720,0.575648,-0.025342,0.782067,0.492888,-0.042495,0.751955,0.470865,-0.052688,0.730286,0.461501,-0.059587,0.806459,0.599642,-0.032467,0.755268,0.525197,-0.048832,0.746824,0.559040,-0.051202,0.753571,0.585681,-0.054643,0.785504,0.618886,-0.039630,0.733599,0.547193,-0.051163,0.729349,0.583121,-0.043652,0.739753,0.607416,-0.040626,0.758956,0.633603,-0.047513,0.721380,0.569091,-0.057485,0.718025,0.593363,-0.053114,0.726893,0.615289,-0.049984
1780503300.277,right,pinch,0.742942,0.731521,-0.000000,0.744596,0.647809,-0.003746,0.747266,0.573611,-0.019014,0.735399,0.517903,-0.034421,0.719404,0.470977,-0.049045,0.819096,0.578647,-0.031072,0.783190,0.493030,-0.048356,0.752419,0.470249,-0.056853,0.730927,0.460545,-0.062636,0.805463,0.602350,-0.039135,0.755158,0.526073,-0.055648,0.746572,0.559978,-0.055898,0.753511,0.586742,-0.058085,0.782876,0.621027,-0.046777,0.731916,0.550021,-0.057742,0.727640,0.586707,-0.048483,0.738445,0.611318,-0.044801,0.756358,0.635011,-0.055000,0.719649,0.574155,-0.064543,0.716601,0.599391,-0.059440,0.726000,0.621034,-0.056132
1780503300.412,right,pinch,0.742689,0.730799,-0.000000,0.738719,0.640870,-0.004095,0.742791,0.569383,-0.018106,0.736236,0.517897,-0.032364,0.722285,0.473094,-0.045761,0.819927,0.577729,-0.026467,0.784499,0.494329,-0.043485,0.754613,0.470909,-0.052841,0.734021,0.461413,-0.059156,0.808588,0.601642,-0.034084,0.756278,0.526532,-0.050575,0.746018,0.559263,-0.051911,0.752049,0.585488,-0.054477,0.787284,0.620053,-0.041645,0.733880,0.549678,-0.053327,0.728749,0.585741,-0.045403,0.739057,0.610205,-0.042053,0.760744,0.633723,-0.049855,0.721727,0.572442,-0.059578,0.717674,0.596838,-0.055122,0.726659,0.618279,-0.052018
1780503300.614,right,pinch,0.743710,0.733746,-0.000000,0.739591,0.644211,-0.003853,0.743581,0.571552,-0.017185,0.736658,0.519848,-0.030967,0.724576,0.473938,-0.043851,0.820639,0.578624,-0.023839,0.787118,0.496339,-0.041281,0.757443,0.473841,-0.051769,0.735493,0.464734,-0.058855,0.811115,0.601437,-0.031452,0.760122,0.525681,-0.047430,0.749851,0.562274,-0.049113,0.756272,0.589517,-0.051912,0.791006,0.619413,-0.039237,0.737621,0.549471,-0.050306,0.732181,0.588193,-0.042156,0.742517,0.613184,-0.038808,0.764732,0.633528,-0.047770,0.724899,0.573879,-0.057232,0.721347,0.601260,-0.052464,0.730852,0.624028,-0.049140
1780503300.822,right,pinch,0.742292,0.730595,-0.000000,0.737493,0.641098,-0.004779,0.742212,0.571262,-0.018225,0.736114,0.520986,-0.031842,0.723213,0.475106,-0.044519,0.820665,0.579755,-0.024458,0.787442,0.495915,-0.042542,0.757441,0.471673,-0.053480,0.734904,0.461876,-0.060651,0.810597,0.602813,-0.031582,0.760364,0.525481,-0.048728,0.749483,0.559368,-0.051424,0.754710,0.586700,-0.054548,0.790210,0.620863,-0.038920,0.737383,0.549998,-0.050985,0.731375,0.586821,-0.043668,0.740986,0.611432,-0.040399,0.763889,0.634662,-0.047048,0.724606,0.575159,-0.056953,0.720609,0.600668,-0.052705,0.729773,0.622142,-0.049548
1780503300.945,right,pinch,0.744235,0.734775,-0.000000,0.756942,0.660815,-0.002880,0.760904,0.583348,-0.018206,0.744735,0.521598,-0.033387,0.727085,0.476360,-0.047870,0.821444,0.588585,-0.032195,0.788124,0.499925,-0.048683,0.757675,0.475271,-0.056083,0.735444,0.464651,-0.061121,0.805824,0.610472,-0.039963,0.757433,0.528714,-0.055188,0.749113,0.561408,-0.054633,0.755777,0.588449,-0.056538,0.781684,0.626324,-0.046980,0.734052,0.549155,-0.056675,0.730837,0.583126,-0.047471,0.741774,0.607133,-0.044179,0.753931,0.636809,-0.054295,0.719725,0.570930,-0.062706,0.717219,0.595688,-0.057280,0.725972,0.617537,-0.054064
1780503301.164,right,pinch,0.749136,0.734526,-0.000000,0.773459,0.670621,-0.003220,0.780956,0.595611,-0.020010,0.762592,0.528394,-0.035953,0.741584,0.484491,-0.051693,0.824265,0.595640,-0.040804,0.792037,0.502882,-0.054450,0.762547,0.475028,-0.056363,0.740485,0.463607,-0.057506,0.803947,0.616376,-0.047858,0.759394,0.526968,-0.060720,0.750373,0.556269,-0.055812,0.755698,0.584122,-0.054750,0.777485,0.629405,-0.053297,0.735341,0.542940,-0.061183,0.731991,0.576085,-0.049916,0.741361,0.603398,-0.045491,0.749134,0.638452,-0.058740,0.720041,0.565759,-0.065650,0.718416,0.589293,-0.059147,0.726248,0.612400,-0.055430
1780503301.320,right,pinch,0.750609,0.732353,-0.000000,0.775972,0.673179,-0.003474,0.785434,0.599149,-0.020163,0.768106,0.531523,-0.035918,0.749352,0.486547,-0.051551,0.824885,0.600523,-0.041410,0.794317,0.505587,-0.056180,0.766182,0.474191,-0.058556,0.744953,0.460704,-0.059806,0.802600,0.620596,-0.048410,0.762873,0.528497,-0.062363,0.755000,0.556675,-0.057230,0.760437,0.584969,-0.055662,0.775159,0.632514,-0.053921,0.737797,0.541416,-0.063638,0.734984,0.574822,-0.051854,0.744399,0.603545,-0.046433,0.746746,0.641043,-0.059328,0.722386,0.564675,-0.067216,0.721064,0.588617,-0.060237,0.728543,0.612657,-0.055941
1780503301.562,right,pinch,0.749773,0.728454,-0.000000,0.776834,0.673007,-0.004183,0.790300,0.601356,-0.019577,0.777937,0.534231,-0.033477,0.761089,0.491581,-0.047399,0.824002,0.604996,-0.041906,0.795172,0.511079,-0.055606,0.768377,0.478378,-0.057290,0.747595,0.464019,-0.058153,0.801025,0.624726,-0.047974,0.763519,0.531618,-0.061276,0.755816,0.556741,-0.056154,0.760417,0.585235,-0.054541,0.773103,0.635600,-0.052426,0.738869,0.543415,-0.062254,0.736015,0.574790,-0.051030,0.744094,0.604515,-0.045676,0.744099,0.643002,-0.056717,0.722034,0.566721,-0.065278,0.721087,0.590451,-0.058859,0.728262,0.614168,-0.054756
1780503301.736,right,pinch,0.749051,0.729003,-0.000000,0.775848,0.671975,-0.004532,0.786539,0.594853,-0.021220,0.769223,0.523611,-0.036449,0.750701,0.478312,-0.051572,0.822509,0.605556,-0.042739,0.794305,0.512445,-0.057569,0.766709,0.479071,-0.060080,0.744905,0.462900,-0.061500,0.799032,0.626470,-0.049385,0.762355,0.529515,-0.063790,0.754767,0.555552,-0.058992,0.759183,0.584422,-0.057505,0.770906,0.637470,-0.054555,0.737585,0.541382,-0.065380,0.735623,0.574476,-0.053898,0.743981,0.604827,-0.048184,0.742073,0.644269,-0.059546,0.720619,0.565967,-0.068568,0.720247,0.590311,-0.061930,0.727453,0.614729,-0.057654
1780503301.975,right,pinch,0.748081,0.729913,-0.000000,0.774842,0.672598,-0.004388,0.787931,0.597413,-0.020050,0.774138,0.527513,-0.034159,0.757597,0.482730,-0.048286,0.821692,0.607167,-0.041903,0.791887,0.515146,-0.055577,0.765276,0.481879,-0.057559,0.744498,0.464254,-0.058800,0.797568,0.628249,-0.048386,0.761077,0.534098,-0.061642,0.754637,0.559548,-0.056776,0.759765,0.587561,-0.055521,0.769063,0.640095,-0.053286,0.736878,0.545234,-0.063534,0.734849,0.576657,-0.052266,0.743190,0.606400,-0.046817,0.739890,0.647927,-0.057986,0.719391,0.568665,-0.066947,0.718954,0.591932,-0.060430,0.726139,0.616071,-0.056256
1780503302.339,right,pinch,0.748374,0.732449,-0.000000,0.774293,0.676684,-0.005742,0.786600,0.601461,-0.023458,0.771667,0.530027,-0.039250,0.753320,0.484550,-0.055165,0.821480,0.611440,-0.046915,0.790922,0.517108,-0.060993,0.763529,0.483290,-0.062555,0.742227,0.466574,-0.063473,0.797051,0.631444,-0.052896,0.760810,0.534516,-0.065903,0.753291,0.559703,-0.059819,0.757920,0.587978,-0.057930,0.768618,0.641792,-0.057139,0.736269,0.544605,-0.066413,0.733568,0.576394,-0.053976,0.741718,0.606806,-0.048296,0.739972,0.647931,-0.061365,0.718775,0.569463,-0.069568,0.718220,0.593363,-0.062576,0.725301,0.617881,-0.058441
1780503302.515,right,pinch,0.748058,0.732841,-0.000000,0.774123,0.675772,-0.005962,0.785069,0.599930,-0.024452,0.767150,0.528923,-0.041216,0.747278,0.484523,-0.058020,0.821439,0.612523,-0.046755,0.791350,0.516408,-0.061215,0.764163,0.483451,-0.062625,0.743285,0.468220,-0.063347,0.797189,0.633256,-0.053001,0.760162,0.533646,-0.066803,0.752808,0.560347,-0.060588,0.757986,0.588481,-0.058252,0.768724,0.643941,-0.057656,0.735149,0.544357,-0.067722,0.733274,0.578125,-0.055200,0.741722,0.609023,-0.049155,0.739710,0.649834,-0.062290,0.717783,0.570118,-0.071105,0.717855,0.595315,-0.064182,0.725174,0.621149,-0.059889
1780503302.670,right,pinch,0.747385,0.735333,-0.000000,0.773740,0.677916,-0.005248,0.785168,0.600176,-0.022436,0.767483,0.529024,-0.038242,0.747325,0.485810,-0.054178,0.820591,0.612686,-0.043845,0.790143,0.516109,-0.058779,0.762519,0.483615,-0.061530,0.741176,0.468554,-0.063294,0.796020,0.632883,-0.050540,0.759041,0.533424,-0.064959,0.752325,0.561428,-0.059974,0.757897,0.590975,-0.058488,0.767459,0.644044,-0.055791,0.734142,0.545118,-0.066630,0.732498,0.580081,-0.054795,0.741278,0.611870,-0.048991,0.738304,0.651374,-0.061014,0.716873,0.572480,-0.070486,0.717274,0.598534,-0.063919,0.724982,0.624775,-0.059754
1780503302.888,right,pinch,0.747832,0.733528,-0.000000,0.773937,0.676233,-0.005405,0.786504,0.604662,-0.023282,0.772212,0.536663,-0.039587,0.752540,0.495555,-0.056088,0.820067,0.612893,-0.046851,0.789898,0.516188,-0.061331,0.762025,0.483738,-0.062359,0.741034,0.470267,-0.062701,0.796034,0.633575,-0.053319,0.758502,0.533872,-0.067633,0.748998,0.558366,-0.061467,0.753144,0.586536,-0.058963,0.767785,0.644087,-0.058126,0.734081,0.546119,-0.068802,0.730867,0.578081,-0.056453,0.738368,0.609848,-0.050212,0.738850,0.649902,-0.062878,0.717075,0.571961,-0.072129,0.716428,0.595635,-0.065435,0.723558,0.620722,-0.061096
1780503303.026,right,pinch,0.747795,0.733739,-0.000000,0.773327,0.676879,-0.005839,0.784809,0.604395,-0.024907,0.767784,0.534067,-0.042473,0.747702,0.489744,-0.060117,0.821425,0.613087,-0.047281,0.791839,0.517066,-0.062074,0.764461,0.484073,-0.063099,0.743570,0.469693,-0.063460,0.797512,0.633270,-0.054097,0.760008,0.532823,-0.068551,0.750395,0.559135,-0.061850,0.755121,0.587122,-0.058935,0.769247,0.643763,-0.059401,0.734708,0.544574,-0.069895,0.731677,0.578011,-0.056701,0.739883,0.609289,-0.050128,0.740265,0.649518,-0.064769,0.717699,0.571099,-0.073884,0.717042,0.595520,-0.066823,0.724420,0.620736,-0.062365
1780503303.178,right,pinch,0.747435,0.733293,-0.000000,0.773250,0.674700,-0.006074,0.784298,0.599673,-0.025240,0.766015,0.528908,-0.042672,0.745094,0.485836,-0.060302,0.820992,0.613858,-0.049357,0.791446,0.517266,-0.063525,0.764423,0.484681,-0.064202,0.744027,0.470589,-0.064571,0.796566,0.635044,-0.055911,0.760363,0.533888,-0.069853,0.751451,0.559820,-0.063172,0.755902,0.588595,-0.060576,0.768028,0.645714,-0.060651,0.735483,0.543962,-0.070742,0.732497,0.577331,-0.057854,0.740032,0.609917,-0.051669,0.738802,0.651191,-0.065370,0.717682,0.570245,-0.074491,0.717618,0.594279,-0.067571,0.724745,0.620710,-0.063307
1780503303.326,right,pinch,0.748969,0.730877,-0.000000,0.776316,0.675842,-0.004726,0.790608,0.603377,-0.023671,0.776538,0.532986,-0.041008,0.757361,0.489381,-0.058918,0.821644,0.618750,-0.051144,0.792796,0.519142,-0.065303,0.767065,0.483294,-0.065779,0.747107,0.467589,-0.065878,0.794185,0.638414,-0.058323,0.762083,0.535546,-0.071439,0.755884,0.560880,-0.063633,0.761364,0.590657,-0.060538,0.764130,0.647350,-0.063362,0.736779,0.543791,-0.072943,0.735121,0.575486,-0.058645,0.742860,0.608309,-0.051653,0.734581,0.651542,-0.068235,0.718708,0.568308,-0.076614,0.718917,0.592164,-0.068145,0.724842,0.618711,-0.062936
1780503303.625,right,pinch,0.751911,0.733076,-0.000000,0.782013,0.677503,-0.005905,0.798615,0.601749,-0.023841,0.782879,0.531547,-0.039946,0.760500,0.492884,-0.057174,0.821478,0.634248,-0.050604,0.798161,0.526880,-0.065352,0.775799,0.485887,-0.068355,0.757649,0.467812,-0.070325,0.790940,0.651443,-0.056950,0.767577,0.544913,-0.069896,0.763223,0.566873,-0.064175,0.768775,0.597896,-0.062819,0.759373,0.657671,-0.061191,0.741392,0.549911,-0.071765,0.740731,0.579829,-0.059229,0.747036,0.615422,-0.052977,0.728829,0.657759,-0.065242,0.721270,0.573931,-0.074327,0.723096,0.597814,-0.066200,0.727679,0.627503,-0.061259
1780503303.897,right,pinch,0.742864,0.750810,-0.000000,0.774605,0.708367,-0.010193,0.799201,0.646786,-0.018618,0.806963,0.586578,-0.025501,0.801653,0.545136,-0.033392,0.819867,0.655479,-0.025019,0.803932,0.562850,-0.038701,0.787571,0.532714,-0.044026,0.781142,0.525554,-0.046510,0.796842,0.674335,-0.027534,0.778757,0.589782,-0.040380,0.765138,0.551438,-0.044531,0.760008,0.528610,-0.047745,0.769379,0.685838,-0.030147,0.750680,0.609471,-0.044836,0.740593,0.575794,-0.046688,0.737972,0.561006,-0.046845,0.741708,0.691476,-0.032829,0.728297,0.627821,-0.045544,0.723283,0.603161,-0.045964,0.721577,0.593575,-0.044276
1780503304.084,right,pinch,0.749342,0.731955,-0.000000,0.780020,0.676356,-0.005540,0.798094,0.599951,-0.022293,0.783813,0.527683,-0.037221,0.761832,0.487370,-0.053218,0.820232,0.634318,-0.048099,0.796549,0.527811,-0.061643,0.774246,0.486288,-0.064149,0.756611,0.466877,-0.065804,0.789508,0.652591,-0.053969,0.766225,0.545387,-0.065346,0.762818,0.564325,-0.059643,0.768245,0.594435,-0.058673,0.757673,0.660562,-0.057722,0.741089,0.550105,-0.067764,0.740307,0.577606,-0.055988,0.745857,0.613977,-0.050189,0.726477,0.661922,-0.061156,0.720497,0.573434,-0.070087,0.722492,0.595516,-0.062387,0.726122,0.626872,-0.057711
1780503304.314,right,pinch,0.748963,0.731430,-0.000000,0.779692,0.675563,-0.005242,0.797393,0.598564,-0.022488,0.783395,0.526850,-0.037897,0.761442,0.486399,-0.054505,0.818773,0.633805,-0.050569,0.794989,0.528347,-0.063899,0.773031,0.487316,-0.065346,0.755337,0.468729,-0.066279,0.787932,0.653641,-0.056821,0.764983,0.546046,-0.067955,0.762157,0.565719,-0.061087,0.768103,0.596072,-0.059417,0.756033,0.662812,-0.060757,0.739781,0.551255,-0.070508,0.739503,0.579188,-0.057670,0.745450,0.615661,-0.051391,0.724950,0.665300,-0.064325,0.719197,0.575764,-0.073124,0.721870,0.597723,-0.064909,0.725966,0.628929,-0.060032
1780503304.461,right,pinch,0.746778,0.732518,-0.000000,0.776829,0.678611,-0.006488,0.794440,0.603629,-0.024778,0.780470,0.532364,-0.041093,0.760008,0.489514,-0.058383,0.818119,0.636964,-0.051874,0.795905,0.530339,-0.066078,0.773251,0.487943,-0.067882,0.754464,0.469585,-0.068933,0.787488,0.655690,-0.057852,0.764763,0.546148,-0.069623,0.760652,0.567637,-0.062450,0.766687,0.598059,-0.060370,0.755893,0.663491,-0.061753,0.739466,0.550320,-0.071964,0.738706,0.580385,-0.058210,0.744690,0.617390,-0.051295,0.724947,0.664779,-0.065499,0.718845,0.575902,-0.075025,0.720871,0.599008,-0.066582,0.724712,0.629840,-0.061391
1780503304.661,right,pinch,0.746320,0.736847,-0.000000,0.775324,0.683019,-0.005796,0.792180,0.605219,-0.022739,0.779089,0.532265,-0.038006,0.761290,0.486411,-0.054204,0.816690,0.636411,-0.048311,0.793466,0.532136,-0.062301,0.771132,0.489776,-0.064883,0.752237,0.468450,-0.066644,0.786268,0.655208,-0.054630,0.763484,0.548731,-0.066445,0.761171,0.570412,-0.060572,0.767828,0.600310,-0.059481,0.754457,0.664295,-0.058984,0.738208,0.553093,-0.069335,0.738031,0.583138,-0.056479,0.744444,0.619054,-0.050083,0.723580,0.667334,-0.063176,0.717202,0.577450,-0.072953,0.718990,0.600160,-0.064811,0.722467,0.630792,-0.059691
1780503304.776,right,pinch,0.747396,0.731564,-0.000000,0.776823,0.674681,-0.007454,0.792947,0.599671,-0.026637,0.779039,0.529481,-0.043705,0.757851,0.488657,-0.061917,0.815770,0.636998,-0.053703,0.793222,0.531116,-0.068415,0.771549,0.487759,-0.070725,0.753937,0.468304,-0.071998,0.784833,0.657758,-0.059280,0.762583,0.548779,-0.071544,0.758582,0.566709,-0.064519,0.764665,0.595811,-0.062437,0.752929,0.666247,-0.062791,0.737168,0.553191,-0.073497,0.736785,0.580189,-0.060046,0.742305,0.617635,-0.053045,0.721846,0.666823,-0.066191,0.716636,0.576814,-0.075752,0.719635,0.596959,-0.067353,0.723469,0.628049,-0.062141
1780503305.062,right,pinch,0.747092,0.734597,-0.000000,0.776295,0.683202,-0.008048,0.793276,0.610484,-0.027731,0.780786,0.540644,-0.045239,0.762203,0.496258,-0.063752,0.816679,0.636416,-0.054725,0.793481,0.530777,-0.069955,0.770716,0.486674,-0.071818,0.751578,0.467443,-0.072544,0.786233,0.656664,-0.060305,0.763424,0.546476,-0.072946,0.758193,0.568407,-0.065202,0.764146,0.599199,-0.062174,0.754488,0.665626,-0.063956,0.737922,0.551977,-0.075110,0.736898,0.581345,-0.060888,0.742767,0.618471,-0.053235,0.723566,0.667351,-0.067561,0.716845,0.577619,-0.077975,0.719098,0.600218,-0.069442,0.723099,0.630965,-0.063794
1780503305.217,right,pinch,0.748284,0.732434,-0.000000,0.777973,0.680996,-0.008122,0.795854,0.608076,-0.027463,0.782820,0.536340,-0.044443,0.762620,0.493356,-0.062439,0.817633,0.635687,-0.054899,0.793957,0.529598,-0.069854,0.771176,0.486740,-0.071845,0.752829,0.467363,-0.072876,0.786714,0.655189,-0.060296,0.764132,0.546975,-0.073400,0.759619,0.566848,-0.066671,0.765084,0.597332,-0.064547,0.754928,0.663086,-0.063628,0.738700,0.551731,-0.074818,0.737607,0.580307,-0.061505,0.743021,0.617379,-0.054569,0.724116,0.663482,-0.066885,0.717599,0.575617,-0.077042,0.719896,0.597733,-0.069055,0.724020,0.628047,-0.063975
1780503305.404,right,pinch,0.749158,0.734280,-0.000000,0.777823,0.683001,-0.007229,0.794923,0.610855,-0.026133,0.782852,0.539516,-0.042916,0.765284,0.493828,-0.060663,0.818428,0.637380,-0.053163,0.794722,0.531648,-0.068571,0.771913,0.487248,-0.071438,0.753149,0.466081,-0.072983,0.787727,0.656399,-0.058953,0.764494,0.547347,-0.072016,0.760322,0.567086,-0.065457,0.766236,0.596926,-0.063400,0.755861,0.664330,-0.062779,0.739193,0.552145,-0.073991,0.738446,0.580361,-0.060541,0.744406,0.616951,-0.053450,0.724930,0.665225,-0.066506,0.718177,0.577299,-0.076831,0.720930,0.599513,-0.068838,0.725554,0.629516,-0.063623
1780503305.543,right,pinch,0.750077,0.731853,-0.000000,0.779066,0.677976,-0.007374,0.794897,0.604402,-0.027978,0.781004,0.533615,-0.046332,0.760756,0.488766,-0.065739,0.819750,0.635874,-0.057305,0.796564,0.531046,-0.072036,0.774545,0.487494,-0.073163,0.755710,0.468147,-0.073637,0.788632,0.655190,-0.063308,0.765852,0.545004,-0.075721,0.761150,0.566402,-0.067448,0.766268,0.597255,-0.064484,0.757006,0.662729,-0.067020,0.740617,0.550278,-0.077110,0.739854,0.579714,-0.062313,0.745122,0.616449,-0.054939,0.726318,0.663533,-0.070641,0.720105,0.575712,-0.080117,0.722498,0.598231,-0.071377,0.726194,0.628066,-0.066100
1780503305.714,right,pinch,0.748975,0.733863,-0.000000,0.778835,0.679296,-0.007510,0.795533,0.602825,-0.027092,0.781586,0.529713,-0.044392,0.761256,0.485132,-0.062561,0.820460,0.636676,-0.054785,0.796713,0.530189,-0.069504,0.773674,0.486440,-0.071141,0.754384,0.467071,-0.071934,0.789496,0.656181,-0.060484,0.766766,0.545709,-0.072536,0.762865,0.566841,-0.064686,0.768661,0.597547,-0.062037,0.757680,0.664263,-0.064091,0.741219,0.550209,-0.074380,0.740735,0.579647,-0.060033,0.746628,0.616670,-0.052746,0.726786,0.665710,-0.067617,0.720259,0.576199,-0.077257,0.722699,0.599244,-0.068673,0.726671,0.629818,-0.063384
1780503305.878,right,pinch,0.750750,0.733071,-0.000000,0.780328,0.677734,-0.007522,0.795988,0.602792,-0.028054,0.781253,0.531468,-0.046412,0.761911,0.486793,-0.065732,0.821345,0.634944,-0.056186,0.798941,0.530388,-0.071361,0.776072,0.487186,-0.073174,0.757116,0.467317,-0.074154,0.790501,0.654758,-0.062251,0.768009,0.545955,-0.074908,0.763236,0.566776,-0.067154,0.768342,0.597027,-0.064661,0.758826,0.662751,-0.066189,0.742347,0.550498,-0.076260,0.741327,0.580333,-0.061594,0.746668,0.616935,-0.054423,0.728248,0.664215,-0.070082,0.720789,0.575700,-0.079323,0.723253,0.598749,-0.070535,0.727636,0.628826,-0.065308
1780503306.101,right,pinch,0.750027,0.732615,-0.000000,0.779571,0.678569,-0.006649,0.795742,0.604040,-0.026083,0.781582,0.533430,-0.043567,0.761685,0.490661,-0.061989,0.820891,0.634284,-0.053443,0.798095,0.529126,-0.068436,0.775069,0.485917,-0.070677,0.755961,0.465818,-0.071889,0.790361,0.654049,-0.059703,0.767664,0.546060,-0.072048,0.763625,0.566415,-0.064677,0.769554,0.596075,-0.062367,0.758598,0.662234,-0.063927,0.742305,0.550152,-0.074135,0.741597,0.579904,-0.060052,0.747424,0.616954,-0.052967,0.727711,0.663942,-0.068063,0.721070,0.575853,-0.077539,0.723788,0.598556,-0.069124,0.728293,0.628790,-0.063947
1780503306.324,right,pinch,0.748863,0.732234,-0.000000,0.778454,0.677044,-0.006262,0.794889,0.599596,-0.024055,0.780348,0.527270,-0.039984,0.760090,0.484591,-0.056873,0.819529,0.636033,-0.049617,0.796824,0.530859,-0.064964,0.773978,0.487698,-0.068969,0.755135,0.466792,-0.071474,0.788837,0.655455,-0.055690,0.766530,0.547014,-0.068240,0.763974,0.566466,-0.062714,0.770141,0.596327,-0.061732,0.757089,0.663760,-0.059866,0.741288,0.551358,-0.070775,0.741284,0.580022,-0.058160,0.747513,0.616090,-0.051672,0.726323,0.665533,-0.063861,0.720528,0.575874,-0.073342,0.723202,0.598448,-0.065139,0.727332,0.628858,-0.060043
1780503306.681,right,pinch,0.747383,0.735439,-0.000000,0.776760,0.680606,-0.006294,0.792867,0.603123,-0.024221,0.778168,0.530600,-0.040285,0.759561,0.486317,-0.057169,0.818341,0.634826,-0.050196,0.796123,0.531013,-0.065263,0.772991,0.488305,-0.068056,0.753966,0.468759,-0.069563,0.788327,0.654729,-0.056179,0.765896,0.547072,-0.068674,0.761531,0.566566,-0.062250,0.767478,0.595507,-0.060302,0.757096,0.663928,-0.060270,0.740199,0.550889,-0.071010,0.739417,0.579956,-0.057851,0.746002,0.616470,-0.050891,0.726684,0.667082,-0.064179,0.719081,0.577011,-0.073752,0.721680,0.599129,-0.065654,0.726843,0.629360,-0.060432
1780503306.799,right,pinch,0.741198,0.739527,-0.000000,0.756210,0.674667,-0.004968,0.762286,0.598380,-0.019797,0.745618,0.535246,-0.034109,0.728183,0.485510,-0.047785,0.817451,0.605911,-0.030297,0.788265,0.515436,-0.048297,0.758852,0.482238,-0.057064,0.737442,0.466457,-0.062776,0.802876,0.625122,-0.037304,0.759519,0.535839,-0.054717,0.748543,0.562673,-0.055514,0.753512,0.588944,-0.057108,0.779167,0.638250,-0.044100,0.733548,0.555326,-0.056544,0.729458,0.588895,-0.048391,0.740628,0.613526,-0.044570,0.752001,0.646984,-0.051233,0.717566,0.580548,-0.061252,0.714955,0.604358,-0.056651,0.724912,0.625329,-0.053485
1780503306.902,right,pinch,0.719140,0.751952,-0.000000,0.690498,0.688954,-0.007460,0.668925,0.617948,-0.016154,0.658455,0.560170,-0.026457,0.662358,0.516067,-0.034943,0.723823,0.554507,-0.004330,0.704237,0.503748,-0.018132,0.687840,0.494687,-0.024579,0.678663,0.484451,-0.027737,0.743147,0.556770,-0.007984,0.701326,0.534073,-0.020872,0.690920,0.586815,-0.021567,0.701337,0.608245,-0.020137,0.758276,0.566230,-0.013842,0.712165,0.549973,-0.023489,0.705066,0.604690,-0.018058,0.718068,0.624747,-0.013908,0.770279,0.582535,-0.021308,0.729400,0.566009,-0.027652,0.721609,0.606767,-0.023649,0.731958,0.626053,-0.018815
1780503307.039,right,pinch,0.707455,0.727688,-0.000000,0.680118,0.673230,-0.004759,0.659656,0.608228,-0.010484,0.650524,0.555091,-0.019561,0.661169,0.517864,-0.027264,0.697775,0.558496,0.008358,0.691187,0.512524,-0.006198,0.681877,0.495278,-0.013504,0.674817,0.480046,-0.017700,0.716093,0.564272,0.002213,0.693852,0.533151,-0.017862,0.691000,0.586057,-0.019943,0.701375,0.602332,-0.016465,0.734799,0.575427,-0.007309,0.708629,0.551992,-0.027899,0.706358,0.605336,-0.020786,0.717660,0.617117,-0.010816,0.753842,0.593664,-0.017755,0.732040,0.566751,-0.028092,0.725552,0.600794,-0.021562,0.732796,0.612957,-0.014311
1780503307.253,right,pinch,0.708298,0.720594,-0.000000,0.680724,0.671146,-0.003813,0.659646,0.606136,-0.008163,0.651859,0.553052,-0.015977,0.659263,0.510327,-0.022823,0.695446,0.562563,0.013466,0.693424,0.517858,0.001830,0.684678,0.496827,-0.003904,0.676324,0.483310,-0.006718,0.712655,0.569062,0.007910,0.695271,0.535726,-0.008407,0.691700,0.584164,-0.008981,0.700303,0.600642,-0.004196,0.730633,0.579903,-0.001162,0.709574,0.555150,-0.018490,0.707265,0.603003,-0.012053,0.717274,0.615066,-0.002628,0.750200,0.594485,-0.011049,0.730807,0.566613,-0.019139,0.724906,0.596595,-0.012889,0.732455,0.608753,-0.006015
1780503307.383,right,pinch,0.708083,0.716720,-0.000000,0.680987,0.669730,-0.004546,0.659212,0.605828,-0.010135,0.652003,0.553157,-0.019353,0.661576,0.509522,-0.027721,0.695493,0.563149,0.012802,0.693807,0.518016,0.000142,0.684436,0.496160,-0.005204,0.676778,0.485332,-0.007235,0.712601,0.568822,0.007043,0.695874,0.530547,-0.009281,0.690954,0.579071,-0.008146,0.700409,0.595012,-0.001491,0.730870,0.579515,-0.002545,0.710519,0.553053,-0.019374,0.706372,0.601114,-0.011564,0.717045,0.611682,-0.000956,0.750714,0.594629,-0.013148,0.732055,0.566285,-0.020705,0.724651,0.596064,-0.013892,0.732434,0.608845,-0.006504
1780503307.520,right,pinch,0.707718,0.714461,-0.000000,0.680201,0.670944,-0.003630,0.658459,0.606546,-0.008001,0.651458,0.553613,-0.016022,0.659222,0.509871,-0.023403,0.694640,0.564043,0.013244,0.694684,0.519742,0.002109,0.685307,0.497913,-0.002711,0.676724,0.484814,-0.004994,0.711973,0.568568,0.007129,0.695071,0.532668,-0.008449,0.690008,0.581343,-0.007864,0.698793,0.598820,-0.002120,0.730200,0.578642,-0.002501,0.709651,0.553806,-0.019101,0.706071,0.602218,-0.011919,0.716495,0.614536,-0.002047,0.750165,0.593108,-0.012978,0.730994,0.564101,-0.020978,0.724050,0.594454,-0.014532,0.731884,0.608643,-0.007496
1780503307.829,right,pinch,0.707954,0.713407,-0.000000,0.680796,0.669660,-0.004378,0.658940,0.605609,-0.009644,0.651078,0.552973,-0.018533,0.659625,0.509541,-0.026776,0.695302,0.563329,0.013330,0.694021,0.519774,0.001967,0.684379,0.497006,-0.002371,0.676641,0.481928,-0.004275,0.712602,0.567360,0.007379,0.695519,0.528476,-0.008124,0.690446,0.578150,-0.006372,0.700751,0.593560,0.000661,0.730722,0.577269,-0.002335,0.709968,0.551491,-0.018772,0.705891,0.600595,-0.010893,0.717379,0.610295,-0.000351,0.750317,0.591513,-0.013022,0.730631,0.563475,-0.020587,0.723273,0.594778,-0.013918,0.731675,0.607721,-0.006717
1780503307.986,right,pinch,0.707793,0.710703,-0.000000,0.680421,0.666288,-0.003152,0.659134,0.601827,-0.007031,0.653050,0.549677,-0.014614,0.662621,0.507803,-0.021562,0.695372,0.563447,0.013488,0.694636,0.518303,0.002627,0.685746,0.496178,-0.001965,0.678089,0.481878,-0.004193,0.712662,0.567753,0.007373,0.696020,0.530175,-0.008105,0.691392,0.577714,-0.007375,0.700980,0.595269,-0.001530,0.730836,0.577994,-0.002197,0.710669,0.550975,-0.018157,0.706339,0.598645,-0.010622,0.716956,0.610991,-0.000626,0.750616,0.592761,-0.012643,0.732305,0.563170,-0.019771,0.724159,0.592255,-0.013107,0.731458,0.606789,-0.006120
1780503308.313,right,pinch,0.701532,0.711685,-0.000000,0.673315,0.668741,-0.004791,0.650159,0.606121,-0.008987,0.642889,0.552827,-0.016323,0.652237,0.512199,-0.022625,0.686093,0.562748,0.012008,0.681846,0.519102,-0.000100,0.673396,0.497938,-0.005552,0.666597,0.484889,-0.008212,0.702645,0.566174,0.006852,0.685412,0.532101,-0.009745,0.680583,0.581898,-0.009492,0.690088,0.596311,-0.003806,0.720901,0.574452,-0.001946,0.700383,0.551490,-0.019963,0.696583,0.600080,-0.012746,0.707467,0.610861,-0.002317,0.740595,0.587935,-0.011665,0.720851,0.560354,-0.020849,0.714454,0.591162,-0.014612,0.723004,0.603809,-0.007279
1780503308.454,right,pinch,0.680293,0.725181,-0.000000,0.649857,0.685656,-0.005468,0.623960,0.626899,-0.009943,0.614427,0.574244,-0.017556,0.620767,0.532255,-0.024086,0.658567,0.574854,0.015192,0.651309,0.537545,0.004039,0.638543,0.519009,0.000030,0.627926,0.505191,-0.001608,0.675277,0.574234,0.009520,0.654706,0.536212,-0.007695,0.650940,0.589788,-0.007051,0.661902,0.606358,0.000214,0.693278,0.579064,-0.000117,0.667710,0.560553,-0.019005,0.666938,0.612511,-0.012631,0.679958,0.621918,-0.001908,0.713442,0.588761,-0.010729,0.686393,0.566554,-0.020471,0.683853,0.602146,-0.014875,0.695854,0.613530,-0.007584
1780503308.630,right,pinch,0.669309,0.730975,-0.000000,0.639797,0.695238,-0.003760,0.613225,0.637751,-0.008620,0.603451,0.587729,-0.017221,0.607589,0.543310,-0.024621,0.646592,0.580396,0.014683,0.638930,0.542817,0.001582,0.626716,0.526247,-0.003062,0.616399,0.517161,-0.004467,0.662643,0.578543,0.008304,0.638748,0.550445,-0.008585,0.638356,0.605599,-0.006201,0.650791,0.615519,0.001858,0.680575,0.581241,-0.002134,0.652707,0.568058,-0.021107,0.654940,0.621616,-0.012322,0.668742,0.627638,-0.000401,0.699939,0.589449,-0.013529,0.672076,0.574454,-0.024162,0.670851,0.611850,-0.017826,0.683529,0.621487,-0.009879
1780503308.744,right,pinch,0.667306,0.736045,-0.000000,0.638188,0.699152,-0.004604,0.611686,0.641754,-0.009920,0.601645,0.593274,-0.018553,0.608435,0.552166,-0.026174,0.644390,0.584415,0.012218,0.634710,0.548944,-0.000255,0.622982,0.532168,-0.004984,0.613214,0.517508,-0.007120,0.660300,0.582579,0.006320,0.636051,0.558719,-0.010215,0.637730,0.612158,-0.008038,0.649748,0.619637,-0.000710,0.677454,0.585407,-0.003503,0.649673,0.575660,-0.022205,0.654047,0.628102,-0.014602,0.668066,0.631805,-0.003833,0.695801,0.592495,-0.014282,0.668478,0.576696,-0.024244,0.668086,0.613262,-0.018462,0.680042,0.621563,-0.011428
1780503308.872,right,pinch,0.664133,0.735108,-0.000000,0.635782,0.700004,-0.004076,0.609389,0.641917,-0.009557,0.598902,0.593720,-0.018658,0.605848,0.550785,-0.026737,0.643995,0.584616,0.013364,0.635158,0.546413,0.001079,0.621816,0.530566,-0.003111,0.610990,0.518939,-0.004619,0.659755,0.582413,0.007111,0.634770,0.556913,-0.009493,0.635141,0.611695,-0.007067,0.647691,0.621216,0.000736,0.676598,0.585349,-0.003089,0.647705,0.575382,-0.021747,0.650413,0.629327,-0.013962,0.664872,0.634048,-0.002924,0.694401,0.592725,-0.014184,0.666372,0.577416,-0.023768,0.664377,0.615211,-0.017707,0.676418,0.624895,-0.010448
1780503309.044,right,pinch,0.663516,0.735644,-0.000000,0.634715,0.700848,-0.003516,0.608194,0.641696,-0.008045,0.597668,0.593251,-0.016106,0.603420,0.550070,-0.023140,0.642073,0.587906,0.012730,0.633092,0.548721,0.000653,0.619992,0.530961,-0.003219,0.609089,0.517489,-0.004689,0.657658,0.585351,0.006197,0.632247,0.554818,-0.010746,0.632736,0.609998,-0.008353,0.646084,0.621020,-0.000511,0.674826,0.587705,-0.004104,0.645822,0.574622,-0.023186,0.649224,0.628992,-0.015401,0.664673,0.634024,-0.004321,0.693319,0.593952,-0.015216,0.665550,0.576842,-0.025540,0.663672,0.614863,-0.019716,0.676001,0.624890,-0.012587
1780503309.190,right,pinch,0.664235,0.733375,-0.000000,0.635458,0.700691,-0.003231,0.608465,0.641244,-0.008337,0.598418,0.592075,-0.017189,0.604691,0.549385,-0.025195,0.642413,0.584220,0.013661,0.633500,0.546761,0.002427,0.620448,0.529970,-0.000886,0.609495,0.517823,-0.002039,0.658883,0.582678,0.006979,0.634151,0.554194,-0.008728,0.635293,0.608880,-0.005686,0.648235,0.618084,0.002486,0.676138,0.586084,-0.003464,0.647054,0.574071,-0.021422,0.650388,0.628540,-0.013609,0.664924,0.632999,-0.002810,0.693963,0.593375,-0.014703,0.665840,0.579027,-0.024198,0.664581,0.616301,-0.018490,0.676829,0.624949,-0.011674
1780503309.480,right,pinch,0.664441,0.733126,-0.000000,0.636130,0.702066,-0.003362,0.608763,0.641789,-0.008398,0.598555,0.591734,-0.017105,0.605144,0.548843,-0.024943,0.642961,0.583780,0.013232,0.634615,0.546906,0.002033,0.621254,0.529613,-0.001014,0.609805,0.518229,-0.001979,0.659783,0.581323,0.006578,0.634040,0.553533,-0.009091,0.634790,0.608918,-0.005726,0.647658,0.619366,0.002721,0.677160,0.584453,-0.003856,0.647182,0.574955,-0.021931,0.650913,0.630060,-0.013978,0.665791,0.635270,-0.003010,0.694843,0.591343,-0.015102,0.665460,0.579314,-0.024979,0.664757,0.616836,-0.019572,0.677373,0.625032,-0.012875
1780503309.604,right,pinch,0.665502,0.732332,-0.000000,0.636943,0.702250,-0.004115,0.609954,0.640536,-0.009375,0.600652,0.589883,-0.018107,0.607388,0.547658,-0.025761,0.644525,0.580012,0.013015,0.635971,0.544141,0.001612,0.622719,0.528114,-0.001501,0.610988,0.516878,-0.002359,0.661435,0.578630,0.007043,0.635787,0.556151,-0.007880,0.637090,0.610728,-0.003871,0.649741,0.617407,0.004628,0.678427,0.582757,-0.002908,0.648877,0.574654,-0.020375,0.652438,0.628918,-0.012144,0.666623,0.632532,-0.001374,0.695568,0.590441,-0.013797,0.666463,0.579045,-0.023450,0.665848,0.616218,-0.018203,0.678262,0.623461,-0.011731
1780503309.749,right,pinch,0.664330,0.733019,-0.000000,0.636862,0.700428,-0.004279,0.610164,0.639015,-0.010670,0.600013,0.588896,-0.020634,0.609601,0.548856,-0.029355,0.646073,0.577751,0.012234,0.636215,0.542387,-0.000229,0.623647,0.528248,-0.003486,0.613216,0.517009,-0.004282,0.663129,0.576754,0.005829,0.636072,0.553541,-0.009986,0.636914,0.609199,-0.005580,0.649684,0.614600,0.003438,0.680290,0.581795,-0.004650,0.649283,0.574163,-0.022323,0.652227,0.628821,-0.013132,0.666640,0.631252,-0.001570,0.697125,0.591493,-0.016160,0.667239,0.579756,-0.025236,0.666046,0.616424,-0.019256,0.678313,0.623244,-0.012268
1780503309.884,right,pinch,0.666807,0.731986,-0.000000,0.638750,0.695100,-0.003003,0.612423,0.634545,-0.008263,0.603777,0.584151,-0.017262,0.614184,0.545153,-0.025129,0.647278,0.579870,0.013258,0.638929,0.541785,0.001185,0.625935,0.525788,-0.001453,0.615453,0.513595,-0.001716,0.664064,0.579415,0.006540,0.639415,0.548041,-0.009739,0.637537,0.607317,-0.005118,0.650474,0.616964,0.004624,0.681880,0.583954,-0.004084,0.652936,0.568945,-0.022726,0.653756,0.627346,-0.013543,0.668691,0.632725,-0.001379,0.700366,0.592639,-0.015442,0.671989,0.575490,-0.025172,0.668887,0.614673,-0.018913,0.681289,0.624606,-0.011397
1780503310.081,right,pinch,0.667844,0.731283,-0.000000,0.639955,0.696467,-0.003795,0.613428,0.632775,-0.008775,0.605096,0.581258,-0.017274,0.617545,0.544014,-0.024730,0.648255,0.578022,0.013766,0.639890,0.541320,0.002601,0.627649,0.524930,-0.000069,0.617773,0.512157,-0.000750,0.665403,0.576750,0.007568,0.640814,0.548687,-0.008342,0.640565,0.605344,-0.004573,0.653435,0.614292,0.004437,0.683107,0.581216,-0.002525,0.654051,0.570252,-0.020783,0.656261,0.625822,-0.012774,0.671085,0.629718,-0.001544,0.701273,0.589934,-0.013422,0.672548,0.575805,-0.022922,0.670940,0.613640,-0.017342,0.683673,0.621670,-0.010486
1780503310.209,right,pinch,0.667981,0.730396,-0.000000,0.639601,0.695288,-0.004220,0.613039,0.632884,-0.009821,0.604949,0.581199,-0.019050,0.618373,0.544764,-0.027116,0.649020,0.578732,0.013150,0.640368,0.540248,0.000742,0.628014,0.524936,-0.002489,0.618533,0.511706,-0.003281,0.665884,0.577942,0.006875,0.641567,0.548986,-0.010237,0.641101,0.606153,-0.006604,0.654276,0.613785,0.002548,0.683232,0.582326,-0.003460,0.654824,0.570214,-0.022504,0.656507,0.625579,-0.014248,0.671601,0.628736,-0.002602,0.701126,0.590970,-0.014681,0.673542,0.574896,-0.023984,0.671391,0.612008,-0.018024,0.683948,0.620031,-0.010877
1780503310.328,right,pinch,0.667522,0.733108,-0.000000,0.640145,0.696872,-0.002240,0.613918,0.631618,-0.006061,0.606341,0.579542,-0.013637,0.620921,0.544952,-0.020339,0.651707,0.577514,0.016126,0.643025,0.541558,0.005368,0.630440,0.526246,0.001775,0.619660,0.513340,0.000057,0.668740,0.576046,0.009204,0.643759,0.551400,-0.007247,0.643255,0.608956,-0.005296,0.655941,0.621870,0.002317,0.686130,0.581567,-0.001361,0.657290,0.571074,-0.019572,0.657865,0.626827,-0.012079,0.671845,0.632758,-0.001249,0.704208,0.593499,-0.012582,0.675980,0.578441,-0.021448,0.673639,0.616670,-0.015290,0.686004,0.626160,-0.008081
1780503310.459,right,pinch,0.671488,0.732155,-0.000000,0.644782,0.693031,-0.003779,0.619038,0.630903,-0.009799,0.610070,0.580689,-0.019443,0.624049,0.545017,-0.028095,0.658085,0.579530,0.012662,0.647976,0.542035,0.000960,0.635723,0.526251,-0.002238,0.625817,0.511839,-0.003282,0.674443,0.579971,0.006367,0.649591,0.549028,-0.009464,0.648492,0.606613,-0.005508,0.661612,0.617136,0.003322,0.691635,0.586186,-0.003724,0.662324,0.568095,-0.021859,0.662281,0.625148,-0.013271,0.676966,0.632371,-0.001806,0.708892,0.597670,-0.014588,0.680971,0.577740,-0.023660,0.677637,0.615541,-0.017399,0.689834,0.627420,-0.010179
1780503310.783,right,pinch,0.679187,0.729949,-0.000000,0.651539,0.692421,-0.003968,0.624939,0.630319,-0.009820,0.616791,0.576982,-0.019154,0.631237,0.543476,-0.027687,0.663283,0.581249,0.011980,0.656157,0.540208,-0.000218,0.644270,0.520893,-0.004412,0.633722,0.508707,-0.006060,0.680099,0.582690,0.006134,0.657874,0.549204,-0.010154,0.656351,0.604804,-0.007576,0.668156,0.618910,0.000236,0.698085,0.588979,-0.003370,0.671483,0.567438,-0.021633,0.670870,0.622680,-0.014053,0.684049,0.632632,-0.003333,0.717068,0.600157,-0.013557,0.690076,0.578571,-0.023287,0.686746,0.615668,-0.017725,0.698316,0.628556,-0.010884
1780503310.951,right,pinch,0.690474,0.728005,-0.000000,0.664995,0.691927,-0.003223,0.639396,0.627694,-0.008937,0.630754,0.573089,-0.018655,0.643875,0.538961,-0.027722,0.677806,0.575306,0.015197,0.673868,0.533371,0.004287,0.661441,0.514470,0.000697,0.650768,0.505130,-0.000538,0.694619,0.577997,0.008689,0.674430,0.543313,-0.006851,0.671057,0.597418,-0.004520,0.681902,0.612856,0.003522,0.712412,0.586201,-0.001491,0.687661,0.565682,-0.018711,0.685191,0.617921,-0.011069,0.696966,0.628444,-0.000165,0.731471,0.599365,-0.012430,0.707139,0.576843,-0.020533,0.702001,0.612819,-0.014151,0.711924,0.626491,-0.006809
1780503311.231,right,pinch,0.712409,0.729234,-0.000000,0.687083,0.686367,-0.001987,0.664431,0.617818,-0.006111,0.658861,0.560555,-0.014608,0.673473,0.526692,-0.022572,0.704689,0.575967,0.016094,0.705737,0.532949,0.005633,0.694691,0.508931,0.002277,0.684638,0.496016,0.000843,0.721574,0.582416,0.008177,0.704301,0.538500,-0.008313,0.697779,0.591636,-0.006415,0.708861,0.610909,0.001695,0.739273,0.594682,-0.003260,0.718477,0.565111,-0.021470,0.712515,0.614020,-0.013184,0.724059,0.627000,-0.001315,0.757420,0.611842,-0.015409,0.738517,0.579404,-0.024708,0.731179,0.609978,-0.017667,0.740313,0.625747,-0.009442
1780503311.468,right,pinch,0.711603,0.727557,-0.000000,0.688480,0.682121,0.000607,0.670178,0.612988,-0.003402,0.666511,0.557504,-0.011923,0.681249,0.527372,-0.019893,0.721620,0.575016,0.015088,0.724713,0.529934,0.002571,0.710202,0.505647,-0.002418,0.695259,0.499878,-0.004466,0.737133,0.582062,0.006532,0.715502,0.546473,-0.009498,0.706501,0.598322,-0.006912,0.716012,0.616083,0.000531,0.753570,0.595727,-0.005351,0.726493,0.572199,-0.022567,0.719563,0.623480,-0.012525,0.730301,0.635172,-0.000709,0.769205,0.616095,-0.017785,0.742281,0.590973,-0.027440,0.734320,0.625562,-0.020114,0.744311,0.638737,-0.011970
1780503311.905,right,pinch,0.700133,0.734581,-0.000000,0.689178,0.653761,0.008550,0.690110,0.586028,0.003801,0.689613,0.543301,-0.006347,0.697780,0.510638,-0.015797,0.767005,0.586149,0.006483,0.752592,0.521320,-0.007190,0.728726,0.498994,-0.014536,0.708827,0.491498,-0.019246,0.777025,0.602748,-0.007988,0.737013,0.545921,-0.021455,0.717949,0.588232,-0.020034,0.723859,0.612321,-0.017559,0.777195,0.621996,-0.023896,0.729010,0.570588,-0.034206,0.714689,0.614481,-0.022489,0.724485,0.636814,-0.014578,0.768266,0.644457,-0.040178,0.730238,0.601501,-0.048716,0.719533,0.628235,-0.042029,0.728626,0.649484,-0.036328
1780503312.295,right,pinch,0.710871,0.766853,-0.000000,0.701385,0.681132,-0.005839,0.705910,0.604154,-0.015728,0.705841,0.557048,-0.027213,0.712057,0.521152,-0.035789,0.795114,0.615484,-0.007178,0.778913,0.545283,-0.023908,0.752276,0.524823,-0.033696,0.729177,0.518714,-0.039695,0.803012,0.639694,-0.014302,0.760489,0.571925,-0.029683,0.741392,0.611328,-0.029669,0.746961,0.639838,-0.028282,0.798718,0.664141,-0.023879,0.747719,0.598415,-0.035490,0.733893,0.638977,-0.024996,0.742653,0.665106,-0.017886,0.783744,0.685804,-0.035319,0.741567,0.630479,-0.046086,0.730311,0.656962,-0.041011,0.737146,0.679630,-0.035487
1780503312.575,right,pinch,0.710392,0.854867,-0.000001,0.691595,0.776896,-0.010428,0.687509,0.694341,-0.021059,0.680499,0.639558,-0.032683,0.684172,0.610324,-0.041189,0.775015,0.663822,-0.009350,0.757706,0.597917,-0.032331,0.723901,0.591469,-0.048662,0.698252,0.598324,-0.058213,0.790290,0.689027,-0.013778,0.744386,0.641583,-0.032063,0.724349,0.685177,-0.037184,0.728543,0.717637,-0.038830,0.793345,0.723887,-0.021226,0.737550,0.684889,-0.032859,0.722773,0.724551,-0.026107,0.731469,0.746720,-0.021291,0.785903,0.759400,-0.031260,0.736121,0.727348,-0.040057,0.723729,0.753552,-0.035697,0.730938,0.769629,-0.030410
1780503312.725,right,pinch,0.691632,0.861738,-0.000000,0.661566,0.767410,-0.006902,0.649138,0.683857,-0.016188,0.639854,0.632804,-0.026972,0.633883,0.589430,-0.035608,0.724050,0.627302,-0.006483,0.696027,0.565540,-0.022191,0.666515,0.559948,-0.033579,0.642814,0.563573,-0.040566,0.739388,0.645699,-0.011984,0.686662,0.608185,-0.023713,0.676488,0.656792,-0.025200,0.686111,0.684061,-0.026128,0.743783,0.674942,-0.019772,0.686677,0.642946,-0.024199,0.681579,0.687283,-0.014663,0.693835,0.705560,-0.010506,0.738716,0.710020,-0.030046,0.690569,0.681824,-0.031869,0.686531,0.711002,-0.024275,0.696538,0.725933,-0.018722
1780503312.902,right,pinch,0.659618,0.794437,-0.000000,0.624052,0.698839,0.002868,0.609461,0.625256,-0.001375,0.599944,0.575155,-0.009788,0.594507,0.531653,-0.016840,0.678940,0.570969,0.012661,0.646479,0.512312,0.001239,0.619585,0.510857,-0.008525,0.601420,0.521141,-0.014570,0.691627,0.579964,0.003114,0.632283,0.551515,-0.009785,0.622945,0.603032,-0.013751,0.633261,0.633318,-0.014844,0.693934,0.597933,-0.008575,0.632954,0.578198,-0.016543,0.630057,0.624616,-0.010738,0.643689,0.644386,-0.006831,0.687894,0.620214,-0.021406,0.637426,0.605799,-0.024440,0.634941,0.639966,-0.018648,0.646714,0.656485,-0.013676
1780503313.047,right,pinch,0.659856,0.766631,-0.000000,0.628237,0.678197,0.001256,0.616790,0.607343,-0.004329,0.608763,0.560564,-0.013747,0.608484,0.524234,-0.021131,0.686367,0.568569,0.007160,0.656116,0.503092,-0.008263,0.631108,0.506254,-0.019694,0.614541,0.522328,-0.026500,0.698205,0.576954,-0.001552,0.644902,0.545102,-0.019672,0.636205,0.593597,-0.025411,0.645869,0.623279,-0.027125,0.700469,0.591319,-0.012339,0.644777,0.566818,-0.026681,0.641222,0.612440,-0.021574,0.653435,0.633890,-0.016602,0.693246,0.609595,-0.024018,0.649288,0.594322,-0.033113,0.644861,0.628991,-0.029154,0.655299,0.645754,-0.024530
1780503313.201,right,pinch,0.673802,0.757198,-0.000000,0.647256,0.668310,0.000126,0.636764,0.597222,-0.007341,0.628700,0.549017,-0.018476,0.625776,0.512933,-0.027334,0.711380,0.564523,0.005871,0.678479,0.503323,-0.009614,0.651686,0.502712,-0.021413,0.634010,0.511853,-0.029010,0.720018,0.575406,-0.003376,0.667564,0.535201,-0.020964,0.659806,0.583646,-0.025535,0.671795,0.609091,-0.026683,0.718847,0.591252,-0.014937,0.664756,0.561386,-0.027914,0.661159,0.604732,-0.021294,0.675227,0.622255,-0.015913,0.708985,0.609618,-0.027719,0.666666,0.587868,-0.035668,0.662962,0.618989,-0.030830,0.674122,0.633721,-0.026063
1780503313.319,right,pinch,0.679443,0.746697,-0.000000,0.654911,0.659274,0.001047,0.646723,0.588271,-0.005827,0.639581,0.543217,-0.016342,0.640014,0.504447,-0.024501,0.721699,0.558684,0.006741,0.690757,0.498918,-0.008096,0.664877,0.492884,-0.019739,0.645648,0.497172,-0.027548,0.730568,0.569292,-0.003118,0.677528,0.525841,-0.019574,0.668943,0.575409,-0.023439,0.680464,0.601859,-0.024511,0.729845,0.584986,-0.015218,0.674126,0.549334,-0.027128,0.670138,0.594703,-0.019281,0.684031,0.613737,-0.013683,0.719488,0.603331,-0.028616,0.674740,0.576750,-0.036953,0.671006,0.609331,-0.031968,0.682635,0.625761,-0.027240
1780503313.468,right,pinch,0.683874,0.742967,-0.000000,0.659644,0.653488,-0.001095,0.651772,0.582878,-0.009293,0.645941,0.536421,-0.020569,0.644516,0.494887,-0.029341,0.730001,0.555829,0.001963,0.696582,0.495321,-0.012924,0.668056,0.490730,-0.023310,0.646928,0.495104,-0.029975,0.738041,0.568257,-0.006530,0.681670,0.527674,-0.023271,0.673300,0.577684,-0.026174,0.684594,0.603696,-0.026783,0.735359,0.584386,-0.017204,0.678651,0.548493,-0.029380,0.675825,0.595331,-0.021501,0.690085,0.615778,-0.016074,0.723826,0.602235,-0.029253,0.679597,0.576162,-0.038537,0.676400,0.610128,-0.034282,0.688086,0.628373,-0.029854
1780503313.691,right,pinch,0.686293,0.738826,-0.000000,0.663527,0.649380,-0.000158,0.655931,0.580883,-0.008426,0.648910,0.535515,-0.019667,0.647967,0.495647,-0.028495,0.733292,0.554802,0.000421,0.699770,0.494948,-0.014063,0.671324,0.489863,-0.024152,0.649965,0.492496,-0.030726,0.740683,0.567297,-0.008424,0.686021,0.525137,-0.023700,0.678358,0.572925,-0.026219,0.688962,0.598341,-0.027338,0.737442,0.583977,-0.019129,0.681892,0.545572,-0.029494,0.679169,0.591113,-0.021230,0.692611,0.611102,-0.016364,0.725186,0.602691,-0.031151,0.681688,0.573364,-0.038755,0.678351,0.606031,-0.033897,0.688661,0.624562,-0.029668
1780503313.792,right,pinch,0.688120,0.731677,-0.000000,0.665399,0.643145,-0.002296,0.658317,0.577143,-0.011614,0.652273,0.532372,-0.023360,0.650615,0.493831,-0.032609,0.736429,0.552487,-0.002390,0.702859,0.490980,-0.017063,0.674571,0.485190,-0.026665,0.654173,0.487822,-0.032801,0.742811,0.565250,-0.009898,0.688189,0.520203,-0.025691,0.679688,0.566566,-0.027856,0.690857,0.589895,-0.028487,0.738246,0.581055,-0.019324,0.683458,0.541688,-0.030443,0.680341,0.585427,-0.022458,0.693893,0.603852,-0.017458,0.724552,0.598027,-0.030121,0.682371,0.568903,-0.038125,0.678948,0.600411,-0.033683,0.689197,0.617696,-0.029586
1780503313.931,right,pinch,0.690837,0.722111,-0.000000,0.668739,0.636419,-0.001747,0.665266,0.574355,-0.011137,0.661788,0.529113,-0.022845,0.657024,0.483481,-0.032791,0.744472,0.554850,-0.004370,0.711651,0.487810,-0.019362,0.681686,0.477512,-0.030102,0.659805,0.478196,-0.037145,0.748955,0.566438,-0.011654,0.695011,0.515563,-0.026695,0.685176,0.557468,-0.029660,0.695209,0.582581,-0.031683,0.741304,0.579357,-0.020544,0.686637,0.535289,-0.031137,0.682471,0.577341,-0.024319,0.695269,0.598790,-0.020772,0.724942,0.591337,-0.030692,0.682117,0.562047,-0.039314,0.678178,0.593656,-0.036325,0.688536,0.611926,-0.033640
1780503314.090,right,pinch,0.694143,0.716183,-0.000000,0.673780,0.631265,-0.002832,0.671268,0.568608,-0.013795,0.668754,0.523484,-0.026566,0.664391,0.480364,-0.037661,0.755049,0.552029,-0.009226,0.718702,0.486933,-0.024339,0.688075,0.477113,-0.034506,0.666592,0.477710,-0.041177,0.754203,0.566500,-0.016337,0.698357,0.513937,-0.030691,0.689306,0.553514,-0.032665,0.698968,0.578619,-0.034614,0.742209,0.580254,-0.024781,0.684845,0.535425,-0.034574,0.681023,0.576805,-0.026937,0.693692,0.598935,-0.023469,0.722890,0.593100,-0.034620,0.678646,0.560412,-0.043471,0.674805,0.591324,-0.040346,0.684812,0.611371,-0.037714
1780503314.246,right,pinch,0.701528,0.714590,-0.000000,0.698797,0.639625,-0.002791,0.698377,0.569958,-0.013342,0.686084,0.519448,-0.024555,0.670349,0.479831,-0.034369,0.760923,0.556250,-0.014854,0.724256,0.484572,-0.029458,0.696189,0.474597,-0.039262,0.677633,0.477920,-0.045953,0.753571,0.568592,-0.020941,0.699684,0.511212,-0.033955,0.692766,0.541883,-0.036994,0.700562,0.565386,-0.040744,0.736894,0.581754,-0.027427,0.683558,0.532935,-0.035320,0.680718,0.565789,-0.029461,0.691401,0.585008,-0.027919,0.714787,0.594449,-0.034883,0.674466,0.557044,-0.042429,0.671915,0.582840,-0.039659,0.681263,0.600064,-0.037851
1780503314.423,right,pinch,0.706966,0.712940,-0.000000,0.728714,0.650569,-0.000282,0.730091,0.576896,-0.011940,0.707260,0.516993,-0.023517,0.684147,0.485146,-0.034559,0.766473,0.562154,-0.025706,0.726208,0.484789,-0.036709,0.698224,0.470128,-0.040282,0.679243,0.469308,-0.042966,0.750566,0.577293,-0.032380,0.702164,0.512532,-0.042736,0.699248,0.542997,-0.040612,0.707226,0.568408,-0.041431,0.728093,0.590799,-0.037864,0.682397,0.530179,-0.044617,0.683079,0.563278,-0.036823,0.693899,0.586696,-0.034222,0.702879,0.604066,-0.043315,0.670398,0.553341,-0.049762,0.670666,0.578607,-0.045480,0.678748,0.597707,-0.043006
1780503314.554,right,pinch,0.712069,0.708483,-0.000000,0.734451,0.652814,0.001524,0.743651,0.584029,-0.008787,0.723766,0.523033,-0.018667,0.702457,0.489609,-0.029070,0.769269,0.576701,-0.030473,0.734987,0.491261,-0.039372,0.708860,0.469315,-0.039877,0.690839,0.462905,-0.040489,0.746536,0.592373,-0.037471,0.708792,0.510680,-0.045381,0.704624,0.536921,-0.040133,0.711568,0.564147,-0.038860,0.720165,0.604634,-0.042364,0.688369,0.525255,-0.048420,0.687788,0.555421,-0.037604,0.696315,0.582785,-0.032666,0.692423,0.615577,-0.046676,0.673602,0.549376,-0.052721,0.674448,0.572982,-0.045557,0.680750,0.595407,-0.040898
1780503314.855,right,pinch,0.704605,0.706088,-0.000000,0.735403,0.658442,-0.000803,0.745434,0.576136,-0.010410,0.728613,0.507013,-0.018618,0.703864,0.468661,-0.027846,0.750394,0.605761,-0.034029,0.730839,0.506617,-0.043713,0.720247,0.481138,-0.046309,0.712255,0.469670,-0.047926,0.719978,0.616526,-0.039481,0.706362,0.514689,-0.047081,0.709335,0.534504,-0.043058,0.712235,0.563957,-0.042280,0.691817,0.621970,-0.042634,0.687057,0.526458,-0.048015,0.691671,0.549940,-0.036964,0.693288,0.577572,-0.031231,0.665974,0.622313,-0.045253,0.670163,0.546707,-0.048481,0.675622,0.564532,-0.039249,0.675348,0.586904,-0.033937
1780503315.100,right,pinch,0.702628,0.708234,0.000000,0.733539,0.664837,-0.006031,0.739401,0.585709,-0.016457,0.725608,0.519315,-0.023562,0.708851,0.474997,-0.031062,0.737769,0.615919,-0.044121,0.720831,0.514869,-0.052796,0.713560,0.484298,-0.051432,0.706134,0.470408,-0.049490,0.707206,0.625642,-0.045311,0.698400,0.522842,-0.051164,0.704842,0.534668,-0.043371,0.707276,0.561486,-0.039681,0.680217,0.628575,-0.044369,0.680337,0.535001,-0.047223,0.687815,0.554740,-0.034884,0.689700,0.580332,-0.028705,0.658223,0.625380,-0.043366,0.663946,0.551359,-0.044862,0.671977,0.567435,-0.036351,0.672711,0.588502,-0.031933
1780503315.479,right,pinch,0.698261,0.700180,0.000000,0.730802,0.658177,-0.009050,0.739754,0.580603,-0.019378,0.728181,0.515848,-0.025404,0.709398,0.477338,-0.031423,0.730941,0.615705,-0.049522,0.715169,0.516146,-0.058695,0.709541,0.487866,-0.055841,0.702952,0.477632,-0.052379,0.700808,0.625637,-0.048525,0.695733,0.521731,-0.055362,0.704171,0.533363,-0.046032,0.706825,0.561088,-0.040419,0.675090,0.628158,-0.045505,0.679380,0.533612,-0.048336,0.688286,0.551377,-0.035069,0.690206,0.576264,-0.027831,0.654665,0.623809,-0.042728,0.663939,0.548733,-0.043297,0.672043,0.565149,-0.034603,0.671780,0.586895,-0.030114
1780503315.616,right,pinch,0.697505,0.698810,0.000000,0.729819,0.660798,-0.011891,0.738815,0.582852,-0.022864,0.724916,0.517517,-0.029027,0.704699,0.478471,-0.034992,0.730396,0.616733,-0.050541,0.714179,0.515447,-0.060682,0.708507,0.490465,-0.058495,0.703035,0.484075,-0.055325,0.700218,0.626353,-0.048201,0.694697,0.523326,-0.056185,0.701854,0.536434,-0.047742,0.704205,0.565428,-0.042396,0.674452,0.628752,-0.044226,0.677785,0.535966,-0.048324,0.686165,0.554580,-0.035945,0.688273,0.579868,-0.028921,0.653901,0.623982,-0.040695,0.662804,0.550109,-0.042626,0.670847,0.566752,-0.034913,0.670587,0.588320,-0.030805
1780503315.752,right,pinch,0.698133,0.698657,0.000000,0.728310,0.662161,-0.010471,0.737554,0.586168,-0.021691,0.722850,0.522437,-0.028106,0.702782,0.483568,-0.034554,0.735254,0.615966,-0.052396,0.715943,0.515965,-0.062269,0.706955,0.487039,-0.059220,0.698294,0.476978,-0.055488,0.705390,0.627794,-0.051276,0.695229,0.522856,-0.059131,0.700978,0.536328,-0.049515,0.703640,0.565463,-0.043430,0.678691,0.631612,-0.048272,0.678017,0.536297,-0.052605,0.684955,0.556018,-0.039053,0.687024,0.581895,-0.031220,0.656032,0.628656,-0.045494,0.661791,0.551844,-0.047525,0.669008,0.569230,-0.038801,0.669156,0.591896,-0.034002
1780503315.896,right,pinch,0.697889,0.700316,0.000000,0.726569,0.664887,-0.008059,0.736610,0.591570,-0.019047,0.721996,0.528712,-0.025979,0.702442,0.490461,-0.033188,0.735122,0.614114,-0.049252,0.718215,0.515372,-0.059071,0.707613,0.484464,-0.057134,0.697419,0.473189,-0.054352,0.705537,0.624486,-0.049516,0.694625,0.522338,-0.057735,0.699722,0.533786,-0.049736,0.702695,0.561396,-0.044875,0.678861,0.627815,-0.047580,0.677756,0.534901,-0.052055,0.684233,0.554227,-0.038961,0.686167,0.581438,-0.031398,0.656345,0.626322,-0.045665,0.661943,0.551407,-0.047735,0.668505,0.567325,-0.038721,0.668837,0.589542,-0.033503
1780503316.040,right,pinch,0.697372,0.699894,0.000000,0.726349,0.663758,-0.008128,0.735843,0.589477,-0.018963,0.720238,0.526258,-0.025810,0.700444,0.487752,-0.032803,0.734333,0.612800,-0.048578,0.717350,0.511907,-0.058435,0.707834,0.484686,-0.056504,0.699293,0.477931,-0.053633,0.704597,0.623124,-0.048715,0.694040,0.521883,-0.056506,0.698773,0.534775,-0.048407,0.701342,0.563169,-0.043636,0.677975,0.626237,-0.046764,0.676942,0.534922,-0.050915,0.683137,0.555748,-0.037885,0.685022,0.582595,-0.030543,0.655506,0.624418,-0.044855,0.661483,0.550559,-0.046575,0.667529,0.568690,-0.037504,0.667455,0.591566,-0.032385
1780503316.173,right,pinch,0.697528,0.701272,0.000000,0.727064,0.663516,-0.006985,0.737549,0.589299,-0.017114,0.723531,0.525769,-0.023650,0.704870,0.487021,-0.030486,0.733759,0.614016,-0.045493,0.716380,0.515210,-0.054914,0.706993,0.484088,-0.053214,0.697909,0.470928,-0.050737,0.704123,0.624585,-0.046377,0.694140,0.522253,-0.054261,0.699363,0.535582,-0.046608,0.701841,0.563401,-0.041913,0.677594,0.627983,-0.045199,0.676520,0.534580,-0.049525,0.683060,0.555189,-0.036608,0.685234,0.581934,-0.029101,0.655287,0.625952,-0.044035,0.660927,0.550311,-0.045756,0.667315,0.567575,-0.036744,0.667472,0.590429,-0.031597
1780503316.445,right,pinch,0.697836,0.700612,0.000000,0.726812,0.662678,-0.007323,0.736090,0.587014,-0.017617,0.721274,0.522421,-0.024268,0.701427,0.483825,-0.031235,0.734564,0.611032,-0.046662,0.716222,0.511297,-0.056597,0.706075,0.485050,-0.055219,0.697531,0.478202,-0.052873,0.704946,0.622467,-0.047279,0.693269,0.522107,-0.055341,0.697690,0.535130,-0.048061,0.700183,0.562512,-0.043918,0.678232,0.626655,-0.045811,0.675728,0.534187,-0.050236,0.682006,0.554363,-0.037624,0.684095,0.581393,-0.030524,0.655480,0.625761,-0.044336,0.660285,0.551192,-0.046346,0.666708,0.568376,-0.037565,0.666927,0.591413,-0.032591
1780503316.547,right,pinch,0.696813,0.702594,0.000000,0.726184,0.663594,-0.006049,0.736522,0.591622,-0.016502,0.722781,0.530695,-0.023538,0.704075,0.492745,-0.030882,0.731933,0.614772,-0.046447,0.715156,0.514647,-0.055902,0.705894,0.483913,-0.053930,0.696988,0.471497,-0.051121,0.702507,0.625909,-0.047743,0.693422,0.522528,-0.055624,0.699018,0.533310,-0.047519,0.701939,0.559567,-0.042461,0.676243,0.629437,-0.046784,0.675752,0.534409,-0.050363,0.682907,0.552899,-0.036967,0.685355,0.579345,-0.029254,0.654432,0.627887,-0.045807,0.659917,0.550948,-0.046682,0.667087,0.565614,-0.037195,0.667842,0.587657,-0.031734
1780503316.745,right,pinch,0.696354,0.700188,0.000000,0.726176,0.662143,-0.007588,0.736405,0.589848,-0.018099,0.723077,0.527705,-0.024559,0.705549,0.489103,-0.031144,0.733683,0.613556,-0.049505,0.715028,0.513235,-0.058755,0.706052,0.484910,-0.055851,0.697475,0.476035,-0.052276,0.704193,0.624577,-0.049702,0.692946,0.523315,-0.057035,0.698325,0.535465,-0.047952,0.701112,0.563023,-0.042560,0.677541,0.627984,-0.047738,0.675338,0.534401,-0.051153,0.682406,0.553099,-0.037806,0.684888,0.579429,-0.030466,0.654943,0.626014,-0.045818,0.659884,0.550254,-0.047187,0.667045,0.566486,-0.038317,0.667765,0.589434,-0.033431
1780503316.871,right,pinch,0.696724,0.700773,0.000000,0.725684,0.661985,-0.006194,0.735476,0.589557,-0.016475,0.721108,0.528976,-0.023236,0.702856,0.490287,-0.030342,0.733316,0.612537,-0.046752,0.715931,0.513445,-0.055692,0.706270,0.484018,-0.053332,0.697193,0.472392,-0.050417,0.703834,0.624226,-0.047923,0.693492,0.522822,-0.055315,0.698731,0.536081,-0.046998,0.701693,0.563840,-0.042082,0.677044,0.628098,-0.046837,0.675671,0.535155,-0.050524,0.682129,0.556272,-0.037173,0.684330,0.583227,-0.029686,0.654433,0.626552,-0.045669,0.659789,0.550908,-0.047041,0.666310,0.568586,-0.037656,0.666676,0.591845,-0.032357
1780503317.040,right,pinch,0.697866,0.703174,-0.000000,0.724907,0.663821,-0.005786,0.734818,0.591699,-0.016372,0.719770,0.530477,-0.023599,0.701196,0.493554,-0.031242,0.742848,0.606390,-0.045657,0.720660,0.509966,-0.055309,0.705843,0.480081,-0.054269,0.693584,0.468962,-0.052452,0.713518,0.620279,-0.047669,0.696145,0.522153,-0.055574,0.698505,0.537313,-0.047964,0.702496,0.565085,-0.043741,0.685123,0.626486,-0.047541,0.677623,0.532148,-0.052201,0.681948,0.553641,-0.038788,0.684942,0.581164,-0.031257,0.659325,0.628469,-0.047291,0.661390,0.553244,-0.049985,0.666960,0.571256,-0.040534,0.667972,0.594077,-0.034903
1780503317.221,right,pinch,0.702355,0.704793,-0.000000,0.726394,0.658169,-0.003889,0.736242,0.587835,-0.017004,0.717973,0.527320,-0.027595,0.695645,0.494461,-0.039194,0.754998,0.593208,-0.044280,0.726210,0.504787,-0.053246,0.705181,0.476343,-0.052191,0.688952,0.465763,-0.051381,0.728271,0.611351,-0.048674,0.698492,0.520007,-0.056002,0.697045,0.542069,-0.047831,0.703762,0.569140,-0.044319,0.699976,0.621675,-0.050695,0.677751,0.532232,-0.056253,0.679865,0.559557,-0.042451,0.686324,0.588782,-0.035469,0.672033,0.628423,-0.052402,0.662329,0.554643,-0.058151,0.666503,0.577070,-0.049062,0.671257,0.601492,-0.043459
1780503317.491,right,pinch,0.681856,0.694039,-0.000000,0.665580,0.618559,0.002700,0.663928,0.550022,-0.002472,0.661903,0.505874,-0.011244,0.668069,0.474674,-0.018254,0.737433,0.545252,0.008252,0.714701,0.487949,-0.003551,0.691865,0.473104,-0.011902,0.674978,0.469501,-0.017601,0.745746,0.557520,-0.001815,0.704404,0.508435,-0.015086,0.693590,0.547438,-0.016619,0.702135,0.570510,-0.016110,0.744657,0.572451,-0.013917,0.697585,0.531012,-0.024393,0.689862,0.569934,-0.016865,0.700931,0.587804,-0.011363,0.734283,0.587507,-0.026946,0.694577,0.553770,-0.035287,0.688295,0.581635,-0.031342,0.697512,0.598787,-0.027407
1780503317.747,right,pinch,0.671461,0.699940,-0.000000,0.652088,0.642193,-0.007074,0.641491,0.576116,-0.014713,0.638200,0.524461,-0.024632,0.651337,0.496062,-0.031444,0.692107,0.539204,0.006021,0.685683,0.492697,-0.011859,0.671904,0.482235,-0.020418,0.659946,0.479377,-0.023926,0.706708,0.547033,0.001521,0.680938,0.507081,-0.019387,0.668631,0.557379,-0.021660,0.678392,0.581257,-0.017696,0.720058,0.559124,-0.006742,0.686995,0.528157,-0.026661,0.677883,0.578600,-0.021070,0.689660,0.598338,-0.012365,0.729411,0.576640,-0.016359,0.698592,0.548428,-0.028346,0.689471,0.582447,-0.025094,0.698747,0.599729,-0.019339
1780503318.059,right,pinch,0.667710,0.700217,-0.000000,0.649369,0.647170,-0.006247,0.636147,0.584246,-0.014115,0.632518,0.531238,-0.025212,0.645811,0.494685,-0.034215,0.677959,0.547642,0.009812,0.673172,0.503130,-0.006550,0.662659,0.489762,-0.012898,0.654466,0.486107,-0.014734,0.692380,0.553518,0.004704,0.671194,0.516017,-0.015208,0.663521,0.566640,-0.014934,0.675077,0.583192,-0.008627,0.707268,0.562503,-0.004534,0.679622,0.533652,-0.024909,0.674825,0.584459,-0.017661,0.687732,0.598774,-0.007004,0.721692,0.577224,-0.014937,0.696300,0.547713,-0.026020,0.689890,0.582111,-0.020964,0.699386,0.598086,-0.013978
1780503318.258,right,pinch,0.669435,0.696496,-0.000000,0.648606,0.646929,-0.004939,0.635225,0.582043,-0.011470,0.631447,0.531669,-0.021179,0.642766,0.497228,-0.029186,0.676046,0.546773,0.008392,0.671474,0.504548,-0.007791,0.662253,0.487692,-0.013723,0.655204,0.483094,-0.015154,0.690917,0.553040,0.002995,0.670225,0.518050,-0.015585,0.661125,0.569176,-0.013443,0.672775,0.583706,-0.005855,0.706169,0.563906,-0.006345,0.679470,0.539965,-0.025386,0.673034,0.588911,-0.016513,0.686397,0.599647,-0.004913,0.720682,0.580277,-0.016714,0.695679,0.553429,-0.026506,0.687524,0.584634,-0.020173,0.696905,0.597980,-0.012418
1780503318.507,right,pinch,0.671024,0.698465,-0.000000,0.648627,0.650332,-0.005071,0.632852,0.584942,-0.011337,0.629088,0.533683,-0.020675,0.641261,0.498371,-0.028216,0.670841,0.550287,0.008008,0.665889,0.505757,-0.007514,0.657622,0.491150,-0.012170,0.652925,0.488410,-0.012676,0.686027,0.556306,0.002892,0.667343,0.522714,-0.014460,0.659374,0.574541,-0.010794,0.672151,0.586322,-0.002372,0.702267,0.566393,-0.006274,0.677970,0.544345,-0.024766,0.672209,0.593830,-0.015417,0.686471,0.602513,-0.003673,0.718329,0.581172,-0.016435,0.695476,0.553621,-0.026136,0.687179,0.585268,-0.019720,0.696793,0.598651,-0.012008
1780503318.661,right,pinch,0.670999,0.700277,-0.000000,0.647141,0.653655,-0.004212,0.630560,0.587735,-0.009895,0.627519,0.534267,-0.019132,0.639463,0.498855,-0.026599,0.667777,0.554805,0.009631,0.662925,0.506724,-0.006889,0.655698,0.493601,-0.011702,0.652635,0.493284,-0.011612,0.682685,0.560322,0.004408,0.664709,0.526039,-0.013387,0.657703,0.577251,-0.009034,0.671032,0.586088,0.000364,0.699164,0.568867,-0.005094,0.676417,0.546993,-0.023691,0.670945,0.594981,-0.013936,0.685474,0.601278,-0.001462,0.716043,0.581100,-0.015583,0.694469,0.554045,-0.024301,0.686081,0.584442,-0.017244,0.695960,0.596817,-0.008959
1780503318.836,right,pinch,0.670554,0.699190,-0.000000,0.646610,0.653067,-0.003277,0.629814,0.588062,-0.008825,0.626989,0.535566,-0.018295,0.639222,0.499706,-0.026118,0.666058,0.552467,0.011011,0.663115,0.505168,-0.005792,0.654830,0.495090,-0.011066,0.651596,0.496488,-0.011361,0.681314,0.558306,0.004879,0.663355,0.522348,-0.014221,0.655606,0.574576,-0.010839,0.668795,0.585860,-0.001600,0.697836,0.567164,-0.005446,0.675033,0.545027,-0.024947,0.669186,0.593723,-0.015409,0.683421,0.601315,-0.002634,0.714874,0.579995,-0.016681,0.692855,0.554032,-0.025655,0.684555,0.585061,-0.018413,0.694456,0.597809,-0.009802
1780503318.967,right,pinch,0.669634,0.698921,-0.000000,0.646499,0.651293,-0.002614,0.629717,0.586613,-0.008389,0.626247,0.533628,-0.018248,0.639530,0.497397,-0.026692,0.666648,0.552654,0.012044,0.663522,0.506292,-0.003915,0.655049,0.494296,-0.009090,0.651219,0.493668,-0.009634,0.681814,0.558310,0.005737,0.663282,0.522629,-0.012686,0.656455,0.574125,-0.009539,0.669415,0.585573,-0.000741,0.698100,0.567143,-0.004602,0.674646,0.544333,-0.023259,0.669360,0.592097,-0.014198,0.683431,0.599698,-0.002063,0.714562,0.579831,-0.015755,0.692105,0.554183,-0.024065,0.684559,0.584502,-0.017069,0.694865,0.596933,-0.008912
1780503319.140,right,pinch,0.671562,0.697937,-0.000000,0.647084,0.652306,-0.002181,0.630444,0.587755,-0.007075,0.627299,0.534672,-0.015989,0.639352,0.497538,-0.023707,0.666648,0.553460,0.012383,0.665993,0.506508,-0.002876,0.656897,0.492241,-0.008371,0.650528,0.492526,-0.009263,0.682117,0.558559,0.006159,0.665028,0.524629,-0.011370,0.657116,0.574150,-0.009133,0.668182,0.587475,-0.001394,0.698728,0.567054,-0.003923,0.675898,0.545562,-0.021981,0.670017,0.592347,-0.013911,0.682719,0.601324,-0.002785,0.715882,0.579425,-0.014721,0.692860,0.554825,-0.023265,0.685135,0.585719,-0.016785,0.694983,0.598627,-0.009072
1780503319.236,right,pinch,0.670785,0.697917,-0.000000,0.646630,0.651632,-0.002845,0.630156,0.586368,-0.007910,0.627169,0.533613,-0.016882,0.639736,0.497992,-0.024216,0.665854,0.552150,0.009582,0.661756,0.501915,-0.007493,0.654828,0.495194,-0.012681,0.653073,0.500440,-0.012750,0.681091,0.558107,0.003534,0.663403,0.522661,-0.015129,0.656510,0.573871,-0.011664,0.669405,0.584504,-0.002761,0.697929,0.567053,-0.006516,0.675534,0.545374,-0.025192,0.669946,0.592366,-0.015471,0.683846,0.598709,-0.002994,0.715126,0.580207,-0.017447,0.693732,0.554849,-0.025837,0.685723,0.584400,-0.018482,0.695611,0.596040,-0.009990
1780503319.497,right,pinch,0.671404,0.698387,-0.000000,0.646886,0.651532,-0.002025,0.630238,0.586828,-0.007133,0.627046,0.533518,-0.016592,0.639772,0.498619,-0.024298,0.667021,0.551905,0.010392,0.661626,0.498527,-0.007363,0.653556,0.494792,-0.012824,0.651490,0.502814,-0.012830,0.682287,0.558400,0.003916,0.663651,0.524146,-0.015178,0.656499,0.575778,-0.011880,0.669630,0.584833,-0.003167,0.699091,0.567035,-0.006627,0.675384,0.544017,-0.025711,0.669607,0.591409,-0.016176,0.683652,0.597502,-0.003851,0.716056,0.579464,-0.018004,0.693558,0.553646,-0.026798,0.685863,0.583507,-0.019817,0.696428,0.594986,-0.011543
1780503319.626,right,pinch,0.670515,0.698447,-0.000000,0.647357,0.652045,-0.002867,0.630608,0.587552,-0.008583,0.626941,0.534117,-0.018453,0.639239,0.498358,-0.026662,0.667773,0.551306,0.009835,0.662879,0.500441,-0.008395,0.654852,0.493085,-0.014164,0.651646,0.499278,-0.014337,0.682921,0.557262,0.003445,0.663816,0.521506,-0.016332,0.657010,0.574008,-0.012967,0.670071,0.584434,-0.003876,0.699764,0.566387,-0.007115,0.675425,0.543421,-0.027381,0.670132,0.592274,-0.017737,0.684398,0.599115,-0.004905,0.716559,0.579833,-0.018497,0.693674,0.553270,-0.028218,0.686021,0.584630,-0.021073,0.696593,0.596953,-0.012435
1780503319.784,right,pinch,0.679241,0.696163,-0.000000,0.656605,0.650747,-0.004609,0.640902,0.584596,-0.011234,0.639663,0.531446,-0.021741,0.656436,0.502419,-0.030107,0.677048,0.540757,0.008090,0.669886,0.492837,-0.010652,0.665734,0.492577,-0.015994,0.668266,0.498936,-0.015693,0.694396,0.550109,0.002424,0.676312,0.521081,-0.017098,0.669846,0.575689,-0.012556,0.682933,0.579429,-0.002422,0.712373,0.563770,-0.007623,0.689727,0.545516,-0.027044,0.683218,0.596032,-0.016003,0.696113,0.599139,-0.002379,0.729914,0.582777,-0.018796,0.709023,0.560532,-0.027475,0.700526,0.591643,-0.019845,0.709885,0.600378,-0.010824
1780503319.898,right,pinch,0.682054,0.697640,-0.000000,0.660205,0.655026,-0.006726,0.644169,0.584151,-0.012011,0.644471,0.526412,-0.019996,0.663842,0.500418,-0.024258,0.682732,0.536711,0.006566,0.673367,0.491644,-0.012291,0.666410,0.528872,-0.016868,0.671482,0.547058,-0.016290,0.700098,0.546859,0.002364,0.682377,0.514561,-0.017563,0.674508,0.572022,-0.013307,0.686447,0.575211,-0.003543,0.717558,0.561591,-0.006442,0.695791,0.543729,-0.026441,0.687649,0.595885,-0.016112,0.699321,0.597044,-0.002809,0.734958,0.581928,-0.016442,0.714477,0.562642,-0.025018,0.705991,0.594600,-0.018115,0.714706,0.600330,-0.009658
1780503320.084,right,pinch,0.683433,0.697377,-0.000000,0.662046,0.654020,-0.007775,0.646167,0.586004,-0.013717,0.646439,0.529005,-0.022209,0.666830,0.504180,-0.026994,0.683291,0.539004,0.006192,0.675805,0.491398,-0.013594,0.669795,0.524318,-0.019113,0.674973,0.542485,-0.018964,0.701236,0.549302,0.002466,0.684744,0.514207,-0.018463,0.676968,0.570520,-0.014968,0.688412,0.576352,-0.005441,0.719330,0.564531,-0.006046,0.698956,0.546452,-0.026714,0.690939,0.596762,-0.016905,0.702472,0.598652,-0.003537,0.737465,0.585322,-0.015839,0.719577,0.565073,-0.024090,0.710675,0.595369,-0.017127,0.718552,0.601055,-0.008575
1780503320.193,right,pinch,0.683804,0.699139,-0.000000,0.664373,0.654413,-0.007949,0.649471,0.584734,-0.013386,0.649167,0.528179,-0.021213,0.670641,0.505307,-0.025163,0.688110,0.537660,0.006823,0.679743,0.492682,-0.012346,0.671819,0.530917,-0.017677,0.676741,0.547695,-0.017676,0.705752,0.549110,0.003271,0.688735,0.513928,-0.017116,0.680133,0.569025,-0.013768,0.691865,0.574654,-0.004618,0.723054,0.565669,-0.005063,0.702816,0.546768,-0.025098,0.693807,0.596472,-0.015588,0.705523,0.598543,-0.002699,0.740327,0.588121,-0.014711,0.723121,0.566877,-0.022371,0.713511,0.596832,-0.015576,0.721154,0.603525,-0.007387
1780503320.303,right,pinch,0.691547,0.702193,-0.000000,0.671252,0.659385,-0.010729,0.657316,0.585621,-0.016072,0.659863,0.527889,-0.022684,0.685961,0.515118,-0.024786,0.698888,0.533372,0.002893,0.689929,0.489540,-0.015441,0.681190,0.539409,-0.020476,0.687225,0.553008,-0.021176,0.717939,0.546916,0.000735,0.702038,0.517818,-0.019380,0.692523,0.575733,-0.016446,0.703112,0.579593,-0.008102,0.734866,0.566943,-0.006099,0.715035,0.555377,-0.025227,0.704712,0.605383,-0.016006,0.715769,0.604372,-0.003987,0.751462,0.592637,-0.014512,0.733611,0.576823,-0.021644,0.722350,0.607161,-0.015020,0.728691,0.611387,-0.007279
1780503320.534,right,pinch,0.692837,0.703699,-0.000000,0.673189,0.658805,-0.011073,0.661115,0.585047,-0.016988,0.666283,0.526033,-0.024249,0.692493,0.517471,-0.027057,0.702716,0.534994,0.002426,0.695020,0.492449,-0.016834,0.686150,0.540801,-0.022680,0.691215,0.556068,-0.023705,0.722047,0.548585,0.000305,0.706507,0.524014,-0.020240,0.696704,0.581244,-0.017165,0.706815,0.585246,-0.008848,0.739130,0.569320,-0.006625,0.719876,0.557522,-0.025791,0.708174,0.606896,-0.016093,0.717831,0.608097,-0.003800,0.755543,0.596148,-0.015287,0.738494,0.581560,-0.022267,0.727680,0.609548,-0.015574,0.733818,0.613815,-0.007758
1780503320.687,right,pinch,0.701167,0.702063,-0.000000,0.681524,0.659180,-0.010600,0.670655,0.583043,-0.014983,0.681090,0.525694,-0.020636,0.709656,0.528286,-0.022011,0.709969,0.531252,0.004401,0.707230,0.490501,-0.013842,0.698766,0.538383,-0.020216,0.702244,0.554336,-0.021905,0.730480,0.544850,0.002328,0.719044,0.524184,-0.016867,0.709420,0.577829,-0.015214,0.717080,0.580582,-0.008297,0.748121,0.567559,-0.004469,0.732488,0.560934,-0.022156,0.720302,0.604813,-0.014010,0.727255,0.603140,-0.003298,0.764980,0.596682,-0.012970,0.747912,0.587685,-0.018971,0.737384,0.613740,-0.013028,0.742858,0.614816,-0.006137
1780503320.838,right,pinch,0.711448,0.702687,-0.000000,0.694742,0.656452,-0.008916,0.686479,0.587280,-0.013816,0.698806,0.532711,-0.020642,0.726000,0.522025,-0.023549,0.714846,0.539858,0.003953,0.719522,0.489153,-0.016058,0.712197,0.534352,-0.023142,0.713923,0.552802,-0.024364,0.735020,0.555051,0.000818,0.734422,0.521172,-0.018624,0.722550,0.572654,-0.017315,0.727965,0.577154,-0.010672,0.753143,0.577667,-0.006816,0.749228,0.558002,-0.025990,0.732988,0.601122,-0.017407,0.736653,0.603173,-0.005827,0.771431,0.606069,-0.015791,0.767531,0.583618,-0.022968,0.753036,0.608375,-0.015393,0.752637,0.615005,-0.006862
1780503321.039,right,pinch,0.714517,0.703570,-0.000000,0.697958,0.651361,-0.012699,0.689830,0.587764,-0.020024,0.700041,0.533704,-0.028812,0.727295,0.516961,-0.033473,0.716254,0.535620,0.004510,0.719503,0.488372,-0.016377,0.710485,0.531948,-0.024370,0.712884,0.547673,-0.025916,0.736302,0.551247,0.002983,0.736853,0.517070,-0.017224,0.723403,0.568630,-0.016823,0.728145,0.573124,-0.010330,0.754666,0.574295,-0.003620,0.752487,0.549450,-0.024920,0.735428,0.594264,-0.017931,0.738498,0.599418,-0.006397,0.773107,0.602149,-0.011696,0.771334,0.572906,-0.020609,0.756156,0.598258,-0.013906,0.754613,0.608676,-0.005280
1780503321.152,right,pinch,0.713013,0.692334,-0.000000,0.691657,0.644664,-0.014686,0.675275,0.587356,-0.023341,0.683418,0.535141,-0.032572,0.707702,0.516099,-0.037404,0.695679,0.520657,0.000007,0.693967,0.477539,-0.021475,0.692430,0.530240,-0.031497,0.697231,0.549193,-0.035186,0.718129,0.529031,-0.000758,0.716604,0.500442,-0.020794,0.709985,0.556879,-0.021599,0.713455,0.562934,-0.017497,0.738784,0.547188,-0.006422,0.739190,0.524037,-0.026653,0.726603,0.574406,-0.018808,0.726386,0.582738,-0.008241,0.758931,0.573845,-0.014011,0.757403,0.556515,-0.023995,0.743371,0.585146,-0.018359,0.737969,0.592725,-0.011087
1780503321.314,right,pinch,0.702065,0.643815,-0.000000,0.677342,0.610554,-0.014049,0.653495,0.580579,-0.026070,0.652714,0.541135,-0.038314,0.671096,0.516447,-0.048090,0.656312,0.491259,-0.008244,0.655088,0.453739,-0.026361,0.663304,0.481656,-0.037879,0.670201,0.508124,-0.043265,0.680053,0.486659,-0.009404,0.683442,0.456736,-0.026868,0.686602,0.507224,-0.031894,0.685291,0.535943,-0.031702,0.703193,0.491946,-0.013645,0.708287,0.462087,-0.029774,0.703947,0.511880,-0.025832,0.697854,0.540987,-0.019071,0.725656,0.507307,-0.019440,0.728455,0.483946,-0.029233,0.720205,0.518735,-0.024795,0.711314,0.541214,-0.018718
1780503321.455,right,pinch,0.692831,0.614442,-0.000000,0.665408,0.596294,-0.016593,0.642052,0.572042,-0.029998,0.641461,0.538926,-0.043088,0.659683,0.515370,-0.053592,0.639746,0.477483,-0.009722,0.636738,0.445262,-0.031854,0.648600,0.472339,-0.046492,0.658114,0.496051,-0.053537,0.662683,0.466919,-0.010311,0.661647,0.437312,-0.031921,0.670221,0.489048,-0.038646,0.673795,0.518901,-0.038002,0.685099,0.467583,-0.014523,0.686422,0.448056,-0.033649,0.687670,0.499901,-0.031052,0.685990,0.528595,-0.023865,0.707889,0.478498,-0.020626,0.709101,0.470455,-0.031918,0.703412,0.508489,-0.028965,0.696313,0.530835,-0.023242
1780503321.649,right,pinch,0.688519,0.585256,-0.000000,0.661440,0.576780,-0.016987,0.637204,0.558435,-0.030387,0.635499,0.526408,-0.043175,0.651547,0.498944,-0.053518,0.626657,0.467669,-0.011572,0.621735,0.432421,-0.033938,0.633889,0.451119,-0.048557,0.644198,0.472577,-0.055687,0.648703,0.448516,-0.011831,0.644736,0.417314,-0.033534,0.654908,0.464871,-0.039855,0.659088,0.493169,-0.038951,0.671245,0.442007,-0.015685,0.670720,0.428929,-0.035163,0.674996,0.478668,-0.032751,0.675175,0.503796,-0.025818,0.695062,0.445948,-0.021424,0.694783,0.444958,-0.033400,0.692321,0.483062,-0.031031,0.687752,0.502166,-0.025848
1780503321.778,right,pinch,0.682907,0.564090,-0.000000,0.657851,0.561074,-0.018371,0.635018,0.546597,-0.031974,0.632419,0.520481,-0.044541,0.643563,0.493371,-0.054055,0.616442,0.455678,-0.013761,0.611977,0.429375,-0.035874,0.627538,0.452650,-0.049817,0.638322,0.470736,-0.056799,0.636779,0.433213,-0.013643,0.634518,0.416230,-0.035328,0.647785,0.462617,-0.041527,0.650980,0.483878,-0.041146,0.658331,0.423828,-0.017094,0.658574,0.420925,-0.035176,0.665896,0.467150,-0.031792,0.665655,0.484192,-0.025310,0.680918,0.424162,-0.022806,0.682649,0.434863,-0.033044,0.682499,0.470069,-0.030189,0.678115,0.482457,-0.025321
1780503321.959,right,pinch,0.679648,0.559303,-0.000000,0.656668,0.558049,-0.015521,0.633568,0.546084,-0.027047,0.631398,0.519760,-0.037863,0.643493,0.491010,-0.045697,0.611820,0.455150,-0.010995,0.607587,0.435029,-0.032200,0.622615,0.453670,-0.046023,0.633864,0.467723,-0.053222,0.630681,0.426441,-0.011742,0.631710,0.427666,-0.032058,0.643417,0.471760,-0.037961,0.647058,0.489881,-0.037616,0.652465,0.414904,-0.015853,0.656826,0.436648,-0.031774,0.662264,0.478941,-0.028849,0.661173,0.488830,-0.023214,0.675838,0.413839,-0.022286,0.681366,0.445020,-0.030925,0.679953,0.477795,-0.028986,0.674150,0.484288,-0.025010
1780503322.084,right,pinch,0.680076,0.549091,-0.000000,0.657067,0.550744,-0.013768,0.633341,0.542017,-0.024058,0.630333,0.517507,-0.033758,0.640064,0.487787,-0.040659,0.610815,0.455734,-0.010449,0.604985,0.435117,-0.029517,0.620392,0.450323,-0.041934,0.631187,0.463163,-0.048637,0.627785,0.426753,-0.011324,0.627560,0.428334,-0.029891,0.641302,0.466851,-0.035648,0.645582,0.484541,-0.036017,0.648011,0.412596,-0.015149,0.652292,0.430945,-0.029873,0.660303,0.469891,-0.027311,0.660527,0.482333,-0.022704,0.670683,0.407918,-0.021113,0.677436,0.435689,-0.030713,0.677187,0.470359,-0.029928,0.671651,0.482420,-0.026986
1780503322.313,right,pinch,0.677581,0.540189,-0.000000,0.654606,0.543486,-0.014225,0.631909,0.534411,-0.024819,0.631668,0.509252,-0.034696,0.641292,0.478780,-0.041493,0.607213,0.448519,-0.010314,0.604726,0.437601,-0.029546,0.620341,0.455368,-0.041639,0.630335,0.464640,-0.048141,0.624376,0.420365,-0.011203,0.629664,0.434756,-0.029540,0.641729,0.473401,-0.034965,0.643880,0.483912,-0.035381,0.644650,0.407290,-0.015176,0.653041,0.433776,-0.029568,0.659214,0.470698,-0.026549,0.657027,0.475698,-0.021821,0.666919,0.402872,-0.021394,0.674493,0.430317,-0.029946,0.674918,0.462276,-0.028132,0.669294,0.468898,-0.024538
1780503322.754,right,pinch,0.677556,0.538840,-0.000000,0.655993,0.545483,-0.013354,0.633138,0.537632,-0.022739,0.631997,0.514414,-0.031390,0.641450,0.486698,-0.036989,0.606984,0.449247,-0.008804,0.607217,0.444363,-0.027632,0.622874,0.460316,-0.039945,0.632608,0.465798,-0.046703,0.623290,0.421108,-0.009756,0.632544,0.443231,-0.027595,0.643884,0.480048,-0.033402,0.644839,0.486732,-0.034280,0.642942,0.407921,-0.013656,0.654362,0.438799,-0.027508,0.660098,0.473365,-0.024684,0.657220,0.475427,-0.020208,0.664386,0.403258,-0.019801,0.674003,0.432462,-0.027992,0.674614,0.464146,-0.026200,0.668950,0.470036,-0.022534
1780503323.052,right,pinch,0.680556,0.537100,-0.000000,0.660718,0.547349,-0.014494,0.637954,0.542032,-0.024398,0.635897,0.520377,-0.033207,0.646043,0.491813,-0.038680,0.610889,0.457079,-0.010358,0.608935,0.449911,-0.030000,0.625825,0.467068,-0.042499,0.637361,0.474696,-0.049301,0.625642,0.424822,-0.010647,0.634923,0.446759,-0.029672,0.647604,0.484497,-0.035093,0.649539,0.493258,-0.035371,0.644650,0.409778,-0.014090,0.657946,0.445329,-0.028019,0.664111,0.479902,-0.024631,0.660728,0.482247,-0.019979,0.665798,0.404307,-0.019998,0.678017,0.443854,-0.028761,0.678912,0.473594,-0.027985,0.672150,0.475723,-0.025210
1780503323.230,right,pinch,0.684283,0.543584,-0.000000,0.663376,0.553044,-0.013014,0.642194,0.544779,-0.022072,0.643541,0.518557,-0.030138,0.650175,0.490064,-0.035234,0.612827,0.464495,-0.009340,0.613794,0.458225,-0.028052,0.632175,0.472317,-0.041413,0.643969,0.478701,-0.049100,0.626792,0.432125,-0.010225,0.638186,0.449381,-0.027809,0.651306,0.483647,-0.034406,0.653902,0.495259,-0.036006,0.645285,0.416342,-0.013831,0.661142,0.448158,-0.026819,0.667826,0.483203,-0.024377,0.665262,0.490816,-0.020601,0.666383,0.410100,-0.019744,0.680556,0.444402,-0.028167,0.681244,0.477378,-0.027205,0.674705,0.486759,-0.024363
1780503323.384,right,pinch,0.682537,0.550798,-0.000000,0.664098,0.558253,-0.015006,0.644270,0.551870,-0.025777,0.647673,0.529943,-0.035287,0.657547,0.504760,-0.042136,0.615306,0.477917,-0.013698,0.614606,0.462808,-0.033850,0.635539,0.480399,-0.047596,0.648159,0.491432,-0.055263,0.629559,0.446271,-0.014001,0.632450,0.439956,-0.034582,0.649865,0.476998,-0.041159,0.655713,0.494663,-0.041456,0.647168,0.429122,-0.017000,0.658816,0.442143,-0.031791,0.669461,0.483496,-0.028660,0.668991,0.498761,-0.023406,0.667438,0.421572,-0.022293,0.682033,0.449193,-0.030734,0.684483,0.483782,-0.029295,0.678472,0.493955,-0.026073
1780503323.542,right,pinch,0.690717,0.538226,-0.000000,0.672678,0.551938,-0.016680,0.653169,0.547817,-0.027945,0.658529,0.523682,-0.037342,0.671234,0.497170,-0.043571,0.623922,0.476592,-0.015793,0.622573,0.461558,-0.035711,0.642930,0.472359,-0.048590,0.656655,0.480853,-0.055466,0.636328,0.443658,-0.014931,0.647276,0.440653,-0.034361,0.662420,0.472546,-0.040708,0.663864,0.484268,-0.041388,0.653517,0.426951,-0.016856,0.673735,0.440893,-0.031813,0.681610,0.477554,-0.029718,0.677448,0.486723,-0.025292,0.673487,0.420118,-0.021020,0.690625,0.440120,-0.030359,0.692766,0.472702,-0.029168,0.686039,0.484118,-0.025946
1780503323.714,right,pinch,0.692302,0.538355,-0.000000,0.675738,0.546037,-0.017979,0.657433,0.538332,-0.030248,0.661459,0.509105,-0.040627,0.675062,0.480598,-0.047216,0.629628,0.474855,-0.016866,0.623079,0.448704,-0.038478,0.645330,0.454223,-0.050313,0.659992,0.463131,-0.055736,0.642152,0.445141,-0.015478,0.648029,0.433645,-0.037094,0.666457,0.474078,-0.040693,0.665681,0.489608,-0.038579,0.658982,0.429059,-0.017442,0.672861,0.423693,-0.034373,0.683005,0.462252,-0.028947,0.678137,0.474463,-0.021639,0.678139,0.422476,-0.021841,0.693903,0.425582,-0.033506,0.695984,0.457950,-0.031718,0.688220,0.472149,-0.027322
1780503323.835,right,pinch,0.692263,0.539465,-0.000000,0.674658,0.547579,-0.017796,0.656305,0.539117,-0.029826,0.660114,0.509175,-0.040245,0.672033,0.479157,-0.047419,0.628680,0.466956,-0.015301,0.625390,0.444503,-0.036962,0.645326,0.450187,-0.051319,0.659696,0.457403,-0.058901,0.641688,0.435862,-0.014115,0.656208,0.439234,-0.035922,0.668713,0.475644,-0.043432,0.666987,0.491306,-0.044828,0.659091,0.420891,-0.016163,0.677691,0.433892,-0.032592,0.684347,0.469273,-0.030806,0.678209,0.478301,-0.026611,0.678539,0.415197,-0.020757,0.696600,0.434744,-0.031153,0.697626,0.465990,-0.030950,0.688893,0.475146,-0.028218
1780503323.960,right,pinch,0.690480,0.536446,-0.000000,0.670067,0.543941,-0.015994,0.649712,0.531913,-0.026276,0.653533,0.500427,-0.035107,0.664086,0.471849,-0.040893,0.622765,0.464762,-0.013301,0.621954,0.439306,-0.035981,0.641117,0.442449,-0.051337,0.654640,0.448020,-0.059219,0.636276,0.435887,-0.012769,0.647941,0.434799,-0.036285,0.662047,0.475804,-0.044601,0.662049,0.495507,-0.045498,0.653670,0.420150,-0.015351,0.669916,0.426766,-0.034486,0.679039,0.466126,-0.033253,0.675264,0.478356,-0.028006,0.673083,0.412459,-0.020030,0.689332,0.425613,-0.032904,0.692062,0.460708,-0.032486,0.685087,0.473573,-0.028587
1780503324.241,right,pinch,0.689258,0.531831,-0.000000,0.667385,0.539056,-0.015590,0.646056,0.530082,-0.026270,0.647635,0.497499,-0.035901,0.658016,0.465409,-0.042828,0.621419,0.461278,-0.012833,0.618765,0.436150,-0.033747,0.636609,0.435939,-0.047950,0.649595,0.439112,-0.055468,0.635911,0.431612,-0.012571,0.647807,0.437207,-0.033056,0.659555,0.474431,-0.040495,0.658690,0.491311,-0.042150,0.653946,0.415797,-0.015369,0.667661,0.425526,-0.032363,0.674778,0.461314,-0.030882,0.670750,0.472964,-0.026605,0.673876,0.408058,-0.020283,0.686120,0.418327,-0.031717,0.688100,0.453074,-0.030499,0.681796,0.468529,-0.026664
1780503324.469,right,pinch,0.690749,0.527363,-0.000000,0.667013,0.533429,-0.014721,0.643158,0.519112,-0.023804,0.641416,0.482571,-0.032204,0.650538,0.448523,-0.037648,0.619022,0.451503,-0.008123,0.614488,0.427228,-0.028621,0.629577,0.423807,-0.041862,0.641668,0.424004,-0.048511,0.633836,0.421720,-0.008024,0.644130,0.430068,-0.027263,0.656012,0.466645,-0.033062,0.653838,0.476105,-0.033474,0.652706,0.405661,-0.011410,0.663873,0.418607,-0.027779,0.671206,0.454444,-0.024953,0.666802,0.460716,-0.019760,0.673166,0.397318,-0.016953,0.683218,0.413409,-0.027597,0.685492,0.444651,-0.025857,0.679680,0.452432,-0.021586
1780503324.594,right,pinch,0.678399,0.533503,-0.000000,0.656000,0.525533,-0.010869,0.629223,0.496299,-0.016100,0.616790,0.454252,-0.022205,0.626344,0.415065,-0.025133,0.621068,0.437996,0.002767,0.608827,0.404453,-0.015028,0.621572,0.436530,-0.022825,0.628036,0.450714,-0.024642,0.638138,0.423552,0.001637,0.629577,0.404778,-0.014936,0.641973,0.447336,-0.015891,0.644172,0.452252,-0.011580,0.657212,0.415815,-0.003631,0.650955,0.405538,-0.020500,0.658840,0.447983,-0.015532,0.659648,0.453361,-0.007015,0.678556,0.410550,-0.010186,0.671567,0.401058,-0.018219,0.673533,0.433502,-0.013638,0.673769,0.444612,-0.007212
1780503324.714,right,pinch,0.669181,0.553844,-0.000000,0.642432,0.543970,-0.008980,0.610409,0.501128,-0.011906,0.596072,0.450100,-0.016350,0.610232,0.413101,-0.017560,0.618050,0.441203,0.006159,0.603077,0.410467,-0.011000,0.612168,0.453600,-0.016300,0.618448,0.461142,-0.016709,0.635828,0.430430,0.004013,0.622328,0.414392,-0.013409,0.632724,0.466448,-0.011152,0.638229,0.461442,-0.003716,0.654713,0.425822,-0.002595,0.642100,0.420738,-0.020051,0.649534,0.469330,-0.011751,0.655037,0.463883,-0.000394,0.675352,0.424522,-0.010510,0.660803,0.419629,-0.017470,0.662854,0.454483,-0.010785,0.668870,0.456295,-0.002910
1780503324.858,right,pinch,0.664134,0.573925,-0.000000,0.634562,0.558249,-0.008010,0.603940,0.511752,-0.011811,0.591450,0.460464,-0.017459,0.604126,0.421095,-0.019501,0.615330,0.450005,0.006110,0.599233,0.419439,-0.011737,0.606716,0.464269,-0.016693,0.614230,0.473118,-0.016506,0.633021,0.442768,0.003577,0.619121,0.428026,-0.014342,0.628974,0.482813,-0.011087,0.635877,0.477417,-0.002753,0.652139,0.439418,-0.003391,0.638409,0.438039,-0.021415,0.646235,0.488720,-0.012145,0.653783,0.482514,0.000041,0.672755,0.439871,-0.011542,0.656156,0.436676,-0.018560,0.658502,0.472706,-0.011232,0.665927,0.473594,-0.002737
1780503325.045,right,pinch,0.658868,0.605353,-0.000000,0.630544,0.586300,-0.005942,0.601074,0.533010,-0.008795,0.589096,0.480357,-0.013955,0.602014,0.443869,-0.015917,0.617018,0.476649,0.005818,0.599110,0.434607,-0.012596,0.603315,0.479259,-0.017772,0.610661,0.493667,-0.017331,0.634399,0.471713,0.002351,0.617081,0.449076,-0.016833,0.623889,0.505389,-0.014259,0.632927,0.506158,-0.005968,0.653102,0.470320,-0.005202,0.635699,0.462749,-0.024099,0.641205,0.516295,-0.015515,0.650689,0.514756,-0.003347,0.673946,0.471688,-0.013648,0.655479,0.460084,-0.021101,0.655791,0.497861,-0.013860,0.664263,0.502914,-0.005265
1780503325.161,right,pinch,0.652208,0.651763,-0.000000,0.625854,0.622469,-0.005201,0.604382,0.561403,-0.009629,0.597480,0.509760,-0.017060,0.608459,0.473437,-0.021416,0.631023,0.509358,0.003410,0.612665,0.462267,-0.017818,0.612618,0.508303,-0.023661,0.620167,0.529250,-0.022938,0.647497,0.513196,-0.001807,0.628205,0.487447,-0.023495,0.630248,0.549249,-0.020494,0.640883,0.550138,-0.011446,0.665141,0.518921,-0.011123,0.643800,0.506441,-0.032852,0.645406,0.563445,-0.022046,0.656777,0.560351,-0.007964,0.684047,0.527916,-0.021206,0.662433,0.513066,-0.030533,0.660414,0.552914,-0.021243,0.670939,0.557881,-0.010813
1780503325.514,right,pinch,0.645735,0.694333,-0.000000,0.627315,0.645127,0.003170,0.613810,0.579711,-0.000085,0.607986,0.531187,-0.009054,0.617910,0.496923,-0.017608,0.661296,0.546924,0.016971,0.654870,0.499416,0.002571,0.638562,0.486138,-0.002876,0.626846,0.488306,-0.004534,0.673175,0.552084,0.006369,0.648648,0.512573,-0.012234,0.640380,0.569915,-0.009673,0.652415,0.585950,-0.001193,0.686288,0.560279,-0.007542,0.655123,0.531346,-0.027377,0.648463,0.587500,-0.016245,0.662457,0.599386,-0.002408,0.697914,0.575827,-0.021895,0.670379,0.550450,-0.032488,0.661211,0.586362,-0.024009,0.672640,0.601060,-0.014555
1780503325.847,right,pinch,0.644946,0.698808,-0.000000,0.627282,0.641084,-0.001969,0.620250,0.574689,-0.007404,0.613926,0.527977,-0.015670,0.622230,0.494382,-0.021754,0.681665,0.547019,0.010590,0.667143,0.501920,-0.003135,0.648670,0.483142,-0.011922,0.629923,0.478773,-0.017347,0.694864,0.551593,0.003666,0.657832,0.513022,-0.012389,0.646738,0.563017,-0.013896,0.656756,0.583947,-0.011266,0.703195,0.562826,-0.006218,0.660218,0.533502,-0.021079,0.651601,0.581615,-0.012930,0.663183,0.597317,-0.004480,0.703684,0.580245,-0.017301,0.665048,0.557154,-0.027584,0.658274,0.590961,-0.022764,0.669889,0.604709,-0.017002
1780503325.999,right,pinch,0.682593,0.716465,-0.000000,0.686482,0.650082,-0.006564,0.684295,0.575459,-0.017614,0.666032,0.523564,-0.027666,0.647958,0.486244,-0.036454,0.736442,0.557688,-0.023100,0.700166,0.490994,-0.036538,0.670805,0.480361,-0.043203,0.649844,0.479707,-0.047835,0.727926,0.573898,-0.026767,0.677786,0.518014,-0.039062,0.672286,0.548563,-0.039921,0.680273,0.570858,-0.042278,0.710735,0.591157,-0.030673,0.659360,0.538963,-0.039435,0.658997,0.573295,-0.033015,0.671171,0.593830,-0.031003,0.689012,0.607997,-0.035361,0.648380,0.562521,-0.044731,0.647322,0.588902,-0.042124,0.657926,0.607377,-0.040347
1780503326.160,right,pinch,0.695002,0.714998,-0.000000,0.726260,0.661215,0.001441,0.733808,0.575418,-0.007638,0.715386,0.506527,-0.015792,0.687563,0.473903,-0.025247,0.733868,0.606470,-0.031547,0.713050,0.513393,-0.040819,0.704022,0.488980,-0.044024,0.696068,0.475053,-0.046247,0.702904,0.618582,-0.037930,0.690199,0.524249,-0.043469,0.696744,0.540983,-0.038546,0.702126,0.567867,-0.037966,0.675107,0.625680,-0.041934,0.672483,0.536830,-0.044972,0.679076,0.554265,-0.033668,0.682605,0.578624,-0.028575,0.651269,0.628977,-0.045376,0.656100,0.557477,-0.045500,0.663572,0.572146,-0.035168,0.665422,0.592228,-0.029857
1780503326.267,right,pinch,0.695388,0.711915,0.000000,0.724965,0.659102,-0.005528,0.727613,0.580812,-0.014296,0.711947,0.517569,-0.019707,0.691462,0.480980,-0.025415,0.721262,0.605406,-0.041009,0.702530,0.515044,-0.047793,0.694741,0.487207,-0.045435,0.687495,0.473276,-0.043129,0.691676,0.617606,-0.041414,0.682351,0.528663,-0.044622,0.689976,0.536289,-0.035854,0.694084,0.558252,-0.032005,0.666077,0.625785,-0.039697,0.666466,0.544581,-0.040478,0.674388,0.557929,-0.028352,0.677265,0.578741,-0.022845,0.645942,0.628555,-0.037965,0.651189,0.561121,-0.037283,0.658798,0.573663,-0.028486,0.659596,0.592430,-0.024257
1780503341.641,left,pinch,0.242741,0.849169,-0.000000,0.287474,0.857330,-0.025111,0.327195,0.842283,-0.042275,0.343387,0.818197,-0.056570,0.340484,0.801582,-0.071120,0.321149,0.721963,-0.037622,0.320844,0.787106,-0.063823,0.307414,0.834726,-0.085007,0.292512,0.856236,-0.097880,0.290913,0.712848,-0.034751,0.287888,0.809607,-0.058923,0.273681,0.864299,-0.071983,0.259059,0.891378,-0.079343,0.261841,0.722202,-0.033387,0.259760,0.806653,-0.054262,0.251804,0.850865,-0.057478,0.240753,0.876400,-0.056670,0.236414,0.741377,-0.034273,0.234756,0.802824,-0.048896,0.230827,0.839971,-0.049090,0.225036,0.859238,-0.045857
1780503341.731,left,pinch,0.262517,0.843752,-0.000000,0.299507,0.832214,-0.003674,0.332807,0.795954,-0.005902,0.356757,0.767919,-0.009778,0.372191,0.741383,-0.012921,0.323861,0.704313,0.005527,0.342835,0.701989,-0.003773,0.340917,0.728791,-0.013176,0.334607,0.740909,-0.019177,0.305634,0.700120,0.002145,0.324460,0.706730,-0.003870,0.322497,0.735308,-0.009624,0.315252,0.748366,-0.013680,0.286558,0.706190,-0.002890,0.304573,0.716250,-0.009242,0.302184,0.743150,-0.006853,0.294380,0.754676,-0.004765,0.267005,0.721293,-0.008697,0.284300,0.727794,-0.012157,0.285452,0.748222,-0.007162,0.281643,0.758620,-0.002477
1780503341.817,left,pinch,0.319210,0.741995,-0.000000,0.360544,0.737672,-0.002464,0.397352,0.698240,-0.007041,0.416406,0.672411,-0.013862,0.420799,0.641633,-0.019401,0.379168,0.585935,-0.006221,0.416577,0.591880,-0.024898,0.411508,0.637458,-0.038054,0.396880,0.659405,-0.044554,0.358674,0.580920,-0.013116,0.398392,0.601902,-0.027471,0.389653,0.651861,-0.032142,0.372928,0.667170,-0.034158,0.339675,0.590553,-0.021687,0.374618,0.621640,-0.035129,0.365065,0.668745,-0.030567,0.350641,0.679431,-0.026045,0.322300,0.610727,-0.030817,0.351493,0.640832,-0.037859,0.344341,0.677779,-0.031292,0.331954,0.686283,-0.025922
1780503341.902,left,pinch,0.371398,0.731926,0.000000,0.411471,0.691283,0.002922,0.441268,0.640524,0.001022,0.464224,0.611425,-0.004737,0.483412,0.581389,-0.009875,0.412002,0.545530,0.013690,0.446307,0.544185,0.002986,0.460463,0.559948,-0.007162,0.464494,0.565709,-0.012950,0.399096,0.540232,0.006495,0.440666,0.557244,-0.002584,0.437686,0.590646,-0.007340,0.425577,0.597104,-0.008826,0.388401,0.548444,-0.002372,0.431204,0.565952,-0.010380,0.425695,0.598099,-0.006412,0.412956,0.602086,-0.001990,0.378874,0.567095,-0.011828,0.415905,0.576548,-0.015163,0.413083,0.602252,-0.008637,0.400494,0.606139,-0.002365
1780503341.988,left,pinch,0.408427,0.702109,0.000000,0.453093,0.653902,0.002496,0.481402,0.607694,-0.000584,0.501412,0.580099,-0.008030,0.521713,0.549059,-0.014546,0.448602,0.512083,0.016252,0.484769,0.505232,0.004593,0.505736,0.512001,-0.006680,0.520209,0.517533,-0.013684,0.438728,0.502947,0.008350,0.486973,0.517265,-0.002771,0.495291,0.542998,-0.010172,0.496990,0.550296,-0.013316,0.431819,0.509704,-0.001425,0.478989,0.537162,-0.011289,0.469954,0.569750,-0.010215,0.457843,0.576862,-0.006854,0.427154,0.526950,-0.012036,0.463905,0.549657,-0.015925,0.460112,0.571669,-0.011639,0.449550,0.574960,-0.006553
1780503342.053,left,pinch,0.438420,0.674486,0.000000,0.483553,0.633164,0.002450,0.507982,0.593131,-0.003180,0.527638,0.566786,-0.014019,0.546083,0.536144,-0.023204,0.469687,0.492006,0.014374,0.509881,0.483566,-0.002592,0.532991,0.500222,-0.016007,0.548344,0.519975,-0.023260,0.461952,0.486469,0.004314,0.513256,0.510190,-0.015650,0.510145,0.556251,-0.023534,0.498196,0.575034,-0.023994,0.458857,0.494796,-0.008033,0.508804,0.532116,-0.025083,0.498810,0.575924,-0.023666,0.483509,0.587154,-0.017670,0.458885,0.511617,-0.021080,0.498408,0.548698,-0.027970,0.492436,0.578863,-0.023587,0.479543,0.584598,-0.017403
1780503342.115,left,pinch,0.448680,0.669612,-0.000000,0.491747,0.640676,-0.001351,0.515368,0.601653,-0.008743,0.533566,0.573887,-0.019988,0.551029,0.545963,-0.029623,0.474626,0.496815,0.005168,0.517401,0.483442,-0.013346,0.540416,0.503795,-0.027050,0.554112,0.526749,-0.034175,0.465963,0.491069,-0.002769,0.519325,0.522418,-0.023118,0.510954,0.568549,-0.030153,0.494225,0.583185,-0.030744,0.463093,0.502245,-0.012856,0.514803,0.542782,-0.030729,0.503316,0.587258,-0.028992,0.487620,0.597424,-0.023254,0.464332,0.521464,-0.023717,0.505350,0.558014,-0.031826,0.499189,0.589677,-0.027635,0.487076,0.595559,-0.021683
1780503342.189,left,pinch,0.455630,0.675283,-0.000000,0.496648,0.646564,-0.000995,0.518757,0.605499,-0.006993,0.537000,0.577881,-0.016754,0.554976,0.551535,-0.025068,0.476889,0.504905,0.007079,0.518835,0.490176,-0.009717,0.543479,0.508498,-0.023362,0.559133,0.530093,-0.031002,0.469699,0.501723,-0.000686,0.523654,0.530817,-0.018468,0.517582,0.574823,-0.025436,0.502191,0.587974,-0.027096,0.468045,0.513904,-0.010560,0.519816,0.547781,-0.026234,0.509496,0.590041,-0.024039,0.492857,0.600036,-0.019034,0.469297,0.532976,-0.021281,0.509977,0.562808,-0.028747,0.504250,0.593252,-0.023947,0.491225,0.599894,-0.017972
1780503342.257,left,pinch,0.457636,0.684691,-0.000000,0.497788,0.655317,-0.002156,0.522093,0.616324,-0.009343,0.540462,0.588782,-0.019805,0.558136,0.561015,-0.028616,0.480548,0.511055,0.004471,0.521804,0.498941,-0.011653,0.546744,0.519408,-0.023822,0.562687,0.542154,-0.030348,0.473386,0.506967,-0.002936,0.526731,0.542303,-0.020033,0.518631,0.587973,-0.026297,0.501832,0.600360,-0.027654,0.471207,0.520005,-0.012326,0.521479,0.557322,-0.027383,0.510102,0.598883,-0.025081,0.493140,0.608596,-0.020278,0.471288,0.540582,-0.022606,0.511974,0.569313,-0.029715,0.505805,0.598851,-0.024797,0.492195,0.606428,-0.018732
1780503342.318,left,pinch,0.455979,0.693074,-0.000000,0.497624,0.663735,-0.001937,0.523123,0.623293,-0.009714,0.543642,0.596485,-0.021087,0.561647,0.568955,-0.030668,0.478687,0.515860,0.005978,0.522170,0.503376,-0.011585,0.547052,0.524999,-0.025154,0.562759,0.550097,-0.032518,0.472875,0.511591,-0.001851,0.527346,0.547474,-0.019831,0.518012,0.593658,-0.026214,0.500897,0.605968,-0.027453,0.472053,0.524770,-0.011974,0.523167,0.564398,-0.027108,0.511183,0.605973,-0.024626,0.494440,0.614071,-0.019808,0.474200,0.545761,-0.023131,0.514891,0.579366,-0.029898,0.506941,0.608972,-0.025263,0.492557,0.614353,-0.019611
1780503342.377,left,pinch,0.454755,0.702043,-0.000000,0.497367,0.671252,-0.001958,0.522307,0.632415,-0.009645,0.543023,0.605602,-0.020847,0.560687,0.576244,-0.030318,0.477674,0.521070,0.005273,0.522555,0.511495,-0.011732,0.547728,0.533763,-0.024870,0.563281,0.558226,-0.032173,0.472388,0.517343,-0.002414,0.527668,0.553884,-0.019968,0.519152,0.600450,-0.026332,0.502257,0.612090,-0.027750,0.472265,0.531181,-0.012206,0.523919,0.570365,-0.027609,0.512357,0.613203,-0.025193,0.495324,0.621558,-0.020361,0.474912,0.552457,-0.022911,0.515388,0.585438,-0.030307,0.508117,0.616473,-0.025681,0.493760,0.622629,-0.019863
1780503342.442,left,pinch,0.453847,0.709732,-0.000000,0.495615,0.677108,-0.000869,0.520557,0.638177,-0.008579,0.542221,0.610309,-0.020226,0.559435,0.580437,-0.030173,0.474667,0.531271,0.006251,0.519419,0.516859,-0.011110,0.544846,0.536771,-0.024356,0.560944,0.561878,-0.031436,0.469121,0.527296,-0.002208,0.525616,0.560141,-0.020128,0.516655,0.606715,-0.026145,0.499816,0.618322,-0.026969,0.469468,0.539996,-0.012825,0.522376,0.576289,-0.028185,0.510539,0.618968,-0.025264,0.493734,0.627460,-0.019929,0.473107,0.559945,-0.024356,0.514537,0.591259,-0.031183,0.507477,0.623120,-0.025916,0.493418,0.630288,-0.019645
1780503342.502,left,pinch,0.453069,0.713326,-0.000000,0.494474,0.680172,-0.001748,0.519504,0.640372,-0.009624,0.540871,0.613250,-0.020980,0.559998,0.585283,-0.030490,0.472944,0.533824,0.004631,0.518924,0.517933,-0.013200,0.544629,0.539947,-0.026920,0.560335,0.565320,-0.034313,0.466988,0.530074,-0.003187,0.523907,0.562824,-0.021136,0.515931,0.609491,-0.027828,0.499287,0.621584,-0.029490,0.467213,0.544385,-0.013115,0.520392,0.580964,-0.028551,0.509079,0.623648,-0.026296,0.492577,0.631823,-0.021624,0.471047,0.566082,-0.023928,0.512744,0.596633,-0.030921,0.505991,0.627563,-0.026124,0.492314,0.633796,-0.020339
1780503342.565,left,pinch,0.450700,0.723051,-0.000000,0.492907,0.687042,0.000728,0.517224,0.644346,-0.005694,0.538673,0.615667,-0.016295,0.557295,0.589615,-0.025382,0.469665,0.540080,0.008331,0.515062,0.525892,-0.007695,0.541113,0.544267,-0.020374,0.557499,0.568621,-0.027430,0.464228,0.536561,-0.000634,0.521207,0.566993,-0.017844,0.513789,0.613546,-0.024104,0.496856,0.628194,-0.025273,0.465102,0.549684,-0.011575,0.518051,0.583578,-0.026254,0.507457,0.626555,-0.024333,0.490576,0.637658,-0.019855,0.469618,0.569927,-0.023266,0.510861,0.599259,-0.029830,0.504223,0.630548,-0.025512,0.490174,0.639007,-0.020092
1780503342.629,left,pinch,0.450778,0.724128,-0.000000,0.492863,0.688535,0.000761,0.516979,0.645431,-0.005580,0.538089,0.619646,-0.016037,0.556856,0.596100,-0.024849,0.469771,0.541343,0.008148,0.517334,0.527282,-0.009391,0.542958,0.548022,-0.023561,0.558746,0.572103,-0.031339,0.463947,0.536359,-0.001073,0.521125,0.568411,-0.019408,0.513056,0.615301,-0.026865,0.496598,0.628692,-0.028673,0.464886,0.549777,-0.012279,0.518083,0.586695,-0.026983,0.507180,0.630203,-0.025359,0.490942,0.639417,-0.021049,0.469864,0.570741,-0.024342,0.510956,0.601922,-0.030456,0.503976,0.632972,-0.025950,0.490570,0.638913,-0.020453
1780503342.693,left,pinch,0.447851,0.724994,-0.000000,0.490835,0.689341,0.000234,0.514314,0.646422,-0.006185,0.535263,0.620098,-0.016628,0.554162,0.597786,-0.025414,0.465167,0.541856,0.007191,0.513303,0.527868,-0.010642,0.539740,0.548909,-0.025184,0.556355,0.573794,-0.033367,0.459959,0.538087,-0.001745,0.517951,0.571010,-0.020355,0.509763,0.617452,-0.027871,0.492976,0.631060,-0.029909,0.461601,0.552586,-0.012729,0.515232,0.589352,-0.028028,0.504146,0.632164,-0.026646,0.487812,0.641590,-0.022527,0.467309,0.574167,-0.024559,0.508632,0.604632,-0.031196,0.501878,0.635095,-0.027014,0.488639,0.641869,-0.021795
1780503342.759,left,pinch,0.446678,0.724259,-0.000000,0.488235,0.688203,-0.000496,0.512184,0.647324,-0.007438,0.532882,0.621557,-0.018165,0.551046,0.598478,-0.027326,0.463075,0.542160,0.005652,0.511373,0.528587,-0.012002,0.536852,0.549954,-0.026368,0.552500,0.573381,-0.034433,0.457155,0.539444,-0.002665,0.514410,0.568169,-0.020511,0.507441,0.613692,-0.028016,0.491572,0.627695,-0.030280,0.457993,0.554242,-0.012900,0.511340,0.587409,-0.027718,0.501341,0.629637,-0.026418,0.485801,0.639785,-0.022397,0.462680,0.575913,-0.023946,0.504171,0.602999,-0.030180,0.498047,0.632680,-0.025865,0.485095,0.639924,-0.020590
1780503342.830,left,pinch,0.442653,0.721331,-0.000000,0.484634,0.687577,0.000136,0.508368,0.644402,-0.005697,0.528269,0.619114,-0.015307,0.547143,0.597764,-0.023401,0.459328,0.541994,0.006649,0.506625,0.525253,-0.010807,0.532716,0.546593,-0.025345,0.549093,0.570412,-0.033605,0.453533,0.537192,-0.001837,0.510570,0.567550,-0.019848,0.503184,0.613187,-0.027996,0.486639,0.627368,-0.030729,0.454670,0.550516,-0.012192,0.507655,0.586786,-0.026954,0.497168,0.629798,-0.026216,0.481059,0.639700,-0.022669,0.459666,0.570704,-0.023335,0.501011,0.601294,-0.029556,0.494843,0.632483,-0.025652,0.481839,0.639840,-0.020746
1780503342.899,left,pinch,0.441494,0.716565,0.000000,0.482131,0.681221,0.000150,0.504732,0.638705,-0.006131,0.524675,0.613288,-0.016222,0.543812,0.591799,-0.024898,0.456206,0.538891,0.006454,0.501613,0.523419,-0.011150,0.528140,0.541345,-0.025990,0.545485,0.562486,-0.034671,0.449585,0.534656,-0.002320,0.505666,0.554853,-0.021510,0.500354,0.600606,-0.030245,0.484599,0.618411,-0.032849,0.450164,0.546920,-0.012876,0.503233,0.578980,-0.028539,0.494076,0.622399,-0.027975,0.478183,0.633541,-0.024095,0.454877,0.566338,-0.024206,0.496759,0.595222,-0.030875,0.491339,0.626318,-0.027155,0.478418,0.633792,-0.022285
1780503342.970,left,pinch,0.441156,0.713980,-0.000000,0.480977,0.679157,0.000370,0.503600,0.636554,-0.005567,0.523396,0.610076,-0.015215,0.540908,0.586288,-0.023493,0.454808,0.539941,0.006786,0.499367,0.524016,-0.009876,0.525741,0.540308,-0.024081,0.543008,0.559870,-0.032379,0.448488,0.535038,-0.001708,0.503099,0.555627,-0.019498,0.497227,0.600280,-0.027528,0.481134,0.617715,-0.029940,0.449331,0.546916,-0.011971,0.500999,0.576743,-0.026579,0.492319,0.618885,-0.026089,0.476965,0.630217,-0.022553,0.454330,0.566133,-0.022974,0.495022,0.593092,-0.029244,0.489817,0.622543,-0.025819,0.477242,0.629746,-0.021279
1780503343.043,left,pinch,0.440794,0.713704,-0.000000,0.480256,0.680181,-0.000559,0.503141,0.638566,-0.007020,0.522434,0.612695,-0.016836,0.539290,0.587243,-0.025046,0.455193,0.540522,0.004259,0.499049,0.523782,-0.012639,0.524532,0.541790,-0.026205,0.540554,0.563318,-0.033877,0.448392,0.535985,-0.003827,0.503600,0.561157,-0.021222,0.496756,0.604724,-0.028105,0.480473,0.619058,-0.030122,0.448616,0.548905,-0.013741,0.500916,0.580889,-0.028094,0.491365,0.621118,-0.026553,0.476075,0.630431,-0.022747,0.453027,0.569536,-0.024496,0.494095,0.596201,-0.031017,0.488235,0.624269,-0.027236,0.475851,0.630251,-0.022546
1780503343.136,left,pinch,0.439653,0.717126,-0.000000,0.480312,0.682362,-0.000646,0.502766,0.639863,-0.007098,0.521692,0.613994,-0.016961,0.539184,0.590054,-0.025091,0.454561,0.541034,0.004919,0.500166,0.527210,-0.011673,0.525064,0.547841,-0.024735,0.540253,0.570095,-0.032235,0.448111,0.537087,-0.003362,0.504590,0.563144,-0.020905,0.497526,0.608667,-0.027435,0.481315,0.622242,-0.029164,0.448638,0.550489,-0.013541,0.501850,0.581332,-0.028212,0.492017,0.623477,-0.026112,0.476228,0.632843,-0.021874,0.453317,0.571527,-0.024593,0.494636,0.597416,-0.031693,0.488451,0.627073,-0.027700,0.475586,0.633069,-0.022761
1780503343.233,left,pinch,0.437020,0.717708,-0.000000,0.479045,0.683706,0.000285,0.501874,0.641155,-0.005746,0.521329,0.615445,-0.015493,0.538205,0.590802,-0.023579,0.453528,0.542248,0.005952,0.499263,0.526561,-0.010831,0.523882,0.547870,-0.023730,0.538157,0.571169,-0.030808,0.447133,0.538034,-0.002799,0.503743,0.565942,-0.020547,0.496591,0.611920,-0.027140,0.479943,0.624713,-0.028692,0.447981,0.551663,-0.013447,0.501038,0.584380,-0.028204,0.491092,0.627117,-0.026317,0.475069,0.635713,-0.022096,0.453184,0.572737,-0.024874,0.493904,0.599899,-0.031796,0.487673,0.630107,-0.027780,0.474922,0.635573,-0.022765
1780503343.311,left,pinch,0.439098,0.721379,-0.000000,0.481341,0.684165,0.001499,0.503986,0.643415,-0.004724,0.523514,0.618791,-0.015247,0.540257,0.592669,-0.024133,0.454372,0.544328,0.008831,0.498484,0.528661,-0.008201,0.523552,0.548036,-0.022053,0.539213,0.570298,-0.029809,0.448276,0.541255,-0.001067,0.504148,0.561867,-0.019524,0.499290,0.607748,-0.027124,0.483986,0.624223,-0.028866,0.449157,0.554360,-0.012913,0.501748,0.581775,-0.027395,0.493162,0.624799,-0.025611,0.477403,0.635532,-0.021251,0.454304,0.574754,-0.025608,0.495234,0.599680,-0.031636,0.489446,0.630060,-0.027223,0.476570,0.636702,-0.021987
1780503343.386,left,pinch,0.439508,0.723739,-0.000000,0.481341,0.688195,0.000907,0.503594,0.647786,-0.005828,0.523283,0.623001,-0.016616,0.541503,0.597448,-0.025694,0.455035,0.546596,0.006906,0.500346,0.533045,-0.010122,0.525402,0.552375,-0.023368,0.541328,0.573331,-0.030975,0.449017,0.543057,-0.002932,0.505829,0.566584,-0.021666,0.499837,0.613498,-0.028779,0.483897,0.628984,-0.030366,0.449771,0.556410,-0.014670,0.503399,0.586388,-0.030029,0.494032,0.630275,-0.028178,0.477940,0.639500,-0.023797,0.454866,0.577027,-0.027206,0.496805,0.603457,-0.034276,0.490828,0.634558,-0.030163,0.477758,0.640294,-0.025099
1780503343.461,left,pinch,0.439802,0.725544,-0.000000,0.481675,0.689259,0.002546,0.504589,0.648963,-0.002670,0.524644,0.624561,-0.012354,0.542466,0.599860,-0.020458,0.457019,0.549569,0.010552,0.502254,0.535470,-0.006262,0.527278,0.555710,-0.020318,0.543315,0.577794,-0.028370,0.450998,0.544867,0.000452,0.505866,0.572002,-0.017610,0.498622,0.616676,-0.025766,0.482418,0.631809,-0.028211,0.451758,0.557593,-0.011551,0.503636,0.591426,-0.026135,0.493367,0.633402,-0.025214,0.477278,0.642579,-0.021528,0.456751,0.577393,-0.024280,0.497540,0.607487,-0.030602,0.490765,0.637798,-0.026851,0.477621,0.643664,-0.022086
1780503343.546,left,pinch,0.439753,0.728852,-0.000000,0.482265,0.691174,0.001600,0.506135,0.650260,-0.004553,0.526318,0.626144,-0.014947,0.543669,0.599511,-0.023699,0.457869,0.548868,0.009632,0.503919,0.538283,-0.007650,0.529268,0.558257,-0.022159,0.545854,0.579799,-0.030495,0.452124,0.545260,-0.000239,0.508148,0.571527,-0.019055,0.500953,0.617052,-0.027365,0.484733,0.632504,-0.029569,0.452979,0.558915,-0.012068,0.505643,0.592098,-0.027193,0.495490,0.634753,-0.025980,0.479650,0.644271,-0.021772,0.457995,0.579940,-0.024673,0.499308,0.608172,-0.031084,0.492796,0.638910,-0.026895,0.479893,0.645055,-0.021656
1780503343.631,left,pinch,0.440950,0.731106,-0.000000,0.482536,0.694264,0.001571,0.506062,0.653614,-0.005186,0.526914,0.628834,-0.016172,0.546378,0.604677,-0.025729,0.458851,0.551009,0.009009,0.504837,0.540452,-0.008184,0.530161,0.560099,-0.022712,0.546471,0.581790,-0.031118,0.452773,0.546613,-0.000845,0.508792,0.571817,-0.019092,0.502250,0.617533,-0.026987,0.486075,0.632724,-0.029078,0.453430,0.560339,-0.012627,0.506278,0.593061,-0.027429,0.496572,0.636175,-0.026271,0.480722,0.645502,-0.022233,0.458462,0.581683,-0.025128,0.499808,0.608767,-0.031247,0.494091,0.639549,-0.027031,0.481174,0.645521,-0.021913
1780503343.712,left,pinch,0.439773,0.729599,-0.000000,0.481805,0.692682,0.001874,0.505558,0.653514,-0.005149,0.526729,0.629267,-0.016222,0.546492,0.605038,-0.025851,0.458689,0.549255,0.007085,0.505876,0.540406,-0.009611,0.530606,0.559363,-0.023286,0.546619,0.580163,-0.031404,0.452826,0.545820,-0.003232,0.510210,0.566003,-0.021717,0.505085,0.613435,-0.029259,0.489960,0.632543,-0.031022,0.453793,0.560125,-0.015177,0.507256,0.590430,-0.029854,0.497858,0.634917,-0.028275,0.482233,0.646224,-0.024007,0.459336,0.582317,-0.027805,0.500295,0.608526,-0.034123,0.494360,0.638947,-0.030109,0.481564,0.644955,-0.025228
1780503343.835,left,pinch,0.440482,0.730285,-0.000000,0.482018,0.693178,0.001605,0.505524,0.654388,-0.005373,0.526600,0.630217,-0.016464,0.545411,0.605403,-0.026049,0.459787,0.550340,0.008023,0.506387,0.541652,-0.008683,0.531153,0.560611,-0.022341,0.547016,0.581854,-0.030229,0.453614,0.546719,-0.001952,0.510288,0.568379,-0.020407,0.503901,0.614664,-0.028071,0.487867,0.631815,-0.029732,0.454145,0.560694,-0.013678,0.507420,0.591836,-0.028591,0.497753,0.635298,-0.027269,0.482151,0.645419,-0.022905,0.459094,0.582758,-0.026069,0.500423,0.608921,-0.032364,0.494574,0.638926,-0.028265,0.481697,0.644587,-0.023136
1780503344.035,left,pinch,0.441415,0.730014,-0.000000,0.483162,0.693645,0.001587,0.506697,0.654429,-0.005398,0.527483,0.629684,-0.016432,0.546609,0.604485,-0.026023,0.461389,0.550658,0.007393,0.507188,0.542143,-0.009406,0.531552,0.560338,-0.023020,0.547338,0.581108,-0.030970,0.454994,0.546919,-0.002597,0.511591,0.569033,-0.021245,0.505336,0.615934,-0.028530,0.489430,0.633610,-0.030000,0.455163,0.560926,-0.014354,0.508135,0.592494,-0.029236,0.498546,0.635847,-0.027611,0.482982,0.645892,-0.023237,0.459846,0.583085,-0.026819,0.500749,0.609987,-0.033158,0.494718,0.639628,-0.029181,0.481753,0.644730,-0.024305
1780503344.196,left,pinch,0.440529,0.728981,-0.000000,0.482528,0.694009,0.001280,0.505956,0.655346,-0.005627,0.526697,0.630935,-0.016325,0.546226,0.606053,-0.025449,0.460073,0.548796,0.006534,0.506894,0.540329,-0.010498,0.532060,0.559645,-0.024339,0.548048,0.581298,-0.032393,0.453989,0.544983,-0.003145,0.510828,0.567224,-0.021750,0.505147,0.614527,-0.029189,0.489480,0.632738,-0.030861,0.454764,0.559419,-0.014524,0.507778,0.591939,-0.029580,0.498598,0.635462,-0.027958,0.483055,0.645671,-0.023517,0.460107,0.582271,-0.026588,0.500887,0.609600,-0.033119,0.495013,0.639062,-0.029069,0.481977,0.644059,-0.024045
1780503344.313,left,pinch,0.435907,0.724891,-0.000000,0.479223,0.691375,0.001043,0.503236,0.650753,-0.004954,0.522858,0.629257,-0.014813,0.541015,0.610683,-0.023060,0.456123,0.547812,0.006751,0.503325,0.536273,-0.011088,0.528546,0.558953,-0.026238,0.544258,0.583607,-0.035012,0.450244,0.544426,-0.002727,0.506515,0.573754,-0.021293,0.497844,0.618391,-0.029564,0.480482,0.631352,-0.032364,0.451237,0.559394,-0.014007,0.503064,0.593279,-0.028633,0.492281,0.635059,-0.027086,0.475920,0.642749,-0.023130,0.456439,0.581738,-0.026107,0.495935,0.608954,-0.032328,0.489259,0.638643,-0.027762,0.476031,0.643588,-0.022492
1780503344.471,left,pinch,0.431262,0.726058,-0.000000,0.474547,0.692403,0.000511,0.498890,0.650479,-0.005814,0.519459,0.627519,-0.016022,0.538034,0.609533,-0.024423,0.451908,0.546689,0.006680,0.498261,0.533615,-0.010718,0.523311,0.556925,-0.024463,0.538676,0.582345,-0.032134,0.445623,0.543837,-0.002613,0.502245,0.573477,-0.020982,0.494076,0.619381,-0.027907,0.477351,0.631087,-0.029612,0.445945,0.558800,-0.013905,0.498721,0.593018,-0.028769,0.487775,0.635163,-0.026643,0.471538,0.642462,-0.022221,0.450298,0.581053,-0.026056,0.491283,0.608819,-0.032490,0.484632,0.638912,-0.027891,0.471252,0.644670,-0.022550
1780503344.655,left,pinch,0.430266,0.728220,-0.000000,0.474857,0.692582,0.001100,0.499691,0.652939,-0.005282,0.520522,0.629559,-0.015763,0.537437,0.605752,-0.024472,0.452842,0.545413,0.007884,0.500856,0.536878,-0.009988,0.524841,0.558717,-0.024644,0.538961,0.582740,-0.032956,0.446211,0.543287,-0.001815,0.502331,0.571947,-0.021039,0.495044,0.618081,-0.029192,0.478764,0.634319,-0.031461,0.446018,0.558992,-0.013478,0.497855,0.593491,-0.028838,0.488278,0.635132,-0.027480,0.472669,0.645073,-0.023265,0.450154,0.582488,-0.025972,0.490649,0.610345,-0.032744,0.484182,0.639028,-0.028699,0.470915,0.645052,-0.023614
1780503344.856,left,pinch,0.434113,0.729833,-0.000000,0.476832,0.694233,0.001800,0.500590,0.657106,-0.004866,0.521320,0.633452,-0.015976,0.540487,0.608886,-0.025640,0.455542,0.551459,0.008287,0.502482,0.540686,-0.009062,0.526626,0.561599,-0.022813,0.540660,0.585655,-0.030261,0.449002,0.547807,-0.001597,0.504316,0.575250,-0.020500,0.498101,0.622668,-0.028430,0.481976,0.640720,-0.030237,0.448825,0.561703,-0.013286,0.500044,0.596108,-0.028494,0.490726,0.639729,-0.027209,0.474911,0.651756,-0.022785,0.452764,0.583339,-0.025637,0.492316,0.613160,-0.031991,0.486328,0.643567,-0.027662,0.473154,0.651246,-0.022236
1780503345.051,left,pinch,0.433025,0.728900,-0.000000,0.476579,0.695919,0.000783,0.501170,0.657643,-0.006311,0.521795,0.634355,-0.017410,0.540841,0.611585,-0.026921,0.456800,0.550224,0.005950,0.502751,0.539659,-0.011650,0.527036,0.560713,-0.025241,0.540918,0.585543,-0.032593,0.449624,0.547817,-0.003520,0.505682,0.576481,-0.021746,0.498320,0.622176,-0.028515,0.481531,0.636718,-0.029998,0.448633,0.563743,-0.014886,0.500904,0.599117,-0.029514,0.490933,0.640380,-0.027530,0.475072,0.649122,-0.023152,0.451661,0.587804,-0.027038,0.492085,0.615107,-0.033206,0.486082,0.643000,-0.028774,0.473348,0.647999,-0.023573
1780503345.295,left,pinch,0.433101,0.732239,-0.000000,0.477479,0.697632,0.001521,0.501993,0.659331,-0.005214,0.522887,0.636010,-0.016302,0.540998,0.612409,-0.025813,0.457361,0.551037,0.008299,0.504975,0.544300,-0.009531,0.529522,0.565559,-0.023938,0.544429,0.589643,-0.031986,0.450331,0.548292,-0.001718,0.506341,0.578149,-0.021053,0.498295,0.625004,-0.028858,0.481645,0.641369,-0.030575,0.449570,0.563274,-0.013670,0.501334,0.600633,-0.029047,0.490850,0.642860,-0.027511,0.474810,0.653035,-0.022960,0.452854,0.586278,-0.026399,0.493087,0.617132,-0.032791,0.486510,0.645912,-0.028507,0.473476,0.651841,-0.023159
1780503345.496,left,pinch,0.432687,0.732545,-0.000000,0.476231,0.699352,0.000246,0.501204,0.661344,-0.007516,0.522721,0.637592,-0.019336,0.542572,0.615565,-0.029456,0.458176,0.552643,0.006233,0.504927,0.543329,-0.011804,0.529342,0.564963,-0.025466,0.543734,0.589817,-0.032732,0.450747,0.549831,-0.003107,0.507442,0.581595,-0.021373,0.498924,0.626729,-0.027588,0.481739,0.637316,-0.028646,0.449458,0.565483,-0.014556,0.502381,0.602761,-0.029436,0.491540,0.644096,-0.026891,0.475399,0.650836,-0.022074,0.452076,0.589191,-0.026873,0.493120,0.618036,-0.033243,0.486420,0.646583,-0.028513,0.472882,0.651096,-0.022968
1780503345.672,left,pinch,0.431821,0.729642,-0.000000,0.475133,0.697922,0.000297,0.500387,0.659661,-0.006856,0.521403,0.636849,-0.017925,0.539899,0.615080,-0.027337,0.456881,0.550391,0.005319,0.503561,0.538669,-0.012642,0.527125,0.562444,-0.026906,0.540650,0.589199,-0.034639,0.449122,0.549100,-0.003929,0.505456,0.578835,-0.022561,0.497394,0.625158,-0.030025,0.481117,0.639562,-0.031963,0.447657,0.565550,-0.015057,0.500112,0.601012,-0.029869,0.489145,0.642188,-0.027986,0.473421,0.651060,-0.023576,0.450314,0.589577,-0.026982,0.490929,0.616644,-0.033091,0.484431,0.645227,-0.028259,0.471536,0.651458,-0.022668
1780503345.896,left,pinch,0.427990,0.727540,-0.000000,0.471571,0.693989,-0.000372,0.496291,0.654482,-0.007766,0.517330,0.631623,-0.018894,0.537171,0.612617,-0.028338,0.452453,0.545095,0.004522,0.499899,0.536441,-0.012849,0.523849,0.560418,-0.026559,0.538250,0.586583,-0.034222,0.445119,0.543697,-0.004390,0.501082,0.574763,-0.022621,0.492503,0.618922,-0.029973,0.476074,0.632236,-0.032071,0.444185,0.560899,-0.015147,0.496340,0.597001,-0.029836,0.485171,0.637531,-0.028315,0.469732,0.645868,-0.024348,0.447483,0.585938,-0.026742,0.488449,0.613615,-0.033134,0.481776,0.642740,-0.028874,0.469093,0.649122,-0.023808
1780503346.114,left,pinch,0.421878,0.725893,0.000000,0.466341,0.689873,0.000465,0.490628,0.649153,-0.006441,0.511557,0.622197,-0.017075,0.528839,0.594512,-0.025904,0.439867,0.544485,0.005640,0.489511,0.526679,-0.012347,0.515880,0.549664,-0.027421,0.531568,0.576786,-0.035808,0.437009,0.544158,-0.003551,0.496220,0.563924,-0.023730,0.490054,0.611140,-0.032878,0.472562,0.630624,-0.035257,0.441317,0.561198,-0.014385,0.495135,0.589988,-0.030073,0.485040,0.633738,-0.029387,0.468314,0.645983,-0.025192,0.449721,0.585256,-0.025840,0.490058,0.609871,-0.032385,0.483996,0.641011,-0.028047,0.471407,0.649775,-0.022454
1780503346.295,left,pinch,0.418296,0.715574,0.000000,0.454169,0.660642,0.000174,0.474046,0.612656,-0.006123,0.494093,0.585899,-0.015352,0.510070,0.568537,-0.022743,0.427106,0.530294,0.002334,0.476134,0.508235,-0.012246,0.501263,0.527110,-0.024884,0.515606,0.551307,-0.032087,0.429120,0.542570,-0.005121,0.485171,0.551202,-0.019953,0.484494,0.588248,-0.026972,0.472235,0.609340,-0.029672,0.437492,0.567004,-0.013729,0.487226,0.582417,-0.023561,0.479733,0.614897,-0.021874,0.465558,0.628613,-0.019008,0.449236,0.593789,-0.023156,0.484894,0.608516,-0.025289,0.480477,0.633491,-0.020284,0.470870,0.643320,-0.015614
1780503346.482,left,pinch,0.411866,0.705114,0.000000,0.410418,0.636721,0.004527,0.423793,0.578321,-0.000885,0.450919,0.550784,-0.009348,0.475306,0.545730,-0.016937,0.414041,0.529613,-0.003758,0.462731,0.501563,-0.014138,0.484590,0.514767,-0.020616,0.497611,0.530046,-0.024507,0.423654,0.546706,-0.012567,0.474189,0.545906,-0.020760,0.473210,0.576695,-0.022136,0.462953,0.592004,-0.022935,0.436059,0.572906,-0.021248,0.480532,0.578774,-0.024935,0.473249,0.607068,-0.019202,0.460730,0.615924,-0.015623,0.449363,0.600842,-0.030318,0.479400,0.603553,-0.028138,0.473408,0.624288,-0.020430,0.463646,0.630648,-0.014916
1780503346.703,left,pinch,0.413438,0.693721,0.000000,0.407204,0.627025,0.002321,0.417222,0.568221,-0.005110,0.442776,0.533405,-0.014174,0.467035,0.520972,-0.022563,0.404257,0.536495,-0.017097,0.448290,0.490324,-0.027693,0.471324,0.494089,-0.032413,0.483617,0.502701,-0.034722,0.418117,0.559219,-0.024636,0.465599,0.526011,-0.033213,0.470313,0.552705,-0.032083,0.460937,0.572361,-0.031140,0.435942,0.586178,-0.031158,0.474705,0.562227,-0.035499,0.472428,0.591556,-0.027049,0.460958,0.609448,-0.021513,0.454398,0.612647,-0.037769,0.483115,0.589150,-0.036177,0.479781,0.612161,-0.026291,0.470442,0.628191,-0.019173
1780503346.845,left,pinch,0.409256,0.709977,0.000000,0.393308,0.636568,-0.004393,0.402158,0.564489,-0.011427,0.424417,0.514504,-0.016638,0.447444,0.493347,-0.021586,0.411639,0.579997,-0.026800,0.433351,0.506337,-0.034676,0.443871,0.485332,-0.036253,0.452131,0.476256,-0.036499,0.437893,0.603151,-0.028769,0.452814,0.530018,-0.036817,0.443916,0.541784,-0.032966,0.435639,0.566589,-0.028663,0.459129,0.626706,-0.029327,0.465242,0.561195,-0.033204,0.455759,0.572093,-0.023688,0.447981,0.593977,-0.016382,0.475810,0.647241,-0.030011,0.475907,0.593399,-0.028122,0.466497,0.600350,-0.017757,0.461281,0.617775,-0.009964
1780503347.078,left,pinch,0.410055,0.709595,-0.000000,0.388953,0.640063,-0.002214,0.393832,0.560925,-0.005009,0.414334,0.505722,-0.006252,0.435210,0.489249,-0.006636,0.417293,0.587664,-0.020372,0.438288,0.505751,-0.025838,0.435135,0.494715,-0.023612,0.432145,0.499434,-0.020767,0.445492,0.609311,-0.020280,0.447256,0.529496,-0.024196,0.432876,0.540569,-0.018383,0.427474,0.565899,-0.013838,0.466249,0.626204,-0.019196,0.458258,0.554782,-0.021722,0.445985,0.566565,-0.014262,0.441806,0.589926,-0.009166,0.481111,0.637818,-0.017766,0.471186,0.578688,-0.017949,0.460346,0.588140,-0.012012,0.457917,0.607925,-0.007589
1780503347.174,left,pinch,0.409098,0.704640,-0.000000,0.387787,0.635110,-0.004768,0.392608,0.555265,-0.008814,0.414001,0.499480,-0.010140,0.436897,0.488206,-0.009298,0.417894,0.583301,-0.028229,0.439828,0.491386,-0.031763,0.428557,0.501216,-0.025081,0.419468,0.523587,-0.019065,0.444957,0.606384,-0.025865,0.448547,0.523159,-0.027884,0.432944,0.537050,-0.019675,0.425100,0.562258,-0.014135,0.465141,0.621776,-0.022072,0.457923,0.548939,-0.022702,0.445233,0.563172,-0.014824,0.438872,0.586999,-0.010270,0.479812,0.631508,-0.017975,0.468761,0.574378,-0.018575,0.458570,0.584528,-0.014063,0.455641,0.602888,-0.010696
1780503347.277,left,pinch,0.401035,0.707623,-0.000000,0.379040,0.634919,-0.004728,0.382309,0.555360,-0.008372,0.402025,0.500987,-0.010177,0.421677,0.478122,-0.010451,0.407302,0.578957,-0.020345,0.426392,0.493398,-0.026787,0.424051,0.478009,-0.025060,0.420349,0.481186,-0.022462,0.434986,0.599291,-0.019008,0.435448,0.522824,-0.023908,0.422658,0.534543,-0.019073,0.416770,0.560258,-0.015468,0.456335,0.614050,-0.017134,0.447979,0.544517,-0.021584,0.436538,0.556334,-0.015616,0.431362,0.579068,-0.011403,0.472161,0.623325,-0.015102,0.461067,0.566324,-0.017791,0.450581,0.574965,-0.013782,0.447352,0.593402,-0.010268
1780503347.384,left,pinch,0.399995,0.700652,-0.000000,0.377208,0.631280,-0.003475,0.380176,0.550505,-0.007352,0.400813,0.493907,-0.009324,0.422733,0.477893,-0.009565,0.403600,0.575175,-0.024226,0.426276,0.484364,-0.029829,0.417335,0.488117,-0.026188,0.409811,0.508262,-0.022012,0.431962,0.597016,-0.023069,0.435300,0.517537,-0.026580,0.419973,0.531124,-0.019970,0.412803,0.557434,-0.015185,0.453283,0.612585,-0.020812,0.445284,0.544559,-0.022613,0.433150,0.558024,-0.015222,0.427683,0.581221,-0.010637,0.469221,0.622746,-0.018224,0.457647,0.567792,-0.018254,0.447621,0.578432,-0.012770,0.445057,0.596744,-0.008699
1780503347.499,left,pinch,0.398132,0.698863,-0.000000,0.376361,0.628151,-0.005954,0.379229,0.547337,-0.011104,0.399079,0.492038,-0.013897,0.421478,0.475893,-0.014821,0.402883,0.575911,-0.028007,0.424179,0.480476,-0.034875,0.417002,0.484166,-0.031320,0.410907,0.505535,-0.026896,0.430297,0.597787,-0.025968,0.433430,0.514695,-0.031227,0.419061,0.527937,-0.024711,0.412347,0.555310,-0.019673,0.451256,0.612182,-0.023008,0.444307,0.539425,-0.026591,0.432400,0.553523,-0.019436,0.427343,0.578642,-0.014557,0.467213,0.620774,-0.019896,0.456189,0.561618,-0.022297,0.445736,0.572994,-0.017715,0.443317,0.592937,-0.013787
1780503347.613,left,pinch,0.397333,0.700424,-0.000000,0.376604,0.628800,-0.004025,0.377883,0.549019,-0.008438,0.395813,0.493315,-0.011386,0.417315,0.477101,-0.012650,0.399650,0.576364,-0.022496,0.422818,0.486233,-0.031094,0.418385,0.483877,-0.029796,0.412576,0.499849,-0.026544,0.427728,0.598507,-0.021870,0.431721,0.517172,-0.028667,0.417741,0.529723,-0.023587,0.410769,0.556848,-0.018901,0.449809,0.613086,-0.020640,0.443911,0.540471,-0.026025,0.431701,0.553339,-0.019381,0.426284,0.577518,-0.013905,0.466572,0.621237,-0.019134,0.456256,0.560577,-0.021714,0.445684,0.570499,-0.016735,0.443027,0.590040,-0.012140
1780503347.733,left,pinch,0.397688,0.697610,-0.000000,0.376144,0.627370,-0.004915,0.377796,0.548491,-0.009807,0.395686,0.494143,-0.012865,0.416105,0.474443,-0.014069,0.400051,0.574892,-0.025895,0.423683,0.483528,-0.034286,0.415590,0.485416,-0.032024,0.406989,0.505195,-0.028008,0.427256,0.598255,-0.024815,0.431206,0.513964,-0.031812,0.416585,0.526868,-0.026413,0.409154,0.555292,-0.021454,0.448390,0.613134,-0.022917,0.441868,0.538461,-0.027875,0.429696,0.552336,-0.020589,0.424178,0.577331,-0.014905,0.464595,0.621637,-0.020803,0.454066,0.559390,-0.023406,0.443540,0.570868,-0.018044,0.441030,0.591157,-0.013268
1780503347.931,left,pinch,0.396519,0.698438,-0.000000,0.375484,0.627124,-0.003952,0.377477,0.549348,-0.008473,0.395831,0.494129,-0.011454,0.415560,0.471787,-0.013171,0.398495,0.577053,-0.022422,0.419354,0.491739,-0.030930,0.419175,0.478301,-0.030239,0.417183,0.483722,-0.027632,0.426522,0.598116,-0.022125,0.429578,0.515528,-0.029094,0.417231,0.525421,-0.024268,0.411225,0.551337,-0.019744,0.448565,0.611887,-0.021143,0.441714,0.537749,-0.026589,0.430180,0.549551,-0.019522,0.425252,0.572953,-0.013783,0.465019,0.619416,-0.019965,0.454559,0.558590,-0.022246,0.443856,0.567848,-0.016797,0.441120,0.587018,-0.012021
1780503348.045,left,pinch,0.398545,0.693278,-0.000000,0.376646,0.625345,-0.004347,0.378859,0.544965,-0.008288,0.397826,0.488596,-0.010060,0.419391,0.473372,-0.009944,0.401327,0.572901,-0.026080,0.423037,0.480294,-0.032127,0.413935,0.485444,-0.027972,0.406216,0.507033,-0.023240,0.428833,0.595260,-0.024718,0.431856,0.511372,-0.029846,0.416387,0.525820,-0.023273,0.408634,0.553856,-0.017834,0.449518,0.610273,-0.022246,0.441846,0.538543,-0.025137,0.429973,0.553556,-0.017357,0.424787,0.578509,-0.011942,0.465005,0.619857,-0.019538,0.454185,0.560668,-0.020784,0.444427,0.571968,-0.015433,0.442239,0.591375,-0.011125
1780503348.129,left,pinch,0.396844,0.698032,-0.000000,0.376399,0.627038,-0.003449,0.378532,0.549278,-0.007103,0.396433,0.494702,-0.009575,0.415810,0.472555,-0.010593,0.399793,0.573793,-0.020038,0.420764,0.486475,-0.028586,0.418455,0.480981,-0.027902,0.414539,0.494677,-0.025046,0.426929,0.595185,-0.019860,0.430498,0.513438,-0.026763,0.417347,0.525158,-0.022548,0.410848,0.552134,-0.018282,0.448158,0.609970,-0.019154,0.442251,0.537078,-0.024889,0.430212,0.549159,-0.018621,0.424946,0.573152,-0.013180,0.464149,0.618726,-0.018159,0.454693,0.556803,-0.021007,0.443957,0.565725,-0.015928,0.440927,0.585276,-0.011139
1780503348.217,left,pinch,0.397265,0.696263,-0.000000,0.376066,0.626449,-0.001582,0.378545,0.548839,-0.004750,0.396939,0.491870,-0.006844,0.416358,0.469642,-0.007968,0.397666,0.569445,-0.018690,0.419862,0.489528,-0.025908,0.420711,0.479055,-0.024711,0.418621,0.484144,-0.021941,0.426154,0.590610,-0.019161,0.428965,0.515207,-0.025027,0.415722,0.529016,-0.020105,0.408628,0.554911,-0.015474,0.448426,0.606884,-0.018791,0.440424,0.540794,-0.023469,0.429350,0.554951,-0.016694,0.424374,0.578275,-0.011118,0.465514,0.617857,-0.017924,0.453999,0.561543,-0.019063,0.444352,0.572555,-0.013167,0.442207,0.591602,-0.008097
1780503348.315,left,pinch,0.396960,0.690509,-0.000000,0.376911,0.623444,-0.001225,0.381171,0.550618,-0.004541,0.399680,0.490911,-0.007445,0.420179,0.463368,-0.009115,0.399109,0.563940,-0.012713,0.419751,0.486400,-0.019105,0.418298,0.482790,-0.018118,0.415661,0.494814,-0.015453,0.425158,0.584858,-0.013680,0.431610,0.514847,-0.018576,0.419335,0.529005,-0.014824,0.413238,0.555141,-0.011033,0.446110,0.604918,-0.014159,0.444416,0.542659,-0.018181,0.433823,0.555532,-0.011987,0.429056,0.579157,-0.006891,0.462567,0.621357,-0.014175,0.457743,0.568665,-0.014560,0.448727,0.579040,-0.008414,0.445960,0.598648,-0.003237
1780503348.411,left,pinch,0.396757,0.683172,-0.000000,0.378648,0.616549,-0.001591,0.384990,0.546785,-0.004504,0.404656,0.490800,-0.007280,0.425992,0.463246,-0.009144,0.402185,0.553133,-0.007887,0.420598,0.480374,-0.013645,0.422786,0.472360,-0.013691,0.424328,0.481237,-0.012023,0.426536,0.572850,-0.008687,0.433317,0.510733,-0.013536,0.422388,0.523665,-0.011273,0.416571,0.547909,-0.008256,0.445740,0.594366,-0.009336,0.445313,0.538304,-0.013213,0.435533,0.550189,-0.007902,0.430659,0.572349,-0.003258,0.460900,0.613072,-0.009704,0.457486,0.566110,-0.009754,0.449007,0.575332,-0.003758,0.445637,0.593359,0.001439
1780503348.513,left,pinch,0.398147,0.671768,-0.000000,0.381413,0.606743,0.000705,0.386961,0.542216,-0.001612,0.406964,0.498045,-0.003568,0.427807,0.484761,-0.004889,0.398807,0.533783,-0.013781,0.426081,0.465630,-0.018188,0.433968,0.460388,-0.016545,0.435881,0.472176,-0.013817,0.423807,0.555093,-0.015214,0.437657,0.502727,-0.017419,0.428703,0.516984,-0.012610,0.419636,0.539236,-0.008633,0.444210,0.580529,-0.015595,0.447143,0.535697,-0.015703,0.438957,0.550043,-0.008529,0.431673,0.570834,-0.003927,0.460165,0.604790,-0.015609,0.458175,0.567951,-0.012999,0.450247,0.578796,-0.005500,0.445528,0.594892,0.000180
1780503348.736,left,pinch,0.397417,0.666904,-0.000000,0.383727,0.601869,0.000220,0.391279,0.537940,-0.003983,0.414455,0.497227,-0.007962,0.437821,0.486172,-0.011343,0.392996,0.523608,-0.017006,0.427103,0.459541,-0.023375,0.441259,0.455563,-0.023691,0.448948,0.462346,-0.022800,0.416271,0.546740,-0.019779,0.439096,0.494182,-0.024322,0.432905,0.512840,-0.019636,0.422943,0.535452,-0.015708,0.437414,0.572637,-0.021512,0.449084,0.528833,-0.022845,0.442039,0.547827,-0.014088,0.433365,0.567694,-0.008323,0.455274,0.596935,-0.023110,0.458463,0.558136,-0.020239,0.450487,0.572805,-0.011094,0.444466,0.588975,-0.004533
1780503348.860,left,pinch,0.396463,0.657282,-0.000000,0.385953,0.593575,0.001580,0.390702,0.534636,-0.004231,0.410288,0.498332,-0.010582,0.431963,0.487051,-0.015879,0.385963,0.509243,-0.017876,0.426396,0.457317,-0.024986,0.440727,0.467188,-0.025545,0.443816,0.479863,-0.024713,0.406245,0.530033,-0.022556,0.439962,0.495345,-0.026630,0.437778,0.519120,-0.022538,0.425285,0.537317,-0.019984,0.426996,0.554870,-0.026045,0.448484,0.526705,-0.026357,0.445054,0.549411,-0.017777,0.434537,0.566233,-0.013160,0.445746,0.578893,-0.029424,0.457129,0.551876,-0.026236,0.451716,0.571480,-0.016925,0.443258,0.587745,-0.010630
1780503348.996,left,pinch,0.394435,0.646292,0.000000,0.383318,0.584689,0.000984,0.387932,0.527131,-0.005246,0.409807,0.491374,-0.012446,0.433720,0.481455,-0.018839,0.375503,0.500723,-0.014164,0.414182,0.452108,-0.022009,0.434378,0.454999,-0.025577,0.444221,0.461022,-0.027528,0.392805,0.515474,-0.019445,0.430950,0.490097,-0.025812,0.431866,0.516997,-0.024845,0.420663,0.535799,-0.024169,0.412741,0.534571,-0.023850,0.441188,0.516050,-0.025701,0.438695,0.540831,-0.018720,0.428283,0.556673,-0.014708,0.432232,0.554118,-0.028441,0.449875,0.536177,-0.025503,0.446479,0.557565,-0.016822,0.439189,0.573080,-0.010781
1780503349.127,left,pinch,0.392413,0.632095,0.000000,0.378718,0.575407,0.000301,0.379691,0.521372,-0.006848,0.400530,0.483858,-0.015483,0.424265,0.469553,-0.022916,0.361348,0.497567,-0.012100,0.398384,0.444421,-0.022677,0.418970,0.444708,-0.028157,0.429420,0.454270,-0.030579,0.374968,0.508634,-0.017888,0.417325,0.475960,-0.027019,0.421645,0.504510,-0.027726,0.412539,0.526914,-0.027426,0.393322,0.522101,-0.023334,0.429693,0.499203,-0.027451,0.429615,0.527308,-0.020994,0.420634,0.544695,-0.016485,0.412799,0.535850,-0.029226,0.438637,0.517160,-0.027129,0.438154,0.539004,-0.018844,0.432112,0.553493,-0.012739
1780503349.241,left,pinch,0.383377,0.631606,0.000000,0.367880,0.581097,0.000368,0.366864,0.524680,-0.006885,0.388037,0.481564,-0.015668,0.411936,0.461937,-0.023189,0.340618,0.504880,-0.010581,0.376422,0.444457,-0.021960,0.399295,0.435659,-0.028866,0.414428,0.438016,-0.032458,0.351668,0.511806,-0.016470,0.395600,0.465568,-0.025964,0.406289,0.488260,-0.027009,0.403966,0.508629,-0.026969,0.368677,0.520492,-0.022311,0.409710,0.482900,-0.026885,0.413983,0.508414,-0.021206,0.407330,0.527285,-0.016966,0.388046,0.529229,-0.028712,0.417486,0.501237,-0.026962,0.420572,0.519799,-0.019782,0.415755,0.534211,-0.014387
1780503349.464,left,pinch,0.376937,0.646163,0.000000,0.367285,0.591367,-0.000651,0.365813,0.534340,-0.009401,0.383734,0.487533,-0.020045,0.401727,0.457787,-0.029323,0.324608,0.529320,-0.009528,0.354807,0.463205,-0.022459,0.378665,0.446019,-0.030897,0.395722,0.441601,-0.035920,0.332975,0.538947,-0.016581,0.375408,0.479856,-0.029323,0.384920,0.503657,-0.031761,0.378706,0.525768,-0.032529,0.348620,0.548183,-0.024049,0.389520,0.494836,-0.031797,0.394333,0.520680,-0.026740,0.385712,0.539233,-0.022923,0.367782,0.555418,-0.032226,0.398865,0.515025,-0.033550,0.401557,0.536086,-0.027606,0.394146,0.551354,-0.023291
1780503349.723,left,pinch,0.379325,0.659732,0.000000,0.372408,0.606027,-0.002971,0.369415,0.547757,-0.012202,0.381512,0.499562,-0.022762,0.393753,0.469021,-0.031829,0.322827,0.546597,-0.012225,0.350511,0.477569,-0.025164,0.373477,0.458077,-0.032858,0.390098,0.452152,-0.037252,0.331602,0.559475,-0.018483,0.371076,0.495467,-0.031355,0.381022,0.519057,-0.033525,0.375985,0.541413,-0.034112,0.347486,0.570567,-0.025272,0.385993,0.510922,-0.034240,0.391301,0.536353,-0.029684,0.383503,0.555656,-0.025918,0.366531,0.578247,-0.032839,0.395729,0.529290,-0.035164,0.399543,0.549107,-0.029556,0.393184,0.565756,-0.025303
1780503349.978,left,pinch,0.399606,0.679226,0.000000,0.384928,0.637145,-0.008528,0.377112,0.580132,-0.022111,0.387759,0.526560,-0.035631,0.400093,0.494376,-0.047930,0.337786,0.589723,-0.029065,0.363133,0.512023,-0.045461,0.382613,0.485706,-0.054197,0.395775,0.473357,-0.059574,0.352082,0.607649,-0.034273,0.387772,0.525357,-0.051377,0.394950,0.545626,-0.052483,0.387694,0.570999,-0.052755,0.371806,0.620188,-0.039746,0.403807,0.541146,-0.052458,0.407836,0.564522,-0.046012,0.399874,0.587206,-0.041109,0.393437,0.626869,-0.046275,0.416345,0.559650,-0.052066,0.418793,0.578051,-0.046143,0.412551,0.599658,-0.041795
1780503350.375,left,pinch,0.425263,0.683541,0.000000,0.404797,0.648444,-0.011649,0.394018,0.589112,-0.027389,0.403806,0.532503,-0.042293,0.416518,0.499342,-0.056355,0.369418,0.620426,-0.037948,0.386042,0.537121,-0.055755,0.402564,0.504882,-0.064693,0.415553,0.487325,-0.069966,0.389688,0.637263,-0.042238,0.409191,0.542547,-0.061071,0.415929,0.558898,-0.061745,0.413269,0.586007,-0.061342,0.412415,0.643901,-0.046652,0.426984,0.553142,-0.059912,0.431283,0.572465,-0.052176,0.428340,0.597951,-0.046153,0.434938,0.641466,-0.052399,0.444113,0.568302,-0.057936,0.445743,0.584630,-0.050910,0.442853,0.610053,-0.045914
1780503350.599,left,pinch,0.503025,0.663662,-0.000000,0.474679,0.632341,-0.010446,0.458284,0.598691,-0.020253,0.461913,0.557914,-0.028025,0.473736,0.527994,-0.035099,0.458904,0.672518,-0.035217,0.465113,0.606508,-0.048320,0.470489,0.564936,-0.052261,0.476155,0.532232,-0.054472,0.484091,0.687094,-0.035166,0.486630,0.589666,-0.048572,0.482722,0.585611,-0.044580,0.482667,0.603279,-0.041067,0.508473,0.688649,-0.034397,0.502964,0.600258,-0.046260,0.494602,0.597514,-0.035015,0.493603,0.612385,-0.025618,0.528379,0.682332,-0.034376,0.520742,0.615640,-0.039148,0.512523,0.601265,-0.031032,0.509423,0.604019,-0.025340
1780503350.954,left,pinch,0.550855,0.728096,-0.000000,0.522069,0.711454,-0.016502,0.508078,0.677207,-0.031230,0.512215,0.640619,-0.040803,0.525109,0.616812,-0.050036,0.510325,0.766225,-0.061090,0.522862,0.676789,-0.078678,0.532096,0.626876,-0.083804,0.539827,0.593207,-0.086334,0.538883,0.778410,-0.057512,0.538817,0.668409,-0.073946,0.533469,0.665570,-0.068754,0.533119,0.686917,-0.064745,0.564691,0.772025,-0.052297,0.556451,0.670416,-0.066017,0.549067,0.674005,-0.054095,0.548937,0.698214,-0.044741,0.585856,0.753428,-0.047795,0.573631,0.675048,-0.056267,0.565743,0.676164,-0.049487,0.566031,0.695097,-0.044704
1780503351.090,left,pinch,0.540470,0.777709,-0.000000,0.524346,0.743616,-0.015706,0.518222,0.685516,-0.034710,0.530054,0.623001,-0.051668,0.549002,0.579470,-0.068114,0.503224,0.730823,-0.048044,0.529560,0.638109,-0.073112,0.548104,0.601474,-0.088434,0.560852,0.576046,-0.095867,0.527232,0.750161,-0.048042,0.552276,0.649402,-0.061895,0.549896,0.661929,-0.060804,0.546893,0.680311,-0.061466,0.552196,0.759256,-0.048475,0.570255,0.661659,-0.054658,0.563266,0.676530,-0.042619,0.555461,0.701074,-0.034908,0.573605,0.762196,-0.051895,0.585342,0.682795,-0.056717,0.576408,0.692331,-0.050178,0.567418,0.717871,-0.044706
1780503351.200,left,pinch,0.542766,0.799935,-0.000000,0.568900,0.741340,-0.008414,0.578664,0.687684,-0.016641,0.588763,0.654804,-0.025850,0.602606,0.625875,-0.032528,0.518718,0.623508,-0.002132,0.556773,0.594552,-0.023415,0.585572,0.597684,-0.038929,0.604446,0.598046,-0.046793,0.512870,0.646453,-0.006111,0.565263,0.633423,-0.023732,0.568110,0.672146,-0.030110,0.555272,0.687477,-0.031982,0.514701,0.679357,-0.013073,0.566337,0.668716,-0.027280,0.566530,0.702590,-0.025849,0.554628,0.711710,-0.021692,0.520716,0.712290,-0.021778,0.562046,0.698307,-0.028725,0.562630,0.720827,-0.026272,0.552313,0.730051,-0.021880
1780503351.386,left,pinch,0.535911,0.802447,-0.000000,0.568590,0.750128,-0.003842,0.588403,0.694720,-0.011658,0.603350,0.662292,-0.021952,0.609454,0.641709,-0.030663,0.528915,0.616834,-0.000838,0.564956,0.593981,-0.018568,0.591479,0.606778,-0.031965,0.609514,0.619024,-0.039150,0.516759,0.631299,-0.007656,0.566418,0.631156,-0.023688,0.568732,0.673219,-0.030589,0.557747,0.691446,-0.033265,0.512021,0.658880,-0.016269,0.561190,0.661308,-0.028720,0.562800,0.696482,-0.027224,0.552435,0.707122,-0.024077,0.512343,0.690977,-0.026114,0.552555,0.688808,-0.031038,0.553566,0.712423,-0.026738,0.543612,0.721434,-0.021929
1780503351.545,left,pinch,0.534230,0.795981,-0.000000,0.562234,0.753034,-0.003248,0.584507,0.697619,-0.010079,0.599537,0.661556,-0.019189,0.597251,0.636680,-0.026763,0.530474,0.616415,-0.000895,0.561417,0.589993,-0.016998,0.584478,0.605106,-0.028244,0.599000,0.621590,-0.033509,0.514552,0.624047,-0.007059,0.559552,0.632288,-0.021171,0.559929,0.679567,-0.026905,0.548806,0.694663,-0.028762,0.505059,0.646670,-0.014808,0.550329,0.654346,-0.027502,0.550706,0.694246,-0.025723,0.540963,0.703283,-0.022183,0.499838,0.675249,-0.023382,0.538070,0.675097,-0.029289,0.540024,0.703191,-0.024541,0.531070,0.713188,-0.019065
1780503351.660,left,pinch,0.531897,0.790681,-0.000000,0.557691,0.751464,-0.005125,0.578988,0.698639,-0.013213,0.594154,0.660684,-0.023238,0.591193,0.630087,-0.031740,0.526435,0.616146,-0.002743,0.552185,0.587985,-0.018522,0.574212,0.599387,-0.028742,0.588115,0.614968,-0.033033,0.509638,0.620986,-0.007794,0.552014,0.626107,-0.021162,0.553827,0.674596,-0.025055,0.542708,0.689636,-0.025297,0.498947,0.640320,-0.014635,0.543059,0.647430,-0.027222,0.544252,0.689156,-0.024041,0.534285,0.700066,-0.019232,0.492131,0.666816,-0.022441,0.529069,0.666327,-0.028431,0.532627,0.695208,-0.022993,0.524332,0.706992,-0.016733
1780503351.814,left,pinch,0.508884,0.787035,-0.000000,0.533541,0.746034,-0.007317,0.553405,0.690608,-0.014187,0.563812,0.648731,-0.022854,0.555104,0.619997,-0.030252,0.504857,0.620815,-0.000648,0.521712,0.583935,-0.016593,0.538557,0.594696,-0.027155,0.548954,0.610656,-0.031204,0.488147,0.624878,-0.004049,0.519027,0.621191,-0.017928,0.520619,0.671460,-0.021897,0.511108,0.689119,-0.021368,0.475776,0.642641,-0.009929,0.507903,0.642516,-0.023650,0.508998,0.686507,-0.020598,0.500922,0.700800,-0.014966,0.465553,0.667677,-0.016814,0.492315,0.658627,-0.023080,0.497027,0.688682,-0.017098,0.492080,0.703876,-0.010075
1780503351.906,left,pinch,0.498816,0.788977,-0.000000,0.522517,0.746351,-0.006315,0.541068,0.689271,-0.011882,0.549878,0.646033,-0.019122,0.541324,0.612001,-0.025282,0.493441,0.624798,-0.001516,0.512358,0.587690,-0.015540,0.528385,0.598240,-0.024758,0.537201,0.611052,-0.028651,0.476762,0.629577,-0.004864,0.507319,0.625852,-0.018023,0.510736,0.672961,-0.022605,0.502635,0.691620,-0.022857,0.463670,0.646991,-0.010057,0.495290,0.643476,-0.023857,0.498203,0.686953,-0.021354,0.490822,0.702257,-0.016075,0.452686,0.671073,-0.015955,0.478832,0.658739,-0.023559,0.484688,0.687126,-0.018191,0.479724,0.701839,-0.011296
1780503352.004,left,pinch,0.492672,0.782243,-0.000000,0.515663,0.741534,-0.006057,0.532520,0.682030,-0.011027,0.539812,0.637529,-0.017928,0.531754,0.602987,-0.023742,0.489461,0.626023,0.001449,0.502964,0.584445,-0.013143,0.517788,0.588212,-0.022180,0.528361,0.599971,-0.025343,0.472690,0.630558,-0.001722,0.498529,0.621947,-0.015863,0.501727,0.670343,-0.019761,0.494494,0.687941,-0.018710,0.459032,0.645722,-0.007180,0.486092,0.638431,-0.022471,0.489231,0.682722,-0.019411,0.482536,0.696862,-0.013085,0.446692,0.666935,-0.013271,0.469732,0.652793,-0.021666,0.476156,0.682204,-0.015941,0.472341,0.696595,-0.008460
1780503352.093,left,pinch,0.488062,0.783891,-0.000000,0.512677,0.742959,-0.006420,0.530731,0.682285,-0.011223,0.538183,0.636397,-0.017941,0.528236,0.605083,-0.023778,0.487430,0.627422,0.002023,0.499041,0.589098,-0.011430,0.512851,0.588313,-0.019704,0.524792,0.596408,-0.022792,0.470783,0.632954,-0.000950,0.495368,0.623109,-0.015409,0.498691,0.671428,-0.019029,0.493324,0.689631,-0.017424,0.456907,0.648564,-0.006214,0.482232,0.640577,-0.021581,0.485375,0.683938,-0.018336,0.479875,0.698506,-0.011629,0.443846,0.669920,-0.012224,0.466183,0.656696,-0.020801,0.471721,0.683407,-0.015608,0.467209,0.695435,-0.008482
1780503352.225,left,pinch,0.487428,0.780899,-0.000000,0.510787,0.740913,-0.007173,0.527367,0.678577,-0.011506,0.533871,0.631751,-0.017510,0.527500,0.595107,-0.022613,0.488249,0.628162,0.001469,0.498756,0.589224,-0.011577,0.511542,0.588231,-0.019033,0.522636,0.596166,-0.021576,0.471515,0.633548,-0.000744,0.493503,0.621982,-0.014949,0.496323,0.669699,-0.017515,0.491340,0.687685,-0.015170,0.457049,0.648188,-0.005415,0.480411,0.639865,-0.021112,0.483526,0.683383,-0.017249,0.478733,0.698839,-0.010060,0.443108,0.669016,-0.010848,0.464246,0.656073,-0.020121,0.470012,0.683019,-0.015039,0.466314,0.694998,-0.007941
1780503352.409,left,pinch,0.488914,0.780279,-0.000000,0.511254,0.741448,-0.006076,0.527013,0.679398,-0.010069,0.533455,0.632847,-0.015831,0.524563,0.605419,-0.020957,0.488389,0.629094,0.001454,0.498448,0.591295,-0.010618,0.511111,0.588012,-0.017723,0.522561,0.594990,-0.020273,0.471322,0.634928,-0.001042,0.491853,0.623281,-0.014259,0.495251,0.669540,-0.016297,0.490703,0.688221,-0.013831,0.456595,0.649660,-0.005721,0.478491,0.639575,-0.019994,0.482586,0.681207,-0.015752,0.478255,0.697771,-0.008682,0.442587,0.670378,-0.011116,0.462265,0.655057,-0.019291,0.468504,0.680240,-0.013864,0.465075,0.692505,-0.006816
1780503352.509,left,pinch,0.491272,0.780334,-0.000000,0.513507,0.737010,-0.007480,0.528394,0.673293,-0.011558,0.532934,0.626844,-0.017313,0.525072,0.591818,-0.022071,0.490455,0.633273,0.003445,0.497735,0.593753,-0.009500,0.510508,0.586998,-0.016666,0.522603,0.589746,-0.018985,0.474552,0.641248,0.001416,0.493453,0.619633,-0.013868,0.497322,0.667889,-0.015938,0.492904,0.685908,-0.012549,0.460163,0.654577,-0.003381,0.480360,0.637346,-0.019805,0.484461,0.680308,-0.015100,0.479907,0.695601,-0.006831,0.445697,0.673532,-0.008988,0.464586,0.652027,-0.018220,0.470130,0.678037,-0.012567,0.465663,0.690874,-0.004980
1780503352.608,left,pinch,0.493548,0.780639,-0.000000,0.515491,0.740759,-0.007502,0.529954,0.676584,-0.011597,0.534976,0.630133,-0.017155,0.529106,0.595014,-0.021842,0.491522,0.632763,0.002159,0.499063,0.594487,-0.010062,0.511759,0.585971,-0.017018,0.523921,0.586983,-0.019545,0.475727,0.640058,0.000192,0.495012,0.619710,-0.014532,0.498958,0.668205,-0.016366,0.494778,0.687601,-0.013028,0.461597,0.653718,-0.004349,0.482226,0.638041,-0.020247,0.486578,0.680963,-0.015572,0.482499,0.697226,-0.007534,0.447632,0.673025,-0.009688,0.466673,0.653433,-0.018775,0.472257,0.679082,-0.013392,0.468036,0.691804,-0.006139
1780503352.740,left,pinch,0.494190,0.779635,-0.000000,0.516234,0.740055,-0.007611,0.529879,0.676968,-0.012022,0.535400,0.629972,-0.018180,0.527618,0.594805,-0.023346,0.492326,0.633071,0.003169,0.499534,0.592462,-0.010825,0.512299,0.585792,-0.018589,0.524143,0.589245,-0.021046,0.476370,0.640840,0.000921,0.495754,0.619406,-0.014857,0.499494,0.667991,-0.016923,0.493944,0.684927,-0.013422,0.462182,0.654336,-0.004224,0.483665,0.638054,-0.021295,0.487370,0.681885,-0.016673,0.481291,0.695792,-0.008403,0.448214,0.672983,-0.010166,0.467908,0.653792,-0.019869,0.473178,0.681349,-0.014315,0.467727,0.693228,-0.006756
1780503352.873,left,pinch,0.495109,0.778301,-0.000000,0.516698,0.737536,-0.007512,0.530412,0.673966,-0.012127,0.535785,0.627060,-0.018452,0.527826,0.593535,-0.023875,0.491881,0.630402,0.002788,0.499584,0.591420,-0.010906,0.512631,0.584144,-0.018403,0.524723,0.586140,-0.020839,0.475619,0.638837,0.000384,0.495898,0.616766,-0.015336,0.500084,0.666544,-0.017013,0.494482,0.683802,-0.013200,0.461449,0.653144,-0.004838,0.483903,0.636958,-0.021987,0.488072,0.681247,-0.017058,0.481959,0.695168,-0.008534,0.447878,0.672853,-0.010831,0.467883,0.653413,-0.020565,0.473773,0.681063,-0.014768,0.468487,0.693181,-0.007037
1780503353.005,left,pinch,0.495197,0.778040,-0.000000,0.516364,0.737681,-0.008203,0.529365,0.673810,-0.012821,0.534770,0.626000,-0.019026,0.527605,0.589496,-0.024361,0.491271,0.631579,0.002511,0.498431,0.592749,-0.011299,0.511105,0.584465,-0.019102,0.523101,0.584604,-0.021894,0.475427,0.639583,0.000354,0.495145,0.616929,-0.015540,0.499366,0.665906,-0.017626,0.494008,0.683293,-0.014238,0.461426,0.653575,-0.004719,0.483436,0.636205,-0.022257,0.487389,0.680391,-0.017664,0.481203,0.694919,-0.009392,0.447694,0.672896,-0.010614,0.467645,0.652216,-0.020829,0.473441,0.679883,-0.015340,0.468169,0.692471,-0.007857
1780503353.158,left,pinch,0.495159,0.776140,0.000000,0.516257,0.736018,-0.008228,0.528658,0.672591,-0.013202,0.534075,0.624566,-0.019731,0.526949,0.590061,-0.025388,0.488741,0.632003,0.001846,0.496049,0.591659,-0.011686,0.509487,0.582683,-0.019404,0.521804,0.584130,-0.022203,0.473048,0.641134,-0.000251,0.494243,0.615330,-0.016015,0.499471,0.663317,-0.017940,0.493731,0.682369,-0.014471,0.459664,0.655376,-0.005180,0.483083,0.635617,-0.022252,0.487729,0.678955,-0.017664,0.481111,0.694918,-0.009537,0.447007,0.674725,-0.010951,0.468142,0.653227,-0.021017,0.474008,0.679634,-0.015841,0.468189,0.692488,-0.008700
1780503353.280,left,pinch,0.493673,0.775660,-0.000000,0.515592,0.735371,-0.007753,0.528164,0.671492,-0.012238,0.532843,0.624386,-0.018364,0.523754,0.592453,-0.023401,0.487176,0.631547,0.002690,0.494503,0.589572,-0.011916,0.508403,0.583467,-0.019954,0.520632,0.586835,-0.022512,0.471684,0.640756,0.000395,0.493259,0.615659,-0.015861,0.498839,0.665007,-0.017926,0.492332,0.682247,-0.014473,0.458474,0.655267,-0.004846,0.482514,0.635343,-0.022901,0.487310,0.680366,-0.018545,0.479876,0.695127,-0.010300,0.445735,0.674559,-0.010809,0.467265,0.652111,-0.021283,0.473115,0.679983,-0.015951,0.466662,0.693152,-0.008505
1780503353.554,left,pinch,0.495753,0.772943,-0.000000,0.516190,0.731695,-0.007357,0.527248,0.668086,-0.011668,0.532129,0.621436,-0.017652,0.525620,0.586080,-0.022670,0.487014,0.630924,0.002823,0.493407,0.590818,-0.011465,0.507254,0.582111,-0.019623,0.519968,0.582926,-0.022589,0.471754,0.640306,0.000251,0.491747,0.614117,-0.016069,0.498318,0.662646,-0.018152,0.492995,0.681111,-0.014790,0.458562,0.655290,-0.005205,0.480994,0.634934,-0.023324,0.487144,0.678812,-0.018687,0.480804,0.693948,-0.010297,0.445934,0.675300,-0.011357,0.466263,0.653088,-0.021947,0.473121,0.679921,-0.016437,0.467459,0.692734,-0.008930
1780503353.768,left,pinch,0.496371,0.770703,-0.000000,0.516616,0.730661,-0.007010,0.527622,0.667743,-0.011056,0.532381,0.622248,-0.016850,0.524975,0.589610,-0.021720,0.486012,0.631029,0.003243,0.491518,0.589024,-0.010831,0.505534,0.580606,-0.019316,0.518268,0.581866,-0.022500,0.471376,0.641152,0.000665,0.491328,0.614101,-0.015640,0.498559,0.660918,-0.018516,0.493736,0.680838,-0.015732,0.458646,0.656496,-0.004686,0.481315,0.635481,-0.022336,0.487825,0.678479,-0.018437,0.482017,0.695030,-0.010564,0.446553,0.676402,-0.010724,0.466997,0.653737,-0.020738,0.473585,0.679521,-0.015615,0.467952,0.692802,-0.008456
1780503353.992,left,pinch,0.496422,0.771859,-0.000000,0.516432,0.730963,-0.006491,0.527176,0.669506,-0.010717,0.532947,0.623821,-0.016986,0.525815,0.590492,-0.022327,0.485173,0.631838,0.003718,0.491756,0.588319,-0.010511,0.505909,0.579661,-0.019060,0.518993,0.580463,-0.022300,0.470828,0.641240,0.000709,0.492292,0.615358,-0.015506,0.499050,0.662351,-0.018631,0.493907,0.681486,-0.016199,0.458391,0.656174,-0.005040,0.481955,0.634649,-0.022453,0.487846,0.677624,-0.018702,0.481564,0.694088,-0.011114,0.446371,0.675769,-0.011489,0.467508,0.653068,-0.021435,0.473715,0.678564,-0.016418,0.467750,0.691905,-0.009359
1780503354.206,left,pinch,0.497014,0.771508,-0.000000,0.516537,0.729810,-0.006139,0.526950,0.667073,-0.010128,0.532140,0.621543,-0.016053,0.524678,0.589793,-0.021199,0.482721,0.630073,0.003551,0.490013,0.589127,-0.009462,0.504404,0.580303,-0.017401,0.517649,0.579004,-0.020607,0.468216,0.640158,0.000554,0.491242,0.616239,-0.014678,0.498295,0.663260,-0.017537,0.493381,0.682669,-0.015173,0.456125,0.656151,-0.004973,0.481115,0.636520,-0.021779,0.487186,0.679989,-0.018310,0.481025,0.696761,-0.011100,0.444924,0.676835,-0.011134,0.466895,0.654687,-0.020843,0.473174,0.680763,-0.016073,0.467098,0.694529,-0.009327
1780503354.324,left,pinch,0.498051,0.771136,-0.000000,0.518081,0.728941,-0.005235,0.528936,0.666275,-0.009236,0.534624,0.621664,-0.015430,0.528112,0.589446,-0.020835,0.483112,0.630418,0.004127,0.488081,0.587110,-0.009519,0.502764,0.577162,-0.018382,0.517248,0.575302,-0.022175,0.469000,0.640999,0.000341,0.492015,0.615899,-0.015679,0.499807,0.661847,-0.019853,0.494749,0.681761,-0.018348,0.457084,0.657997,-0.005791,0.481614,0.637090,-0.022574,0.488478,0.679322,-0.019406,0.482102,0.695483,-0.012459,0.445937,0.679590,-0.012522,0.467170,0.656897,-0.021725,0.474046,0.682633,-0.016467,0.468076,0.696368,-0.009386
1780503354.493,left,pinch,0.498087,0.773130,-0.000000,0.518294,0.730703,-0.005759,0.528882,0.667469,-0.010293,0.534514,0.621804,-0.016993,0.527444,0.589087,-0.022845,0.482761,0.629722,0.003701,0.488284,0.586699,-0.010363,0.502712,0.576982,-0.019317,0.517509,0.576440,-0.023049,0.468607,0.640102,0.000037,0.492214,0.615126,-0.015813,0.499963,0.661866,-0.019349,0.495281,0.681399,-0.017419,0.456937,0.657358,-0.006153,0.482193,0.636781,-0.022840,0.489005,0.679410,-0.019242,0.482898,0.695305,-0.012086,0.446310,0.679329,-0.013043,0.468328,0.657611,-0.022183,0.475287,0.684128,-0.016871,0.469478,0.698020,-0.009825
1780503354.641,left,pinch,0.498771,0.774315,-0.000000,0.518483,0.730933,-0.005337,0.528400,0.667579,-0.009746,0.533674,0.622612,-0.016498,0.528456,0.588086,-0.022419,0.482543,0.630534,0.004225,0.487844,0.585626,-0.009897,0.502526,0.575321,-0.018979,0.517132,0.573950,-0.022816,0.468572,0.641293,0.000249,0.491695,0.615189,-0.015765,0.499619,0.661447,-0.019618,0.494928,0.681291,-0.017918,0.457101,0.658516,-0.006220,0.482243,0.636431,-0.023138,0.489258,0.679580,-0.019580,0.483153,0.696127,-0.012366,0.446666,0.680290,-0.013339,0.468625,0.656657,-0.022510,0.475759,0.683586,-0.016966,0.470018,0.698236,-0.009727
1780503354.919,left,pinch,0.498755,0.774762,-0.000000,0.517910,0.729833,-0.004990,0.526863,0.667930,-0.009600,0.532318,0.623336,-0.016733,0.527554,0.587832,-0.022918,0.481527,0.630596,0.004642,0.486243,0.585151,-0.009740,0.500715,0.575597,-0.018772,0.515167,0.575699,-0.022395,0.467894,0.641363,0.000428,0.491152,0.613927,-0.015572,0.499333,0.660376,-0.019161,0.494608,0.680018,-0.017192,0.456790,0.658316,-0.006336,0.482236,0.634728,-0.023207,0.489241,0.678114,-0.019434,0.482811,0.694578,-0.012024,0.446809,0.679828,-0.013733,0.468707,0.655465,-0.022795,0.475687,0.682448,-0.017088,0.469534,0.697018,-0.009681
1780503355.123,left,pinch,0.498762,0.772461,-0.000000,0.517236,0.726820,-0.005333,0.525833,0.664956,-0.010158,0.531479,0.620959,-0.017450,0.526312,0.586708,-0.023732,0.480365,0.630055,0.003892,0.483405,0.582757,-0.010875,0.498381,0.573618,-0.020317,0.512918,0.575197,-0.024108,0.466522,0.641535,-0.000067,0.488877,0.614862,-0.015869,0.497833,0.659798,-0.019442,0.493579,0.678824,-0.017712,0.455390,0.658658,-0.006647,0.480781,0.634750,-0.023387,0.488676,0.677236,-0.019621,0.483197,0.693519,-0.012374,0.445689,0.679834,-0.013917,0.467776,0.655242,-0.023090,0.475187,0.682061,-0.017543,0.469703,0.696425,-0.010292
1780503355.230,left,pinch,0.501277,0.772593,0.000000,0.516712,0.723330,-0.004394,0.522585,0.660140,-0.008731,0.527509,0.617034,-0.015526,0.524271,0.582559,-0.021530,0.473714,0.631095,0.004278,0.477736,0.586834,-0.009491,0.493456,0.572750,-0.019315,0.508495,0.568097,-0.024192,0.460899,0.644613,-0.000323,0.483557,0.613415,-0.015934,0.494530,0.654708,-0.020327,0.491321,0.676175,-0.019613,0.451512,0.663469,-0.007279,0.478043,0.634498,-0.023615,0.488052,0.675203,-0.020221,0.483082,0.693512,-0.013590,0.444411,0.686694,-0.014885,0.467316,0.657290,-0.024275,0.475697,0.683008,-0.019142,0.470315,0.699061,-0.012482
1780503355.375,left,pinch,0.491966,0.795472,0.000000,0.472451,0.745090,-0.010626,0.465591,0.684170,-0.025008,0.476396,0.632272,-0.038821,0.486388,0.606493,-0.052005,0.436235,0.709706,-0.033837,0.457924,0.629723,-0.052007,0.477883,0.592681,-0.062874,0.493943,0.565473,-0.069602,0.454284,0.735060,-0.038097,0.478816,0.640141,-0.059482,0.484188,0.653070,-0.063229,0.479112,0.680963,-0.063908,0.476690,0.748853,-0.042289,0.497774,0.655423,-0.056424,0.500035,0.673674,-0.049065,0.493621,0.700343,-0.042213,0.499227,0.753455,-0.047773,0.512707,0.675649,-0.052730,0.512253,0.691355,-0.045211,0.506276,0.718594,-0.039367
1780503355.555,left,pinch,0.501451,0.762192,0.000000,0.474300,0.736101,-0.011777,0.462478,0.680854,-0.025136,0.468742,0.625304,-0.035811,0.477040,0.592180,-0.045858,0.468420,0.742902,-0.043107,0.475989,0.658696,-0.059264,0.483820,0.611309,-0.068340,0.492604,0.575625,-0.073944,0.495651,0.756669,-0.044748,0.495794,0.654010,-0.063236,0.487933,0.650746,-0.065038,0.481236,0.669124,-0.065792,0.518616,0.752937,-0.045295,0.512343,0.646774,-0.055615,0.502805,0.654842,-0.046406,0.495909,0.679033,-0.039610,0.536360,0.739658,-0.047141,0.528390,0.661691,-0.048108,0.519440,0.670921,-0.038777,0.514268,0.694876,-0.033054
1780503355.643,left,pinch,0.499247,0.737486,0.000000,0.474761,0.715305,-0.008405,0.470241,0.659579,-0.022767,0.483048,0.607519,-0.034641,0.495056,0.580770,-0.046584,0.490886,0.728304,-0.047673,0.495752,0.642575,-0.061953,0.500218,0.600041,-0.067457,0.507961,0.573704,-0.069559,0.518839,0.739414,-0.049967,0.513031,0.649953,-0.063034,0.499962,0.642157,-0.058780,0.493047,0.655732,-0.056282,0.537563,0.737623,-0.050390,0.527769,0.646131,-0.055510,0.513599,0.647296,-0.041553,0.505838,0.665377,-0.032547,0.550048,0.725759,-0.051897,0.538003,0.657520,-0.048863,0.526082,0.656861,-0.036107,0.519157,0.673130,-0.028326
1780503355.780,left,pinch,0.511322,0.743824,-0.000000,0.490525,0.716788,-0.023920,0.480286,0.669893,-0.045534,0.483737,0.630208,-0.061592,0.494880,0.602556,-0.076992,0.499276,0.732815,-0.063545,0.506659,0.647945,-0.084735,0.510715,0.598458,-0.093932,0.515280,0.567587,-0.099687,0.525061,0.739959,-0.058027,0.528515,0.649818,-0.073522,0.519143,0.642403,-0.069591,0.511615,0.659331,-0.068269,0.543595,0.734751,-0.052303,0.543685,0.652621,-0.064193,0.531148,0.651087,-0.055253,0.524578,0.673293,-0.050733,0.557923,0.724522,-0.048272,0.554596,0.666472,-0.058457,0.543075,0.663788,-0.054331,0.535654,0.679824,-0.051350
1780503356.002,left,pinch,0.512457,0.759101,-0.000000,0.492814,0.726882,-0.022474,0.482614,0.673084,-0.042941,0.486692,0.627451,-0.056451,0.497226,0.593962,-0.069319,0.503547,0.739671,-0.068967,0.509456,0.651492,-0.087678,0.511680,0.600966,-0.092352,0.514998,0.566535,-0.094942,0.529933,0.742219,-0.062100,0.528581,0.642829,-0.075238,0.516801,0.639765,-0.066714,0.511331,0.660790,-0.062200,0.548134,0.734709,-0.054223,0.542217,0.643330,-0.064591,0.529249,0.648190,-0.053775,0.526271,0.673210,-0.048294,0.561668,0.722564,-0.047400,0.550735,0.654075,-0.056548,0.539194,0.657530,-0.051822,0.535660,0.678055,-0.048933
1780503356.096,left,pinch,0.511523,0.771439,-0.000000,0.491619,0.726197,-0.017790,0.484622,0.664613,-0.030784,0.491846,0.617479,-0.037920,0.505861,0.597256,-0.043953,0.507126,0.747145,-0.051612,0.515518,0.663372,-0.064977,0.517536,0.611370,-0.067330,0.520149,0.573795,-0.069225,0.532919,0.751383,-0.046026,0.527600,0.648777,-0.057457,0.517120,0.648957,-0.050800,0.513841,0.671450,-0.047061,0.551903,0.744877,-0.039806,0.541576,0.649873,-0.049088,0.530202,0.656472,-0.039573,0.528829,0.679118,-0.033981,0.565743,0.732645,-0.034588,0.553816,0.659594,-0.042718,0.542592,0.664282,-0.039270,0.540024,0.683070,-0.037114
1780503356.208,left,pinch,0.510751,0.779690,-0.000000,0.490845,0.731150,-0.021769,0.483793,0.665025,-0.037631,0.492599,0.614348,-0.046708,0.510214,0.590414,-0.054333,0.505137,0.754026,-0.058790,0.515373,0.672892,-0.075444,0.518033,0.620144,-0.079745,0.520059,0.578966,-0.083005,0.532041,0.760042,-0.052011,0.528045,0.655954,-0.066296,0.517543,0.660153,-0.059667,0.515104,0.683220,-0.056066,0.552338,0.752743,-0.044895,0.542560,0.655365,-0.056295,0.530851,0.666958,-0.045588,0.530364,0.690785,-0.039401,0.567502,0.738678,-0.039140,0.554768,0.664425,-0.049066,0.543910,0.673608,-0.045545,0.542775,0.693500,-0.043414
1780503356.326,left,pinch,0.510914,0.789408,-0.000000,0.490200,0.740548,-0.021109,0.482771,0.672825,-0.036401,0.490957,0.620597,-0.045345,0.507631,0.591491,-0.052798,0.505628,0.753303,-0.055886,0.515398,0.668658,-0.072402,0.516825,0.616147,-0.076817,0.518625,0.576893,-0.079954,0.532949,0.759055,-0.049419,0.528025,0.654561,-0.063827,0.516319,0.658630,-0.057617,0.514369,0.682544,-0.053961,0.552997,0.751892,-0.042716,0.542355,0.654117,-0.053963,0.529652,0.664561,-0.043241,0.529231,0.688208,-0.036812,0.567351,0.738095,-0.037409,0.553764,0.664349,-0.046884,0.542682,0.671722,-0.043146,0.541497,0.690726,-0.040663
1780503356.422,left,pinch,0.508556,0.794119,-0.000000,0.486971,0.745796,-0.020778,0.480837,0.673999,-0.034697,0.490974,0.616176,-0.042197,0.509839,0.590891,-0.048460,0.504898,0.754014,-0.054588,0.512230,0.668264,-0.070178,0.514494,0.616424,-0.072795,0.518465,0.578288,-0.074476,0.531685,0.759018,-0.048330,0.525980,0.650584,-0.063832,0.514558,0.654684,-0.058022,0.512430,0.679552,-0.053568,0.551843,0.751689,-0.041664,0.539888,0.651178,-0.055405,0.527719,0.661553,-0.045799,0.527670,0.684871,-0.038444,0.565953,0.737232,-0.036042,0.552812,0.659151,-0.046587,0.542596,0.666993,-0.043134,0.542156,0.687101,-0.040241
1780503356.528,left,pinch,0.508753,0.787069,-0.000000,0.486748,0.740397,-0.020402,0.480679,0.672141,-0.033783,0.490342,0.616056,-0.041141,0.509071,0.591711,-0.047181,0.504878,0.752241,-0.052891,0.512375,0.667830,-0.068218,0.514389,0.616454,-0.070536,0.517528,0.578388,-0.071783,0.531406,0.757663,-0.046949,0.525264,0.648450,-0.062115,0.513401,0.649377,-0.056189,0.510135,0.672310,-0.051604,0.551558,0.750122,-0.040724,0.538990,0.649961,-0.054273,0.526671,0.658169,-0.044621,0.525866,0.680334,-0.037055,0.565529,0.734668,-0.035593,0.552124,0.657214,-0.045422,0.541847,0.663128,-0.041641,0.541110,0.682174,-0.038593
1780503356.735,left,pinch,0.508751,0.793930,-0.000000,0.487451,0.744713,-0.019151,0.480456,0.674663,-0.032456,0.489683,0.618744,-0.039660,0.507405,0.593570,-0.045727,0.502302,0.753242,-0.053317,0.511257,0.667578,-0.068275,0.513681,0.615544,-0.071196,0.517173,0.576504,-0.073267,0.529821,0.759497,-0.047401,0.525065,0.652327,-0.060956,0.513812,0.654569,-0.054725,0.511202,0.676848,-0.050749,0.550640,0.752660,-0.040934,0.539525,0.653091,-0.052407,0.527516,0.662936,-0.042383,0.526209,0.686068,-0.035566,0.565346,0.738372,-0.035498,0.552887,0.661403,-0.044595,0.542166,0.667495,-0.040919,0.540309,0.686067,-0.038281
1780503356.846,left,pinch,0.508797,0.790651,-0.000000,0.485727,0.742095,-0.017903,0.480230,0.678154,-0.030177,0.490312,0.624049,-0.037307,0.508791,0.599771,-0.043437,0.502774,0.757347,-0.048858,0.510914,0.671861,-0.063315,0.513572,0.620718,-0.064737,0.516966,0.582881,-0.065320,0.529579,0.763622,-0.044437,0.524352,0.651616,-0.060222,0.512765,0.657527,-0.054688,0.510460,0.684363,-0.049738,0.550476,0.757528,-0.039596,0.538590,0.654753,-0.054129,0.526511,0.666661,-0.044358,0.526864,0.690981,-0.036046,0.565524,0.742408,-0.035560,0.552925,0.663416,-0.045520,0.542619,0.671456,-0.041024,0.542624,0.691793,-0.037211
1780503356.962,left,pinch,0.508803,0.798919,-0.000000,0.486506,0.748469,-0.019270,0.479153,0.678516,-0.032600,0.488510,0.623696,-0.040064,0.507300,0.600510,-0.046401,0.501891,0.762155,-0.051304,0.510838,0.678232,-0.065868,0.513662,0.625274,-0.068374,0.516929,0.584320,-0.070588,0.529577,0.768568,-0.046245,0.524069,0.659820,-0.061270,0.512560,0.667807,-0.055557,0.510630,0.694345,-0.051497,0.550507,0.762167,-0.040832,0.539020,0.660959,-0.054146,0.526804,0.674671,-0.044094,0.527053,0.699035,-0.036899,0.565744,0.747788,-0.036425,0.553013,0.669312,-0.047056,0.542259,0.679889,-0.043326,0.541760,0.700988,-0.040484
1780503357.104,left,pinch,0.507354,0.808882,-0.000000,0.484923,0.759974,-0.020487,0.477155,0.691351,-0.034668,0.486610,0.634379,-0.042826,0.505998,0.609195,-0.049636,0.502584,0.772519,-0.053029,0.510926,0.685649,-0.068650,0.512577,0.631015,-0.071551,0.514505,0.587215,-0.073781,0.530036,0.775762,-0.047478,0.522929,0.664186,-0.063417,0.511996,0.673388,-0.057636,0.509995,0.700434,-0.053363,0.550655,0.767511,-0.041668,0.538028,0.664813,-0.055642,0.525979,0.678714,-0.045222,0.525779,0.702490,-0.037495,0.565415,0.751275,-0.036990,0.552316,0.671740,-0.047424,0.542246,0.681230,-0.043411,0.542001,0.700979,-0.040336
1780503357.264,left,pinch,0.507637,0.809888,-0.000000,0.486820,0.761317,-0.020482,0.480099,0.691603,-0.033979,0.488620,0.634111,-0.041141,0.505746,0.605788,-0.046772,0.506377,0.772509,-0.053633,0.513015,0.685316,-0.068414,0.512741,0.632671,-0.070667,0.514044,0.591903,-0.072338,0.532916,0.774721,-0.047253,0.524626,0.666205,-0.061816,0.512772,0.672332,-0.055546,0.510542,0.697052,-0.051273,0.552535,0.765627,-0.040459,0.538970,0.666788,-0.052977,0.526429,0.677932,-0.043095,0.525866,0.700434,-0.036156,0.566006,0.749865,-0.034780,0.551242,0.674408,-0.044547,0.540765,0.681493,-0.041332,0.540232,0.699724,-0.038994
1780503357.409,left,pinch,0.509747,0.810806,-0.000000,0.488215,0.761363,-0.020005,0.480769,0.691542,-0.033165,0.489229,0.635519,-0.040440,0.506825,0.609196,-0.046263,0.505298,0.775418,-0.050606,0.513791,0.690009,-0.065365,0.514554,0.635647,-0.067987,0.516142,0.592689,-0.070248,0.532254,0.778487,-0.045041,0.524791,0.672256,-0.060361,0.513656,0.679891,-0.055043,0.512163,0.704931,-0.051385,0.552303,0.769697,-0.039319,0.539324,0.671421,-0.052706,0.527342,0.684559,-0.043055,0.527754,0.708041,-0.036200,0.566388,0.753640,-0.034767,0.551761,0.677876,-0.045241,0.541169,0.687457,-0.042110,0.540853,0.707457,-0.039786
1780503357.542,left,pinch,0.509877,0.812180,-0.000000,0.487852,0.762601,-0.019538,0.480758,0.693661,-0.032358,0.489179,0.638180,-0.039585,0.507537,0.613764,-0.045404,0.504715,0.779118,-0.049200,0.512672,0.696760,-0.063852,0.513968,0.642975,-0.066387,0.515743,0.599746,-0.068528,0.531698,0.781968,-0.044320,0.525699,0.672420,-0.060146,0.515319,0.681818,-0.054924,0.513857,0.709878,-0.050899,0.552302,0.774199,-0.039284,0.540920,0.673141,-0.053430,0.529331,0.686467,-0.043663,0.529899,0.711143,-0.036227,0.566963,0.758950,-0.035363,0.553955,0.680915,-0.045745,0.543961,0.690041,-0.042082,0.543865,0.710942,-0.039296
1780503357.780,left,pinch,0.509770,0.810404,-0.000000,0.488436,0.762036,-0.020542,0.481062,0.695830,-0.034442,0.489501,0.640691,-0.042627,0.507735,0.613790,-0.049252,0.507032,0.779629,-0.051355,0.513983,0.694602,-0.067380,0.514334,0.641104,-0.070683,0.515355,0.598896,-0.073082,0.533760,0.782008,-0.045975,0.525764,0.673105,-0.062342,0.514639,0.682254,-0.056843,0.513568,0.709501,-0.052771,0.553454,0.773966,-0.040571,0.540821,0.674375,-0.055179,0.528453,0.687333,-0.044980,0.529176,0.711194,-0.037342,0.567381,0.758617,-0.036378,0.553659,0.683510,-0.047105,0.543471,0.691871,-0.043341,0.543690,0.711271,-0.040434
1780503358.238,left,pinch,0.511543,0.808806,-0.000000,0.489432,0.761692,-0.022502,0.480729,0.695037,-0.038024,0.488749,0.640784,-0.047129,0.507569,0.616190,-0.054622,0.506805,0.781264,-0.055535,0.514060,0.696006,-0.072040,0.514975,0.642483,-0.075771,0.516687,0.601572,-0.078749,0.534845,0.783091,-0.049214,0.526120,0.675313,-0.065590,0.514784,0.683569,-0.059931,0.513750,0.709869,-0.056113,0.554832,0.773944,-0.042833,0.540500,0.674624,-0.056957,0.528302,0.688847,-0.046463,0.529291,0.713322,-0.039293,0.568617,0.757850,-0.037844,0.552337,0.682619,-0.049363,0.542071,0.693934,-0.045988,0.542679,0.714721,-0.043392
1780503358.386,left,pinch,0.511405,0.814438,-0.000000,0.490564,0.767656,-0.021676,0.481652,0.701563,-0.037590,0.489567,0.647697,-0.047295,0.507531,0.620965,-0.055446,0.506517,0.786294,-0.055998,0.513976,0.699598,-0.073578,0.514978,0.645693,-0.078232,0.516110,0.604802,-0.081532,0.534004,0.789035,-0.050047,0.526708,0.679409,-0.066988,0.516413,0.686864,-0.061673,0.515172,0.712980,-0.058033,0.553981,0.779969,-0.043957,0.541677,0.678202,-0.058127,0.530216,0.692705,-0.047492,0.531148,0.717597,-0.040221,0.568169,0.763533,-0.039196,0.552920,0.687576,-0.050490,0.543609,0.699473,-0.046854,0.545039,0.720537,-0.044053
1780503358.547,left,pinch,0.508848,0.810964,-0.000000,0.486615,0.763501,-0.021112,0.477331,0.698208,-0.035885,0.485670,0.644822,-0.044777,0.504473,0.622126,-0.052114,0.505030,0.784214,-0.051621,0.511059,0.699619,-0.067404,0.511953,0.645186,-0.071322,0.513966,0.603081,-0.074452,0.532444,0.785806,-0.045901,0.524158,0.677396,-0.061548,0.513052,0.683460,-0.056332,0.512017,0.709712,-0.052716,0.551980,0.776731,-0.040115,0.538149,0.677121,-0.053414,0.526141,0.690320,-0.043189,0.527076,0.715722,-0.036052,0.565624,0.760936,-0.035691,0.550765,0.685530,-0.045975,0.540980,0.696151,-0.041979,0.541480,0.717518,-0.038876
1780503358.701,left,pinch,0.508546,0.810180,-0.000000,0.485900,0.764031,-0.022426,0.476054,0.696840,-0.038104,0.483907,0.641870,-0.047390,0.503110,0.617654,-0.054927,0.503372,0.783951,-0.054629,0.509163,0.697994,-0.072016,0.509450,0.642792,-0.077071,0.510649,0.600815,-0.080789,0.531087,0.785652,-0.048068,0.523330,0.679045,-0.064350,0.512370,0.686844,-0.059010,0.511178,0.714225,-0.055468,0.550649,0.775554,-0.041542,0.537476,0.678495,-0.055378,0.525670,0.692676,-0.044999,0.526832,0.718205,-0.037949,0.564665,0.759152,-0.036407,0.549104,0.686384,-0.047155,0.538956,0.698692,-0.043203,0.539506,0.720208,-0.040245
1780503358.908,left,pinch,0.505415,0.812378,-0.000000,0.483498,0.765275,-0.024348,0.474377,0.698529,-0.041616,0.482711,0.644603,-0.051939,0.501838,0.619362,-0.060415,0.501884,0.784918,-0.059656,0.509192,0.699533,-0.078882,0.509334,0.646557,-0.084631,0.510146,0.606212,-0.088575,0.530036,0.786371,-0.052332,0.521567,0.678422,-0.069842,0.509891,0.687634,-0.063950,0.509146,0.715274,-0.059952,0.549733,0.776114,-0.045171,0.535690,0.677211,-0.060114,0.523110,0.691946,-0.049146,0.524508,0.717434,-0.041638,0.563463,0.759471,-0.039544,0.546905,0.685877,-0.051518,0.536138,0.697334,-0.047924,0.536732,0.718315,-0.045096
1780503359.097,left,pinch,0.509342,0.807705,-0.000000,0.486343,0.765373,-0.025297,0.476136,0.701181,-0.043679,0.483292,0.647271,-0.055047,0.501914,0.617884,-0.064633,0.502270,0.786246,-0.063712,0.507399,0.696472,-0.083946,0.507761,0.643720,-0.090075,0.509129,0.602989,-0.094253,0.530165,0.784613,-0.056119,0.519406,0.676722,-0.073698,0.508895,0.688876,-0.066995,0.508702,0.717680,-0.062876,0.549702,0.772440,-0.048672,0.533970,0.676399,-0.063323,0.522717,0.692996,-0.051661,0.524101,0.719856,-0.044200,0.563904,0.754618,-0.042937,0.546950,0.686493,-0.054635,0.536336,0.697942,-0.050756,0.535759,0.717942,-0.048087
1780503359.256,left,pinch,0.507846,0.806406,-0.000000,0.488762,0.762861,-0.023215,0.480826,0.700578,-0.039837,0.488516,0.647461,-0.049833,0.507086,0.622581,-0.058241,0.508310,0.790504,-0.058350,0.512665,0.704562,-0.076043,0.513159,0.651543,-0.081063,0.514227,0.610190,-0.084944,0.535120,0.789400,-0.052027,0.526158,0.680662,-0.068600,0.517301,0.690554,-0.063423,0.516702,0.717762,-0.060318,0.554015,0.777992,-0.045570,0.539581,0.678133,-0.059056,0.529114,0.691969,-0.048230,0.530241,0.716083,-0.041395,0.566426,0.760505,-0.040731,0.549550,0.688533,-0.051609,0.540339,0.699494,-0.047781,0.540444,0.719874,-0.045205
1780503359.493,left,pinch,0.512978,0.799001,-0.000000,0.491519,0.764176,-0.029115,0.481502,0.708323,-0.050889,0.488391,0.659533,-0.065300,0.504647,0.626507,-0.077794,0.510074,0.790932,-0.067708,0.513990,0.700622,-0.088027,0.514069,0.647311,-0.093847,0.514236,0.609560,-0.097389,0.536578,0.787657,-0.058566,0.528791,0.682481,-0.075533,0.516384,0.686923,-0.069218,0.513646,0.711130,-0.065649,0.555379,0.773852,-0.049699,0.543624,0.681960,-0.063811,0.530153,0.693538,-0.053610,0.528840,0.719127,-0.047704,0.569171,0.755285,-0.042868,0.555319,0.692554,-0.054631,0.542588,0.700104,-0.051655,0.539886,0.718773,-0.049597
1780503359.634,left,pinch,0.514585,0.791089,-0.000000,0.493436,0.760089,-0.029953,0.482958,0.707222,-0.053810,0.489183,0.659154,-0.069326,0.506010,0.624876,-0.083047,0.511989,0.793413,-0.074997,0.515600,0.702659,-0.095090,0.516002,0.647053,-0.100304,0.515203,0.606749,-0.103509,0.538143,0.787882,-0.064559,0.528601,0.684818,-0.079439,0.516747,0.690315,-0.071070,0.513438,0.713300,-0.066988,0.556022,0.771675,-0.053865,0.542111,0.680068,-0.064853,0.529944,0.693920,-0.052934,0.528033,0.719546,-0.047330,0.568531,0.752106,-0.045182,0.551955,0.687746,-0.055491,0.539107,0.698582,-0.051503,0.535993,0.719349,-0.049307
1780503359.751,left,pinch,0.513211,0.793593,-0.000000,0.492395,0.765293,-0.031994,0.484612,0.713395,-0.056342,0.491382,0.664039,-0.072389,0.506143,0.629307,-0.086369,0.511660,0.793904,-0.073945,0.515572,0.700891,-0.094176,0.515857,0.646143,-0.100334,0.515350,0.609777,-0.103906,0.538266,0.789582,-0.062444,0.529570,0.691131,-0.075979,0.519426,0.691290,-0.068427,0.515660,0.712158,-0.065284,0.556264,0.774153,-0.051027,0.545180,0.686251,-0.060410,0.533436,0.692431,-0.049011,0.529297,0.715466,-0.043982,0.568647,0.755878,-0.042120,0.555410,0.692746,-0.052497,0.542522,0.695954,-0.048971,0.536702,0.712770,-0.046607
1780503359.856,left,pinch,0.513510,0.793446,-0.000000,0.492298,0.765340,-0.032515,0.484348,0.715118,-0.057482,0.491044,0.668194,-0.074152,0.505319,0.633097,-0.088864,0.512418,0.795074,-0.074008,0.516686,0.704533,-0.095537,0.517009,0.647993,-0.103354,0.515936,0.607872,-0.108304,0.538851,0.788845,-0.062769,0.529781,0.689983,-0.077446,0.518187,0.691736,-0.070719,0.514023,0.713797,-0.068191,0.556180,0.772088,-0.051843,0.544261,0.684137,-0.061894,0.531944,0.693871,-0.050443,0.528655,0.719013,-0.045606,0.567922,0.752698,-0.043507,0.553498,0.689077,-0.054264,0.540756,0.698704,-0.050644,0.536822,0.720656,-0.048439
1780503359.965,left,pinch,0.514416,0.790525,-0.000000,0.493580,0.769393,-0.029987,0.485200,0.720320,-0.053158,0.490816,0.672099,-0.068999,0.502305,0.633901,-0.083427,0.507899,0.792536,-0.070246,0.511938,0.701361,-0.092218,0.512280,0.644524,-0.100866,0.513011,0.607280,-0.106106,0.534225,0.787328,-0.060601,0.529239,0.691897,-0.076390,0.518480,0.685540,-0.071151,0.512358,0.704520,-0.069183,0.552362,0.771099,-0.051190,0.544073,0.688963,-0.063385,0.531087,0.692825,-0.054404,0.525687,0.717604,-0.050219,0.565558,0.752100,-0.043980,0.554484,0.696898,-0.055133,0.541799,0.701861,-0.052148,0.535824,0.722698,-0.050174
1780503360.072,left,pinch,0.511567,0.790719,-0.000000,0.490342,0.768158,-0.026069,0.480277,0.717863,-0.049303,0.486036,0.670984,-0.065619,0.498887,0.634398,-0.080963,0.500107,0.790780,-0.069902,0.504320,0.699750,-0.091122,0.506147,0.644958,-0.099526,0.508043,0.609812,-0.104651,0.526757,0.787081,-0.062155,0.524142,0.685765,-0.075693,0.513726,0.680459,-0.068967,0.507764,0.701345,-0.066464,0.545859,0.773262,-0.054030,0.539551,0.685265,-0.063133,0.528506,0.689086,-0.052651,0.524783,0.714944,-0.048373,0.559970,0.756640,-0.047790,0.549370,0.694136,-0.056065,0.538507,0.696354,-0.051653,0.533647,0.716205,-0.049370
1780503360.272,left,pinch,0.518162,0.779905,-0.000000,0.493303,0.750410,-0.019932,0.480689,0.706815,-0.039175,0.484359,0.665990,-0.053436,0.491847,0.632537,-0.067547,0.487528,0.774040,-0.059007,0.495022,0.687549,-0.078658,0.499890,0.635239,-0.086587,0.504424,0.603119,-0.091773,0.514564,0.780329,-0.055287,0.518835,0.680701,-0.070365,0.511220,0.676116,-0.066160,0.506464,0.700355,-0.064908,0.535845,0.775881,-0.051123,0.534729,0.681855,-0.062900,0.524238,0.681907,-0.054392,0.521987,0.709143,-0.050416,0.553864,0.765432,-0.048234,0.546585,0.694529,-0.057476,0.536969,0.694043,-0.053711,0.532945,0.715075,-0.051970
1780503360.396,left,pinch,0.507778,0.783532,0.000000,0.483290,0.755199,-0.015635,0.471671,0.707809,-0.034739,0.479302,0.661461,-0.052334,0.488051,0.634618,-0.070085,0.472099,0.760521,-0.044289,0.477882,0.676272,-0.067220,0.488831,0.627181,-0.084589,0.499677,0.590088,-0.095338,0.498981,0.773034,-0.047077,0.501300,0.676585,-0.067101,0.501240,0.646160,-0.072479,0.501405,0.631692,-0.077205,0.523342,0.772100,-0.049732,0.520829,0.674601,-0.059751,0.516951,0.681531,-0.048263,0.515193,0.702531,-0.041290,0.541446,0.763417,-0.054920,0.536193,0.688308,-0.057640,0.528564,0.690441,-0.046196,0.524766,0.707798,-0.038630
1780503360.488,left,pinch,0.503510,0.786457,0.000000,0.478157,0.740583,-0.012742,0.469888,0.682848,-0.028270,0.480625,0.629360,-0.042712,0.491486,0.596790,-0.056859,0.455371,0.742610,-0.038538,0.472899,0.663380,-0.057401,0.486455,0.621938,-0.069988,0.498636,0.589260,-0.078137,0.478581,0.761159,-0.041726,0.494408,0.672087,-0.061038,0.491592,0.679864,-0.064228,0.485809,0.701549,-0.066678,0.502785,0.767904,-0.044985,0.511749,0.672456,-0.057662,0.507427,0.688002,-0.050199,0.502192,0.714321,-0.044736,0.523872,0.764660,-0.049883,0.528549,0.688501,-0.054443,0.522112,0.701240,-0.047119,0.516440,0.727640,-0.042120
1780503360.650,left,pinch,0.489767,0.800505,0.000000,0.488246,0.731022,-0.002251,0.484154,0.673951,-0.008840,0.489879,0.635251,-0.016635,0.498776,0.607479,-0.023494,0.439139,0.670366,-0.006978,0.467880,0.611112,-0.020765,0.487642,0.592850,-0.030481,0.500511,0.579894,-0.036378,0.442203,0.692078,-0.012392,0.481898,0.635668,-0.023840,0.487298,0.656645,-0.027836,0.481928,0.670826,-0.030796,0.452893,0.716023,-0.018796,0.492015,0.662950,-0.026692,0.491104,0.691517,-0.024835,0.482729,0.709536,-0.023705,0.467010,0.738222,-0.026206,0.497124,0.688186,-0.030683,0.496590,0.707393,-0.029355,0.489214,0.725871,-0.028099
1780503360.748,left,pinch,0.466319,0.796502,0.000000,0.486697,0.714998,-0.003826,0.490737,0.659162,-0.012361,0.498781,0.622355,-0.022403,0.510107,0.596453,-0.030660,0.424831,0.632318,-0.006878,0.465545,0.580405,-0.021484,0.492419,0.575684,-0.031936,0.510390,0.574491,-0.038693,0.426747,0.657422,-0.013262,0.478118,0.614292,-0.027699,0.483855,0.646381,-0.033114,0.474374,0.664496,-0.036414,0.437794,0.685318,-0.020737,0.485508,0.645111,-0.031433,0.486992,0.676730,-0.029309,0.475679,0.694553,-0.027412,0.452079,0.710142,-0.029332,0.487980,0.675754,-0.035452,0.488675,0.694474,-0.033239,0.478692,0.706950,-0.030962
1780503360.867,left,pinch,0.446758,0.788040,0.000000,0.479678,0.718274,-0.001463,0.491865,0.660762,-0.008564,0.503251,0.625139,-0.017918,0.519062,0.594291,-0.025824,0.432523,0.601456,-0.000327,0.475618,0.565849,-0.016185,0.501986,0.567024,-0.029475,0.521925,0.573456,-0.038256,0.427730,0.618908,-0.008484,0.477863,0.582215,-0.023802,0.491013,0.604251,-0.031714,0.491779,0.614726,-0.036086,0.431928,0.644428,-0.017854,0.479821,0.621725,-0.029470,0.480785,0.654830,-0.028356,0.469954,0.670801,-0.026448,0.441544,0.671720,-0.028300,0.478670,0.654419,-0.034306,0.479908,0.677199,-0.031654,0.470903,0.688523,-0.029047
1780503360.988,left,pinch,0.432941,0.773603,-0.000000,0.470091,0.715087,0.000920,0.487919,0.659889,-0.005234,0.502246,0.627420,-0.014805,0.517173,0.597478,-0.023033,0.430504,0.585619,0.003273,0.471638,0.553154,-0.012188,0.498406,0.562889,-0.024630,0.515998,0.577049,-0.031840,0.422121,0.596303,-0.005502,0.475064,0.584343,-0.019812,0.477113,0.626310,-0.025879,0.465385,0.646500,-0.028470,0.422917,0.620505,-0.015652,0.474770,0.611356,-0.027409,0.474883,0.651226,-0.024852,0.463321,0.666411,-0.021330,0.429332,0.649915,-0.026482,0.469576,0.639783,-0.031436,0.469860,0.667610,-0.026403,0.459427,0.681597,-0.021513
1780503361.127,left,pinch,0.422684,0.763605,-0.000000,0.459138,0.714233,0.001644,0.479997,0.658917,-0.003331,0.495854,0.628383,-0.011849,0.509064,0.600067,-0.018958,0.429207,0.572305,0.005042,0.470229,0.546868,-0.011613,0.495625,0.562658,-0.024596,0.511175,0.579540,-0.031878,0.418048,0.576608,-0.004102,0.470897,0.578916,-0.019430,0.470508,0.625726,-0.025612,0.457769,0.644178,-0.027852,0.414466,0.596104,-0.014827,0.466516,0.605050,-0.027312,0.464307,0.646851,-0.024924,0.451586,0.658155,-0.021297,0.416416,0.622506,-0.026252,0.457578,0.628909,-0.031646,0.456154,0.657921,-0.027056,0.444072,0.667291,-0.022294
1780503361.262,left,pinch,0.413342,0.761634,-0.000000,0.450316,0.719930,0.000269,0.472988,0.669401,-0.005387,0.491598,0.639812,-0.014413,0.504559,0.610640,-0.021938,0.426552,0.574245,0.003836,0.467116,0.553883,-0.012296,0.490930,0.570134,-0.024461,0.505166,0.588172,-0.031242,0.415570,0.575107,-0.004569,0.468089,0.583472,-0.019508,0.467245,0.629546,-0.025280,0.454629,0.645765,-0.027254,0.410876,0.590762,-0.014620,0.461558,0.606592,-0.026874,0.458910,0.648575,-0.024291,0.446029,0.658020,-0.020568,0.410384,0.614016,-0.025498,0.450123,0.627921,-0.030819,0.448480,0.657207,-0.026256,0.436351,0.664219,-0.021556
1780503361.476,left,pinch,0.397216,0.770546,-0.000000,0.430522,0.737460,-0.003665,0.457675,0.688760,-0.009445,0.477492,0.656812,-0.017185,0.487688,0.623737,-0.023527,0.423167,0.583645,-0.000150,0.456464,0.570360,-0.014396,0.476093,0.589616,-0.024327,0.488249,0.605756,-0.029772,0.408679,0.580469,-0.006013,0.452984,0.590820,-0.018254,0.457884,0.635639,-0.022368,0.453439,0.650499,-0.023585,0.397431,0.593151,-0.013678,0.440880,0.614698,-0.025325,0.437825,0.657627,-0.022696,0.427223,0.668008,-0.019000,0.389277,0.615240,-0.022362,0.424701,0.633023,-0.028015,0.423330,0.664277,-0.023807,0.412841,0.672746,-0.019269
1780503361.678,left,pinch,0.376882,0.763725,-0.000000,0.408783,0.734166,-0.005147,0.437952,0.686522,-0.011389,0.458914,0.651833,-0.019699,0.467980,0.614386,-0.026792,0.405080,0.583750,-0.000312,0.436777,0.567485,-0.014241,0.454710,0.588438,-0.023631,0.465048,0.605274,-0.028289,0.388481,0.579205,-0.005138,0.428913,0.597324,-0.017743,0.425528,0.645465,-0.021992,0.414371,0.656758,-0.022617,0.374790,0.590975,-0.011802,0.414944,0.614585,-0.024693,0.409352,0.658486,-0.022106,0.397999,0.667418,-0.017438,0.363262,0.611704,-0.019304,0.397831,0.624798,-0.026082,0.397099,0.655773,-0.021029,0.387404,0.665461,-0.014880
1780503361.831,left,pinch,0.372033,0.759362,-0.000000,0.402976,0.732228,-0.004972,0.431897,0.684512,-0.011300,0.451606,0.650702,-0.019554,0.463367,0.615980,-0.026617,0.398613,0.582581,-0.000753,0.427384,0.561473,-0.015443,0.444681,0.579577,-0.025271,0.454774,0.598300,-0.029787,0.381714,0.576575,-0.005328,0.421037,0.590662,-0.019058,0.416319,0.640385,-0.023364,0.404487,0.655703,-0.023620,0.367407,0.586701,-0.011773,0.407558,0.605793,-0.025885,0.401802,0.651296,-0.023256,0.390511,0.662556,-0.018171,0.354940,0.605988,-0.018888,0.390168,0.615065,-0.026035,0.389552,0.648043,-0.020644,0.379675,0.659494,-0.014214
1780503361.989,left,pinch,0.366276,0.745534,-0.000000,0.396464,0.717722,-0.004489,0.425200,0.671322,-0.010241,0.445081,0.636578,-0.018121,0.454033,0.599912,-0.024933,0.390966,0.575326,0.000560,0.417342,0.551003,-0.013094,0.434509,0.565779,-0.022406,0.444555,0.582166,-0.026674,0.375633,0.569013,-0.003811,0.410806,0.584185,-0.016827,0.406181,0.631739,-0.021278,0.394692,0.646733,-0.021813,0.362441,0.577914,-0.009977,0.398736,0.595370,-0.023753,0.393192,0.639086,-0.021266,0.382300,0.651295,-0.016350,0.350200,0.594935,-0.016756,0.383026,0.602943,-0.023914,0.382556,0.634873,-0.018678,0.373632,0.647085,-0.012281
1780503362.147,left,pinch,0.367427,0.742596,-0.000000,0.397945,0.713150,-0.003912,0.426545,0.666693,-0.009511,0.447455,0.631920,-0.017718,0.454450,0.596044,-0.025144,0.392320,0.574815,0.002979,0.418978,0.552078,-0.010912,0.436498,0.562573,-0.020914,0.449090,0.574755,-0.025853,0.377246,0.569369,-0.002155,0.412392,0.577501,-0.016054,0.408082,0.624866,-0.020662,0.398188,0.641213,-0.020818,0.364320,0.576475,-0.009306,0.401656,0.589306,-0.023379,0.395774,0.633445,-0.020396,0.385461,0.647619,-0.014725,0.352603,0.590975,-0.017208,0.386171,0.594765,-0.024044,0.385365,0.626219,-0.018351,0.376517,0.639456,-0.011587
1780503362.289,left,pinch,0.366538,0.732915,-0.000000,0.396766,0.705335,-0.004091,0.425411,0.661525,-0.009689,0.446192,0.629389,-0.017951,0.453666,0.593190,-0.025387,0.392824,0.571360,0.003215,0.416625,0.547215,-0.010591,0.434255,0.556968,-0.020433,0.447068,0.568920,-0.025179,0.378389,0.565330,-0.001762,0.412867,0.573027,-0.016110,0.407725,0.619821,-0.020613,0.396967,0.636162,-0.020391,0.365046,0.571263,-0.008807,0.401196,0.582212,-0.023734,0.394917,0.626610,-0.020673,0.384271,0.641834,-0.014499,0.352021,0.584454,-0.016561,0.385733,0.587485,-0.024514,0.384509,0.618993,-0.019045,0.374962,0.633138,-0.012044
1780503362.606,left,pinch,0.347475,0.725064,-0.000000,0.380015,0.706701,-0.004460,0.414992,0.670783,-0.009183,0.436901,0.642643,-0.015890,0.439678,0.609523,-0.021634,0.389634,0.567998,0.000566,0.416218,0.552662,-0.012770,0.427919,0.571281,-0.022853,0.434470,0.589656,-0.027631,0.372557,0.558375,-0.003670,0.401163,0.578576,-0.016088,0.394228,0.623633,-0.021617,0.384729,0.643278,-0.022864,0.355036,0.563934,-0.009551,0.383743,0.583687,-0.021501,0.376226,0.624909,-0.019681,0.366813,0.639659,-0.015263,0.338001,0.576994,-0.016201,0.364938,0.585216,-0.021734,0.362980,0.613092,-0.016767,0.354845,0.624604,-0.010572
1780503362.837,left,pinch,0.316185,0.735420,-0.000000,0.350601,0.723192,-0.005606,0.391260,0.688715,-0.009073,0.408948,0.658189,-0.014007,0.403841,0.627289,-0.018082,0.374382,0.580524,0.001557,0.394756,0.568031,-0.010782,0.399813,0.595010,-0.020233,0.400756,0.615961,-0.024527,0.354728,0.567059,-0.001703,0.374574,0.592636,-0.011631,0.362922,0.637338,-0.016729,0.351068,0.649853,-0.018250,0.332911,0.569659,-0.006735,0.353580,0.596025,-0.016966,0.344070,0.637884,-0.014859,0.334573,0.648175,-0.010926,0.309842,0.580277,-0.012626,0.331299,0.593904,-0.016400,0.326954,0.626691,-0.010102,0.317865,0.637650,-0.003389
1780503362.961,left,pinch,0.293362,0.748230,-0.000000,0.326268,0.735863,-0.009823,0.363241,0.704918,-0.016044,0.378428,0.674957,-0.022662,0.370526,0.647844,-0.027875,0.347447,0.588285,-0.004021,0.362386,0.573423,-0.019025,0.365793,0.610488,-0.029932,0.364907,0.636685,-0.035129,0.324630,0.577945,-0.006211,0.339163,0.580622,-0.019659,0.333929,0.633166,-0.024832,0.326824,0.657059,-0.025709,0.300318,0.581734,-0.010619,0.316440,0.590430,-0.023623,0.313852,0.636536,-0.021180,0.308921,0.656787,-0.016437,0.276097,0.595381,-0.016203,0.293316,0.600648,-0.023231,0.293533,0.633289,-0.018279,0.289219,0.647626,-0.012253
1780503363.215,left,pinch,0.231024,0.781559,-0.000000,0.260310,0.784173,-0.021881,0.291676,0.759984,-0.036963,0.296448,0.734045,-0.050499,0.276191,0.716774,-0.061090,0.285409,0.656417,-0.026701,0.290057,0.590968,-0.052280,0.283293,0.646161,-0.063509,0.280456,0.689046,-0.066230,0.256292,0.650499,-0.025264,0.255952,0.585917,-0.050485,0.252412,0.652222,-0.054448,0.255142,0.692830,-0.050951,0.228840,0.653357,-0.026948,0.226771,0.600385,-0.048657,0.228250,0.659292,-0.041153,0.232345,0.697379,-0.030315,0.202682,0.663593,-0.030402,0.203568,0.628758,-0.043321,0.207674,0.669226,-0.036295,0.212747,0.700501,-0.027068
1780503363.323,left,pinch,0.213832,0.804545,-0.000000,0.240203,0.798367,-0.023150,0.268575,0.772297,-0.038768,0.273026,0.746169,-0.052843,0.256032,0.726132,-0.063290,0.260806,0.644585,-0.021229,0.267741,0.602705,-0.049724,0.258953,0.665130,-0.065103,0.251440,0.712905,-0.070413,0.232171,0.637185,-0.020262,0.236414,0.597402,-0.048911,0.231788,0.669792,-0.055835,0.231330,0.713860,-0.053642,0.204951,0.641822,-0.023398,0.210190,0.626286,-0.048417,0.211323,0.689325,-0.044329,0.213591,0.725439,-0.034849,0.179909,0.657107,-0.028701,0.188315,0.654275,-0.042849,0.192423,0.698052,-0.038599,0.196609,0.722639,-0.031179
1780503363.444,left,pinch,0.223908,0.802736,-0.000000,0.259189,0.804769,-0.027476,0.296281,0.776111,-0.044989,0.295702,0.741616,-0.059924,0.273104,0.718684,-0.070761,0.290315,0.657959,-0.029648,0.296102,0.591751,-0.061353,0.285690,0.658207,-0.075404,0.280870,0.700612,-0.079145,0.258024,0.647391,-0.026733,0.259475,0.581559,-0.059057,0.251239,0.661925,-0.064110,0.252298,0.702450,-0.058902,0.227187,0.648132,-0.027989,0.227047,0.608242,-0.055792,0.225408,0.677931,-0.047870,0.229426,0.711563,-0.034581,0.197834,0.657107,-0.031453,0.201923,0.635921,-0.046843,0.203758,0.682746,-0.039361,0.208002,0.708152,-0.028659
1780503363.564,left,pinch,0.244076,0.814599,-0.000000,0.281307,0.821880,-0.025765,0.322624,0.793538,-0.041264,0.328634,0.751178,-0.055140,0.310071,0.716527,-0.065298,0.323720,0.656667,-0.021103,0.332035,0.598329,-0.052915,0.320711,0.661358,-0.069497,0.310560,0.712453,-0.074361,0.289178,0.641672,-0.019967,0.293627,0.576252,-0.051714,0.284526,0.657036,-0.058629,0.280914,0.707605,-0.054619,0.255091,0.640080,-0.023496,0.259060,0.587542,-0.053134,0.256275,0.662917,-0.046525,0.254748,0.708596,-0.033351,0.221064,0.650771,-0.029151,0.229351,0.617192,-0.047856,0.230770,0.670722,-0.040705,0.231104,0.703722,-0.029374
1780503363.757,left,pinch,0.270399,0.832734,-0.000000,0.308999,0.844518,-0.031967,0.354109,0.829268,-0.054734,0.369677,0.812920,-0.075620,0.362314,0.798665,-0.091690,0.364568,0.662643,-0.028326,0.373927,0.627042,-0.065984,0.361972,0.710162,-0.086395,0.355816,0.756724,-0.093856,0.327905,0.643739,-0.026482,0.334584,0.601984,-0.062101,0.322750,0.690736,-0.069529,0.319321,0.725690,-0.066723,0.291791,0.640848,-0.030179,0.298464,0.600252,-0.062204,0.294661,0.683135,-0.053371,0.294710,0.720437,-0.039143,0.255453,0.652111,-0.036880,0.264398,0.623754,-0.055526,0.267108,0.682035,-0.046647,0.270211,0.713819,-0.034326
1780503363.928,left,pinch,0.300410,0.829304,-0.000000,0.337778,0.843348,-0.030501,0.379773,0.834669,-0.054055,0.402770,0.829784,-0.075919,0.396905,0.812851,-0.092425,0.397466,0.620156,-0.027578,0.412807,0.654052,-0.065402,0.399751,0.734473,-0.087782,0.390285,0.774316,-0.097327,0.362003,0.587429,-0.026279,0.370120,0.672185,-0.054055,0.351633,0.738041,-0.061349,0.343100,0.729404,-0.062708,0.323615,0.588384,-0.030572,0.333586,0.679795,-0.052082,0.321733,0.729626,-0.046166,0.316552,0.715373,-0.039034,0.287922,0.608557,-0.038900,0.299280,0.683650,-0.048853,0.292823,0.719037,-0.042776,0.287406,0.706698,-0.035123
1780503364.067,left,pinch,0.338667,0.824978,-0.000000,0.383443,0.838513,-0.034997,0.428195,0.820901,-0.059643,0.456253,0.806642,-0.082339,0.463734,0.781554,-0.099168,0.449356,0.602618,-0.026435,0.465590,0.641045,-0.065695,0.457437,0.713311,-0.088167,0.451952,0.750506,-0.097207,0.414543,0.571312,-0.022678,0.429610,0.673326,-0.054137,0.404077,0.737245,-0.061023,0.390795,0.720182,-0.060493,0.376676,0.572265,-0.025374,0.393633,0.674998,-0.051216,0.373893,0.722887,-0.044073,0.364155,0.702460,-0.034396,0.339586,0.590124,-0.032531,0.355334,0.668544,-0.046373,0.344555,0.706991,-0.040159,0.336284,0.692375,-0.030790
1780503364.203,left,pinch,0.414301,0.840957,-0.000000,0.458106,0.793413,-0.012983,0.493399,0.712221,-0.021097,0.515413,0.646780,-0.030036,0.538199,0.604392,-0.035082,0.488805,0.587953,-0.007448,0.540954,0.649266,-0.035078,0.545880,0.704364,-0.050655,0.542668,0.718904,-0.059055,0.472333,0.555513,-0.011078,0.529429,0.654326,-0.035740,0.514423,0.717636,-0.037647,0.500676,0.716296,-0.035192,0.454291,0.556806,-0.019104,0.511030,0.661894,-0.041473,0.492905,0.713121,-0.032557,0.476678,0.703197,-0.022952,0.436024,0.576983,-0.029472,0.475761,0.660972,-0.043299,0.466589,0.700129,-0.038173,0.455695,0.687835,-0.031363
1780503364.326,left,pinch,0.470752,0.855378,-0.000000,0.533029,0.815039,-0.007043,0.570519,0.734132,-0.013739,0.583992,0.681321,-0.022828,0.588866,0.650137,-0.027099,0.565902,0.585707,0.004323,0.620634,0.662171,-0.023318,0.611541,0.724953,-0.039673,0.602205,0.731431,-0.049203,0.542266,0.567741,-0.004331,0.605213,0.673405,-0.028134,0.584899,0.744151,-0.029447,0.572021,0.738333,-0.027119,0.518580,0.580012,-0.017915,0.579675,0.684977,-0.037452,0.559390,0.742606,-0.027553,0.543518,0.730261,-0.018349,0.496409,0.607989,-0.034017,0.542163,0.688447,-0.042659,0.530349,0.732277,-0.035350,0.514820,0.719224,-0.028450
1780503364.449,left,pinch,0.539861,0.869610,-0.000000,0.611384,0.832184,-0.009218,0.647920,0.764615,-0.021428,0.667231,0.735488,-0.037195,0.675931,0.726654,-0.049330,0.636975,0.590301,0.001200,0.705509,0.666227,-0.028136,0.701684,0.726250,-0.044923,0.694545,0.735164,-0.054422,0.612605,0.575256,-0.008264,0.688467,0.678661,-0.034871,0.663456,0.750457,-0.036194,0.645166,0.741543,-0.032495,0.588076,0.590045,-0.022663,0.659180,0.691812,-0.044479,0.634566,0.753210,-0.033840,0.615382,0.737835,-0.022800,0.566306,0.620933,-0.039509,0.618782,0.696238,-0.048080,0.604846,0.742278,-0.038254,0.587359,0.728725,-0.029002
1780503364.656,left,pinch,0.578285,0.857464,0.000000,0.658667,0.849334,-0.011099,0.716732,0.805693,-0.026851,0.757716,0.784827,-0.047368,0.790066,0.763272,-0.065200,0.699744,0.593401,0.004243,0.765738,0.630316,-0.028797,0.795972,0.681798,-0.049326,0.816976,0.716514,-0.058888,0.670307,0.562421,-0.005406,0.742964,0.651050,-0.037584,0.711119,0.731898,-0.042597,0.684552,0.723843,-0.037721,0.640669,0.562091,-0.020175,0.711451,0.661316,-0.049631,0.681388,0.730000,-0.040030,0.657339,0.713519,-0.025563,0.611640,0.581340,-0.037181,0.669162,0.655217,-0.050896,0.654147,0.709636,-0.038161,0.633112,0.702042,-0.023049
1780503364.777,left,pinch,0.609301,0.835298,0.000000,0.680518,0.830275,-0.017157,0.747849,0.796683,-0.040143,0.802513,0.776602,-0.067154,0.845069,0.744361,-0.092119,0.721641,0.567042,-0.003695,0.777772,0.588882,-0.033709,0.808269,0.632227,-0.052683,0.830585,0.671328,-0.062041,0.689806,0.535990,-0.011817,0.754127,0.613420,-0.042826,0.722576,0.700400,-0.048642,0.698662,0.696789,-0.044202,0.658937,0.535728,-0.024417,0.721244,0.618030,-0.054248,0.694775,0.694720,-0.043649,0.673861,0.685975,-0.028336,0.627772,0.552925,-0.039255,0.680886,0.610081,-0.054543,0.669318,0.668733,-0.040148,0.649020,0.670021,-0.023258
1780503364.959,left,pinch,0.585600,0.790649,0.000000,0.655888,0.782196,-0.015012,0.724856,0.745339,-0.033349,0.779099,0.719159,-0.056278,0.807495,0.664234,-0.076473,0.706342,0.530871,0.001671,0.759658,0.524016,-0.028948,0.787505,0.569821,-0.047898,0.805464,0.614012,-0.055948,0.674585,0.498754,-0.006901,0.726521,0.564879,-0.034197,0.694873,0.643353,-0.040819,0.673921,0.632218,-0.038786,0.641515,0.495442,-0.020535,0.694850,0.567010,-0.049274,0.666344,0.637447,-0.040345,0.647070,0.625379,-0.027067,0.607288,0.508298,-0.036373,0.656351,0.554699,-0.051928,0.641675,0.608144,-0.038620,0.621399,0.607787,-0.022630
1780503365.160,left,pinch,0.580593,0.780008,0.000000,0.648121,0.764725,-0.015259,0.713538,0.721368,-0.032580,0.766000,0.690507,-0.054124,0.791697,0.638189,-0.072684,0.693868,0.521639,0.001567,0.738765,0.508585,-0.029711,0.765267,0.549928,-0.047909,0.783393,0.591632,-0.055629,0.662107,0.488271,-0.006679,0.711460,0.541482,-0.036475,0.681692,0.623601,-0.041295,0.662173,0.613561,-0.037062,0.629419,0.482149,-0.020300,0.679357,0.545939,-0.051947,0.654874,0.618420,-0.041752,0.636824,0.606295,-0.026719,0.596274,0.492565,-0.036140,0.640999,0.536351,-0.054489,0.629835,0.590861,-0.042220,0.611436,0.586937,-0.026701
1780503365.295,left,pinch,0.565787,0.729945,-0.000000,0.635320,0.717725,-0.013513,0.699979,0.675001,-0.029787,0.749826,0.641502,-0.050907,0.772610,0.585595,-0.069135,0.684991,0.487637,0.004356,0.733133,0.483528,-0.025658,0.754180,0.523721,-0.041728,0.768218,0.558999,-0.047358,0.654465,0.457213,-0.003635,0.702257,0.508667,-0.028947,0.670470,0.583571,-0.031019,0.652051,0.566989,-0.025600,0.622959,0.452095,-0.017117,0.670896,0.511273,-0.044671,0.644460,0.577859,-0.033581,0.626512,0.562005,-0.018975,0.590764,0.460660,-0.032684,0.634158,0.501712,-0.047598,0.621039,0.552920,-0.034526,0.602245,0.548997,-0.019058
1780503365.513,left,pinch,0.554946,0.707617,-0.000000,0.617402,0.701245,-0.017050,0.682003,0.660719,-0.033169,0.728904,0.622245,-0.052546,0.752603,0.566532,-0.069351,0.671959,0.487644,0.000206,0.711853,0.467312,-0.026391,0.732786,0.499202,-0.039766,0.744760,0.536502,-0.044155,0.641616,0.456618,-0.005025,0.684782,0.492929,-0.031363,0.655920,0.567861,-0.034749,0.636921,0.559604,-0.029683,0.610434,0.447722,-0.015408,0.655090,0.495937,-0.045348,0.629918,0.563476,-0.037724,0.611581,0.552044,-0.024735,0.578425,0.450302,-0.027544,0.620178,0.485473,-0.045241,0.608370,0.536803,-0.035669,0.590704,0.531771,-0.022761
1780503365.747,left,pinch,0.707816,0.480213,-0.000000,0.716460,0.490239,-0.005647,0.723124,0.503181,-0.012728,0.727173,0.516185,-0.019730,0.728839,0.526740,-0.027162,0.714514,0.465870,-0.014278,0.715031,0.481732,-0.020927,0.717689,0.500398,-0.026360,0.719817,0.512627,-0.029796,0.705394,0.457958,-0.014394,0.700960,0.470950,-0.017848,0.701069,0.486988,-0.020313,0.702388,0.497350,-0.023420,0.695866,0.453607,-0.014558,0.686903,0.457190,-0.017736,0.684036,0.466347,-0.019149,0.683079,0.474230,-0.020832,0.687348,0.454169,-0.015021,0.677253,0.452407,-0.016207,0.672397,0.452701,-0.015392,0.669239,0.453748,-0.015443
1780503365.890,left,pinch,0.497603,0.673516,-0.000000,0.558628,0.661345,-0.020325,0.622067,0.623222,-0.034699,0.666316,0.577735,-0.051126,0.672448,0.512080,-0.064353,0.620487,0.475928,-0.002254,0.648368,0.437949,-0.028453,0.656481,0.463521,-0.040265,0.655777,0.489435,-0.042839,0.589318,0.446880,-0.004366,0.618591,0.449963,-0.027461,0.593907,0.522094,-0.028249,0.582006,0.513407,-0.022237,0.556327,0.433901,-0.012225,0.584289,0.443455,-0.037209,0.566090,0.507258,-0.025939,0.552700,0.502347,-0.012012,0.518997,0.430376,-0.022612,0.547090,0.436027,-0.036923,0.540633,0.481823,-0.025655,0.527593,0.482497,-0.012386
1780503366.085,left,pinch,0.456519,0.659631,-0.000000,0.520988,0.642340,-0.020831,0.584785,0.598326,-0.032427,0.621598,0.538921,-0.044741,0.619357,0.471069,-0.052880,0.576788,0.445864,-0.002905,0.608697,0.425671,-0.026641,0.598468,0.485924,-0.037972,0.585629,0.506033,-0.041998,0.548193,0.419888,-0.003869,0.575790,0.426940,-0.025462,0.556367,0.501358,-0.030249,0.542905,0.495939,-0.029086,0.516348,0.411244,-0.009844,0.544184,0.421946,-0.034721,0.528814,0.492864,-0.027812,0.513325,0.494023,-0.017537,0.480386,0.412492,-0.017816,0.507161,0.414025,-0.033031,0.504915,0.460638,-0.024902,0.494564,0.462937,-0.014416
1780503366.313,left,pinch,0.427179,0.655683,-0.000000,0.479955,0.631582,-0.016803,0.533074,0.581174,-0.026497,0.559569,0.518713,-0.037490,0.558364,0.454689,-0.044267,0.527882,0.454995,-0.004174,0.556832,0.399233,-0.029363,0.551894,0.463272,-0.040415,0.541910,0.493117,-0.043083,0.499138,0.433858,-0.007009,0.524935,0.407951,-0.029907,0.509496,0.489091,-0.033408,0.497051,0.488881,-0.030943,0.468303,0.423993,-0.014506,0.493039,0.407939,-0.040171,0.481725,0.483747,-0.032047,0.469967,0.486925,-0.020741,0.433612,0.419969,-0.023415,0.457539,0.402589,-0.038268,0.457617,0.457556,-0.028035,0.449508,0.469953,-0.016170
1780503366.475,left,pinch,0.405028,0.638291,-0.000000,0.454549,0.614340,-0.017577,0.502236,0.563647,-0.026676,0.525841,0.501141,-0.036702,0.521070,0.437926,-0.042794,0.497285,0.442752,-0.004515,0.522437,0.390804,-0.029629,0.509476,0.455542,-0.042771,0.496558,0.486133,-0.047102,0.470538,0.425349,-0.006136,0.490167,0.398832,-0.028941,0.474324,0.474104,-0.034491,0.463058,0.482447,-0.033333,0.441060,0.418849,-0.012250,0.460208,0.399058,-0.036141,0.450209,0.467206,-0.029654,0.440928,0.475336,-0.019288,0.408242,0.416511,-0.019846,0.429318,0.392062,-0.031915,0.428365,0.440200,-0.021595,0.420555,0.453568,-0.009907
1780503366.661,left,pinch,0.388520,0.638413,-0.000000,0.436239,0.606700,-0.013443,0.478698,0.557557,-0.020637,0.500223,0.498604,-0.029594,0.498922,0.435440,-0.035791,0.474327,0.451978,-0.001859,0.497280,0.397437,-0.022792,0.487847,0.452223,-0.034689,0.477339,0.480752,-0.039134,0.448861,0.438443,-0.004842,0.468735,0.397458,-0.025234,0.457581,0.464759,-0.032169,0.447050,0.485323,-0.032602,0.420683,0.432057,-0.011422,0.440062,0.393183,-0.032018,0.433379,0.455069,-0.027026,0.423791,0.476419,-0.018398,0.388520,0.428726,-0.019218,0.408337,0.385552,-0.030291,0.411290,0.428869,-0.021194,0.406001,0.454767,-0.010750
1780503366.787,left,pinch,0.350234,0.624647,-0.000000,0.395973,0.596862,-0.017161,0.438950,0.547918,-0.024283,0.452219,0.484569,-0.032209,0.445495,0.427130,-0.035791,0.438033,0.449038,0.001905,0.457699,0.397960,-0.020978,0.443146,0.457776,-0.031771,0.435689,0.475663,-0.035002,0.411585,0.433973,0.001413,0.426170,0.400111,-0.020519,0.412997,0.470168,-0.025141,0.408009,0.470377,-0.023150,0.384581,0.426408,-0.003961,0.396849,0.397175,-0.027573,0.388217,0.464833,-0.020361,0.383911,0.468220,-0.009495,0.354329,0.420440,-0.010845,0.370022,0.391467,-0.021640,0.367418,0.440347,-0.011220,0.362038,0.452637,0.000267
1780503366.931,left,pinch,0.326792,0.614527,-0.000000,0.369343,0.592432,-0.015400,0.410218,0.545714,-0.021675,0.423268,0.480984,-0.028875,0.419914,0.423592,-0.031931,0.413496,0.457614,0.001895,0.433662,0.401656,-0.020151,0.418378,0.454060,-0.030601,0.408778,0.477922,-0.033521,0.388292,0.441612,0.001060,0.401526,0.406191,-0.019513,0.387448,0.470578,-0.023275,0.384056,0.475404,-0.020898,0.362476,0.432987,-0.004391,0.373508,0.399403,-0.026478,0.364973,0.460015,-0.019020,0.362512,0.465560,-0.008314,0.333128,0.425719,-0.011284,0.345225,0.395464,-0.022131,0.343478,0.438933,-0.012264,0.340807,0.451180,-0.001192
1780503367.112,left,pinch,0.317154,0.607270,-0.000000,0.357835,0.584978,-0.013288,0.394701,0.540683,-0.019449,0.408681,0.480263,-0.027056,0.403192,0.423910,-0.031515,0.401879,0.459329,0.002105,0.419364,0.403350,-0.018718,0.407399,0.445696,-0.030307,0.398367,0.473102,-0.034472,0.377243,0.442353,0.000358,0.389488,0.402317,-0.019719,0.376561,0.460935,-0.025423,0.372122,0.474396,-0.024519,0.351187,0.432634,-0.005434,0.362309,0.399185,-0.026561,0.353810,0.454400,-0.021485,0.349674,0.465500,-0.012583,0.321599,0.424774,-0.012469,0.334346,0.393359,-0.023359,0.332427,0.432603,-0.015116,0.329152,0.447030,-0.005454
1780503367.248,left,pinch,0.310457,0.598181,-0.000000,0.347512,0.576436,-0.011432,0.383814,0.528742,-0.016878,0.394999,0.467661,-0.023824,0.385382,0.413781,-0.027794,0.392469,0.451260,0.002346,0.410337,0.398634,-0.017420,0.400544,0.435696,-0.028011,0.391850,0.459793,-0.031736,0.368315,0.432010,-0.000218,0.379211,0.399025,-0.018355,0.366562,0.455772,-0.022709,0.362239,0.463731,-0.021531,0.341907,0.422437,-0.006544,0.351825,0.393323,-0.026569,0.343389,0.448806,-0.020895,0.339345,0.456537,-0.012179,0.311729,0.415828,-0.013900,0.323285,0.388152,-0.024441,0.322213,0.427055,-0.016046,0.320203,0.437962,-0.006543
1780503367.404,left,pinch,0.292373,0.586461,-0.000000,0.328458,0.562455,-0.014896,0.360108,0.515582,-0.022666,0.367283,0.451629,-0.031612,0.359460,0.394519,-0.037614,0.375352,0.440395,0.006445,0.389372,0.392993,-0.013588,0.382668,0.407219,-0.025360,0.373888,0.428736,-0.029604,0.350624,0.419706,0.005769,0.359193,0.386741,-0.012991,0.345508,0.437413,-0.017806,0.342687,0.448140,-0.015702,0.325083,0.408543,0.000514,0.331180,0.381820,-0.020183,0.322861,0.431907,-0.014660,0.320837,0.441093,-0.005299,0.295732,0.401836,-0.006291,0.303793,0.381803,-0.017352,0.300398,0.417739,-0.009451,0.298423,0.423901,0.000139
1780503367.614,left,pinch,0.286121,0.586149,-0.000000,0.320624,0.563508,-0.013914,0.351110,0.520672,-0.022066,0.358730,0.462031,-0.031434,0.351033,0.407187,-0.038726,0.365221,0.445001,0.004251,0.379702,0.399260,-0.015074,0.377029,0.398746,-0.026624,0.368604,0.416626,-0.030826,0.341523,0.424672,0.003203,0.351236,0.390375,-0.015640,0.336751,0.437084,-0.020660,0.331594,0.454329,-0.018711,0.316810,0.412942,-0.001965,0.323973,0.386711,-0.022470,0.313972,0.432877,-0.017526,0.310111,0.445551,-0.008723,0.288064,0.405318,-0.008525,0.296646,0.384799,-0.019860,0.292767,0.418942,-0.012516,0.290275,0.428229,-0.003541
1780503367.720,left,pinch,0.280276,0.586248,-0.000000,0.313322,0.563234,-0.013259,0.342779,0.519293,-0.020801,0.349889,0.461331,-0.029670,0.342180,0.407853,-0.036470,0.358476,0.448406,0.004731,0.372360,0.402878,-0.013614,0.367299,0.400985,-0.024432,0.357764,0.416056,-0.028427,0.334631,0.428455,0.003423,0.343737,0.396229,-0.013831,0.328473,0.440726,-0.018065,0.324505,0.454276,-0.016097,0.309856,0.417650,-0.001923,0.317157,0.390179,-0.021215,0.306838,0.434680,-0.015726,0.303936,0.445398,-0.007116,0.280786,0.411725,-0.008644,0.289728,0.389699,-0.019462,0.285767,0.423644,-0.011701,0.283984,0.433093,-0.002720
1780503367.830,left,pinch,0.268822,0.579034,-0.000000,0.301782,0.555911,-0.013064,0.326048,0.511555,-0.020572,0.333453,0.456225,-0.029476,0.329427,0.404371,-0.036413,0.347518,0.445292,0.004872,0.359793,0.401946,-0.013132,0.353300,0.394279,-0.024357,0.341987,0.405136,-0.028720,0.324282,0.424661,0.003855,0.331423,0.391574,-0.012544,0.316218,0.432887,-0.016463,0.312992,0.448679,-0.014219,0.299859,0.413803,-0.001179,0.305246,0.386421,-0.019112,0.295365,0.428597,-0.013349,0.293328,0.442604,-0.004513,0.271953,0.409075,-0.007756,0.279539,0.385291,-0.017387,0.275628,0.416478,-0.009555,0.274510,0.427791,-0.000507
1780503367.948,left,pinch,0.263107,0.569371,-0.000000,0.296417,0.544296,-0.013780,0.318427,0.502134,-0.021319,0.323355,0.449449,-0.029967,0.317966,0.399870,-0.036193,0.339443,0.437743,0.003257,0.349346,0.394318,-0.016497,0.336862,0.398617,-0.029010,0.324833,0.412058,-0.034251,0.316554,0.419803,0.002715,0.320795,0.388807,-0.015457,0.306139,0.426665,-0.020827,0.304394,0.439744,-0.019962,0.292278,0.410462,-0.002025,0.295432,0.386688,-0.021368,0.285640,0.426352,-0.017328,0.284529,0.437856,-0.009621,0.265333,0.406413,-0.008283,0.270748,0.387450,-0.018840,0.266387,0.415413,-0.012824,0.265532,0.423137,-0.005068
1780503368.071,left,pinch,0.250635,0.572348,-0.000000,0.282099,0.555037,-0.016179,0.304483,0.511427,-0.025047,0.308266,0.454081,-0.034372,0.302692,0.403536,-0.041007,0.325273,0.441473,-0.000581,0.335608,0.397203,-0.019717,0.326291,0.397702,-0.029608,0.315629,0.407187,-0.032935,0.302473,0.422930,0.000169,0.305418,0.394500,-0.016432,0.292035,0.437941,-0.018110,0.293421,0.446824,-0.014779,0.279237,0.413751,-0.003434,0.281256,0.390922,-0.021675,0.272024,0.431826,-0.014867,0.272660,0.438596,-0.005702,0.253532,0.409921,-0.008847,0.258368,0.390483,-0.018687,0.254202,0.419088,-0.011507,0.253880,0.424982,-0.003088
1780503368.172,left,pinch,0.234300,0.572824,-0.000000,0.265533,0.555116,-0.017765,0.287365,0.513974,-0.026387,0.287397,0.456725,-0.034811,0.279872,0.407661,-0.040440,0.309399,0.445199,-0.001646,0.315039,0.400617,-0.021394,0.300997,0.415609,-0.034123,0.291341,0.431118,-0.040073,0.286830,0.426204,-0.000699,0.288036,0.391846,-0.019846,0.274989,0.431724,-0.026326,0.274025,0.449542,-0.026335,0.263328,0.418824,-0.003935,0.263769,0.389183,-0.022993,0.255067,0.429370,-0.019222,0.255585,0.445664,-0.011919,0.238000,0.418390,-0.009124,0.240296,0.394298,-0.020010,0.237744,0.421757,-0.014758,0.239862,0.434346,-0.007515
1780503368.343,left,pinch,0.207752,0.565113,-0.000000,0.239843,0.556141,-0.020954,0.260600,0.523703,-0.031394,0.258566,0.471611,-0.040682,0.248679,0.426084,-0.047818,0.281705,0.453600,-0.007817,0.296245,0.413890,-0.027903,0.280755,0.411813,-0.042986,0.265465,0.422272,-0.050806,0.261548,0.431597,-0.005144,0.273193,0.393147,-0.025023,0.257795,0.410105,-0.035301,0.248643,0.433151,-0.037810,0.240275,0.422563,-0.006370,0.243493,0.393274,-0.023782,0.233450,0.417053,-0.024947,0.230644,0.440084,-0.021251,0.218590,0.423623,-0.009843,0.219499,0.400457,-0.020516,0.215690,0.417188,-0.018943,0.216703,0.434754,-0.014588
1780503368.623,left,pinch,0.193235,0.570252,0.000000,0.225769,0.547953,-0.011583,0.246970,0.506115,-0.017200,0.250534,0.461942,-0.021327,0.243033,0.433127,-0.023488,0.231266,0.413881,-0.006612,0.266444,0.402521,-0.015067,0.270296,0.427975,-0.022162,0.263848,0.444668,-0.026037,0.216830,0.404170,-0.003581,0.251323,0.397774,-0.008966,0.255028,0.423434,-0.013240,0.248443,0.441032,-0.016030,0.205435,0.410873,-0.002079,0.235153,0.403772,-0.007052,0.239258,0.425127,-0.007545,0.234091,0.440755,-0.007291,0.196141,0.426044,-0.001475,0.215704,0.415988,-0.003334,0.220996,0.430594,-0.001045,0.219621,0.443783,0.001346
1780503368.785,left,pinch,0.199824,0.553755,0.000000,0.222248,0.530962,-0.025376,0.235531,0.499254,-0.036665,0.222055,0.467074,-0.043518,0.207284,0.443775,-0.048049,0.226260,0.410773,-0.020107,0.236512,0.382588,-0.031042,0.235241,0.377060,-0.038457,0.231506,0.379520,-0.043053,0.206147,0.398343,-0.011772,0.212193,0.393007,-0.023491,0.215014,0.426797,-0.028534,0.216377,0.455742,-0.029747,0.191664,0.401113,-0.005977,0.199474,0.404984,-0.018599,0.205440,0.432311,-0.019414,0.210212,0.450882,-0.016877,0.182224,0.410771,-0.002400,0.193383,0.412752,-0.012539,0.198868,0.432998,-0.012798,0.202005,0.445757,-0.009998
1780503369.097,left,pinch,0.178605,0.519867,-0.000000,0.196089,0.510194,-0.029911,0.205425,0.487534,-0.044774,0.188213,0.455594,-0.054373,0.168119,0.430578,-0.061208,0.221881,0.410401,-0.025441,0.214491,0.377535,-0.043606,0.203325,0.374284,-0.056795,0.193316,0.376301,-0.064732,0.201874,0.390450,-0.017627,0.186099,0.368194,-0.036780,0.178728,0.402846,-0.045766,0.176190,0.426240,-0.048321,0.183617,0.381165,-0.013113,0.173824,0.371705,-0.031080,0.174366,0.402589,-0.032115,0.176258,0.416510,-0.028522,0.167922,0.380021,-0.011271,0.170865,0.375991,-0.023968,0.173540,0.397931,-0.023575,0.175104,0.410068,-0.019750
1780503369.461,left,pinch,0.165431,0.497661,-0.000000,0.180542,0.491569,-0.036923,0.188333,0.466603,-0.053974,0.169987,0.431145,-0.064014,0.148722,0.409812,-0.069400,0.222774,0.395515,-0.035449,0.190380,0.370778,-0.054022,0.178454,0.405282,-0.062326,0.181118,0.418491,-0.066444,0.206738,0.371625,-0.023423,0.173438,0.365112,-0.044182,0.172828,0.407625,-0.048778,0.183995,0.420125,-0.048391,0.187746,0.359866,-0.015072,0.159616,0.360907,-0.033923,0.161515,0.399082,-0.032549,0.171982,0.408791,-0.027925,0.167885,0.356125,-0.009916,0.151789,0.360338,-0.024155,0.155624,0.390031,-0.024636,0.165354,0.403995,-0.021053
1780503369.639,left,pinch,0.160490,0.501021,0.000000,0.168091,0.486669,-0.029457,0.172290,0.450635,-0.043873,0.155967,0.418386,-0.053291,0.135545,0.397445,-0.059064,0.207726,0.381840,-0.025509,0.172161,0.352037,-0.043808,0.156286,0.374339,-0.054683,0.154686,0.381742,-0.060656,0.191945,0.364768,-0.017335,0.155332,0.354196,-0.036288,0.158160,0.396674,-0.040974,0.172861,0.409558,-0.040998,0.173237,0.357997,-0.012767,0.142395,0.354768,-0.029302,0.149273,0.395318,-0.028385,0.164579,0.405376,-0.024540,0.154601,0.360812,-0.011071,0.135157,0.361032,-0.023274,0.140848,0.391933,-0.023619,0.153908,0.406134,-0.020324
1780503369.767,left,pinch,0.154882,0.479755,-0.000000,0.150454,0.472943,-0.045014,0.148071,0.439145,-0.064721,0.135338,0.398712,-0.075339,0.122196,0.364240,-0.081226,0.199655,0.374973,-0.042303,0.163022,0.347389,-0.061608,0.146214,0.354753,-0.070789,0.141687,0.345151,-0.075725,0.188835,0.356146,-0.025869,0.149329,0.348564,-0.047067,0.148461,0.391395,-0.049032,0.162197,0.398319,-0.046426,0.174079,0.347077,-0.014086,0.138986,0.348689,-0.034480,0.142202,0.387932,-0.031155,0.155696,0.392206,-0.024910,0.158483,0.343601,-0.006318,0.135248,0.348041,-0.022750,0.137597,0.377292,-0.023983,0.148282,0.387141,-0.020678
1780503370.074,left,pinch,0.150124,0.480466,-0.000000,0.146084,0.481603,-0.046521,0.146137,0.445178,-0.065678,0.138223,0.403092,-0.074930,0.130809,0.362120,-0.079021,0.194849,0.376938,-0.048329,0.154005,0.350088,-0.070710,0.135931,0.367420,-0.081315,0.130813,0.366076,-0.086888,0.181915,0.355397,-0.031059,0.137593,0.353135,-0.053085,0.139378,0.398161,-0.054772,0.155013,0.406851,-0.052798,0.164744,0.345537,-0.018492,0.126853,0.354448,-0.037702,0.132452,0.394157,-0.032972,0.147260,0.397932,-0.026894,0.148537,0.344223,-0.010396,0.123535,0.358306,-0.027264,0.128142,0.387848,-0.028874,0.140405,0.394074,-0.026072
1780503370.166,left,pinch,0.149537,0.473374,-0.000000,0.143956,0.475381,-0.050276,0.144293,0.432357,-0.068223,0.139085,0.386713,-0.074294,0.133982,0.349016,-0.074932,0.191292,0.374193,-0.053378,0.151938,0.345575,-0.074384,0.128896,0.350357,-0.084418,0.118222,0.334932,-0.090451,0.181860,0.351670,-0.033326,0.140772,0.347836,-0.054071,0.140633,0.392250,-0.054608,0.155271,0.400979,-0.052288,0.166404,0.339451,-0.017964,0.130392,0.349500,-0.037240,0.133944,0.389602,-0.031918,0.148621,0.392805,-0.025478,0.151592,0.335469,-0.007188,0.127918,0.348175,-0.024711,0.133685,0.378291,-0.026062,0.146676,0.384941,-0.023189
1780503370.323,left,pinch,0.155477,0.473633,-0.000000,0.152355,0.471421,-0.043568,0.150615,0.434806,-0.061570,0.134641,0.391993,-0.070319,0.117084,0.359262,-0.073471,0.195708,0.367116,-0.042827,0.156812,0.345037,-0.061442,0.150920,0.382622,-0.068159,0.159692,0.392186,-0.071192,0.184604,0.347569,-0.027044,0.142601,0.344121,-0.048459,0.144126,0.388480,-0.050894,0.159520,0.391328,-0.048644,0.168592,0.339346,-0.015388,0.132230,0.344241,-0.035965,0.137066,0.384020,-0.033493,0.153195,0.384520,-0.027745,0.151283,0.336689,-0.007365,0.127815,0.342489,-0.023492,0.132060,0.371430,-0.024931,0.145196,0.377015,-0.021739
1780503370.429,left,pinch,0.155622,0.468855,0.000000,0.154878,0.469171,-0.047626,0.155478,0.435600,-0.068904,0.138787,0.391349,-0.080020,0.118386,0.356633,-0.085933,0.196945,0.365867,-0.050986,0.158885,0.347988,-0.070397,0.152423,0.378560,-0.077062,0.158030,0.384382,-0.080363,0.184337,0.344290,-0.033198,0.141939,0.344173,-0.055440,0.144568,0.388595,-0.056593,0.160498,0.390691,-0.053559,0.167627,0.335276,-0.019457,0.130596,0.346007,-0.039620,0.136164,0.385452,-0.034440,0.151949,0.385492,-0.027495,0.149474,0.331969,-0.009819,0.124618,0.346636,-0.025988,0.130416,0.376661,-0.026560,0.145250,0.380613,-0.023201
1780503370.530,left,pinch,0.152110,0.463127,-0.000000,0.148655,0.464518,-0.046507,0.150090,0.434364,-0.067300,0.143176,0.394828,-0.078254,0.136091,0.358772,-0.084378,0.199992,0.368496,-0.050533,0.158489,0.354066,-0.071339,0.141285,0.368259,-0.080064,0.136603,0.362842,-0.085414,0.190469,0.345431,-0.034155,0.143687,0.345781,-0.057336,0.142235,0.390362,-0.058872,0.156972,0.397579,-0.056797,0.175851,0.335226,-0.021922,0.133912,0.345483,-0.042530,0.136500,0.384273,-0.036297,0.149513,0.389285,-0.029341,0.159664,0.333276,-0.014013,0.131469,0.347349,-0.032600,0.133744,0.377224,-0.033437,0.144855,0.384886,-0.030002
1780503370.664,left,pinch,0.155142,0.477353,-0.000000,0.145794,0.470237,-0.038339,0.139250,0.428959,-0.054765,0.123449,0.384357,-0.063477,0.108299,0.343248,-0.067522,0.194592,0.371115,-0.037393,0.156891,0.343769,-0.056647,0.140914,0.366651,-0.066339,0.139146,0.377620,-0.071138,0.188551,0.354520,-0.024129,0.145304,0.341164,-0.044940,0.140864,0.380394,-0.049058,0.152182,0.395960,-0.048420,0.176703,0.347908,-0.014730,0.136159,0.341098,-0.032759,0.136722,0.378432,-0.031208,0.150074,0.391355,-0.026940,0.162831,0.348149,-0.008887,0.133972,0.343815,-0.024252,0.134045,0.371229,-0.026553,0.143856,0.385489,-0.024253
1780503370.792,left,pinch,0.153331,0.471332,-0.000000,0.140957,0.460568,-0.043899,0.132973,0.421590,-0.062662,0.120415,0.377006,-0.072161,0.107560,0.338450,-0.076975,0.188658,0.370908,-0.044431,0.153973,0.335664,-0.060315,0.138957,0.352592,-0.066538,0.136955,0.361059,-0.068993,0.186995,0.358452,-0.026170,0.145858,0.341180,-0.044029,0.142064,0.376962,-0.046019,0.152560,0.389679,-0.044353,0.179704,0.352799,-0.011498,0.142325,0.343174,-0.027909,0.141926,0.374739,-0.025943,0.152714,0.385047,-0.021650,0.170045,0.348825,-0.000438,0.145294,0.338686,-0.014668,0.142838,0.362088,-0.016463,0.149506,0.376395,-0.013987
1780503371.006,left,pinch,0.155209,0.467887,-0.000000,0.142080,0.456164,-0.037317,0.134421,0.416074,-0.053867,0.124721,0.378761,-0.061894,0.117808,0.343744,-0.066344,0.188892,0.367358,-0.042459,0.153961,0.336948,-0.060283,0.132573,0.330931,-0.070621,0.120934,0.320064,-0.076504,0.188437,0.353632,-0.027530,0.146348,0.344103,-0.044049,0.142148,0.379769,-0.045643,0.151462,0.393828,-0.044731,0.181365,0.345599,-0.015736,0.140560,0.343468,-0.029314,0.140433,0.378017,-0.025042,0.151156,0.388420,-0.020592,0.172392,0.342757,-0.007397,0.142581,0.341563,-0.019772,0.142144,0.368813,-0.019578,0.149915,0.382558,-0.016450
1780503371.104,left,pinch,0.156822,0.458034,-0.000000,0.140136,0.446672,-0.038632,0.130536,0.408476,-0.055737,0.117630,0.364526,-0.064315,0.106795,0.325514,-0.067931,0.181886,0.346710,-0.040592,0.141122,0.328981,-0.055594,0.135350,0.357105,-0.060615,0.142930,0.366027,-0.062781,0.185386,0.332557,-0.025629,0.138285,0.332987,-0.042415,0.136981,0.372348,-0.043919,0.150035,0.379475,-0.042193,0.181934,0.329607,-0.013673,0.139123,0.336437,-0.028834,0.140901,0.371156,-0.025614,0.153792,0.376988,-0.020997,0.175740,0.332140,-0.005032,0.146974,0.336752,-0.018571,0.146567,0.362345,-0.019599,0.155512,0.371126,-0.016583
1780503371.218,left,pinch,0.154225,0.462786,-0.000000,0.141681,0.453250,-0.038808,0.134267,0.413822,-0.055766,0.119083,0.369173,-0.064894,0.105081,0.329878,-0.069277,0.190928,0.357724,-0.038765,0.151661,0.326583,-0.056400,0.138156,0.349163,-0.063414,0.138878,0.361482,-0.066151,0.188584,0.343843,-0.023969,0.141777,0.331876,-0.043992,0.138502,0.368877,-0.046768,0.150933,0.378774,-0.045185,0.181158,0.339116,-0.012652,0.138146,0.332969,-0.030600,0.137203,0.365407,-0.027766,0.148131,0.373220,-0.022699,0.170912,0.338151,-0.004713,0.141662,0.333739,-0.020624,0.139374,0.359921,-0.022272,0.147064,0.373303,-0.019176
1780503371.349,left,pinch,0.158525,0.463089,-0.000000,0.140247,0.446511,-0.033856,0.131703,0.403355,-0.047834,0.121731,0.356927,-0.054194,0.112791,0.320163,-0.055687,0.189536,0.354489,-0.034252,0.151187,0.330615,-0.048627,0.142659,0.358884,-0.053633,0.148720,0.367387,-0.055863,0.193736,0.340138,-0.021358,0.148307,0.327805,-0.038209,0.142387,0.363692,-0.039759,0.152767,0.372159,-0.037905,0.190922,0.335208,-0.011249,0.148181,0.330399,-0.025727,0.144583,0.363943,-0.021704,0.154382,0.371234,-0.016579,0.183810,0.335628,-0.004147,0.152625,0.333570,-0.016396,0.149382,0.359421,-0.016616,0.157398,0.368603,-0.013127
1780503371.465,left,pinch,0.166573,0.469160,-0.000000,0.146841,0.447228,-0.029736,0.136792,0.400913,-0.041434,0.128536,0.357454,-0.047110,0.121636,0.324389,-0.049442,0.194488,0.365771,-0.027231,0.164559,0.332246,-0.042746,0.150295,0.347077,-0.051312,0.148764,0.354563,-0.055457,0.199888,0.356382,-0.015973,0.168081,0.323470,-0.032762,0.153332,0.344551,-0.036932,0.153173,0.357279,-0.036500,0.199043,0.351923,-0.007615,0.165993,0.324609,-0.022986,0.155085,0.348845,-0.022648,0.157704,0.362741,-0.018908,0.195139,0.351650,-0.001650,0.169489,0.329807,-0.014348,0.160149,0.346606,-0.015778,0.161857,0.359226,-0.012836
1780503371.590,left,pinch,0.172887,0.460814,0.000000,0.189672,0.449288,-0.025836,0.204947,0.407454,-0.034185,0.206495,0.363694,-0.037936,0.197094,0.337936,-0.038296,0.201889,0.349967,-0.019494,0.180236,0.332308,-0.036140,0.181816,0.364477,-0.044219,0.191676,0.375474,-0.047399,0.186393,0.338032,-0.011367,0.161473,0.327607,-0.027470,0.166216,0.366445,-0.029061,0.178419,0.374397,-0.026573,0.171817,0.334582,-0.006995,0.150393,0.323893,-0.023476,0.156234,0.359817,-0.019901,0.168250,0.371399,-0.013431,0.158255,0.337302,-0.005010,0.143560,0.324311,-0.016125,0.147724,0.350603,-0.014473,0.157002,0.363828,-0.009885
1780503371.764,left,pinch,0.197940,0.500633,-0.000000,0.208561,0.484746,-0.024092,0.216556,0.445125,-0.030942,0.208934,0.397409,-0.034401,0.200422,0.361417,-0.033914,0.245808,0.399953,-0.008403,0.228083,0.351405,-0.024871,0.219603,0.368170,-0.034349,0.219959,0.385093,-0.037873,0.230892,0.383004,-0.001154,0.209734,0.348529,-0.019194,0.203303,0.380007,-0.026609,0.208348,0.400408,-0.026487,0.217300,0.374634,0.002095,0.198128,0.348403,-0.016484,0.195209,0.377198,-0.018271,0.202086,0.391491,-0.013588,0.205615,0.373515,0.003378,0.193851,0.349324,-0.009370,0.192424,0.370433,-0.009484,0.197907,0.386532,-0.004782
1780503372.162,left,pinch,0.309715,0.657250,-0.000000,0.348539,0.619028,-0.003049,0.373806,0.567322,-0.002908,0.380326,0.518236,-0.005581,0.369953,0.484054,-0.007340,0.355492,0.510647,0.013313,0.369683,0.474963,0.003738,0.371803,0.495682,-0.005103,0.369006,0.515707,-0.009675,0.338526,0.505832,0.009991,0.350460,0.483060,-0.000521,0.352677,0.515492,-0.008353,0.350088,0.539452,-0.011527,0.320394,0.505953,0.004306,0.335104,0.488365,-0.007779,0.337524,0.523224,-0.010273,0.334060,0.549789,-0.008598,0.300900,0.510893,-0.001899,0.318858,0.497265,-0.009140,0.326344,0.519438,-0.008192,0.327590,0.539574,-0.005261
1780503372.394,left,pinch,0.341562,0.694888,-0.000000,0.378642,0.662263,-0.004904,0.408512,0.609502,-0.005597,0.420538,0.563559,-0.008564,0.419813,0.526009,-0.010701,0.400810,0.552587,0.005530,0.417478,0.518575,-0.006048,0.418540,0.530735,-0.014394,0.414280,0.549245,-0.018111,0.381411,0.541433,0.002639,0.391815,0.527846,-0.008736,0.389302,0.565036,-0.013662,0.386321,0.588144,-0.014651,0.359692,0.540202,-0.002668,0.370168,0.524576,-0.014642,0.371356,0.560613,-0.012715,0.371170,0.585276,-0.008377,0.335243,0.544958,-0.008715,0.346783,0.519810,-0.015601,0.351559,0.543555,-0.010635,0.352776,0.564256,-0.004606
1780503372.604,left,pinch,0.402619,0.737302,-0.000000,0.431671,0.688251,0.005289,0.446784,0.627722,0.006794,0.456250,0.585382,0.003829,0.464966,0.548815,0.001702,0.433236,0.563603,0.014409,0.467402,0.547459,0.001698,0.484374,0.559130,-0.007027,0.491784,0.565943,-0.011079,0.421953,0.559334,0.005521,0.462771,0.559261,-0.008921,0.463301,0.606417,-0.012990,0.454129,0.622924,-0.011820,0.409649,0.561277,-0.005063,0.451916,0.565420,-0.020014,0.449007,0.611047,-0.015131,0.436880,0.623991,-0.007221,0.395570,0.570170,-0.015466,0.433688,0.567715,-0.023322,0.434628,0.602200,-0.015527,0.424041,0.613041,-0.006765
1780503372.865,left,pinch,0.460698,0.742780,-0.000000,0.489389,0.680457,0.006358,0.495862,0.619178,0.006786,0.499813,0.578023,0.002302,0.504147,0.539871,0.000301,0.467629,0.556309,0.016729,0.512486,0.552437,-0.001495,0.515755,0.591194,-0.012621,0.509514,0.613828,-0.016797,0.459842,0.555044,0.006406,0.513863,0.555877,-0.010748,0.510225,0.606144,-0.013324,0.498435,0.627823,-0.010442,0.453694,0.560806,-0.006671,0.507707,0.567493,-0.021678,0.500190,0.614962,-0.015898,0.485636,0.632262,-0.007379,0.449030,0.572794,-0.019999,0.492308,0.576662,-0.025703,0.489010,0.611141,-0.018278,0.475327,0.622386,-0.010260
1780503372.999,left,pinch,0.469387,0.752960,0.000000,0.497872,0.719205,-0.003946,0.520689,0.663026,-0.010098,0.538919,0.619381,-0.018936,0.549654,0.575642,-0.026843,0.483731,0.577205,0.008066,0.510361,0.554229,-0.007076,0.531347,0.554285,-0.018220,0.549345,0.556195,-0.024735,0.467416,0.570828,0.001635,0.507250,0.567549,-0.016265,0.505305,0.624033,-0.021260,0.495932,0.641606,-0.020453,0.454169,0.576435,-0.007435,0.498549,0.583804,-0.026502,0.492325,0.637338,-0.022944,0.479294,0.650631,-0.015817,0.442451,0.590749,-0.017238,0.480820,0.596033,-0.027668,0.479089,0.634437,-0.022211,0.466645,0.646239,-0.015236
1780503373.136,left,pinch,0.456300,0.765005,-0.000000,0.487529,0.729257,-0.007019,0.511208,0.675642,-0.014716,0.527229,0.632001,-0.024496,0.538038,0.587914,-0.033047,0.469122,0.582276,0.002365,0.500993,0.565456,-0.013548,0.520300,0.571092,-0.024139,0.535893,0.573823,-0.030109,0.453133,0.576954,-0.002311,0.499210,0.587269,-0.020081,0.494058,0.640566,-0.024383,0.482238,0.653649,-0.023545,0.441363,0.585648,-0.009701,0.487898,0.602527,-0.028825,0.480940,0.653363,-0.025703,0.468483,0.664436,-0.019029,0.431835,0.602770,-0.018056,0.471625,0.610778,-0.029020,0.469753,0.646776,-0.024706,0.457627,0.658249,-0.018469
1780503373.440,left,pinch,0.450950,0.759706,0.000000,0.480031,0.721825,-0.005142,0.502150,0.671363,-0.012287,0.520003,0.631575,-0.021890,0.531949,0.590015,-0.030289,0.463694,0.581814,0.005173,0.492216,0.560905,-0.009994,0.511923,0.566237,-0.020531,0.527765,0.569994,-0.026763,0.447855,0.576916,-0.000494,0.491097,0.574850,-0.017963,0.490355,0.627819,-0.022705,0.481044,0.643736,-0.022261,0.435791,0.584037,-0.008729,0.483125,0.592443,-0.027479,0.477320,0.644404,-0.024257,0.464021,0.656599,-0.017594,0.425464,0.599814,-0.017748,0.465930,0.605920,-0.028366,0.463981,0.642357,-0.023834,0.451158,0.652931,-0.017648
1780503373.560,left,pinch,0.449750,0.757502,0.000000,0.477648,0.717631,-0.005470,0.498505,0.664739,-0.012862,0.515847,0.622954,-0.022674,0.529301,0.579974,-0.031245,0.457818,0.580452,0.005011,0.487695,0.560186,-0.010640,0.507256,0.563389,-0.021226,0.523395,0.564778,-0.027560,0.442367,0.575919,-0.000684,0.485849,0.566244,-0.019347,0.487474,0.618802,-0.024006,0.480878,0.637965,-0.023115,0.430840,0.582048,-0.009071,0.479226,0.585001,-0.028786,0.474316,0.638410,-0.025483,0.462346,0.655051,-0.018334,0.421760,0.596900,-0.018284,0.463539,0.600604,-0.029615,0.462050,0.636960,-0.025698,0.449843,0.649716,-0.019831
1780503373.683,left,pinch,0.453236,0.754941,0.000000,0.482377,0.716260,-0.003531,0.504246,0.661101,-0.009487,0.520787,0.621373,-0.017929,0.532875,0.579934,-0.025470,0.462783,0.578267,0.006143,0.492003,0.560596,-0.007038,0.512236,0.564324,-0.017295,0.529468,0.566454,-0.023886,0.447491,0.572351,0.000170,0.489592,0.577410,-0.014866,0.490713,0.624401,-0.020925,0.484218,0.640236,-0.022221,0.436572,0.580454,-0.007866,0.482969,0.595636,-0.023614,0.477134,0.642457,-0.022597,0.464915,0.653907,-0.018344,0.428215,0.595953,-0.016608,0.467910,0.606872,-0.025200,0.466729,0.639794,-0.021886,0.455570,0.649794,-0.017068
1780503373.872,left,pinch,0.455288,0.756366,0.000000,0.484366,0.716461,-0.003599,0.507035,0.662613,-0.009915,0.523730,0.623978,-0.018613,0.536020,0.583223,-0.026464,0.461172,0.577169,0.004572,0.492515,0.561381,-0.008816,0.513959,0.565493,-0.019231,0.532030,0.566748,-0.025907,0.446142,0.572207,-0.001422,0.490433,0.581701,-0.016376,0.488463,0.631081,-0.021937,0.478984,0.646347,-0.023010,0.436414,0.581725,-0.009350,0.483344,0.599777,-0.025025,0.477556,0.646718,-0.023422,0.466178,0.657591,-0.018790,0.429871,0.599378,-0.017996,0.469248,0.608354,-0.026512,0.468300,0.641641,-0.022576,0.457870,0.653022,-0.017248
1780503373.988,left,pinch,0.454936,0.758144,0.000000,0.485509,0.719314,-0.003953,0.508838,0.665999,-0.010689,0.525925,0.627371,-0.019662,0.536946,0.586652,-0.027677,0.463428,0.581106,0.003268,0.495130,0.563938,-0.010830,0.516724,0.567783,-0.021424,0.535012,0.569897,-0.028080,0.449223,0.576696,-0.002668,0.495087,0.578719,-0.017905,0.499479,0.620871,-0.023740,0.495453,0.632400,-0.025179,0.439897,0.585614,-0.010499,0.488228,0.600883,-0.026587,0.483018,0.647653,-0.025381,0.470916,0.658559,-0.021116,0.433831,0.602167,-0.019038,0.474028,0.613019,-0.027734,0.472401,0.646554,-0.024161,0.460862,0.657449,-0.019286
1780503374.103,left,pinch,0.459103,0.764879,0.000000,0.490082,0.726098,-0.003431,0.512143,0.672356,-0.010429,0.529693,0.634061,-0.019928,0.542623,0.594138,-0.028266,0.464953,0.584979,0.004344,0.498486,0.568830,-0.009848,0.521305,0.572946,-0.019914,0.540160,0.575406,-0.026100,0.451149,0.580527,-0.002084,0.500064,0.587759,-0.017535,0.497241,0.637955,-0.021142,0.485398,0.649908,-0.020614,0.443547,0.590691,-0.010653,0.493410,0.606642,-0.026170,0.488207,0.653861,-0.022497,0.475778,0.662296,-0.016635,0.439805,0.609054,-0.020105,0.480144,0.620014,-0.028492,0.478349,0.653573,-0.023791,0.466614,0.662685,-0.017992
1780503374.295,left,pinch,0.460204,0.764758,-0.000000,0.490278,0.725143,-0.002339,0.513131,0.671101,-0.008504,0.530980,0.633700,-0.017173,0.543952,0.593905,-0.024847,0.468751,0.584185,0.004784,0.500595,0.567737,-0.008139,0.522242,0.573120,-0.017768,0.540104,0.576163,-0.023926,0.454363,0.579433,-0.001877,0.499997,0.586823,-0.015898,0.499782,0.635623,-0.020536,0.491152,0.649858,-0.021287,0.445468,0.589339,-0.010315,0.494031,0.606305,-0.025113,0.488280,0.653658,-0.023006,0.475652,0.663900,-0.018553,0.440163,0.607290,-0.019387,0.481031,0.619286,-0.027454,0.478647,0.653780,-0.023498,0.466191,0.664532,-0.018491
1780503374.581,left,pinch,0.459826,0.765436,0.000000,0.488175,0.723885,-0.002018,0.510229,0.671805,-0.008596,0.527983,0.634547,-0.017972,0.541616,0.593393,-0.026401,0.464124,0.586610,0.005838,0.496699,0.568330,-0.008454,0.519111,0.569944,-0.019296,0.537735,0.572850,-0.025818,0.450844,0.582210,-0.001302,0.497667,0.570951,-0.015231,0.513567,0.593831,-0.020888,0.521026,0.596789,-0.022774,0.442145,0.590258,-0.010482,0.492739,0.599951,-0.026521,0.488882,0.648323,-0.025120,0.477659,0.664354,-0.020575,0.438120,0.606463,-0.020229,0.480089,0.615747,-0.029404,0.478155,0.650948,-0.025604,0.466030,0.664308,-0.020545
1780503374.847,left,pinch,0.456962,0.762506,0.000000,0.485456,0.722345,-0.002639,0.508020,0.669843,-0.009383,0.525414,0.631566,-0.018405,0.538107,0.590227,-0.026392,0.460134,0.583838,0.003116,0.493296,0.565312,-0.010864,0.516048,0.566758,-0.021422,0.535340,0.569461,-0.027884,0.447002,0.578807,-0.003491,0.495278,0.566016,-0.016948,0.514295,0.585505,-0.022285,0.525668,0.586818,-0.024122,0.439110,0.587755,-0.011840,0.489680,0.597153,-0.027058,0.486604,0.644774,-0.024970,0.476744,0.661648,-0.020258,0.436371,0.605431,-0.020841,0.477498,0.614401,-0.029488,0.475609,0.649032,-0.025252,0.464399,0.662460,-0.020007
1780503374.993,left,pinch,0.453556,0.763769,0.000000,0.483840,0.724230,-0.003766,0.507537,0.668852,-0.011023,0.526228,0.629158,-0.020533,0.539131,0.588279,-0.028829,0.458539,0.584047,0.002577,0.494194,0.567744,-0.012032,0.518327,0.569774,-0.022506,0.538806,0.569226,-0.029167,0.444210,0.578488,-0.003886,0.493705,0.586078,-0.019830,0.490381,0.637887,-0.023801,0.478584,0.650644,-0.023652,0.436808,0.587540,-0.012341,0.488209,0.604962,-0.029028,0.482172,0.653118,-0.025733,0.469106,0.662179,-0.019927,0.433706,0.604743,-0.021599,0.477057,0.616836,-0.030863,0.474504,0.651458,-0.026375,0.461804,0.662040,-0.020556
1780503375.102,left,pinch,0.455884,0.764787,0.000000,0.486389,0.725748,-0.003960,0.509687,0.673509,-0.010953,0.526426,0.635090,-0.020046,0.538666,0.593777,-0.028113,0.461865,0.585882,0.002551,0.494542,0.569549,-0.011643,0.517919,0.573569,-0.022459,0.537493,0.576549,-0.029250,0.448309,0.581272,-0.003461,0.495199,0.584462,-0.018185,0.500659,0.626100,-0.023756,0.497353,0.638429,-0.025326,0.440117,0.590699,-0.011319,0.489917,0.606411,-0.027413,0.484692,0.653626,-0.026073,0.472632,0.666175,-0.021789,0.435524,0.607915,-0.019860,0.477416,0.618769,-0.028848,0.475112,0.652556,-0.025195,0.463002,0.664670,-0.020216
1780503375.273,left,pinch,0.456683,0.764815,-0.000000,0.486506,0.724974,-0.002477,0.509303,0.671309,-0.009020,0.526813,0.633220,-0.018019,0.540193,0.593880,-0.025869,0.461546,0.581545,0.004292,0.494964,0.565867,-0.008909,0.518661,0.571485,-0.018413,0.537661,0.574916,-0.024166,0.447201,0.576644,-0.002367,0.495864,0.587645,-0.016391,0.492373,0.638524,-0.019842,0.479869,0.652304,-0.019474,0.439375,0.587626,-0.010843,0.489988,0.606225,-0.025123,0.483801,0.653728,-0.021671,0.470901,0.664174,-0.016158,0.435612,0.607857,-0.020090,0.477341,0.620017,-0.027690,0.474808,0.653489,-0.022941,0.462590,0.664368,-0.017049
1780503375.405,left,pinch,0.455294,0.765649,-0.000000,0.485751,0.725312,-0.001490,0.508114,0.672171,-0.007791,0.525695,0.633686,-0.016882,0.538978,0.594045,-0.024958,0.459293,0.583996,0.005029,0.494388,0.564908,-0.008360,0.519259,0.569444,-0.018370,0.538668,0.572579,-0.024455,0.445631,0.578972,-0.002207,0.495403,0.588492,-0.016590,0.492231,0.639366,-0.020786,0.479549,0.655172,-0.020880,0.438633,0.589139,-0.011142,0.490124,0.607053,-0.025233,0.484033,0.654587,-0.022157,0.470755,0.666298,-0.016923,0.435816,0.608056,-0.020788,0.478340,0.620349,-0.027846,0.475717,0.653851,-0.022936,0.463286,0.665485,-0.016995
1780503375.532,left,pinch,0.455814,0.763518,-0.000000,0.485830,0.723199,-0.002739,0.507737,0.670837,-0.009234,0.524514,0.632378,-0.018209,0.537435,0.593160,-0.026127,0.459176,0.580532,0.004123,0.494075,0.563562,-0.009083,0.518048,0.568231,-0.019129,0.536859,0.570149,-0.025452,0.445570,0.575785,-0.002395,0.494940,0.586013,-0.016366,0.492417,0.635238,-0.020678,0.480509,0.649774,-0.021137,0.438302,0.586312,-0.010689,0.489267,0.604563,-0.024941,0.483483,0.650967,-0.022170,0.470575,0.661960,-0.017196,0.434994,0.605749,-0.019779,0.477020,0.618067,-0.027294,0.474922,0.651495,-0.022730,0.462926,0.662989,-0.017055
1780503375.797,left,pinch,0.455694,0.759520,0.000000,0.484965,0.718345,-0.003697,0.506170,0.667165,-0.010997,0.522976,0.629014,-0.020652,0.536490,0.589333,-0.029084,0.456856,0.577776,0.003719,0.492628,0.561274,-0.010197,0.515946,0.567468,-0.020734,0.533910,0.568941,-0.027423,0.443337,0.573410,-0.002405,0.492761,0.581913,-0.016857,0.492044,0.630698,-0.021194,0.481692,0.645465,-0.021723,0.436037,0.583696,-0.010512,0.487437,0.599807,-0.025194,0.482857,0.646208,-0.022346,0.470701,0.657929,-0.017321,0.433037,0.602671,-0.019510,0.474889,0.613927,-0.027495,0.472653,0.647979,-0.023291,0.460174,0.660071,-0.017926
1780503375.940,left,pinch,0.453899,0.757142,0.000000,0.482278,0.717566,-0.004043,0.503885,0.665092,-0.011226,0.521268,0.625551,-0.020373,0.534320,0.584540,-0.028475,0.456798,0.579030,0.002703,0.491125,0.562105,-0.011078,0.513858,0.565665,-0.021779,0.532468,0.567157,-0.028657,0.442776,0.574199,-0.003145,0.489110,0.571503,-0.016986,0.494630,0.612645,-0.021669,0.491571,0.627646,-0.022672,0.434147,0.583527,-0.010941,0.484902,0.594703,-0.025517,0.481221,0.640774,-0.023553,0.469977,0.655139,-0.019189,0.429988,0.601592,-0.019594,0.472204,0.612041,-0.027546,0.470289,0.645532,-0.024134,0.458227,0.658184,-0.019625
1780503376.094,left,pinch,0.455246,0.755249,0.000000,0.483695,0.714819,-0.003073,0.505313,0.662468,-0.010007,0.522350,0.623893,-0.019207,0.534742,0.582812,-0.027386,0.457518,0.576814,0.003682,0.490752,0.560840,-0.009760,0.513485,0.565085,-0.019978,0.532275,0.565838,-0.026620,0.443030,0.572087,-0.002749,0.489997,0.577055,-0.017147,0.490688,0.625834,-0.021576,0.482564,0.641565,-0.022103,0.434609,0.582026,-0.011012,0.484916,0.596927,-0.025598,0.479613,0.643902,-0.023107,0.467277,0.655302,-0.018435,0.430299,0.600511,-0.020075,0.472242,0.612500,-0.027888,0.469503,0.646331,-0.024045,0.456811,0.657516,-0.019148
1780503376.319,left,pinch,0.455734,0.756509,0.000000,0.483925,0.717019,-0.003621,0.505814,0.664543,-0.010419,0.522662,0.625806,-0.019274,0.535024,0.584413,-0.027156,0.459370,0.578747,0.003323,0.491876,0.563726,-0.010265,0.513838,0.566693,-0.020892,0.532396,0.567251,-0.027762,0.445243,0.573758,-0.002676,0.490610,0.571556,-0.015882,0.500125,0.605755,-0.021019,0.501493,0.613533,-0.022753,0.436335,0.582975,-0.010535,0.485351,0.596697,-0.025014,0.480861,0.642734,-0.023435,0.469456,0.655006,-0.019514,0.431527,0.600832,-0.019166,0.472447,0.612693,-0.027274,0.469958,0.646146,-0.023848,0.457669,0.657481,-0.019404
1780503376.619,left,pinch,0.457013,0.755130,0.000000,0.485093,0.716476,-0.003007,0.506599,0.664816,-0.010043,0.523570,0.626588,-0.019301,0.535826,0.586077,-0.027599,0.459252,0.577832,0.003050,0.491619,0.562427,-0.009875,0.514809,0.566502,-0.019465,0.533882,0.567980,-0.025562,0.444707,0.573347,-0.003216,0.491329,0.579807,-0.016478,0.490662,0.628821,-0.020113,0.480882,0.643233,-0.020327,0.436486,0.584045,-0.011233,0.485909,0.598623,-0.024887,0.480651,0.644572,-0.022000,0.468281,0.655134,-0.017347,0.432273,0.603441,-0.020025,0.473628,0.613306,-0.027289,0.471426,0.645981,-0.023091,0.459233,0.656958,-0.018051
1780503376.973,left,pinch,0.456627,0.758155,0.000000,0.485300,0.719739,-0.002802,0.507427,0.666934,-0.009214,0.524188,0.628943,-0.017809,0.535705,0.589421,-0.025430,0.460558,0.579825,0.003390,0.492734,0.564957,-0.009879,0.515644,0.567977,-0.020273,0.535084,0.568168,-0.027065,0.446860,0.574936,-0.002986,0.492301,0.581950,-0.016648,0.495208,0.626102,-0.021683,0.489676,0.639175,-0.023095,0.438736,0.584724,-0.011047,0.487410,0.601120,-0.025457,0.482676,0.646972,-0.023686,0.470778,0.658516,-0.019674,0.434284,0.602844,-0.019833,0.475423,0.614339,-0.027653,0.473077,0.647659,-0.023963,0.460941,0.659557,-0.019229
1780503377.212,left,pinch,0.458226,0.758728,0.000000,0.486953,0.719766,-0.003285,0.508916,0.666930,-0.010441,0.525841,0.628453,-0.019931,0.538534,0.587659,-0.028448,0.461383,0.581425,0.003776,0.493112,0.564532,-0.010072,0.515904,0.568165,-0.020324,0.535098,0.569081,-0.026768,0.447263,0.576697,-0.002672,0.493355,0.581708,-0.017569,0.494296,0.630948,-0.022222,0.486340,0.645065,-0.022643,0.439187,0.586061,-0.011001,0.488225,0.601595,-0.026578,0.483136,0.649357,-0.024381,0.470941,0.660262,-0.019477,0.434926,0.603267,-0.020026,0.476134,0.613804,-0.028280,0.474321,0.648056,-0.024121,0.462389,0.659733,-0.018752
1780503377.326,left,pinch,0.457924,0.759839,-0.000000,0.487164,0.721499,-0.003396,0.509845,0.667330,-0.010358,0.527338,0.628303,-0.019657,0.539738,0.588005,-0.027792,0.461834,0.582403,0.003673,0.493270,0.562536,-0.010199,0.516844,0.567175,-0.020054,0.536177,0.569426,-0.025906,0.447693,0.577972,-0.002568,0.494901,0.582976,-0.017425,0.493113,0.634206,-0.021262,0.481734,0.648733,-0.020852,0.439905,0.587748,-0.010776,0.489525,0.602319,-0.026078,0.484443,0.650565,-0.023143,0.472020,0.661783,-0.017583,0.436137,0.605612,-0.019742,0.477835,0.615144,-0.027748,0.475941,0.649257,-0.023237,0.463904,0.661419,-0.017394
1780503377.456,left,pinch,0.467385,0.770400,-0.000000,0.496676,0.729335,-0.002656,0.518605,0.676080,-0.010098,0.536415,0.637669,-0.020285,0.549513,0.598128,-0.029206,0.467162,0.588838,0.004162,0.504561,0.572231,-0.010342,0.529139,0.577364,-0.021190,0.548408,0.581171,-0.027815,0.454180,0.586069,-0.002859,0.506421,0.595060,-0.017763,0.502978,0.643961,-0.021817,0.489656,0.656113,-0.022012,0.448173,0.597732,-0.011802,0.499618,0.610008,-0.025971,0.494875,0.655424,-0.021830,0.482164,0.665071,-0.016177,0.445852,0.617625,-0.021718,0.487758,0.623091,-0.029415,0.486106,0.654848,-0.024154,0.474430,0.665111,-0.018008
1780503377.610,left,pinch,0.467701,0.774736,0.000000,0.501020,0.730281,-0.002859,0.522056,0.677853,-0.010710,0.539117,0.641578,-0.021370,0.551179,0.601921,-0.030206,0.466673,0.591489,0.004884,0.505241,0.571232,-0.010968,0.531404,0.578353,-0.022209,0.551629,0.584223,-0.028487,0.455320,0.587797,-0.002361,0.509912,0.597770,-0.018018,0.506109,0.647971,-0.021693,0.491703,0.657718,-0.021341,0.451789,0.599770,-0.011863,0.505219,0.614205,-0.025930,0.500148,0.660157,-0.021455,0.486392,0.668042,-0.015624,0.452424,0.619447,-0.022486,0.494713,0.628253,-0.029523,0.492393,0.660392,-0.023981,0.479741,0.669727,-0.017625
1780503377.728,left,pinch,0.471649,0.776051,0.000000,0.503638,0.728673,-0.002078,0.523765,0.677187,-0.009667,0.541667,0.641562,-0.020323,0.555964,0.601983,-0.029465,0.469785,0.592923,0.006385,0.506007,0.572708,-0.008887,0.530800,0.577432,-0.020470,0.550281,0.582548,-0.027279,0.458420,0.589212,-0.001137,0.510254,0.596632,-0.016750,0.507409,0.645170,-0.021471,0.494017,0.658084,-0.021868,0.454292,0.600644,-0.010817,0.506806,0.613339,-0.025272,0.502516,0.658922,-0.021908,0.489319,0.668765,-0.016543,0.454337,0.619936,-0.021470,0.496326,0.628182,-0.028730,0.495012,0.660449,-0.023669,0.482719,0.670131,-0.017648
1780503377.889,left,pinch,0.475420,0.774510,0.000000,0.504358,0.729259,-0.001490,0.524750,0.675976,-0.007625,0.541964,0.637811,-0.016720,0.554752,0.597038,-0.024658,0.477190,0.593362,0.009142,0.508269,0.572404,-0.004054,0.529251,0.576817,-0.014912,0.546744,0.580071,-0.021847,0.464264,0.589635,0.001764,0.507488,0.582658,-0.012677,0.512228,0.627982,-0.018462,0.508367,0.644799,-0.019614,0.456609,0.597818,-0.007642,0.504322,0.602719,-0.021956,0.500967,0.650692,-0.019928,0.489473,0.666126,-0.015272,0.453307,0.613672,-0.017804,0.492608,0.620216,-0.025217,0.491299,0.655236,-0.021195,0.479462,0.668636,-0.016113
1780503378.042,left,pinch,0.476504,0.771737,0.000000,0.505181,0.727815,-0.001310,0.525258,0.676005,-0.007599,0.542007,0.639112,-0.017232,0.555089,0.598949,-0.025666,0.476343,0.591368,0.010374,0.506621,0.566825,-0.004492,0.528820,0.571854,-0.016464,0.547351,0.575975,-0.023663,0.463746,0.588896,0.002440,0.508074,0.578991,-0.014468,0.508985,0.631200,-0.020349,0.500647,0.651247,-0.020551,0.456679,0.597768,-0.007761,0.504615,0.595866,-0.023951,0.501756,0.647490,-0.020544,0.490370,0.665135,-0.013990,0.453485,0.614330,-0.018757,0.492581,0.614232,-0.026909,0.491441,0.651599,-0.021428,0.479430,0.667302,-0.014693
1780503378.153,left,pinch,0.477815,0.772176,0.000000,0.505278,0.728635,-0.001866,0.524438,0.677529,-0.009310,0.541710,0.639271,-0.020215,0.555772,0.597791,-0.029794,0.478609,0.594708,0.010022,0.506402,0.565041,-0.005951,0.527782,0.569067,-0.018346,0.545725,0.576227,-0.025501,0.465752,0.593236,0.002137,0.507514,0.573907,-0.015132,0.514975,0.620713,-0.021463,0.512154,0.639332,-0.022165,0.457736,0.601212,-0.008234,0.504601,0.591780,-0.025205,0.503643,0.643659,-0.022325,0.492409,0.662724,-0.016164,0.453549,0.615960,-0.019354,0.492456,0.611037,-0.027861,0.492282,0.647648,-0.022779,0.480093,0.663070,-0.016547
1780503378.311,left,pinch,0.478823,0.771199,0.000000,0.506603,0.727792,-0.000826,0.525267,0.676126,-0.007788,0.541833,0.637763,-0.018581,0.555781,0.596882,-0.028021,0.478111,0.592459,0.010723,0.506122,0.560661,-0.005340,0.528047,0.566403,-0.017542,0.545620,0.575145,-0.024256,0.464880,0.591194,0.002288,0.508526,0.578560,-0.015153,0.511927,0.629702,-0.021300,0.504385,0.648844,-0.021667,0.457221,0.600280,-0.008571,0.504823,0.595106,-0.025276,0.503191,0.646634,-0.022072,0.491185,0.663865,-0.015633,0.453298,0.616132,-0.020119,0.492628,0.611018,-0.028017,0.492883,0.647726,-0.022113,0.480772,0.663351,-0.015161
1780503378.412,left,pinch,0.477265,0.772443,-0.000000,0.505895,0.726147,-0.001192,0.524897,0.673693,-0.008161,0.541388,0.635881,-0.018807,0.555265,0.595981,-0.028100,0.474951,0.590758,0.008823,0.505842,0.558281,-0.007557,0.528542,0.565374,-0.020130,0.545425,0.574933,-0.026927,0.462007,0.589907,0.000917,0.507894,0.581957,-0.015497,0.510052,0.632708,-0.021258,0.500823,0.651300,-0.021880,0.455451,0.600015,-0.009346,0.503943,0.597556,-0.025161,0.502362,0.647231,-0.021987,0.490713,0.664252,-0.015896,0.453142,0.617133,-0.020347,0.492558,0.611704,-0.028004,0.493041,0.647095,-0.022164,0.481362,0.663237,-0.015230
1780503378.552,left,pinch,0.476064,0.774627,-0.000000,0.505383,0.728953,-0.001087,0.524836,0.676341,-0.008129,0.541450,0.638511,-0.018923,0.554374,0.597455,-0.028488,0.477274,0.591747,0.008924,0.506093,0.560059,-0.007881,0.527976,0.564331,-0.020751,0.545058,0.572271,-0.027856,0.464030,0.590536,0.000542,0.508816,0.578495,-0.016760,0.512725,0.628396,-0.023125,0.505118,0.647357,-0.023960,0.456379,0.600274,-0.010212,0.504749,0.596976,-0.027154,0.503776,0.648265,-0.024329,0.492014,0.665795,-0.018194,0.452886,0.617373,-0.021670,0.492380,0.612228,-0.030039,0.493206,0.648672,-0.024436,0.481295,0.664741,-0.017654
1780503378.659,left,pinch,0.475900,0.776861,-0.000000,0.505314,0.730452,-0.000009,0.524980,0.677079,-0.006072,0.541770,0.640002,-0.016096,0.555066,0.599383,-0.024925,0.476271,0.593366,0.010609,0.505722,0.560014,-0.005005,0.528076,0.564231,-0.017236,0.545628,0.572448,-0.024082,0.462690,0.592204,0.001962,0.506074,0.580042,-0.015066,0.509802,0.630310,-0.021724,0.502829,0.651571,-0.022720,0.455183,0.601773,-0.008906,0.502592,0.596412,-0.025092,0.501375,0.646898,-0.022337,0.490069,0.665600,-0.016383,0.451998,0.618258,-0.020403,0.491197,0.611903,-0.028089,0.491839,0.647896,-0.022356,0.480188,0.664564,-0.015618
1780503378.811,left,pinch,0.475303,0.777261,0.000000,0.505103,0.730956,-0.000600,0.524938,0.678118,-0.007231,0.541815,0.640514,-0.017800,0.554944,0.599242,-0.026995,0.473400,0.595422,0.010158,0.502985,0.557844,-0.006638,0.525801,0.561049,-0.019643,0.544011,0.570361,-0.026695,0.460169,0.595022,0.001633,0.504473,0.574593,-0.016939,0.511715,0.623945,-0.024025,0.507322,0.646671,-0.024855,0.453270,0.603801,-0.009229,0.501772,0.590050,-0.026865,0.502395,0.642610,-0.023885,0.491675,0.664485,-0.017207,0.450798,0.619215,-0.020710,0.490788,0.608131,-0.029038,0.492192,0.645161,-0.023105,0.480736,0.663217,-0.015972
1780503379.022,left,pinch,0.473263,0.780197,0.000000,0.503087,0.732162,-0.000564,0.522921,0.678532,-0.007437,0.540202,0.640750,-0.018266,0.553112,0.600208,-0.027749,0.471719,0.594774,0.009810,0.501809,0.559212,-0.007427,0.524521,0.561803,-0.020631,0.542710,0.570565,-0.027749,0.458988,0.594616,0.000902,0.504062,0.570380,-0.017488,0.513494,0.617444,-0.024309,0.511127,0.639311,-0.024944,0.452297,0.603851,-0.010391,0.501492,0.590453,-0.028025,0.502793,0.643389,-0.024990,0.492427,0.665972,-0.018170,0.450439,0.620099,-0.022351,0.490411,0.609843,-0.030741,0.492060,0.646338,-0.024872,0.480701,0.664381,-0.017761
1780503379.188,left,pinch,0.471192,0.779482,0.000000,0.501706,0.731493,-0.002006,0.521479,0.677226,-0.009342,0.538106,0.638165,-0.020326,0.551577,0.596576,-0.029772,0.469710,0.594839,0.008834,0.500114,0.557866,-0.009092,0.523259,0.561243,-0.022665,0.541934,0.570044,-0.029964,0.456604,0.595024,0.000830,0.501085,0.571314,-0.019241,0.507758,0.623337,-0.025965,0.503386,0.650627,-0.025866,0.449704,0.604223,-0.009785,0.499145,0.590565,-0.028206,0.500162,0.644169,-0.024808,0.490189,0.668705,-0.017364,0.447953,0.620611,-0.021230,0.488605,0.611478,-0.029854,0.489847,0.648870,-0.024152,0.478315,0.668093,-0.016984
1780503379.350,left,pinch,0.467385,0.778807,0.000000,0.498678,0.731128,-0.002075,0.518630,0.675043,-0.009652,0.535516,0.634602,-0.020726,0.549907,0.592022,-0.030302,0.465083,0.594384,0.007868,0.496876,0.557088,-0.010642,0.520868,0.560211,-0.024232,0.540200,0.569097,-0.031502,0.452150,0.594807,-0.000238,0.498345,0.565396,-0.020602,0.505801,0.618715,-0.026513,0.501387,0.647128,-0.025717,0.445945,0.604363,-0.010975,0.497061,0.588895,-0.029588,0.498802,0.643634,-0.025314,0.488788,0.668396,-0.017253,0.445367,0.621213,-0.022582,0.486369,0.612482,-0.031166,0.487983,0.650498,-0.025085,0.476301,0.669442,-0.017778
1780503379.490,left,pinch,0.465620,0.777218,0.000000,0.496520,0.729085,-0.002167,0.517306,0.671922,-0.009458,0.533949,0.631663,-0.020134,0.547696,0.589554,-0.029434,0.464039,0.591799,0.007140,0.496109,0.555479,-0.010638,0.518990,0.558992,-0.023368,0.536924,0.566799,-0.030157,0.450946,0.593167,-0.000593,0.497482,0.564744,-0.020580,0.507150,0.616524,-0.026528,0.504539,0.644797,-0.025836,0.444501,0.603503,-0.010793,0.495002,0.589403,-0.029414,0.497621,0.644010,-0.025759,0.488319,0.669347,-0.018077,0.443721,0.620713,-0.021751,0.483961,0.612327,-0.030470,0.486097,0.650261,-0.024885,0.474888,0.669603,-0.017934
1780503379.665,left,pinch,0.463954,0.778257,0.000000,0.495549,0.729216,-0.001749,0.515851,0.673057,-0.008912,0.532797,0.633497,-0.019421,0.546870,0.590825,-0.028524,0.460973,0.591947,0.007116,0.493739,0.556286,-0.010630,0.517423,0.559673,-0.023543,0.535922,0.567941,-0.030569,0.448284,0.592998,-0.000938,0.495292,0.562784,-0.020693,0.504713,0.615435,-0.026261,0.501551,0.645297,-0.025463,0.442658,0.603568,-0.011432,0.493785,0.587470,-0.029880,0.496864,0.642090,-0.025631,0.487649,0.668584,-0.017662,0.442870,0.621408,-0.022702,0.483263,0.611118,-0.031507,0.485804,0.648786,-0.025603,0.474802,0.668629,-0.018473
1780503379.964,left,pinch,0.463700,0.778458,-0.000000,0.495927,0.727554,-0.001337,0.516157,0.671593,-0.008288,0.532599,0.632969,-0.018793,0.546834,0.591638,-0.028116,0.461224,0.589115,0.007693,0.494577,0.555087,-0.009840,0.518005,0.559391,-0.022911,0.536181,0.567356,-0.030015,0.448158,0.590999,-0.000508,0.496182,0.568070,-0.019824,0.503098,0.622395,-0.025805,0.497831,0.651877,-0.025429,0.442198,0.603403,-0.011064,0.494061,0.592133,-0.029183,0.495858,0.646649,-0.025511,0.486189,0.672294,-0.017923,0.441939,0.623034,-0.022329,0.482644,0.612964,-0.030843,0.485165,0.650083,-0.024837,0.474540,0.669925,-0.017508
1780503380.453,left,pinch,0.463694,0.779974,-0.000000,0.495255,0.728415,-0.001085,0.515410,0.671274,-0.008083,0.532164,0.632297,-0.018631,0.547251,0.591630,-0.028002,0.460089,0.589531,0.007287,0.493603,0.554973,-0.010105,0.517558,0.558570,-0.023157,0.535967,0.566350,-0.030374,0.446985,0.590960,-0.001122,0.495481,0.567876,-0.020177,0.502428,0.622198,-0.025954,0.496637,0.651511,-0.025612,0.441328,0.603123,-0.011801,0.493447,0.591738,-0.029453,0.495547,0.645799,-0.025465,0.485863,0.670900,-0.017910,0.441500,0.622596,-0.023210,0.482209,0.612835,-0.031413,0.484632,0.649434,-0.025232,0.473939,0.668596,-0.017916
1780503380.602,left,pinch,0.462288,0.780158,-0.000000,0.494983,0.727520,-0.001644,0.515440,0.670404,-0.009273,0.532089,0.630941,-0.020393,0.547167,0.589449,-0.030316,0.459096,0.588630,0.006782,0.493194,0.554855,-0.011107,0.517530,0.559798,-0.024357,0.536150,0.567959,-0.031657,0.445702,0.590002,-0.001569,0.495825,0.568652,-0.020823,0.501664,0.625349,-0.026479,0.494017,0.652315,-0.026062,0.440041,0.602451,-0.012256,0.493330,0.591977,-0.030456,0.494937,0.647373,-0.026242,0.484209,0.670648,-0.018478,0.440238,0.622171,-0.023687,0.481465,0.612755,-0.032415,0.484294,0.650874,-0.025963,0.473455,0.669607,-0.018340
1780503380.778,left,pinch,0.462221,0.778514,-0.000000,0.494425,0.727054,-0.001696,0.514935,0.670402,-0.009356,0.531598,0.630986,-0.020663,0.546352,0.590109,-0.030729,0.460382,0.588112,0.007124,0.492890,0.552883,-0.010825,0.517002,0.558781,-0.023883,0.534658,0.568455,-0.030790,0.446717,0.589185,-0.001033,0.496362,0.570013,-0.020374,0.501346,0.627333,-0.025762,0.492674,0.654344,-0.024927,0.440486,0.601443,-0.011626,0.492986,0.593208,-0.029678,0.493967,0.647927,-0.025530,0.482956,0.670551,-0.017696,0.439904,0.621162,-0.022974,0.481116,0.613292,-0.031308,0.483503,0.650438,-0.024890,0.472512,0.668496,-0.017213
1780503380.888,left,pinch,0.462338,0.779418,-0.000000,0.493860,0.727948,-0.000154,0.514379,0.670270,-0.007241,0.531823,0.631230,-0.018393,0.548394,0.591892,-0.028431,0.463476,0.586541,0.009278,0.494338,0.552460,-0.008516,0.517888,0.558509,-0.021874,0.535057,0.570237,-0.028891,0.449776,0.587979,0.000183,0.496844,0.567256,-0.018617,0.503006,0.623488,-0.024406,0.495655,0.652770,-0.023866,0.442633,0.600647,-0.011329,0.493501,0.592097,-0.028628,0.495110,0.646988,-0.024759,0.484600,0.671474,-0.017208,0.440896,0.621137,-0.023554,0.481224,0.613819,-0.031314,0.483693,0.650327,-0.025037,0.472960,0.668401,-0.017576
1780503381.039,left,pinch,0.463055,0.779210,-0.000000,0.495225,0.729574,-0.001004,0.515726,0.672378,-0.008103,0.532875,0.633306,-0.019057,0.548362,0.592539,-0.028784,0.466107,0.586698,0.008657,0.496084,0.554362,-0.009333,0.519599,0.559962,-0.022671,0.537089,0.571302,-0.029756,0.452268,0.587994,0.000053,0.499069,0.567397,-0.019157,0.505115,0.622660,-0.024806,0.497988,0.651488,-0.024136,0.444558,0.600685,-0.011102,0.495208,0.593480,-0.028912,0.496752,0.647759,-0.024938,0.486324,0.671194,-0.017304,0.442219,0.621554,-0.023046,0.482572,0.615897,-0.031473,0.484802,0.652126,-0.025528,0.473873,0.669089,-0.018311
1780503381.241,left,pinch,0.461172,0.779923,-0.000000,0.494701,0.730552,-0.000332,0.515886,0.672519,-0.006754,0.532957,0.632790,-0.016987,0.548500,0.592688,-0.026088,0.465506,0.587131,0.008285,0.497036,0.556069,-0.008523,0.520018,0.562416,-0.020833,0.536380,0.573499,-0.027409,0.451407,0.587927,-0.000276,0.499288,0.569712,-0.018586,0.504507,0.625359,-0.023838,0.496184,0.654394,-0.023091,0.443984,0.600298,-0.011101,0.494911,0.594382,-0.028218,0.495899,0.648391,-0.024354,0.484891,0.671849,-0.016957,0.442001,0.620834,-0.022562,0.482650,0.615021,-0.030610,0.484817,0.650886,-0.024667,0.473729,0.668373,-0.017527
1780503381.403,left,pinch,0.463629,0.778469,-0.000000,0.495552,0.730402,-0.000978,0.516280,0.672810,-0.007864,0.533146,0.632801,-0.018461,0.548276,0.592317,-0.027777,0.465703,0.587713,0.007823,0.496389,0.555653,-0.009612,0.518942,0.562618,-0.021851,0.535740,0.574557,-0.028134,0.451507,0.589023,-0.000425,0.499591,0.568909,-0.019442,0.505287,0.625205,-0.024049,0.498276,0.653742,-0.022569,0.443841,0.601170,-0.011141,0.495271,0.593769,-0.029092,0.496306,0.648751,-0.024592,0.485830,0.672574,-0.016472,0.441536,0.621199,-0.022537,0.482756,0.614629,-0.031004,0.484917,0.651394,-0.024825,0.473925,0.668834,-0.017393
1780503381.536,left,pinch,0.462200,0.779436,-0.000000,0.494823,0.730865,-0.000017,0.515797,0.671736,-0.006737,0.533235,0.631538,-0.017422,0.549885,0.592727,-0.027006,0.464973,0.587909,0.008195,0.496096,0.553732,-0.008851,0.519718,0.560938,-0.021190,0.536756,0.572699,-0.027597,0.450877,0.588827,-0.000630,0.499721,0.572328,-0.018334,0.503694,0.628914,-0.022813,0.494190,0.654910,-0.021781,0.443769,0.601491,-0.011763,0.495525,0.594987,-0.028269,0.495890,0.649907,-0.023578,0.484430,0.672513,-0.015917,0.442075,0.622073,-0.023586,0.483287,0.615650,-0.031157,0.485414,0.652509,-0.024593,0.474369,0.669946,-0.017071
1780503381.692,left,pinch,0.461775,0.780328,-0.000000,0.494582,0.730573,-0.000226,0.515508,0.672876,-0.006910,0.532355,0.632783,-0.017392,0.547655,0.592047,-0.026789,0.465119,0.586804,0.008052,0.496473,0.555950,-0.008406,0.519737,0.561774,-0.020822,0.536686,0.572217,-0.027689,0.451287,0.587408,-0.000631,0.498480,0.570140,-0.017947,0.503773,0.624588,-0.023242,0.495639,0.652297,-0.023084,0.444142,0.600074,-0.011507,0.494611,0.594146,-0.027727,0.495711,0.647179,-0.023758,0.484861,0.669853,-0.016856,0.442275,0.621009,-0.023063,0.482776,0.614972,-0.030663,0.485057,0.650751,-0.024608,0.474047,0.668106,-0.017691
1780503381.900,left,pinch,0.462366,0.779053,-0.000000,0.495112,0.730250,-0.001104,0.516072,0.673350,-0.008537,0.533270,0.633641,-0.019713,0.548525,0.592924,-0.029628,0.465317,0.587357,0.007014,0.496182,0.554169,-0.010235,0.519547,0.561623,-0.022436,0.536169,0.574184,-0.028689,0.451182,0.588437,-0.001297,0.499211,0.570822,-0.018947,0.504390,0.626221,-0.023287,0.495954,0.652074,-0.022243,0.443907,0.601140,-0.011994,0.495192,0.594092,-0.028673,0.495909,0.648429,-0.023853,0.484612,0.671205,-0.016124,0.442050,0.621985,-0.023440,0.482911,0.615368,-0.031313,0.485193,0.651844,-0.024768,0.474110,0.669357,-0.017256
1780503382.014,left,pinch,0.462094,0.779338,-0.000000,0.495041,0.731081,-0.000417,0.516072,0.673643,-0.007146,0.532921,0.633485,-0.017657,0.548124,0.592682,-0.027043,0.465422,0.587262,0.007926,0.496140,0.555311,-0.008812,0.519221,0.561374,-0.021138,0.536084,0.572600,-0.027743,0.451418,0.587626,-0.000586,0.499282,0.571370,-0.018452,0.504388,0.626836,-0.023422,0.496238,0.654980,-0.022748,0.444088,0.599842,-0.011386,0.495146,0.594414,-0.028055,0.496013,0.648069,-0.023914,0.485129,0.671375,-0.016659,0.442046,0.620294,-0.022872,0.482997,0.614822,-0.030662,0.485239,0.650943,-0.024608,0.474306,0.668611,-0.017554
1780503382.182,left,pinch,0.461532,0.779263,-0.000000,0.494199,0.729674,-0.000190,0.514857,0.671981,-0.006848,0.531704,0.632435,-0.017167,0.546792,0.592261,-0.026324,0.462221,0.586826,0.006956,0.495054,0.554811,-0.009771,0.518699,0.561615,-0.021718,0.535574,0.572809,-0.028016,0.448466,0.587750,-0.001523,0.498506,0.570191,-0.019514,0.503961,0.626236,-0.024131,0.495666,0.654453,-0.023165,0.441827,0.600534,-0.012143,0.494261,0.594204,-0.028999,0.495279,0.648163,-0.024717,0.484164,0.671508,-0.017265,0.440605,0.621503,-0.023353,0.482263,0.615290,-0.031321,0.484487,0.651428,-0.025216,0.473171,0.669033,-0.018071
1780503382.308,left,pinch,0.462611,0.778601,-0.000000,0.494402,0.729599,-0.000501,0.515287,0.671728,-0.007351,0.532449,0.631787,-0.017952,0.548371,0.592892,-0.027438,0.464939,0.585429,0.007760,0.495837,0.553023,-0.009235,0.518874,0.560577,-0.021746,0.535454,0.571837,-0.028373,0.450861,0.586994,-0.000829,0.498345,0.569397,-0.018521,0.504045,0.625424,-0.023487,0.496562,0.653133,-0.022825,0.443347,0.600315,-0.011709,0.494095,0.593474,-0.028419,0.495196,0.647805,-0.024262,0.484596,0.671513,-0.016863,0.441200,0.621635,-0.023262,0.481670,0.613848,-0.030984,0.484135,0.650008,-0.024654,0.473536,0.668083,-0.017291
1780503382.510,left,pinch,0.460649,0.778855,-0.000000,0.493262,0.729640,0.000070,0.514966,0.670786,-0.006217,0.532499,0.631415,-0.016382,0.548109,0.591351,-0.025553,0.465349,0.585163,0.008434,0.495679,0.554992,-0.007997,0.518972,0.560751,-0.020357,0.536161,0.570977,-0.027129,0.451353,0.585260,-0.000367,0.499111,0.571776,-0.017906,0.503745,0.627133,-0.023065,0.495038,0.655388,-0.022691,0.443643,0.598136,-0.011389,0.494314,0.594417,-0.027985,0.495270,0.648072,-0.024105,0.484505,0.671323,-0.017081,0.441075,0.619356,-0.023051,0.481867,0.614201,-0.030889,0.484106,0.650374,-0.024889,0.473176,0.668232,-0.017869
1780503382.689,left,pinch,0.461181,0.778425,-0.000000,0.493525,0.729068,-0.001584,0.514436,0.672329,-0.008834,0.531369,0.632790,-0.019620,0.546549,0.591528,-0.029089,0.464449,0.585587,0.007530,0.496419,0.555907,-0.009856,0.519206,0.561905,-0.022389,0.536155,0.572623,-0.029109,0.450469,0.586231,-0.000601,0.498409,0.567297,-0.019460,0.503963,0.622387,-0.024676,0.496874,0.650610,-0.023794,0.442983,0.598491,-0.011179,0.494087,0.593260,-0.028771,0.494778,0.646427,-0.024745,0.484136,0.668874,-0.017194,0.440957,0.619238,-0.022530,0.481881,0.615218,-0.030903,0.483595,0.650990,-0.025104,0.472268,0.667538,-0.018080
1780503382.852,left,pinch,0.460683,0.778606,-0.000000,0.494024,0.729022,-0.000724,0.514845,0.671873,-0.007493,0.531273,0.632090,-0.017964,0.546767,0.592031,-0.027321,0.462443,0.585711,0.007782,0.493936,0.553729,-0.008755,0.517270,0.560206,-0.020861,0.534535,0.571605,-0.027278,0.448407,0.586520,-0.000378,0.498088,0.573143,-0.018021,0.502285,0.628517,-0.022771,0.493583,0.655431,-0.022007,0.441548,0.599748,-0.010825,0.493801,0.595384,-0.027334,0.493943,0.648619,-0.023147,0.483032,0.671550,-0.015857,0.440135,0.621149,-0.021976,0.481498,0.615590,-0.029709,0.483427,0.651337,-0.023658,0.472588,0.668675,-0.016533
1780503383.052,left,pinch,0.460290,0.778390,-0.000000,0.493406,0.730846,-0.000461,0.514560,0.672334,-0.006990,0.531558,0.631730,-0.017226,0.546991,0.591745,-0.026273,0.464143,0.584857,0.007612,0.494154,0.551740,-0.009032,0.517174,0.559992,-0.021398,0.533350,0.572750,-0.027954,0.449977,0.585481,-0.000773,0.497468,0.571738,-0.018075,0.502688,0.626473,-0.023142,0.494577,0.653943,-0.022826,0.442352,0.598658,-0.011422,0.493341,0.594770,-0.027646,0.494193,0.648222,-0.023737,0.483416,0.671545,-0.016846,0.440098,0.620179,-0.022767,0.481234,0.615174,-0.030433,0.483286,0.651243,-0.024542,0.472468,0.669081,-0.017633
1780503383.185,left,pinch,0.459097,0.780188,-0.000000,0.492211,0.729656,-0.000939,0.512767,0.671675,-0.007823,0.529589,0.631213,-0.018341,0.545419,0.589590,-0.027678,0.461128,0.585837,0.007838,0.493987,0.555973,-0.009403,0.517566,0.560685,-0.022052,0.534891,0.570079,-0.029025,0.447521,0.586854,-0.000637,0.496256,0.566451,-0.019709,0.502428,0.622387,-0.025304,0.494778,0.652162,-0.024743,0.440577,0.599187,-0.011432,0.492116,0.591966,-0.029318,0.493819,0.645940,-0.025423,0.483007,0.669388,-0.017956,0.438967,0.620112,-0.022901,0.480138,0.613510,-0.031520,0.482518,0.649799,-0.025687,0.471180,0.667146,-0.018677
1780503383.288,left,pinch,0.456718,0.773852,0.000000,0.490448,0.717964,0.000851,0.507951,0.660258,-0.005935,0.524383,0.624000,-0.016679,0.541280,0.588343,-0.026080,0.446522,0.584171,0.006887,0.485264,0.548143,-0.011446,0.511699,0.555215,-0.024932,0.530455,0.565184,-0.032343,0.435692,0.589305,-0.002631,0.490633,0.563119,-0.022692,0.497407,0.615468,-0.028721,0.488227,0.640603,-0.028632,0.433622,0.603786,-0.014139,0.489125,0.588605,-0.032179,0.492442,0.640927,-0.028073,0.481074,0.662073,-0.020638,0.437409,0.625127,-0.026154,0.480288,0.615689,-0.034652,0.482922,0.651959,-0.028435,0.471114,0.668676,-0.021218
1780503383.413,left,pinch,0.446087,0.771706,0.000000,0.480975,0.701894,-0.000373,0.494281,0.642405,-0.007391,0.508648,0.603897,-0.017154,0.527141,0.575565,-0.025586,0.430039,0.580429,-0.001717,0.477599,0.534029,-0.017491,0.507753,0.540250,-0.030375,0.528588,0.552622,-0.038303,0.428040,0.598340,-0.010191,0.484960,0.561558,-0.026071,0.489481,0.601607,-0.031822,0.478997,0.626759,-0.034101,0.436506,0.625407,-0.019786,0.489930,0.592318,-0.032037,0.489785,0.630047,-0.028608,0.478269,0.649221,-0.024510,0.450347,0.653244,-0.030080,0.489140,0.625957,-0.034837,0.491351,0.651806,-0.028962,0.484113,0.666626,-0.023700
1780503383.525,left,pinch,0.436350,0.766367,0.000000,0.452150,0.688726,-0.002177,0.462672,0.616249,-0.011174,0.472811,0.562173,-0.022179,0.478846,0.529338,-0.031736,0.414376,0.580739,-0.013274,0.466753,0.533519,-0.030661,0.498691,0.534336,-0.041754,0.521138,0.542357,-0.048076,0.420045,0.610708,-0.021528,0.481121,0.572858,-0.038281,0.483992,0.604389,-0.041720,0.472802,0.624481,-0.043333,0.432972,0.644886,-0.030426,0.490907,0.604663,-0.043870,0.489081,0.636121,-0.037713,0.476465,0.651140,-0.032315,0.449487,0.676292,-0.039984,0.496081,0.639039,-0.044954,0.494050,0.661438,-0.037358,0.481439,0.675816,-0.031244
1780503383.748,left,pinch,0.434653,0.760643,0.000000,0.436074,0.683712,-0.007051,0.448037,0.610384,-0.021711,0.467481,0.556412,-0.037014,0.483054,0.528609,-0.051221,0.413328,0.590426,-0.030670,0.463880,0.538553,-0.049793,0.493759,0.533673,-0.059271,0.514202,0.537239,-0.064515,0.422758,0.626876,-0.037841,0.481322,0.575308,-0.055704,0.482846,0.604502,-0.055440,0.470244,0.624105,-0.054893,0.438844,0.663052,-0.045212,0.492460,0.609867,-0.057967,0.487823,0.637966,-0.048099,0.473577,0.655344,-0.041034,0.458053,0.694371,-0.053624,0.498976,0.645707,-0.057162,0.494335,0.662426,-0.047593,0.481135,0.677691,-0.040860
1780503383.880,left,pinch,0.435775,0.753619,0.000000,0.423752,0.685846,-0.005820,0.430878,0.611444,-0.020105,0.448826,0.560579,-0.034092,0.463411,0.537966,-0.047817,0.418371,0.609313,-0.040932,0.462690,0.548042,-0.059772,0.489134,0.533188,-0.068742,0.508115,0.527192,-0.073738,0.434141,0.650821,-0.048072,0.483226,0.579618,-0.067117,0.479734,0.603411,-0.065524,0.465708,0.629092,-0.063567,0.454031,0.687464,-0.054130,0.496003,0.610430,-0.066216,0.489320,0.633290,-0.054086,0.476962,0.656814,-0.045269,0.475418,0.716134,-0.060801,0.505518,0.645931,-0.063583,0.497858,0.661735,-0.051809,0.485760,0.685594,-0.043472
1780503384.018,left,pinch,0.434396,0.758632,0.000000,0.419502,0.690315,-0.007900,0.431586,0.613178,-0.020796,0.459217,0.565263,-0.031589,0.480407,0.542962,-0.042258,0.424432,0.644647,-0.045377,0.463897,0.569691,-0.059430,0.485666,0.538295,-0.063308,0.503832,0.516878,-0.064887,0.447388,0.684632,-0.048988,0.486375,0.596812,-0.065972,0.479016,0.596562,-0.063056,0.466372,0.612725,-0.058966,0.469776,0.713564,-0.050674,0.500682,0.620930,-0.059987,0.489089,0.625930,-0.047909,0.476192,0.644264,-0.038153,0.491373,0.732377,-0.052940,0.509150,0.651479,-0.053532,0.498766,0.652734,-0.042155,0.489096,0.670996,-0.033757
1780503384.161,left,pinch,0.431399,0.765033,0.000000,0.416731,0.695766,-0.006687,0.427780,0.620220,-0.015717,0.452608,0.566406,-0.021234,0.472880,0.539603,-0.026533,0.428778,0.661283,-0.042966,0.466323,0.587093,-0.053047,0.487063,0.551048,-0.053306,0.504319,0.527619,-0.052156,0.454428,0.698670,-0.043903,0.487110,0.604714,-0.056541,0.482018,0.592445,-0.052247,0.474070,0.605015,-0.046475,0.477497,0.724161,-0.042237,0.500552,0.631698,-0.048878,0.492801,0.617921,-0.038665,0.483543,0.627316,-0.029724,0.497820,0.739702,-0.040604,0.510028,0.659228,-0.041386,0.502368,0.643658,-0.032537,0.495630,0.649883,-0.025246
1780503384.313,left,pinch,0.435179,0.766170,0.000000,0.419818,0.701880,-0.010198,0.428676,0.622998,-0.018861,0.450913,0.570639,-0.023997,0.473250,0.545780,-0.028623,0.436722,0.675697,-0.040290,0.472386,0.596217,-0.051655,0.489587,0.557304,-0.052069,0.504147,0.531971,-0.051079,0.461296,0.708680,-0.039671,0.492858,0.603925,-0.056781,0.480854,0.597132,-0.054063,0.469324,0.616385,-0.047388,0.483033,0.730453,-0.037109,0.504791,0.629940,-0.049938,0.489524,0.627482,-0.040635,0.478393,0.648586,-0.029816,0.500969,0.741688,-0.034601,0.513224,0.658382,-0.041281,0.500549,0.652617,-0.034224,0.492513,0.672530,-0.026675
1780503384.491,left,pinch,0.434217,0.766358,0.000000,0.420489,0.700487,-0.009609,0.429140,0.625357,-0.017832,0.448543,0.575723,-0.022640,0.467957,0.549790,-0.027149,0.437514,0.676388,-0.040403,0.473014,0.599362,-0.051140,0.489860,0.559317,-0.050184,0.503449,0.532690,-0.048017,0.461715,0.710036,-0.039530,0.493815,0.606414,-0.055296,0.482907,0.596047,-0.051026,0.471481,0.613099,-0.043566,0.483249,0.732504,-0.036850,0.504963,0.631289,-0.049007,0.490715,0.625692,-0.039322,0.479961,0.645372,-0.028365,0.501226,0.744125,-0.034118,0.513700,0.658794,-0.040327,0.501992,0.651112,-0.033309,0.493720,0.669488,-0.025894
1780503384.635,left,pinch,0.432426,0.765010,-0.000000,0.419573,0.698419,-0.009324,0.428892,0.622485,-0.016823,0.448116,0.573813,-0.020635,0.464707,0.544093,-0.024095,0.435039,0.675163,-0.041148,0.472426,0.600953,-0.051229,0.489349,0.561325,-0.049592,0.502484,0.534364,-0.047024,0.458869,0.709760,-0.039870,0.492700,0.609504,-0.054611,0.482517,0.599330,-0.049593,0.471407,0.615280,-0.041984,0.480638,0.732358,-0.036678,0.503919,0.633316,-0.047964,0.490170,0.626871,-0.038121,0.479201,0.644854,-0.027475,0.499190,0.744168,-0.033375,0.512957,0.659493,-0.039461,0.501936,0.649717,-0.032892,0.493640,0.665255,-0.026010
1780503384.905,left,pinch,0.436232,0.766518,-0.000000,0.421459,0.699066,-0.009040,0.431153,0.622635,-0.014893,0.451219,0.573465,-0.017012,0.466797,0.543929,-0.018581,0.440480,0.680922,-0.038022,0.474958,0.605985,-0.046555,0.490172,0.563767,-0.043714,0.501715,0.535188,-0.040388,0.464981,0.713275,-0.036187,0.494312,0.612422,-0.049688,0.482960,0.600388,-0.044590,0.471993,0.616428,-0.036939,0.486551,0.733246,-0.032516,0.505125,0.636354,-0.043554,0.490707,0.628157,-0.035058,0.480487,0.646004,-0.025178,0.503973,0.741730,-0.028606,0.514538,0.657408,-0.034431,0.502228,0.648489,-0.028522,0.493975,0.665843,-0.022049
1780503385.122,left,pinch,0.437637,0.763195,-0.000000,0.422915,0.694691,-0.009700,0.434308,0.615862,-0.015705,0.457593,0.568519,-0.017669,0.476722,0.547280,-0.019133,0.441866,0.685223,-0.039558,0.477088,0.609788,-0.047260,0.491627,0.567126,-0.043836,0.502532,0.537464,-0.040666,0.466584,0.718281,-0.037251,0.495015,0.617482,-0.049044,0.483115,0.606050,-0.042888,0.471697,0.622051,-0.035481,0.488436,0.737098,-0.033182,0.506030,0.638194,-0.042711,0.491432,0.629981,-0.033753,0.480705,0.647035,-0.024623,0.506317,0.743800,-0.029030,0.516278,0.660156,-0.034603,0.503754,0.651657,-0.029129,0.495111,0.668676,-0.023631
1780503385.275,left,pinch,0.439120,0.766225,-0.000000,0.423616,0.699859,-0.013346,0.436562,0.619846,-0.020445,0.460331,0.571142,-0.021828,0.479926,0.549024,-0.022797,0.444355,0.693986,-0.048334,0.478116,0.615445,-0.056462,0.492601,0.570487,-0.052822,0.503830,0.537605,-0.050061,0.470989,0.725259,-0.043792,0.495754,0.618010,-0.053308,0.482429,0.611911,-0.044499,0.471920,0.631776,-0.036979,0.493574,0.742109,-0.037603,0.508010,0.639449,-0.045965,0.492919,0.638168,-0.035848,0.483696,0.658597,-0.027590,0.510721,0.746241,-0.031540,0.519053,0.660995,-0.038274,0.505915,0.658977,-0.033564,0.497689,0.679375,-0.029489
1780503385.497,left,pinch,0.444122,0.778345,-0.000000,0.430684,0.705204,-0.023295,0.448118,0.622491,-0.035382,0.475924,0.572140,-0.038505,0.498840,0.551271,-0.040430,0.465450,0.718886,-0.066679,0.497907,0.635450,-0.077045,0.508350,0.587515,-0.073658,0.515507,0.548855,-0.071415,0.491476,0.746649,-0.055988,0.506648,0.633763,-0.065327,0.488418,0.626941,-0.054242,0.475922,0.645090,-0.047255,0.511253,0.757620,-0.043758,0.518779,0.651371,-0.051909,0.500048,0.650372,-0.040050,0.488257,0.671389,-0.032461,0.525408,0.757498,-0.032427,0.527257,0.670644,-0.041751,0.511714,0.667362,-0.038844,0.502608,0.686203,-0.036615
1780503385.722,left,pinch,0.443865,0.777366,-0.000000,0.435527,0.702919,-0.023795,0.450421,0.622022,-0.038171,0.476509,0.572287,-0.044349,0.501561,0.559541,-0.048601,0.464078,0.726318,-0.062183,0.496732,0.648610,-0.075198,0.509361,0.599654,-0.074350,0.519674,0.561779,-0.073783,0.490033,0.757937,-0.052987,0.509838,0.644329,-0.065059,0.493921,0.635730,-0.055667,0.482899,0.653897,-0.049525,0.510764,0.770723,-0.043014,0.522285,0.659597,-0.054698,0.505300,0.656565,-0.043742,0.496534,0.676086,-0.036065,0.525765,0.770785,-0.034075,0.531247,0.679725,-0.044547,0.516395,0.674181,-0.041417,0.507731,0.690376,-0.038775
1780503385.888,left,pinch,0.441022,0.782039,-0.000000,0.435739,0.710749,-0.020202,0.448495,0.634839,-0.034639,0.471805,0.586453,-0.042934,0.496039,0.569538,-0.049441,0.465079,0.730033,-0.054763,0.496884,0.649260,-0.068815,0.509564,0.599553,-0.068956,0.520220,0.562602,-0.068576,0.490723,0.762099,-0.048355,0.510373,0.645308,-0.061554,0.494326,0.632258,-0.053188,0.482322,0.647636,-0.047313,0.510537,0.776096,-0.041337,0.523632,0.661462,-0.054083,0.505537,0.655234,-0.043065,0.495202,0.672868,-0.034877,0.524793,0.776373,-0.035223,0.531395,0.683900,-0.046085,0.517125,0.677078,-0.042007,0.508321,0.692091,-0.038075
1780503386.077,left,pinch,0.445679,0.781321,-0.000000,0.439404,0.712047,-0.027662,0.453644,0.636328,-0.045293,0.478642,0.587475,-0.054701,0.504065,0.569990,-0.062048,0.466947,0.750647,-0.066512,0.499998,0.671377,-0.083858,0.513959,0.618747,-0.086611,0.525310,0.578262,-0.088352,0.493021,0.778523,-0.056742,0.511166,0.658954,-0.073091,0.494099,0.644167,-0.065463,0.482041,0.659036,-0.060592,0.513301,0.785656,-0.046771,0.526553,0.670253,-0.061681,0.507287,0.663632,-0.050491,0.496004,0.681967,-0.042597,0.528136,0.780012,-0.038343,0.534429,0.689475,-0.051977,0.519980,0.682496,-0.049652,0.510850,0.697968,-0.047135
1780503386.409,left,pinch,0.456727,0.785906,-0.000000,0.447844,0.721680,-0.032305,0.460084,0.645276,-0.053410,0.484611,0.591579,-0.065899,0.513175,0.565614,-0.075878,0.476085,0.755101,-0.068761,0.511473,0.674718,-0.088332,0.527989,0.620536,-0.093690,0.541154,0.577332,-0.097957,0.503094,0.781183,-0.058131,0.518058,0.663015,-0.077132,0.499424,0.652874,-0.072003,0.489199,0.670061,-0.069226,0.523332,0.785657,-0.047888,0.531481,0.673630,-0.064369,0.511406,0.672640,-0.053462,0.502431,0.693916,-0.046655,0.538619,0.778661,-0.039790,0.540269,0.690952,-0.055213,0.523322,0.691142,-0.052911,0.515152,0.710084,-0.050534
1780503386.610,left,pinch,0.461762,0.787221,-0.000000,0.454551,0.725104,-0.033265,0.467316,0.650933,-0.054376,0.492370,0.598921,-0.066283,0.519661,0.577656,-0.075624,0.484608,0.765020,-0.072286,0.520237,0.681797,-0.091243,0.535631,0.626094,-0.095204,0.547676,0.580914,-0.098175,0.511524,0.789978,-0.059887,0.524909,0.671377,-0.078205,0.506035,0.659445,-0.071942,0.494767,0.674857,-0.068419,0.531298,0.792950,-0.047581,0.537649,0.681733,-0.063234,0.517740,0.676920,-0.052109,0.507454,0.694327,-0.045222,0.546103,0.784612,-0.037415,0.545433,0.698453,-0.052380,0.528736,0.695688,-0.050385,0.520212,0.711418,-0.048184
1780503386.791,left,pinch,0.465815,0.782748,-0.000000,0.460000,0.722462,-0.034804,0.474473,0.653532,-0.057073,0.500128,0.606773,-0.069207,0.528497,0.584285,-0.078679,0.487423,0.775642,-0.078404,0.525448,0.697069,-0.097964,0.540343,0.641349,-0.101979,0.549114,0.597171,-0.104629,0.513957,0.801978,-0.064857,0.531938,0.684408,-0.082477,0.514864,0.669682,-0.075940,0.503258,0.682102,-0.072903,0.533685,0.805050,-0.051091,0.542505,0.693552,-0.065067,0.524717,0.688866,-0.053664,0.514952,0.705833,-0.047748,0.548145,0.795769,-0.039590,0.548697,0.709594,-0.054141,0.532547,0.705625,-0.052230,0.524064,0.721057,-0.050536
1780503386.916,left,pinch,0.468788,0.794348,-0.000000,0.463012,0.737851,-0.037006,0.476802,0.672052,-0.061120,0.500628,0.623755,-0.074489,0.526053,0.595263,-0.084944,0.492546,0.783788,-0.081821,0.534239,0.700084,-0.101935,0.548131,0.645510,-0.106374,0.554626,0.604937,-0.108706,0.517670,0.809356,-0.066382,0.538106,0.694788,-0.083068,0.520536,0.679682,-0.075998,0.507217,0.691296,-0.072264,0.537029,0.811377,-0.050725,0.548324,0.702552,-0.063161,0.529539,0.695714,-0.052113,0.517468,0.709719,-0.046576,0.550944,0.801406,-0.037597,0.550662,0.718303,-0.051697,0.534104,0.710843,-0.050311,0.525072,0.722297,-0.048483
1780503387.039,left,pinch,0.469110,0.798231,-0.000000,0.465437,0.739127,-0.035304,0.482139,0.672708,-0.057801,0.507569,0.626554,-0.070057,0.533368,0.597081,-0.079521,0.495533,0.787660,-0.077641,0.535344,0.708053,-0.097384,0.549454,0.654649,-0.101588,0.556160,0.613572,-0.103585,0.519295,0.814079,-0.063111,0.540234,0.700591,-0.080292,0.523422,0.682877,-0.073507,0.510418,0.692703,-0.069624,0.537090,0.817650,-0.048520,0.549618,0.709543,-0.062330,0.531534,0.701247,-0.052162,0.519646,0.715382,-0.046574,0.549818,0.809117,-0.036187,0.552397,0.726583,-0.051230,0.536592,0.718791,-0.050474,0.527138,0.731820,-0.048969
1780503387.218,left,pinch,0.468422,0.803992,-0.000000,0.465219,0.742034,-0.035322,0.482386,0.673800,-0.057267,0.507806,0.627685,-0.068964,0.533998,0.600294,-0.077824,0.495413,0.788930,-0.076665,0.536528,0.711092,-0.096039,0.550759,0.657814,-0.100321,0.557701,0.616488,-0.102411,0.519207,0.815995,-0.061838,0.541013,0.703030,-0.078370,0.523810,0.685811,-0.071663,0.510633,0.696325,-0.067994,0.536951,0.819866,-0.046976,0.550263,0.711838,-0.060151,0.531604,0.703056,-0.050013,0.519011,0.716667,-0.044547,0.549427,0.811725,-0.034442,0.551989,0.728272,-0.048875,0.535935,0.718780,-0.048248,0.526087,0.730380,-0.046969
1780503387.363,left,pinch,0.468485,0.796609,-0.000000,0.466412,0.736701,-0.033204,0.482596,0.670260,-0.054228,0.506705,0.624547,-0.065607,0.533216,0.599962,-0.074111,0.496629,0.788714,-0.073234,0.536662,0.710775,-0.091049,0.550371,0.658327,-0.094273,0.557684,0.616549,-0.096031,0.520223,0.816054,-0.060005,0.542059,0.703063,-0.076304,0.524770,0.688565,-0.070426,0.512552,0.700848,-0.067442,0.537875,0.820944,-0.046511,0.551649,0.713515,-0.058953,0.533502,0.707241,-0.048798,0.522730,0.722494,-0.043581,0.550607,0.813551,-0.035271,0.553936,0.731687,-0.049012,0.538193,0.723888,-0.047899,0.529447,0.735821,-0.046464
1780503387.454,left,pinch,0.466581,0.796648,-0.000000,0.465068,0.736389,-0.034832,0.481852,0.670954,-0.057802,0.506430,0.628959,-0.070800,0.532863,0.603085,-0.081008,0.496533,0.789951,-0.076351,0.536588,0.711134,-0.097240,0.550574,0.658228,-0.103603,0.558041,0.617684,-0.107064,0.519358,0.816420,-0.061964,0.538825,0.703647,-0.079461,0.520336,0.690059,-0.073056,0.507110,0.704443,-0.069335,0.536126,0.819539,-0.047635,0.547173,0.712412,-0.061606,0.528304,0.706813,-0.051342,0.517119,0.723652,-0.045526,0.548269,0.811106,-0.035598,0.549458,0.728889,-0.049909,0.533100,0.721272,-0.048377,0.523796,0.734129,-0.046268
1780503387.556,left,pinch,0.466459,0.800327,-0.000000,0.462521,0.742370,-0.034567,0.477118,0.676100,-0.057810,0.499437,0.629794,-0.071199,0.523024,0.597911,-0.082090,0.492408,0.786981,-0.076780,0.531531,0.708831,-0.098121,0.546762,0.656368,-0.105086,0.555653,0.616027,-0.108987,0.516769,0.812952,-0.062634,0.535617,0.702808,-0.079710,0.517438,0.689022,-0.073007,0.504610,0.703117,-0.069190,0.534662,0.816073,-0.048584,0.545513,0.712288,-0.061951,0.527144,0.705801,-0.051703,0.516187,0.721676,-0.046107,0.547729,0.807818,-0.036820,0.548876,0.727547,-0.050366,0.532857,0.720207,-0.048562,0.523573,0.733261,-0.046476
1780503387.690,left,pinch,0.467670,0.787201,-0.000000,0.464397,0.731502,-0.034599,0.479329,0.667530,-0.056667,0.502681,0.624168,-0.068205,0.527357,0.599345,-0.076891,0.492443,0.787451,-0.079663,0.532249,0.706430,-0.098733,0.546057,0.653383,-0.102155,0.553291,0.611666,-0.103662,0.516845,0.813289,-0.064593,0.534246,0.698232,-0.080828,0.515977,0.686167,-0.072622,0.503525,0.700728,-0.067988,0.534642,0.815605,-0.049239,0.543260,0.706946,-0.061972,0.524770,0.703412,-0.051241,0.513860,0.721663,-0.045541,0.547058,0.805657,-0.036053,0.546286,0.723529,-0.050066,0.529561,0.717310,-0.049113,0.520228,0.731281,-0.047745
1780503387.801,left,pinch,0.466607,0.797235,-0.000000,0.461729,0.740008,-0.040173,0.476894,0.673567,-0.066596,0.501628,0.626287,-0.081486,0.527911,0.600045,-0.093615,0.488143,0.784772,-0.088069,0.530231,0.707118,-0.111050,0.544950,0.655113,-0.118013,0.553476,0.615054,-0.121687,0.512356,0.811929,-0.070553,0.533984,0.700401,-0.088551,0.516290,0.685468,-0.080979,0.502575,0.697605,-0.077055,0.531104,0.815176,-0.053055,0.544487,0.711319,-0.066942,0.525661,0.702948,-0.055986,0.512913,0.715966,-0.050410,0.545062,0.807506,-0.038167,0.546444,0.726142,-0.052882,0.529640,0.717322,-0.051554,0.519338,0.728836,-0.049972
1780503387.963,left,pinch,0.463958,0.798302,-0.000000,0.460499,0.737056,-0.036622,0.476087,0.668043,-0.060028,0.501345,0.624714,-0.072642,0.529482,0.600818,-0.082155,0.490683,0.784011,-0.080908,0.530215,0.706085,-0.101774,0.544352,0.653981,-0.106565,0.550812,0.613103,-0.108650,0.514895,0.811243,-0.064955,0.531368,0.697437,-0.081877,0.513011,0.684419,-0.073336,0.499680,0.698381,-0.068156,0.532750,0.814320,-0.049103,0.540187,0.705115,-0.063438,0.521130,0.699125,-0.052440,0.509136,0.714718,-0.045969,0.545131,0.805197,-0.035518,0.542492,0.720431,-0.051039,0.525716,0.713672,-0.050127,0.516003,0.726820,-0.048259
1780503388.120,left,pinch,0.463774,0.792621,-0.000000,0.458988,0.734918,-0.039574,0.473883,0.668826,-0.064004,0.499080,0.623813,-0.076867,0.526076,0.599449,-0.086578,0.489430,0.788454,-0.085271,0.529657,0.704629,-0.106090,0.543012,0.650484,-0.110241,0.549770,0.608703,-0.112154,0.514886,0.812752,-0.067804,0.530594,0.695452,-0.085532,0.510928,0.685466,-0.076978,0.497901,0.702228,-0.071971,0.533275,0.813158,-0.050463,0.540242,0.703995,-0.065312,0.520507,0.700700,-0.054440,0.509368,0.718938,-0.048303,0.546315,0.802461,-0.035586,0.543095,0.720945,-0.051257,0.525583,0.716182,-0.050675,0.516403,0.731163,-0.049359
1780503388.283,left,pinch,0.466402,0.795052,-0.000000,0.459832,0.739119,-0.038227,0.472965,0.670538,-0.063466,0.497364,0.623444,-0.077907,0.525244,0.596267,-0.089445,0.485873,0.787356,-0.082657,0.525879,0.706054,-0.105443,0.541120,0.651503,-0.112627,0.549974,0.610166,-0.116618,0.512029,0.810566,-0.066574,0.529268,0.693231,-0.084564,0.510473,0.678365,-0.077042,0.496914,0.692643,-0.073077,0.531686,0.809738,-0.050800,0.540609,0.701451,-0.065424,0.521147,0.693804,-0.054536,0.509011,0.708934,-0.048729,0.546280,0.798490,-0.037527,0.544879,0.715170,-0.052456,0.527451,0.708073,-0.050964,0.517048,0.721838,-0.049233
1780503388.400,left,pinch,0.462879,0.787971,-0.000000,0.458047,0.735249,-0.035534,0.471926,0.670672,-0.058648,0.494621,0.622463,-0.071791,0.520005,0.593427,-0.082073,0.487635,0.782185,-0.075526,0.526140,0.702623,-0.094866,0.540477,0.650570,-0.099709,0.548758,0.611060,-0.102427,0.511975,0.806590,-0.060871,0.529259,0.692330,-0.077194,0.510599,0.677788,-0.070123,0.498031,0.690688,-0.066224,0.530196,0.808052,-0.046398,0.540036,0.701898,-0.059198,0.521015,0.692644,-0.048433,0.509513,0.705245,-0.042645,0.543867,0.797913,-0.034373,0.544093,0.717292,-0.047968,0.527423,0.707816,-0.046208,0.517378,0.718163,-0.044190
1780503388.520,left,pinch,0.466055,0.789740,-0.000000,0.458357,0.735347,-0.038744,0.471050,0.667673,-0.064567,0.495233,0.620441,-0.079391,0.523159,0.592499,-0.091384,0.483786,0.783121,-0.083691,0.521258,0.702743,-0.105253,0.537080,0.648286,-0.110991,0.546695,0.606846,-0.114519,0.509355,0.805593,-0.068242,0.529205,0.689552,-0.085866,0.511207,0.672447,-0.078089,0.498281,0.684641,-0.074074,0.528578,0.804380,-0.052908,0.539961,0.696837,-0.067022,0.520521,0.687272,-0.054946,0.508752,0.700906,-0.048617,0.542647,0.792416,-0.040192,0.543196,0.708530,-0.055324,0.525916,0.700346,-0.053135,0.515790,0.713118,-0.050954
1780503388.695,left,pinch,0.463072,0.788171,-0.000000,0.457101,0.732463,-0.036337,0.470180,0.666100,-0.060685,0.493634,0.620092,-0.074882,0.520570,0.591560,-0.086368,0.484963,0.782723,-0.077513,0.521018,0.703190,-0.098374,0.536125,0.648999,-0.104490,0.545512,0.607256,-0.108336,0.509528,0.805543,-0.063270,0.527824,0.688792,-0.081064,0.508910,0.673112,-0.074252,0.495978,0.686405,-0.070513,0.527697,0.805017,-0.049249,0.537625,0.695805,-0.063880,0.517933,0.687943,-0.052684,0.506625,0.703365,-0.046419,0.541120,0.793371,-0.037651,0.541727,0.708964,-0.052860,0.524225,0.702332,-0.050896,0.514079,0.716518,-0.048586
1780503388.838,left,pinch,0.459721,0.778569,-0.000000,0.453636,0.728039,-0.035249,0.466558,0.663449,-0.059232,0.488216,0.615838,-0.073205,0.512915,0.586104,-0.084661,0.476582,0.775316,-0.078700,0.513205,0.695391,-0.099323,0.528876,0.641509,-0.105610,0.539088,0.600214,-0.109709,0.501961,0.799580,-0.065183,0.524325,0.685332,-0.081927,0.508417,0.668783,-0.075364,0.495982,0.679572,-0.072452,0.521206,0.801784,-0.051606,0.535954,0.697443,-0.063761,0.518477,0.688362,-0.052524,0.507390,0.701519,-0.047237,0.535515,0.791931,-0.040591,0.538809,0.712960,-0.053533,0.523734,0.702970,-0.051481,0.514503,0.713125,-0.049958
1780503388.979,left,pinch,0.435980,0.791055,-0.000000,0.424655,0.733805,-0.039475,0.436620,0.665517,-0.067756,0.460890,0.622781,-0.084628,0.488637,0.603184,-0.099467,0.447385,0.773405,-0.092028,0.485500,0.692535,-0.116147,0.503198,0.638877,-0.124391,0.518023,0.598897,-0.130472,0.475773,0.802002,-0.077067,0.502430,0.694169,-0.095226,0.484789,0.681035,-0.086670,0.470278,0.695640,-0.082534,0.496202,0.807013,-0.061862,0.512690,0.706530,-0.074985,0.493928,0.698904,-0.060646,0.482682,0.716947,-0.053579,0.512106,0.800524,-0.049407,0.516493,0.722483,-0.063559,0.500567,0.714724,-0.060074,0.492165,0.731255,-0.057561
1780503389.355,left,pinch,0.362893,0.685218,-0.000000,0.341894,0.646331,-0.012039,0.325828,0.612716,-0.028010,0.332353,0.584765,-0.041597,0.350211,0.567815,-0.054356,0.300871,0.686173,-0.054423,0.325389,0.625478,-0.074701,0.350350,0.583865,-0.081470,0.370059,0.556268,-0.083552,0.320943,0.722823,-0.056026,0.337940,0.632682,-0.076831,0.357709,0.595708,-0.074098,0.372899,0.580034,-0.070572,0.350919,0.743664,-0.056049,0.366080,0.666437,-0.074404,0.373641,0.650859,-0.060991,0.378538,0.648779,-0.047721,0.383983,0.753406,-0.056686,0.392701,0.682102,-0.064406,0.393954,0.665779,-0.051694,0.396999,0.661974,-0.040614
1780503389.839,left,pinch,0.310200,0.742545,0.000000,0.304949,0.668210,-0.012403,0.300295,0.597969,-0.027320,0.312859,0.548938,-0.042109,0.327498,0.509455,-0.054801,0.234973,0.616478,-0.031233,0.273717,0.542103,-0.053317,0.301943,0.517226,-0.066849,0.321046,0.500968,-0.075117,0.246546,0.654459,-0.037174,0.300130,0.561798,-0.064472,0.308698,0.587720,-0.069768,0.297616,0.618503,-0.070253,0.267908,0.682569,-0.044124,0.316498,0.592167,-0.064191,0.322453,0.618366,-0.056156,0.310205,0.644240,-0.047663,0.292022,0.701784,-0.052716,0.330903,0.625238,-0.061263,0.333469,0.644366,-0.053203,0.320640,0.669333,-0.046508
1780503389.968,left,pinch,0.304145,0.725015,-0.000000,0.322404,0.648944,-0.006745,0.324495,0.581577,-0.016196,0.327739,0.530791,-0.027252,0.328804,0.489214,-0.035736,0.243703,0.564710,-0.004261,0.267160,0.495559,-0.022576,0.297302,0.478187,-0.033732,0.317667,0.472619,-0.038639,0.238370,0.584865,-0.009675,0.287952,0.523931,-0.025944,0.305081,0.565821,-0.029704,0.297849,0.594309,-0.029883,0.245678,0.609114,-0.017426,0.294887,0.550193,-0.033218,0.307066,0.591254,-0.030683,0.299374,0.617460,-0.025905,0.259657,0.633673,-0.026185,0.297286,0.580248,-0.034060,0.307218,0.601905,-0.029764,0.303154,0.622158,-0.024081
1780503390.159,left,pinch,0.316487,0.735773,-0.000000,0.341007,0.666228,-0.002873,0.352249,0.595551,-0.009794,0.360640,0.549332,-0.020390,0.360409,0.506530,-0.029252,0.287492,0.550232,0.003690,0.300565,0.493033,-0.015773,0.325093,0.483081,-0.029232,0.346665,0.486372,-0.035207,0.272237,0.558680,-0.003422,0.318969,0.530513,-0.020992,0.330973,0.580834,-0.027634,0.324579,0.609548,-0.028886,0.266361,0.577124,-0.012928,0.316146,0.550429,-0.028681,0.324265,0.598022,-0.027124,0.315228,0.619394,-0.022538,0.265985,0.599395,-0.023455,0.306922,0.572354,-0.029996,0.313713,0.604732,-0.024980,0.306036,0.624086,-0.018646
1780503390.365,left,pinch,0.317541,0.737019,-0.000000,0.342012,0.668077,-0.001160,0.353315,0.597318,-0.007288,0.361686,0.550367,-0.017210,0.361316,0.505298,-0.025816,0.286180,0.553925,0.005242,0.304153,0.495192,-0.011993,0.328632,0.484354,-0.024004,0.348152,0.486411,-0.029709,0.272332,0.563808,-0.002474,0.318125,0.527956,-0.020752,0.329675,0.579586,-0.026641,0.321937,0.607725,-0.026712,0.267467,0.581815,-0.012239,0.315019,0.551372,-0.029473,0.324095,0.601084,-0.025949,0.315364,0.624467,-0.019163,0.267613,0.604762,-0.022575,0.306307,0.576860,-0.030624,0.314756,0.609710,-0.024201,0.307031,0.629999,-0.016553
1780503390.496,left,pinch,0.315722,0.737442,-0.000000,0.341595,0.669343,-0.002729,0.353701,0.597906,-0.009399,0.362688,0.550080,-0.019547,0.361760,0.504312,-0.028318,0.288463,0.552517,0.004338,0.305403,0.494475,-0.013207,0.329198,0.483772,-0.025292,0.348189,0.486358,-0.030829,0.273937,0.562408,-0.002653,0.317204,0.527780,-0.020884,0.328068,0.580113,-0.026810,0.320004,0.608076,-0.026878,0.268287,0.581351,-0.011882,0.314209,0.550954,-0.029102,0.322801,0.600762,-0.025545,0.313878,0.623397,-0.018761,0.267628,0.605130,-0.021824,0.304901,0.576051,-0.029914,0.313591,0.608192,-0.023375,0.306468,0.627563,-0.015601
1780503390.637,left,pinch,0.317417,0.737635,-0.000000,0.343075,0.673359,-0.003185,0.356771,0.604323,-0.010234,0.365980,0.555325,-0.020657,0.363794,0.508145,-0.029664,0.293182,0.556244,0.003850,0.308476,0.497534,-0.013432,0.331799,0.486105,-0.024877,0.350767,0.487392,-0.030073,0.279004,0.565052,-0.002839,0.320340,0.528988,-0.021223,0.331193,0.581601,-0.026594,0.322686,0.607576,-0.026124,0.272695,0.581557,-0.011777,0.316626,0.550586,-0.029535,0.325166,0.601350,-0.025447,0.315290,0.622820,-0.018164,0.270383,0.602987,-0.021389,0.306695,0.575639,-0.029978,0.314881,0.610096,-0.023227,0.306526,0.629680,-0.015240
1780503390.755,left,pinch,0.319929,0.736450,-0.000000,0.344498,0.672018,-0.002123,0.357521,0.602990,-0.008496,0.367299,0.554722,-0.018337,0.366587,0.507701,-0.026943,0.294586,0.554672,0.004683,0.309110,0.500354,-0.011476,0.330478,0.486823,-0.022007,0.347976,0.486091,-0.026921,0.279856,0.564016,-0.002565,0.319340,0.524509,-0.020973,0.332383,0.576922,-0.025646,0.326694,0.605825,-0.024418,0.272946,0.580943,-0.011972,0.316668,0.548777,-0.029773,0.326268,0.599699,-0.025286,0.318040,0.623573,-0.017540,0.270586,0.603844,-0.021961,0.306770,0.575060,-0.030601,0.315213,0.608617,-0.023977,0.307690,0.628411,-0.016146
1780503390.943,left,pinch,0.322582,0.733896,-0.000000,0.347332,0.671721,-0.001813,0.360372,0.604708,-0.008061,0.369963,0.556918,-0.018196,0.369340,0.509679,-0.027118,0.300702,0.553261,0.007290,0.313680,0.498438,-0.009457,0.334950,0.486274,-0.020722,0.353156,0.487161,-0.025877,0.286026,0.561569,-0.000115,0.324840,0.528628,-0.018630,0.335781,0.581986,-0.024030,0.328321,0.608444,-0.023275,0.278482,0.577725,-0.009920,0.321304,0.549992,-0.028147,0.329457,0.602339,-0.024251,0.319761,0.624549,-0.016802,0.274572,0.599449,-0.020311,0.311028,0.574784,-0.029182,0.318613,0.610513,-0.022727,0.310013,0.630137,-0.014849
1780503391.244,left,pinch,0.324137,0.737229,-0.000000,0.349319,0.672426,-0.001154,0.362597,0.604960,-0.007183,0.372592,0.557411,-0.016970,0.372329,0.511526,-0.025457,0.299000,0.558756,0.006944,0.314914,0.502796,-0.009202,0.337596,0.489849,-0.020563,0.356478,0.489284,-0.026155,0.285422,0.566890,-0.000829,0.325512,0.526639,-0.019213,0.337386,0.577071,-0.024939,0.330739,0.604199,-0.024493,0.279783,0.581805,-0.010725,0.323764,0.549055,-0.027954,0.332800,0.599347,-0.023950,0.323671,0.622515,-0.016705,0.278631,0.602395,-0.021215,0.315503,0.575786,-0.029404,0.322886,0.610031,-0.022950,0.314189,0.630070,-0.015327
1780503391.476,left,pinch,0.324784,0.736855,-0.000000,0.349717,0.676505,-0.002388,0.363336,0.607015,-0.008498,0.373586,0.559421,-0.018090,0.373555,0.512625,-0.026466,0.302566,0.554655,0.006319,0.317206,0.501842,-0.009748,0.338404,0.489895,-0.020915,0.356289,0.488919,-0.026238,0.287955,0.562407,-0.000583,0.326765,0.527176,-0.018616,0.338253,0.578675,-0.024189,0.332680,0.607139,-0.023559,0.280636,0.578254,-0.009767,0.324241,0.549932,-0.027190,0.333129,0.601214,-0.023712,0.325581,0.625290,-0.016524,0.277886,0.599674,-0.019595,0.314756,0.574810,-0.027711,0.322929,0.609076,-0.021648,0.315987,0.629275,-0.014162
1780503391.618,left,pinch,0.325843,0.736134,-0.000000,0.351349,0.675941,-0.002989,0.365348,0.608938,-0.009505,0.374981,0.561565,-0.019339,0.374360,0.514820,-0.027919,0.304997,0.555197,0.004708,0.318423,0.501616,-0.011512,0.339641,0.489191,-0.022704,0.357765,0.489370,-0.028034,0.290524,0.563384,-0.001796,0.328377,0.528312,-0.019721,0.340658,0.577286,-0.025189,0.335806,0.604918,-0.024695,0.283466,0.579923,-0.010538,0.325674,0.551863,-0.027511,0.334900,0.600848,-0.023779,0.327625,0.624604,-0.016774,0.280800,0.602588,-0.020012,0.316496,0.578467,-0.028246,0.324182,0.611805,-0.022286,0.316802,0.631946,-0.015001
1780503391.746,left,pinch,0.327269,0.733980,-0.000000,0.351905,0.676046,-0.002852,0.365593,0.608078,-0.009284,0.375384,0.560469,-0.019031,0.375197,0.514339,-0.027432,0.304524,0.555140,0.004480,0.319577,0.500642,-0.012058,0.341677,0.489443,-0.023277,0.359713,0.490026,-0.028541,0.289946,0.563143,-0.002173,0.329586,0.527811,-0.020598,0.341102,0.577794,-0.026196,0.335141,0.605149,-0.025723,0.282894,0.579063,-0.011018,0.326336,0.550608,-0.028503,0.335076,0.600583,-0.024739,0.327299,0.623971,-0.017569,0.280449,0.600845,-0.020535,0.317421,0.575658,-0.028871,0.325034,0.609640,-0.022662,0.317501,0.630085,-0.015135
1780503391.928,left,pinch,0.326263,0.736473,-0.000000,0.351824,0.676813,-0.002495,0.365601,0.608600,-0.008697,0.375794,0.560496,-0.018320,0.375020,0.514402,-0.026651,0.303658,0.556577,0.005759,0.318682,0.501851,-0.010734,0.340782,0.489772,-0.022491,0.359420,0.490161,-0.028096,0.289705,0.563668,-0.001029,0.329781,0.528440,-0.019034,0.340536,0.578407,-0.024891,0.334271,0.606173,-0.024589,0.283437,0.578851,-0.010062,0.327632,0.551810,-0.026903,0.335561,0.601569,-0.023473,0.327445,0.625033,-0.016584,0.281766,0.599983,-0.019805,0.319135,0.576418,-0.027454,0.326387,0.610215,-0.021253,0.318911,0.630562,-0.013751
1780503392.061,left,pinch,0.327485,0.737461,-0.000000,0.352716,0.676746,-0.001214,0.366803,0.609379,-0.007407,0.377339,0.562000,-0.017364,0.377104,0.515218,-0.026131,0.304880,0.556240,0.006451,0.319827,0.502490,-0.009419,0.341645,0.489481,-0.020398,0.360113,0.489145,-0.025658,0.290711,0.563928,-0.001135,0.331763,0.529411,-0.018677,0.343077,0.579871,-0.023975,0.336500,0.607084,-0.023485,0.284422,0.579762,-0.010817,0.328707,0.551198,-0.027544,0.337342,0.600924,-0.023582,0.329234,0.624398,-0.016482,0.282766,0.601520,-0.021095,0.319797,0.576555,-0.028999,0.327208,0.610155,-0.022660,0.319352,0.630677,-0.015128
1780503392.194,left,pinch,0.328900,0.738417,-0.000000,0.354294,0.677214,-0.001476,0.368007,0.608706,-0.007476,0.378281,0.561392,-0.017052,0.378797,0.515944,-0.025418,0.306438,0.555989,0.005679,0.322268,0.502031,-0.009777,0.344315,0.490020,-0.020342,0.362628,0.489948,-0.025448,0.292045,0.564323,-0.001644,0.333750,0.530605,-0.018877,0.344720,0.582000,-0.023894,0.337745,0.608369,-0.023376,0.285879,0.581062,-0.010976,0.330384,0.552288,-0.027418,0.338698,0.602522,-0.023302,0.330180,0.625191,-0.016326,0.284377,0.603813,-0.020900,0.321331,0.578594,-0.028827,0.328616,0.612812,-0.022470,0.320608,0.632823,-0.015020
1780503392.424,left,pinch,0.334701,0.733953,-0.000000,0.359282,0.673003,0.000241,0.372862,0.605854,-0.004800,0.382374,0.560893,-0.014119,0.382707,0.517097,-0.022572,0.313062,0.554308,0.008784,0.326958,0.500270,-0.006733,0.349187,0.488656,-0.018322,0.368554,0.489129,-0.023985,0.299064,0.562692,0.000630,0.338837,0.531740,-0.016753,0.348170,0.581351,-0.023334,0.340610,0.608837,-0.023775,0.292225,0.578720,-0.009465,0.334709,0.550972,-0.026047,0.342041,0.600843,-0.022846,0.333488,0.624988,-0.016135,0.288906,0.599789,-0.019998,0.324693,0.573172,-0.027471,0.332411,0.607279,-0.020642,0.325591,0.628631,-0.012623
1780503392.561,left,pinch,0.343454,0.729228,-0.000000,0.371204,0.671027,-0.005644,0.388526,0.606720,-0.013121,0.399834,0.559879,-0.023740,0.397952,0.514181,-0.032742,0.334601,0.550789,0.003705,0.350154,0.498243,-0.012779,0.370966,0.489505,-0.023036,0.388380,0.489595,-0.027751,0.320846,0.556044,-0.001898,0.359177,0.528565,-0.020179,0.365485,0.579298,-0.025052,0.356234,0.599825,-0.024058,0.312326,0.568917,-0.010140,0.353589,0.546846,-0.028825,0.358021,0.597137,-0.025378,0.347480,0.616082,-0.018125,0.306282,0.586857,-0.019268,0.342022,0.566463,-0.029100,0.347122,0.600976,-0.023535,0.337940,0.619291,-0.016035
1780503392.942,left,pinch,0.357110,0.692652,-0.000000,0.383254,0.639204,-0.002361,0.400248,0.585178,-0.007080,0.412666,0.542601,-0.016318,0.414142,0.501770,-0.024207,0.361473,0.534823,0.012827,0.372442,0.485803,-0.003296,0.388940,0.479782,-0.013098,0.402346,0.477212,-0.017119,0.348207,0.536629,0.006201,0.375979,0.516390,-0.012110,0.378556,0.564781,-0.017452,0.368710,0.576813,-0.016466,0.337133,0.543153,-0.003512,0.368521,0.525942,-0.023078,0.368897,0.575272,-0.020136,0.357121,0.587903,-0.012574,0.325611,0.553796,-0.013767,0.355069,0.537138,-0.023352,0.358087,0.570092,-0.017351,0.348860,0.583323,-0.009359
1780503393.131,left,pinch,0.359846,0.676822,0.000000,0.386111,0.629430,-0.001323,0.402381,0.576907,-0.004162,0.414971,0.537714,-0.011223,0.416968,0.497950,-0.016759,0.364540,0.531677,0.015557,0.374444,0.487930,0.002021,0.391193,0.477283,-0.006192,0.405179,0.470278,-0.009687,0.353681,0.533707,0.008913,0.380261,0.508418,-0.010251,0.384395,0.555721,-0.015627,0.375578,0.570856,-0.013935,0.343418,0.537216,-0.000695,0.374437,0.515625,-0.021480,0.375753,0.565323,-0.018703,0.363937,0.580529,-0.010480,0.332239,0.543918,-0.010606,0.362328,0.524747,-0.021595,0.365079,0.557664,-0.016637,0.354145,0.571959,-0.009220
1780503393.272,left,pinch,0.359050,0.660355,0.000000,0.384523,0.621146,-0.002390,0.401871,0.572336,-0.005426,0.413380,0.531469,-0.012240,0.413614,0.491375,-0.017480,0.366464,0.526497,0.014335,0.375110,0.482311,0.000513,0.390057,0.473503,-0.007837,0.403714,0.467969,-0.011239,0.355997,0.527837,0.008641,0.380434,0.505543,-0.010633,0.382012,0.551016,-0.016053,0.373193,0.563683,-0.014362,0.345687,0.529996,-0.000049,0.373035,0.510747,-0.020602,0.372923,0.556709,-0.017785,0.362091,0.569412,-0.009642,0.333708,0.534753,-0.009148,0.361875,0.518721,-0.020103,0.363014,0.549330,-0.015451,0.352219,0.561319,-0.008240
1780503393.441,left,pinch,0.358287,0.657447,0.000000,0.382603,0.620519,-0.002642,0.401037,0.570546,-0.005256,0.413133,0.529743,-0.011211,0.413906,0.489491,-0.015785,0.362846,0.524047,0.013677,0.372583,0.484848,0.000056,0.387509,0.475419,-0.008376,0.401713,0.469751,-0.011890,0.352184,0.525122,0.008095,0.379191,0.502382,-0.011653,0.380743,0.550188,-0.017523,0.372056,0.566058,-0.015686,0.342666,0.527888,-0.000314,0.371144,0.510399,-0.021620,0.370458,0.558771,-0.019037,0.359156,0.572318,-0.010559,0.331466,0.534506,-0.009022,0.360509,0.516047,-0.020513,0.361589,0.548149,-0.015670,0.350617,0.561697,-0.008136
1780503393.581,left,pinch,0.358249,0.654667,0.000000,0.382558,0.618461,-0.003216,0.400610,0.568972,-0.006054,0.412950,0.529256,-0.012209,0.412853,0.490204,-0.016977,0.363307,0.523645,0.013969,0.372211,0.483335,0.000502,0.387288,0.474905,-0.008020,0.401412,0.469602,-0.011602,0.352840,0.525120,0.008836,0.377921,0.502663,-0.010470,0.379322,0.548443,-0.016901,0.370217,0.562766,-0.015623,0.342999,0.527951,0.000784,0.369840,0.509625,-0.020082,0.369430,0.556665,-0.018342,0.357978,0.569296,-0.010636,0.331311,0.534500,-0.007605,0.359400,0.516065,-0.018926,0.360329,0.548239,-0.014663,0.349114,0.561804,-0.007640
1780503393.724,left,pinch,0.360707,0.656909,0.000000,0.385135,0.621630,-0.003588,0.403016,0.572169,-0.007285,0.415070,0.531835,-0.013990,0.416527,0.491659,-0.019307,0.364106,0.525798,0.012139,0.373601,0.487323,-0.001004,0.389860,0.475779,-0.009157,0.404509,0.469518,-0.012795,0.353874,0.526792,0.006977,0.380128,0.502234,-0.012732,0.383497,0.549432,-0.018617,0.374201,0.567512,-0.016789,0.344415,0.529602,-0.000960,0.372628,0.510776,-0.021949,0.373800,0.557799,-0.020017,0.361905,0.572512,-0.012185,0.333253,0.536360,-0.009242,0.362512,0.519794,-0.020826,0.364837,0.551049,-0.016828,0.353249,0.565131,-0.010053
1780503393.898,left,pinch,0.375586,0.673721,-0.000000,0.399105,0.642469,-0.002855,0.418205,0.590640,-0.006505,0.430420,0.549205,-0.013007,0.431507,0.509642,-0.018489,0.377685,0.536142,0.008840,0.389621,0.497481,-0.003118,0.407166,0.487306,-0.010975,0.423467,0.483021,-0.014808,0.366794,0.535936,0.003791,0.396655,0.519744,-0.012469,0.398191,0.564872,-0.016955,0.388755,0.579237,-0.015590,0.357587,0.539572,-0.003510,0.390208,0.527666,-0.020958,0.389967,0.572543,-0.018280,0.378800,0.586843,-0.011425,0.347655,0.547621,-0.011269,0.379506,0.537488,-0.020983,0.381282,0.568425,-0.016670,0.371257,0.582553,-0.010183
1780503394.114,left,pinch,0.385887,0.690397,0.000000,0.410387,0.657310,-0.003325,0.429676,0.608038,-0.008325,0.444052,0.569066,-0.016397,0.445894,0.528118,-0.023411,0.389633,0.544802,0.008231,0.402951,0.506442,-0.004987,0.421655,0.498553,-0.013751,0.438815,0.498298,-0.017956,0.378517,0.544622,0.002797,0.410787,0.530263,-0.013438,0.411996,0.576280,-0.017743,0.402517,0.591413,-0.016365,0.369415,0.550020,-0.005099,0.404494,0.540065,-0.021894,0.403506,0.585144,-0.018687,0.392317,0.599424,-0.011786,0.360091,0.560485,-0.013715,0.393703,0.553164,-0.022658,0.394576,0.584836,-0.017829,0.384138,0.599090,-0.011147
1780503394.330,left,pinch,0.414575,0.709017,-0.000000,0.444711,0.674502,0.001021,0.462104,0.624985,-0.002085,0.474092,0.594782,-0.008635,0.482217,0.566234,-0.014133,0.412843,0.548044,0.008407,0.438987,0.514988,-0.003897,0.460888,0.510111,-0.013248,0.478459,0.511165,-0.018861,0.403662,0.545646,0.000853,0.449953,0.534145,-0.015141,0.453581,0.576809,-0.020494,0.444523,0.596913,-0.020768,0.399367,0.552396,-0.008330,0.447662,0.548327,-0.022769,0.446622,0.591685,-0.020696,0.433757,0.608699,-0.015846,0.398335,0.565770,-0.018023,0.439109,0.567650,-0.024749,0.438577,0.598541,-0.020983,0.426197,0.611179,-0.016296
1780503394.519,left,pinch,0.453962,0.706432,0.000000,0.485298,0.646615,0.001161,0.493939,0.593284,-0.001055,0.497338,0.558234,-0.006920,0.498832,0.525072,-0.011722,0.440298,0.539963,0.009665,0.481473,0.506485,-0.004141,0.509082,0.501666,-0.015846,0.528218,0.504496,-0.022404,0.436236,0.541507,0.002492,0.489566,0.527929,-0.014129,0.496292,0.565343,-0.021316,0.488839,0.588946,-0.022478,0.439739,0.550662,-0.006269,0.492068,0.539961,-0.020602,0.493815,0.580708,-0.019228,0.484653,0.603319,-0.013948,0.447402,0.563126,-0.015548,0.488132,0.553583,-0.021732,0.492275,0.580554,-0.017042,0.486120,0.597049,-0.010802
1780503394.695,left,pinch,0.494222,0.709858,0.000000,0.524603,0.648122,0.004171,0.534275,0.598068,0.001679,0.544075,0.562447,-0.005499,0.553828,0.529411,-0.011438,0.469108,0.535998,0.015825,0.516166,0.496276,0.001175,0.547200,0.489988,-0.013076,0.568634,0.493773,-0.021439,0.470525,0.533357,0.005922,0.530320,0.514129,-0.012507,0.536907,0.557001,-0.022864,0.527245,0.587785,-0.025393,0.480445,0.538504,-0.005525,0.538188,0.524221,-0.019647,0.539166,0.569433,-0.019820,0.526294,0.597018,-0.015576,0.494246,0.546583,-0.017443,0.538794,0.540836,-0.022922,0.539213,0.574877,-0.018367,0.527321,0.595574,-0.012234
1780503394.914,left,pinch,0.486456,0.733642,-0.000000,0.524340,0.679233,-0.002139,0.542731,0.626636,-0.009037,0.558954,0.590612,-0.019270,0.573048,0.556303,-0.027871,0.476528,0.551370,0.006605,0.522770,0.521112,-0.011001,0.554492,0.520346,-0.026568,0.578398,0.525569,-0.036459,0.472842,0.549373,-0.001986,0.530254,0.537763,-0.021749,0.532081,0.585290,-0.029920,0.519850,0.611535,-0.032206,0.478208,0.558991,-0.012740,0.533881,0.555238,-0.028628,0.532112,0.601249,-0.026290,0.518582,0.621217,-0.021395,0.489237,0.574772,-0.024753,0.531874,0.576538,-0.032307,0.529880,0.610179,-0.027714,0.518096,0.625708,-0.022145
1780503395.040,left,pinch,0.486835,0.728626,0.000000,0.522247,0.676394,0.000628,0.541584,0.623883,-0.006070,0.557361,0.587143,-0.016544,0.571946,0.552152,-0.025730,0.475821,0.548647,0.007456,0.516446,0.513794,-0.008976,0.546774,0.512630,-0.022915,0.569196,0.519372,-0.031221,0.469682,0.546601,-0.002078,0.527476,0.540006,-0.020632,0.527664,0.588058,-0.027588,0.512362,0.610565,-0.028824,0.473751,0.558524,-0.013401,0.529595,0.557940,-0.029254,0.526995,0.605081,-0.027086,0.512615,0.622686,-0.021961,0.483740,0.576611,-0.025381,0.526256,0.577016,-0.032308,0.525294,0.610904,-0.027029,0.513823,0.625374,-0.020835
1780503395.173,left,pinch,0.491000,0.743016,-0.000000,0.529510,0.685765,0.000262,0.548497,0.630364,-0.006357,0.565189,0.594144,-0.017056,0.581915,0.562623,-0.026310,0.480342,0.555290,0.009752,0.526556,0.520414,-0.006647,0.556392,0.522256,-0.020461,0.577770,0.529244,-0.028754,0.476576,0.554533,0.000204,0.537713,0.550809,-0.018663,0.537944,0.599812,-0.025720,0.522755,0.620960,-0.026924,0.481974,0.566829,-0.011400,0.539339,0.564585,-0.026380,0.536593,0.612775,-0.023651,0.521367,0.630631,-0.018489,0.492243,0.585076,-0.023949,0.534699,0.584169,-0.030563,0.533176,0.620217,-0.025182,0.521279,0.635592,-0.018946
1780503395.342,left,pinch,0.494715,0.742188,0.000000,0.532101,0.683069,0.002264,0.550927,0.630533,-0.004795,0.568599,0.594385,-0.016525,0.585088,0.558851,-0.027013,0.482321,0.557283,0.009743,0.527687,0.523329,-0.008085,0.558427,0.524520,-0.023316,0.580465,0.531966,-0.032493,0.476392,0.555049,-0.001405,0.537409,0.546778,-0.021979,0.537630,0.595713,-0.030501,0.522252,0.620830,-0.032318,0.480653,0.566303,-0.014385,0.539342,0.566670,-0.031072,0.536285,0.615285,-0.029490,0.521150,0.633541,-0.024545,0.490963,0.583431,-0.028055,0.536349,0.587952,-0.035100,0.534534,0.623313,-0.030260,0.521756,0.637032,-0.024385
1780503395.679,left,pinch,0.494414,0.741192,-0.000000,0.531714,0.684606,0.002211,0.550792,0.631157,-0.004795,0.568080,0.594472,-0.016192,0.584654,0.557618,-0.026313,0.487465,0.557536,0.009539,0.529762,0.523537,-0.007637,0.559449,0.523971,-0.022295,0.581229,0.531031,-0.031176,0.481399,0.555955,-0.001342,0.539311,0.549967,-0.020626,0.538328,0.598264,-0.028572,0.523148,0.621726,-0.030457,0.484945,0.568581,-0.014032,0.541231,0.571395,-0.029550,0.537120,0.618366,-0.028002,0.522073,0.634664,-0.023634,0.494718,0.586582,-0.027426,0.537894,0.592702,-0.033954,0.535185,0.625842,-0.029541,0.522330,0.637192,-0.024246
1780503395.822,left,pinch,0.494456,0.743771,0.000000,0.533108,0.684832,0.002223,0.552443,0.631212,-0.003915,0.569589,0.596601,-0.014486,0.585619,0.563253,-0.023806,0.485762,0.556505,0.010300,0.529353,0.524316,-0.005760,0.559061,0.527628,-0.019983,0.580428,0.536805,-0.028724,0.480826,0.556328,-0.000300,0.540560,0.549326,-0.019074,0.540453,0.596583,-0.027254,0.525456,0.621096,-0.029272,0.485639,0.569446,-0.012609,0.542315,0.570127,-0.027608,0.538675,0.617731,-0.025717,0.523956,0.636538,-0.021053,0.496065,0.588351,-0.025657,0.539228,0.591260,-0.031985,0.537567,0.625850,-0.027011,0.525753,0.640097,-0.021251
1780503395.972,left,pinch,0.493912,0.748695,0.000000,0.533825,0.689633,0.000888,0.552807,0.635871,-0.005307,0.570786,0.601148,-0.015701,0.587213,0.566925,-0.024611,0.487142,0.563995,0.010045,0.531270,0.529120,-0.006804,0.561864,0.532160,-0.021476,0.583736,0.542207,-0.030327,0.482925,0.563856,0.000091,0.539884,0.547094,-0.020291,0.542351,0.594020,-0.029374,0.529786,0.622617,-0.031281,0.488680,0.575164,-0.011762,0.544482,0.570142,-0.027702,0.542884,0.616739,-0.026309,0.529497,0.636858,-0.021389,0.500594,0.592212,-0.024463,0.543685,0.592605,-0.030958,0.542675,0.626526,-0.026329,0.531658,0.641015,-0.020666
1780503396.106,left,pinch,0.489392,0.742778,0.000000,0.528284,0.684399,0.002309,0.547699,0.629819,-0.002587,0.564250,0.596230,-0.011474,0.579169,0.564703,-0.018967,0.482924,0.554324,0.008787,0.526978,0.518616,-0.005820,0.556654,0.519172,-0.019050,0.577581,0.526788,-0.027414,0.478979,0.555950,-0.000949,0.535988,0.548192,-0.018843,0.537120,0.593320,-0.027441,0.523165,0.617592,-0.030236,0.484911,0.569877,-0.012018,0.538964,0.568437,-0.026747,0.537009,0.613245,-0.025860,0.523280,0.631216,-0.022060,0.496512,0.588843,-0.023601,0.537773,0.590519,-0.030027,0.537377,0.623648,-0.025701,0.526819,0.638569,-0.020504
1780503396.211,left,pinch,0.490638,0.741154,0.000000,0.529397,0.678725,0.000728,0.547098,0.625956,-0.005943,0.563525,0.590139,-0.016806,0.578489,0.555302,-0.026159,0.481657,0.553449,0.008816,0.526344,0.519528,-0.007955,0.556084,0.518678,-0.022472,0.578067,0.525898,-0.031339,0.478922,0.555490,-0.000785,0.535211,0.536786,-0.021668,0.539691,0.581074,-0.031137,0.529595,0.610221,-0.033230,0.485848,0.567314,-0.012047,0.540589,0.560686,-0.028614,0.540821,0.607277,-0.027241,0.529734,0.629768,-0.021980,0.498689,0.583720,-0.024125,0.541198,0.584440,-0.030988,0.540609,0.618277,-0.026620,0.530717,0.634385,-0.020932
1780503396.363,left,pinch,0.494820,0.735458,0.000000,0.533226,0.673480,0.000836,0.549979,0.622337,-0.005897,0.565251,0.586864,-0.016488,0.578239,0.551699,-0.025429,0.482818,0.552069,0.007233,0.525547,0.515073,-0.008354,0.554393,0.514022,-0.021693,0.575401,0.521949,-0.029784,0.480376,0.554018,-0.001927,0.537556,0.536808,-0.020434,0.541824,0.580296,-0.028124,0.530601,0.606132,-0.029842,0.488030,0.566776,-0.012650,0.543578,0.560045,-0.027165,0.543553,0.604232,-0.025427,0.530940,0.623717,-0.021010,0.501258,0.583968,-0.024135,0.544448,0.584504,-0.030129,0.544012,0.616906,-0.025939,0.533307,0.631181,-0.021009
1780503396.481,left,pinch,0.498061,0.737178,0.000000,0.536137,0.674071,0.001844,0.551806,0.622984,-0.004598,0.567026,0.588319,-0.015282,0.580793,0.554752,-0.024447,0.486113,0.552512,0.007991,0.530414,0.517668,-0.008658,0.559760,0.520180,-0.023219,0.581061,0.530561,-0.031965,0.483231,0.555047,-0.002035,0.541309,0.541836,-0.021211,0.545374,0.587335,-0.029736,0.534781,0.613626,-0.031934,0.490436,0.568525,-0.013625,0.546167,0.565201,-0.028242,0.545904,0.609703,-0.026518,0.533679,0.629401,-0.021974,0.503199,0.586267,-0.025977,0.545914,0.585689,-0.031550,0.546622,0.617117,-0.026726,0.537358,0.631178,-0.021189
1780503396.750,left,pinch,0.499671,0.732481,0.000000,0.532428,0.670134,0.001854,0.548135,0.621200,-0.005150,0.563632,0.587760,-0.015955,0.575968,0.554679,-0.025229,0.483581,0.552572,0.005350,0.528549,0.516815,-0.009284,0.557870,0.519139,-0.022068,0.579189,0.529203,-0.029809,0.483686,0.555705,-0.003705,0.540696,0.545265,-0.019502,0.544367,0.585975,-0.026817,0.533743,0.609839,-0.029445,0.493296,0.569823,-0.013875,0.546706,0.566216,-0.025214,0.546361,0.606686,-0.023439,0.534750,0.626140,-0.020189,0.508072,0.586825,-0.024756,0.548501,0.587432,-0.028453,0.548792,0.617086,-0.023942,0.539971,0.631078,-0.019315
1780503396.844,left,pinch,0.490539,0.730549,0.000000,0.493586,0.661178,0.005630,0.510849,0.599238,0.000116,0.542597,0.566968,-0.009434,0.569357,0.551927,-0.018263,0.480379,0.553014,0.002784,0.528871,0.513772,-0.009127,0.555897,0.515965,-0.019328,0.574297,0.526487,-0.025776,0.487798,0.562553,-0.007730,0.542630,0.554752,-0.018741,0.542247,0.589923,-0.024716,0.529201,0.611715,-0.028295,0.501355,0.583161,-0.018365,0.551710,0.575361,-0.024882,0.546548,0.611941,-0.021856,0.531435,0.627880,-0.019337,0.517783,0.606418,-0.029374,0.555613,0.596743,-0.028905,0.552091,0.624504,-0.021907,0.540813,0.636894,-0.016559
1780503397.015,left,pinch,0.496364,0.731563,0.000000,0.490135,0.659300,-0.001469,0.503444,0.594274,-0.011050,0.532366,0.552732,-0.022047,0.557832,0.531095,-0.032397,0.483789,0.569274,-0.018352,0.530018,0.521763,-0.031855,0.556990,0.513466,-0.039527,0.575274,0.511314,-0.044532,0.497329,0.593507,-0.026413,0.546670,0.558366,-0.041576,0.545607,0.588546,-0.043875,0.531178,0.608732,-0.044327,0.515917,0.621239,-0.034001,0.560532,0.584544,-0.044344,0.555316,0.615482,-0.036969,0.540480,0.632175,-0.031068,0.536414,0.648322,-0.042039,0.569188,0.616083,-0.045110,0.563838,0.640105,-0.036438,0.551676,0.655276,-0.029571
1780503397.165,left,pinch,0.495444,0.747316,0.000000,0.477350,0.666863,-0.006886,0.489525,0.577925,-0.013709,0.515086,0.520874,-0.017209,0.537447,0.494416,-0.019727,0.498423,0.624480,-0.032696,0.531263,0.544678,-0.037979,0.545590,0.513574,-0.035910,0.559155,0.492447,-0.034071,0.524450,0.656196,-0.032452,0.545155,0.568372,-0.038132,0.533392,0.562645,-0.032349,0.524504,0.576396,-0.027766,0.544629,0.680256,-0.030416,0.555830,0.596978,-0.031718,0.542421,0.596578,-0.021948,0.533152,0.613646,-0.015180,0.560559,0.695508,-0.028721,0.564003,0.625783,-0.024674,0.552256,0.625228,-0.015140,0.546293,0.642453,-0.008762
1780503397.317,left,pinch,0.484752,0.754808,-0.000000,0.465318,0.675719,-0.017047,0.475576,0.581370,-0.026261,0.500915,0.519029,-0.029097,0.525221,0.489051,-0.031309,0.493814,0.668405,-0.050435,0.523233,0.588151,-0.061944,0.536753,0.535845,-0.061914,0.546476,0.493499,-0.061790,0.525277,0.692160,-0.044233,0.532609,0.581516,-0.057133,0.516264,0.577596,-0.051000,0.505620,0.598270,-0.045200,0.548456,0.699686,-0.036545,0.545066,0.595783,-0.047710,0.529384,0.596539,-0.037729,0.519828,0.620528,-0.028632,0.564026,0.693859,-0.029227,0.556015,0.607225,-0.035802,0.541771,0.605995,-0.029837,0.534707,0.627323,-0.024455
1780503406.660,left,pinch,0.430273,0.775955,0.000000,0.464450,0.757815,-0.006983,0.493244,0.742161,-0.020391,0.513777,0.749601,-0.034331,0.527410,0.764369,-0.047830,0.472081,0.668389,-0.031229,0.509168,0.680786,-0.050721,0.527363,0.722485,-0.062751,0.533171,0.762581,-0.069101,0.456528,0.681810,-0.036506,0.496484,0.734231,-0.055570,0.501279,0.783783,-0.059057,0.493333,0.812427,-0.060408,0.444487,0.709846,-0.041732,0.484133,0.763885,-0.059138,0.485744,0.805751,-0.055142,0.477168,0.828589,-0.050127,0.436867,0.743155,-0.047356,0.468231,0.781556,-0.057408,0.470105,0.812272,-0.051688,0.462870,0.831976,-0.046041
1780503406.771,left,pinch,0.441278,0.792656,-0.000000,0.462711,0.784176,-0.005010,0.482787,0.751538,-0.009431,0.493905,0.725509,-0.014608,0.493977,0.701273,-0.018812,0.468129,0.670957,-0.003751,0.482296,0.648269,-0.015942,0.486899,0.678426,-0.024409,0.485647,0.703114,-0.028162,0.458955,0.675087,-0.006652,0.480716,0.667518,-0.015180,0.482231,0.700157,-0.017853,0.477016,0.717981,-0.018974,0.449480,0.687201,-0.011264,0.472417,0.683802,-0.020444,0.473193,0.713851,-0.017641,0.466723,0.731410,-0.014384,0.439337,0.704980,-0.016437,0.458295,0.699580,-0.022049,0.460334,0.724301,-0.017726,0.456022,0.741704,-0.013421
1780503406.951,left,pinch,0.437041,0.765965,0.000000,0.466827,0.746206,-0.008609,0.490477,0.700892,-0.016928,0.510799,0.668474,-0.025389,0.525803,0.635817,-0.032021,0.448059,0.604137,-0.006549,0.480513,0.597835,-0.021949,0.495835,0.610497,-0.031396,0.503370,0.613022,-0.036280,0.437807,0.606187,-0.009205,0.483271,0.619509,-0.025570,0.480492,0.660647,-0.027517,0.468583,0.667627,-0.025791,0.432087,0.621551,-0.013959,0.476058,0.639183,-0.029604,0.471340,0.676769,-0.024299,0.458480,0.681811,-0.017714,0.428905,0.645538,-0.019703,0.465239,0.658548,-0.028418,0.461120,0.685985,-0.023473,0.448041,0.693135,-0.017890
1780503407.157,left,pinch,0.428597,0.750180,0.000000,0.461043,0.727517,-0.006899,0.486013,0.680986,-0.016074,0.506279,0.647159,-0.026467,0.522327,0.613227,-0.034536,0.445170,0.581207,-0.001713,0.472952,0.556593,-0.017265,0.494905,0.562501,-0.025597,0.512166,0.575742,-0.028944,0.431343,0.577592,-0.005993,0.478533,0.585439,-0.022971,0.474126,0.637238,-0.024370,0.462296,0.647881,-0.020898,0.424095,0.590024,-0.012756,0.471879,0.613178,-0.028419,0.464496,0.656713,-0.023367,0.451830,0.661055,-0.016002,0.421513,0.612217,-0.020630,0.460339,0.633243,-0.027566,0.455461,0.663088,-0.022395,0.443197,0.667508,-0.016045
1780503407.300,left,pinch,0.421704,0.746191,0.000000,0.456023,0.716425,-0.003420,0.479337,0.670399,-0.012217,0.498096,0.638128,-0.023840,0.513897,0.606140,-0.034043,0.433600,0.570814,0.000468,0.461452,0.536242,-0.015147,0.486492,0.540952,-0.025606,0.505114,0.554241,-0.030986,0.421614,0.570277,-0.006108,0.470901,0.579081,-0.021833,0.467000,0.627915,-0.024734,0.451879,0.638465,-0.023762,0.416170,0.584097,-0.014771,0.465457,0.600508,-0.029602,0.459533,0.644516,-0.025558,0.445072,0.652714,-0.019840,0.415071,0.606616,-0.024276,0.455214,0.621404,-0.032060,0.452341,0.652005,-0.027298,0.439358,0.659350,-0.021561
1780503407.502,left,pinch,0.413068,0.755925,-0.000000,0.449641,0.722663,-0.000632,0.473970,0.673445,-0.007471,0.493388,0.643925,-0.017818,0.510319,0.612895,-0.026906,0.425934,0.573683,0.003372,0.459463,0.537621,-0.012703,0.485379,0.542319,-0.024907,0.505640,0.552088,-0.032126,0.415468,0.571850,-0.005261,0.469195,0.578014,-0.022486,0.465819,0.627161,-0.027608,0.451288,0.642985,-0.028246,0.412151,0.584819,-0.015697,0.465113,0.601247,-0.030603,0.459364,0.648055,-0.026713,0.445046,0.659665,-0.021180,0.413733,0.606446,-0.026979,0.455393,0.623249,-0.033591,0.451537,0.657872,-0.028013,0.438283,0.668228,-0.022024
1780503407.753,left,pinch,0.404908,0.768239,-0.000000,0.445105,0.730646,-0.000794,0.469614,0.678570,-0.006817,0.488215,0.644415,-0.016404,0.505166,0.612711,-0.024693,0.419768,0.580627,0.003679,0.456273,0.547988,-0.011659,0.481913,0.555061,-0.023657,0.501760,0.565413,-0.031155,0.409342,0.582705,-0.004831,0.462313,0.587108,-0.022349,0.459269,0.633512,-0.028178,0.445926,0.651976,-0.029502,0.406201,0.598986,-0.015140,0.459110,0.612408,-0.030074,0.454092,0.656246,-0.027306,0.441396,0.669324,-0.022711,0.408394,0.623849,-0.026322,0.450698,0.637272,-0.033086,0.446521,0.669519,-0.028661,0.433957,0.680691,-0.023805
1780503407.982,left,pinch,0.397310,0.759832,0.000000,0.433536,0.719067,-0.001307,0.456131,0.668440,-0.008933,0.474457,0.633978,-0.019934,0.489043,0.599082,-0.029331,0.402509,0.573206,0.001676,0.437196,0.538346,-0.014198,0.460853,0.548894,-0.025614,0.476893,0.565508,-0.031897,0.392028,0.577308,-0.006477,0.446278,0.577447,-0.023725,0.446391,0.625766,-0.028331,0.433780,0.645272,-0.028534,0.388945,0.593597,-0.016378,0.441714,0.600166,-0.030907,0.438314,0.644823,-0.026532,0.425811,0.659762,-0.020816,0.390864,0.616754,-0.027136,0.434289,0.623733,-0.033904,0.431845,0.657007,-0.028246,0.419642,0.670318,-0.022308
1780503408.078,left,pinch,0.389862,0.761492,-0.000000,0.428919,0.715856,0.001202,0.450878,0.660663,-0.004390,0.468450,0.625537,-0.013625,0.482816,0.595158,-0.021659,0.397973,0.570010,0.004456,0.438642,0.541879,-0.011505,0.464878,0.552727,-0.024174,0.482875,0.567840,-0.031585,0.388496,0.571959,-0.004844,0.445202,0.575758,-0.022233,0.444737,0.626946,-0.028321,0.431751,0.650166,-0.029523,0.386358,0.588743,-0.015664,0.441056,0.598902,-0.030611,0.438343,0.646131,-0.028075,0.425088,0.662959,-0.023232,0.389151,0.613312,-0.027029,0.431998,0.620362,-0.033967,0.430983,0.654049,-0.029044,0.419125,0.667674,-0.023462
1780503408.276,left,pinch,0.390870,0.755889,-0.000000,0.427751,0.708506,0.000959,0.449986,0.656744,-0.004990,0.466647,0.623555,-0.014548,0.479188,0.593684,-0.023028,0.397753,0.563507,0.003821,0.440953,0.541421,-0.012447,0.463963,0.554483,-0.024754,0.477731,0.568778,-0.031629,0.387343,0.567631,-0.005220,0.442626,0.565182,-0.022138,0.445411,0.613500,-0.028459,0.435576,0.636704,-0.029713,0.384287,0.585164,-0.015670,0.438121,0.594066,-0.030941,0.436073,0.641218,-0.029044,0.424163,0.658764,-0.024165,0.386346,0.610329,-0.026571,0.429389,0.616630,-0.033626,0.428016,0.650088,-0.029138,0.416296,0.664224,-0.023765
1780503408.467,left,pinch,0.391697,0.751185,-0.000000,0.427539,0.705547,0.000201,0.450048,0.654486,-0.005641,0.466338,0.620997,-0.014810,0.476992,0.589567,-0.022928,0.398872,0.562464,0.003429,0.439144,0.538765,-0.011871,0.461695,0.550560,-0.023208,0.475183,0.564586,-0.029379,0.387458,0.567146,-0.004812,0.440891,0.562219,-0.020493,0.445341,0.609127,-0.026002,0.437140,0.631930,-0.026821,0.383595,0.585058,-0.014521,0.436207,0.592872,-0.028774,0.434889,0.637877,-0.026674,0.423835,0.655126,-0.021882,0.384909,0.610661,-0.024739,0.427406,0.616075,-0.031131,0.426721,0.647647,-0.026711,0.415839,0.660982,-0.021515
1780503408.739,left,pinch,0.392396,0.751351,-0.000000,0.427065,0.707232,-0.000322,0.449472,0.654682,-0.007169,0.467567,0.620634,-0.017527,0.482167,0.587061,-0.026879,0.398789,0.562695,0.004077,0.437420,0.538308,-0.011605,0.460316,0.547923,-0.023413,0.475710,0.559529,-0.030029,0.387356,0.565851,-0.004317,0.440499,0.567291,-0.020982,0.440470,0.617634,-0.026862,0.429135,0.639435,-0.027681,0.383345,0.583548,-0.014366,0.436086,0.593690,-0.029414,0.433369,0.640005,-0.027347,0.421769,0.655867,-0.022406,0.384452,0.608985,-0.024945,0.427510,0.614788,-0.031820,0.426114,0.647013,-0.027232,0.414707,0.660266,-0.021698
1780503408.909,left,pinch,0.391668,0.746822,-0.000000,0.426406,0.704363,-0.000063,0.449091,0.651876,-0.005218,0.464712,0.617680,-0.013618,0.474541,0.585575,-0.021009,0.400883,0.559734,0.004836,0.437699,0.535011,-0.010077,0.459898,0.545267,-0.021358,0.474452,0.558226,-0.027445,0.388819,0.562457,-0.002892,0.439319,0.558905,-0.018222,0.444122,0.604647,-0.023783,0.437691,0.626862,-0.024476,0.383763,0.578625,-0.012233,0.434972,0.588032,-0.026356,0.433622,0.632406,-0.024703,0.423484,0.649601,-0.020072,0.384124,0.602375,-0.022143,0.426222,0.610327,-0.028416,0.425448,0.642592,-0.024420,0.415019,0.656521,-0.019413
1780503409.031,left,pinch,0.390458,0.739160,0.000000,0.425570,0.695745,-0.002127,0.447867,0.645312,-0.008317,0.461700,0.610142,-0.017283,0.467365,0.576046,-0.024945,0.399430,0.555149,0.002939,0.436465,0.532277,-0.013151,0.458113,0.543012,-0.024633,0.472420,0.556356,-0.030626,0.386741,0.555993,-0.003939,0.436544,0.553136,-0.021254,0.441834,0.599685,-0.027254,0.436405,0.623344,-0.027559,0.381105,0.570539,-0.012618,0.432098,0.583209,-0.028752,0.430165,0.628505,-0.027357,0.420073,0.645760,-0.022253,0.381070,0.592799,-0.021951,0.423808,0.605513,-0.029683,0.422539,0.639261,-0.026116,0.411764,0.652982,-0.021038
1780503409.220,left,pinch,0.392293,0.735735,0.000000,0.424603,0.694519,-0.001057,0.446113,0.644420,-0.006841,0.460723,0.609834,-0.015665,0.469885,0.579405,-0.023477,0.398764,0.555033,0.003495,0.432821,0.529717,-0.011544,0.454720,0.536156,-0.022254,0.470286,0.546672,-0.027813,0.386880,0.556276,-0.003830,0.435524,0.542683,-0.018434,0.446702,0.577290,-0.023010,0.447899,0.594014,-0.023204,0.381389,0.570701,-0.012944,0.432228,0.578304,-0.027600,0.430293,0.622759,-0.025812,0.420516,0.640430,-0.020870,0.381205,0.592839,-0.022674,0.423023,0.601130,-0.029489,0.421568,0.632632,-0.025696,0.410967,0.645712,-0.020853
1780503409.348,left,pinch,0.394561,0.735817,0.000000,0.432207,0.690015,0.000232,0.451362,0.637989,-0.005256,0.465289,0.604501,-0.014073,0.475266,0.573460,-0.021686,0.394662,0.553493,0.004628,0.436859,0.527670,-0.010485,0.460455,0.533900,-0.022201,0.476216,0.544877,-0.028914,0.386027,0.558202,-0.003600,0.438872,0.544825,-0.019908,0.444160,0.587737,-0.025789,0.437677,0.612403,-0.026681,0.385611,0.573961,-0.013400,0.437865,0.573227,-0.027627,0.436905,0.616829,-0.025480,0.426141,0.636040,-0.020674,0.390847,0.595611,-0.023813,0.432517,0.596563,-0.029831,0.432025,0.627691,-0.025538,0.421988,0.641936,-0.020687
1780503409.552,left,pinch,0.392631,0.729713,0.000000,0.429927,0.671980,-0.001059,0.442543,0.616423,-0.007764,0.455457,0.578593,-0.016944,0.469417,0.552585,-0.024699,0.380905,0.548473,-0.002431,0.427844,0.513292,-0.017579,0.456489,0.514170,-0.030285,0.475604,0.520978,-0.038545,0.380108,0.560302,-0.010414,0.437851,0.546140,-0.028567,0.440831,0.585367,-0.035616,0.428542,0.607033,-0.038034,0.389394,0.582054,-0.019269,0.443500,0.575389,-0.034332,0.441944,0.614717,-0.032297,0.428253,0.630237,-0.028371,0.403131,0.605180,-0.028705,0.445610,0.601319,-0.035945,0.445584,0.630513,-0.031533,0.436205,0.642106,-0.026747
1780503409.668,left,pinch,0.426721,0.703608,0.000000,0.405885,0.640417,-0.006112,0.414432,0.564914,-0.016573,0.442744,0.517335,-0.025919,0.466612,0.497375,-0.034817,0.402875,0.582501,-0.031404,0.437703,0.503631,-0.045119,0.459012,0.477597,-0.050562,0.474395,0.466654,-0.052616,0.430703,0.607555,-0.035192,0.455592,0.524062,-0.051440,0.451911,0.533511,-0.051957,0.444708,0.562712,-0.049333,0.456468,0.627141,-0.037835,0.471812,0.549652,-0.046396,0.465908,0.561983,-0.037917,0.459511,0.586510,-0.029983,0.478985,0.638977,-0.040998,0.482922,0.573257,-0.040260,0.477311,0.586472,-0.029775,0.475691,0.609715,-0.021685
1780503409.876,left,pinch,0.459423,0.690776,0.000000,0.441364,0.636208,-0.016677,0.449710,0.555323,-0.018913,0.465740,0.493457,-0.016515,0.477021,0.457262,-0.012580,0.465188,0.571140,-0.019382,0.473356,0.486152,-0.021587,0.484120,0.453054,-0.019911,0.493001,0.433818,-0.017265,0.482913,0.588421,-0.009502,0.487437,0.512653,-0.012731,0.480231,0.497978,-0.012934,0.475415,0.500799,-0.011419,0.493097,0.601002,-0.000035,0.493301,0.541578,-0.005177,0.482715,0.536835,-0.007314,0.477059,0.545505,-0.006138,0.497338,0.606728,0.009030,0.492941,0.556838,0.006310,0.483788,0.549248,0.006539,0.479089,0.555490,0.008523
1780503410.162,left,pinch,0.477587,0.704875,-0.000000,0.454526,0.642791,-0.016931,0.456784,0.562948,-0.026199,0.471773,0.497586,-0.028733,0.484891,0.460367,-0.029856,0.500912,0.610866,-0.054586,0.513319,0.509923,-0.063539,0.508685,0.464958,-0.059208,0.499546,0.436478,-0.054564,0.526872,0.616902,-0.045142,0.508457,0.534468,-0.053429,0.491146,0.542421,-0.043930,0.483570,0.561731,-0.037053,0.542493,0.613630,-0.034071,0.516011,0.542631,-0.040425,0.502981,0.549805,-0.031968,0.497308,0.568717,-0.026188,0.551289,0.603800,-0.023209,0.527812,0.547115,-0.028264,0.515921,0.551985,-0.024598,0.511757,0.564986,-0.021145
1780503410.340,left,pinch,0.462454,0.713846,-0.000000,0.433042,0.649574,-0.020318,0.429084,0.560961,-0.031463,0.444226,0.495414,-0.035200,0.460829,0.462277,-0.036921,0.470087,0.621421,-0.055258,0.482893,0.512857,-0.064743,0.481018,0.461060,-0.060808,0.475860,0.427837,-0.057502,0.502035,0.633708,-0.046012,0.484958,0.531771,-0.055993,0.465682,0.542178,-0.047054,0.458654,0.566941,-0.041042,0.522761,0.632930,-0.035809,0.498413,0.541725,-0.045533,0.483226,0.556363,-0.037028,0.480035,0.581016,-0.031534,0.536113,0.626447,-0.026153,0.512923,0.554377,-0.036442,0.498711,0.567454,-0.034592,0.495666,0.590014,-0.032437
1780503410.536,left,pinch,0.450187,0.726903,-0.000000,0.425762,0.653796,-0.017928,0.426083,0.561452,-0.027000,0.441122,0.493466,-0.029924,0.458512,0.455806,-0.031301,0.457488,0.629957,-0.046885,0.472009,0.529355,-0.056880,0.474713,0.474357,-0.054415,0.474286,0.433722,-0.051983,0.488655,0.640986,-0.039522,0.475591,0.537694,-0.051844,0.458594,0.544145,-0.045805,0.449529,0.568058,-0.040209,0.511316,0.639282,-0.031279,0.490994,0.542512,-0.043182,0.476834,0.554899,-0.036037,0.471815,0.579108,-0.029439,0.527112,0.629955,-0.023447,0.504664,0.550837,-0.033018,0.490681,0.562537,-0.030287,0.486449,0.586534,-0.026628
1780503410.670,left,pinch,0.458380,0.722865,-0.000000,0.430198,0.655733,-0.020640,0.430346,0.563399,-0.031501,0.448408,0.497984,-0.035025,0.466608,0.462569,-0.036951,0.466224,0.634034,-0.055087,0.481002,0.534146,-0.067423,0.481711,0.479579,-0.065959,0.478785,0.440422,-0.064184,0.499043,0.643932,-0.046178,0.483513,0.539193,-0.060295,0.464043,0.551179,-0.052567,0.455812,0.579334,-0.045800,0.521095,0.640103,-0.036436,0.496401,0.543775,-0.049066,0.481174,0.560574,-0.039446,0.477669,0.587286,-0.031557,0.535536,0.627500,-0.027289,0.509952,0.549183,-0.038561,0.497556,0.564372,-0.035694,0.497216,0.587324,-0.031968
1780503410.824,left,pinch,0.459159,0.731857,-0.000000,0.433762,0.663507,-0.022429,0.435298,0.569622,-0.035065,0.455441,0.505022,-0.038858,0.475437,0.475831,-0.040842,0.474468,0.652583,-0.065414,0.489512,0.543621,-0.077280,0.489139,0.487205,-0.074682,0.485383,0.448147,-0.072423,0.507135,0.660618,-0.054567,0.488623,0.548595,-0.065704,0.469791,0.558608,-0.054883,0.462739,0.583618,-0.047644,0.528345,0.653638,-0.042336,0.500564,0.553738,-0.050582,0.485763,0.568263,-0.038679,0.482717,0.592473,-0.031479,0.540942,0.639364,-0.031093,0.514579,0.562251,-0.040048,0.499222,0.574356,-0.036990,0.495930,0.594841,-0.034347
1780503411.055,left,pinch,0.459924,0.727117,-0.000000,0.437668,0.660818,-0.023830,0.437980,0.570284,-0.038111,0.455831,0.504933,-0.043161,0.475711,0.472174,-0.045922,0.473066,0.652054,-0.069515,0.490605,0.541047,-0.080370,0.490713,0.486716,-0.076024,0.487993,0.449830,-0.072745,0.506663,0.663057,-0.058009,0.491846,0.549951,-0.068631,0.474169,0.556387,-0.057237,0.466531,0.579473,-0.050150,0.529358,0.657392,-0.044854,0.506075,0.555076,-0.051575,0.491912,0.565664,-0.039047,0.487101,0.588277,-0.032358,0.543031,0.642916,-0.032919,0.519472,0.567526,-0.041963,0.504736,0.575507,-0.039589,0.500161,0.593739,-0.037659
1780503411.210,left,pinch,0.460018,0.726363,-0.000000,0.439607,0.658938,-0.024184,0.441177,0.569281,-0.038438,0.458295,0.505687,-0.043655,0.478014,0.472078,-0.046652,0.473561,0.655678,-0.069041,0.493247,0.549428,-0.080860,0.494706,0.493348,-0.078065,0.493845,0.451041,-0.076187,0.507774,0.667890,-0.058007,0.494962,0.553893,-0.069251,0.478628,0.560029,-0.058640,0.472364,0.583192,-0.052174,0.531278,0.663154,-0.045541,0.508630,0.561934,-0.052747,0.494741,0.571149,-0.040605,0.490327,0.593261,-0.034153,0.545485,0.649320,-0.034540,0.523459,0.576140,-0.044116,0.508674,0.581943,-0.042458,0.503541,0.598346,-0.041122
1780503411.360,left,pinch,0.462393,0.728965,-0.000000,0.443071,0.661547,-0.023842,0.443460,0.570333,-0.038535,0.458935,0.503437,-0.044529,0.478444,0.468411,-0.047840,0.477479,0.651420,-0.068444,0.498624,0.542843,-0.080225,0.498253,0.489061,-0.076563,0.494578,0.452869,-0.073793,0.511280,0.664272,-0.057554,0.496823,0.551014,-0.069349,0.479950,0.558951,-0.058910,0.473669,0.583546,-0.052592,0.533676,0.660447,-0.045228,0.510364,0.559411,-0.052953,0.496020,0.570330,-0.041045,0.491314,0.592830,-0.034863,0.546884,0.647679,-0.034242,0.524486,0.575042,-0.044257,0.510162,0.581408,-0.042829,0.505283,0.597242,-0.041628
1780503411.482,left,pinch,0.469423,0.733961,-0.000000,0.450329,0.664088,-0.024961,0.453085,0.574647,-0.039603,0.470413,0.509883,-0.045057,0.489875,0.476886,-0.047897,0.494987,0.655959,-0.070317,0.513108,0.545295,-0.080859,0.509951,0.492271,-0.075787,0.503874,0.457040,-0.071800,0.526647,0.667059,-0.057771,0.507008,0.555136,-0.069066,0.486314,0.558218,-0.058767,0.477335,0.578238,-0.052601,0.546487,0.662260,-0.043505,0.518716,0.559153,-0.051147,0.501459,0.566414,-0.040277,0.494557,0.585755,-0.034777,0.556950,0.649585,-0.030433,0.530627,0.572078,-0.040396,0.514770,0.576696,-0.039168,0.508798,0.592237,-0.037990
1780503411.592,left,pinch,0.468208,0.731001,-0.000000,0.452527,0.663578,-0.025093,0.456377,0.577150,-0.040064,0.473070,0.512843,-0.046079,0.491245,0.476181,-0.049410,0.497945,0.653831,-0.068018,0.515489,0.546905,-0.079756,0.513748,0.495060,-0.076697,0.509271,0.460086,-0.073937,0.528355,0.667505,-0.055760,0.509434,0.561152,-0.067839,0.489597,0.567467,-0.058127,0.482144,0.589216,-0.051955,0.547170,0.664353,-0.042129,0.520705,0.567105,-0.050516,0.503576,0.575919,-0.039631,0.497048,0.595698,-0.033651,0.557110,0.652949,-0.029817,0.533631,0.580101,-0.040191,0.517034,0.585865,-0.038346,0.509978,0.600859,-0.036333
1780503411.731,left,pinch,0.480124,0.730671,-0.000000,0.460727,0.664813,-0.027400,0.463594,0.580649,-0.042663,0.479990,0.520161,-0.048493,0.496991,0.483602,-0.051621,0.505181,0.663663,-0.068649,0.522520,0.557187,-0.081055,0.520439,0.503004,-0.079422,0.516146,0.466094,-0.078206,0.535831,0.673774,-0.055656,0.519254,0.565592,-0.068180,0.499796,0.571322,-0.059537,0.493946,0.593495,-0.054575,0.554531,0.667260,-0.041629,0.530955,0.567954,-0.050489,0.513640,0.577116,-0.040020,0.509088,0.598031,-0.034791,0.564429,0.653369,-0.029217,0.542193,0.580265,-0.041132,0.525960,0.586668,-0.040342,0.520992,0.603039,-0.039232
1780503411.901,left,pinch,0.479040,0.735282,-0.000000,0.463545,0.667855,-0.024767,0.470090,0.584063,-0.038859,0.488509,0.521746,-0.044103,0.506403,0.485140,-0.046734,0.513588,0.663782,-0.064052,0.530640,0.560272,-0.075542,0.528367,0.507665,-0.073567,0.523119,0.471492,-0.071678,0.541829,0.677562,-0.051819,0.525461,0.574762,-0.064099,0.505765,0.577820,-0.056030,0.498569,0.596746,-0.050939,0.558271,0.674452,-0.038358,0.535240,0.579137,-0.047576,0.518138,0.585988,-0.038096,0.511839,0.604607,-0.032742,0.566323,0.663027,-0.026135,0.544328,0.591766,-0.037284,0.528066,0.596195,-0.036268,0.521715,0.610844,-0.034602
1780503412.026,left,pinch,0.481186,0.736431,-0.000000,0.466048,0.668991,-0.026286,0.473625,0.584318,-0.040814,0.492776,0.522730,-0.046224,0.510923,0.486776,-0.048983,0.516492,0.667775,-0.064050,0.534392,0.563661,-0.075457,0.531932,0.511567,-0.074299,0.527180,0.475234,-0.073288,0.544909,0.681194,-0.050880,0.530038,0.576484,-0.062896,0.509947,0.579328,-0.055358,0.503151,0.597905,-0.050917,0.561150,0.676917,-0.036576,0.540202,0.581090,-0.044906,0.522555,0.586254,-0.035197,0.515784,0.603634,-0.030105,0.569338,0.663934,-0.023766,0.549034,0.593268,-0.034644,0.533183,0.596618,-0.033677,0.527010,0.610081,-0.032181
1780503412.158,left,pinch,0.480882,0.737337,-0.000000,0.466646,0.671916,-0.025994,0.475417,0.588174,-0.040043,0.493983,0.526389,-0.045119,0.510739,0.490456,-0.047570,0.517980,0.669617,-0.062987,0.536259,0.562834,-0.074756,0.533085,0.511472,-0.073702,0.527122,0.478101,-0.072362,0.544870,0.682564,-0.050287,0.532054,0.576877,-0.062408,0.512904,0.578286,-0.055547,0.505901,0.596521,-0.051374,0.560310,0.678204,-0.036545,0.541045,0.582037,-0.045366,0.523618,0.587970,-0.036686,0.517103,0.606007,-0.032011,0.568134,0.665561,-0.024234,0.548790,0.595046,-0.035333,0.532521,0.599089,-0.034586,0.526158,0.613122,-0.033071
1780503412.269,left,pinch,0.486876,0.739497,-0.000000,0.474938,0.672974,-0.025144,0.483982,0.594328,-0.038551,0.500744,0.534224,-0.043521,0.515637,0.497326,-0.045889,0.532035,0.672503,-0.057793,0.550323,0.568875,-0.068046,0.545668,0.519570,-0.066500,0.538675,0.487483,-0.064663,0.554669,0.686455,-0.044444,0.542613,0.580947,-0.055016,0.522324,0.585797,-0.047849,0.515685,0.606859,-0.043291,0.566614,0.684430,-0.030209,0.548745,0.586402,-0.038247,0.529162,0.595174,-0.029397,0.522043,0.615831,-0.024313,0.570998,0.675459,-0.017324,0.553013,0.604508,-0.028126,0.536479,0.608866,-0.027409,0.530154,0.623707,-0.025648
1780503412.392,left,pinch,0.497420,0.755568,-0.000000,0.480753,0.689946,-0.029259,0.489220,0.600988,-0.044287,0.509281,0.536787,-0.049373,0.527399,0.503990,-0.051407,0.527966,0.687378,-0.066865,0.549246,0.578412,-0.079353,0.547972,0.524766,-0.078324,0.543257,0.490104,-0.077064,0.556032,0.697916,-0.051759,0.543279,0.587975,-0.063596,0.523440,0.586549,-0.055298,0.515065,0.604432,-0.050345,0.573233,0.689896,-0.035987,0.554302,0.591170,-0.044424,0.536439,0.593066,-0.035262,0.527578,0.609397,-0.030517,0.582372,0.674830,-0.022038,0.562391,0.603332,-0.033676,0.546342,0.604121,-0.034244,0.538850,0.615423,-0.033779
1780503412.546,left,pinch,0.502785,0.748116,-0.000000,0.486357,0.683954,-0.018985,0.494233,0.598173,-0.031541,0.513667,0.539859,-0.036810,0.533318,0.514909,-0.040120,0.506733,0.673660,-0.060717,0.538909,0.581596,-0.073913,0.546911,0.531335,-0.071865,0.548580,0.497092,-0.069398,0.536156,0.698652,-0.052859,0.546238,0.591436,-0.065331,0.532571,0.588653,-0.055963,0.523515,0.608203,-0.049315,0.559732,0.705892,-0.043796,0.559290,0.602773,-0.053377,0.545951,0.604985,-0.042870,0.539818,0.625428,-0.036002,0.578177,0.701375,-0.035379,0.572204,0.615679,-0.044503,0.558486,0.617138,-0.041861,0.553152,0.634738,-0.039609
1780503412.722,left,pinch,0.490614,0.747743,-0.000000,0.478459,0.685304,-0.004873,0.490210,0.604423,-0.013032,0.519190,0.553745,-0.019694,0.549318,0.540684,-0.025282,0.469002,0.617356,-0.030591,0.511986,0.550361,-0.040732,0.537739,0.526780,-0.039670,0.556736,0.515232,-0.038038,0.488982,0.650195,-0.034305,0.537892,0.571435,-0.051086,0.534552,0.585431,-0.047848,0.520118,0.613429,-0.041852,0.513146,0.680201,-0.036926,0.553531,0.599198,-0.050076,0.547359,0.615811,-0.040647,0.535011,0.641007,-0.031031,0.537759,0.704115,-0.039455,0.566270,0.633071,-0.047168,0.558969,0.645042,-0.041080,0.547865,0.669458,-0.035444
1780503412.862,left,pinch,0.473747,0.768451,0.000000,0.470991,0.704545,0.002028,0.483760,0.639921,-0.006162,0.514313,0.604705,-0.016853,0.545667,0.592216,-0.026792,0.459330,0.595557,-0.010125,0.500575,0.546717,-0.024709,0.530772,0.542045,-0.034986,0.550285,0.544889,-0.041506,0.468361,0.612397,-0.020095,0.520851,0.582001,-0.034300,0.525266,0.613748,-0.038425,0.511848,0.631818,-0.040297,0.483410,0.638426,-0.029931,0.535201,0.616355,-0.039901,0.534177,0.648812,-0.035177,0.519221,0.663226,-0.030940,0.501922,0.668022,-0.040088,0.541234,0.648459,-0.042706,0.539368,0.675027,-0.035115,0.526495,0.689414,-0.029016
1780503413.060,left,pinch,0.459226,0.819262,-0.000000,0.500261,0.767252,-0.000843,0.521335,0.707614,-0.007806,0.539732,0.669957,-0.017876,0.555875,0.639913,-0.026332,0.452007,0.617737,0.001897,0.500840,0.579909,-0.015108,0.532752,0.585385,-0.029289,0.554668,0.601557,-0.038014,0.449805,0.623121,-0.007441,0.513720,0.619223,-0.027366,0.513510,0.667157,-0.035517,0.496750,0.689207,-0.038076,0.458537,0.643205,-0.018314,0.518215,0.648058,-0.034741,0.514067,0.695381,-0.033692,0.497024,0.709888,-0.030180,0.472752,0.668848,-0.029918,0.516728,0.677062,-0.037327,0.513932,0.714464,-0.033013,0.501423,0.727270,-0.028212
1780503413.177,left,pinch,0.447099,0.812116,0.000000,0.490860,0.755290,-0.000365,0.511488,0.693706,-0.007657,0.529357,0.653333,-0.018208,0.547338,0.615461,-0.027185,0.442445,0.599587,0.003822,0.493771,0.564095,-0.013294,0.526125,0.568777,-0.028522,0.549140,0.583099,-0.038078,0.438782,0.604200,-0.005645,0.500642,0.597018,-0.025057,0.502697,0.647321,-0.034226,0.488392,0.675261,-0.037504,0.446752,0.625193,-0.016471,0.505201,0.625451,-0.032159,0.503398,0.674407,-0.030379,0.488314,0.693888,-0.026183,0.460722,0.651650,-0.027990,0.504934,0.655595,-0.034976,0.504597,0.692447,-0.029604,0.493321,0.708469,-0.023671
1780503413.351,left,pinch,0.444322,0.806843,-0.000000,0.487442,0.745617,0.001557,0.509422,0.683834,-0.005214,0.527361,0.645155,-0.016178,0.544091,0.608272,-0.025846,0.445009,0.592680,0.005664,0.495831,0.560306,-0.012514,0.526131,0.569053,-0.027750,0.546798,0.584502,-0.036750,0.438288,0.596293,-0.004934,0.501280,0.595516,-0.025020,0.501538,0.649704,-0.033754,0.487252,0.679103,-0.036361,0.441702,0.616728,-0.017059,0.500927,0.621199,-0.033910,0.497682,0.673429,-0.031942,0.483318,0.696063,-0.026939,0.451124,0.643574,-0.029722,0.496514,0.642768,-0.037423,0.496993,0.680448,-0.031735,0.486822,0.698679,-0.025191
1780503413.532,left,pinch,0.443953,0.808237,-0.000000,0.489468,0.745523,0.002341,0.510831,0.682525,-0.003675,0.529349,0.644653,-0.014291,0.547730,0.610478,-0.023561,0.445030,0.595776,0.007995,0.495722,0.562626,-0.009550,0.526375,0.571165,-0.024392,0.546757,0.587799,-0.033118,0.438914,0.600102,-0.003032,0.503152,0.597112,-0.022692,0.503577,0.651115,-0.031249,0.488721,0.679335,-0.033555,0.443011,0.619537,-0.015645,0.502563,0.622346,-0.031412,0.499418,0.673659,-0.029006,0.484359,0.695047,-0.023891,0.452764,0.644991,-0.028882,0.497435,0.644463,-0.035525,0.497622,0.681157,-0.029416,0.487230,0.697948,-0.022764
1780503413.709,left,pinch,0.445995,0.807265,-0.000000,0.490371,0.746239,0.001506,0.511748,0.684383,-0.005274,0.530023,0.645945,-0.016514,0.546925,0.610193,-0.026050,0.444046,0.595593,0.006958,0.493981,0.561212,-0.011343,0.525862,0.572014,-0.026082,0.546814,0.591760,-0.034262,0.437911,0.598701,-0.003760,0.503205,0.599281,-0.023943,0.501728,0.653734,-0.031757,0.485126,0.679831,-0.033293,0.442064,0.617659,-0.016251,0.503296,0.625316,-0.032491,0.498531,0.677589,-0.029665,0.482632,0.697798,-0.024108,0.451869,0.642870,-0.029460,0.498643,0.646580,-0.036213,0.497986,0.684452,-0.029867,0.487100,0.701055,-0.022856
1780503413.911,left,pinch,0.442278,0.808322,-0.000000,0.487435,0.746856,0.001638,0.509350,0.684620,-0.005225,0.528139,0.646520,-0.016362,0.546300,0.613502,-0.026015,0.440946,0.593886,0.005878,0.491305,0.559471,-0.011309,0.523681,0.569803,-0.025483,0.545417,0.588888,-0.033687,0.435174,0.599701,-0.005048,0.501166,0.598889,-0.023757,0.500322,0.653408,-0.031095,0.483901,0.678254,-0.033022,0.439838,0.621380,-0.017499,0.501561,0.622861,-0.032672,0.497818,0.675440,-0.029091,0.482039,0.695643,-0.023572,0.449971,0.649259,-0.030608,0.495199,0.645413,-0.036765,0.495609,0.683459,-0.029435,0.485496,0.700861,-0.022011
1780503414.198,left,pinch,0.439041,0.811065,-0.000000,0.485591,0.748363,0.002453,0.508026,0.684963,-0.004003,0.526764,0.646466,-0.014975,0.544836,0.614299,-0.024576,0.440356,0.593857,0.006068,0.491271,0.559832,-0.010305,0.523108,0.569644,-0.023680,0.544296,0.587879,-0.031522,0.434126,0.600030,-0.005165,0.500810,0.600416,-0.022747,0.499212,0.654949,-0.029308,0.481849,0.678766,-0.031070,0.438155,0.622370,-0.017815,0.500624,0.624803,-0.032013,0.496384,0.677266,-0.028049,0.479729,0.697135,-0.022712,0.447350,0.651372,-0.031104,0.493465,0.647120,-0.036734,0.493869,0.684724,-0.029355,0.483207,0.702297,-0.022165
1780503414.354,left,pinch,0.439482,0.806810,-0.000000,0.484707,0.745609,0.000993,0.506649,0.684238,-0.006314,0.525230,0.646554,-0.018072,0.542313,0.611355,-0.028289,0.439555,0.593061,0.005981,0.489855,0.557516,-0.012308,0.521346,0.567264,-0.027808,0.542779,0.584620,-0.036870,0.433538,0.599184,-0.004585,0.496596,0.592479,-0.024492,0.496153,0.644134,-0.032889,0.480577,0.671608,-0.035227,0.437854,0.619625,-0.016855,0.497594,0.619021,-0.032638,0.494496,0.670797,-0.029534,0.479790,0.692578,-0.024038,0.448206,0.645584,-0.029901,0.493937,0.643300,-0.035819,0.493221,0.681514,-0.028806,0.481845,0.699886,-0.021687
1780503414.722,left,pinch,0.437769,0.804622,-0.000000,0.483332,0.741895,0.001793,0.506199,0.683132,-0.005341,0.524980,0.645060,-0.017232,0.540412,0.605190,-0.027713,0.439394,0.587728,0.008059,0.490628,0.557485,-0.010911,0.521899,0.565563,-0.027095,0.543053,0.579914,-0.036509,0.432763,0.590672,-0.003056,0.496499,0.588164,-0.024287,0.496538,0.641259,-0.034176,0.481506,0.669807,-0.036890,0.436083,0.608715,-0.015814,0.496979,0.616554,-0.033066,0.493442,0.670059,-0.031079,0.478476,0.692807,-0.025468,0.445011,0.633308,-0.029267,0.493022,0.638429,-0.036115,0.492381,0.677106,-0.029821,0.480745,0.695309,-0.022581
1780503414.960,left,pinch,0.439141,0.802443,0.000000,0.483341,0.741801,0.001965,0.506203,0.682074,-0.004663,0.525248,0.643682,-0.015828,0.540501,0.604930,-0.025695,0.440477,0.586921,0.006567,0.490664,0.556275,-0.011022,0.521243,0.564200,-0.025822,0.542102,0.577478,-0.034639,0.433718,0.591755,-0.004369,0.496521,0.587398,-0.024123,0.497387,0.638610,-0.033164,0.483473,0.666035,-0.035928,0.436598,0.611537,-0.016735,0.496577,0.616453,-0.033169,0.492791,0.667966,-0.031107,0.477664,0.689261,-0.026012,0.444755,0.637715,-0.029667,0.492212,0.638148,-0.036324,0.491526,0.675256,-0.030128,0.479805,0.692768,-0.023384
1780503415.095,left,pinch,0.438359,0.802342,-0.000000,0.482434,0.742682,0.001933,0.505227,0.682612,-0.004944,0.524645,0.643754,-0.016499,0.541006,0.605083,-0.026806,0.439466,0.586344,0.006818,0.489798,0.554657,-0.011096,0.520759,0.562314,-0.026095,0.541978,0.574935,-0.035068,0.432362,0.590233,-0.004284,0.496656,0.590418,-0.024277,0.495859,0.643357,-0.032890,0.480296,0.668070,-0.035391,0.435053,0.609697,-0.016949,0.496604,0.617500,-0.033511,0.492248,0.669660,-0.030883,0.476656,0.689103,-0.025464,0.443014,0.635993,-0.030257,0.490894,0.638476,-0.037012,0.489903,0.675646,-0.030535,0.477866,0.691562,-0.023514
1780503415.358,left,pinch,0.438833,0.799162,0.000000,0.482029,0.740270,0.001221,0.504057,0.680136,-0.005613,0.522557,0.641214,-0.016832,0.537734,0.600057,-0.026579,0.437030,0.585546,0.006334,0.488555,0.553864,-0.012000,0.519006,0.562381,-0.027137,0.539431,0.575063,-0.036054,0.429484,0.588170,-0.004203,0.493494,0.584435,-0.024493,0.496004,0.636154,-0.033616,0.483429,0.662008,-0.036334,0.432174,0.605713,-0.016303,0.493625,0.612324,-0.033524,0.490565,0.665437,-0.031384,0.475780,0.686473,-0.025958,0.440536,0.629840,-0.029010,0.489364,0.633423,-0.036184,0.488978,0.672152,-0.029906,0.477034,0.689905,-0.022854
1780503415.523,left,pinch,0.433664,0.781006,-0.000000,0.408501,0.783025,-0.013553,0.381617,0.810194,-0.016099,0.363882,0.839322,-0.016696,0.352779,0.861651,-0.015788,0.369148,0.849881,-0.004652,0.358745,0.866274,-0.013249,0.362454,0.857482,-0.019692,0.363954,0.853962,-0.022993,0.379349,0.868991,-0.000481,0.376729,0.863013,-0.007200,0.386587,0.841500,-0.010597,0.391226,0.834422,-0.011767,0.394348,0.880286,0.001388,0.397138,0.870686,-0.007509,0.405223,0.844764,-0.008564,0.407322,0.832268,-0.007161,0.410603,0.886887,0.002186,0.412052,0.875771,-0.004103,0.417205,0.855654,-0.003782,0.418810,0.845636,-0.001609
1780503415.729,left,pinch,0.440662,0.794303,0.000000,0.483294,0.732556,0.001347,0.506204,0.674855,-0.005365,0.524988,0.637608,-0.016411,0.538012,0.597639,-0.026152,0.439130,0.586364,0.006384,0.486271,0.553246,-0.010722,0.515191,0.555051,-0.024329,0.535927,0.562351,-0.032359,0.431314,0.589514,-0.004003,0.492622,0.571064,-0.022512,0.504164,0.612588,-0.030380,0.501159,0.635051,-0.032510,0.433062,0.605320,-0.015968,0.493670,0.606763,-0.032334,0.491919,0.658252,-0.030446,0.478727,0.680530,-0.025381,0.440767,0.627769,-0.028580,0.488964,0.630726,-0.035387,0.488781,0.668056,-0.030146,0.477626,0.685700,-0.024237
1780503416.022,left,pinch,0.438950,0.768680,-0.000000,0.412578,0.784744,-0.005056,0.391007,0.814422,-0.005504,0.380060,0.839219,-0.004833,0.373663,0.853468,-0.003117,0.399362,0.873613,-0.000622,0.382884,0.854887,-0.003831,0.385730,0.833331,-0.008016,0.392648,0.822084,-0.010687,0.406886,0.881459,0.001808,0.388887,0.860352,0.000447,0.391747,0.838394,-0.001287,0.399837,0.825716,-0.002627,0.413913,0.878084,0.003669,0.395780,0.862312,0.001669,0.397164,0.842620,0.002554,0.404462,0.829480,0.003504,0.420200,0.868540,0.005144,0.405886,0.860423,0.003444,0.405449,0.844997,0.005251,0.410040,0.835441,0.007481
1780503416.163,left,pinch,0.439298,0.795528,0.000000,0.483069,0.733166,0.000605,0.505696,0.675520,-0.006003,0.522918,0.637460,-0.016640,0.534444,0.596185,-0.025907,0.437126,0.584801,0.006017,0.486577,0.552419,-0.011138,0.515417,0.555371,-0.025166,0.535518,0.562136,-0.033626,0.429669,0.588213,-0.003899,0.492444,0.569933,-0.022957,0.503632,0.612483,-0.031509,0.499811,0.635158,-0.034087,0.432081,0.604550,-0.015370,0.493229,0.604791,-0.032503,0.491354,0.657093,-0.030966,0.477859,0.679510,-0.025912,0.440393,0.627558,-0.027447,0.488289,0.628939,-0.035139,0.487951,0.665744,-0.030199,0.476816,0.682530,-0.024275
1780503416.361,left,pinch,0.439101,0.792616,0.000000,0.481459,0.726502,0.000112,0.501518,0.667994,-0.007606,0.518279,0.628579,-0.019418,0.534106,0.589869,-0.029829,0.431409,0.583469,0.005065,0.481701,0.547499,-0.014250,0.511633,0.549303,-0.029148,0.532162,0.557634,-0.037708,0.426739,0.587876,-0.005501,0.490145,0.555038,-0.025226,0.508472,0.585397,-0.033751,0.510808,0.602061,-0.036375,0.431524,0.604115,-0.017848,0.492328,0.596923,-0.036364,0.491109,0.650279,-0.034509,0.477631,0.673750,-0.028938,0.442087,0.627606,-0.030816,0.488041,0.626260,-0.039673,0.488284,0.664502,-0.034161,0.477750,0.681870,-0.027652
1780503416.508,left,pinch,0.437282,0.786016,0.000000,0.479263,0.720500,-0.000552,0.497605,0.657908,-0.007029,0.512417,0.616132,-0.017092,0.527089,0.577451,-0.025541,0.426926,0.579328,0.005605,0.476229,0.541238,-0.012202,0.506099,0.543335,-0.026727,0.527107,0.550927,-0.035722,0.422082,0.584640,-0.004016,0.484224,0.561049,-0.025447,0.493581,0.607881,-0.034498,0.487093,0.636373,-0.036861,0.427752,0.601179,-0.015370,0.487469,0.592798,-0.034402,0.486413,0.645625,-0.032915,0.473579,0.669572,-0.027488,0.439469,0.622915,-0.027362,0.485073,0.620425,-0.036678,0.485312,0.658300,-0.032098,0.475367,0.676111,-0.026197
1780503416.762,left,pinch,0.430212,0.771606,0.000000,0.466918,0.699638,-0.000526,0.481021,0.634285,-0.006855,0.493624,0.590065,-0.016362,0.506042,0.561686,-0.024146,0.416585,0.566784,0.001756,0.463443,0.522140,-0.012959,0.493189,0.523592,-0.025324,0.514155,0.531831,-0.033156,0.418104,0.582257,-0.006591,0.478579,0.563013,-0.025714,0.485539,0.606925,-0.033855,0.477836,0.636949,-0.036173,0.429420,0.605750,-0.016026,0.486366,0.593779,-0.031851,0.486169,0.637514,-0.030655,0.475166,0.661049,-0.026270,0.444997,0.630323,-0.026049,0.489500,0.620208,-0.033084,0.490801,0.651539,-0.028746,0.483515,0.668485,-0.023416
1780503416.977,left,pinch,0.426003,0.770422,0.000000,0.461909,0.692608,-0.000633,0.475400,0.629037,-0.008087,0.487791,0.586071,-0.019020,0.500405,0.560825,-0.028414,0.413962,0.563167,-0.000384,0.464962,0.520346,-0.015815,0.495299,0.521265,-0.028589,0.517339,0.532228,-0.036620,0.417040,0.579099,-0.008761,0.477843,0.566346,-0.027278,0.484117,0.611095,-0.035275,0.476577,0.644296,-0.038133,0.429044,0.604578,-0.018126,0.484539,0.593623,-0.032903,0.484808,0.636185,-0.030979,0.475012,0.662488,-0.026666,0.445327,0.630448,-0.028140,0.487559,0.617725,-0.034092,0.489154,0.646095,-0.029199,0.482495,0.663386,-0.023891
1780503417.103,left,pinch,0.422164,0.760093,0.000000,0.444817,0.682855,-0.001382,0.457031,0.616446,-0.010437,0.469884,0.572472,-0.022299,0.482140,0.547324,-0.032745,0.407665,0.558153,-0.007197,0.461285,0.514795,-0.022805,0.491684,0.516088,-0.034050,0.512792,0.524603,-0.040785,0.412883,0.576808,-0.015072,0.474052,0.565903,-0.030572,0.479220,0.605373,-0.035514,0.471227,0.630041,-0.037662,0.425896,0.604553,-0.023670,0.482095,0.594588,-0.036098,0.480913,0.634092,-0.031928,0.470686,0.654980,-0.027257,0.443173,0.631566,-0.032899,0.485337,0.617462,-0.037202,0.485133,0.644278,-0.030577,0.476918,0.659147,-0.024498
1780503417.286,left,pinch,0.421747,0.757046,0.000000,0.443446,0.681275,-0.000789,0.454909,0.614797,-0.009457,0.467930,0.570536,-0.021399,0.480298,0.545634,-0.031955,0.406446,0.558608,-0.004674,0.459366,0.513330,-0.020758,0.489389,0.513994,-0.032153,0.509446,0.522770,-0.038780,0.411675,0.576633,-0.012937,0.474163,0.563793,-0.029671,0.477485,0.603905,-0.034838,0.467061,0.627075,-0.036513,0.424863,0.602749,-0.022164,0.481579,0.593357,-0.035157,0.478509,0.631866,-0.031698,0.465917,0.649361,-0.027278,0.442262,0.628055,-0.032025,0.485360,0.615250,-0.036446,0.483102,0.641809,-0.030530,0.471968,0.654157,-0.024966
1780503417.448,left,pinch,0.422368,0.755563,0.000000,0.439079,0.681896,0.000092,0.450667,0.613966,-0.008009,0.466163,0.570442,-0.019548,0.481189,0.547408,-0.029847,0.407794,0.558971,-0.004275,0.459102,0.512439,-0.020191,0.488407,0.513232,-0.031397,0.508289,0.522978,-0.037818,0.413286,0.577102,-0.012933,0.476215,0.568227,-0.029697,0.478153,0.607646,-0.035045,0.467147,0.629997,-0.036857,0.426371,0.603378,-0.022451,0.482705,0.598174,-0.035434,0.478413,0.636440,-0.032366,0.465437,0.653001,-0.028174,0.443331,0.628746,-0.032510,0.485704,0.617478,-0.036816,0.482380,0.643827,-0.031012,0.470884,0.655486,-0.025521
1780503417.595,left,pinch,0.421050,0.754280,0.000000,0.435950,0.679067,-0.000160,0.446825,0.610810,-0.008356,0.461371,0.566771,-0.019795,0.475539,0.542646,-0.029918,0.407019,0.557094,-0.005021,0.458692,0.511065,-0.021185,0.488164,0.512135,-0.032446,0.508271,0.521539,-0.038894,0.413224,0.575727,-0.013573,0.475169,0.564797,-0.030403,0.476885,0.604428,-0.035466,0.466161,0.627415,-0.037017,0.426566,0.602431,-0.022995,0.482878,0.595295,-0.035940,0.478396,0.634137,-0.032227,0.465683,0.651435,-0.027540,0.443802,0.628975,-0.032995,0.485654,0.617143,-0.037292,0.481920,0.643987,-0.031085,0.470544,0.656107,-0.025232
1780503417.802,left,pinch,0.421778,0.752092,0.000000,0.434917,0.676550,0.000819,0.446537,0.609660,-0.007493,0.464410,0.568211,-0.019296,0.481591,0.547356,-0.029822,0.406839,0.557044,-0.004704,0.458266,0.510706,-0.020514,0.487209,0.512644,-0.031449,0.506338,0.522928,-0.037699,0.413460,0.575670,-0.013755,0.474755,0.564109,-0.029898,0.477101,0.603314,-0.034677,0.466604,0.626980,-0.036190,0.427067,0.601826,-0.023552,0.482694,0.594499,-0.035665,0.478169,0.632742,-0.031921,0.465161,0.650043,-0.027471,0.444481,0.627450,-0.033865,0.484954,0.616943,-0.037448,0.480609,0.644329,-0.031089,0.468671,0.656802,-0.025351
1780503417.915,left,pinch,0.424304,0.760785,0.000000,0.440471,0.684106,0.002285,0.454144,0.613596,-0.003866,0.473567,0.571073,-0.013574,0.491643,0.551129,-0.022368,0.413330,0.557632,-0.003430,0.465017,0.518752,-0.017820,0.492904,0.523144,-0.028048,0.509751,0.535331,-0.034002,0.420005,0.578402,-0.012755,0.481421,0.571764,-0.026895,0.486307,0.608770,-0.031942,0.476474,0.633580,-0.034285,0.433384,0.608572,-0.022573,0.489040,0.603645,-0.034291,0.488634,0.640083,-0.031840,0.477949,0.658629,-0.028275,0.449490,0.638969,-0.032590,0.491773,0.626774,-0.036289,0.491727,0.652290,-0.030592,0.483177,0.665999,-0.025370
1780503418.142,left,pinch,0.417882,0.734354,-0.000000,0.470402,0.681479,0.000311,0.498354,0.627010,-0.006723,0.521194,0.590451,-0.016648,0.543789,0.567306,-0.024831,0.448411,0.522187,-0.001877,0.507014,0.509682,-0.018768,0.529258,0.540122,-0.031437,0.536294,0.568606,-0.038875,0.450021,0.541754,-0.011207,0.515330,0.535629,-0.026453,0.525434,0.570958,-0.033687,0.520487,0.591828,-0.037279,0.457701,0.572013,-0.021408,0.511631,0.592923,-0.032567,0.502843,0.634491,-0.031752,0.485138,0.652609,-0.029803,0.468309,0.606476,-0.032361,0.506339,0.628722,-0.036700,0.500782,0.660894,-0.033369,0.489312,0.673163,-0.030405
1780503418.381,left,pinch,0.410797,0.666130,-0.000000,0.472930,0.642611,0.000144,0.510812,0.610984,-0.007038,0.537458,0.594593,-0.018212,0.563601,0.582821,-0.027473,0.479770,0.474478,0.006602,0.536490,0.495883,-0.012457,0.557314,0.538519,-0.029111,0.567267,0.575725,-0.038961,0.477017,0.480219,-0.002649,0.532688,0.545581,-0.022276,0.516996,0.588860,-0.033952,0.494878,0.603827,-0.039429,0.477638,0.507410,-0.013541,0.525045,0.572574,-0.027410,0.505226,0.609268,-0.029842,0.483364,0.616449,-0.029272,0.481190,0.543188,-0.025418,0.512621,0.600061,-0.031435,0.499649,0.628131,-0.030319,0.485281,0.633715,-0.027774
1780503418.579,left,pinch,0.421093,0.622759,-0.000000,0.478931,0.639802,-0.000375,0.517596,0.635127,-0.007538,0.545060,0.636716,-0.018594,0.570286,0.641471,-0.027461,0.530157,0.504756,0.006970,0.565865,0.581016,-0.010873,0.555572,0.619726,-0.026217,0.546186,0.631323,-0.036950,0.521597,0.501640,-0.003123,0.559840,0.605575,-0.020019,0.540267,0.631845,-0.031117,0.525724,0.626812,-0.038435,0.512450,0.516224,-0.014889,0.540555,0.617183,-0.027845,0.513454,0.632678,-0.030083,0.492941,0.616228,-0.031037,0.503470,0.540605,-0.027886,0.523100,0.619698,-0.035520,0.508513,0.634035,-0.035954,0.495810,0.618718,-0.035661
1780503418.844,left,pinch,0.413547,0.573409,0.000000,0.461534,0.609479,0.000287,0.497106,0.611256,-0.005709,0.521262,0.620392,-0.015161,0.544025,0.632563,-0.022806,0.514316,0.485520,0.003412,0.551221,0.541882,-0.014429,0.556218,0.589483,-0.029636,0.554414,0.625811,-0.039068,0.508853,0.478957,-0.005812,0.539181,0.571166,-0.024472,0.526186,0.600164,-0.034309,0.514943,0.602713,-0.039114,0.500540,0.492081,-0.016579,0.520710,0.583621,-0.030004,0.498138,0.594462,-0.029467,0.483062,0.579744,-0.027358,0.492191,0.515212,-0.028506,0.503529,0.587646,-0.035379,0.487995,0.596908,-0.033250,0.477762,0.583557,-0.030430
1780503419.121,left,pinch,0.398556,0.548096,-0.000000,0.445871,0.581120,0.000951,0.481954,0.584714,-0.003539,0.505501,0.592521,-0.011768,0.527638,0.597419,-0.018073,0.500388,0.467031,0.008205,0.531823,0.532253,-0.007616,0.530879,0.569842,-0.020533,0.527711,0.593292,-0.028849,0.494997,0.456514,-0.000918,0.516448,0.546096,-0.017988,0.495138,0.558702,-0.025278,0.481776,0.546747,-0.028286,0.486163,0.463264,-0.012078,0.500996,0.550911,-0.024451,0.479672,0.557083,-0.023025,0.469639,0.539299,-0.020699,0.476672,0.481839,-0.024440,0.484397,0.551593,-0.030530,0.467644,0.556834,-0.028310,0.458679,0.538701,-0.025804
1780503419.388,left,pinch,0.385256,0.544626,-0.000000,0.428657,0.569878,-0.000700,0.460633,0.575031,-0.007622,0.483577,0.585600,-0.018351,0.505399,0.594316,-0.027822,0.480696,0.461841,0.005766,0.507252,0.513887,-0.009507,0.510882,0.553341,-0.021128,0.509350,0.579599,-0.027811,0.472602,0.448303,-0.002398,0.490717,0.530623,-0.017687,0.469865,0.547526,-0.023249,0.458219,0.531639,-0.024908,0.461854,0.451997,-0.012576,0.477604,0.532044,-0.025778,0.457226,0.545395,-0.023237,0.447360,0.529110,-0.019213,0.450020,0.465741,-0.023703,0.462973,0.526269,-0.030747,0.448817,0.538389,-0.026603,0.440062,0.524393,-0.021739
1780503419.563,left,pinch,0.372026,0.538820,-0.000000,0.407768,0.560937,-0.002962,0.441224,0.564751,-0.009351,0.464568,0.573949,-0.018641,0.483623,0.579482,-0.026625,0.462242,0.459453,0.001537,0.486841,0.495851,-0.013419,0.488562,0.535156,-0.023520,0.486360,0.558489,-0.028836,0.452469,0.442387,-0.005110,0.468580,0.517196,-0.019773,0.448218,0.535483,-0.024355,0.437328,0.517913,-0.025364,0.439213,0.441401,-0.013742,0.453575,0.517169,-0.027328,0.433783,0.532450,-0.024933,0.424838,0.515532,-0.020891,0.424712,0.449615,-0.023283,0.436954,0.507650,-0.030690,0.423211,0.520351,-0.026706,0.414827,0.506509,-0.021811
1780503419.795,left,pinch,0.358799,0.534779,-0.000000,0.394580,0.557575,-0.002008,0.427339,0.559681,-0.006732,0.448701,0.569397,-0.014183,0.465622,0.578648,-0.020341,0.446873,0.460215,0.002851,0.469037,0.498679,-0.011777,0.467701,0.537030,-0.022280,0.463406,0.560747,-0.027901,0.437272,0.443783,-0.003335,0.449885,0.512277,-0.017286,0.430840,0.529538,-0.022855,0.419133,0.519554,-0.024701,0.423694,0.442150,-0.011424,0.433750,0.517229,-0.023363,0.416225,0.529089,-0.023172,0.408633,0.514164,-0.021049,0.409368,0.449375,-0.020442,0.416605,0.509886,-0.026444,0.404423,0.518791,-0.024589,0.398436,0.503395,-0.021746
1780503419.924,left,pinch,0.350032,0.534022,-0.000000,0.381273,0.553544,-0.003811,0.410079,0.554944,-0.010432,0.429774,0.561963,-0.019356,0.445753,0.570579,-0.027067,0.433338,0.458107,-0.002257,0.453656,0.493404,-0.017810,0.451132,0.530588,-0.027862,0.445919,0.551706,-0.032770,0.422560,0.440368,-0.007836,0.433434,0.507292,-0.022230,0.414186,0.526403,-0.026866,0.404211,0.514343,-0.027944,0.407968,0.437549,-0.015165,0.417441,0.508938,-0.028254,0.399788,0.523939,-0.026662,0.392805,0.509363,-0.023196,0.392129,0.443001,-0.023355,0.400925,0.498931,-0.030311,0.389268,0.512291,-0.026926,0.383215,0.500130,-0.022478
1780503420.078,left,pinch,0.352512,0.529228,-0.000000,0.381797,0.544872,-0.005855,0.411535,0.546579,-0.013883,0.432741,0.552391,-0.023650,0.446363,0.547638,-0.031583,0.429013,0.447309,-0.003010,0.449091,0.473824,-0.018766,0.448682,0.508213,-0.027785,0.443584,0.532198,-0.031274,0.418398,0.426987,-0.007419,0.430148,0.490491,-0.022190,0.410447,0.511911,-0.025892,0.400706,0.501470,-0.025442,0.404239,0.422208,-0.013852,0.414760,0.489780,-0.027193,0.398098,0.506715,-0.024781,0.391366,0.494215,-0.020230,0.388775,0.426618,-0.021303,0.397956,0.480794,-0.028524,0.387386,0.495687,-0.025172,0.381626,0.484727,-0.020277
1780503420.290,left,pinch,0.351682,0.526020,-0.000000,0.379974,0.539915,-0.004730,0.408409,0.540552,-0.012288,0.428820,0.545132,-0.021825,0.440759,0.541557,-0.029751,0.425768,0.443115,-0.002110,0.445253,0.464911,-0.017572,0.445468,0.497697,-0.026113,0.441366,0.520558,-0.029199,0.414892,0.423569,-0.006847,0.427502,0.483395,-0.021191,0.407923,0.507776,-0.024393,0.398204,0.497805,-0.023483,0.400871,0.418382,-0.013497,0.411710,0.480981,-0.026846,0.395476,0.500407,-0.024319,0.388838,0.488580,-0.019592,0.385304,0.421742,-0.020984,0.395350,0.471949,-0.027873,0.384701,0.488379,-0.024030,0.378283,0.478411,-0.018804
1780503420.445,left,pinch,0.352010,0.515628,-0.000000,0.380071,0.530587,-0.007046,0.409094,0.530853,-0.015470,0.430418,0.534448,-0.025629,0.441189,0.524168,-0.033774,0.424710,0.434367,-0.002408,0.444289,0.453676,-0.018597,0.444441,0.486571,-0.026807,0.441395,0.508805,-0.029355,0.413119,0.414435,-0.006285,0.427059,0.471535,-0.021502,0.406453,0.498414,-0.023913,0.398555,0.487405,-0.021803,0.399039,0.409044,-0.012550,0.410714,0.469239,-0.026921,0.393706,0.489038,-0.023550,0.388137,0.475327,-0.017754,0.383907,0.411857,-0.019891,0.394235,0.459895,-0.027559,0.383161,0.475654,-0.023522,0.376935,0.464074,-0.017804
1780503420.766,left,pinch,0.357603,0.498901,-0.000000,0.384722,0.514122,-0.008124,0.413561,0.513373,-0.016641,0.435653,0.510826,-0.026338,0.448822,0.494794,-0.033954,0.428003,0.417526,-0.003884,0.446985,0.429062,-0.018304,0.449370,0.457636,-0.024767,0.446275,0.479364,-0.026083,0.417331,0.396767,-0.006512,0.430262,0.450230,-0.019968,0.410525,0.476279,-0.021280,0.402299,0.464668,-0.018668,0.403797,0.390769,-0.011449,0.415277,0.449693,-0.025165,0.398780,0.469773,-0.021743,0.392908,0.456367,-0.016032,0.388782,0.392602,-0.017392,0.399644,0.438717,-0.025165,0.389181,0.455659,-0.021293,0.382671,0.445957,-0.015604
1780503420.942,left,pinch,0.358703,0.499058,-0.000000,0.386241,0.512927,-0.005100,0.416103,0.512640,-0.012558,0.438836,0.510990,-0.021947,0.449601,0.493326,-0.029621,0.429035,0.416821,-0.001679,0.448895,0.428257,-0.016088,0.452280,0.453675,-0.023087,0.450541,0.476118,-0.024949,0.418427,0.395687,-0.005904,0.432350,0.448138,-0.019462,0.412718,0.473659,-0.020996,0.404228,0.465192,-0.018499,0.404861,0.388873,-0.012188,0.416223,0.447920,-0.025269,0.400187,0.467408,-0.021854,0.394220,0.456336,-0.016293,0.389611,0.390287,-0.019331,0.400637,0.437339,-0.025988,0.390721,0.454135,-0.021776,0.384290,0.445816,-0.016156
1780503421.216,left,pinch,0.359693,0.502920,-0.000000,0.387063,0.514488,-0.004195,0.417274,0.512691,-0.010988,0.440280,0.508710,-0.019805,0.449466,0.487861,-0.026975,0.428703,0.417428,-0.001116,0.449627,0.425208,-0.015254,0.452274,0.451791,-0.022124,0.449592,0.474450,-0.023817,0.417987,0.396155,-0.005554,0.432764,0.447365,-0.018848,0.413288,0.474796,-0.020517,0.404059,0.467273,-0.018249,0.404369,0.389226,-0.011940,0.417367,0.446399,-0.024860,0.400998,0.467657,-0.021556,0.393652,0.457797,-0.016124,0.388939,0.390538,-0.019063,0.400944,0.436414,-0.025601,0.391326,0.455126,-0.021423,0.384522,0.448472,-0.015877
1780503421.455,left,pinch,0.361308,0.510625,-0.000000,0.388935,0.519441,-0.004888,0.418955,0.513555,-0.012064,0.442002,0.506479,-0.021265,0.453350,0.483941,-0.028935,0.427027,0.420513,-0.001587,0.447745,0.422373,-0.016251,0.452768,0.446478,-0.023542,0.451712,0.469677,-0.025505,0.415528,0.400011,-0.005868,0.432612,0.446099,-0.019832,0.414028,0.475198,-0.021525,0.404899,0.467951,-0.019131,0.401813,0.393420,-0.012227,0.417872,0.444869,-0.026142,0.402075,0.468716,-0.022368,0.394584,0.459846,-0.016413,0.386460,0.395037,-0.019328,0.401506,0.437189,-0.026827,0.392026,0.457835,-0.022185,0.384403,0.451896,-0.016119
1780503421.601,left,pinch,0.368386,0.522702,-0.000000,0.396475,0.533534,-0.006119,0.425949,0.529532,-0.013494,0.448711,0.525401,-0.022721,0.461067,0.505843,-0.030143,0.436555,0.435262,-0.001512,0.458280,0.438811,-0.016497,0.463348,0.465726,-0.024211,0.461413,0.490370,-0.026307,0.426261,0.415038,-0.005057,0.443028,0.461873,-0.019160,0.425517,0.490801,-0.021777,0.414965,0.485134,-0.019840,0.413298,0.408325,-0.010789,0.427900,0.461549,-0.024499,0.412004,0.485576,-0.021899,0.403737,0.477297,-0.016547,0.399034,0.409433,-0.017388,0.411854,0.453442,-0.024412,0.401644,0.472495,-0.020471,0.393575,0.465081,-0.014817
1780503421.868,left,pinch,0.367687,0.529583,-0.000000,0.395884,0.539770,-0.005300,0.425188,0.535886,-0.012445,0.447745,0.533287,-0.021610,0.461052,0.518055,-0.029248,0.436243,0.438555,-0.001020,0.458656,0.450558,-0.015516,0.462911,0.477444,-0.023865,0.461851,0.498351,-0.027077,0.425412,0.419683,-0.005239,0.442596,0.471598,-0.019364,0.424986,0.499568,-0.022682,0.414290,0.493873,-0.021736,0.412324,0.414426,-0.011508,0.427534,0.471365,-0.025145,0.411269,0.494741,-0.022949,0.402499,0.486404,-0.018167,0.397915,0.417300,-0.018591,0.411772,0.463806,-0.025770,0.401507,0.482441,-0.022162,0.393172,0.475017,-0.017000
1780503422.064,left,pinch,0.367462,0.529803,-0.000000,0.394920,0.541974,-0.004256,0.425364,0.538223,-0.010589,0.447666,0.538030,-0.019070,0.460714,0.529095,-0.026135,0.436744,0.441632,-0.000215,0.458924,0.455183,-0.015142,0.463244,0.483079,-0.024035,0.463103,0.505967,-0.027494,0.426228,0.422423,-0.004775,0.442901,0.477157,-0.019241,0.424196,0.503152,-0.022998,0.413252,0.496392,-0.022158,0.413095,0.416896,-0.011276,0.427148,0.476004,-0.025178,0.410700,0.497809,-0.023435,0.402761,0.488168,-0.018735,0.398686,0.418881,-0.018455,0.411934,0.466437,-0.025344,0.401406,0.485216,-0.021461,0.393702,0.478049,-0.015999
1780503422.311,left,pinch,0.368330,0.530714,-0.000000,0.396273,0.543326,-0.004246,0.426004,0.539929,-0.011105,0.447774,0.540402,-0.020203,0.461942,0.532555,-0.027950,0.437842,0.443250,-0.000305,0.459313,0.457815,-0.015511,0.463545,0.486108,-0.024500,0.463287,0.509115,-0.027969,0.427111,0.423940,-0.005048,0.443428,0.478625,-0.019426,0.424316,0.505731,-0.022731,0.413721,0.498332,-0.021583,0.413829,0.418761,-0.011753,0.427644,0.476991,-0.025854,0.411152,0.499972,-0.023418,0.403427,0.490216,-0.018187,0.399247,0.421316,-0.019116,0.412576,0.466504,-0.026129,0.402213,0.486061,-0.021511,0.394726,0.479052,-0.015467
1780503422.535,left,pinch,0.368403,0.538603,-0.000000,0.396303,0.554783,-0.006253,0.425250,0.556386,-0.014164,0.446529,0.560847,-0.024077,0.461363,0.557587,-0.032368,0.443167,0.458901,-0.002221,0.463062,0.479705,-0.018078,0.466523,0.512646,-0.027226,0.466317,0.537144,-0.030887,0.432646,0.439829,-0.006389,0.447503,0.500417,-0.020676,0.428746,0.524571,-0.023791,0.419362,0.514636,-0.022939,0.419346,0.434829,-0.012775,0.431238,0.499621,-0.026135,0.413948,0.519355,-0.023676,0.407511,0.507905,-0.018968,0.404936,0.438133,-0.020249,0.415427,0.490174,-0.026602,0.403873,0.505365,-0.022697,0.397009,0.495397,-0.017517
1780503430.721,left,pinch,0.378597,0.765869,0.000000,0.408569,0.731863,0.002074,0.442465,0.721752,-0.003801,0.467372,0.735760,-0.011277,0.481437,0.761138,-0.017742,0.451663,0.677178,-0.012162,0.487606,0.719328,-0.025292,0.498435,0.769008,-0.033344,0.497553,0.804292,-0.037224,0.444156,0.695857,-0.018988,0.477605,0.756321,-0.028528,0.475745,0.790075,-0.028944,0.467419,0.796347,-0.029244,0.434767,0.724921,-0.025786,0.464924,0.784305,-0.032763,0.459860,0.809632,-0.027554,0.448925,0.808083,-0.023743,0.424361,0.757205,-0.032699,0.447121,0.801641,-0.035842,0.442485,0.820398,-0.030537,0.432133,0.818380,-0.026168
1780503430.822,left,pinch,0.410337,0.696070,0.000000,0.442845,0.696245,-0.003927,0.472978,0.679710,-0.009426,0.491728,0.669106,-0.016972,0.500365,0.653579,-0.023752,0.475254,0.572551,-0.003344,0.502533,0.584649,-0.017171,0.508046,0.626471,-0.028435,0.504268,0.662870,-0.034147,0.460355,0.561295,-0.008728,0.489482,0.582440,-0.019943,0.491095,0.624134,-0.025475,0.483418,0.654527,-0.027915,0.444155,0.563349,-0.015644,0.470859,0.595336,-0.026385,0.466109,0.630367,-0.025600,0.455290,0.652537,-0.023153,0.428114,0.577738,-0.023378,0.448750,0.614833,-0.029195,0.445218,0.645029,-0.025487,0.436182,0.665027,-0.021380
1780503430.936,left,pinch,0.415065,0.657571,0.000000,0.452310,0.640618,-0.000854,0.482865,0.614432,-0.005428,0.505186,0.599479,-0.012341,0.518657,0.572727,-0.018319,0.469919,0.510273,0.004883,0.499062,0.522260,-0.005947,0.510403,0.549464,-0.014956,0.512694,0.569134,-0.019663,0.457529,0.500323,-0.000567,0.487232,0.540045,-0.009931,0.478829,0.575668,-0.014251,0.466386,0.578654,-0.015484,0.445094,0.506688,-0.007307,0.474574,0.549170,-0.015095,0.465233,0.580139,-0.011869,0.454346,0.580272,-0.008045,0.433347,0.524020,-0.014750,0.458038,0.555350,-0.018473,0.452554,0.579566,-0.013324,0.442842,0.580473,-0.007832
1780503431.035,left,pinch,0.420833,0.618740,0.000000,0.461587,0.606773,-0.001910,0.492860,0.584094,-0.007057,0.514194,0.566072,-0.014922,0.530456,0.537982,-0.021142,0.481275,0.481861,0.006681,0.509362,0.483727,-0.005982,0.522302,0.505126,-0.014582,0.529624,0.522019,-0.018707,0.471322,0.467530,0.001089,0.505888,0.507064,-0.012827,0.493980,0.544799,-0.017377,0.480918,0.547745,-0.016928,0.461492,0.469022,-0.006431,0.492926,0.519234,-0.019296,0.479351,0.552706,-0.016773,0.467190,0.551849,-0.011375,0.451720,0.480872,-0.014669,0.477385,0.523196,-0.020474,0.469584,0.548402,-0.016077,0.458741,0.547774,-0.010200
1780503431.136,left,pinch,0.428528,0.608294,-0.000000,0.463044,0.599982,-0.001188,0.492857,0.575232,-0.006663,0.514430,0.556852,-0.014776,0.532408,0.532131,-0.021574,0.484137,0.475206,0.000918,0.512753,0.472356,-0.012307,0.525263,0.496856,-0.020191,0.529275,0.519548,-0.023529,0.472337,0.461340,-0.005049,0.504475,0.503412,-0.017766,0.493150,0.539549,-0.021046,0.480048,0.539430,-0.021007,0.461135,0.464501,-0.012428,0.492400,0.512904,-0.025307,0.479374,0.546193,-0.022228,0.467307,0.544473,-0.017399,0.450696,0.477240,-0.020173,0.477824,0.514371,-0.027006,0.471278,0.541164,-0.022111,0.461000,0.541366,-0.016266
1780503431.230,left,pinch,0.428891,0.599540,-0.000000,0.464427,0.590155,-0.001724,0.493578,0.564999,-0.007060,0.513526,0.545851,-0.015191,0.528975,0.517297,-0.022114,0.482792,0.466300,0.003812,0.509870,0.461503,-0.010209,0.524212,0.483048,-0.019766,0.531285,0.503322,-0.024565,0.471106,0.452215,-0.002530,0.503656,0.490548,-0.017239,0.492277,0.527077,-0.022555,0.479123,0.527602,-0.023335,0.460224,0.453709,-0.010594,0.491900,0.501274,-0.024861,0.478831,0.535372,-0.022685,0.467131,0.532830,-0.018016,0.450191,0.464822,-0.019234,0.476917,0.503419,-0.026990,0.469367,0.530863,-0.022654,0.458745,0.529799,-0.017045
1780503431.352,left,pinch,0.428302,0.591737,-0.000000,0.462913,0.581443,-0.002257,0.492044,0.555213,-0.007974,0.512632,0.535882,-0.016238,0.529177,0.509297,-0.023255,0.480379,0.457382,0.002444,0.506341,0.454139,-0.011295,0.520741,0.474221,-0.020532,0.527355,0.494339,-0.025173,0.468167,0.443841,-0.003603,0.500801,0.482336,-0.018119,0.491426,0.519923,-0.023103,0.478829,0.522472,-0.023720,0.456864,0.445765,-0.011315,0.489194,0.492398,-0.025559,0.477668,0.527656,-0.023092,0.466191,0.527110,-0.018188,0.446437,0.457363,-0.019619,0.474526,0.494294,-0.027568,0.468639,0.522576,-0.023165,0.458804,0.523616,-0.017420
1780503431.556,left,pinch,0.427513,0.588561,-0.000000,0.460452,0.579185,-0.001675,0.490025,0.552886,-0.007204,0.511595,0.534829,-0.015559,0.526377,0.508294,-0.022754,0.477402,0.453532,0.003486,0.504935,0.448603,-0.010672,0.519722,0.469312,-0.019994,0.527043,0.490487,-0.024290,0.464939,0.441511,-0.002984,0.499758,0.478767,-0.017515,0.489272,0.516651,-0.021906,0.476356,0.518227,-0.021848,0.453735,0.444567,-0.011238,0.487836,0.488983,-0.025382,0.475577,0.524455,-0.022485,0.463641,0.523852,-0.017109,0.443506,0.456899,-0.020073,0.472795,0.492144,-0.027402,0.466368,0.520474,-0.022456,0.456038,0.522149,-0.016305
1780503431.660,left,pinch,0.424930,0.586645,-0.000000,0.457331,0.578501,-0.003162,0.487695,0.550003,-0.009171,0.509190,0.527937,-0.017649,0.523760,0.502083,-0.024859,0.474642,0.451220,0.001198,0.502163,0.443939,-0.012865,0.516833,0.465849,-0.021382,0.523928,0.487922,-0.024961,0.461395,0.438721,-0.004279,0.496026,0.477095,-0.018299,0.485375,0.515956,-0.021625,0.472614,0.516813,-0.020928,0.449893,0.441744,-0.011620,0.484108,0.486339,-0.025846,0.472043,0.521905,-0.022819,0.460066,0.521326,-0.017401,0.439496,0.453994,-0.019586,0.470083,0.489064,-0.027275,0.463816,0.517691,-0.022601,0.452830,0.520176,-0.016559
1780503431.790,left,pinch,0.415934,0.591810,-0.000000,0.448033,0.583946,-0.003632,0.479115,0.555639,-0.008818,0.500883,0.533355,-0.016200,0.516109,0.506351,-0.022440,0.466753,0.456636,0.000730,0.494205,0.450563,-0.012524,0.506589,0.474977,-0.021348,0.511720,0.497647,-0.025517,0.453866,0.444125,-0.004019,0.485680,0.483152,-0.017407,0.475169,0.520787,-0.021600,0.461974,0.526864,-0.021865,0.441697,0.446913,-0.010535,0.472815,0.491523,-0.023794,0.461117,0.525725,-0.021987,0.449638,0.528140,-0.017766,0.430540,0.458683,-0.017715,0.458359,0.493355,-0.025109,0.451899,0.519990,-0.021488,0.441584,0.522866,-0.016387
1780503431.968,left,pinch,0.407756,0.592698,-0.000000,0.440330,0.587629,-0.003354,0.472176,0.562406,-0.009139,0.494944,0.541986,-0.017244,0.509883,0.513774,-0.024133,0.461266,0.458763,0.000831,0.488537,0.455430,-0.013231,0.502044,0.478708,-0.022236,0.509498,0.500490,-0.026379,0.448621,0.445547,-0.004618,0.480735,0.486876,-0.018446,0.468344,0.525513,-0.022182,0.455581,0.528224,-0.022001,0.436502,0.447805,-0.011894,0.468305,0.494180,-0.025741,0.455098,0.528832,-0.022899,0.443308,0.528958,-0.017836,0.424846,0.458845,-0.019871,0.453712,0.495791,-0.027151,0.446357,0.523528,-0.022447,0.435287,0.525901,-0.016499
1780503432.175,left,pinch,0.397844,0.598886,-0.000000,0.432337,0.595319,-0.002870,0.464652,0.574057,-0.008980,0.487781,0.557823,-0.017786,0.503248,0.530856,-0.025302,0.454966,0.465790,0.002493,0.483841,0.467739,-0.012100,0.495985,0.493676,-0.021602,0.502404,0.516046,-0.026052,0.442353,0.453209,-0.003392,0.475453,0.498620,-0.017851,0.461610,0.537131,-0.021953,0.448716,0.537908,-0.021834,0.430849,0.456006,-0.011215,0.463327,0.506554,-0.025251,0.449148,0.540627,-0.022369,0.437668,0.538447,-0.017156,0.420067,0.467767,-0.019769,0.448370,0.508497,-0.026767,0.439714,0.534538,-0.022041,0.428431,0.533881,-0.016066
1780503432.341,left,pinch,0.393664,0.609811,-0.000000,0.431165,0.608919,-0.001614,0.464216,0.590508,-0.007293,0.488247,0.579917,-0.016056,0.505489,0.558588,-0.023378,0.454707,0.478095,0.005257,0.486387,0.486914,-0.011043,0.500461,0.517528,-0.022496,0.508675,0.542320,-0.028234,0.443772,0.465971,-0.001999,0.480935,0.511897,-0.019006,0.467574,0.553210,-0.024507,0.454389,0.557327,-0.024410,0.433423,0.468902,-0.011320,0.467410,0.525445,-0.026507,0.452341,0.560552,-0.023926,0.440188,0.558167,-0.018199,0.423702,0.481609,-0.021403,0.450776,0.528979,-0.027879,0.440602,0.554529,-0.022677,0.429267,0.552284,-0.016288
1780503432.837,left,pinch,0.396367,0.628407,-0.000000,0.436010,0.628726,-0.002640,0.467889,0.612086,-0.009810,0.491411,0.601493,-0.019984,0.509990,0.580000,-0.028562,0.458017,0.493090,0.002598,0.489485,0.505620,-0.012234,0.504777,0.535158,-0.020928,0.513148,0.560497,-0.024966,0.447404,0.480827,-0.004277,0.484441,0.539263,-0.020413,0.468959,0.577649,-0.023714,0.455092,0.572882,-0.022512,0.437806,0.486454,-0.013109,0.472530,0.548184,-0.028441,0.456745,0.582593,-0.024309,0.444173,0.576073,-0.018006,0.428722,0.502579,-0.022720,0.456772,0.551647,-0.030627,0.446161,0.577476,-0.025164,0.434210,0.573029,-0.018556
1780503433.021,left,pinch,0.404984,0.634375,-0.000000,0.441097,0.634059,-0.003138,0.473472,0.616241,-0.009888,0.497141,0.605052,-0.019318,0.515431,0.585831,-0.027361,0.466283,0.502856,0.002321,0.495925,0.509620,-0.012700,0.509182,0.537509,-0.022891,0.516522,0.561647,-0.027870,0.454483,0.490826,-0.003814,0.487692,0.542315,-0.019907,0.472739,0.579011,-0.025102,0.459086,0.579657,-0.025152,0.443169,0.494924,-0.011845,0.474025,0.554172,-0.026643,0.458687,0.585984,-0.024412,0.447082,0.582482,-0.019260,0.432534,0.508204,-0.020626,0.458995,0.554905,-0.027715,0.449163,0.578964,-0.023039,0.438235,0.576378,-0.017001
1780503433.291,left,pinch,0.405166,0.628554,-0.000000,0.441140,0.628222,-0.002370,0.473970,0.608349,-0.008515,0.498628,0.596492,-0.017314,0.516868,0.574432,-0.024530,0.466046,0.495536,0.002162,0.497615,0.501605,-0.012991,0.511063,0.531038,-0.022440,0.517809,0.554348,-0.026746,0.454758,0.482650,-0.004343,0.490064,0.533468,-0.019481,0.474593,0.570738,-0.023007,0.461084,0.568045,-0.022313,0.444007,0.486882,-0.012812,0.476973,0.546356,-0.027097,0.461114,0.579313,-0.023381,0.449482,0.573976,-0.017635,0.434096,0.500929,-0.022042,0.461553,0.548251,-0.029123,0.451608,0.573903,-0.023844,0.440384,0.571100,-0.017560
1780503433.580,left,pinch,0.403823,0.630614,-0.000000,0.441789,0.630075,-0.002572,0.474752,0.611084,-0.008697,0.499170,0.597736,-0.017556,0.516453,0.573943,-0.024844,0.466528,0.496480,0.002905,0.497467,0.503198,-0.012287,0.511472,0.532478,-0.022109,0.518021,0.557207,-0.026663,0.455547,0.484586,-0.003473,0.491179,0.534354,-0.019492,0.477415,0.573052,-0.024153,0.463533,0.573798,-0.023809,0.445203,0.489270,-0.011835,0.477443,0.549983,-0.026548,0.462721,0.583447,-0.023920,0.450876,0.579677,-0.018523,0.435313,0.503940,-0.020947,0.461639,0.553107,-0.027852,0.451922,0.578287,-0.023170,0.440842,0.575432,-0.017219
1780503433.765,left,pinch,0.404512,0.627950,-0.000000,0.440790,0.628477,-0.002261,0.473862,0.610460,-0.008490,0.498419,0.598946,-0.017594,0.516409,0.575665,-0.025318,0.468552,0.495691,0.002084,0.499918,0.501506,-0.013693,0.512467,0.532120,-0.024139,0.517990,0.556690,-0.029015,0.457026,0.481859,-0.004550,0.490429,0.534758,-0.020027,0.474888,0.570921,-0.024698,0.460790,0.569103,-0.024889,0.445394,0.485131,-0.013125,0.476664,0.545877,-0.027537,0.460511,0.577789,-0.024880,0.448570,0.572765,-0.019868,0.434316,0.498364,-0.022414,0.460744,0.547116,-0.029482,0.450180,0.571980,-0.024667,0.438695,0.568620,-0.018724
1780503433.958,left,pinch,0.401779,0.623533,-0.000000,0.438477,0.624871,-0.002807,0.471957,0.608028,-0.009094,0.497210,0.595284,-0.017984,0.515509,0.570483,-0.025440,0.466157,0.493945,0.000430,0.497618,0.498629,-0.014135,0.509447,0.528706,-0.023137,0.513988,0.553195,-0.027229,0.454554,0.479599,-0.005725,0.487563,0.532452,-0.020529,0.472940,0.569338,-0.024651,0.459252,0.568771,-0.024669,0.442957,0.483045,-0.013643,0.474421,0.542998,-0.027755,0.458794,0.575213,-0.025014,0.446773,0.571387,-0.020131,0.431770,0.496329,-0.022243,0.458444,0.545375,-0.029461,0.448419,0.571340,-0.024756,0.436991,0.569539,-0.018938
1780503434.170,left,pinch,0.395959,0.627438,-0.000000,0.433904,0.625439,-0.000996,0.466823,0.607578,-0.006572,0.491665,0.595257,-0.015344,0.511346,0.573045,-0.022870,0.460270,0.491600,0.003773,0.494236,0.507146,-0.009986,0.505338,0.534184,-0.018627,0.511048,0.551595,-0.023035,0.449304,0.478858,-0.003390,0.483897,0.535962,-0.017623,0.467387,0.570662,-0.021363,0.453833,0.566204,-0.021318,0.438852,0.483547,-0.012287,0.470980,0.544659,-0.025976,0.453995,0.575514,-0.022979,0.441773,0.569228,-0.018053,0.428822,0.498317,-0.021777,0.455431,0.547615,-0.028559,0.444324,0.572189,-0.023884,0.432137,0.568516,-0.018284
1780503434.459,left,pinch,0.394437,0.629578,-0.000000,0.432080,0.630128,-0.003207,0.465184,0.612570,-0.010145,0.490316,0.600137,-0.019804,0.509794,0.578657,-0.027802,0.460949,0.497058,0.001292,0.492626,0.507358,-0.014046,0.504065,0.535718,-0.023015,0.509018,0.557092,-0.027069,0.449399,0.483247,-0.005218,0.482436,0.538676,-0.021125,0.465502,0.574470,-0.024798,0.451726,0.570448,-0.023983,0.437860,0.486994,-0.013767,0.467564,0.550712,-0.028725,0.451112,0.581853,-0.025488,0.439991,0.574794,-0.019932,0.426750,0.501017,-0.023132,0.451192,0.552707,-0.030635,0.440350,0.577306,-0.025936,0.429446,0.572522,-0.020013
1780503434.656,left,pinch,0.392003,0.634352,-0.000000,0.431595,0.633306,-0.001462,0.464837,0.616115,-0.007537,0.489130,0.605890,-0.016831,0.506957,0.585313,-0.024560,0.458549,0.499852,0.003193,0.490614,0.512026,-0.012227,0.501805,0.545688,-0.021742,0.506674,0.571092,-0.026062,0.446872,0.487146,-0.004031,0.479245,0.544901,-0.019601,0.462541,0.581179,-0.023727,0.448918,0.577131,-0.023515,0.435572,0.492385,-0.013188,0.465645,0.554947,-0.027425,0.449424,0.586216,-0.024279,0.437758,0.579549,-0.019046,0.424826,0.507735,-0.023078,0.449264,0.557657,-0.029954,0.438901,0.582071,-0.025034,0.428096,0.577223,-0.019071
1780503434.842,left,pinch,0.388898,0.638765,-0.000000,0.426592,0.637274,-0.001686,0.459673,0.619110,-0.007679,0.484342,0.607326,-0.016647,0.503642,0.587554,-0.023999,0.454178,0.502192,0.002278,0.487943,0.516786,-0.012315,0.496999,0.550384,-0.021210,0.499712,0.572068,-0.025443,0.442414,0.489754,-0.004636,0.475698,0.547771,-0.019332,0.459716,0.583206,-0.023541,0.446063,0.578769,-0.023889,0.431120,0.495160,-0.013323,0.461949,0.557906,-0.026991,0.445772,0.588015,-0.024458,0.433975,0.580378,-0.020048,0.420520,0.510399,-0.022662,0.446013,0.560709,-0.029345,0.435523,0.584446,-0.024951,0.423992,0.579083,-0.019655
1780503435.126,left,pinch,0.387963,0.635850,-0.000000,0.425009,0.636319,-0.001519,0.458601,0.618525,-0.007563,0.482858,0.607805,-0.016490,0.501391,0.588751,-0.023971,0.454730,0.501726,0.001394,0.486370,0.512292,-0.013610,0.497753,0.544316,-0.022802,0.502309,0.569644,-0.026877,0.442516,0.488976,-0.005594,0.474983,0.546662,-0.020767,0.458212,0.581966,-0.025023,0.443777,0.579630,-0.024955,0.430321,0.494220,-0.014245,0.460204,0.558717,-0.027913,0.444164,0.588930,-0.025269,0.432740,0.582513,-0.020529,0.418691,0.509031,-0.023561,0.443404,0.561122,-0.029709,0.433252,0.584912,-0.024931,0.422763,0.579906,-0.019246
1780503435.377,left,pinch,0.384757,0.638463,-0.000000,0.424930,0.637761,-0.002125,0.458158,0.620062,-0.008618,0.482405,0.609330,-0.018193,0.500983,0.591362,-0.026325,0.452643,0.502639,0.001935,0.484778,0.518579,-0.013296,0.496182,0.550536,-0.022789,0.501832,0.574733,-0.027399,0.440432,0.490912,-0.005111,0.472749,0.550263,-0.020829,0.455836,0.585247,-0.024999,0.442259,0.581906,-0.024947,0.428658,0.497321,-0.014041,0.458076,0.561169,-0.028049,0.441974,0.591024,-0.024927,0.430729,0.584747,-0.019924,0.417637,0.513707,-0.023817,0.441831,0.563531,-0.030601,0.431543,0.586601,-0.025927,0.421046,0.581684,-0.020315
1780503435.678,left,pinch,0.387958,0.639484,-0.000000,0.425142,0.638021,-0.000930,0.457341,0.621119,-0.007281,0.480907,0.611250,-0.016744,0.498281,0.593622,-0.024848,0.452571,0.503765,0.001656,0.484695,0.516036,-0.013619,0.496203,0.548007,-0.023065,0.500728,0.572549,-0.027384,0.440439,0.491677,-0.005892,0.473537,0.548042,-0.021601,0.456609,0.583146,-0.026006,0.441730,0.580262,-0.025885,0.428647,0.497695,-0.015044,0.458967,0.562244,-0.029341,0.442504,0.592935,-0.026579,0.430558,0.586173,-0.021547,0.417555,0.513600,-0.024772,0.442274,0.565370,-0.031402,0.431747,0.589201,-0.026473,0.420990,0.583593,-0.020615
1780503435.858,left,pinch,0.387248,0.636430,-0.000000,0.425118,0.636651,-0.001821,0.458335,0.618567,-0.008112,0.482111,0.608768,-0.017446,0.501214,0.592536,-0.025302,0.453313,0.503316,0.002165,0.486161,0.513055,-0.013798,0.497299,0.545395,-0.024065,0.500761,0.571273,-0.028731,0.441316,0.491121,-0.004898,0.474719,0.547095,-0.021191,0.458223,0.582168,-0.026269,0.443015,0.580946,-0.026420,0.429540,0.496976,-0.013810,0.459903,0.561519,-0.028114,0.443873,0.591916,-0.025858,0.432094,0.586019,-0.021073,0.418490,0.512683,-0.023463,0.442897,0.565062,-0.029968,0.432396,0.588157,-0.025496,0.421872,0.582670,-0.019900
1780503436.151,left,pinch,0.388296,0.639962,-0.000000,0.426336,0.637095,-0.000543,0.457962,0.618127,-0.006423,0.481852,0.607145,-0.015763,0.502564,0.591721,-0.023931,0.453634,0.504437,0.003558,0.485916,0.513875,-0.011525,0.497203,0.544118,-0.021550,0.501681,0.567248,-0.026467,0.441836,0.492098,-0.004165,0.474303,0.546382,-0.019795,0.458520,0.580789,-0.024925,0.443307,0.580015,-0.025358,0.429999,0.497429,-0.013609,0.459987,0.560524,-0.027819,0.444080,0.591342,-0.025680,0.431786,0.587014,-0.020973,0.418664,0.512892,-0.023631,0.443168,0.563688,-0.030275,0.433073,0.587577,-0.025736,0.422252,0.583780,-0.020082
1780503436.312,left,pinch,0.385775,0.642715,-0.000000,0.424627,0.639846,-0.001003,0.457154,0.620321,-0.006960,0.481235,0.609177,-0.016258,0.500565,0.592442,-0.024304,0.450883,0.505175,0.003261,0.484649,0.516943,-0.011963,0.496398,0.546984,-0.022009,0.501624,0.570131,-0.027017,0.438947,0.493582,-0.004244,0.472959,0.550667,-0.020265,0.456208,0.585454,-0.025108,0.441203,0.584002,-0.025334,0.427559,0.499977,-0.013569,0.458425,0.563110,-0.027755,0.442260,0.593392,-0.025338,0.430274,0.588338,-0.020583,0.417073,0.516530,-0.023594,0.441612,0.567109,-0.030267,0.431146,0.590213,-0.025966,0.420492,0.585447,-0.020597
1780503436.455,left,pinch,0.387067,0.643391,-0.000000,0.425079,0.640538,0.000016,0.456907,0.621102,-0.005523,0.480193,0.610409,-0.014531,0.498105,0.593088,-0.022372,0.450069,0.506068,0.003300,0.483490,0.515436,-0.011791,0.495864,0.547166,-0.021636,0.500787,0.572100,-0.026258,0.437856,0.494876,-0.004564,0.470441,0.549935,-0.019855,0.454529,0.584887,-0.024865,0.440052,0.582687,-0.025424,0.426218,0.501847,-0.014003,0.457047,0.563466,-0.027990,0.441247,0.594255,-0.025794,0.429289,0.588244,-0.021223,0.415494,0.518177,-0.023937,0.440749,0.567226,-0.030362,0.430707,0.591299,-0.025520,0.419888,0.586710,-0.019717
1780503436.719,left,pinch,0.385282,0.643922,-0.000000,0.423794,0.640990,-0.000692,0.456052,0.621453,-0.006234,0.479215,0.609947,-0.015119,0.497284,0.591375,-0.022839,0.449032,0.506392,0.003831,0.481542,0.516773,-0.011062,0.494635,0.546192,-0.021153,0.501504,0.569440,-0.026244,0.437234,0.495620,-0.003687,0.470272,0.551827,-0.019392,0.453795,0.585629,-0.024818,0.439121,0.582944,-0.025570,0.425779,0.502630,-0.012882,0.456303,0.565110,-0.027185,0.440151,0.594859,-0.025275,0.428194,0.588266,-0.020803,0.415075,0.518716,-0.022680,0.440079,0.568598,-0.029411,0.429827,0.591565,-0.025018,0.418905,0.586204,-0.019500
1780503436.842,left,pinch,0.388969,0.643643,-0.000000,0.424915,0.640401,-0.000367,0.456879,0.620252,-0.006387,0.480394,0.608805,-0.015688,0.499275,0.591754,-0.023721,0.452019,0.507341,0.002257,0.483622,0.515058,-0.012325,0.496305,0.545057,-0.021127,0.501751,0.568796,-0.024992,0.439497,0.495705,-0.005388,0.472674,0.549201,-0.020330,0.456142,0.584260,-0.024055,0.441184,0.580931,-0.023511,0.427294,0.501819,-0.014569,0.458362,0.562240,-0.028542,0.442377,0.593341,-0.025409,0.430184,0.587349,-0.020069,0.415751,0.517219,-0.024245,0.441685,0.564990,-0.030829,0.431980,0.588768,-0.025652,0.421188,0.584211,-0.019493
1780503436.979,left,pinch,0.391272,0.648362,-0.000000,0.429116,0.644796,-0.001348,0.460504,0.624496,-0.007718,0.483685,0.612729,-0.017223,0.502943,0.596608,-0.025408,0.452035,0.509833,0.002806,0.484164,0.519044,-0.012290,0.497652,0.548326,-0.022707,0.504170,0.573829,-0.027898,0.440214,0.498699,-0.004364,0.474481,0.553155,-0.020114,0.458899,0.587987,-0.025171,0.443785,0.587441,-0.025536,0.429089,0.505937,-0.013239,0.460617,0.565887,-0.026797,0.445771,0.596140,-0.024278,0.433817,0.591952,-0.019559,0.418861,0.523136,-0.022841,0.443846,0.570814,-0.028923,0.434510,0.593542,-0.024153,0.424324,0.589840,-0.018473
1780503437.146,left,pinch,0.390134,0.648758,-0.000000,0.428430,0.645649,-0.001459,0.460512,0.626348,-0.008068,0.484331,0.616036,-0.017856,0.504175,0.598074,-0.026138,0.452553,0.512074,0.003078,0.484891,0.520413,-0.012267,0.498024,0.550359,-0.022283,0.503755,0.576226,-0.026952,0.441106,0.500791,-0.004203,0.475842,0.556356,-0.020244,0.459792,0.591348,-0.025123,0.445009,0.590072,-0.025112,0.430221,0.507423,-0.013311,0.462142,0.569876,-0.027174,0.446566,0.599997,-0.024564,0.434842,0.594798,-0.019582,0.420130,0.523967,-0.023200,0.445426,0.574978,-0.029451,0.435306,0.598198,-0.024818,0.424797,0.593833,-0.019077
1780503437.295,left,pinch,0.391944,0.648426,-0.000000,0.429485,0.645348,-0.001340,0.460906,0.626108,-0.007702,0.484058,0.613565,-0.017067,0.503168,0.594012,-0.025042,0.451852,0.511069,0.001015,0.485743,0.518385,-0.014032,0.497336,0.549841,-0.023341,0.501074,0.574026,-0.027632,0.440002,0.499147,-0.006013,0.474088,0.554580,-0.021279,0.459095,0.591582,-0.025630,0.444404,0.590438,-0.025854,0.429035,0.505976,-0.014661,0.460747,0.567708,-0.028534,0.445746,0.599634,-0.025886,0.433524,0.594728,-0.021239,0.419125,0.522701,-0.023903,0.444560,0.572827,-0.030543,0.434962,0.597779,-0.025977,0.424013,0.593827,-0.020519
1780503437.425,left,pinch,0.388453,0.655335,-0.000000,0.428032,0.646900,-0.001855,0.458272,0.625068,-0.008805,0.481478,0.611501,-0.018833,0.499500,0.592431,-0.027546,0.445530,0.509903,0.001551,0.479542,0.521115,-0.013004,0.493502,0.547858,-0.022397,0.501323,0.570611,-0.027359,0.433293,0.501849,-0.005719,0.471099,0.555569,-0.021371,0.456107,0.591357,-0.025455,0.442538,0.590861,-0.025453,0.422895,0.511840,-0.014771,0.458124,0.570925,-0.028684,0.443535,0.601734,-0.025600,0.432204,0.597973,-0.020716,0.414049,0.532054,-0.024642,0.442395,0.578184,-0.031402,0.433242,0.601882,-0.026882,0.422525,0.599167,-0.021588
1780503437.695,left,pinch,0.388600,0.659748,-0.000000,0.426526,0.650440,-0.001367,0.456595,0.625797,-0.007674,0.479239,0.611717,-0.017092,0.497012,0.593937,-0.025170,0.442734,0.512255,0.002354,0.477859,0.519290,-0.013007,0.493050,0.548098,-0.023461,0.500920,0.572983,-0.028810,0.430822,0.504450,-0.005073,0.468957,0.556511,-0.021248,0.453322,0.590824,-0.026398,0.437899,0.590782,-0.027006,0.420747,0.515108,-0.014278,0.456276,0.574535,-0.028160,0.441176,0.604184,-0.025931,0.429169,0.599716,-0.021578,0.412223,0.535547,-0.024264,0.440675,0.583390,-0.030676,0.430552,0.605707,-0.026493,0.419334,0.601610,-0.021416
1780503437.823,left,pinch,0.389752,0.659687,-0.000000,0.429053,0.648692,-0.000159,0.457253,0.621285,-0.005981,0.478298,0.606262,-0.015073,0.497089,0.592619,-0.022836,0.439590,0.508201,0.001720,0.476520,0.515341,-0.013378,0.491673,0.545347,-0.023150,0.499104,0.569841,-0.028066,0.427681,0.502539,-0.006068,0.467674,0.552715,-0.021357,0.453253,0.587905,-0.025584,0.438022,0.587034,-0.026062,0.418249,0.515940,-0.015420,0.455156,0.572257,-0.028385,0.441636,0.602280,-0.025651,0.429669,0.596993,-0.021546,0.410805,0.538521,-0.025445,0.440331,0.583880,-0.031175,0.431254,0.606015,-0.026793,0.420005,0.601221,-0.022033
1780503437.990,left,pinch,0.389923,0.658501,-0.000000,0.429960,0.647007,-0.000275,0.458340,0.619360,-0.006263,0.479971,0.604986,-0.015563,0.498287,0.588375,-0.023485,0.438956,0.508011,0.002130,0.476232,0.512869,-0.013363,0.491840,0.543412,-0.023149,0.499186,0.568344,-0.027853,0.427331,0.502780,-0.005774,0.468576,0.550811,-0.021482,0.454887,0.589247,-0.025801,0.440206,0.589465,-0.026019,0.418474,0.515926,-0.015317,0.456289,0.571268,-0.028578,0.442646,0.602868,-0.025882,0.430476,0.597157,-0.021580,0.411749,0.537572,-0.025533,0.441214,0.582575,-0.031330,0.431828,0.606033,-0.026850,0.420482,0.601471,-0.021867
1780503438.120,left,pinch,0.387869,0.667661,-0.000000,0.425918,0.651177,-0.001468,0.452909,0.622738,-0.008581,0.473846,0.605072,-0.018733,0.491462,0.588187,-0.027599,0.431675,0.510639,-0.000098,0.468920,0.515072,-0.015167,0.486814,0.541820,-0.025121,0.497040,0.567326,-0.030408,0.419873,0.508038,-0.007685,0.462363,0.553245,-0.023433,0.450330,0.591573,-0.027680,0.436511,0.594887,-0.028131,0.411612,0.523542,-0.016850,0.451904,0.573469,-0.030429,0.439597,0.606351,-0.027269,0.427490,0.605517,-0.022668,0.405925,0.548286,-0.026802,0.438460,0.586589,-0.033274,0.430445,0.610810,-0.028608,0.418891,0.610301,-0.023442
1780503438.306,left,pinch,0.384005,0.673788,-0.000000,0.423885,0.655276,-0.002561,0.449136,0.625055,-0.010104,0.467959,0.605905,-0.020418,0.485923,0.590644,-0.029387,0.427101,0.514589,-0.000691,0.465889,0.518881,-0.016344,0.483441,0.545933,-0.027012,0.492252,0.570769,-0.032804,0.415573,0.515351,-0.007938,0.458326,0.555133,-0.023988,0.448180,0.594794,-0.029142,0.434606,0.600581,-0.030206,0.407763,0.533729,-0.016812,0.447710,0.580474,-0.030362,0.436789,0.613603,-0.027715,0.425049,0.612525,-0.023446,0.402660,0.560360,-0.026521,0.434133,0.594407,-0.032890,0.426915,0.618301,-0.028194,0.415962,0.617530,-0.023020
1780503438.481,left,pinch,0.378914,0.695086,-0.000000,0.418276,0.674143,-0.003389,0.444186,0.640823,-0.011236,0.463633,0.619545,-0.021686,0.483234,0.602710,-0.030715,0.418979,0.530720,-0.002009,0.458735,0.533018,-0.018284,0.477039,0.559828,-0.030152,0.487074,0.583673,-0.037025,0.408185,0.533260,-0.008988,0.451784,0.570452,-0.025811,0.441613,0.608146,-0.031839,0.427125,0.614419,-0.033655,0.401265,0.552830,-0.017635,0.442200,0.595599,-0.031763,0.431053,0.627489,-0.029838,0.418472,0.627563,-0.026099,0.397514,0.580473,-0.027204,0.430383,0.611053,-0.034182,0.422381,0.633746,-0.030218,0.410408,0.633804,-0.025569
1780503438.604,left,pinch,0.369702,0.715266,-0.000000,0.407650,0.691162,-0.003947,0.434012,0.654246,-0.011662,0.453996,0.632279,-0.021525,0.473160,0.613879,-0.030101,0.407352,0.545516,-0.004200,0.447978,0.548478,-0.019406,0.465477,0.576174,-0.030781,0.473939,0.600113,-0.037448,0.394811,0.552261,-0.010473,0.439233,0.585009,-0.025909,0.431406,0.620491,-0.032018,0.417279,0.629297,-0.034441,0.386561,0.575255,-0.018187,0.428655,0.610690,-0.030955,0.420253,0.639852,-0.029873,0.408375,0.642320,-0.027252,0.382145,0.605340,-0.026770,0.416854,0.628766,-0.033533,0.411548,0.648977,-0.030455,0.400522,0.650704,-0.026708
1780503438.781,left,pinch,0.368348,0.710574,-0.000000,0.404854,0.681300,-0.001015,0.429675,0.644332,-0.007657,0.448655,0.622369,-0.017011,0.464619,0.601715,-0.025198,0.399583,0.543931,-0.001626,0.438755,0.540587,-0.016727,0.455906,0.565724,-0.027608,0.464084,0.587304,-0.033695,0.386510,0.547750,-0.009030,0.430501,0.571337,-0.023463,0.425220,0.610362,-0.028452,0.412928,0.620723,-0.030097,0.378442,0.567386,-0.017707,0.421067,0.598114,-0.029924,0.414026,0.630865,-0.027638,0.402453,0.633705,-0.024198,0.374259,0.594904,-0.027012,0.409025,0.615385,-0.033076,0.405103,0.639153,-0.028847,0.394537,0.641927,-0.024337
1780503438.898,left,pinch,0.370368,0.703074,-0.000000,0.406612,0.675377,-0.000676,0.430989,0.638185,-0.006536,0.447390,0.617644,-0.015359,0.461728,0.597794,-0.023126,0.401133,0.540756,0.000782,0.436612,0.534365,-0.014531,0.453810,0.557782,-0.025736,0.461796,0.577763,-0.031643,0.387491,0.543276,-0.006585,0.429632,0.565810,-0.021379,0.426441,0.607445,-0.027354,0.414954,0.620187,-0.029090,0.378787,0.561342,-0.015249,0.420064,0.590908,-0.028287,0.414576,0.627870,-0.026636,0.403366,0.634086,-0.022796,0.373551,0.587269,-0.024407,0.407631,0.605607,-0.030477,0.405025,0.631904,-0.025845,0.395006,0.637400,-0.020578
1780503439.047,left,pinch,0.375308,0.698607,-0.000000,0.408925,0.671926,-0.002000,0.432941,0.636707,-0.008922,0.450746,0.615524,-0.018743,0.464929,0.593657,-0.027635,0.404371,0.538965,0.000986,0.437957,0.533765,-0.013900,0.455545,0.553416,-0.024839,0.465326,0.571227,-0.030603,0.390887,0.540744,-0.005815,0.432093,0.563777,-0.020307,0.426616,0.603375,-0.025862,0.414276,0.613752,-0.027050,0.382018,0.557328,-0.014076,0.422014,0.586623,-0.026567,0.415762,0.621695,-0.024461,0.404958,0.626745,-0.020231,0.376153,0.581586,-0.023054,0.408506,0.600877,-0.028674,0.405581,0.625654,-0.023824,0.396125,0.630124,-0.018287
1780503439.243,left,pinch,0.379033,0.691451,-0.000000,0.412044,0.667274,-0.002957,0.436675,0.633425,-0.009858,0.454247,0.612680,-0.019261,0.467598,0.587233,-0.027638,0.408820,0.537826,0.000033,0.440488,0.531482,-0.014597,0.456973,0.550985,-0.025022,0.465599,0.568770,-0.030308,0.395059,0.537532,-0.005831,0.434237,0.562389,-0.019846,0.428788,0.602285,-0.025373,0.416638,0.611651,-0.026681,0.385419,0.552379,-0.013175,0.423462,0.583492,-0.025754,0.417135,0.618631,-0.024093,0.406437,0.622335,-0.020201,0.378511,0.574615,-0.021184,0.410021,0.595001,-0.027170,0.407645,0.619922,-0.022702,0.398502,0.623830,-0.017358
1780503439.348,left,pinch,0.379530,0.692586,-0.000000,0.411068,0.669331,-0.002084,0.434948,0.634344,-0.008710,0.452896,0.613081,-0.018065,0.466799,0.589673,-0.026393,0.408081,0.538785,0.001213,0.439353,0.529423,-0.013606,0.456455,0.548102,-0.024214,0.466202,0.566370,-0.029560,0.394763,0.537117,-0.005105,0.434603,0.563288,-0.019324,0.428004,0.605161,-0.024223,0.415339,0.614502,-0.024936,0.385735,0.551345,-0.013025,0.424422,0.582707,-0.025628,0.417557,0.618669,-0.023385,0.406440,0.622584,-0.019054,0.379394,0.573577,-0.021598,0.411137,0.594685,-0.027215,0.408196,0.620413,-0.022380,0.398473,0.624617,-0.016813
1780503439.477,left,pinch,0.379247,0.685756,-0.000000,0.411406,0.663227,-0.001998,0.437008,0.627552,-0.007768,0.455298,0.606197,-0.016367,0.469373,0.581346,-0.024055,0.411583,0.534819,0.002763,0.442143,0.525767,-0.011587,0.458013,0.544871,-0.022160,0.467277,0.562443,-0.027506,0.397937,0.533041,-0.003308,0.435708,0.560362,-0.017360,0.427690,0.600459,-0.023356,0.414940,0.609905,-0.024864,0.387629,0.546130,-0.010960,0.425072,0.577839,-0.023674,0.417068,0.613050,-0.022548,0.406285,0.616710,-0.018818,0.379744,0.566241,-0.019184,0.411533,0.586928,-0.024926,0.407975,0.612090,-0.020569,0.398427,0.616364,-0.015194
1780503439.610,left,pinch,0.379480,0.684369,-0.000000,0.411835,0.662048,-0.002523,0.437257,0.626712,-0.009134,0.456528,0.603866,-0.018399,0.470609,0.575588,-0.026531,0.411486,0.534327,0.001136,0.442343,0.523961,-0.013571,0.458262,0.542775,-0.023508,0.466880,0.560791,-0.028271,0.397883,0.531097,-0.004887,0.436777,0.555827,-0.019183,0.429716,0.598145,-0.023732,0.417384,0.606294,-0.024089,0.388293,0.543102,-0.012585,0.426673,0.572711,-0.025649,0.419048,0.609583,-0.023020,0.407886,0.612985,-0.018264,0.381240,0.563069,-0.020895,0.412898,0.582560,-0.026992,0.409571,0.609015,-0.021920,0.399689,0.613255,-0.016039
1780503439.815,left,pinch,0.380381,0.683667,-0.000000,0.413296,0.661689,-0.002735,0.438762,0.626285,-0.009433,0.458261,0.603005,-0.018819,0.472832,0.574571,-0.027042,0.412214,0.533415,0.001009,0.443493,0.522975,-0.013922,0.459584,0.542497,-0.024054,0.468279,0.561224,-0.028878,0.398773,0.530804,-0.005023,0.437914,0.555557,-0.019291,0.430471,0.596729,-0.023851,0.417720,0.604290,-0.024218,0.389326,0.543254,-0.012795,0.427732,0.574559,-0.025736,0.419712,0.610330,-0.023308,0.408469,0.612486,-0.018717,0.382369,0.563079,-0.021227,0.414166,0.584677,-0.027002,0.410553,0.610419,-0.021965,0.400622,0.613880,-0.016150
1780503439.953,left,pinch,0.380956,0.681454,-0.000000,0.413529,0.661505,-0.004394,0.439401,0.627643,-0.011503,0.458649,0.604452,-0.020942,0.470506,0.574475,-0.028941,0.412776,0.533130,-0.000282,0.444521,0.521773,-0.016742,0.460806,0.542914,-0.027698,0.469641,0.563222,-0.032680,0.399533,0.529319,-0.005475,0.438999,0.557113,-0.021264,0.430696,0.598571,-0.026346,0.417904,0.604604,-0.026731,0.390317,0.540874,-0.012680,0.428101,0.576264,-0.026640,0.419382,0.611079,-0.024589,0.408277,0.610915,-0.020011,0.383788,0.559640,-0.020716,0.414537,0.586309,-0.027002,0.410231,0.611800,-0.022469,0.400252,0.613408,-0.016867
1780503440.085,left,pinch,0.382075,0.679452,-0.000000,0.413705,0.660684,-0.003606,0.440005,0.626156,-0.010078,0.459419,0.601922,-0.019031,0.471861,0.572162,-0.026791,0.417129,0.533583,0.000801,0.447016,0.522166,-0.014451,0.462113,0.540844,-0.024559,0.470834,0.559472,-0.029216,0.403320,0.528082,-0.004572,0.440565,0.556034,-0.019722,0.431920,0.597579,-0.024533,0.419727,0.605177,-0.024704,0.392851,0.537872,-0.011839,0.429097,0.572704,-0.025637,0.420056,0.608742,-0.023704,0.409252,0.610544,-0.019123,0.384817,0.555205,-0.019815,0.414655,0.580910,-0.026225,0.409834,0.607158,-0.021894,0.399739,0.609680,-0.016403
1780503440.312,left,pinch,0.383086,0.677591,-0.000000,0.414689,0.658547,-0.003646,0.441037,0.625368,-0.010675,0.460640,0.602257,-0.020183,0.473745,0.572540,-0.028640,0.419265,0.532127,0.000341,0.448025,0.521914,-0.014036,0.463134,0.538424,-0.023060,0.471821,0.556299,-0.027103,0.405243,0.526621,-0.005122,0.442209,0.551577,-0.019668,0.434341,0.595483,-0.023307,0.422562,0.604526,-0.022551,0.394238,0.535851,-0.012365,0.430425,0.566553,-0.026229,0.422095,0.605272,-0.022897,0.411308,0.609841,-0.017149,0.385359,0.552856,-0.020247,0.415098,0.573167,-0.026853,0.411699,0.601146,-0.021372,0.402383,0.605938,-0.014893
1780503440.514,left,pinch,0.384245,0.676330,-0.000000,0.414775,0.658153,-0.003328,0.441226,0.624377,-0.009835,0.461200,0.600561,-0.018739,0.474669,0.571520,-0.026558,0.419643,0.531416,0.000010,0.448322,0.521011,-0.013874,0.462790,0.537950,-0.022411,0.471331,0.555496,-0.026238,0.405520,0.525305,-0.005329,0.442076,0.552681,-0.019674,0.433635,0.595194,-0.023317,0.421946,0.603711,-0.022728,0.394388,0.534262,-0.012328,0.429980,0.567101,-0.025867,0.420975,0.604385,-0.022936,0.410270,0.607970,-0.017682,0.385337,0.550838,-0.019932,0.414860,0.574051,-0.026401,0.410745,0.601052,-0.021500,0.401176,0.604752,-0.015589
1780503440.730,left,pinch,0.386813,0.675719,-0.000000,0.417972,0.660203,-0.004462,0.444039,0.627769,-0.011322,0.462886,0.603070,-0.020310,0.476346,0.574058,-0.027932,0.423196,0.533645,-0.000337,0.450146,0.523561,-0.014775,0.464525,0.541970,-0.024086,0.472870,0.561741,-0.028373,0.409513,0.526368,-0.005257,0.444806,0.555045,-0.020346,0.436265,0.595329,-0.024816,0.423943,0.603533,-0.024635,0.398621,0.534752,-0.012026,0.432680,0.570732,-0.025566,0.423807,0.605341,-0.023361,0.413219,0.607570,-0.018683,0.389885,0.551398,-0.019588,0.418435,0.578641,-0.025999,0.414403,0.603671,-0.021741,0.405340,0.606065,-0.016339
1780503440.908,left,pinch,0.390349,0.662217,-0.000000,0.423854,0.651058,-0.003081,0.453593,0.624579,-0.009084,0.475030,0.609107,-0.017555,0.488289,0.585484,-0.024621,0.438061,0.524912,0.001579,0.467461,0.525472,-0.012398,0.481852,0.548609,-0.021014,0.490147,0.569283,-0.024761,0.425723,0.516017,-0.003749,0.460156,0.558185,-0.017358,0.448381,0.595547,-0.021158,0.435994,0.597704,-0.020907,0.414767,0.523234,-0.010842,0.447402,0.568572,-0.023276,0.434846,0.601613,-0.020502,0.423928,0.600576,-0.015665,0.405235,0.538293,-0.018792,0.432652,0.573619,-0.024758,0.425716,0.597730,-0.020329,0.416004,0.598210,-0.014649
1780503441.268,left,pinch,0.392406,0.651242,-0.000000,0.427175,0.645328,-0.002481,0.457438,0.622024,-0.008609,0.479057,0.608030,-0.017469,0.495916,0.584949,-0.024683,0.445483,0.518544,0.002372,0.474811,0.520059,-0.011243,0.488494,0.545209,-0.018654,0.496080,0.566321,-0.021567,0.433347,0.507582,-0.003519,0.467263,0.553939,-0.017562,0.452698,0.589760,-0.020200,0.439340,0.586969,-0.018945,0.422516,0.513133,-0.011248,0.455088,0.564802,-0.024345,0.440636,0.596202,-0.020661,0.429418,0.591486,-0.015090,0.413157,0.527269,-0.019737,0.440261,0.568770,-0.026155,0.431419,0.591024,-0.021539,0.420742,0.587252,-0.015711
1780503441.446,left,pinch,0.397847,0.656761,-0.000000,0.433246,0.652812,-0.004244,0.464218,0.633936,-0.011214,0.486404,0.619925,-0.020346,0.503068,0.597797,-0.027901,0.453171,0.525575,-0.001078,0.483785,0.533184,-0.014463,0.496428,0.560155,-0.022152,0.502411,0.581298,-0.025669,0.441564,0.515099,-0.006223,0.475804,0.564306,-0.021148,0.463149,0.600666,-0.024835,0.449577,0.601403,-0.024348,0.430640,0.520402,-0.013016,0.462560,0.573123,-0.027123,0.448795,0.605183,-0.024368,0.436755,0.603310,-0.019231,0.420428,0.533964,-0.020537,0.447494,0.575541,-0.027801,0.439191,0.599262,-0.023539,0.428492,0.598102,-0.017955
1780503441.685,left,pinch,0.399703,0.650882,-0.000000,0.431984,0.648215,-0.001491,0.462633,0.626644,-0.006997,0.485136,0.611848,-0.015083,0.503098,0.592300,-0.021674,0.454242,0.520310,0.000273,0.485210,0.524976,-0.012602,0.497258,0.552174,-0.018798,0.502867,0.571442,-0.020973,0.442601,0.507690,-0.005805,0.475883,0.556378,-0.018521,0.461255,0.591253,-0.019846,0.448252,0.586410,-0.018133,0.431522,0.512411,-0.013416,0.462497,0.566915,-0.025887,0.447865,0.598027,-0.021681,0.436709,0.593066,-0.016132,0.421222,0.526117,-0.021599,0.447601,0.569723,-0.027740,0.438724,0.593837,-0.022838,0.427886,0.591738,-0.017154
1780503441.799,left,pinch,0.398817,0.647968,-0.000000,0.433819,0.645546,-0.003178,0.465155,0.625876,-0.009796,0.488135,0.613483,-0.018839,0.505599,0.591446,-0.026200,0.456444,0.519498,0.000584,0.485859,0.525133,-0.013797,0.498560,0.552973,-0.022251,0.504785,0.576130,-0.025830,0.445102,0.507196,-0.005084,0.477662,0.558573,-0.019997,0.462114,0.593007,-0.023673,0.448165,0.590324,-0.023043,0.434226,0.511274,-0.012569,0.464023,0.568718,-0.026011,0.448892,0.597737,-0.023213,0.437380,0.591769,-0.018271,0.423841,0.524361,-0.020836,0.448855,0.570325,-0.027339,0.439619,0.592572,-0.023079,0.429108,0.588594,-0.017629
1780503441.935,left,pinch,0.394409,0.649361,-0.000000,0.432132,0.651120,-0.004068,0.463705,0.634548,-0.011354,0.486963,0.624175,-0.021256,0.504769,0.602171,-0.029326,0.455827,0.523744,0.001693,0.486487,0.533560,-0.014806,0.498979,0.562580,-0.024966,0.505895,0.586096,-0.029638,0.445233,0.512470,-0.004426,0.479235,0.565939,-0.022127,0.462073,0.601147,-0.026681,0.448208,0.596957,-0.025938,0.435201,0.517612,-0.012792,0.465168,0.576855,-0.028490,0.448998,0.606590,-0.025421,0.437961,0.598477,-0.019606,0.425988,0.532032,-0.022113,0.449624,0.580243,-0.029600,0.438869,0.602033,-0.025038,0.428452,0.595753,-0.019093
1780503442.144,left,pinch,0.395535,0.651150,-0.000000,0.431259,0.652139,-0.002701,0.462576,0.635386,-0.009475,0.486662,0.624178,-0.018814,0.504987,0.604814,-0.026608,0.457176,0.523416,-0.000231,0.488682,0.533615,-0.015095,0.499982,0.562630,-0.023327,0.504492,0.583387,-0.026830,0.445982,0.510372,-0.006475,0.479233,0.564478,-0.021725,0.462976,0.600263,-0.024556,0.449199,0.595822,-0.023291,0.435299,0.515005,-0.014499,0.464907,0.577506,-0.028857,0.449001,0.608388,-0.025321,0.437505,0.601482,-0.019689,0.425261,0.529765,-0.023220,0.448672,0.580547,-0.030365,0.438363,0.604145,-0.025807,0.427617,0.598774,-0.020145
1780503442.279,left,pinch,0.396178,0.650670,-0.000000,0.432857,0.651532,-0.002429,0.464671,0.634408,-0.008962,0.488325,0.624944,-0.018251,0.506698,0.606400,-0.025817,0.459423,0.524558,0.001553,0.490331,0.531846,-0.013982,0.502168,0.564254,-0.023318,0.506719,0.589475,-0.027336,0.448028,0.511823,-0.005009,0.481298,0.564519,-0.020978,0.464978,0.598909,-0.024978,0.450636,0.594871,-0.024339,0.436934,0.516667,-0.013515,0.466933,0.578780,-0.027973,0.450820,0.607976,-0.025094,0.439425,0.600383,-0.019825,0.426587,0.531556,-0.022771,0.450461,0.582341,-0.029662,0.440110,0.604239,-0.025192,0.429772,0.597722,-0.019564
1780503442.451,left,pinch,0.394946,0.652423,-0.000000,0.433335,0.652469,-0.002051,0.464285,0.635745,-0.008381,0.487479,0.626099,-0.017747,0.505870,0.608017,-0.025604,0.458931,0.524366,0.002401,0.490500,0.534978,-0.013340,0.501552,0.566445,-0.023269,0.505810,0.590214,-0.027878,0.447752,0.512618,-0.004452,0.480450,0.568216,-0.020623,0.464518,0.602699,-0.025213,0.450544,0.599508,-0.025120,0.436985,0.517828,-0.013283,0.466699,0.580300,-0.027990,0.450924,0.609926,-0.025458,0.439554,0.603432,-0.020380,0.426831,0.532908,-0.022836,0.450263,0.582505,-0.029903,0.440148,0.605253,-0.025487,0.429937,0.600012,-0.019856
1780503442.555,left,pinch,0.397296,0.650753,-0.000000,0.433791,0.652225,-0.002683,0.466337,0.635919,-0.009526,0.490651,0.627562,-0.019158,0.508034,0.609638,-0.027017,0.462451,0.524470,0.000756,0.494012,0.532638,-0.015362,0.504838,0.565502,-0.025054,0.508133,0.591724,-0.029081,0.450591,0.511494,-0.005705,0.483395,0.567892,-0.021845,0.466481,0.601486,-0.025642,0.452270,0.597536,-0.024833,0.439035,0.516332,-0.014175,0.468795,0.580969,-0.028537,0.452237,0.609000,-0.025504,0.440875,0.601866,-0.020159,0.428318,0.531313,-0.023479,0.452366,0.583535,-0.030354,0.441708,0.604437,-0.025994,0.431499,0.597973,-0.020411
1780503442.670,left,pinch,0.398163,0.658773,-0.000000,0.439892,0.660628,-0.002424,0.471957,0.646608,-0.009237,0.494810,0.640401,-0.019181,0.513888,0.627566,-0.027564,0.465884,0.531197,0.003115,0.498619,0.554045,-0.012215,0.509136,0.586382,-0.022462,0.513073,0.608408,-0.027753,0.454947,0.520258,-0.003807,0.488444,0.583489,-0.020086,0.471982,0.616674,-0.025203,0.457781,0.610717,-0.025614,0.444367,0.526403,-0.012658,0.474653,0.591491,-0.027208,0.458395,0.620136,-0.024882,0.446709,0.611639,-0.020117,0.434256,0.541684,-0.022321,0.458797,0.592785,-0.029667,0.447694,0.613700,-0.025411,0.436703,0.606940,-0.019915
1780503442.778,left,pinch,0.402204,0.660073,-0.000000,0.442001,0.665587,-0.001787,0.473043,0.652999,-0.008925,0.495270,0.648809,-0.019151,0.515745,0.637742,-0.027824,0.470196,0.537532,0.002741,0.500655,0.555749,-0.013179,0.512363,0.588747,-0.023556,0.517005,0.615770,-0.028511,0.459825,0.526113,-0.004552,0.492058,0.588741,-0.021216,0.474046,0.620784,-0.026118,0.459267,0.614770,-0.026123,0.449332,0.532225,-0.013747,0.478194,0.600260,-0.028361,0.460569,0.627137,-0.025596,0.448734,0.617521,-0.020496,0.439100,0.548128,-0.023703,0.462563,0.601300,-0.030709,0.450716,0.621508,-0.025977,0.440004,0.613242,-0.020175
1780503443.032,left,pinch,0.406530,0.660711,-0.000000,0.445614,0.666126,-0.002650,0.476830,0.654478,-0.009881,0.500320,0.650675,-0.020019,0.521175,0.639301,-0.028488,0.474675,0.540430,0.002816,0.505777,0.557549,-0.013468,0.516701,0.590540,-0.024546,0.520472,0.617754,-0.029859,0.464214,0.529306,-0.003990,0.495568,0.587239,-0.020560,0.478242,0.616031,-0.025975,0.463866,0.611089,-0.026370,0.453522,0.535472,-0.012879,0.482020,0.602752,-0.027366,0.464472,0.627386,-0.025150,0.453165,0.618721,-0.020385,0.443407,0.551668,-0.022642,0.466576,0.604871,-0.029542,0.454617,0.623328,-0.025240,0.444146,0.615407,-0.019761
1780503443.153,left,pinch,0.410304,0.661321,-0.000000,0.449142,0.668746,-0.002315,0.480706,0.657239,-0.008940,0.504709,0.653736,-0.018478,0.525693,0.641448,-0.026312,0.479491,0.544989,0.003192,0.510474,0.560243,-0.013020,0.520453,0.594347,-0.023976,0.523479,0.621397,-0.029243,0.469492,0.532321,-0.003680,0.499585,0.589710,-0.020144,0.482867,0.620326,-0.025648,0.469300,0.616077,-0.026172,0.458757,0.537156,-0.012603,0.485809,0.605990,-0.027198,0.468240,0.631474,-0.025130,0.457168,0.621937,-0.020473,0.448300,0.552036,-0.022331,0.469360,0.607481,-0.029289,0.457391,0.626472,-0.025043,0.447371,0.617764,-0.019620
1780503443.345,left,pinch,0.412780,0.662691,-0.000000,0.450822,0.668062,-0.002140,0.481732,0.656264,-0.008503,0.505857,0.652185,-0.017725,0.526802,0.639328,-0.025428,0.481409,0.544580,0.002405,0.513627,0.561021,-0.013464,0.522628,0.594147,-0.024028,0.523956,0.617987,-0.029105,0.471015,0.532158,-0.004404,0.503116,0.584324,-0.020146,0.490356,0.619585,-0.025418,0.478428,0.620984,-0.026014,0.460401,0.536537,-0.013146,0.488693,0.602259,-0.027546,0.472090,0.631633,-0.025332,0.460410,0.626238,-0.020555,0.450086,0.551259,-0.022612,0.472290,0.604508,-0.029733,0.460464,0.626191,-0.025492,0.449854,0.620304,-0.020131
1780503443.496,left,pinch,0.409545,0.665239,-0.000000,0.449337,0.669678,-0.002489,0.480604,0.657472,-0.009263,0.504419,0.652095,-0.019077,0.524149,0.637217,-0.027312,0.478608,0.542604,0.002628,0.510824,0.564692,-0.013480,0.520561,0.597728,-0.024160,0.524494,0.621877,-0.029560,0.468604,0.530769,-0.004386,0.499970,0.593723,-0.020880,0.481925,0.624447,-0.025590,0.468349,0.619203,-0.025760,0.458539,0.536453,-0.013537,0.486507,0.605664,-0.028286,0.468460,0.631815,-0.025410,0.457347,0.623654,-0.020305,0.448723,0.552424,-0.023591,0.470928,0.606528,-0.030950,0.458592,0.626667,-0.026549,0.448109,0.619910,-0.021061
1780503443.751,left,pinch,0.409366,0.662934,-0.000000,0.448243,0.668467,-0.001258,0.480410,0.657773,-0.007210,0.503549,0.654420,-0.016225,0.522322,0.641704,-0.023798,0.479140,0.543070,0.003392,0.511432,0.561623,-0.012609,0.521284,0.596929,-0.023778,0.524332,0.623550,-0.029223,0.468655,0.531237,-0.003846,0.500123,0.589190,-0.019296,0.484550,0.620618,-0.024735,0.471273,0.618800,-0.025626,0.457750,0.536584,-0.012995,0.485984,0.604380,-0.026785,0.468919,0.630786,-0.024752,0.457717,0.623992,-0.020346,0.447246,0.552164,-0.022864,0.470336,0.605275,-0.029209,0.458627,0.625865,-0.024715,0.448097,0.620178,-0.019297
1780503443.896,left,pinch,0.407490,0.663757,-0.000000,0.448210,0.671842,-0.003307,0.480478,0.660331,-0.010341,0.504611,0.656081,-0.020225,0.525510,0.646533,-0.028458,0.480965,0.547478,0.002394,0.511417,0.567624,-0.013831,0.522438,0.603065,-0.024547,0.527229,0.630821,-0.029907,0.471116,0.534815,-0.004253,0.501234,0.599079,-0.021505,0.482682,0.629779,-0.026651,0.468482,0.623728,-0.026755,0.460600,0.539676,-0.013061,0.486779,0.610688,-0.028176,0.468692,0.635652,-0.025696,0.457852,0.625305,-0.020689,0.450183,0.554483,-0.022848,0.470266,0.611326,-0.030296,0.457648,0.630351,-0.026127,0.447687,0.621322,-0.020697
1780503444.196,left,pinch,0.408305,0.663320,-0.000000,0.447344,0.668761,-0.001576,0.479618,0.658452,-0.007983,0.503856,0.655033,-0.017416,0.524434,0.643605,-0.025491,0.479816,0.544203,0.002224,0.511809,0.566345,-0.013103,0.521944,0.601340,-0.023737,0.526165,0.628100,-0.029220,0.469673,0.531595,-0.004924,0.499185,0.595160,-0.020251,0.481549,0.623894,-0.025239,0.467781,0.619460,-0.026038,0.458722,0.537139,-0.013875,0.486210,0.606813,-0.027615,0.468264,0.631619,-0.025036,0.456960,0.624586,-0.020460,0.447966,0.553159,-0.023586,0.470532,0.607925,-0.030396,0.458232,0.627747,-0.025861,0.447510,0.621674,-0.020406
1780503444.403,left,pinch,0.408052,0.661995,-0.000000,0.445922,0.668218,-0.001759,0.478250,0.657265,-0.007820,0.502171,0.653997,-0.016931,0.521954,0.641365,-0.024610,0.479148,0.543602,0.003340,0.511379,0.562511,-0.012701,0.521046,0.597145,-0.024029,0.524234,0.623534,-0.029709,0.468987,0.530302,-0.003723,0.498884,0.591122,-0.019727,0.482142,0.620694,-0.025465,0.468414,0.617890,-0.026451,0.457932,0.534334,-0.012777,0.484873,0.604498,-0.026933,0.467086,0.629724,-0.025149,0.455833,0.622484,-0.020830,0.447157,0.548867,-0.022638,0.469064,0.605585,-0.029459,0.456865,0.625492,-0.025454,0.446368,0.618923,-0.020284
1780503444.568,left,pinch,0.407476,0.662244,-0.000000,0.447711,0.670290,-0.002659,0.479511,0.658076,-0.009412,0.503152,0.655219,-0.019098,0.524372,0.649026,-0.027167,0.480292,0.545558,0.002692,0.511046,0.566637,-0.013525,0.521576,0.602409,-0.024733,0.525876,0.630209,-0.030590,0.470432,0.533438,-0.004215,0.500679,0.597319,-0.021559,0.482688,0.627329,-0.027157,0.468070,0.622856,-0.027711,0.459781,0.538590,-0.013198,0.486222,0.609298,-0.027965,0.468612,0.633958,-0.025757,0.457548,0.624887,-0.021110,0.449431,0.553797,-0.023140,0.469227,0.611243,-0.030368,0.456702,0.629113,-0.026565,0.446813,0.619638,-0.021582
1780503444.864,left,pinch,0.408128,0.665515,-0.000000,0.448337,0.673295,-0.002434,0.479024,0.661959,-0.009174,0.502377,0.657840,-0.018875,0.523526,0.648545,-0.027019,0.478678,0.546062,0.002507,0.510635,0.567953,-0.013712,0.521634,0.604162,-0.024762,0.526313,0.632338,-0.030439,0.468841,0.534074,-0.004522,0.499537,0.598807,-0.021324,0.481550,0.628331,-0.026739,0.467466,0.622268,-0.027478,0.458430,0.540600,-0.013582,0.485919,0.611554,-0.028286,0.467866,0.636403,-0.025677,0.456723,0.626992,-0.020889,0.448207,0.557243,-0.023524,0.469440,0.613092,-0.030695,0.456974,0.632169,-0.026221,0.446795,0.623865,-0.020800
1780503444.988,left,pinch,0.406712,0.666786,-0.000000,0.446747,0.673304,-0.001498,0.478815,0.662701,-0.008036,0.502574,0.659692,-0.017810,0.523325,0.648780,-0.026231,0.477680,0.546341,0.003278,0.508935,0.566762,-0.012273,0.519601,0.602116,-0.022819,0.524853,0.628519,-0.028235,0.467450,0.534214,-0.004160,0.497516,0.598903,-0.019734,0.479369,0.628130,-0.024611,0.465854,0.620631,-0.025296,0.456706,0.540413,-0.013533,0.484023,0.610623,-0.027482,0.466095,0.635721,-0.024644,0.455179,0.626118,-0.019929,0.446074,0.556715,-0.023716,0.468193,0.611395,-0.030435,0.455863,0.631477,-0.025615,0.445253,0.623880,-0.020011
1780503445.144,left,pinch,0.401320,0.669888,-0.000000,0.442911,0.675217,-0.002249,0.475350,0.662658,-0.008887,0.499244,0.656845,-0.018456,0.520064,0.642461,-0.026398,0.472918,0.544904,0.001929,0.505387,0.572032,-0.013112,0.514998,0.603917,-0.022284,0.520193,0.623711,-0.027128,0.462224,0.533916,-0.005188,0.495190,0.599958,-0.021060,0.476651,0.629645,-0.024733,0.463827,0.620409,-0.024523,0.451561,0.540985,-0.014273,0.480999,0.611161,-0.028746,0.463250,0.637141,-0.025211,0.452963,0.626703,-0.020014,0.441359,0.558802,-0.024231,0.464801,0.613545,-0.031696,0.452535,0.633060,-0.027337,0.441868,0.624226,-0.022128
1780503445.305,left,pinch,0.401845,0.668603,-0.000000,0.441444,0.674050,-0.002182,0.472986,0.661087,-0.008738,0.496751,0.657231,-0.018180,0.517025,0.645934,-0.025911,0.471769,0.543364,0.002095,0.505289,0.566588,-0.014402,0.515326,0.602290,-0.024984,0.519414,0.626209,-0.030185,0.461698,0.532683,-0.004993,0.494186,0.596100,-0.021224,0.476346,0.626901,-0.025324,0.462817,0.620030,-0.025141,0.451152,0.539972,-0.014199,0.478971,0.611698,-0.028766,0.461248,0.637116,-0.025709,0.450618,0.626680,-0.020625,0.441035,0.557674,-0.024282,0.462312,0.614439,-0.031454,0.449963,0.633755,-0.027166,0.439668,0.624703,-0.021892
1780503445.576,left,pinch,0.391959,0.663244,-0.000000,0.429901,0.662945,-0.003413,0.462607,0.647255,-0.010025,0.487218,0.638404,-0.019105,0.504682,0.620217,-0.026612,0.457806,0.530070,0.000213,0.491970,0.552672,-0.014321,0.498464,0.587055,-0.023589,0.498262,0.607706,-0.028249,0.444972,0.518936,-0.005763,0.477017,0.582660,-0.020835,0.460973,0.615309,-0.025059,0.446343,0.611130,-0.025496,0.432429,0.525794,-0.013619,0.463247,0.592453,-0.027053,0.447260,0.620061,-0.024399,0.434988,0.613382,-0.020060,0.420943,0.542866,-0.022388,0.446527,0.595246,-0.029694,0.436006,0.616140,-0.026214,0.425113,0.609540,-0.021628
1780503445.713,left,pinch,0.392845,0.650877,-0.000000,0.424342,0.645247,-0.003068,0.455178,0.624422,-0.009375,0.478435,0.612456,-0.017707,0.495984,0.593979,-0.024791,0.449474,0.515254,-0.001602,0.479680,0.526966,-0.014751,0.490177,0.556148,-0.022465,0.494627,0.578529,-0.026071,0.436130,0.503494,-0.007050,0.467318,0.555454,-0.020248,0.453410,0.589523,-0.023216,0.441045,0.588215,-0.022960,0.423160,0.509520,-0.013944,0.452809,0.566579,-0.027043,0.437915,0.596017,-0.024036,0.426530,0.591284,-0.019316,0.411432,0.524665,-0.021478,0.436254,0.569772,-0.028928,0.427197,0.591986,-0.025042,0.416819,0.587084,-0.020013
1780503445.867,left,pinch,0.393314,0.647233,-0.000000,0.425074,0.640367,-0.002511,0.455768,0.615175,-0.008713,0.478996,0.599365,-0.017168,0.496173,0.576966,-0.024387,0.443794,0.507850,-0.000011,0.472680,0.513079,-0.013257,0.487422,0.535944,-0.021077,0.496611,0.555247,-0.024778,0.430490,0.496870,-0.005954,0.465414,0.542936,-0.020179,0.451961,0.580517,-0.023253,0.438739,0.581022,-0.022438,0.418554,0.502962,-0.013424,0.452007,0.554863,-0.027330,0.438856,0.588661,-0.024012,0.427818,0.586436,-0.018584,0.408065,0.518871,-0.021458,0.436824,0.558434,-0.028861,0.428895,0.584071,-0.024204,0.417949,0.583082,-0.018400
1780503445.984,left,pinch,0.409135,0.687799,0.000000,0.440560,0.670434,-0.003861,0.468070,0.635773,-0.010684,0.489353,0.609338,-0.019658,0.502612,0.576444,-0.027486,0.441623,0.530288,0.000569,0.472732,0.529775,-0.013604,0.491636,0.544981,-0.023185,0.504717,0.562544,-0.028340,0.428728,0.523122,-0.005157,0.469439,0.559757,-0.020541,0.460001,0.603084,-0.024001,0.448350,0.608345,-0.023132,0.419603,0.532719,-0.012710,0.459368,0.575464,-0.027993,0.449013,0.612418,-0.024431,0.437396,0.613425,-0.018521,0.412631,0.552970,-0.020956,0.445110,0.584154,-0.029575,0.439232,0.611214,-0.024740,0.428191,0.613063,-0.018658
1780503446.177,left,pinch,0.403777,0.705348,-0.000000,0.435004,0.689219,-0.002256,0.461918,0.647921,-0.007625,0.480268,0.616276,-0.015065,0.488254,0.583916,-0.021284,0.432331,0.543575,0.000936,0.465127,0.532338,-0.012845,0.486017,0.547547,-0.022394,0.500978,0.561968,-0.027693,0.419699,0.536838,-0.005397,0.463558,0.560770,-0.019812,0.457089,0.606266,-0.023376,0.445103,0.615189,-0.023176,0.412123,0.547297,-0.013366,0.456345,0.580173,-0.026776,0.448375,0.619875,-0.023330,0.436499,0.624030,-0.018278,0.408014,0.568186,-0.022047,0.444553,0.594280,-0.028593,0.439304,0.622930,-0.023830,0.427626,0.627764,-0.018425
1780503446.316,left,pinch,0.397210,0.720517,-0.000000,0.429418,0.697318,-0.003396,0.455811,0.652515,-0.008978,0.475931,0.621098,-0.016591,0.489808,0.591395,-0.023229,0.423505,0.549434,-0.000090,0.457744,0.536498,-0.013342,0.477790,0.552085,-0.022493,0.491140,0.564921,-0.027765,0.409559,0.546814,-0.005781,0.454326,0.565438,-0.019367,0.451024,0.611469,-0.023424,0.440072,0.622894,-0.024047,0.400934,0.560183,-0.013062,0.446120,0.588047,-0.026636,0.439932,0.629067,-0.024068,0.428407,0.635652,-0.019638,0.395840,0.582943,-0.020994,0.433833,0.602551,-0.028011,0.430736,0.632598,-0.023513,0.419751,0.640401,-0.018283
1780503446.436,left,pinch,0.380649,0.731448,0.000000,0.413336,0.704332,-0.004823,0.442646,0.657347,-0.010818,0.463962,0.624478,-0.018373,0.477277,0.589465,-0.024847,0.410300,0.553606,-0.000675,0.445249,0.541396,-0.015003,0.466166,0.557953,-0.025097,0.480224,0.569902,-0.030965,0.395632,0.549219,-0.006065,0.442132,0.559529,-0.020442,0.445753,0.607514,-0.025054,0.440082,0.623148,-0.025792,0.385057,0.561704,-0.013292,0.429922,0.587443,-0.027537,0.424557,0.632028,-0.025236,0.412847,0.640825,-0.020794,0.377767,0.584566,-0.021389,0.413917,0.606604,-0.028954,0.410781,0.638290,-0.025190,0.399225,0.645255,-0.020534
1780503446.581,left,pinch,0.371212,0.740551,-0.000000,0.405292,0.712143,-0.003155,0.434756,0.664224,-0.008133,0.454113,0.628320,-0.015258,0.463341,0.593360,-0.021397,0.403044,0.558325,0.001287,0.436894,0.546995,-0.012728,0.457096,0.567666,-0.023195,0.469599,0.584122,-0.028895,0.387424,0.554506,-0.004524,0.429938,0.575912,-0.018775,0.426234,0.626353,-0.024463,0.413929,0.644193,-0.025715,0.375270,0.567995,-0.011884,0.417560,0.597023,-0.025588,0.412017,0.640678,-0.024091,0.400425,0.651328,-0.019983,0.365513,0.591861,-0.019891,0.401287,0.611380,-0.026666,0.399538,0.642364,-0.022310,0.389364,0.652515,-0.016828
1780503446.743,left,pinch,0.369649,0.745183,-0.000000,0.403662,0.715335,-0.003879,0.431115,0.669003,-0.010183,0.449591,0.632763,-0.018741,0.456814,0.593767,-0.026077,0.397597,0.561507,-0.000243,0.432668,0.547344,-0.016215,0.450370,0.565316,-0.026665,0.460831,0.577829,-0.031939,0.381721,0.556791,-0.006201,0.427176,0.575536,-0.022879,0.424688,0.628714,-0.028295,0.413675,0.645155,-0.028567,0.369817,0.569702,-0.013933,0.414895,0.597702,-0.030774,0.409622,0.645762,-0.029010,0.397789,0.656620,-0.023675,0.360591,0.593298,-0.022188,0.398675,0.613958,-0.031490,0.397672,0.648025,-0.027517,0.387267,0.657300,-0.021693
1780503446.876,left,pinch,0.369215,0.748325,-0.000000,0.402416,0.717416,-0.002993,0.430430,0.668230,-0.009284,0.450218,0.630675,-0.018294,0.460077,0.591829,-0.026472,0.396315,0.565101,0.001499,0.428066,0.545699,-0.013625,0.446931,0.558749,-0.024236,0.459723,0.571599,-0.029639,0.379579,0.561400,-0.004911,0.422452,0.574837,-0.020159,0.419872,0.626606,-0.024930,0.409081,0.644354,-0.024863,0.367239,0.574515,-0.013107,0.411035,0.595587,-0.028115,0.406858,0.642905,-0.025354,0.395958,0.656404,-0.019628,0.357975,0.597956,-0.021933,0.395410,0.612027,-0.029553,0.395894,0.645091,-0.024424,0.386912,0.656821,-0.017882
1780503447.207,left,pinch,0.375455,0.742821,-0.000000,0.405307,0.711636,-0.004384,0.430733,0.660671,-0.009317,0.447982,0.620320,-0.016830,0.452194,0.580140,-0.023303,0.400038,0.566902,0.003249,0.424027,0.537745,-0.012117,0.439641,0.553370,-0.022312,0.447571,0.565843,-0.027000,0.384092,0.563173,-0.001823,0.419694,0.563490,-0.017813,0.420042,0.616026,-0.022687,0.410021,0.636268,-0.022328,0.370249,0.572158,-0.009228,0.408174,0.585180,-0.025982,0.405375,0.635387,-0.023622,0.394493,0.652297,-0.017505,0.358129,0.590128,-0.017231,0.392268,0.598338,-0.026050,0.393328,0.633166,-0.021299,0.383992,0.646659,-0.014830
1780503447.349,left,pinch,0.376291,0.741901,-0.000000,0.405582,0.708042,-0.004279,0.430096,0.655709,-0.009587,0.447090,0.614254,-0.017381,0.450698,0.574238,-0.024411,0.394844,0.567212,0.003025,0.419336,0.537971,-0.012072,0.437940,0.542377,-0.022148,0.451369,0.548285,-0.027088,0.378865,0.563631,-0.002172,0.417144,0.556714,-0.019149,0.417536,0.610441,-0.023115,0.408346,0.632224,-0.021609,0.365992,0.571404,-0.009659,0.406803,0.578083,-0.026995,0.403721,0.628921,-0.023450,0.392578,0.646856,-0.016295,0.355154,0.588032,-0.017804,0.390854,0.594389,-0.026875,0.391258,0.630282,-0.021847,0.380969,0.644233,-0.015264
1780503447.478,left,pinch,0.377890,0.739982,-0.000000,0.405628,0.705499,-0.002668,0.429137,0.651368,-0.006896,0.445384,0.608995,-0.014195,0.446569,0.567351,-0.020733,0.393987,0.570529,0.006782,0.413324,0.535258,-0.007506,0.431832,0.534541,-0.017075,0.446373,0.538199,-0.021627,0.378640,0.568320,0.000771,0.412693,0.556974,-0.015778,0.413207,0.610182,-0.019752,0.404436,0.632043,-0.018149,0.365809,0.575770,-0.007641,0.403559,0.575763,-0.024862,0.400825,0.625748,-0.021345,0.389847,0.643739,-0.014102,0.354177,0.591082,-0.016622,0.389128,0.589500,-0.025318,0.389933,0.623075,-0.019998,0.379504,0.637190,-0.013179
1780503447.620,left,pinch,0.378850,0.740329,-0.000000,0.406610,0.705135,-0.002157,0.428977,0.650001,-0.006540,0.444399,0.607237,-0.014010,0.445688,0.564959,-0.020760,0.391399,0.569576,0.005935,0.411237,0.534030,-0.008209,0.429874,0.530905,-0.017597,0.444534,0.532472,-0.022155,0.375945,0.568255,-0.000435,0.411598,0.558549,-0.016768,0.412717,0.611490,-0.020692,0.403636,0.632009,-0.019325,0.363441,0.576948,-0.009006,0.402421,0.577307,-0.025967,0.400424,0.626934,-0.022360,0.389111,0.643309,-0.015383,0.352568,0.593542,-0.018069,0.388377,0.591042,-0.026701,0.389643,0.625195,-0.021166,0.378915,0.639282,-0.014340
1780503447.786,left,pinch,0.377678,0.740791,-0.000000,0.406041,0.704772,-0.003217,0.428872,0.648444,-0.008380,0.445059,0.604839,-0.016779,0.448619,0.562183,-0.024189,0.392152,0.570826,0.006807,0.410281,0.533219,-0.008190,0.428489,0.530915,-0.017677,0.443464,0.533832,-0.022005,0.376702,0.569514,0.000704,0.411867,0.560858,-0.016749,0.411298,0.615021,-0.020677,0.401266,0.633612,-0.018756,0.364162,0.577528,-0.007983,0.402157,0.579076,-0.026060,0.399446,0.629664,-0.022486,0.388412,0.644386,-0.015064,0.353251,0.592569,-0.017281,0.388013,0.591324,-0.026433,0.388186,0.626051,-0.021073,0.377240,0.638907,-0.014051
1780503447.929,left,pinch,0.378768,0.741836,-0.000000,0.406528,0.707617,-0.004061,0.429469,0.651513,-0.009241,0.445703,0.606644,-0.017360,0.447349,0.563525,-0.024609,0.393896,0.572595,0.005123,0.412142,0.533561,-0.009188,0.430616,0.530873,-0.018279,0.445198,0.533888,-0.022512,0.378232,0.571029,-0.000393,0.412750,0.560639,-0.017158,0.412908,0.613214,-0.021345,0.402861,0.631741,-0.019888,0.365498,0.578624,-0.008304,0.403475,0.578518,-0.025891,0.401208,0.628890,-0.022612,0.389683,0.644165,-0.015629,0.353989,0.593434,-0.016851,0.389204,0.591328,-0.026051,0.390411,0.626541,-0.020840,0.379852,0.640123,-0.014005
1780503448.118,left,pinch,0.377953,0.744066,-0.000000,0.406165,0.710075,-0.004250,0.429127,0.653900,-0.009284,0.445813,0.608800,-0.017225,0.448456,0.564795,-0.024300,0.394649,0.574350,0.005513,0.413493,0.535646,-0.008824,0.431668,0.532211,-0.017926,0.446241,0.533742,-0.022258,0.378882,0.572247,0.000078,0.412670,0.559438,-0.017018,0.413499,0.613300,-0.021338,0.404502,0.633002,-0.019804,0.366022,0.579013,-0.007806,0.403670,0.577953,-0.025875,0.401510,0.629435,-0.022727,0.390202,0.645103,-0.015618,0.354397,0.592984,-0.016300,0.389366,0.590492,-0.025641,0.390502,0.626335,-0.020489,0.379948,0.640073,-0.013678
1780503448.263,left,pinch,0.380498,0.742358,-0.000000,0.407933,0.706740,-0.003199,0.430762,0.651492,-0.008300,0.447709,0.608440,-0.016480,0.451785,0.565744,-0.023840,0.395357,0.572161,0.005399,0.414343,0.535040,-0.008784,0.432386,0.533551,-0.017942,0.446376,0.536906,-0.022335,0.379353,0.570583,-0.000493,0.413758,0.561802,-0.017050,0.413954,0.614894,-0.021404,0.404087,0.633501,-0.020271,0.366551,0.578698,-0.008639,0.404022,0.579865,-0.026113,0.401831,0.629942,-0.023029,0.390288,0.644314,-0.016302,0.355194,0.593911,-0.017286,0.389599,0.591554,-0.026424,0.390971,0.626183,-0.021194,0.380452,0.638803,-0.014445
1780503448.461,left,pinch,0.383348,0.740989,-0.000000,0.410970,0.703285,-0.002392,0.432627,0.648710,-0.006941,0.448356,0.606365,-0.014831,0.452114,0.563560,-0.021867,0.397599,0.571720,0.007690,0.414255,0.534732,-0.006236,0.431949,0.532692,-0.015531,0.446146,0.535339,-0.020047,0.382319,0.570552,0.001395,0.416039,0.560603,-0.015941,0.416674,0.612084,-0.021284,0.406893,0.631254,-0.020420,0.369854,0.578125,-0.007158,0.407205,0.577831,-0.025049,0.405517,0.627742,-0.022639,0.394365,0.643269,-0.015989,0.358747,0.592689,-0.016189,0.393252,0.590724,-0.025515,0.394387,0.626011,-0.020760,0.383912,0.639460,-0.014133
1780503448.639,left,pinch,0.383884,0.739281,-0.000000,0.411539,0.702086,-0.001448,0.432357,0.647214,-0.005979,0.447351,0.605379,-0.013699,0.449865,0.563656,-0.020473,0.393876,0.567210,0.006098,0.412879,0.530905,-0.007664,0.431957,0.530097,-0.016683,0.446406,0.535054,-0.021088,0.378763,0.565934,-0.000698,0.416106,0.557161,-0.017446,0.418320,0.609369,-0.021950,0.408751,0.630927,-0.020822,0.367729,0.575348,-0.009522,0.408554,0.577167,-0.025964,0.407775,0.627034,-0.022780,0.396827,0.643883,-0.016250,0.359567,0.592857,-0.018867,0.395564,0.594950,-0.027069,0.396881,0.630299,-0.022162,0.386651,0.643510,-0.015911
1780503448.797,left,pinch,0.384914,0.735608,-0.000000,0.413459,0.698002,-0.000941,0.433246,0.642692,-0.004832,0.447032,0.603111,-0.012019,0.449694,0.564428,-0.018156,0.393194,0.564471,0.006897,0.412194,0.526369,-0.007174,0.431430,0.525815,-0.017067,0.445882,0.531185,-0.022164,0.378823,0.562723,-0.000019,0.416611,0.557724,-0.017335,0.419163,0.608280,-0.022959,0.409745,0.630332,-0.022691,0.368587,0.572489,-0.008921,0.409557,0.576736,-0.025419,0.409311,0.624718,-0.023266,0.398750,0.640985,-0.017550,0.361510,0.590195,-0.018353,0.397948,0.595791,-0.026617,0.398710,0.630588,-0.022551,0.388462,0.643334,-0.016935
1780503449.041,left,pinch,0.383809,0.738147,-0.000000,0.413020,0.699722,-0.002200,0.433078,0.646161,-0.007204,0.447469,0.604850,-0.015280,0.449802,0.565811,-0.022388,0.391020,0.566580,0.005281,0.413402,0.528823,-0.009308,0.434078,0.527363,-0.019310,0.449304,0.533537,-0.024283,0.377090,0.564511,-0.001055,0.416276,0.555552,-0.017556,0.419780,0.605852,-0.022395,0.410842,0.627094,-0.021734,0.367849,0.573542,-0.009454,0.410351,0.576076,-0.025395,0.410184,0.623931,-0.022702,0.398891,0.640297,-0.016745,0.361452,0.590539,-0.018503,0.398419,0.595662,-0.026283,0.399741,0.630787,-0.021660,0.389149,0.644280,-0.015683
1780503449.269,left,pinch,0.385061,0.740438,-0.000000,0.413672,0.700949,-0.002396,0.434151,0.646466,-0.007669,0.448639,0.604932,-0.015968,0.450667,0.564968,-0.023267,0.390537,0.568071,0.004935,0.413473,0.530200,-0.009567,0.433853,0.528891,-0.019586,0.449612,0.533808,-0.024689,0.376250,0.567047,-0.001355,0.416466,0.558819,-0.017581,0.418945,0.609541,-0.022096,0.409959,0.630220,-0.021400,0.367040,0.577298,-0.009749,0.410433,0.577833,-0.025559,0.410205,0.625745,-0.022528,0.399657,0.641944,-0.016474,0.361069,0.595202,-0.018825,0.398500,0.596810,-0.026635,0.399800,0.632057,-0.021803,0.389573,0.646363,-0.015730
1780503449.412,left,pinch,0.389409,0.744722,-0.000000,0.417350,0.706566,-0.002737,0.437015,0.650829,-0.008268,0.450879,0.608407,-0.016837,0.455587,0.566517,-0.024436,0.395779,0.571317,0.004180,0.416580,0.533752,-0.010184,0.436906,0.533138,-0.019911,0.453106,0.539339,-0.024651,0.381436,0.570123,-0.001753,0.420522,0.567581,-0.017160,0.422387,0.617100,-0.021556,0.412955,0.637005,-0.020979,0.371549,0.581141,-0.009772,0.413400,0.586796,-0.024995,0.412970,0.633634,-0.022352,0.402596,0.649994,-0.016678,0.364151,0.600009,-0.018473,0.401195,0.603169,-0.026053,0.402741,0.637225,-0.021369,0.392703,0.652252,-0.015261
1780503449.620,left,pinch,0.389809,0.746463,-0.000000,0.418628,0.708217,-0.003004,0.438583,0.652950,-0.008349,0.452877,0.610868,-0.016708,0.458940,0.569042,-0.024124,0.396473,0.573946,0.004596,0.418115,0.534015,-0.010137,0.438438,0.534739,-0.020650,0.453496,0.542859,-0.025794,0.382567,0.572444,-0.001138,0.420956,0.566850,-0.016827,0.424847,0.614001,-0.022301,0.416811,0.635237,-0.022393,0.373227,0.583021,-0.008974,0.414921,0.587601,-0.024142,0.414913,0.633956,-0.022430,0.404733,0.651071,-0.017280,0.366485,0.600921,-0.017481,0.403206,0.605227,-0.024794,0.404589,0.639326,-0.020445,0.394834,0.654254,-0.014589
1780503449.808,left,pinch,0.390996,0.749377,-0.000000,0.419786,0.711628,-0.001670,0.440271,0.655530,-0.006440,0.454304,0.614469,-0.014362,0.459582,0.574736,-0.021375,0.396777,0.574777,0.004306,0.420213,0.535292,-0.009804,0.441530,0.536050,-0.019859,0.457438,0.543964,-0.024918,0.382824,0.572431,-0.002042,0.423762,0.575024,-0.016556,0.424900,0.623466,-0.021360,0.414517,0.642192,-0.021722,0.373908,0.583554,-0.010246,0.416828,0.592570,-0.024469,0.415879,0.638042,-0.022160,0.404890,0.653269,-0.017317,0.367632,0.602391,-0.019065,0.405462,0.608111,-0.026010,0.406698,0.642389,-0.021213,0.396438,0.657431,-0.015327
1780503449.996,left,pinch,0.391888,0.752304,-0.000000,0.420925,0.713223,-0.002584,0.441114,0.657766,-0.007904,0.455209,0.616198,-0.016260,0.461100,0.575169,-0.023622,0.398255,0.577186,0.003905,0.422140,0.537416,-0.010762,0.443762,0.539092,-0.021212,0.459958,0.547423,-0.026410,0.384519,0.574765,-0.002041,0.425160,0.574022,-0.017198,0.427442,0.621672,-0.022374,0.418303,0.641810,-0.022686,0.375638,0.585552,-0.009975,0.418870,0.593591,-0.024609,0.418185,0.639114,-0.022726,0.407659,0.655837,-0.017859,0.369427,0.604123,-0.018622,0.407600,0.610545,-0.025738,0.408691,0.644866,-0.021362,0.398598,0.660588,-0.015633
1780503450.174,left,pinch,0.392230,0.755101,-0.000000,0.422390,0.713358,-0.002031,0.442253,0.657072,-0.006917,0.456718,0.615689,-0.014993,0.461479,0.574828,-0.021991,0.396459,0.578456,0.005108,0.422202,0.539379,-0.009319,0.444295,0.540904,-0.019707,0.460075,0.548429,-0.024999,0.383121,0.576907,-0.001123,0.425031,0.574556,-0.016148,0.427712,0.622100,-0.021346,0.418077,0.640919,-0.021746,0.375447,0.587897,-0.009346,0.419700,0.594337,-0.023674,0.419373,0.639714,-0.021658,0.408238,0.654582,-0.016844,0.370890,0.606321,-0.018261,0.409246,0.611741,-0.025144,0.409981,0.645601,-0.020648,0.399050,0.659815,-0.014969
1780503450.335,left,pinch,0.393072,0.754761,-0.000000,0.423366,0.712102,-0.002579,0.443697,0.656049,-0.007934,0.458619,0.615278,-0.016441,0.462730,0.573629,-0.023832,0.398156,0.575860,0.005373,0.423861,0.538498,-0.009898,0.446048,0.541209,-0.021238,0.462091,0.550020,-0.027031,0.384422,0.574654,-0.000857,0.427553,0.574273,-0.016546,0.429741,0.622559,-0.022402,0.419836,0.641473,-0.023081,0.376359,0.586649,-0.009240,0.421702,0.595016,-0.023983,0.420503,0.640385,-0.022253,0.409133,0.654204,-0.017467,0.371645,0.606089,-0.018407,0.410582,0.612728,-0.025329,0.411108,0.646021,-0.020876,0.400382,0.658858,-0.015153
1780503450.484,left,pinch,0.391969,0.758215,-0.000000,0.422341,0.716681,-0.001249,0.442871,0.659749,-0.005870,0.457195,0.619906,-0.013739,0.463046,0.580256,-0.020564,0.396543,0.578765,0.005402,0.423652,0.540439,-0.009294,0.446774,0.542926,-0.020380,0.463570,0.552104,-0.026189,0.383412,0.576733,-0.001316,0.427758,0.575836,-0.016639,0.430177,0.624354,-0.022410,0.419907,0.645318,-0.023246,0.376067,0.587960,-0.009911,0.421900,0.594781,-0.024169,0.421753,0.641146,-0.022053,0.410511,0.658208,-0.017209,0.371969,0.607060,-0.019183,0.410941,0.613388,-0.025841,0.412451,0.648138,-0.021081,0.402213,0.663662,-0.015223
1780503450.769,left,pinch,0.393000,0.760576,-0.000000,0.423429,0.717633,-0.001636,0.443968,0.661052,-0.006348,0.458416,0.620161,-0.014342,0.463322,0.579736,-0.021338,0.398404,0.579400,0.005688,0.424865,0.543153,-0.008265,0.446558,0.545629,-0.018473,0.462090,0.552812,-0.023841,0.384695,0.578504,-0.000809,0.427178,0.575239,-0.015623,0.432379,0.620826,-0.021281,0.424980,0.640893,-0.022021,0.376426,0.590284,-0.009177,0.421498,0.596881,-0.023433,0.422237,0.642815,-0.021694,0.411773,0.660040,-0.016985,0.371358,0.609833,-0.018228,0.410289,0.616087,-0.025098,0.412145,0.650728,-0.020731,0.402114,0.666190,-0.015106
1780503450.910,left,pinch,0.392919,0.759457,-0.000000,0.424348,0.715220,-0.001509,0.444593,0.658432,-0.006179,0.459269,0.619533,-0.014164,0.465016,0.579417,-0.021054,0.397688,0.578797,0.005888,0.424917,0.542023,-0.009015,0.447777,0.545502,-0.020473,0.463916,0.553741,-0.026635,0.384217,0.578010,-0.000872,0.428412,0.579108,-0.016519,0.430163,0.626167,-0.022891,0.419687,0.644834,-0.024180,0.376729,0.590652,-0.009562,0.422922,0.600064,-0.023890,0.421437,0.644469,-0.022268,0.409814,0.657706,-0.017826,0.372916,0.610595,-0.018992,0.412163,0.618252,-0.025700,0.412160,0.650786,-0.021253,0.401233,0.662844,-0.015671
1780503451.111,left,pinch,0.394217,0.759899,-0.000000,0.425094,0.717838,-0.001572,0.445457,0.661432,-0.006435,0.460116,0.622235,-0.014545,0.466583,0.581843,-0.021636,0.398930,0.579365,0.004990,0.426390,0.542253,-0.009733,0.448775,0.545579,-0.020854,0.464554,0.554590,-0.026726,0.385393,0.578593,-0.001662,0.428713,0.579353,-0.016639,0.431343,0.625552,-0.022590,0.421816,0.645256,-0.023815,0.377745,0.591471,-0.010184,0.423250,0.600104,-0.024123,0.423016,0.644530,-0.022303,0.412118,0.659722,-0.017876,0.373593,0.611851,-0.019421,0.412340,0.618308,-0.025918,0.413431,0.651651,-0.021253,0.403102,0.665711,-0.015585
1780503451.360,left,pinch,0.394741,0.760890,-0.000000,0.425331,0.718486,-0.000880,0.445865,0.661794,-0.005534,0.460396,0.622523,-0.013507,0.467413,0.583210,-0.020561,0.399247,0.579538,0.005038,0.426487,0.542605,-0.009295,0.448880,0.545993,-0.020102,0.464675,0.555726,-0.025752,0.385719,0.578475,-0.001814,0.430141,0.580330,-0.016216,0.432392,0.627562,-0.021741,0.422055,0.647814,-0.022744,0.378155,0.591403,-0.010404,0.424168,0.600504,-0.023945,0.423858,0.645467,-0.022012,0.412647,0.661201,-0.017593,0.373949,0.612294,-0.019610,0.412885,0.619088,-0.025817,0.414329,0.652846,-0.020996,0.404144,0.667536,-0.015249
1780503451.590,left,pinch,0.395941,0.760270,-0.000000,0.426825,0.718163,-0.001093,0.447206,0.661950,-0.005974,0.461401,0.622551,-0.014152,0.467477,0.582503,-0.021298,0.400743,0.580234,0.004899,0.426376,0.543209,-0.009777,0.449484,0.545814,-0.020860,0.466574,0.555701,-0.026648,0.387325,0.578301,-0.001944,0.432067,0.581836,-0.016966,0.433064,0.629388,-0.022513,0.421678,0.648646,-0.023401,0.379820,0.590877,-0.010590,0.425956,0.601427,-0.024361,0.424675,0.645916,-0.022175,0.412765,0.660507,-0.017595,0.375589,0.611416,-0.019937,0.414717,0.620497,-0.026191,0.415392,0.653614,-0.021343,0.404649,0.667140,-0.015577
1780503451.728,left,pinch,0.397156,0.761207,-0.000000,0.427806,0.719340,-0.001425,0.448376,0.662883,-0.006571,0.462645,0.622833,-0.014894,0.468567,0.582006,-0.022246,0.401645,0.580747,0.004265,0.428575,0.544891,-0.010060,0.451956,0.546987,-0.020727,0.469269,0.555369,-0.026350,0.388254,0.580023,-0.002488,0.432931,0.581132,-0.017374,0.434473,0.628355,-0.022759,0.423629,0.647533,-0.023485,0.380846,0.593164,-0.010972,0.427125,0.601259,-0.024906,0.426400,0.646406,-0.022652,0.414837,0.661423,-0.017891,0.376869,0.614005,-0.020119,0.415797,0.620499,-0.026676,0.416741,0.653955,-0.021773,0.406001,0.668162,-0.015882
1780503451.914,left,pinch,0.397794,0.760821,-0.000000,0.428801,0.719741,-0.001765,0.449029,0.665303,-0.006785,0.462643,0.626163,-0.014900,0.468077,0.586695,-0.021969,0.403707,0.581211,0.004219,0.430815,0.546698,-0.009943,0.453336,0.548481,-0.020391,0.469758,0.556743,-0.025956,0.390565,0.579799,-0.002282,0.434553,0.580628,-0.017634,0.437432,0.627121,-0.023171,0.427833,0.648726,-0.023801,0.382958,0.592175,-0.010534,0.428712,0.601910,-0.024849,0.428511,0.646876,-0.022837,0.417417,0.663762,-0.018037,0.378750,0.612377,-0.019495,0.417364,0.621246,-0.026300,0.418516,0.654577,-0.021866,0.408206,0.669153,-0.016255
1780503452.106,left,pinch,0.398203,0.761083,-0.000000,0.428840,0.720809,-0.001650,0.449340,0.664936,-0.006623,0.464425,0.624885,-0.014747,0.471657,0.584030,-0.021774,0.404115,0.581645,0.005166,0.431340,0.545985,-0.009536,0.453888,0.549637,-0.020472,0.469896,0.559262,-0.026197,0.390719,0.579845,-0.001464,0.435032,0.580757,-0.017111,0.436841,0.629042,-0.022748,0.426435,0.649808,-0.023316,0.383017,0.591902,-0.010002,0.429039,0.602451,-0.024542,0.427757,0.648448,-0.022519,0.416080,0.663606,-0.017636,0.378830,0.611757,-0.019224,0.417717,0.621345,-0.025988,0.418030,0.655368,-0.021316,0.407094,0.668824,-0.015501
1780503452.374,left,pinch,0.397884,0.761374,-0.000000,0.428855,0.719331,-0.001756,0.448792,0.663858,-0.006635,0.463749,0.624943,-0.014640,0.470512,0.584733,-0.021586,0.402268,0.581508,0.005197,0.431889,0.546015,-0.009592,0.455548,0.548513,-0.020904,0.472740,0.555813,-0.027080,0.389127,0.580750,-0.001471,0.434302,0.578501,-0.017472,0.436898,0.625998,-0.023633,0.427490,0.647069,-0.024564,0.382038,0.593011,-0.010021,0.429292,0.601260,-0.024760,0.428123,0.647298,-0.022958,0.416660,0.662862,-0.018154,0.378724,0.612540,-0.019280,0.418421,0.620104,-0.026007,0.418907,0.654042,-0.021389,0.408220,0.667793,-0.015654
1780503452.547,left,pinch,0.397822,0.760104,-0.000000,0.428932,0.718796,-0.001823,0.449056,0.662243,-0.006704,0.463963,0.622597,-0.014604,0.471233,0.582812,-0.021447,0.403753,0.579511,0.004419,0.431917,0.544559,-0.010077,0.454842,0.547450,-0.020980,0.471365,0.556438,-0.026819,0.390301,0.578683,-0.002117,0.435049,0.577879,-0.017780,0.437392,0.625563,-0.023438,0.427437,0.647384,-0.024069,0.382725,0.591744,-0.010487,0.429556,0.600442,-0.024711,0.428900,0.646093,-0.022559,0.417576,0.662151,-0.017684,0.378957,0.612444,-0.019600,0.418377,0.620652,-0.026127,0.419176,0.654002,-0.021507,0.408681,0.667570,-0.015825
1780503452.790,left,pinch,0.397231,0.763614,-0.000000,0.432223,0.715675,0.002873,0.448839,0.660429,-0.001007,0.460790,0.624497,-0.009099,0.464740,0.596924,-0.016198,0.393832,0.579907,0.007657,0.430208,0.544267,-0.007490,0.455242,0.548301,-0.019621,0.473097,0.558731,-0.026413,0.384298,0.583673,-0.002134,0.437465,0.578074,-0.018812,0.436938,0.624610,-0.024687,0.424742,0.645231,-0.025445,0.383139,0.599410,-0.013427,0.435435,0.602809,-0.026987,0.432565,0.647213,-0.024117,0.419948,0.663035,-0.019102,0.387148,0.621359,-0.025315,0.428022,0.623982,-0.030537,0.426755,0.656240,-0.024860,0.415739,0.669824,-0.018915
1780503453.031,left,pinch,0.402426,0.773125,-0.000000,0.439896,0.711637,-0.000046,0.452445,0.651927,-0.005742,0.465319,0.613943,-0.014806,0.481027,0.587077,-0.022747,0.391119,0.587586,0.001935,0.432694,0.546925,-0.012462,0.458805,0.548915,-0.024483,0.477346,0.558834,-0.032203,0.387313,0.602633,-0.006371,0.442551,0.586378,-0.022164,0.444796,0.625344,-0.028222,0.433283,0.645706,-0.030683,0.393139,0.626424,-0.016044,0.446606,0.612119,-0.028838,0.446157,0.650004,-0.026293,0.434280,0.665438,-0.022959,0.404799,0.651744,-0.026458,0.445566,0.639594,-0.032487,0.445735,0.669453,-0.027995,0.436067,0.682760,-0.023786
1780503453.194,left,pinch,0.406524,0.793172,-0.000000,0.444386,0.727934,0.000625,0.457771,0.669458,-0.004605,0.468621,0.631698,-0.012485,0.481670,0.608389,-0.019107,0.403055,0.598611,-0.003932,0.448305,0.566134,-0.016504,0.476875,0.572104,-0.026213,0.495259,0.584310,-0.032630,0.401149,0.620264,-0.012199,0.455783,0.602359,-0.025727,0.465118,0.631535,-0.031337,0.460620,0.649499,-0.034535,0.407677,0.650384,-0.020887,0.460804,0.635675,-0.033218,0.461864,0.669980,-0.031846,0.451225,0.688185,-0.029390,0.418591,0.680562,-0.029906,0.460847,0.666467,-0.036221,0.462118,0.689727,-0.032544,0.453830,0.703102,-0.028850
1780503453.328,left,pinch,0.406992,0.793340,0.000000,0.445721,0.721392,-0.001573,0.457571,0.667035,-0.010648,0.469898,0.631683,-0.022844,0.485894,0.611442,-0.033669,0.402491,0.603227,-0.006506,0.450157,0.570018,-0.022760,0.477807,0.576999,-0.034492,0.496784,0.590060,-0.041964,0.401215,0.625697,-0.015212,0.460070,0.616119,-0.032924,0.461944,0.654580,-0.037843,0.451523,0.672813,-0.039832,0.408400,0.656937,-0.025079,0.463757,0.645266,-0.039951,0.460229,0.680567,-0.036361,0.447450,0.695555,-0.032154,0.420221,0.687692,-0.035692,0.462670,0.674976,-0.042810,0.461448,0.699622,-0.037708,0.451292,0.710434,-0.033064
1780503453.523,left,pinch,0.407210,0.790822,0.000000,0.444944,0.721605,-0.003768,0.458618,0.668484,-0.014442,0.471996,0.633428,-0.027679,0.488891,0.612603,-0.039285,0.402832,0.601010,-0.009839,0.451357,0.569721,-0.026134,0.478710,0.577860,-0.036954,0.497454,0.591049,-0.043730,0.401896,0.624995,-0.017775,0.462628,0.619206,-0.036110,0.462471,0.658276,-0.040280,0.450714,0.674892,-0.041600,0.409159,0.657645,-0.026919,0.465751,0.648741,-0.041980,0.461102,0.683784,-0.037556,0.447908,0.697264,-0.032839,0.420952,0.689857,-0.037012,0.463933,0.677717,-0.044389,0.462142,0.701830,-0.039059,0.451690,0.711369,-0.034166
1780503453.682,left,pinch,0.408093,0.788867,0.000000,0.445505,0.718675,-0.003972,0.458538,0.665183,-0.014729,0.471967,0.630095,-0.028062,0.488401,0.610333,-0.039751,0.402908,0.600576,-0.009501,0.450142,0.569569,-0.025810,0.477802,0.576924,-0.036313,0.496657,0.590376,-0.042729,0.401469,0.623898,-0.017346,0.462549,0.618342,-0.036014,0.462360,0.657933,-0.039870,0.450050,0.674604,-0.040620,0.408133,0.655725,-0.026496,0.465261,0.648212,-0.042026,0.460529,0.683780,-0.037402,0.446952,0.697203,-0.032241,0.419267,0.687389,-0.036637,0.463235,0.676575,-0.044443,0.461741,0.700888,-0.039106,0.451137,0.710252,-0.034007
1780503453.892,left,pinch,0.407725,0.786981,0.000000,0.444349,0.716752,-0.003670,0.457861,0.663595,-0.014146,0.471391,0.628965,-0.027128,0.487873,0.608774,-0.038506,0.402860,0.598981,-0.009395,0.450752,0.569049,-0.025340,0.478440,0.574919,-0.036012,0.497922,0.585981,-0.042739,0.401865,0.622852,-0.017354,0.462260,0.616917,-0.035847,0.461510,0.654861,-0.040191,0.449235,0.671811,-0.041425,0.408872,0.655197,-0.026498,0.465324,0.647133,-0.041693,0.460458,0.681415,-0.037519,0.447219,0.694662,-0.032768,0.420462,0.687116,-0.036604,0.464261,0.675138,-0.044265,0.462117,0.698774,-0.039241,0.451256,0.708453,-0.034410
1780503454.054,left,pinch,0.409848,0.786533,0.000000,0.443157,0.720145,-0.003711,0.456598,0.665419,-0.014229,0.470029,0.628402,-0.027008,0.484848,0.606446,-0.038348,0.403287,0.602824,-0.012750,0.452557,0.570954,-0.029976,0.481384,0.578277,-0.041504,0.500282,0.592885,-0.048397,0.403887,0.629307,-0.020637,0.463248,0.618772,-0.039013,0.464019,0.655031,-0.043546,0.451244,0.673515,-0.045253,0.412510,0.663702,-0.029448,0.467389,0.651376,-0.044789,0.463657,0.684214,-0.040288,0.449862,0.697947,-0.035442,0.424887,0.696825,-0.039041,0.468486,0.682039,-0.046457,0.466941,0.704185,-0.040657,0.455680,0.714008,-0.035349
1780503454.216,left,pinch,0.417006,0.803693,0.000000,0.430277,0.735231,0.000973,0.450163,0.675836,-0.008556,0.477808,0.647128,-0.021270,0.500098,0.635387,-0.033283,0.416872,0.626470,-0.013548,0.465758,0.591087,-0.029441,0.495653,0.597578,-0.039810,0.515687,0.611035,-0.046123,0.419307,0.655129,-0.024214,0.478399,0.638885,-0.038627,0.477511,0.668522,-0.041568,0.463744,0.681497,-0.043724,0.428558,0.692092,-0.035068,0.483536,0.676641,-0.045625,0.477102,0.706112,-0.040404,0.462570,0.715726,-0.036772,0.441588,0.727602,-0.046488,0.485669,0.708482,-0.049133,0.480538,0.728362,-0.041579,0.467521,0.738504,-0.036389
1780503454.529,left,pinch,0.424958,0.817915,0.000000,0.437284,0.746948,-0.000596,0.459899,0.686415,-0.011155,0.492642,0.658956,-0.024061,0.518394,0.649174,-0.036322,0.427763,0.646870,-0.018510,0.478850,0.616246,-0.033906,0.506898,0.621799,-0.043599,0.524175,0.632067,-0.049878,0.432124,0.678921,-0.028593,0.491464,0.663599,-0.043311,0.491278,0.690288,-0.046230,0.476436,0.702713,-0.048517,0.442448,0.717278,-0.038510,0.497973,0.701905,-0.048863,0.492704,0.727901,-0.043037,0.477423,0.735028,-0.039258,0.456052,0.752803,-0.049056,0.499396,0.736146,-0.051562,0.494199,0.754659,-0.043690,0.480516,0.761942,-0.038577
1780503454.717,left,pinch,0.440209,0.841823,0.000000,0.450545,0.774759,-0.004646,0.472646,0.712913,-0.017350,0.506346,0.682049,-0.031398,0.533463,0.671004,-0.044533,0.442734,0.674719,-0.026448,0.496057,0.650654,-0.043274,0.522759,0.657055,-0.052026,0.540224,0.665410,-0.057745,0.445120,0.709475,-0.035058,0.506564,0.696219,-0.051928,0.502869,0.723076,-0.052606,0.487846,0.732577,-0.053091,0.454016,0.749405,-0.043756,0.511359,0.734087,-0.056265,0.502353,0.759662,-0.048330,0.486362,0.765712,-0.042868,0.466285,0.786856,-0.053415,0.511941,0.769417,-0.058071,0.503875,0.786342,-0.050240,0.488914,0.793075,-0.044970
1780503454.898,left,pinch,0.446637,0.863649,0.000000,0.451963,0.794412,-0.005957,0.477033,0.733816,-0.020462,0.513074,0.705891,-0.035251,0.539907,0.700623,-0.049428,0.451590,0.707895,-0.035673,0.504834,0.681583,-0.052219,0.532513,0.684982,-0.060207,0.550592,0.690836,-0.065617,0.457548,0.748064,-0.043875,0.516651,0.728141,-0.060217,0.511461,0.752676,-0.059285,0.495328,0.762832,-0.059264,0.469026,0.791064,-0.051550,0.523413,0.764019,-0.062551,0.513422,0.786774,-0.052583,0.496950,0.795793,-0.046480,0.482845,0.829498,-0.060191,0.524395,0.799103,-0.063487,0.515160,0.814039,-0.053961,0.500337,0.824140,-0.047966
1780503455.042,left,pinch,0.448436,0.866009,0.000000,0.451842,0.797483,-0.008752,0.475688,0.738127,-0.024509,0.512955,0.712399,-0.039580,0.540533,0.706781,-0.054264,0.451674,0.717818,-0.041356,0.504618,0.690150,-0.059699,0.532356,0.691045,-0.068006,0.551037,0.695266,-0.073098,0.458253,0.759755,-0.047746,0.516601,0.731919,-0.066252,0.510464,0.755011,-0.063955,0.493255,0.767648,-0.062080,0.469459,0.802787,-0.053744,0.522779,0.767462,-0.065984,0.513047,0.788321,-0.053877,0.496520,0.800417,-0.045528,0.483000,0.841934,-0.060856,0.522941,0.804966,-0.064824,0.513510,0.818637,-0.054349,0.497744,0.831693,-0.047269
1780503455.246,left,pinch,0.448998,0.859919,0.000000,0.453509,0.791372,-0.008791,0.479019,0.729584,-0.023700,0.517182,0.704141,-0.037675,0.545523,0.696234,-0.051082,0.451016,0.715008,-0.041416,0.504445,0.689383,-0.058693,0.531208,0.691055,-0.066020,0.549156,0.694082,-0.070653,0.457425,0.757996,-0.047440,0.517073,0.731091,-0.065249,0.510370,0.753584,-0.062453,0.492488,0.766352,-0.060401,0.468458,0.802075,-0.053027,0.523094,0.766672,-0.064624,0.512808,0.786858,-0.052575,0.495802,0.798667,-0.044407,0.482051,0.842210,-0.059705,0.523234,0.806012,-0.063519,0.513868,0.818460,-0.053527,0.498178,0.830428,-0.046874
1780503455.523,left,pinch,0.450186,0.855708,0.000000,0.453859,0.787788,-0.009694,0.478433,0.726725,-0.025225,0.516277,0.702121,-0.039652,0.544397,0.696879,-0.053522,0.449911,0.712855,-0.042339,0.502490,0.687902,-0.060118,0.530093,0.688550,-0.068093,0.549772,0.691833,-0.073223,0.456083,0.756052,-0.048083,0.515536,0.728895,-0.066611,0.509370,0.751150,-0.064433,0.492065,0.764195,-0.062717,0.467198,0.799905,-0.053425,0.522295,0.764728,-0.065602,0.512510,0.784875,-0.054007,0.495846,0.796711,-0.046049,0.481024,0.839903,-0.059969,0.522805,0.804819,-0.064395,0.513556,0.817556,-0.054835,0.497730,0.829613,-0.048402
1780503455.646,left,pinch,0.447273,0.852752,0.000000,0.452773,0.785562,-0.009186,0.478050,0.726476,-0.024889,0.514967,0.700848,-0.039853,0.541498,0.693650,-0.054287,0.449106,0.709934,-0.041594,0.503143,0.686718,-0.060062,0.530491,0.688940,-0.068409,0.549068,0.692421,-0.073489,0.454880,0.753044,-0.047927,0.514844,0.729781,-0.066521,0.509014,0.754772,-0.064263,0.491976,0.767573,-0.062393,0.465666,0.797511,-0.053943,0.520967,0.766026,-0.066776,0.511432,0.788559,-0.055235,0.495119,0.800888,-0.047081,0.479321,0.837803,-0.061080,0.521697,0.805212,-0.065894,0.512508,0.819203,-0.056070,0.496861,0.832035,-0.049192
1780503455.836,left,pinch,0.448797,0.854235,0.000000,0.454782,0.788384,-0.008808,0.480015,0.730104,-0.024076,0.516889,0.705380,-0.038745,0.543817,0.698573,-0.052883,0.450989,0.710968,-0.040558,0.503135,0.687950,-0.059119,0.530434,0.689636,-0.067768,0.548603,0.693662,-0.073054,0.455562,0.753187,-0.047027,0.514479,0.731147,-0.066196,0.509298,0.755802,-0.064641,0.492324,0.767438,-0.063066,0.465641,0.797329,-0.053169,0.520585,0.766653,-0.067014,0.511404,0.788926,-0.056217,0.494782,0.800280,-0.048192,0.478941,0.837899,-0.060309,0.521449,0.805347,-0.066114,0.512681,0.818555,-0.056838,0.496949,0.830601,-0.050083
1780503455.919,left,pinch,0.450348,0.853923,0.000000,0.456047,0.786294,-0.009267,0.481269,0.727664,-0.025026,0.517992,0.703763,-0.040054,0.545181,0.698967,-0.054553,0.450500,0.711297,-0.041997,0.503398,0.687874,-0.060656,0.530497,0.690032,-0.069164,0.548779,0.693156,-0.074449,0.455209,0.754742,-0.048534,0.515037,0.730533,-0.068131,0.509369,0.755184,-0.066439,0.491942,0.767730,-0.064816,0.465402,0.799475,-0.054731,0.520742,0.766554,-0.068344,0.511003,0.788664,-0.057100,0.494194,0.800703,-0.048932,0.478847,0.840260,-0.062040,0.521377,0.805649,-0.067304,0.512420,0.818842,-0.057695,0.496706,0.831667,-0.050900
1780503456.117,left,pinch,0.449865,0.854477,0.000000,0.455363,0.788627,-0.008797,0.480129,0.729355,-0.024050,0.516270,0.703887,-0.038734,0.542661,0.698129,-0.052985,0.451592,0.710636,-0.039981,0.504133,0.687914,-0.058813,0.531388,0.690616,-0.068141,0.549634,0.694919,-0.073818,0.456606,0.753371,-0.046538,0.515330,0.729447,-0.065349,0.510189,0.753743,-0.064180,0.493567,0.766008,-0.062973,0.466847,0.797958,-0.052777,0.521177,0.765764,-0.066033,0.511931,0.788196,-0.055264,0.495699,0.800224,-0.047362,0.480053,0.838515,-0.060072,0.522233,0.804379,-0.064930,0.513191,0.818037,-0.055075,0.497597,0.831104,-0.048020
1780503456.239,left,pinch,0.450972,0.855893,0.000000,0.456089,0.790066,-0.008721,0.480745,0.731178,-0.024300,0.516664,0.705474,-0.039247,0.543007,0.698906,-0.053736,0.451246,0.712625,-0.041528,0.504386,0.689361,-0.060301,0.531530,0.691818,-0.068848,0.549958,0.695294,-0.074054,0.456088,0.755630,-0.048229,0.515667,0.731565,-0.067485,0.510373,0.756237,-0.065458,0.493463,0.768499,-0.063675,0.466291,0.800140,-0.054588,0.521105,0.768225,-0.067978,0.511692,0.790523,-0.056433,0.495231,0.802101,-0.048165,0.479685,0.840611,-0.062000,0.522077,0.806299,-0.066853,0.513213,0.820112,-0.056868,0.497548,0.832878,-0.049918
1780503456.472,left,pinch,0.449591,0.854780,0.000000,0.455071,0.789422,-0.008821,0.480529,0.730560,-0.024419,0.517558,0.706578,-0.039375,0.544566,0.701216,-0.053940,0.451591,0.712947,-0.041764,0.504370,0.689757,-0.060536,0.531758,0.692194,-0.069582,0.550569,0.695678,-0.075202,0.456765,0.755653,-0.048385,0.516064,0.731808,-0.067173,0.510505,0.755142,-0.065564,0.493791,0.766749,-0.064274,0.467084,0.799978,-0.054586,0.521721,0.768587,-0.067448,0.512089,0.790132,-0.056254,0.495809,0.801311,-0.048372,0.480342,0.840083,-0.061885,0.523061,0.806354,-0.066435,0.513731,0.819538,-0.056440,0.497980,0.832141,-0.049520
1780503456.561,left,pinch,0.450135,0.856584,0.000000,0.455111,0.789860,-0.009106,0.480732,0.730568,-0.024613,0.518007,0.705479,-0.039319,0.545325,0.699918,-0.053546,0.451441,0.714266,-0.041594,0.503797,0.691521,-0.060453,0.531382,0.692889,-0.069247,0.550598,0.695970,-0.074650,0.456574,0.757021,-0.047980,0.515722,0.732536,-0.067437,0.510219,0.756519,-0.065664,0.493078,0.768179,-0.063962,0.467067,0.801200,-0.054034,0.521530,0.768397,-0.067679,0.511882,0.790311,-0.056359,0.495114,0.802011,-0.048081,0.480608,0.841568,-0.061154,0.522476,0.807231,-0.066269,0.513119,0.820463,-0.056477,0.497206,0.833191,-0.049559
1780503456.651,left,pinch,0.450022,0.855160,0.000000,0.455370,0.788365,-0.009172,0.480794,0.728888,-0.024620,0.517793,0.704515,-0.039326,0.545193,0.698791,-0.053496,0.451011,0.713490,-0.041731,0.504741,0.689763,-0.060449,0.531613,0.692840,-0.069015,0.549503,0.696516,-0.074227,0.456073,0.756906,-0.048012,0.515631,0.733030,-0.067172,0.509994,0.756612,-0.065417,0.492891,0.768308,-0.063862,0.466407,0.801417,-0.053954,0.521609,0.768313,-0.067378,0.511934,0.789969,-0.056251,0.495230,0.801820,-0.048186,0.479848,0.841719,-0.060959,0.522165,0.807568,-0.066145,0.512812,0.820555,-0.056579,0.496950,0.833285,-0.049783
1780503456.797,left,pinch,0.449469,0.855906,0.000000,0.454108,0.790009,-0.009025,0.479528,0.730125,-0.024854,0.516136,0.704131,-0.039839,0.542811,0.696682,-0.054386,0.450891,0.713997,-0.043360,0.504189,0.690747,-0.062187,0.531692,0.692068,-0.070474,0.550680,0.695168,-0.075490,0.456083,0.757720,-0.049900,0.515655,0.730979,-0.069181,0.509852,0.754372,-0.066831,0.492566,0.766317,-0.064823,0.466589,0.802486,-0.055962,0.521255,0.768014,-0.069242,0.511620,0.789434,-0.057341,0.495096,0.801050,-0.048858,0.480081,0.842934,-0.063078,0.522572,0.807188,-0.067751,0.513107,0.820143,-0.057519,0.497075,0.833169,-0.050428
1780503456.938,left,pinch,0.452132,0.855979,0.000000,0.457445,0.788965,-0.009045,0.482031,0.730482,-0.024765,0.518050,0.705548,-0.039731,0.544173,0.698918,-0.054185,0.451553,0.713887,-0.041815,0.502941,0.691660,-0.060535,0.530682,0.692460,-0.069154,0.550741,0.695926,-0.074493,0.456153,0.757129,-0.048306,0.515252,0.732613,-0.067685,0.509829,0.755580,-0.065845,0.493006,0.766808,-0.064193,0.466381,0.801441,-0.054436,0.521303,0.768753,-0.068042,0.511745,0.789733,-0.056707,0.495190,0.800756,-0.048529,0.479760,0.841641,-0.061652,0.522392,0.807769,-0.066950,0.513103,0.820213,-0.057367,0.497009,0.832121,-0.050622
1780503457.125,left,pinch,0.451450,0.858022,0.000000,0.456910,0.792176,-0.010514,0.483601,0.732629,-0.027264,0.522281,0.709556,-0.042955,0.550717,0.704244,-0.058120,0.451452,0.717816,-0.045670,0.506061,0.691892,-0.065234,0.533080,0.693344,-0.074249,0.550773,0.695766,-0.079698,0.457596,0.762547,-0.051766,0.517462,0.732415,-0.071185,0.511324,0.755465,-0.068553,0.494206,0.768892,-0.066386,0.468605,0.808269,-0.057550,0.522938,0.770430,-0.070325,0.513729,0.791709,-0.057915,0.497962,0.805423,-0.049195,0.482576,0.848958,-0.064667,0.524367,0.810203,-0.068854,0.515004,0.822437,-0.058304,0.499576,0.837044,-0.051092
1780503457.305,left,pinch,0.450361,0.860663,0.000000,0.455200,0.794638,-0.008938,0.482112,0.735970,-0.024571,0.519538,0.711868,-0.039326,0.546627,0.703546,-0.053708,0.453425,0.719406,-0.044178,0.506768,0.694938,-0.063130,0.534685,0.695659,-0.071976,0.554166,0.698826,-0.077409,0.459066,0.763533,-0.050604,0.517853,0.734428,-0.069761,0.511374,0.756555,-0.067359,0.494309,0.769989,-0.065383,0.469601,0.808979,-0.056500,0.523445,0.772156,-0.069173,0.513891,0.792641,-0.056871,0.498103,0.806088,-0.048237,0.483114,0.850036,-0.063539,0.525366,0.811855,-0.067737,0.515375,0.823751,-0.057257,0.499245,0.837783,-0.050075
1780503457.458,left,pinch,0.449380,0.863538,0.000000,0.453375,0.794080,-0.009487,0.480660,0.732906,-0.024658,0.518059,0.709133,-0.038719,0.545586,0.702101,-0.052630,0.450580,0.726295,-0.043845,0.502784,0.699552,-0.062546,0.531276,0.697530,-0.072152,0.552775,0.696633,-0.078430,0.457170,0.773177,-0.049965,0.516347,0.738384,-0.070187,0.509075,0.758254,-0.069361,0.490287,0.773112,-0.068326,0.468685,0.819378,-0.055531,0.523067,0.774483,-0.068644,0.512690,0.793019,-0.057149,0.495719,0.808081,-0.048868,0.483211,0.860181,-0.062215,0.524691,0.815747,-0.066299,0.514414,0.827393,-0.055924,0.497617,0.844296,-0.048891
1780503457.608,left,pinch,0.449621,0.863228,0.000000,0.453205,0.794501,-0.009965,0.479665,0.732831,-0.024881,0.516389,0.707645,-0.038497,0.543583,0.697724,-0.051827,0.449636,0.728697,-0.043691,0.500854,0.701057,-0.062053,0.529436,0.698967,-0.071299,0.551098,0.698483,-0.077355,0.456713,0.775224,-0.049306,0.515514,0.741629,-0.069358,0.508122,0.761629,-0.068402,0.489357,0.776761,-0.067237,0.468527,0.820759,-0.054429,0.522218,0.778207,-0.067404,0.511934,0.796388,-0.056037,0.495101,0.810948,-0.047819,0.482958,0.860941,-0.060704,0.523971,0.818018,-0.065051,0.513860,0.829030,-0.055061,0.497310,0.845097,-0.048195
1780503457.774,left,pinch,0.450098,0.863526,0.000000,0.453358,0.795912,-0.009797,0.479107,0.734206,-0.024621,0.514719,0.707792,-0.038095,0.541237,0.696755,-0.051224,0.449232,0.728157,-0.043925,0.500718,0.700594,-0.062350,0.529578,0.698599,-0.071456,0.551404,0.698573,-0.077229,0.456241,0.774685,-0.049482,0.515589,0.741449,-0.069356,0.508235,0.761222,-0.067954,0.489428,0.776218,-0.066412,0.467985,0.820290,-0.054530,0.521721,0.777769,-0.067355,0.511586,0.795898,-0.055781,0.494877,0.810498,-0.047369,0.482424,0.860416,-0.060695,0.523786,0.816928,-0.064592,0.513631,0.827681,-0.054264,0.497031,0.843723,-0.047130
1780503458.012,left,pinch,0.452088,0.865706,0.000000,0.454394,0.798817,-0.009553,0.478795,0.737727,-0.024300,0.513687,0.710743,-0.037971,0.539387,0.699408,-0.051367,0.449782,0.730704,-0.041999,0.500268,0.702059,-0.060704,0.528946,0.699076,-0.070527,0.550794,0.698438,-0.076794,0.456778,0.777198,-0.047778,0.514889,0.741293,-0.068112,0.508020,0.760879,-0.067665,0.489774,0.776104,-0.066670,0.468836,0.822083,-0.053142,0.521708,0.777388,-0.066433,0.511324,0.795752,-0.055445,0.494606,0.810943,-0.047300,0.483653,0.861090,-0.059618,0.523760,0.816725,-0.064020,0.513089,0.828696,-0.054054,0.496333,0.845427,-0.047058
1780503458.214,left,pinch,0.452706,0.867756,0.000000,0.454846,0.800408,-0.009812,0.479485,0.737588,-0.024502,0.514364,0.708226,-0.037990,0.539494,0.694498,-0.051101,0.449402,0.732895,-0.042930,0.501336,0.702559,-0.061838,0.529417,0.699142,-0.071244,0.550589,0.697644,-0.077114,0.456685,0.779022,-0.048534,0.515994,0.741413,-0.068648,0.508716,0.760985,-0.066962,0.490333,0.776083,-0.065169,0.468592,0.823839,-0.053827,0.522093,0.778503,-0.066938,0.512241,0.797303,-0.054912,0.496094,0.812307,-0.046162,0.483133,0.863247,-0.060322,0.524072,0.818565,-0.064311,0.513892,0.830106,-0.053885,0.497550,0.846688,-0.046707
1780503458.431,left,pinch,0.452288,0.868870,0.000000,0.454103,0.801905,-0.009822,0.478475,0.739707,-0.024181,0.512803,0.710465,-0.037410,0.537141,0.696917,-0.050313,0.449181,0.733694,-0.041150,0.500032,0.703237,-0.059927,0.528447,0.699367,-0.070013,0.550241,0.697406,-0.076465,0.456901,0.779071,-0.046830,0.516203,0.741760,-0.066787,0.508881,0.761377,-0.066285,0.490264,0.776636,-0.065369,0.469044,0.823429,-0.052257,0.522324,0.778648,-0.065418,0.512062,0.798017,-0.054487,0.495696,0.813020,-0.046485,0.483708,0.862342,-0.058916,0.524256,0.817873,-0.063238,0.513767,0.830280,-0.053407,0.497161,0.847007,-0.046600
1780503458.609,left,pinch,0.452242,0.871506,0.000000,0.453173,0.802829,-0.009365,0.478771,0.738353,-0.023399,0.515408,0.709766,-0.036414,0.542159,0.697671,-0.049262,0.448624,0.739293,-0.040719,0.498445,0.705399,-0.059580,0.526761,0.699772,-0.070175,0.549240,0.696483,-0.077001,0.456814,0.785697,-0.046436,0.514325,0.743581,-0.067009,0.506333,0.761872,-0.066973,0.487556,0.777997,-0.066197,0.469529,0.829812,-0.051803,0.521523,0.779503,-0.064634,0.511178,0.796804,-0.053286,0.494839,0.812651,-0.044897,0.484423,0.867839,-0.058398,0.524087,0.818622,-0.061417,0.513485,0.829987,-0.050568,0.497036,0.848355,-0.043201
1780503458.861,left,pinch,0.452887,0.875120,0.000000,0.449130,0.805146,-0.009819,0.472590,0.738713,-0.023783,0.508941,0.709933,-0.035838,0.538608,0.700339,-0.047669,0.445526,0.753662,-0.042959,0.492934,0.717925,-0.061368,0.520542,0.704342,-0.072095,0.543737,0.696202,-0.078788,0.457406,0.802074,-0.047253,0.512273,0.749163,-0.068245,0.503637,0.757749,-0.069543,0.484639,0.772459,-0.068900,0.472607,0.843014,-0.050550,0.521178,0.780247,-0.063229,0.509748,0.788510,-0.053111,0.492463,0.803029,-0.044767,0.488382,0.875668,-0.054820,0.524404,0.817688,-0.056492,0.513152,0.822351,-0.045350,0.496627,0.840245,-0.037516
1780503459.047,left,pinch,0.457006,0.874728,0.000000,0.452139,0.801315,-0.010187,0.473758,0.734664,-0.023737,0.508114,0.705614,-0.035337,0.535480,0.693874,-0.046646,0.444195,0.757256,-0.042021,0.491058,0.721932,-0.059671,0.518829,0.706307,-0.070066,0.542831,0.695379,-0.076753,0.455627,0.807868,-0.045808,0.510373,0.753181,-0.065965,0.501694,0.757790,-0.067471,0.483367,0.769838,-0.067362,0.471020,0.848969,-0.048618,0.520574,0.782321,-0.060677,0.508696,0.786945,-0.050890,0.491339,0.800474,-0.043002,0.486986,0.881074,-0.052486,0.523519,0.820014,-0.054082,0.512251,0.822521,-0.043514,0.495522,0.839941,-0.036219
1780503459.277,left,pinch,0.454504,0.862697,0.000000,0.444907,0.792831,-0.012836,0.462502,0.732436,-0.029196,0.493752,0.706075,-0.042619,0.518101,0.696605,-0.055911,0.440152,0.781716,-0.049765,0.489564,0.742762,-0.068815,0.519259,0.718927,-0.080643,0.545562,0.702000,-0.088099,0.455304,0.834325,-0.052321,0.507888,0.768118,-0.071158,0.502883,0.752684,-0.072924,0.490668,0.752533,-0.074420,0.472932,0.870203,-0.053531,0.521000,0.789597,-0.063359,0.507985,0.779861,-0.052691,0.491071,0.786471,-0.045304,0.490830,0.891594,-0.056227,0.523557,0.820944,-0.056154,0.513005,0.810996,-0.044757,0.497367,0.821233,-0.037513
1780503459.653,left,pinch,0.437242,0.871033,0.000000,0.436643,0.792390,-0.022114,0.469735,0.731803,-0.030629,0.506584,0.706589,-0.032674,0.533234,0.697764,-0.033483,0.466143,0.812947,-0.042386,0.506285,0.768341,-0.051581,0.525707,0.736519,-0.052158,0.540379,0.712189,-0.052332,0.483801,0.852501,-0.032994,0.516422,0.779893,-0.044487,0.505813,0.765234,-0.042414,0.493529,0.775156,-0.039304,0.497247,0.875418,-0.023247,0.523265,0.797078,-0.034801,0.507036,0.787156,-0.029739,0.492838,0.801399,-0.023316,0.507121,0.883222,-0.014281,0.523803,0.816595,-0.021609,0.509632,0.801762,-0.019306,0.496971,0.813689,-0.016290
1780503459.776,left,pinch,0.438591,0.868434,-0.000000,0.433965,0.795668,-0.031325,0.460271,0.728119,-0.047925,0.497843,0.698039,-0.054058,0.524622,0.697970,-0.058313,0.464026,0.841338,-0.074821,0.504036,0.792414,-0.089887,0.524805,0.751780,-0.089520,0.539279,0.716153,-0.088967,0.485819,0.875718,-0.060473,0.512817,0.784743,-0.074055,0.496357,0.762948,-0.063611,0.479104,0.770814,-0.056752,0.501821,0.889995,-0.045530,0.522447,0.802604,-0.060311,0.505341,0.788620,-0.050098,0.489578,0.801426,-0.042348,0.514291,0.893567,-0.031693,0.526488,0.818296,-0.044812,0.513246,0.807387,-0.042958,0.501374,0.821291,-0.040988
1780503460.010,left,pinch,0.429654,0.855127,-0.000000,0.434186,0.784652,-0.030730,0.462895,0.727116,-0.048439,0.497924,0.703066,-0.056718,0.524330,0.705095,-0.062716,0.460797,0.845179,-0.070080,0.506158,0.789482,-0.085144,0.524569,0.743925,-0.085193,0.536715,0.710118,-0.085205,0.481054,0.885305,-0.057575,0.512443,0.787607,-0.072505,0.496081,0.766988,-0.064542,0.482773,0.776866,-0.059693,0.497885,0.901100,-0.044687,0.520177,0.800389,-0.057742,0.502343,0.787812,-0.046979,0.490036,0.801544,-0.040314,0.510974,0.902297,-0.033624,0.523664,0.822010,-0.047000,0.508718,0.810400,-0.045588,0.497893,0.821543,-0.043969
1780503460.137,left,pinch,0.434172,0.853529,-0.000000,0.437963,0.790783,-0.032600,0.463471,0.732309,-0.053201,0.495572,0.702906,-0.063674,0.523673,0.699080,-0.071271,0.460419,0.846752,-0.076778,0.507070,0.785071,-0.092948,0.525855,0.742228,-0.093126,0.536945,0.707537,-0.092854,0.481789,0.888558,-0.063289,0.513697,0.785767,-0.077506,0.499427,0.765112,-0.068554,0.486881,0.772613,-0.063776,0.499318,0.904486,-0.049134,0.522345,0.803562,-0.060494,0.506576,0.788528,-0.049038,0.494399,0.797193,-0.043164,0.512743,0.903861,-0.037037,0.523393,0.824265,-0.050292,0.509737,0.808709,-0.048779,0.499948,0.814364,-0.047290
1780503460.323,left,pinch,0.434232,0.850542,-0.000000,0.438189,0.789585,-0.032090,0.462356,0.733920,-0.053331,0.493333,0.705690,-0.065102,0.521524,0.695988,-0.074170,0.458466,0.844073,-0.073341,0.507411,0.786214,-0.090637,0.525755,0.744781,-0.093294,0.537093,0.713266,-0.095053,0.479025,0.884833,-0.060829,0.514091,0.786401,-0.075987,0.498093,0.767743,-0.068502,0.485019,0.778962,-0.064606,0.496439,0.900257,-0.047993,0.522128,0.804938,-0.059723,0.505122,0.791817,-0.048439,0.493031,0.803036,-0.042683,0.510870,0.900478,-0.037333,0.522409,0.824971,-0.050863,0.507877,0.812022,-0.049346,0.497945,0.820078,-0.047752
1780503460.466,left,pinch,0.437125,0.847617,-0.000000,0.441297,0.786151,-0.033086,0.464471,0.731128,-0.055810,0.493753,0.704717,-0.068521,0.521145,0.697753,-0.078693,0.455237,0.841063,-0.079807,0.505081,0.785990,-0.098251,0.525585,0.744604,-0.100735,0.537839,0.711153,-0.102233,0.475415,0.883459,-0.067259,0.513517,0.788090,-0.083121,0.498871,0.770081,-0.075066,0.485479,0.780762,-0.071109,0.492886,0.901315,-0.054130,0.522170,0.806780,-0.065856,0.506061,0.794656,-0.053578,0.493990,0.807449,-0.047655,0.507558,0.904400,-0.043193,0.523190,0.827635,-0.056577,0.509001,0.814492,-0.054245,0.498602,0.823642,-0.052513
1780503460.602,left,pinch,0.436880,0.847860,-0.000000,0.440868,0.787838,-0.033853,0.464322,0.731319,-0.057398,0.493605,0.706411,-0.070969,0.521827,0.703157,-0.081941,0.453200,0.839600,-0.080388,0.502841,0.787382,-0.101159,0.523789,0.743313,-0.106109,0.536273,0.707142,-0.108784,0.473126,0.881830,-0.067338,0.511711,0.788971,-0.084068,0.499535,0.767745,-0.076998,0.486520,0.774993,-0.073661,0.491243,0.898762,-0.053906,0.521111,0.806567,-0.065897,0.505716,0.792476,-0.054155,0.493008,0.802925,-0.048517,0.506685,0.901309,-0.042791,0.522335,0.826052,-0.055690,0.508759,0.811695,-0.053178,0.498051,0.819630,-0.051233
1780503460.698,left,pinch,0.438234,0.843517,-0.000000,0.441826,0.787609,-0.033492,0.464340,0.732696,-0.057267,0.493334,0.705933,-0.071097,0.521498,0.699050,-0.082409,0.452773,0.841523,-0.081093,0.502902,0.784138,-0.100551,0.524073,0.740415,-0.104365,0.537288,0.706351,-0.106680,0.472963,0.882337,-0.068160,0.510232,0.787970,-0.083809,0.496714,0.768453,-0.075543,0.483642,0.777941,-0.071678,0.491313,0.898090,-0.054669,0.519995,0.806463,-0.065415,0.504265,0.792343,-0.052544,0.491548,0.802785,-0.046652,0.506747,0.899804,-0.043572,0.520550,0.825624,-0.056038,0.506653,0.811086,-0.053172,0.495841,0.818470,-0.051235
1780503460.822,left,pinch,0.435706,0.844196,-0.000000,0.440102,0.790167,-0.034187,0.462153,0.737102,-0.059272,0.490426,0.709255,-0.074409,0.518343,0.699255,-0.087204,0.453884,0.839936,-0.083992,0.504152,0.784481,-0.104845,0.524947,0.741559,-0.109373,0.537836,0.706181,-0.111583,0.471939,0.881005,-0.070896,0.510119,0.791060,-0.087505,0.498047,0.770434,-0.079921,0.485622,0.776266,-0.076286,0.489062,0.897221,-0.057160,0.519938,0.809226,-0.069085,0.503987,0.795594,-0.057128,0.490732,0.805389,-0.051462,0.503810,0.900176,-0.045645,0.519917,0.826713,-0.058367,0.506132,0.811834,-0.055069,0.494896,0.818488,-0.052533
1780503461.007,left,pinch,0.439861,0.847497,-0.000000,0.442560,0.790769,-0.037100,0.464110,0.734799,-0.063676,0.492574,0.707493,-0.079271,0.521348,0.701082,-0.092457,0.453452,0.840539,-0.088866,0.502174,0.785994,-0.109287,0.524272,0.745076,-0.113132,0.538637,0.711515,-0.115576,0.472617,0.881334,-0.074699,0.510419,0.788494,-0.090914,0.497595,0.769416,-0.082216,0.484892,0.776946,-0.078373,0.491040,0.898007,-0.059986,0.520981,0.805294,-0.071014,0.504952,0.792215,-0.057701,0.492091,0.802461,-0.051993,0.507044,0.900838,-0.047941,0.522304,0.822392,-0.061462,0.507988,0.807547,-0.058881,0.496977,0.814720,-0.057263
1780503461.130,left,pinch,0.438016,0.849639,-0.000000,0.441305,0.792374,-0.036058,0.463630,0.736397,-0.061670,0.492883,0.708306,-0.076748,0.522512,0.699664,-0.089310,0.454224,0.840452,-0.085272,0.503444,0.785408,-0.105933,0.524184,0.742882,-0.110427,0.537460,0.708150,-0.113031,0.473177,0.881867,-0.071316,0.511183,0.790590,-0.087644,0.498349,0.771570,-0.079666,0.485594,0.779370,-0.076058,0.490864,0.898944,-0.056902,0.520476,0.808782,-0.068352,0.504456,0.795808,-0.055676,0.491625,0.805992,-0.049933,0.505974,0.902774,-0.045006,0.521255,0.827293,-0.058176,0.507132,0.813279,-0.055385,0.496242,0.820946,-0.053425
