timestamp,handedness,gesture,lm0_wrist_x,lm0_wrist_y,lm0_wrist_z,lm1_thumb_cmc_x,lm1_thumb_cmc_y,lm1_thumb_cmc_z,lm2_thumb_mcp_x,lm2_thumb_mcp_y,lm2_thumb_mcp_z,lm3_thumb_ip_x,lm3_thumb_ip_y,lm3_thumb_ip_z,lm4_thumb_tip_x,lm4_thumb_tip_y,lm4_thumb_tip_z,lm5_index_mcp_x,lm5_index_mcp_y,lm5_index_mcp_z,lm6_index_pip_x,lm6_index_pip_y,lm6_index_pip_z,lm7_index_dip_x,lm7_index_dip_y,lm7_index_dip_z,lm8_index_tip_x,lm8_index_tip_y,lm8_index_tip_z,lm9_middle_mcp_x,lm9_middle_mcp_y,lm9_middle_mcp_z,lm10_middle_pip_x,lm10_middle_pip_y,lm10_middle_pip_z,lm11_middle_dip_x,lm11_middle_dip_y,lm11_middle_dip_z,lm12_middle_tip_x,lm12_middle_tip_y,lm12_middle_tip_z,lm13_ring_mcp_x,lm13_ring_mcp_y,lm13_ring_mcp_z,lm14_ring_pip_x,lm14_ring_pip_y,lm14_ring_pip_z,lm15_ring_dip_x,lm15_ring_dip_y,lm15_ring_dip_z,lm16_ring_tip_x,lm16_ring_tip_y,lm16_ring_tip_z,lm17_pinky_mcp_x,lm17_pinky_mcp_y,lm17_pinky_mcp_z,lm18_pinky_pip_x,lm18_pinky_pip_y,lm18_pinky_pip_z,lm19_pinky_dip_x,lm19_pinky_dip_y,lm19_pinky_dip_z,lm20_pinky_tip_x,lm20_pinky_tip_y,lm20_pinky_tip_z
1780385647.747,right,thumbs_up,0.423273,0.900027,-0.000000,0.418083,0.810328,-0.009914,0.388502,0.757475,-0.016789,0.356281,0.738324,-0.022473,0.336422,0.721866,-0.027373,0.342264,0.780591,-0.015334,0.332920,0.752973,-0.025731,0.354390,0.761367,-0.034195,0.368886,0.775482,-0.039569,0.332895,0.828210,-0.015162,0.329102,0.798871,-0.019549,0.346826,0.801992,-0.022085,0.358465,0.815905,-0.025752,0.332332,0.876534,-0.015645,0.329288,0.845827,-0.020234,0.344880,0.844484,-0.017269,0.356570,0.854306,-0.016584,0.336770,0.918564,-0.016796,0.334485,0.894628,-0.020312,0.347782,0.891490,-0.015610,0.357660,0.899416,-0.011993
1780385648.292,right,thumbs_up,0.485033,0.678273,0.000000,0.483464,0.607671,-0.004552,0.468508,0.551045,-0.008824,0.445462,0.509980,-0.011841,0.433829,0.471192,-0.013778,0.422393,0.570222,-0.006519,0.404571,0.556212,-0.004965,0.418085,0.561851,-0.003778,0.429847,0.569261,-0.003194,0.411574,0.608687,-0.004400,0.402297,0.590113,0.002050,0.414500,0.592641,0.004819,0.423911,0.599098,0.004388,0.407682,0.646763,-0.001741,0.401193,0.623582,0.004630,0.411460,0.625152,0.008134,0.421684,0.631912,0.007781,0.407033,0.680032,0.000603,0.401841,0.659534,0.005577,0.411272,0.658387,0.010196,0.419884,0.662270,0.013085
1780385648.797,right,thumbs_up,0.533154,0.689665,-0.000000,0.529654,0.619702,-0.002860,0.514352,0.563816,-0.007324,0.494608,0.518758,-0.011467,0.485837,0.477104,-0.014845,0.471275,0.581920,-0.004067,0.450673,0.570707,-0.004271,0.463099,0.578518,-0.005157,0.474535,0.585633,-0.005834,0.461372,0.619765,-0.003640,0.448828,0.604551,0.001222,0.460223,0.608555,0.003035,0.469577,0.614136,0.002249,0.457196,0.658246,-0.002886,0.448008,0.635601,0.002492,0.457523,0.638601,0.006336,0.467484,0.645665,0.006532,0.455710,0.691621,-0.002470,0.448629,0.670225,0.002650,0.457569,0.669458,0.008127,0.465739,0.673208,0.011627
1780385649.325,right,thumbs_up,0.616355,0.719932,-0.000000,0.612836,0.651781,-0.004165,0.595911,0.574809,-0.012541,0.578858,0.519781,-0.019621,0.573904,0.472172,-0.026552,0.585124,0.592634,-0.032259,0.531718,0.581238,-0.043764,0.541644,0.593406,-0.045602,0.558561,0.597489,-0.045011,0.578351,0.639400,-0.035432,0.523930,0.616345,-0.044717,0.537521,0.628616,-0.040715,0.555282,0.636665,-0.038174,0.571265,0.682672,-0.037466,0.522790,0.653752,-0.044981,0.536834,0.665153,-0.034544,0.554034,0.673979,-0.027466,0.563813,0.723623,-0.039338,0.526830,0.691444,-0.044635,0.538715,0.698364,-0.036575,0.553446,0.708882,-0.030269
1780385649.853,right,thumbs_up,0.641842,0.784381,-0.000000,0.621818,0.691574,-0.007877,0.609346,0.601871,-0.015862,0.603324,0.532334,-0.023651,0.607172,0.477072,-0.031168,0.641734,0.610707,-0.021417,0.582999,0.608038,-0.037682,0.585906,0.640451,-0.044517,0.602698,0.642834,-0.048048,0.643690,0.664792,-0.026201,0.576104,0.651559,-0.041503,0.586617,0.672138,-0.040724,0.606214,0.676363,-0.040930,0.639546,0.712956,-0.032157,0.575847,0.690951,-0.048132,0.587036,0.707420,-0.040975,0.607238,0.710341,-0.035257,0.632020,0.755364,-0.038553,0.581675,0.729451,-0.049459,0.591190,0.739069,-0.044942,0.610236,0.745832,-0.040540
1780385650.394,right,thumbs_up,0.640974,0.767304,-0.000000,0.619972,0.676228,-0.016486,0.623679,0.589656,-0.024689,0.628318,0.531015,-0.031044,0.626435,0.479359,-0.034314,0.696354,0.582398,-0.011666,0.650849,0.572976,-0.027718,0.638517,0.612118,-0.038825,0.649340,0.628200,-0.046081,0.712154,0.624488,-0.012378,0.654107,0.618946,-0.025589,0.644319,0.650905,-0.028778,0.657243,0.663411,-0.030465,0.716061,0.675557,-0.016017,0.660597,0.664899,-0.029214,0.651412,0.687649,-0.024805,0.663715,0.696208,-0.020664,0.713714,0.726016,-0.021841,0.670597,0.711735,-0.030601,0.662405,0.721880,-0.027660,0.671446,0.729609,-0.023665
1780385650.899,right,thumbs_up,0.664397,0.757987,-0.000000,0.643582,0.674440,-0.011551,0.640936,0.584096,-0.020000,0.640996,0.518078,-0.029962,0.636141,0.466364,-0.036898,0.712084,0.565898,-0.001166,0.704740,0.518708,-0.020917,0.686417,0.555474,-0.032731,0.682442,0.584609,-0.038544,0.734253,0.594823,-0.004521,0.714575,0.562939,-0.022789,0.692345,0.604123,-0.026211,0.696253,0.623997,-0.025484,0.749161,0.635543,-0.011694,0.730729,0.604664,-0.028374,0.706712,0.638178,-0.020834,0.710163,0.655183,-0.012542,0.759728,0.682636,-0.020659,0.744330,0.652716,-0.027646,0.723730,0.666560,-0.020442,0.724505,0.679044,-0.013175
1780385651.422,right,thumbs_up,0.679787,0.746326,-0.000000,0.658310,0.669311,-0.010714,0.656730,0.578538,-0.016694,0.660444,0.510631,-0.024638,0.658053,0.461756,-0.029491,0.719595,0.564755,0.003326,0.730172,0.508394,-0.016175,0.711593,0.540315,-0.026984,0.705598,0.568045,-0.031819,0.739549,0.593652,-0.000372,0.742371,0.549323,-0.020202,0.717012,0.589761,-0.024008,0.718203,0.608538,-0.022151,0.755063,0.630199,-0.008250,0.757481,0.588539,-0.026297,0.731237,0.622362,-0.018462,0.732384,0.639423,-0.008808,0.768440,0.673694,-0.017728,0.768886,0.634874,-0.025197,0.746517,0.648912,-0.017012,0.744566,0.662977,-0.008656
1780385651.952,right,thumbs_up,0.695647,0.728255,-0.000000,0.685521,0.628438,-0.016532,0.696170,0.547699,-0.026612,0.703734,0.491104,-0.036187,0.707587,0.438856,-0.042307,0.772908,0.554006,-0.009894,0.736544,0.509168,-0.030571,0.714098,0.544779,-0.042452,0.714713,0.568669,-0.049036,0.786743,0.592421,-0.011694,0.736531,0.548754,-0.031394,0.710745,0.585401,-0.034290,0.717560,0.606699,-0.033542,0.787391,0.639151,-0.017322,0.738453,0.599628,-0.036312,0.714327,0.623422,-0.028906,0.722136,0.641064,-0.020642,0.780902,0.685750,-0.025316,0.743758,0.653743,-0.036309,0.723398,0.657146,-0.031626,0.725860,0.667998,-0.025380
1780385652.497,right,thumbs_up,0.716297,0.712446,-0.000000,0.704132,0.638333,-0.017350,0.708258,0.559498,-0.028697,0.716718,0.502851,-0.039780,0.719157,0.452256,-0.048263,0.787681,0.549341,-0.006675,0.775026,0.526398,-0.027482,0.746807,0.556190,-0.043428,0.730429,0.581981,-0.051622,0.807938,0.585928,-0.006991,0.784136,0.572207,-0.025348,0.750028,0.601875,-0.033320,0.733581,0.621611,-0.035242,0.816121,0.632358,-0.010811,0.794219,0.615667,-0.029711,0.760179,0.635001,-0.027478,0.742742,0.650078,-0.021167,0.817477,0.682734,-0.016433,0.801821,0.660915,-0.028132,0.774939,0.664130,-0.024294,0.759745,0.670085,-0.017568
1780385653.039,right,thumbs_up,0.767472,0.730392,-0.000000,0.742653,0.658670,-0.016570,0.734916,0.581968,-0.027146,0.737023,0.518921,-0.038587,0.731941,0.470218,-0.047091,0.796582,0.546839,-0.005812,0.824923,0.506816,-0.024430,0.812340,0.544942,-0.035716,0.798644,0.576946,-0.040464,0.817456,0.577740,-0.006556,0.843337,0.539415,-0.027698,0.818878,0.586570,-0.034125,0.801212,0.616118,-0.033213,0.832915,0.612382,-0.010934,0.859090,0.576420,-0.030906,0.833700,0.612521,-0.027674,0.814158,0.639024,-0.019640,0.845488,0.651854,-0.016821,0.867985,0.619561,-0.029125,0.848850,0.634963,-0.024940,0.830831,0.650089,-0.018058
1780385653.569,right,thumbs_up,0.779535,0.724722,-0.000000,0.751205,0.657135,-0.012585,0.734086,0.592597,-0.020856,0.727888,0.533811,-0.030945,0.723252,0.488073,-0.038816,0.785493,0.548946,0.001539,0.807066,0.497829,-0.015265,0.800842,0.527429,-0.027613,0.793091,0.558313,-0.033763,0.808471,0.569893,-0.000868,0.829883,0.517129,-0.019814,0.813551,0.558284,-0.028367,0.800686,0.591461,-0.029876,0.827466,0.596368,-0.006727,0.849864,0.545104,-0.024067,0.830862,0.577925,-0.023312,0.815101,0.609461,-0.017849,0.844147,0.629948,-0.013962,0.861133,0.587078,-0.024654,0.844355,0.601964,-0.021818,0.827377,0.623024,-0.016570
1780385654.091,right,thumbs_up,0.740905,0.701215,-0.000001,0.737537,0.621807,-0.015846,0.750297,0.547565,-0.025867,0.762300,0.492940,-0.034709,0.770680,0.442017,-0.041030,0.827135,0.555763,-0.011891,0.792820,0.540507,-0.029740,0.764371,0.563785,-0.042053,0.751305,0.584702,-0.048569,0.839081,0.596734,-0.012747,0.792972,0.580743,-0.027613,0.762440,0.601157,-0.033367,0.751127,0.619224,-0.035557,0.838281,0.643556,-0.016217,0.793188,0.624202,-0.031149,0.765464,0.635512,-0.029158,0.756604,0.646873,-0.025262,0.830580,0.690481,-0.021499,0.797940,0.669281,-0.031054,0.775466,0.668414,-0.028295,0.766646,0.672854,-0.023571
1780385654.606,right,thumbs_up,0.752066,0.741445,-0.000000,0.751297,0.656203,-0.001907,0.742225,0.562218,-0.010610,0.738179,0.491745,-0.018963,0.750001,0.440338,-0.027279,0.742539,0.572918,-0.031963,0.679746,0.543302,-0.046733,0.686594,0.567399,-0.049876,0.703486,0.577218,-0.050385,0.733409,0.620381,-0.038180,0.667843,0.583700,-0.051499,0.680145,0.600648,-0.047571,0.699077,0.612660,-0.045885,0.723301,0.665402,-0.043505,0.665402,0.618538,-0.056240,0.676475,0.631795,-0.046401,0.694011,0.644275,-0.039443,0.711649,0.706246,-0.048439,0.668222,0.658337,-0.058491,0.676100,0.659357,-0.053439,0.690766,0.668297,-0.048706
1780385655.136,right,thumbs_up,0.678327,0.735811,-0.000000,0.689413,0.654070,-0.002923,0.682557,0.572214,-0.007905,0.673912,0.502583,-0.011747,0.679319,0.453413,-0.014595,0.642124,0.569900,-0.014972,0.597123,0.536042,-0.017742,0.606027,0.554926,-0.017126,0.622160,0.571690,-0.015561,0.622666,0.608678,-0.014604,0.582316,0.570430,-0.012738,0.592629,0.586511,-0.008193,0.606613,0.600315,-0.006191,0.607513,0.647159,-0.013244,0.576086,0.606035,-0.010250,0.586449,0.617704,-0.002775,0.599208,0.632120,0.000538,0.596743,0.682309,-0.011891,0.577191,0.644752,-0.009069,0.588095,0.654651,-0.001451,0.599268,0.666791,0.004046
1780385655.670,right,thumbs_up,0.532329,0.724162,0.000000,0.545667,0.649563,-0.006044,0.542389,0.578984,-0.010229,0.531558,0.519538,-0.013545,0.533579,0.474015,-0.015713,0.486790,0.570490,-0.005826,0.460192,0.544071,-0.006842,0.466388,0.559275,-0.007832,0.477548,0.576171,-0.008076,0.467803,0.603854,-0.003492,0.449398,0.580613,0.000191,0.458055,0.591308,0.001617,0.468247,0.603147,0.001094,0.454985,0.640337,-0.001136,0.444087,0.615485,0.002633,0.452756,0.624129,0.005714,0.463116,0.637829,0.006006,0.446303,0.675450,0.000603,0.442846,0.654881,0.003487,0.452590,0.660732,0.007512,0.461507,0.669108,0.010642
1780385656.176,right,thumbs_up,0.475822,0.713095,-0.000000,0.470655,0.648146,0.003777,0.456205,0.586819,0.001192,0.443676,0.534441,-0.001803,0.443200,0.493964,-0.004863,0.435079,0.571619,-0.012878,0.390681,0.566739,-0.015833,0.396831,0.592466,-0.013954,0.409748,0.599224,-0.012336,0.425091,0.603704,-0.017274,0.381328,0.598681,-0.018589,0.389494,0.622624,-0.012921,0.403684,0.627818,-0.009890,0.416399,0.640317,-0.020310,0.376845,0.630932,-0.020963,0.386347,0.651661,-0.011714,0.400503,0.657614,-0.006639,0.409912,0.679700,-0.022784,0.381029,0.666673,-0.023584,0.390789,0.679959,-0.016430,0.403385,0.685343,-0.010989
1780385656.686,right,thumbs_up,0.470981,0.704072,-0.000000,0.457243,0.651213,0.000545,0.434344,0.591765,-0.004095,0.415268,0.544055,-0.009107,0.409083,0.500996,-0.013781,0.428244,0.557332,-0.015364,0.377166,0.568781,-0.026332,0.379339,0.598321,-0.028559,0.391778,0.605575,-0.028382,0.428606,0.586951,-0.020334,0.372683,0.601068,-0.029803,0.379367,0.628007,-0.025998,0.393642,0.630579,-0.023120,0.427217,0.624503,-0.025227,0.376166,0.634335,-0.034346,0.384214,0.657098,-0.026394,0.398783,0.658568,-0.020369,0.424601,0.664799,-0.029784,0.384864,0.667793,-0.037185,0.391504,0.680476,-0.033562,0.403946,0.680928,-0.029638
1780385657.198,right,thumbs_up,0.450882,0.663744,-0.000000,0.428901,0.611093,0.001321,0.395155,0.559556,-0.003542,0.367133,0.521682,-0.008792,0.354582,0.481034,-0.014383,0.376674,0.563138,-0.016705,0.330876,0.611082,-0.026110,0.341404,0.629030,-0.028174,0.355217,0.620216,-0.028254,0.381961,0.601365,-0.021941,0.332131,0.653076,-0.028957,0.345860,0.664773,-0.024398,0.360883,0.652360,-0.021592,0.388597,0.643224,-0.026702,0.340473,0.685404,-0.033665,0.353291,0.692271,-0.024927,0.368087,0.679660,-0.018850,0.395353,0.685237,-0.030983,0.356489,0.711366,-0.036319,0.366533,0.711546,-0.030601,0.380147,0.699857,-0.025438
1780385657.756,right,thumbs_up,0.356345,0.645543,-0.000000,0.324281,0.593269,0.004730,0.290546,0.562156,0.003629,0.257318,0.545263,0.001381,0.236111,0.517889,-0.001367,0.251539,0.632081,0.005747,0.236690,0.682204,0.013758,0.253322,0.681619,0.017556,0.263856,0.664878,0.018699,0.259799,0.673617,0.003531,0.249071,0.714004,0.014875,0.264891,0.708141,0.018608,0.275182,0.689908,0.018115,0.275905,0.710587,0.002731,0.263605,0.741061,0.012444,0.278486,0.732827,0.016449,0.290103,0.714024,0.015549,0.293987,0.740185,0.002291,0.285422,0.758707,0.009308,0.298080,0.746219,0.014997,0.307717,0.729382,0.018093
1780385658.307,right,thumbs_up,0.333093,0.600996,-0.000000,0.329047,0.515295,-0.001880,0.309363,0.457020,-0.004077,0.285580,0.415641,-0.006811,0.275444,0.373713,-0.009565,0.242620,0.505975,0.006326,0.240362,0.498604,0.010867,0.257560,0.505947,0.009125,0.269257,0.513318,0.006413,0.236186,0.554283,0.006750,0.242830,0.544507,0.016649,0.259534,0.546038,0.015168,0.269511,0.551267,0.010713,0.240959,0.598190,0.007561,0.246354,0.586434,0.016257,0.260313,0.583307,0.015824,0.271066,0.585939,0.012184,0.249721,0.635022,0.008012,0.254732,0.624894,0.016084,0.266700,0.617878,0.020327,0.275796,0.617488,0.022172
1780385658.859,right,thumbs_up,0.361251,0.634644,0.000000,0.373353,0.553603,-0.007097,0.367896,0.485686,-0.012423,0.354202,0.427646,-0.015846,0.354782,0.379614,-0.017635,0.303585,0.494274,-0.007393,0.291140,0.451995,-0.004141,0.304999,0.461332,-0.001609,0.315890,0.479213,-0.000009,0.285639,0.529318,-0.002779,0.283930,0.488517,0.006167,0.298648,0.492811,0.009881,0.307117,0.505738,0.009865,0.278372,0.563489,0.002345,0.276677,0.525100,0.011223,0.289709,0.526135,0.014801,0.299441,0.539374,0.014130,0.275971,0.592439,0.006945,0.274476,0.562044,0.014085,0.285269,0.560492,0.019042,0.293367,0.568195,0.021826
1780385659.398,right,thumbs_up,0.389261,0.718702,0.000000,0.406935,0.646599,-0.010892,0.410030,0.583673,-0.020864,0.407237,0.523997,-0.028606,0.415087,0.479468,-0.033715,0.347185,0.584138,-0.018473,0.337864,0.515599,-0.023687,0.355860,0.529314,-0.024893,0.365250,0.555868,-0.024450,0.326151,0.609991,-0.014229,0.326509,0.539388,-0.014802,0.343607,0.548364,-0.012641,0.349822,0.571149,-0.011967,0.314993,0.633341,-0.009723,0.318563,0.566329,-0.007280,0.333330,0.574627,-0.001525,0.339608,0.596320,0.000930,0.310046,0.651402,-0.006188,0.313971,0.596221,-0.002681,0.325894,0.600610,0.003253,0.331477,0.616215,0.007436
1780385659.916,right,thumbs_up,0.433119,0.802664,0.000000,0.453675,0.736637,-0.009618,0.459364,0.670096,-0.019125,0.460679,0.609448,-0.026657,0.469546,0.569033,-0.031472,0.406816,0.669586,-0.021453,0.388255,0.590713,-0.029790,0.403203,0.607427,-0.032133,0.411864,0.634377,-0.031580,0.383387,0.695081,-0.018541,0.373554,0.611468,-0.022272,0.389186,0.624067,-0.019990,0.396115,0.649293,-0.018138,0.367765,0.715549,-0.015393,0.365296,0.637571,-0.014617,0.379051,0.648334,-0.007945,0.384521,0.671813,-0.004304,0.358540,0.729638,-0.013212,0.361961,0.667057,-0.010518,0.373746,0.674549,-0.004361,0.378064,0.692397,0.000020
1780385660.453,right,thumbs_up,0.504075,0.906332,0.000000,0.523443,0.837901,-0.009569,0.531483,0.763286,-0.022480,0.543319,0.703378,-0.033424,0.561843,0.668603,-0.042372,0.496591,0.788520,-0.036323,0.467202,0.698671,-0.049125,0.478338,0.717105,-0.051175,0.488647,0.743323,-0.049800,0.472293,0.819105,-0.035406,0.447644,0.720544,-0.043986,0.460650,0.734740,-0.039770,0.471125,0.761840,-0.036190,0.452794,0.840245,-0.033670,0.436060,0.746735,-0.035952,0.449075,0.758686,-0.026118,0.457781,0.782886,-0.020008,0.438870,0.851688,-0.032798,0.431891,0.778547,-0.031096,0.442149,0.786797,-0.023178,0.447371,0.804871,-0.018189
1780385660.978,right,thumbs_up,0.601590,0.909802,-0.000000,0.617679,0.843676,-0.006286,0.630035,0.760902,-0.018034,0.643906,0.705773,-0.027748,0.663660,0.672657,-0.037671,0.626402,0.803590,-0.047620,0.581844,0.729208,-0.062483,0.585839,0.744615,-0.064699,0.596771,0.765088,-0.064067,0.606669,0.841381,-0.051096,0.562051,0.753850,-0.063679,0.569958,0.769091,-0.058666,0.582136,0.794935,-0.056335,0.587276,0.869202,-0.052912,0.552032,0.779479,-0.063266,0.558691,0.793023,-0.052224,0.569288,0.817760,-0.045076,0.568444,0.886291,-0.054656,0.546037,0.810980,-0.062320,0.552475,0.819001,-0.055173,0.560543,0.841519,-0.050070
1780385661.480,right,thumbs_up,0.632834,0.899956,-0.000000,0.647220,0.813756,-0.006072,0.663973,0.734358,-0.015008,0.680763,0.681128,-0.023450,0.702755,0.650247,-0.031625,0.685412,0.779646,-0.023415,0.638748,0.724203,-0.038313,0.634420,0.739201,-0.043928,0.645264,0.746522,-0.046533,0.672123,0.817890,-0.027934,0.621142,0.747843,-0.042040,0.624355,0.765075,-0.041019,0.637597,0.781616,-0.040943,0.656471,0.846066,-0.033017,0.612426,0.773785,-0.046709,0.616425,0.787873,-0.040134,0.629985,0.803813,-0.034985,0.639007,0.867027,-0.038410,0.607155,0.805388,-0.047649,0.611137,0.814484,-0.044298,0.623023,0.831645,-0.041040
1780385662.021,right,thumbs_up,0.705981,0.786151,-0.000000,0.709692,0.718852,-0.017560,0.726193,0.661059,-0.026385,0.737153,0.618322,-0.032538,0.746176,0.577414,-0.036286,0.774976,0.700852,-0.020416,0.737347,0.673257,-0.035178,0.712892,0.681406,-0.043237,0.706685,0.693537,-0.047991,0.774940,0.742936,-0.018972,0.729015,0.706651,-0.030737,0.708104,0.708909,-0.032708,0.706150,0.716805,-0.034339,0.764396,0.781068,-0.019687,0.720136,0.742163,-0.031937,0.705464,0.739819,-0.028259,0.707830,0.744836,-0.025290,0.749420,0.811369,-0.022154,0.715792,0.777329,-0.031921,0.706336,0.770105,-0.030597,0.709755,0.771468,-0.028338
1780385662.552,right,thumbs_up,0.719370,0.733058,-0.000000,0.717324,0.671984,-0.015922,0.729042,0.611355,-0.024775,0.739012,0.568434,-0.031937,0.745303,0.528945,-0.037110,0.787311,0.643966,-0.014344,0.759414,0.645074,-0.028529,0.739827,0.651677,-0.038305,0.734875,0.655679,-0.044340,0.796113,0.683890,-0.013816,0.757445,0.681417,-0.024874,0.737742,0.682223,-0.028841,0.734562,0.685287,-0.031568,0.794115,0.723424,-0.015547,0.756907,0.716244,-0.027717,0.739442,0.711551,-0.026889,0.737659,0.710522,-0.025363,0.786636,0.760194,-0.019176,0.759295,0.751297,-0.028166,0.742777,0.741211,-0.027561,0.737446,0.733696,-0.025666
1780385663.086,right,thumbs_up,0.684364,0.675051,-0.000000,0.674995,0.628589,-0.021185,0.677844,0.574808,-0.033902,0.681096,0.534035,-0.043691,0.682497,0.494829,-0.051237,0.737552,0.594742,-0.027145,0.707061,0.624828,-0.041985,0.688242,0.636405,-0.049888,0.687579,0.637377,-0.055327,0.751145,0.633772,-0.024767,0.711838,0.661939,-0.038790,0.690764,0.660125,-0.042002,0.688861,0.655326,-0.044104,0.753911,0.671955,-0.024179,0.715801,0.692631,-0.038868,0.696890,0.685981,-0.037124,0.696392,0.679358,-0.034777,0.750562,0.705921,-0.025796,0.722686,0.720659,-0.036727,0.706118,0.712776,-0.036509,0.702737,0.701905,-0.034877
1780385663.588,right,thumbs_up,0.640897,0.695557,-0.000000,0.617529,0.649185,-0.019237,0.605812,0.593458,-0.030598,0.596927,0.552534,-0.038206,0.589052,0.511720,-0.043634,0.660911,0.580822,-0.031303,0.629719,0.636066,-0.041351,0.620854,0.640589,-0.045397,0.626575,0.626422,-0.049411,0.681625,0.616594,-0.029296,0.637551,0.675106,-0.037560,0.627878,0.669455,-0.038299,0.632503,0.653286,-0.041124,0.692225,0.656519,-0.027913,0.647892,0.701584,-0.037472,0.637951,0.694719,-0.033380,0.642751,0.679157,-0.031851,0.695955,0.691970,-0.028655,0.661499,0.722295,-0.039546,0.649515,0.714828,-0.039408,0.648411,0.698829,-0.038548
1780385664.116,right,thumbs_up,0.554693,0.735863,-0.000000,0.532160,0.700120,-0.020929,0.514012,0.650287,-0.034791,0.498226,0.613656,-0.045285,0.485784,0.573092,-0.053790,0.563680,0.640399,-0.033987,0.530899,0.716326,-0.049123,0.521468,0.719902,-0.058110,0.526184,0.701851,-0.065201,0.586113,0.674167,-0.032492,0.542590,0.752865,-0.043950,0.533315,0.741679,-0.046062,0.539542,0.717976,-0.049837,0.599686,0.713202,-0.032123,0.557356,0.775986,-0.044194,0.548767,0.766601,-0.038695,0.555746,0.747412,-0.035616,0.607129,0.748934,-0.034383,0.576685,0.789700,-0.045864,0.568003,0.782632,-0.044046,0.570620,0.767921,-0.041888
1780385664.645,right,thumbs_up,0.470811,0.824989,-0.000000,0.444074,0.787445,-0.021534,0.422812,0.738866,-0.034750,0.403693,0.708367,-0.044042,0.387658,0.673285,-0.051593,0.469138,0.737046,-0.036918,0.431367,0.827368,-0.048781,0.428316,0.821022,-0.055797,0.435218,0.797758,-0.062384,0.494090,0.772268,-0.035094,0.445678,0.865993,-0.042837,0.444325,0.843162,-0.043768,0.450815,0.812984,-0.047961,0.509779,0.813623,-0.033798,0.463408,0.885839,-0.043397,0.460983,0.867999,-0.035889,0.468793,0.841608,-0.031858,0.519126,0.853219,-0.035370,0.488128,0.897439,-0.046279,0.483453,0.884658,-0.042750,0.486973,0.865602,-0.039404
1780385665.177,right,thumbs_up,0.410744,0.848162,-0.000000,0.375640,0.793999,-0.015357,0.331332,0.753760,-0.024596,0.297340,0.725680,-0.030730,0.274925,0.694826,-0.035750,0.351422,0.776140,-0.031756,0.300021,0.863958,-0.046741,0.307214,0.861449,-0.051770,0.320153,0.833338,-0.053276,0.371368,0.820775,-0.030837,0.315261,0.906295,-0.042677,0.324983,0.885847,-0.041119,0.339059,0.857669,-0.041379,0.386436,0.860227,-0.030791,0.334474,0.934223,-0.042780,0.341532,0.912654,-0.035924,0.354090,0.885533,-0.030950,0.398542,0.895609,-0.032208,0.355497,0.949830,-0.041942,0.359487,0.932252,-0.039456,0.372220,0.909702,-0.036627
1780385665.686,right,thumbs_up,0.326638,0.808008,-0.000000,0.295677,0.762977,0.001545,0.250516,0.728810,-0.005507,0.216015,0.704327,-0.012736,0.197746,0.664429,-0.020321,0.244960,0.738115,-0.028888,0.194604,0.806683,-0.041159,0.207301,0.816651,-0.043040,0.222933,0.802147,-0.042349,0.258661,0.778153,-0.035234,0.202891,0.851321,-0.045756,0.217126,0.851976,-0.040895,0.234370,0.831921,-0.037407,0.272307,0.821284,-0.040185,0.217517,0.883261,-0.049187,0.230100,0.880526,-0.038561,0.246510,0.860870,-0.030748,0.284373,0.864404,-0.044366,0.239502,0.904755,-0.051574,0.245845,0.896404,-0.045157,0.258358,0.878176,-0.039326
1780385666.200,right,thumbs_up,0.254111,0.775650,-0.000000,0.228594,0.720959,0.002725,0.198985,0.682717,0.000274,0.171512,0.659369,-0.003278,0.155485,0.631285,-0.007026,0.168681,0.715827,-0.007526,0.134602,0.761806,-0.011425,0.146974,0.771041,-0.011723,0.159571,0.760465,-0.011518,0.173199,0.753349,-0.012143,0.137981,0.795145,-0.014631,0.151834,0.801034,-0.011704,0.164829,0.788620,-0.010229,0.181363,0.790469,-0.015998,0.147451,0.826172,-0.018679,0.160299,0.829481,-0.011440,0.172570,0.817395,-0.006920,0.192207,0.827019,-0.019434,0.161723,0.850433,-0.021124,0.171878,0.849209,-0.014253,0.183660,0.839193,-0.008641
1780385666.751,right,thumbs_up,0.248218,0.638695,-0.000000,0.242632,0.580676,-0.003632,0.221980,0.542859,-0.006151,0.201144,0.519282,-0.008924,0.193649,0.487773,-0.011790,0.172452,0.580031,0.000396,0.168133,0.596204,-0.002034,0.179866,0.603733,-0.006940,0.189732,0.601626,-0.010971,0.168219,0.617892,-0.000305,0.165016,0.632314,0.000745,0.176825,0.636620,-0.000888,0.187412,0.630871,-0.003099,0.172297,0.653708,-0.001279,0.170982,0.665405,-0.001984,0.182474,0.666491,-0.001355,0.192599,0.658503,-0.001573,0.179456,0.685631,-0.002794,0.181490,0.697619,-0.004007,0.192655,0.694523,-0.001630,0.201458,0.686174,0.000841
1780385667.261,right,thumbs_up,0.248169,0.456713,-0.000000,0.243156,0.410602,-0.002966,0.228114,0.380591,-0.006609,0.211859,0.359562,-0.010512,0.206652,0.331618,-0.014467,0.180691,0.392411,-0.002395,0.177208,0.419644,-0.006896,0.187939,0.430946,-0.012892,0.198334,0.428959,-0.017360,0.173523,0.423858,-0.003521,0.175806,0.448728,-0.003970,0.187108,0.455149,-0.005608,0.196319,0.448739,-0.007854,0.174459,0.457809,-0.004909,0.178593,0.475780,-0.006410,0.188586,0.477910,-0.005539,0.196992,0.469397,-0.005756,0.178636,0.489859,-0.006843,0.183830,0.504270,-0.009323,0.194683,0.501784,-0.007723,0.201979,0.493250,-0.005635
1780385667.785,right,thumbs_up,0.191523,0.353708,-0.000000,0.180709,0.308527,-0.002104,0.160187,0.281193,-0.003431,0.145565,0.271017,-0.005201,0.137880,0.266463,-0.006729,0.120820,0.302647,0.002589,0.117758,0.318996,-0.001750,0.128921,0.320702,-0.008297,0.139265,0.317838,-0.012690,0.118071,0.330762,0.001433,0.116993,0.345026,-0.000288,0.127287,0.344600,-0.003664,0.138268,0.340341,-0.006025,0.121605,0.360299,-0.000278,0.121027,0.371210,-0.002308,0.130432,0.369494,-0.002447,0.140278,0.364600,-0.002430,0.128397,0.386191,-0.002488,0.129115,0.393995,-0.004496,0.138409,0.391893,-0.002921,0.146162,0.387400,-0.000682
1780385668.309,right,thumbs_up,0.156111,0.261472,0.000000,0.152134,0.213068,-0.005955,0.137359,0.182349,-0.010110,0.121408,0.159591,-0.013308,0.113999,0.134688,-0.015484,0.092225,0.208502,-0.004076,0.082313,0.201620,-0.006109,0.090840,0.204565,-0.009098,0.100149,0.210194,-0.011095,0.087497,0.239753,-0.002114,0.080341,0.228951,-0.000885,0.088313,0.226891,-0.001383,0.097149,0.229598,-0.002756,0.088844,0.269101,-0.000457,0.081715,0.253733,0.000625,0.088722,0.250249,0.002292,0.097472,0.251916,0.002476,0.093364,0.294129,0.000597,0.087334,0.278956,0.001595,0.093402,0.273587,0.004414,0.100112,0.273644,0.006688
1780385668.813,right,thumbs_up,0.161478,0.245022,-0.000000,0.154564,0.191181,-0.004686,0.136401,0.153730,-0.008548,0.116544,0.126931,-0.011831,0.105695,0.096859,-0.014626,0.087488,0.172551,-0.004152,0.081002,0.178999,-0.006827,0.093233,0.187920,-0.010746,0.104796,0.191026,-0.013780,0.080876,0.209423,-0.004033,0.076247,0.216861,-0.002375,0.087710,0.220930,-0.002705,0.098822,0.219946,-0.004090,0.083080,0.245937,-0.004071,0.083520,0.250741,-0.003121,0.094218,0.251831,-0.001636,0.104471,0.248247,-0.001793,0.089439,0.278161,-0.004715,0.093671,0.283925,-0.004819,0.104082,0.281187,-0.002550,0.111905,0.276030,-0.000285
1780385669.333,right,thumbs_up,0.232745,0.263375,-0.000000,0.226416,0.202776,-0.007598,0.206064,0.160687,-0.013233,0.184478,0.129263,-0.018160,0.172751,0.095510,-0.022900,0.153335,0.183058,-0.009822,0.142404,0.205157,-0.015900,0.155862,0.215575,-0.022252,0.168250,0.215030,-0.026931,0.147844,0.224111,-0.009567,0.144624,0.241443,-0.011691,0.158332,0.245496,-0.014104,0.169979,0.241815,-0.016877,0.150655,0.265417,-0.009562,0.150229,0.274832,-0.012512,0.162163,0.276060,-0.011476,0.173379,0.271946,-0.011317,0.156901,0.302896,-0.010331,0.158233,0.309136,-0.013408,0.169797,0.307175,-0.011252,0.179212,0.303575,-0.008468
1780385669.867,right,thumbs_up,0.340730,0.271803,-0.000000,0.324115,0.211451,0.000450,0.295955,0.167664,-0.002417,0.270496,0.132990,-0.005615,0.259306,0.093643,-0.009355,0.252156,0.191206,-0.004649,0.233936,0.230891,-0.004542,0.245947,0.244963,-0.005151,0.256417,0.240129,-0.006310,0.250778,0.232143,-0.006848,0.238614,0.268509,-0.003864,0.253075,0.276310,-0.002432,0.264780,0.266622,-0.003237,0.255822,0.275173,-0.008155,0.247213,0.301546,-0.004964,0.261087,0.304380,-0.001153,0.272579,0.293363,-0.000763,0.264246,0.315658,-0.009588,0.259239,0.330959,-0.006942,0.272826,0.328456,-0.002109,0.282754,0.317975,0.001271
1780385670.385,right,thumbs_up,0.405351,0.274181,-0.000000,0.388949,0.215458,-0.002443,0.358769,0.164624,-0.006290,0.333316,0.125147,-0.010255,0.318972,0.085212,-0.014610,0.325389,0.183913,-0.007979,0.296055,0.215960,-0.013199,0.303099,0.235942,-0.016593,0.314240,0.235977,-0.018731,0.324266,0.223833,-0.009898,0.298172,0.259657,-0.013139,0.311060,0.273072,-0.013013,0.324697,0.264472,-0.013476,0.327366,0.266285,-0.011801,0.304325,0.294549,-0.015087,0.317531,0.303443,-0.010756,0.330567,0.293653,-0.008341,0.333302,0.307846,-0.013846,0.315072,0.324053,-0.015961,0.327820,0.327755,-0.011036,0.339624,0.318960,-0.006836
1780385670.924,right,thumbs_up,0.526969,0.288856,-0.000000,0.505614,0.230970,-0.002500,0.469058,0.170416,-0.010875,0.444470,0.123175,-0.018774,0.435046,0.073113,-0.027221,0.466747,0.180779,-0.030728,0.416901,0.219006,-0.042889,0.428019,0.232144,-0.045481,0.442978,0.223690,-0.045878,0.472402,0.225703,-0.035499,0.421204,0.262707,-0.045474,0.434452,0.269969,-0.041520,0.451209,0.260020,-0.039563,0.477748,0.272217,-0.039333,0.428756,0.298642,-0.048294,0.441979,0.302106,-0.039362,0.459048,0.292398,-0.033550,0.481595,0.316894,-0.042799,0.441458,0.327993,-0.049416,0.452159,0.326370,-0.043128,0.467726,0.319190,-0.038168
1780385671.441,right,thumbs_up,0.602361,0.322579,-0.000000,0.564259,0.251575,-0.008789,0.533682,0.182998,-0.018687,0.516824,0.126968,-0.027809,0.511364,0.075622,-0.035863,0.570711,0.163861,-0.024088,0.522280,0.215061,-0.042413,0.530900,0.231404,-0.050347,0.544335,0.214729,-0.054137,0.586059,0.208022,-0.029389,0.528201,0.257164,-0.046879,0.540370,0.255099,-0.048254,0.556606,0.237048,-0.049489,0.595348,0.252393,-0.035896,0.538008,0.289004,-0.053675,0.549199,0.285850,-0.048340,0.565877,0.267755,-0.043130,0.599897,0.295974,-0.043012,0.553095,0.315506,-0.055340,0.560015,0.311355,-0.052735,0.576002,0.297121,-0.049170
1780385671.972,right,thumbs_up,0.647279,0.336700,-0.000000,0.615452,0.277418,-0.021111,0.599181,0.201566,-0.031351,0.587116,0.144759,-0.038395,0.575087,0.096403,-0.042897,0.664364,0.160855,-0.023482,0.627436,0.208272,-0.038718,0.614087,0.239476,-0.048327,0.614383,0.248919,-0.054865,0.685325,0.196750,-0.021699,0.636937,0.248724,-0.033769,0.621281,0.267398,-0.037900,0.620521,0.270824,-0.042019,0.695786,0.243313,-0.022233,0.645267,0.289987,-0.036576,0.630240,0.301083,-0.036032,0.631040,0.297356,-0.035439,0.698283,0.289041,-0.024909,0.660026,0.322348,-0.037810,0.647566,0.329559,-0.039084,0.646922,0.325632,-0.038614
1780385672.523,right,thumbs_up,0.691631,0.352745,-0.000000,0.671933,0.296832,-0.022026,0.663418,0.222945,-0.035647,0.659738,0.166031,-0.046822,0.653376,0.116439,-0.055209,0.739124,0.190189,-0.024004,0.714045,0.229392,-0.043785,0.697455,0.257841,-0.056202,0.695283,0.264866,-0.063865,0.763381,0.224552,-0.022577,0.725725,0.277024,-0.041115,0.702586,0.296048,-0.047179,0.698408,0.299895,-0.050009,0.775446,0.269110,-0.023766,0.736708,0.315714,-0.042371,0.714500,0.325473,-0.041848,0.712353,0.322322,-0.039098,0.780340,0.316501,-0.027346,0.750812,0.349075,-0.040491,0.730002,0.351875,-0.040891,0.724599,0.342151,-0.038754
1780385673.030,right,thumbs_up,0.758266,0.473254,-0.000000,0.741274,0.417894,-0.018633,0.737950,0.341691,-0.028583,0.739662,0.285748,-0.037061,0.731056,0.243962,-0.042958,0.801674,0.303985,-0.012458,0.803468,0.314872,-0.031349,0.783923,0.350204,-0.043471,0.773324,0.370176,-0.049833,0.827434,0.330234,-0.011190,0.819965,0.355042,-0.029532,0.791739,0.388031,-0.035427,0.779566,0.399184,-0.035956,0.841894,0.367519,-0.013005,0.828914,0.394971,-0.031258,0.801332,0.417930,-0.029575,0.790538,0.422136,-0.024343,0.849317,0.408540,-0.016712,0.837161,0.427858,-0.026913,0.813331,0.440773,-0.024361,0.802734,0.438870,-0.019693
1780385673.555,right,thumbs_up,0.785592,0.518437,-0.000000,0.778826,0.453481,-0.014548,0.784360,0.382272,-0.023559,0.791182,0.331568,-0.031844,0.791902,0.288875,-0.037468,0.852702,0.378295,-0.007137,0.841095,0.369880,-0.023250,0.819059,0.393850,-0.034208,0.811355,0.409754,-0.040389,0.869934,0.409136,-0.007501,0.846594,0.410660,-0.022643,0.819937,0.431504,-0.027952,0.813919,0.440979,-0.029118,0.875778,0.447325,-0.010614,0.849344,0.449278,-0.024571,0.825732,0.462396,-0.021861,0.821983,0.466368,-0.017382,0.875599,0.486186,-0.015564,0.853834,0.485352,-0.022813,0.833761,0.489192,-0.019365,0.829095,0.488367,-0.014695
1780385674.092,right,thumbs_up,0.796689,0.569812,-0.000000,0.796195,0.501733,-0.014137,0.811366,0.439740,-0.021726,0.823666,0.393874,-0.027605,0.830644,0.351054,-0.030958,0.871765,0.456932,-0.010322,0.839034,0.438881,-0.024072,0.817687,0.459304,-0.033082,0.813235,0.475708,-0.038484,0.877374,0.493170,-0.010307,0.834965,0.470205,-0.021575,0.815899,0.486682,-0.024644,0.814907,0.499753,-0.026191,0.872614,0.531056,-0.012661,0.831510,0.504990,-0.023801,0.816370,0.515904,-0.021217,0.818565,0.524936,-0.018605,0.862653,0.565760,-0.016749,0.830156,0.541978,-0.024619,0.817928,0.545225,-0.023248,0.819751,0.551168,-0.020686
1780385674.641,right,thumbs_up,0.777633,0.648608,-0.000000,0.775323,0.577489,-0.018017,0.783433,0.511573,-0.026661,0.791865,0.461714,-0.032280,0.800877,0.417754,-0.035651,0.825568,0.536721,-0.023104,0.775814,0.518014,-0.036376,0.762550,0.534580,-0.042099,0.768455,0.546621,-0.045556,0.822694,0.577044,-0.021523,0.764750,0.547317,-0.033927,0.758961,0.562732,-0.035487,0.769721,0.573825,-0.037140,0.812110,0.614302,-0.021911,0.759335,0.580596,-0.035196,0.757285,0.590143,-0.032307,0.767635,0.600604,-0.029438,0.797554,0.645854,-0.023878,0.759426,0.614695,-0.035132,0.758374,0.612005,-0.035529,0.766999,0.616615,-0.034169
1780385675.144,right,thumbs_up,0.763625,0.760957,-0.000000,0.760039,0.689403,-0.005175,0.751918,0.608647,-0.014936,0.752080,0.550645,-0.023594,0.764081,0.505141,-0.032563,0.758454,0.638283,-0.035251,0.704515,0.604951,-0.049871,0.710867,0.622700,-0.054121,0.725874,0.631563,-0.055380,0.747921,0.683115,-0.039534,0.690960,0.639736,-0.051949,0.700861,0.652120,-0.048894,0.717733,0.666888,-0.047812,0.736326,0.722945,-0.043096,0.685645,0.672171,-0.054343,0.695444,0.682305,-0.045446,0.711783,0.697109,-0.039371,0.723991,0.754937,-0.046624,0.688133,0.711425,-0.055647,0.697007,0.713084,-0.050687,0.711000,0.724416,-0.046511
1780385675.690,right,thumbs_up,0.719228,0.838202,0.000000,0.720923,0.763390,-0.006595,0.707301,0.683106,-0.018179,0.702447,0.619855,-0.027707,0.712058,0.572102,-0.036324,0.693463,0.722280,-0.041318,0.639155,0.674954,-0.053709,0.652259,0.682263,-0.054597,0.669930,0.697899,-0.052212,0.679171,0.770625,-0.041984,0.626354,0.708124,-0.051641,0.642322,0.712886,-0.046745,0.659793,0.731466,-0.042704,0.664807,0.808065,-0.040980,0.619216,0.741347,-0.045423,0.634626,0.744777,-0.034458,0.650733,0.760795,-0.027056,0.652191,0.836127,-0.040114,0.620021,0.774640,-0.041156,0.632427,0.776619,-0.032181,0.645544,0.791763,-0.025859
1780385676.224,right,thumbs_up,0.645907,0.839989,0.000000,0.645749,0.763070,-0.010885,0.632454,0.693986,-0.023594,0.619796,0.629692,-0.033316,0.622237,0.579049,-0.040647,0.599880,0.736905,-0.036628,0.552712,0.683214,-0.045736,0.569180,0.692543,-0.045143,0.585772,0.708265,-0.042429,0.583722,0.783773,-0.033433,0.541441,0.717500,-0.037684,0.557431,0.718766,-0.031655,0.572200,0.733611,-0.027532,0.570652,0.821463,-0.029075,0.538695,0.752393,-0.028243,0.553834,0.750835,-0.018195,0.566652,0.765752,-0.012793,0.560751,0.846927,-0.025489,0.541853,0.784612,-0.022694,0.554608,0.782310,-0.014726,0.563860,0.796084,-0.009523
1780385676.736,right,thumbs_up,0.650224,0.830245,-0.000000,0.645428,0.754096,-0.004533,0.626991,0.676683,-0.013449,0.612762,0.613550,-0.020937,0.615258,0.562433,-0.027355,0.606614,0.708777,-0.030256,0.552696,0.680888,-0.038688,0.566116,0.692383,-0.039017,0.584031,0.702597,-0.037327,0.595746,0.757573,-0.031306,0.544624,0.718041,-0.036245,0.558647,0.725516,-0.031606,0.575800,0.736771,-0.028684,0.585275,0.800052,-0.030974,0.542904,0.756599,-0.031730,0.556630,0.760577,-0.021879,0.572188,0.770473,-0.016376,0.576088,0.835037,-0.030824,0.546261,0.789576,-0.029138,0.558301,0.791979,-0.020132,0.570566,0.802368,-0.014286
1780385677.271,right,thumbs_up,0.711882,0.809959,-0.000000,0.694386,0.734221,-0.008096,0.671931,0.646310,-0.019799,0.659838,0.577187,-0.029609,0.662605,0.519643,-0.039696,0.698635,0.671767,-0.045261,0.634450,0.662726,-0.063451,0.643259,0.683294,-0.066659,0.660722,0.684568,-0.066826,0.698626,0.726773,-0.049990,0.626091,0.703948,-0.066029,0.638761,0.718925,-0.059492,0.659332,0.724325,-0.055877,0.694257,0.776071,-0.054168,0.626987,0.744698,-0.069892,0.639515,0.756325,-0.056977,0.659663,0.762499,-0.047790,0.685482,0.818094,-0.058376,0.633251,0.787811,-0.070799,0.644360,0.790774,-0.063984,0.663266,0.796648,-0.058340
1780385677.803,right,thumbs_up,0.718874,0.821302,-0.000000,0.697514,0.729626,-0.016755,0.684713,0.641459,-0.026085,0.678800,0.573532,-0.032992,0.683083,0.519161,-0.038008,0.729379,0.658591,-0.021269,0.668037,0.665477,-0.037388,0.665236,0.690546,-0.044836,0.680454,0.689127,-0.048828,0.734105,0.713736,-0.021418,0.662864,0.713444,-0.036610,0.669321,0.727238,-0.038387,0.687305,0.725493,-0.040150,0.731493,0.762910,-0.023875,0.665298,0.754343,-0.040966,0.673347,0.762956,-0.037416,0.692064,0.761830,-0.033398,0.724300,0.805565,-0.027553,0.673100,0.791209,-0.039783,0.678084,0.792628,-0.038524,0.695113,0.792295,-0.035920
1780385678.329,right,thumbs_up,0.676232,0.823988,-0.000000,0.654332,0.731625,-0.012512,0.635602,0.636932,-0.021937,0.627800,0.564602,-0.029920,0.631354,0.506646,-0.037546,0.668800,0.662511,-0.025670,0.601700,0.668137,-0.044744,0.603417,0.692502,-0.053979,0.622202,0.690209,-0.058861,0.671067,0.722574,-0.028710,0.595501,0.716775,-0.045905,0.603818,0.729664,-0.047213,0.626249,0.729155,-0.048887,0.667280,0.775476,-0.033236,0.597387,0.762511,-0.051858,0.604454,0.770579,-0.046443,0.626280,0.768606,-0.041405,0.659927,0.821769,-0.038529,0.605296,0.804814,-0.052480,0.612076,0.805428,-0.050028,0.632761,0.804804,-0.046594
1780385678.833,right,thumbs_up,0.575883,0.817142,-0.000000,0.567202,0.736277,-0.005317,0.542548,0.643223,-0.017723,0.528211,0.573480,-0.028262,0.529826,0.511202,-0.039002,0.541101,0.673793,-0.046771,0.469508,0.665223,-0.062750,0.482623,0.678225,-0.065956,0.505598,0.684895,-0.065588,0.534086,0.734268,-0.050904,0.461089,0.716386,-0.063119,0.478027,0.726961,-0.057142,0.501561,0.736115,-0.053756,0.526825,0.791549,-0.053458,0.461314,0.760811,-0.062925,0.476776,0.769224,-0.049881,0.499134,0.777680,-0.041255,0.518734,0.843992,-0.055740,0.469886,0.808579,-0.062745,0.482199,0.810576,-0.053671,0.500472,0.820785,-0.046670
1780385679.350,right,thumbs_up,0.446753,0.840612,0.000000,0.438416,0.746258,-0.005875,0.415220,0.665832,-0.015994,0.392009,0.600205,-0.024045,0.388609,0.544456,-0.031186,0.377220,0.709193,-0.032666,0.320517,0.699320,-0.039588,0.336591,0.705451,-0.039213,0.356471,0.709768,-0.037211,0.365921,0.770234,-0.032233,0.313717,0.744027,-0.032612,0.328332,0.746943,-0.026120,0.345834,0.753256,-0.023224,0.357571,0.824569,-0.030144,0.313375,0.788386,-0.027585,0.327083,0.789918,-0.017122,0.343856,0.796984,-0.012407,0.352667,0.869541,-0.028240,0.321757,0.829585,-0.025579,0.334141,0.830412,-0.016390,0.347319,0.838755,-0.010220
1780385679.890,right,thumbs_up,0.365326,0.870524,-0.000000,0.351978,0.776185,-0.003101,0.331903,0.713927,-0.008097,0.306052,0.670063,-0.012869,0.295735,0.627050,-0.016721,0.273153,0.781826,-0.007053,0.257049,0.762319,-0.005838,0.275226,0.762441,-0.006213,0.290651,0.769995,-0.007088,0.266755,0.839587,-0.006104,0.257299,0.807403,0.000561,0.273779,0.804055,0.002605,0.287712,0.812474,0.000883,0.269834,0.885623,-0.004112,0.259761,0.854198,0.003472,0.273441,0.849015,0.008202,0.288548,0.855293,0.007992,0.275499,0.921265,-0.002469,0.267252,0.897751,0.004400,0.279285,0.891737,0.011653,0.291829,0.895244,0.016054
1780385680.423,right,thumbs_up,0.423805,0.884320,-0.000000,0.409357,0.798361,-0.004861,0.384837,0.741979,-0.009592,0.357752,0.702559,-0.013858,0.345974,0.661881,-0.017370,0.326954,0.803570,-0.005311,0.316735,0.790335,-0.005432,0.334208,0.792418,-0.008103,0.348621,0.799258,-0.010816,0.322152,0.855427,-0.004441,0.318500,0.833892,0.000863,0.334483,0.831664,0.000863,0.346954,0.837997,-0.002077,0.327461,0.898717,-0.003108,0.323114,0.876294,0.001717,0.336547,0.873134,0.004022,0.349935,0.878828,0.002854,0.335619,0.932973,-0.002350,0.330992,0.916424,0.001637,0.342037,0.910716,0.006442,0.352785,0.912357,0.009462
1780385680.965,right,thumbs_up,0.602075,0.822627,-0.000000,0.590538,0.748744,-0.006392,0.564454,0.679484,-0.016065,0.542707,0.625086,-0.023862,0.538844,0.578064,-0.030760,0.548888,0.723088,-0.034194,0.494709,0.708970,-0.043928,0.507590,0.714306,-0.044673,0.524885,0.719257,-0.043109,0.543475,0.775977,-0.034510,0.489888,0.748968,-0.040214,0.503211,0.749772,-0.035549,0.520435,0.756038,-0.032714,0.537838,0.822059,-0.033553,0.490916,0.787608,-0.035385,0.504241,0.785754,-0.026033,0.520465,0.791934,-0.020866,0.533039,0.859472,-0.032881,0.500283,0.821843,-0.032632,0.512125,0.819006,-0.024878,0.524595,0.825681,-0.019925
1780385681.466,right,thumbs_up,0.709309,0.791290,-0.000000,0.697685,0.722873,-0.003654,0.675501,0.643789,-0.015416,0.664411,0.583076,-0.025945,0.665103,0.529616,-0.036978,0.687282,0.674998,-0.045455,0.623883,0.662936,-0.059474,0.635247,0.673144,-0.061568,0.654282,0.680158,-0.060978,0.683325,0.727419,-0.050493,0.616231,0.704072,-0.062668,0.631045,0.710984,-0.057346,0.651931,0.720921,-0.054476,0.675891,0.774940,-0.053601,0.615398,0.741050,-0.062516,0.628796,0.746012,-0.049980,0.648096,0.756000,-0.041975,0.665190,0.816791,-0.056447,0.620045,0.779234,-0.062808,0.631295,0.778415,-0.053782,0.648080,0.789138,-0.047407
1780385681.968,right,thumbs_up,0.765394,0.788775,-0.000000,0.758339,0.699558,-0.014623,0.753161,0.616700,-0.025651,0.752486,0.551019,-0.034248,0.758860,0.498926,-0.041881,0.787031,0.661511,-0.029093,0.724885,0.643299,-0.046423,0.725567,0.658982,-0.054808,0.741900,0.659884,-0.059187,0.785319,0.716722,-0.030424,0.716757,0.688332,-0.046125,0.727517,0.693690,-0.048450,0.747094,0.696466,-0.051231,0.778712,0.761402,-0.032914,0.716962,0.727679,-0.048744,0.726555,0.729749,-0.044410,0.745762,0.731846,-0.040721,0.768935,0.798149,-0.036468,0.721584,0.764712,-0.048062,0.727876,0.762580,-0.045909,0.744874,0.765760,-0.043258
1780385682.483,right,thumbs_up,0.779968,0.758495,-0.000000,0.775998,0.686934,-0.024106,0.778788,0.609991,-0.036367,0.777571,0.549601,-0.043683,0.780393,0.499552,-0.047422,0.823270,0.650102,-0.033869,0.758856,0.637205,-0.049332,0.754628,0.653033,-0.056212,0.769159,0.661828,-0.060416,0.823153,0.699812,-0.030090,0.751060,0.676673,-0.042973,0.754544,0.684866,-0.044384,0.771456,0.689346,-0.046783,0.814167,0.745431,-0.028365,0.748594,0.715696,-0.042687,0.752764,0.717622,-0.038457,0.767944,0.721153,-0.034875,0.800123,0.782896,-0.029035,0.752294,0.755436,-0.042212,0.754523,0.750203,-0.042888,0.766439,0.751215,-0.041714
1780385683.006,right,thumbs_up,0.766872,0.780362,-0.000000,0.757287,0.699375,-0.023848,0.758628,0.621184,-0.036979,0.759867,0.563423,-0.045729,0.763849,0.510955,-0.051155,0.807147,0.658058,-0.033462,0.749173,0.651078,-0.049547,0.746224,0.667688,-0.056782,0.760643,0.673540,-0.061289,0.808975,0.707346,-0.030567,0.742968,0.693688,-0.044951,0.746594,0.702000,-0.047071,0.762853,0.706310,-0.049898,0.802203,0.753448,-0.029780,0.741307,0.733388,-0.045781,0.744658,0.738454,-0.041720,0.758511,0.744762,-0.037932,0.789779,0.792651,-0.031347,0.746387,0.773361,-0.044831,0.747841,0.770197,-0.045075,0.758477,0.773264,-0.043659
1780385683.524,right,thumbs_up,0.736757,0.735592,-0.000000,0.721551,0.640683,-0.015496,0.710585,0.555018,-0.025838,0.701951,0.488148,-0.033474,0.701602,0.429845,-0.039898,0.747242,0.571265,-0.028766,0.688975,0.574981,-0.042070,0.682569,0.591545,-0.045674,0.690762,0.594685,-0.047314,0.749025,0.625196,-0.028754,0.680877,0.621892,-0.041623,0.685148,0.630425,-0.041254,0.699398,0.631648,-0.042533,0.745287,0.673591,-0.029813,0.680498,0.661695,-0.044037,0.687588,0.666105,-0.039463,0.704023,0.667437,-0.035969,0.737734,0.715306,-0.031847,0.687898,0.697634,-0.043447,0.692882,0.696661,-0.042360,0.708492,0.697559,-0.040390
1780385684.052,right,thumbs_up,0.653407,0.686353,-0.000000,0.638581,0.599287,-0.005736,0.606657,0.509730,-0.016446,0.585548,0.439375,-0.025898,0.581246,0.375842,-0.035752,0.606253,0.521483,-0.034921,0.542577,0.531083,-0.049508,0.555150,0.546112,-0.053602,0.573713,0.543775,-0.054925,0.603139,0.582807,-0.039177,0.537468,0.581098,-0.050937,0.552594,0.588647,-0.047134,0.573494,0.592230,-0.046267,0.598698,0.640695,-0.042745,0.540622,0.624156,-0.053821,0.554415,0.631483,-0.043513,0.573927,0.636348,-0.036975,0.593043,0.689657,-0.046164,0.548816,0.662333,-0.054464,0.561644,0.666251,-0.047288,0.579292,0.674083,-0.041532
1780385684.582,right,thumbs_up,0.445480,0.655367,0.000000,0.438184,0.554134,-0.006031,0.408141,0.475139,-0.012737,0.377760,0.410572,-0.018849,0.362052,0.351844,-0.024326,0.344357,0.508515,-0.008987,0.307359,0.516549,-0.011525,0.324069,0.525222,-0.013504,0.343124,0.528608,-0.014376,0.335701,0.569875,-0.008251,0.304660,0.565160,-0.005318,0.321841,0.569932,-0.003146,0.340004,0.573754,-0.003171,0.334073,0.630289,-0.007423,0.309175,0.615474,-0.002912,0.323681,0.617940,0.002963,0.340741,0.622244,0.004666,0.336217,0.683292,-0.007211,0.319672,0.666532,-0.002284,0.333666,0.665978,0.005109,0.347021,0.667297,0.010452
1780385685.091,right,thumbs_up,0.315593,0.677209,0.000000,0.307995,0.573644,-0.007352,0.280929,0.497568,-0.016165,0.249946,0.438013,-0.024063,0.237033,0.377751,-0.031279,0.198466,0.540655,-0.005124,0.178783,0.536325,-0.004128,0.201235,0.542670,-0.007444,0.219668,0.548338,-0.010641,0.188483,0.605038,-0.002799,0.176299,0.588540,0.006063,0.196218,0.589614,0.007621,0.212689,0.596303,0.005495,0.190796,0.664547,-0.000229,0.177987,0.641245,0.008495,0.194544,0.641227,0.011949,0.211777,0.647615,0.010841,0.197934,0.712812,0.001673,0.187108,0.693186,0.009476,0.202102,0.690806,0.016347,0.216370,0.695343,0.020751
1780385685.610,right,thumbs_up,0.232953,0.750645,-0.000000,0.228536,0.639400,-0.012936,0.201884,0.561308,-0.020123,0.175762,0.502786,-0.025535,0.167069,0.447336,-0.029920,0.113488,0.619824,-0.005680,0.125545,0.592423,-0.007570,0.147713,0.602871,-0.015920,0.158050,0.621984,-0.023783,0.104268,0.682214,-0.002435,0.108190,0.653680,0.000731,0.128395,0.654280,-0.003583,0.140535,0.670153,-0.010041,0.108573,0.735749,0.000377,0.105632,0.709365,0.001357,0.123605,0.705087,0.001530,0.136987,0.716179,-0.000597,0.118356,0.780168,0.002094,0.112616,0.761039,0.002435,0.126468,0.754574,0.007004,0.136709,0.760595,0.010318
1780385686.149,right,thumbs_up,0.213285,0.805493,-0.000000,0.213194,0.687916,-0.014689,0.186900,0.600144,-0.021334,0.160145,0.533501,-0.025720,0.150499,0.476708,-0.028899,0.099076,0.656698,-0.005789,0.111303,0.618392,-0.006289,0.133065,0.628888,-0.013152,0.143737,0.650952,-0.020194,0.088356,0.722720,-0.001329,0.088362,0.681607,0.001647,0.108902,0.681275,-0.002310,0.123191,0.701328,-0.008072,0.091833,0.777215,0.002590,0.082896,0.739170,0.003712,0.101209,0.733283,0.004050,0.115466,0.746653,0.002266,0.101475,0.820679,0.005372,0.091897,0.789071,0.006082,0.105801,0.781529,0.010864,0.116555,0.790032,0.014262
1780385686.686,right,thumbs_up,0.225850,0.799268,-0.000000,0.225150,0.678459,-0.016774,0.199598,0.587340,-0.025225,0.171876,0.519037,-0.030591,0.161528,0.458224,-0.034643,0.101148,0.647821,-0.011905,0.116270,0.610975,-0.012174,0.139483,0.619552,-0.018225,0.151008,0.638074,-0.025018,0.088387,0.716746,-0.006248,0.095531,0.679651,-0.002536,0.116595,0.678834,-0.006316,0.129356,0.695217,-0.013018,0.091939,0.774358,-0.000774,0.089577,0.740758,0.000196,0.106845,0.733486,-0.000673,0.120438,0.742986,-0.004075,0.101997,0.821276,0.003584,0.096828,0.797788,0.003077,0.109564,0.787897,0.006266,0.119159,0.791444,0.008357
1780385687.234,right,thumbs_up,0.226527,0.611233,-0.000000,0.224444,0.497290,-0.010402,0.194972,0.410758,-0.015939,0.164313,0.343536,-0.020166,0.154713,0.283912,-0.023532,0.104321,0.460854,-0.004565,0.103090,0.440571,-0.006562,0.124228,0.449586,-0.013054,0.139336,0.464360,-0.018881,0.091050,0.527773,-0.002386,0.082871,0.501125,0.000386,0.104080,0.502284,-0.002091,0.122021,0.515767,-0.006277,0.092788,0.586372,-0.000574,0.080062,0.565682,0.000209,0.097567,0.561140,0.000452,0.114953,0.568539,-0.001217,0.101371,0.636792,0.000391,0.090070,0.627278,0.000548,0.103725,0.619977,0.004645,0.116571,0.620655,0.007964
1780385687.750,right,thumbs_up,0.301095,0.525732,-0.000000,0.297525,0.420506,-0.006377,0.269330,0.339773,-0.013614,0.235033,0.276184,-0.020403,0.223568,0.211120,-0.026929,0.181246,0.369216,-0.002892,0.167388,0.369606,-0.003233,0.190821,0.385447,-0.007618,0.208668,0.396932,-0.011778,0.168952,0.433807,-0.002248,0.164398,0.424911,0.004335,0.186154,0.433670,0.003129,0.202798,0.444211,-0.000717,0.170005,0.497267,-0.001334,0.165905,0.480075,0.004432,0.184708,0.486164,0.005992,0.201930,0.494909,0.004004,0.175858,0.552480,-0.000988,0.172386,0.540259,0.004234,0.189274,0.542669,0.009907,0.202843,0.548063,0.013883
1780385688.256,right,thumbs_up,0.434421,0.437039,-0.000000,0.415127,0.347317,-0.001318,0.382186,0.268455,-0.008982,0.353338,0.203426,-0.016577,0.342697,0.139451,-0.024311,0.336058,0.285217,-0.019026,0.286255,0.318513,-0.023870,0.301186,0.337545,-0.024254,0.320675,0.333771,-0.024097,0.331130,0.347865,-0.022521,0.285255,0.369201,-0.024029,0.301410,0.383754,-0.020239,0.321438,0.381191,-0.019165,0.330069,0.411858,-0.024625,0.290811,0.416797,-0.024277,0.306713,0.426854,-0.014657,0.326039,0.426389,-0.010251,0.331934,0.471680,-0.026654,0.301929,0.463107,-0.025008,0.318323,0.467821,-0.014965,0.334535,0.468372,-0.007743
1780385688.760,right,thumbs_up,0.570282,0.433679,-0.000000,0.550417,0.352459,-0.002175,0.512017,0.259335,-0.012769,0.487753,0.188361,-0.023059,0.478350,0.121595,-0.033712,0.509996,0.256677,-0.037926,0.440722,0.282678,-0.055634,0.455597,0.302427,-0.060739,0.476137,0.299381,-0.062182,0.508971,0.316783,-0.045230,0.436291,0.340662,-0.059126,0.454105,0.353952,-0.054290,0.476523,0.351731,-0.051983,0.507732,0.379914,-0.051630,0.441912,0.390349,-0.064311,0.459946,0.400692,-0.052041,0.482369,0.398582,-0.044057,0.504964,0.440065,-0.057525,0.454688,0.433753,-0.067002,0.470890,0.438625,-0.058346,0.490774,0.439909,-0.051325
1780385689.303,right,thumbs_up,0.678882,0.496756,-0.000000,0.654272,0.392271,-0.009379,0.628027,0.286258,-0.021260,0.609244,0.206546,-0.031873,0.603481,0.135878,-0.041975,0.659703,0.276225,-0.035997,0.586525,0.296784,-0.056048,0.597413,0.324279,-0.062292,0.617566,0.320684,-0.064683,0.665378,0.338755,-0.041306,0.583222,0.351745,-0.059747,0.599892,0.363218,-0.057711,0.622622,0.361240,-0.057579,0.664890,0.399356,-0.047099,0.586664,0.401564,-0.065102,0.602305,0.411674,-0.056045,0.624713,0.409389,-0.049554,0.660043,0.455374,-0.053140,0.596599,0.447342,-0.065987,0.608614,0.453999,-0.060892,0.629876,0.454294,-0.056187
1780385689.814,right,thumbs_up,0.752185,0.557163,-0.000000,0.728185,0.441242,-0.024123,0.721329,0.326939,-0.036440,0.720897,0.244595,-0.044104,0.722124,0.174900,-0.047844,0.792856,0.326395,-0.034274,0.713801,0.342451,-0.053135,0.706413,0.378647,-0.060227,0.722567,0.385318,-0.064197,0.800118,0.388687,-0.033003,0.709651,0.398985,-0.051570,0.710775,0.421906,-0.053548,0.730184,0.426878,-0.055799,0.795433,0.450028,-0.034283,0.710234,0.450507,-0.054442,0.713215,0.465809,-0.051414,0.732259,0.471121,-0.047917,0.782601,0.506956,-0.037590,0.719601,0.499301,-0.054566,0.720427,0.503297,-0.056681,0.737275,0.506530,-0.055751
1780385690.317,right,thumbs_up,0.780871,0.533588,-0.000000,0.763923,0.443517,-0.028442,0.764410,0.346740,-0.043046,0.764021,0.272305,-0.052313,0.765101,0.208614,-0.057677,0.845206,0.361972,-0.036448,0.785893,0.376129,-0.051532,0.767377,0.396245,-0.058386,0.772157,0.402114,-0.063644,0.857485,0.426008,-0.032640,0.780339,0.436658,-0.045170,0.766117,0.438692,-0.047628,0.772852,0.434714,-0.051213,0.854111,0.489124,-0.030966,0.778771,0.486676,-0.045626,0.768459,0.481624,-0.042187,0.777659,0.475025,-0.040145,0.841669,0.539535,-0.032138,0.785644,0.533176,-0.047349,0.778292,0.529146,-0.048187,0.785827,0.526624,-0.046918
1780385690.849,right,thumbs_up,0.795206,0.550648,-0.000001,0.785306,0.476028,-0.028073,0.791422,0.390295,-0.044589,0.798588,0.325176,-0.057001,0.802139,0.268766,-0.065584,0.883332,0.409494,-0.031554,0.842518,0.428293,-0.049981,0.818954,0.442094,-0.060461,0.818869,0.443767,-0.068135,0.900114,0.465375,-0.028931,0.843415,0.482382,-0.045375,0.819302,0.484855,-0.050237,0.819607,0.483252,-0.054291,0.900928,0.522882,-0.029088,0.844422,0.529727,-0.046046,0.824502,0.525084,-0.044277,0.827475,0.519995,-0.042845,0.893386,0.574412,-0.032448,0.850712,0.576075,-0.046234,0.832017,0.565926,-0.046739,0.830123,0.554291,-0.045590
1780385691.364,right,thumbs_up,0.779156,0.629555,-0.000001,0.769246,0.558482,-0.024248,0.780316,0.474338,-0.037350,0.791431,0.410947,-0.047788,0.792987,0.356338,-0.054602,0.869583,0.472847,-0.018039,0.848604,0.506974,-0.037906,0.823792,0.524852,-0.050821,0.821440,0.521385,-0.059726,0.890661,0.518385,-0.016749,0.858220,0.557008,-0.035212,0.827642,0.566956,-0.040484,0.825867,0.559871,-0.042986,0.896861,0.571097,-0.019146,0.862647,0.602185,-0.037769,0.834932,0.603304,-0.034758,0.834522,0.591798,-0.030913,0.894828,0.623793,-0.024512,0.869953,0.644355,-0.036526,0.845076,0.637518,-0.034888,0.840103,0.621291,-0.031817
1780385691.904,right,thumbs_up,0.769083,0.681798,-0.000000,0.756075,0.615071,-0.025718,0.765964,0.533641,-0.039226,0.779617,0.473730,-0.049996,0.781750,0.419333,-0.056676,0.844270,0.529732,-0.020058,0.844463,0.553859,-0.039735,0.820432,0.580215,-0.049329,0.813644,0.581306,-0.055194,0.865382,0.572073,-0.017223,0.847851,0.610975,-0.038517,0.816178,0.625401,-0.044085,0.812602,0.612789,-0.045441,0.873680,0.620821,-0.018029,0.852174,0.657917,-0.039583,0.822365,0.661944,-0.037593,0.820119,0.643639,-0.033369,0.875845,0.671156,-0.021380,0.859958,0.697900,-0.035701,0.833862,0.693526,-0.035178,0.828506,0.671898,-0.032334
1780385692.407,right,thumbs_up,0.771081,0.749798,-0.000000,0.759980,0.682500,-0.026010,0.769860,0.604662,-0.039988,0.783686,0.549690,-0.050392,0.789023,0.496320,-0.056918,0.850526,0.619868,-0.026096,0.830920,0.648763,-0.045209,0.807671,0.662337,-0.055190,0.805746,0.660171,-0.061987,0.870834,0.666855,-0.022911,0.833099,0.702653,-0.041070,0.806728,0.705277,-0.045507,0.808068,0.697882,-0.047917,0.876414,0.716312,-0.022815,0.836203,0.745900,-0.041094,0.813278,0.740771,-0.038861,0.816415,0.728864,-0.036164,0.873945,0.763943,-0.025588,0.842252,0.785418,-0.039363,0.821025,0.775946,-0.040140,0.819792,0.757714,-0.038854
1780385692.908,right,thumbs_up,0.772287,0.752614,-0.000000,0.762781,0.683455,-0.026311,0.774441,0.607498,-0.039567,0.787895,0.554403,-0.048453,0.795849,0.501841,-0.053371,0.849499,0.637785,-0.028950,0.814396,0.664696,-0.043044,0.792556,0.674783,-0.048681,0.791938,0.671208,-0.053171,0.865220,0.689759,-0.025226,0.816668,0.716674,-0.038676,0.795442,0.714717,-0.041101,0.796478,0.706159,-0.043524,0.867170,0.741592,-0.023816,0.820262,0.756697,-0.038864,0.802563,0.749726,-0.036121,0.805292,0.739902,-0.034092,0.861777,0.788207,-0.025207,0.828618,0.798101,-0.038315,0.811317,0.786577,-0.038550,0.809386,0.770873,-0.037260
1780385693.425,right,thumbs_up,0.764353,0.763645,-0.000000,0.754885,0.697151,-0.027575,0.764713,0.620901,-0.041945,0.776189,0.563565,-0.051499,0.787302,0.510078,-0.057522,0.830589,0.662692,-0.036199,0.787455,0.685649,-0.051240,0.773504,0.691184,-0.058284,0.776536,0.687795,-0.063741,0.844356,0.717847,-0.031589,0.784735,0.743143,-0.043224,0.776731,0.734742,-0.045250,0.782574,0.724927,-0.048679,0.844606,0.772090,-0.028856,0.789514,0.784808,-0.043006,0.781684,0.775393,-0.038348,0.788222,0.767424,-0.035285,0.837397,0.817830,-0.029198,0.799112,0.826043,-0.043793,0.790370,0.815409,-0.043615,0.793782,0.803590,-0.041655
1780385693.964,right,thumbs_up,0.715345,0.769596,-0.000000,0.708318,0.706726,-0.027974,0.713242,0.634490,-0.043969,0.718282,0.576362,-0.054612,0.729271,0.520913,-0.062008,0.763878,0.682061,-0.043083,0.700914,0.704995,-0.058192,0.700344,0.696919,-0.065924,0.715789,0.688970,-0.072511,0.773653,0.746780,-0.038547,0.693130,0.765764,-0.049649,0.703807,0.745318,-0.049969,0.722057,0.731159,-0.052543,0.770462,0.806062,-0.035269,0.697215,0.809359,-0.048631,0.704566,0.792073,-0.038153,0.723164,0.782877,-0.030549,0.760671,0.853757,-0.035540,0.707852,0.850283,-0.051844,0.713189,0.835842,-0.049721,0.729422,0.827369,-0.045268
1780385694.511,right,thumbs_up,0.630209,0.819088,-0.000000,0.627189,0.743808,-0.030983,0.622503,0.663835,-0.048353,0.619946,0.598979,-0.059970,0.627071,0.536251,-0.068520,0.646433,0.716797,-0.050237,0.572193,0.721282,-0.070435,0.573124,0.726202,-0.078125,0.591828,0.721807,-0.082804,0.649612,0.779885,-0.046192,0.563674,0.776429,-0.064294,0.574319,0.773961,-0.065391,0.597720,0.772108,-0.068383,0.646529,0.838114,-0.044262,0.570291,0.827478,-0.064155,0.578668,0.817283,-0.056349,0.597826,0.813145,-0.050135,0.638754,0.891168,-0.045532,0.589588,0.878019,-0.063161,0.590090,0.856797,-0.061561,0.599074,0.847523,-0.058711
1780385695.026,right,thumbs_up,0.534859,0.794930,0.000000,0.518235,0.707301,-0.008056,0.489070,0.629020,-0.022350,0.470423,0.559327,-0.034668,0.472579,0.495478,-0.046688,0.462857,0.667949,-0.042336,0.398219,0.676022,-0.054500,0.414220,0.681792,-0.056772,0.436287,0.680991,-0.056211,0.458911,0.733502,-0.043251,0.396121,0.724690,-0.049384,0.412966,0.725992,-0.043612,0.434152,0.728409,-0.040721,0.454941,0.793048,-0.042576,0.401474,0.770396,-0.044281,0.417109,0.770334,-0.032143,0.436145,0.774479,-0.025558,0.451413,0.844429,-0.042331,0.412242,0.814504,-0.041440,0.426282,0.810971,-0.030509,0.441396,0.816909,-0.023143
1780385695.558,right,thumbs_up,0.419346,0.727759,0.000000,0.405467,0.633153,-0.005813,0.378416,0.558538,-0.016193,0.353929,0.488430,-0.025281,0.351900,0.428249,-0.033935,0.326891,0.599681,-0.024400,0.277596,0.606901,-0.026591,0.295063,0.613904,-0.024758,0.314564,0.614363,-0.022735,0.319296,0.661868,-0.023300,0.279283,0.654045,-0.019241,0.296170,0.656153,-0.012516,0.313440,0.657714,-0.010026,0.316578,0.720830,-0.020713,0.285353,0.701176,-0.013302,0.299661,0.702222,-0.005038,0.316513,0.706471,-0.002833,0.316533,0.770305,-0.018569,0.295506,0.745779,-0.010845,0.309508,0.745159,-0.001913,0.323282,0.748175,0.003475
1780385696.077,right,thumbs_up,0.314897,0.740140,-0.000000,0.304341,0.635699,-0.003540,0.275581,0.561549,-0.009587,0.246746,0.504292,-0.015878,0.237607,0.446217,-0.022229,0.190943,0.616031,0.000380,0.185362,0.617833,0.002741,0.207624,0.626142,-0.001104,0.223412,0.631088,-0.005461,0.183741,0.680332,0.000037,0.183070,0.673232,0.008655,0.204044,0.675373,0.008036,0.219782,0.680397,0.004031,0.189075,0.738644,0.000284,0.184280,0.725381,0.008198,0.202714,0.724903,0.010413,0.219098,0.727921,0.008445,0.199399,0.786412,0.000011,0.195445,0.773506,0.007434,0.212556,0.770117,0.014193,0.225869,0.770800,0.018224
1780385696.584,right,thumbs_up,0.254408,0.724225,-0.000000,0.255917,0.610519,-0.002113,0.230656,0.526025,-0.000840,0.202873,0.467425,0.000287,0.195098,0.411604,0.001922,0.146534,0.573204,0.020907,0.150952,0.564760,0.033298,0.171867,0.574768,0.033093,0.183138,0.585848,0.029910,0.137383,0.633639,0.022442,0.134195,0.625300,0.039363,0.152795,0.627299,0.038501,0.166673,0.634586,0.033345,0.141174,0.689038,0.023967,0.132094,0.678388,0.036320,0.150062,0.674764,0.037523,0.165998,0.677370,0.034491,0.151798,0.733530,0.025060,0.142031,0.725142,0.035480,0.156172,0.720505,0.042748,0.168150,0.720301,0.046379
1780385697.089,right,thumbs_up,0.229463,0.722366,-0.000000,0.237314,0.608941,-0.005978,0.214740,0.520606,-0.006073,0.189073,0.464079,-0.005857,0.181704,0.409121,-0.004967,0.132041,0.560160,0.017000,0.136137,0.553661,0.024581,0.155676,0.564376,0.021249,0.167613,0.575128,0.016385,0.120547,0.618211,0.018973,0.115870,0.612782,0.030863,0.134045,0.616439,0.027957,0.147991,0.624141,0.022317,0.122150,0.672543,0.020224,0.112118,0.664427,0.027653,0.129662,0.663062,0.027225,0.145116,0.664860,0.024127,0.131320,0.716166,0.020750,0.122379,0.711116,0.026504,0.136498,0.707522,0.031447,0.148638,0.706223,0.034195
1780385697.592,right,thumbs_up,0.233171,0.771280,-0.000000,0.231742,0.657855,-0.010531,0.205624,0.571577,-0.014147,0.180134,0.512022,-0.015957,0.170838,0.457577,-0.016762,0.117811,0.621394,0.001050,0.131143,0.604075,0.004852,0.152934,0.615252,0.000822,0.163050,0.632082,-0.004186,0.108856,0.685941,0.004299,0.112913,0.667935,0.012745,0.132735,0.670147,0.010215,0.146087,0.683511,0.004785,0.114360,0.741468,0.007297,0.112987,0.722307,0.012706,0.130437,0.718753,0.012386,0.143956,0.726016,0.009347,0.125872,0.785543,0.009284,0.125151,0.768671,0.013348,0.138890,0.763492,0.017579,0.147946,0.765768,0.019971
1780385698.095,right,thumbs_up,0.235924,0.777624,-0.000000,0.233452,0.661006,-0.009694,0.206234,0.573623,-0.012845,0.179242,0.513914,-0.014384,0.170428,0.458123,-0.014941,0.119209,0.626161,0.003621,0.131832,0.607044,0.008430,0.155181,0.619217,0.004397,0.166035,0.635993,-0.000910,0.110680,0.691131,0.006905,0.114575,0.669609,0.016499,0.135336,0.672348,0.013827,0.148814,0.687342,0.008024,0.116568,0.746666,0.009982,0.113688,0.724376,0.016349,0.131767,0.721255,0.015977,0.145674,0.730077,0.012707,0.128399,0.789638,0.012161,0.125234,0.770522,0.017269,0.139693,0.765869,0.022096,0.149684,0.769739,0.024711
1780385698.596,right,thumbs_up,0.226602,0.666367,-0.000000,0.226651,0.556060,-0.004582,0.200786,0.473998,-0.005237,0.173522,0.418224,-0.005215,0.164559,0.364839,-0.004511,0.112204,0.524623,0.010125,0.121938,0.512671,0.019078,0.144429,0.522471,0.017783,0.155975,0.535538,0.014043,0.102064,0.587304,0.011911,0.104616,0.574361,0.026441,0.124167,0.575373,0.025568,0.138230,0.585455,0.020258,0.107775,0.642551,0.013992,0.101226,0.630281,0.023153,0.119286,0.623973,0.023142,0.135182,0.627360,0.019561,0.120712,0.686856,0.015704,0.114686,0.680381,0.022080,0.128993,0.671161,0.027281,0.141070,0.669865,0.029987
1780385699.105,right,thumbs_up,0.141090,0.519434,0.000000,0.136621,0.408071,-0.009180,0.104098,0.324115,-0.013672,0.069346,0.260773,-0.017826,0.055344,0.198205,-0.022593,0.038547,0.377377,0.000370,-0.009416,0.361940,0.000963,-0.034227,0.356630,-0.001580,-0.048704,0.353789,-0.004468,0.029683,0.441024,0.001827,-0.015080,0.427009,0.006424,-0.028721,0.422584,0.004713,-0.035431,0.420228,0.001395,0.030355,0.498868,0.002544,-0.009682,0.484368,0.004836,-0.012782,0.480137,0.006319,-0.009224,0.477541,0.005380,0.037213,0.545623,0.002240,0.008447,0.541013,0.004077,0.012108,0.538958,0.008966,0.021289,0.537573,0.012383
1780385699.648,right,thumbs_up,0.150038,0.414229,-0.000000,0.144047,0.310285,-0.009790,0.105932,0.226415,-0.019147,0.068587,0.157757,-0.028554,0.053084,0.088094,-0.038365,0.022684,0.259463,-0.013019,-0.011604,0.294165,-0.025842,0.012314,0.310456,-0.038029,0.035016,0.307100,-0.045701,0.014960,0.327092,-0.014043,-0.010497,0.352146,-0.021479,0.014140,0.363023,-0.027076,0.036635,0.361255,-0.031295,0.017908,0.394510,-0.015615,-0.007695,0.409395,-0.023517,0.015062,0.415205,-0.020700,0.037660,0.412161,-0.018258,0.024522,0.457501,-0.017874,0.001184,0.468552,-0.022613,0.021925,0.468674,-0.015867,0.041113,0.463427,-0.008865
1780385700.164,right,thumbs_up,0.211904,0.374471,-0.000000,0.198391,0.265787,0.000214,0.163595,0.183334,-0.004398,0.129101,0.118195,-0.010088,0.121013,0.049722,-0.016464,0.079415,0.202904,-0.001750,0.048943,0.239333,-0.001526,0.069853,0.262481,-0.005680,0.090606,0.262917,-0.009966,0.069673,0.269216,-0.005284,0.049582,0.291401,0.001952,0.070151,0.306449,0.002454,0.091455,0.305745,-0.000260,0.071987,0.337376,-0.007738,0.057702,0.343955,-0.001093,0.077259,0.355703,0.002913,0.098708,0.355485,0.002316,0.080206,0.400708,-0.010586,0.072359,0.406181,-0.006462,0.091723,0.409436,-0.000161,0.108588,0.403143,0.004731
1780385700.674,right,thumbs_up,0.165119,0.411925,-0.000000,0.155954,0.303926,-0.004084,0.119999,0.224866,-0.012401,0.086143,0.160544,-0.021061,0.075272,0.091041,-0.030376,0.029034,0.257394,-0.008130,0.013301,0.290709,-0.011781,0.038781,0.308527,-0.018703,0.060738,0.311988,-0.024033,0.021394,0.326742,-0.009731,0.013810,0.347627,-0.004669,0.038099,0.354735,-0.005616,0.060287,0.355145,-0.009186,0.027452,0.396709,-0.010607,0.018571,0.401106,-0.006244,0.040803,0.402648,-0.003287,0.063153,0.401599,-0.003948,0.038629,0.460214,-0.011991,0.033828,0.457410,-0.008610,0.055085,0.452049,-0.002138,0.072453,0.447714,0.003034
1780385701.200,right,thumbs_up,0.145863,0.445600,0.000000,0.135555,0.347521,-0.013657,0.098789,0.264902,-0.024588,0.065074,0.202118,-0.034822,0.053036,0.132443,-0.046472,0.031537,0.306974,-0.014798,-0.009932,0.317156,-0.025270,-0.016979,0.326391,-0.034931,-0.018746,0.327481,-0.042189,0.027107,0.370487,-0.015468,-0.014129,0.375227,-0.023112,-0.012512,0.380631,-0.030001,-0.007328,0.382284,-0.035430,0.031788,0.433477,-0.017050,-0.008584,0.433411,-0.026085,-0.000926,0.436059,-0.027031,0.008562,0.434324,-0.027656,0.042507,0.492869,-0.019445,0.013083,0.499128,-0.027011,0.023253,0.497575,-0.024613,0.034460,0.493669,-0.021543
1780385701.707,right,thumbs_up,0.158660,0.532654,-0.000000,0.146934,0.419966,-0.014322,0.109872,0.341612,-0.026066,0.072996,0.281294,-0.036684,0.057038,0.213854,-0.047024,0.028995,0.406761,-0.019282,-0.013687,0.432523,-0.031715,0.010576,0.439506,-0.042800,0.036090,0.438205,-0.049313,0.025588,0.482514,-0.017294,-0.006931,0.489935,-0.023077,0.016468,0.486995,-0.027213,0.039854,0.486111,-0.030699,0.033358,0.549325,-0.015957,0.005423,0.545377,-0.020815,0.026437,0.539623,-0.017754,0.047910,0.537401,-0.016124,0.045744,0.604368,-0.015746,0.025620,0.592318,-0.018239,0.045664,0.587062,-0.011824,0.063015,0.585551,-0.006034
1780385702.215,right,thumbs_up,0.172104,0.615443,-0.000000,0.150474,0.502926,-0.009912,0.109204,0.426870,-0.021254,0.070852,0.367221,-0.032230,0.054209,0.300293,-0.043158,0.020032,0.501895,-0.016470,-0.011483,0.534947,-0.024127,0.016632,0.544190,-0.031861,0.042951,0.542557,-0.036847,0.018868,0.578137,-0.016525,0.003796,0.592153,-0.017439,0.030368,0.591221,-0.020060,0.053643,0.588588,-0.023428,0.031240,0.647852,-0.016318,0.019940,0.648896,-0.015932,0.041295,0.644547,-0.013167,0.062266,0.640013,-0.013037,0.047273,0.706763,-0.017049,0.042057,0.700722,-0.015604,0.061386,0.692978,-0.009239,0.076251,0.687087,-0.003721
1780385702.718,right,thumbs_up,0.187825,0.690087,-0.000000,0.157348,0.575273,-0.010323,0.114238,0.498806,-0.023655,0.073999,0.440288,-0.036706,0.055005,0.373622,-0.049625,0.022301,0.587379,-0.019629,0.004209,0.610407,-0.028430,0.033597,0.617940,-0.037668,0.057933,0.620524,-0.044546,0.020466,0.667396,-0.020231,0.024051,0.666950,-0.022180,0.052584,0.663084,-0.026407,0.074036,0.664477,-0.031742,0.033307,0.738192,-0.020210,0.038582,0.721456,-0.019270,0.060361,0.714578,-0.017214,0.079972,0.714738,-0.018571,0.050174,0.797085,-0.021481,0.057363,0.774351,-0.020294,0.077643,0.762333,-0.015025,0.092212,0.759948,-0.010384
1780385703.258,right,thumbs_up,0.228580,0.763827,-0.000000,0.187961,0.649172,-0.010894,0.137926,0.575821,-0.024334,0.090087,0.520158,-0.036369,0.070604,0.450780,-0.046679,0.061016,0.689666,-0.019451,0.022712,0.699567,-0.023916,0.051810,0.688986,-0.027517,0.080782,0.682634,-0.029638,0.061888,0.772327,-0.017773,0.039528,0.756210,-0.012859,0.064615,0.740167,-0.011305,0.086314,0.738605,-0.013217,0.074904,0.841000,-0.015421,0.055975,0.807522,-0.007298,0.075913,0.793444,-0.001442,0.097167,0.792665,-0.001506,0.091221,0.894108,-0.014329,0.076381,0.860101,-0.005777,0.092849,0.843814,0.003381,0.109391,0.841414,0.009354
1780385703.814,right,thumbs_up,0.453706,0.789612,-0.000000,0.419044,0.677774,-0.010796,0.366855,0.587243,-0.032366,0.334437,0.499050,-0.050678,0.330476,0.414323,-0.068527,0.350664,0.662368,-0.074658,0.256492,0.695222,-0.094548,0.277278,0.682349,-0.095783,0.307951,0.672972,-0.092760,0.355847,0.750782,-0.076482,0.260653,0.759833,-0.087739,0.279950,0.741673,-0.077901,0.309935,0.735258,-0.072714,0.358674,0.828306,-0.075048,0.275782,0.816629,-0.077845,0.296233,0.799181,-0.058422,0.324369,0.796408,-0.047953,0.360865,0.890689,-0.074124,0.296957,0.863310,-0.072052,0.314218,0.843636,-0.054977,0.337392,0.842457,-0.044210
1780385704.316,right,thumbs_up,0.595996,0.767588,-0.000000,0.568110,0.648418,-0.013541,0.533040,0.513439,-0.036640,0.524275,0.409621,-0.055311,0.537421,0.320201,-0.074683,0.571189,0.575327,-0.090480,0.460609,0.592396,-0.116080,0.473994,0.600122,-0.118716,0.501082,0.594935,-0.117718,0.577228,0.671369,-0.096919,0.454222,0.671470,-0.120865,0.477016,0.664629,-0.111450,0.511411,0.664785,-0.107493,0.574163,0.755510,-0.100256,0.460317,0.730537,-0.122197,0.481970,0.721202,-0.103033,0.514685,0.724859,-0.090074,0.563155,0.824939,-0.103320,0.477532,0.786495,-0.121577,0.492102,0.768658,-0.110858,0.518038,0.767903,-0.102472
1780385704.854,right,thumbs_up,0.644539,0.685783,-0.000000,0.625611,0.578404,-0.036698,0.623699,0.468220,-0.053659,0.625013,0.386313,-0.063084,0.635149,0.311021,-0.067508,0.690958,0.520663,-0.052752,0.601616,0.537173,-0.074780,0.597931,0.552851,-0.084002,0.620077,0.552380,-0.089733,0.701105,0.599210,-0.047167,0.595988,0.612661,-0.065171,0.605510,0.610441,-0.066558,0.632680,0.604989,-0.069876,0.697475,0.673242,-0.044554,0.599978,0.673583,-0.066418,0.607788,0.666332,-0.059362,0.632460,0.660474,-0.053090,0.684955,0.736950,-0.045829,0.614561,0.730686,-0.067642,0.616223,0.717418,-0.068772,0.631599,0.712241,-0.066524
1780385705.395,right,thumbs_up,0.662708,0.747000,-0.000001,0.648832,0.642002,-0.037315,0.658812,0.534840,-0.057348,0.667788,0.452854,-0.071035,0.680323,0.376084,-0.080430,0.745084,0.586327,-0.049745,0.679024,0.596799,-0.071900,0.662295,0.603945,-0.083381,0.671796,0.603325,-0.091882,0.758714,0.666893,-0.044962,0.668010,0.672961,-0.063408,0.659007,0.666013,-0.067252,0.673687,0.659530,-0.071731,0.754825,0.745007,-0.042894,0.669134,0.734702,-0.063747,0.662919,0.728747,-0.056409,0.681012,0.724637,-0.050867,0.742072,0.808321,-0.044912,0.677101,0.793937,-0.064903,0.670524,0.787298,-0.063382,0.684582,0.783897,-0.059493
1780385705.918,right,thumbs_up,0.680994,0.732217,-0.000001,0.668180,0.633877,-0.035303,0.680073,0.529223,-0.053863,0.693448,0.448420,-0.065963,0.708039,0.378595,-0.073359,0.767843,0.569282,-0.044730,0.707941,0.582314,-0.062796,0.690870,0.593922,-0.070745,0.698178,0.594663,-0.077037,0.782393,0.643737,-0.039248,0.703167,0.650553,-0.054698,0.691167,0.645475,-0.057745,0.700186,0.636114,-0.062195,0.779834,0.714840,-0.036308,0.705384,0.708147,-0.055189,0.693397,0.704250,-0.050423,0.702529,0.699865,-0.047212,0.768221,0.774460,-0.037026,0.714083,0.765958,-0.054928,0.700650,0.757281,-0.054825,0.703324,0.746996,-0.052765
1780385706.421,right,thumbs_up,0.671654,0.656161,-0.000000,0.655277,0.556042,-0.021356,0.665801,0.461785,-0.031093,0.677500,0.399841,-0.037745,0.684617,0.342569,-0.041183,0.743289,0.479699,-0.018631,0.687586,0.490563,-0.035055,0.671447,0.513204,-0.047156,0.679916,0.523259,-0.055806,0.757275,0.535260,-0.017748,0.687283,0.542206,-0.030544,0.675202,0.554402,-0.035426,0.684857,0.560935,-0.039761,0.757296,0.593885,-0.019747,0.690828,0.591397,-0.034397,0.680116,0.597833,-0.032448,0.690754,0.599491,-0.030727,0.750226,0.647295,-0.024440,0.698353,0.641069,-0.036650,0.686740,0.639032,-0.036678,0.692586,0.637238,-0.035073
1780385706.935,right,thumbs_up,0.735251,0.521996,-0.000000,0.725042,0.448547,-0.017970,0.731212,0.371566,-0.027922,0.741198,0.312964,-0.036869,0.742140,0.262465,-0.042534,0.804577,0.361602,-0.007343,0.793271,0.363955,-0.024512,0.770935,0.390768,-0.035999,0.766890,0.399132,-0.043039,0.825620,0.396136,-0.006931,0.796994,0.407423,-0.022382,0.770413,0.429414,-0.026969,0.768302,0.432623,-0.028213,0.833797,0.439416,-0.010049,0.801901,0.448076,-0.024915,0.777778,0.463489,-0.020656,0.776680,0.465118,-0.015620,0.835642,0.484467,-0.015662,0.808329,0.487330,-0.023886,0.787164,0.493671,-0.020248,0.783820,0.492952,-0.015567
1780385707.448,right,thumbs_up,0.786714,0.461192,-0.000000,0.775399,0.400644,-0.014503,0.781983,0.330928,-0.022133,0.792852,0.280791,-0.029528,0.793896,0.239669,-0.034281,0.840279,0.327211,-0.005406,0.852459,0.317041,-0.021670,0.831392,0.339227,-0.031370,0.819659,0.355117,-0.036068,0.857896,0.359025,-0.005269,0.858672,0.356988,-0.023763,0.828350,0.379697,-0.028807,0.816208,0.390315,-0.027715,0.866341,0.395289,-0.008162,0.859833,0.396444,-0.024950,0.831511,0.410735,-0.021740,0.821201,0.415696,-0.015103,0.870318,0.433945,-0.012627,0.862027,0.432626,-0.021199,0.840056,0.436434,-0.017676,0.832015,0.434553,-0.012325
1780385707.962,right,thumbs_up,0.790256,0.445213,-0.000000,0.783525,0.390255,-0.013134,0.792298,0.327159,-0.020294,0.803035,0.278955,-0.027318,0.804457,0.240507,-0.031772,0.843034,0.329511,-0.003890,0.858247,0.320378,-0.018438,0.837169,0.339066,-0.026519,0.825133,0.352139,-0.030187,0.855761,0.359936,-0.003757,0.863605,0.352153,-0.019159,0.835293,0.372324,-0.022229,0.824751,0.382221,-0.020527,0.861831,0.393220,-0.006557,0.863693,0.387828,-0.020731,0.837778,0.400154,-0.016344,0.828231,0.405267,-0.009659,0.864443,0.428396,-0.010717,0.864603,0.420357,-0.017349,0.845227,0.423581,-0.012602,0.837694,0.424144,-0.006928
1780385708.506,right,thumbs_up,0.826091,0.345706,-0.000000,0.819474,0.291864,-0.014666,0.825029,0.228057,-0.023869,0.832758,0.176065,-0.032879,0.832086,0.134395,-0.039213,0.876015,0.222008,-0.007583,0.900310,0.207782,-0.024720,0.880597,0.231912,-0.034509,0.863957,0.248339,-0.038411,0.886957,0.253708,-0.007109,0.905499,0.243782,-0.025056,0.877469,0.268463,-0.029086,0.860854,0.277181,-0.027332,0.892536,0.287097,-0.009652,0.905393,0.279636,-0.026156,0.879237,0.296365,-0.021974,0.863533,0.302587,-0.014566,0.894418,0.321619,-0.013405,0.904393,0.311673,-0.022615,0.884135,0.318447,-0.017606,0.870629,0.319787,-0.010889
1780385709.044,right,thumbs_up,0.838458,0.308689,-0.000000,0.834227,0.250203,-0.011700,0.836125,0.192369,-0.018691,0.841166,0.141703,-0.026281,0.839010,0.104967,-0.031181,0.882563,0.186897,-0.000477,0.905289,0.170580,-0.016335,0.886505,0.193524,-0.026026,0.872545,0.208717,-0.030127,0.890684,0.213334,-0.000661,0.911082,0.200180,-0.018644,0.884845,0.223849,-0.024100,0.870591,0.233388,-0.023517,0.895121,0.241680,-0.003746,0.913472,0.230934,-0.019974,0.888590,0.247920,-0.016260,0.873561,0.256218,-0.009075,0.895836,0.270408,-0.007948,0.909846,0.259160,-0.016600,0.890314,0.267373,-0.011721,0.877438,0.272251,-0.005214
1780385709.562,right,thumbs_up,0.852214,0.322681,-0.000000,0.851137,0.271576,-0.011541,0.857484,0.215686,-0.018532,0.863635,0.169316,-0.025743,0.860524,0.135521,-0.031081,0.898294,0.216086,-0.003478,0.921060,0.206696,-0.016461,0.905590,0.224470,-0.024642,0.891913,0.237191,-0.028189,0.904369,0.243838,-0.003182,0.925093,0.237786,-0.016915,0.902548,0.255004,-0.020742,0.887025,0.262653,-0.019903,0.906779,0.271686,-0.005350,0.924039,0.266089,-0.018374,0.902524,0.277959,-0.015791,0.887370,0.284571,-0.010280,0.906356,0.299846,-0.008420,0.920830,0.291277,-0.015243,0.904419,0.297095,-0.010947,0.891947,0.300588,-0.005516
1780385710.101,right,thumbs_up,0.902615,0.317751,-0.000000,0.903308,0.269834,-0.009508,0.917078,0.221740,-0.014749,0.931074,0.191151,-0.018945,0.940615,0.160906,-0.021129,0.969139,0.235282,-0.005523,0.946043,0.218027,-0.015942,0.928433,0.231311,-0.023426,0.924106,0.242803,-0.027850,0.974382,0.261961,-0.006027,0.942971,0.242272,-0.014406,0.926350,0.254889,-0.016814,0.922067,0.266069,-0.017682,0.971584,0.290297,-0.008293,0.941198,0.268409,-0.016251,0.926135,0.277423,-0.013214,0.922643,0.287247,-0.010236,0.964762,0.318563,-0.012005,0.941983,0.297856,-0.018407,0.927961,0.299641,-0.016704,0.923524,0.306163,-0.013594
1780385710.623,right,thumbs_up,0.921083,0.322030,-0.000000,0.922395,0.262363,-0.005104,0.933558,0.217213,-0.007529,0.945882,0.186651,-0.009970,0.953864,0.160134,-0.012070,0.962987,0.213504,-0.004515,0.938397,0.204690,-0.013348,0.926238,0.210351,-0.021045,0.923230,0.212691,-0.025877,0.962540,0.239418,-0.006581,0.936601,0.229963,-0.014314,0.921884,0.231678,-0.019353,0.914161,0.236245,-0.022640,0.957232,0.266518,-0.009685,0.936180,0.257597,-0.017965,0.920195,0.251330,-0.019829,0.910153,0.251432,-0.019907,0.947688,0.293112,-0.013306,0.932599,0.281436,-0.019859,0.921112,0.273121,-0.020781,0.913379,0.270401,-0.019835
1780385711.165,right,thumbs_up,0.884006,0.373823,-0.000000,0.874669,0.341172,-0.009249,0.872359,0.304276,-0.016845,0.871834,0.278089,-0.022640,0.872399,0.251656,-0.026886,0.901013,0.295240,-0.016342,0.872677,0.301672,-0.026655,0.872218,0.314732,-0.033213,0.879900,0.318723,-0.037498,0.906032,0.317334,-0.016925,0.874786,0.323781,-0.025039,0.877269,0.332501,-0.026841,0.885242,0.334700,-0.028408,0.906593,0.342543,-0.018399,0.878016,0.345172,-0.025560,0.880365,0.351994,-0.022550,0.888309,0.353396,-0.020407,0.904083,0.368034,-0.020965,0.881648,0.367924,-0.027403,0.883111,0.370599,-0.026715,0.890895,0.370356,-0.025325
1780385711.686,right,thumbs_up,0.831302,0.642242,-0.000000,0.824448,0.590540,-0.008699,0.830712,0.536693,-0.013040,0.838207,0.502967,-0.016974,0.839955,0.471482,-0.019033,0.880302,0.539520,-0.001821,0.863009,0.532758,-0.012145,0.848358,0.551276,-0.020083,0.845997,0.562275,-0.025027,0.889232,0.563716,-0.002631,0.862987,0.558683,-0.011559,0.849679,0.575214,-0.014701,0.849735,0.584192,-0.015927,0.891207,0.591764,-0.005467,0.864766,0.584999,-0.013265,0.854093,0.597817,-0.010762,0.856037,0.604161,-0.008260,0.889442,0.619603,-0.009714,0.868319,0.612441,-0.014702,0.860498,0.620568,-0.012819,0.863019,0.625993,-0.010118
1780385712.226,right,thumbs_up,0.821033,0.659961,-0.000000,0.814913,0.613066,-0.011601,0.822088,0.560220,-0.018948,0.829900,0.521135,-0.026420,0.829478,0.485952,-0.032291,0.864460,0.561561,-0.005710,0.879761,0.553608,-0.020332,0.867309,0.566404,-0.029151,0.856756,0.576275,-0.033164,0.875161,0.589937,-0.006573,0.886415,0.587005,-0.021009,0.864748,0.601567,-0.024680,0.854711,0.605632,-0.024051,0.881087,0.619729,-0.010098,0.888755,0.617996,-0.023796,0.868359,0.627028,-0.020668,0.859203,0.627862,-0.015373,0.883348,0.650450,-0.014781,0.890579,0.646624,-0.021678,0.874891,0.649553,-0.017284,0.866893,0.648288,-0.012210
1780385712.753,right,thumbs_up,0.831234,0.674856,-0.000000,0.823084,0.629298,-0.015381,0.829899,0.574184,-0.025160,0.839833,0.533960,-0.034320,0.841937,0.497384,-0.041810,0.878021,0.569637,-0.011312,0.896508,0.562804,-0.028709,0.887321,0.577206,-0.039126,0.876222,0.590962,-0.043767,0.890320,0.600948,-0.011062,0.903358,0.602436,-0.029176,0.878579,0.619074,-0.033695,0.864081,0.624481,-0.032537,0.896825,0.633511,-0.013752,0.904774,0.636588,-0.031501,0.880940,0.645524,-0.029138,0.867766,0.645192,-0.023039,0.899660,0.667616,-0.017719,0.906135,0.667200,-0.028432,0.887566,0.668456,-0.025205,0.876124,0.662924,-0.019910
1780385713.266,right,thumbs_up,0.849469,0.734386,-0.000000,0.840325,0.677207,-0.016034,0.846516,0.616835,-0.026144,0.857549,0.573866,-0.034635,0.858867,0.531770,-0.041495,0.912191,0.609807,-0.015232,0.900665,0.632922,-0.032286,0.878726,0.655722,-0.044342,0.863392,0.667826,-0.050702,0.929376,0.645935,-0.014543,0.906419,0.673577,-0.030889,0.876731,0.690521,-0.037553,0.857122,0.700135,-0.039227,0.935566,0.685273,-0.015916,0.909618,0.710505,-0.032725,0.881232,0.718324,-0.032661,0.863034,0.721117,-0.028603,0.934843,0.724777,-0.018725,0.914952,0.739685,-0.030783,0.891793,0.743440,-0.029841,0.877098,0.741268,-0.025544
1780385713.771,right,thumbs_up,0.805404,0.789241,-0.000000,0.788870,0.730096,-0.020758,0.782701,0.666583,-0.035776,0.778749,0.615952,-0.048225,0.775517,0.565933,-0.059110,0.844931,0.662380,-0.033166,0.801514,0.696391,-0.052755,0.780313,0.716022,-0.065681,0.775367,0.724627,-0.073749,0.862322,0.708548,-0.032889,0.806677,0.741487,-0.046768,0.783730,0.748419,-0.052076,0.776691,0.751347,-0.057129,0.868289,0.759118,-0.034001,0.814003,0.783555,-0.049385,0.791052,0.784686,-0.047505,0.783432,0.782965,-0.045776,0.867189,0.805655,-0.037252,0.830267,0.817806,-0.048612,0.810881,0.815821,-0.046190,0.801097,0.811342,-0.043153
1780385714.274,right,thumbs_up,0.755459,0.807407,-0.000000,0.743185,0.738075,-0.000185,0.713255,0.669402,-0.007484,0.686861,0.617597,-0.013576,0.675414,0.568356,-0.020713,0.710805,0.677906,-0.036504,0.648681,0.673307,-0.045726,0.636937,0.685229,-0.043954,0.640934,0.695803,-0.040673,0.707548,0.726345,-0.040988,0.639330,0.718336,-0.049334,0.638585,0.724887,-0.042340,0.652276,0.729155,-0.037507,0.703944,0.775164,-0.043216,0.640014,0.755178,-0.049974,0.642207,0.758988,-0.038097,0.656462,0.763481,-0.029610,0.700012,0.821111,-0.044617,0.648561,0.792602,-0.050015,0.647644,0.786363,-0.042006,0.657712,0.786250,-0.035109
1780385714.780,right,thumbs_up,0.550211,0.737681,0.000000,0.540696,0.673611,0.000643,0.518908,0.627739,0.001106,0.493533,0.597753,0.001410,0.481892,0.563976,0.002311,0.477288,0.645960,0.006364,0.458005,0.647953,0.011516,0.466015,0.653832,0.013327,0.476248,0.656048,0.014039,0.471340,0.681742,0.007162,0.456505,0.678819,0.015834,0.465223,0.681345,0.017914,0.475450,0.682269,0.017436,0.471998,0.716935,0.008349,0.458032,0.707046,0.015822,0.466161,0.707818,0.018503,0.477374,0.709841,0.018037,0.475993,0.748174,0.009514,0.465427,0.738081,0.015317,0.473157,0.735820,0.019762,0.481997,0.735952,0.022620
1780385715.310,right,thumbs_up,0.445079,0.705487,0.000000,0.438919,0.642944,0.000906,0.419157,0.604200,0.000516,0.394431,0.577059,0.000251,0.383922,0.544113,0.000444,0.377150,0.627674,0.004048,0.359673,0.632958,0.011302,0.370225,0.636453,0.015359,0.380033,0.636143,0.017256,0.372192,0.664216,0.005394,0.360820,0.661805,0.016668,0.371913,0.662681,0.021103,0.380778,0.662958,0.021724,0.373831,0.699317,0.007510,0.365198,0.690623,0.017723,0.374374,0.690032,0.020702,0.384693,0.690731,0.019611,0.378450,0.728254,0.009661,0.373517,0.719709,0.017976,0.382322,0.717049,0.022124,0.390628,0.716846,0.024013
1780385715.846,right,thumbs_up,0.346480,0.683850,-0.000000,0.342120,0.624330,-0.000350,0.323289,0.586525,-0.000478,0.302304,0.561505,-0.000599,0.292532,0.532764,-0.000519,0.279897,0.616118,0.005989,0.278146,0.610865,0.011206,0.291243,0.613552,0.011499,0.299107,0.617190,0.010359,0.276199,0.651814,0.006872,0.277300,0.641602,0.015796,0.289593,0.641321,0.016380,0.297463,0.645811,0.014150,0.280046,0.683831,0.008147,0.279034,0.671806,0.015322,0.289038,0.669087,0.016206,0.298201,0.671849,0.014277,0.286219,0.709037,0.009350,0.284176,0.700181,0.015484,0.292747,0.696109,0.019097,0.300287,0.697095,0.020798
1780385716.351,right,thumbs_up,0.343049,0.723676,-0.000000,0.338280,0.659777,-0.006482,0.320165,0.617137,-0.009431,0.302083,0.587533,-0.011207,0.292552,0.558526,-0.012443,0.277024,0.648840,-0.003190,0.283642,0.621235,-0.002728,0.297682,0.625855,-0.005291,0.304933,0.638708,-0.008136,0.273683,0.683042,-0.000455,0.282643,0.655591,0.002861,0.295951,0.656506,0.001026,0.303234,0.668780,-0.002394,0.278402,0.711398,0.002267,0.282829,0.686772,0.004975,0.293602,0.684345,0.004805,0.301070,0.693339,0.002820,0.285737,0.734041,0.004519,0.287674,0.715062,0.006162,0.295708,0.711407,0.007785,0.301285,0.717224,0.008558
1780385716.851,right,thumbs_up,0.380891,0.712995,-0.000000,0.380790,0.650215,-0.004269,0.365217,0.602538,-0.005581,0.348073,0.568120,-0.005803,0.339741,0.537400,-0.005253,0.319633,0.625779,0.002484,0.319358,0.597627,0.006281,0.332553,0.602639,0.006085,0.340117,0.613829,0.005040,0.312877,0.656764,0.005446,0.316784,0.625517,0.012442,0.330063,0.626071,0.012530,0.337420,0.636690,0.010673,0.314692,0.684017,0.008503,0.315883,0.653859,0.014490,0.327454,0.653205,0.015233,0.335682,0.662774,0.013760,0.319314,0.706135,0.011201,0.318917,0.679267,0.015710,0.328051,0.677363,0.018482,0.334813,0.684463,0.019979
1780385717.354,right,thumbs_up,0.423540,0.746282,0.000000,0.419872,0.678255,-0.005512,0.402633,0.628390,-0.009044,0.381291,0.592367,-0.010569,0.373899,0.555721,-0.010583,0.358985,0.658747,-0.007044,0.340266,0.637586,-0.003580,0.350814,0.637111,-0.000231,0.361258,0.643130,0.001990,0.350147,0.693874,-0.003118,0.338036,0.665132,0.004412,0.347787,0.659635,0.008118,0.356383,0.662969,0.008809,0.348685,0.723941,0.001386,0.338615,0.692999,0.008672,0.346524,0.686207,0.011214,0.355439,0.689590,0.010460,0.350539,0.747169,0.005537,0.342927,0.719802,0.011004,0.349130,0.711659,0.014310,0.355732,0.711444,0.016064
1780385717.880,right,thumbs_up,0.481255,0.799071,0.000000,0.476151,0.724268,-0.005866,0.459296,0.666036,-0.013641,0.439269,0.619718,-0.018945,0.437329,0.576136,-0.022712,0.427730,0.699800,-0.026393,0.384817,0.684556,-0.026736,0.396570,0.684109,-0.020303,0.410651,0.690466,-0.014797,0.419107,0.742851,-0.023928,0.379899,0.714936,-0.021500,0.391912,0.711126,-0.014277,0.404030,0.718285,-0.010478,0.413856,0.779212,-0.019705,0.380643,0.745636,-0.015193,0.391885,0.740248,-0.007162,0.403962,0.747681,-0.003943,0.411101,0.807238,-0.015589,0.388489,0.771754,-0.011535,0.398602,0.767219,-0.004712,0.408289,0.773851,-0.000634
1780385718.387,right,thumbs_up,0.536019,0.828930,-0.000000,0.531247,0.759499,-0.004877,0.512904,0.693837,-0.014506,0.498825,0.642270,-0.021947,0.500730,0.598563,-0.029004,0.496486,0.723848,-0.039241,0.445431,0.715686,-0.047230,0.457136,0.715412,-0.044865,0.472962,0.718037,-0.041334,0.490996,0.771004,-0.040192,0.439147,0.748593,-0.046697,0.451767,0.745169,-0.040588,0.467576,0.750827,-0.036564,0.484931,0.811230,-0.039030,0.438940,0.782167,-0.042897,0.451833,0.777716,-0.032861,0.466981,0.783583,-0.026403,0.479804,0.845135,-0.037638,0.444776,0.810168,-0.039462,0.456299,0.805290,-0.031034,0.469396,0.812117,-0.024940
1780385718.947,right,thumbs_up,0.582608,0.839011,-0.000000,0.579031,0.771821,-0.006097,0.566001,0.700745,-0.018023,0.561660,0.653110,-0.028113,0.566300,0.612092,-0.038067,0.570792,0.745177,-0.046191,0.510509,0.733887,-0.060685,0.523824,0.730442,-0.063111,0.541126,0.732919,-0.062510,0.565967,0.793619,-0.049603,0.504245,0.769738,-0.063822,0.519943,0.763283,-0.060748,0.538412,0.772444,-0.058700,0.559153,0.832576,-0.051274,0.504512,0.800832,-0.061054,0.517323,0.793909,-0.051442,0.533661,0.800953,-0.044698,0.550570,0.863420,-0.053020,0.509857,0.830725,-0.060043,0.519878,0.821600,-0.053471,0.533850,0.828477,-0.048432
1780385719.474,right,thumbs_up,0.623118,0.799975,-0.000000,0.617497,0.730290,-0.020607,0.618090,0.663362,-0.030457,0.621649,0.614618,-0.035900,0.628734,0.570390,-0.039295,0.646358,0.702757,-0.031562,0.590857,0.703696,-0.045398,0.590313,0.711215,-0.050249,0.604311,0.709772,-0.052498,0.646611,0.746548,-0.028100,0.584864,0.738676,-0.040322,0.591323,0.738544,-0.040298,0.606570,0.736580,-0.041350,0.641683,0.784256,-0.026335,0.585097,0.768864,-0.040008,0.592563,0.765950,-0.035816,0.607347,0.766692,-0.031959,0.633036,0.815717,-0.026420,0.591494,0.796802,-0.038366,0.596585,0.790247,-0.038555,0.609793,0.791170,-0.037221
1780385720.019,right,thumbs_up,0.665158,0.742799,-0.000000,0.647980,0.677864,-0.005628,0.621463,0.602115,-0.017500,0.607346,0.545115,-0.027792,0.607403,0.491099,-0.038511,0.632043,0.628010,-0.046804,0.566689,0.636915,-0.062359,0.577209,0.646739,-0.064354,0.595959,0.645624,-0.063611,0.635163,0.679727,-0.051376,0.564989,0.683314,-0.065267,0.579222,0.685984,-0.060165,0.600393,0.685682,-0.057529,0.635105,0.728865,-0.054429,0.568715,0.718723,-0.066936,0.581399,0.720877,-0.055856,0.601589,0.723302,-0.048005,0.630912,0.772844,-0.057233,0.579511,0.754380,-0.067950,0.586736,0.747831,-0.062145,0.602530,0.748173,-0.057089
1780385720.552,right,thumbs_up,0.531591,0.722933,0.000000,0.516682,0.615529,0.001672,0.482468,0.526679,-0.003373,0.453362,0.455666,-0.008199,0.444892,0.390164,-0.013139,0.442258,0.538193,-0.017760,0.377565,0.547423,-0.021497,0.389606,0.566341,-0.019873,0.411255,0.567705,-0.017471,0.431672,0.600834,-0.021103,0.365454,0.597077,-0.020867,0.381833,0.615821,-0.013833,0.403943,0.617897,-0.009754,0.425218,0.664031,-0.022828,0.366180,0.646146,-0.022532,0.382752,0.658710,-0.010125,0.404466,0.661589,-0.002660,0.423175,0.724636,-0.023918,0.378444,0.695688,-0.023731,0.392952,0.700332,-0.012479,0.410914,0.704754,-0.003490
1780385721.090,right,thumbs_up,0.297196,0.801965,-0.000000,0.292906,0.670827,-0.008468,0.261476,0.572856,-0.017688,0.223910,0.504202,-0.026501,0.214161,0.426318,-0.035578,0.158113,0.616053,-0.006677,0.142142,0.633894,-0.006751,0.167792,0.650185,-0.011726,0.189592,0.655313,-0.016539,0.146489,0.694780,-0.006071,0.141756,0.697997,0.001206,0.165754,0.706239,-0.000756,0.187069,0.710649,-0.005919,0.149614,0.771457,-0.004945,0.143821,0.759969,0.000803,0.164806,0.764638,0.002118,0.186555,0.768574,-0.000382,0.158304,0.838765,-0.004537,0.150831,0.825946,0.000074,0.171379,0.826670,0.006314,0.189658,0.827737,0.010864
1780385721.638,right,thumbs_up,0.289900,0.852360,-0.000000,0.281993,0.709270,-0.009693,0.247453,0.600929,-0.017412,0.210282,0.526878,-0.024161,0.196891,0.455249,-0.030312,0.136054,0.665592,-0.009149,0.135373,0.659698,-0.009696,0.165878,0.674363,-0.015756,0.186064,0.688665,-0.021779,0.123168,0.752394,-0.008145,0.129763,0.729364,-0.001439,0.157928,0.736407,-0.004468,0.177802,0.752778,-0.010887,0.126221,0.830511,-0.006425,0.130336,0.801496,0.000054,0.154831,0.802870,0.002326,0.175767,0.814547,-0.000152,0.135515,0.897594,-0.005870,0.138895,0.870936,-0.000568,0.161925,0.867861,0.006776,0.179213,0.873492,0.011856
1780385722.171,right,thumbs_up,0.313662,0.805721,-0.000000,0.308810,0.677514,-0.008352,0.278514,0.578741,-0.016992,0.242617,0.508349,-0.024762,0.228976,0.435199,-0.032053,0.177084,0.614593,-0.004360,0.152176,0.629304,-0.002886,0.176781,0.646290,-0.005895,0.199322,0.652250,-0.008789,0.163592,0.690459,-0.002207,0.151076,0.693096,0.005755,0.175723,0.701350,0.004756,0.197374,0.707741,0.001242,0.163623,0.765466,0.000361,0.152340,0.755332,0.008095,0.174007,0.760048,0.009931,0.196290,0.764782,0.008054,0.168833,0.829797,0.002138,0.159331,0.819135,0.009125,0.179976,0.821141,0.015603,0.198082,0.822215,0.020356
1780385722.680,right,thumbs_up,0.250203,0.812263,-0.000000,0.255088,0.699173,-0.002445,0.231398,0.617343,-0.003106,0.201175,0.560520,-0.003429,0.192086,0.503225,-0.003813,0.142418,0.652216,0.005720,0.151837,0.646125,0.014352,0.173279,0.658585,0.014557,0.184512,0.671218,0.011988,0.127980,0.717732,0.006613,0.136146,0.702518,0.020077,0.157504,0.709271,0.020094,0.171322,0.722484,0.015552,0.128970,0.777892,0.008534,0.128647,0.761899,0.017277,0.148543,0.762229,0.018553,0.164937,0.770236,0.015763,0.135932,0.829654,0.010424,0.133238,0.818065,0.015746,0.151350,0.815182,0.021526,0.165401,0.819046,0.025098
1780385723.220,right,thumbs_up,0.345221,0.961860,-0.000000,0.352077,0.890574,-0.005583,0.342019,0.836301,-0.008239,0.330162,0.798938,-0.010821,0.323170,0.769607,-0.013567,0.295650,0.862125,-0.004177,0.310365,0.852212,-0.008016,0.323950,0.861960,-0.014956,0.328606,0.876859,-0.020567,0.289615,0.903217,-0.004554,0.303048,0.891701,-0.004309,0.314058,0.895992,-0.008828,0.319145,0.908602,-0.014532,0.291660,0.939815,-0.005056,0.300968,0.926076,-0.005966,0.310529,0.926797,-0.006886,0.316210,0.936785,-0.009257,0.296627,0.971023,-0.006174,0.304488,0.959035,-0.007210,0.313498,0.956854,-0.005106,0.318942,0.962652,-0.003974
1780385723.728,right,thumbs_up,0.341180,0.902419,-0.000000,0.352905,0.839155,-0.001543,0.348888,0.791246,-0.001500,0.338674,0.756250,-0.002433,0.335262,0.725998,-0.004020,0.300884,0.809135,0.005531,0.306682,0.802158,0.008174,0.318059,0.809839,0.006172,0.325032,0.818745,0.003412,0.291548,0.847033,0.004638,0.300122,0.843082,0.010318,0.310176,0.847286,0.008011,0.317587,0.853747,0.003466,0.291138,0.883580,0.003828,0.296026,0.879852,0.006990,0.305588,0.881860,0.005779,0.313427,0.885895,0.002553,0.294032,0.916114,0.002802,0.298928,0.918839,0.004427,0.307725,0.919007,0.006158,0.314677,0.919647,0.006556
1780385724.271,right,thumbs_up,0.354892,0.852599,-0.000000,0.371142,0.800067,-0.004304,0.371208,0.758214,-0.007339,0.360752,0.728636,-0.010379,0.361364,0.699135,-0.013760,0.319405,0.754547,-0.004543,0.323714,0.768328,-0.006655,0.333711,0.783897,-0.011232,0.338597,0.791269,-0.015341,0.303528,0.786504,-0.004794,0.307302,0.793047,-0.002391,0.316530,0.804151,-0.003140,0.323426,0.810236,-0.006013,0.296732,0.821081,-0.004966,0.301078,0.825780,-0.004713,0.311356,0.833464,-0.004078,0.319699,0.837292,-0.005269,0.294363,0.854286,-0.005624,0.299187,0.862011,-0.006125,0.310435,0.864860,-0.003913,0.318899,0.865874,-0.002491
1780385724.784,right,thumbs_up,0.400346,0.950428,0.000000,0.413030,0.891724,-0.017818,0.403007,0.835581,-0.028832,0.388555,0.788020,-0.037514,0.379087,0.742189,-0.045280,0.353079,0.832634,-0.016644,0.348086,0.773410,-0.025560,0.361869,0.761231,-0.032140,0.373224,0.768485,-0.035871,0.341878,0.863337,-0.011845,0.339647,0.805984,-0.015566,0.353876,0.793772,-0.018099,0.364789,0.800414,-0.020899,0.339483,0.894222,-0.008800,0.337556,0.840203,-0.011590,0.350499,0.828682,-0.009468,0.360872,0.834803,-0.008942,0.341977,0.923459,-0.007320,0.337290,0.876950,-0.008418,0.346717,0.862400,-0.005162,0.356262,0.866215,-0.002929
1780385725.330,right,thumbs_up,0.626687,0.797655,-0.000000,0.625657,0.742097,0.001932,0.613883,0.678114,-0.001528,0.608489,0.630325,-0.005933,0.613875,0.596266,-0.010843,0.601942,0.677457,-0.013693,0.562462,0.660700,-0.021640,0.567113,0.679697,-0.024438,0.580287,0.689723,-0.025165,0.595230,0.706933,-0.018272,0.555101,0.689412,-0.024112,0.562323,0.706611,-0.021932,0.575883,0.714342,-0.020579,0.588234,0.737520,-0.022205,0.552411,0.715274,-0.026809,0.560459,0.729514,-0.020084,0.573420,0.738172,-0.015557,0.581095,0.767304,-0.025816,0.553369,0.742907,-0.028782,0.560394,0.751967,-0.023235,0.571552,0.760510,-0.018796
1780385725.845,right,thumbs_up,0.706459,0.778060,-0.000000,0.712618,0.737566,0.001206,0.713867,0.682951,-0.001687,0.715760,0.642302,-0.005294,0.724938,0.615893,-0.008294,0.719065,0.661149,-0.009197,0.686148,0.634045,-0.017543,0.685234,0.654322,-0.019829,0.693425,0.663116,-0.020322,0.711883,0.677876,-0.013418,0.676158,0.649946,-0.021312,0.678218,0.669336,-0.019178,0.687323,0.678296,-0.017293,0.701672,0.697148,-0.017713,0.669607,0.666548,-0.024554,0.671646,0.685385,-0.018552,0.680429,0.695727,-0.013856,0.690151,0.717006,-0.021906,0.666171,0.689584,-0.026724,0.667848,0.701017,-0.023856,0.675174,0.710131,-0.020865
1780385726.371,right,thumbs_up,0.713835,0.967935,-0.000000,0.728590,0.903982,-0.006743,0.744369,0.830505,-0.014668,0.759712,0.781762,-0.021720,0.779984,0.752921,-0.029060,0.756776,0.855968,-0.023578,0.714190,0.797713,-0.039588,0.710947,0.815973,-0.047559,0.721029,0.833123,-0.051514,0.742318,0.887442,-0.027201,0.700247,0.818454,-0.040948,0.703156,0.836566,-0.041545,0.713714,0.857688,-0.042437,0.725666,0.913596,-0.031392,0.690944,0.845472,-0.045142,0.693763,0.861316,-0.039988,0.704948,0.879254,-0.035744,0.708798,0.934529,-0.035801,0.684127,0.876700,-0.046224,0.687849,0.888762,-0.043549,0.698205,0.907905,-0.040456
1780385726.912,right,thumbs_up,0.504312,0.915234,0.000000,0.497268,0.835295,-0.002890,0.481063,0.785816,-0.004097,0.466347,0.750776,-0.004866,0.462579,0.716994,-0.003909,0.433831,0.819293,0.002805,0.428179,0.776243,0.002766,0.443556,0.777203,0.000468,0.453200,0.793322,-0.000563,0.424807,0.846796,0.004894,0.426092,0.803572,0.008443,0.439894,0.801978,0.007499,0.447703,0.816267,0.006057,0.423670,0.868764,0.006927,0.425005,0.829403,0.011584,0.436250,0.828498,0.013572,0.444296,0.842085,0.013882,0.426216,0.884695,0.008464,0.425944,0.854130,0.012404,0.434899,0.854296,0.016358,0.441474,0.866080,0.019684
1780385727.431,right,thumbs_up,0.454973,0.798597,-0.000000,0.461424,0.746786,-0.003169,0.454274,0.710321,-0.003994,0.444061,0.683904,-0.004757,0.439684,0.659976,-0.005727,0.420954,0.727969,0.001936,0.432345,0.719069,0.003022,0.441010,0.726300,0.000082,0.443277,0.736002,-0.003126,0.416443,0.755265,0.002584,0.426062,0.744200,0.006316,0.433156,0.747179,0.003704,0.436690,0.756900,-0.000379,0.417884,0.779385,0.003238,0.423914,0.768146,0.005748,0.430565,0.768590,0.004719,0.434341,0.775862,0.002183,0.421300,0.799622,0.003551,0.426050,0.791601,0.004768,0.432083,0.790302,0.005871,0.435928,0.794451,0.006027
1780385727.945,right,thumbs_up,0.420617,0.707185,0.000000,0.426111,0.662070,0.000152,0.421573,0.629087,0.000439,0.413988,0.605919,0.000259,0.412931,0.584552,0.000007,0.387267,0.635735,0.005001,0.391376,0.633498,0.006661,0.398699,0.641819,0.004670,0.402412,0.649540,0.002554,0.379986,0.659215,0.004585,0.383371,0.655057,0.008824,0.390041,0.659700,0.007838,0.394132,0.665770,0.005496,0.378668,0.682261,0.004251,0.380956,0.677557,0.006687,0.387416,0.679816,0.006502,0.392114,0.684335,0.005142,0.379604,0.701890,0.003892,0.382586,0.699044,0.005130,0.388799,0.700362,0.006583,0.392957,0.702894,0.007482
1780385728.486,right,thumbs_up,0.308070,0.639455,-0.000000,0.306631,0.597367,-0.002621,0.295812,0.569503,-0.004966,0.281988,0.551093,-0.007251,0.274752,0.529525,-0.009358,0.254946,0.583777,0.001897,0.257256,0.587409,0.001831,0.267599,0.594243,-0.001404,0.273432,0.597900,-0.004340,0.249100,0.611724,0.002111,0.252986,0.612778,0.005436,0.262081,0.616651,0.004490,0.268367,0.618614,0.002415,0.249961,0.639380,0.002152,0.252292,0.638736,0.003408,0.260702,0.639390,0.003717,0.267827,0.638987,0.003065,0.253622,0.663954,0.001889,0.255045,0.663363,0.002342,0.263275,0.662195,0.004416,0.270042,0.662538,0.006312
1780385729.007,right,thumbs_up,0.195260,0.594261,-0.000000,0.187580,0.542573,-0.002580,0.166708,0.510397,-0.004468,0.144029,0.495505,-0.006712,0.128083,0.475649,-0.008814,0.122930,0.539611,0.002138,0.107231,0.558296,0.001484,0.115085,0.568187,-0.001060,0.124563,0.565380,-0.003011,0.122532,0.575566,0.001811,0.108262,0.588129,0.003360,0.117854,0.595104,0.002346,0.129387,0.591864,0.001019,0.128815,0.610597,0.001243,0.114018,0.619093,0.000855,0.123973,0.622830,0.002001,0.136611,0.618021,0.002563,0.137770,0.643252,0.000457,0.125054,0.650472,-0.000510,0.133483,0.649453,0.001980,0.144508,0.643383,0.004673
1780385729.520,right,thumbs_up,0.171028,0.635466,0.000000,0.146087,0.598210,-0.002510,0.112853,0.575063,-0.008406,0.085843,0.560523,-0.013759,0.065044,0.546614,-0.021300,0.109491,0.598144,-0.027365,0.073939,0.603218,-0.038959,0.051100,0.618029,-0.045121,0.034408,0.632092,-0.048993,0.116794,0.633390,-0.032378,0.081062,0.643621,-0.041961,0.057987,0.658620,-0.046076,0.042818,0.670469,-0.050127,0.128831,0.671179,-0.036274,0.096155,0.686629,-0.043822,0.074516,0.700434,-0.045919,0.060151,0.709424,-0.048527,0.143521,0.708387,-0.039710,0.118519,0.724802,-0.047937,0.099654,0.736256,-0.050264,0.084949,0.745041,-0.051975
1780385730.021,right,thumbs_up,0.304005,0.719322,0.000000,0.264054,0.654654,-0.007932,0.216850,0.619412,-0.022716,0.172809,0.591736,-0.033482,0.147666,0.549021,-0.043733,0.211160,0.682344,-0.055010,0.140570,0.743923,-0.064013,0.129021,0.741266,-0.057491,0.135464,0.728681,-0.049650,0.223554,0.752242,-0.053027,0.149727,0.796043,-0.058240,0.139165,0.781878,-0.047385,0.141856,0.767385,-0.039752,0.234768,0.810988,-0.047907,0.165688,0.841610,-0.047726,0.153859,0.819266,-0.034832,0.157572,0.799947,-0.027582,0.245659,0.854104,-0.042578,0.193822,0.866365,-0.041235,0.182941,0.842173,-0.031894,0.183226,0.824457,-0.025253
1780385730.558,right,thumbs_up,0.642136,0.614630,-0.000000,0.614725,0.542061,-0.005327,0.579994,0.469255,-0.016998,0.558405,0.410842,-0.027033,0.555679,0.353765,-0.037571,0.594627,0.497947,-0.041974,0.531185,0.523110,-0.057642,0.539883,0.533004,-0.061346,0.554050,0.527609,-0.062350,0.602351,0.552449,-0.046769,0.531486,0.570029,-0.059738,0.543234,0.573234,-0.055603,0.562964,0.570706,-0.054637,0.605823,0.602057,-0.050287,0.539833,0.607567,-0.062255,0.548969,0.608467,-0.051571,0.566395,0.604686,-0.044823,0.605082,0.644599,-0.053564,0.549755,0.641187,-0.062251,0.553501,0.632900,-0.055808,0.566976,0.625892,-0.051091
1780385731.086,right,thumbs_up,0.720795,0.665035,-0.000000,0.710323,0.605882,-0.001687,0.687792,0.540359,-0.008765,0.673932,0.490055,-0.015891,0.677046,0.443108,-0.023213,0.691600,0.545999,-0.024099,0.641959,0.550885,-0.036294,0.651897,0.563826,-0.039893,0.667024,0.564469,-0.040900,0.691577,0.586472,-0.029054,0.638417,0.588464,-0.039261,0.650909,0.597152,-0.036658,0.667393,0.598675,-0.035532,0.689972,0.627045,-0.033522,0.640759,0.618534,-0.042966,0.652669,0.627071,-0.034716,0.668742,0.630416,-0.028944,0.686801,0.664229,-0.037747,0.647388,0.648805,-0.044772,0.656811,0.652888,-0.039298,0.671683,0.657657,-0.034821
1780385731.587,right,thumbs_up,0.714044,0.708310,-0.000000,0.705023,0.644650,-0.001774,0.683104,0.570830,-0.009552,0.669680,0.515308,-0.017112,0.672034,0.465896,-0.024762,0.687227,0.581657,-0.029447,0.631588,0.575504,-0.043050,0.642212,0.592830,-0.046631,0.659557,0.597771,-0.047076,0.684330,0.625392,-0.034417,0.626274,0.616273,-0.044945,0.640009,0.628324,-0.040859,0.658243,0.632032,-0.038787,0.679930,0.667846,-0.038655,0.626840,0.648648,-0.048054,0.639625,0.659575,-0.038392,0.657368,0.665762,-0.031764,0.673538,0.706564,-0.042612,0.632395,0.681811,-0.049594,0.641740,0.686794,-0.043396,0.657371,0.694792,-0.038384
1780385732.129,right,thumbs_up,0.693755,0.779854,-0.000000,0.682822,0.712992,-0.004224,0.657630,0.637434,-0.015114,0.641126,0.583430,-0.024542,0.640281,0.532716,-0.033957,0.657766,0.664653,-0.042849,0.595333,0.665451,-0.056369,0.608917,0.673070,-0.057857,0.629288,0.675466,-0.056774,0.656280,0.718921,-0.047040,0.592131,0.711706,-0.059216,0.608495,0.715625,-0.053700,0.629076,0.719563,-0.050154,0.653074,0.769688,-0.049612,0.594787,0.750479,-0.058938,0.609697,0.752422,-0.047013,0.629409,0.755914,-0.038839,0.647840,0.815392,-0.051900,0.604822,0.787419,-0.058819,0.615880,0.783874,-0.050951,0.631687,0.789301,-0.044766
1780385732.669,right,thumbs_up,0.686900,0.800073,-0.000000,0.673722,0.729222,-0.005107,0.644582,0.658376,-0.016530,0.624538,0.602846,-0.026120,0.621436,0.549725,-0.035355,0.641742,0.686523,-0.043421,0.580525,0.689658,-0.056081,0.593894,0.695210,-0.056553,0.613191,0.695410,-0.054591,0.640710,0.741333,-0.046223,0.577844,0.733601,-0.056473,0.594108,0.735860,-0.050001,0.613793,0.738016,-0.045860,0.637748,0.790385,-0.047321,0.580756,0.771483,-0.054448,0.596194,0.771583,-0.041721,0.614840,0.774214,-0.033370,0.633729,0.833052,-0.048237,0.590277,0.805263,-0.052395,0.602354,0.802464,-0.042901,0.618128,0.808194,-0.036018
1780385733.206,right,thumbs_up,0.673553,0.764746,-0.000000,0.664852,0.697400,-0.005394,0.640244,0.626890,-0.015216,0.620914,0.571748,-0.023290,0.617930,0.520769,-0.030824,0.629949,0.651778,-0.034902,0.573539,0.646327,-0.046113,0.585833,0.653898,-0.047930,0.604179,0.656441,-0.047118,0.625581,0.702231,-0.036376,0.568701,0.685992,-0.044504,0.583384,0.690054,-0.039834,0.601620,0.694612,-0.036879,0.620280,0.746883,-0.036599,0.569880,0.721713,-0.042276,0.584115,0.723396,-0.031873,0.601127,0.727985,-0.025054,0.614783,0.785775,-0.036756,0.578269,0.754057,-0.040172,0.590551,0.752958,-0.032035,0.604790,0.759960,-0.025954
1780385733.715,right,thumbs_up,0.682902,0.770590,-0.000000,0.674558,0.701332,-0.005139,0.651010,0.630437,-0.014812,0.632665,0.576108,-0.022755,0.630583,0.526464,-0.030251,0.640780,0.658911,-0.036589,0.586286,0.648871,-0.047302,0.599071,0.655670,-0.048078,0.617135,0.660195,-0.046592,0.636253,0.710243,-0.038403,0.580628,0.689284,-0.046794,0.596075,0.693415,-0.041816,0.614492,0.700275,-0.038612,0.630529,0.754354,-0.038732,0.581256,0.725999,-0.044478,0.596091,0.727933,-0.033804,0.613146,0.734517,-0.026811,0.624457,0.792899,-0.038949,0.587143,0.757709,-0.042210,0.599599,0.758020,-0.033564,0.614129,0.767681,-0.027236
1780385734.235,right,thumbs_up,0.647204,0.751819,-0.000000,0.638416,0.679777,-0.004343,0.614886,0.611097,-0.012962,0.592719,0.557199,-0.019949,0.586872,0.508139,-0.026489,0.594712,0.637312,-0.028656,0.544031,0.629442,-0.036308,0.556662,0.635004,-0.036899,0.574111,0.638798,-0.035559,0.588163,0.685637,-0.029387,0.539706,0.666021,-0.033068,0.554248,0.668973,-0.028593,0.571231,0.675319,-0.026027,0.582445,0.730449,-0.028680,0.541153,0.703585,-0.029389,0.554969,0.705979,-0.019619,0.569945,0.712574,-0.014258,0.577873,0.770322,-0.027943,0.547970,0.738342,-0.027268,0.560215,0.738506,-0.018461,0.571943,0.745329,-0.012298
1780385734.774,right,thumbs_up,0.596415,0.726256,-0.000000,0.585922,0.647102,-0.003328,0.559148,0.580000,-0.009087,0.534402,0.523364,-0.013531,0.526671,0.475008,-0.017232,0.532652,0.604790,-0.021303,0.482417,0.598822,-0.025880,0.496426,0.610283,-0.025097,0.514712,0.614499,-0.023230,0.524369,0.654232,-0.020993,0.480669,0.639621,-0.021157,0.496113,0.647303,-0.015906,0.512546,0.651465,-0.013245,0.518320,0.701383,-0.019430,0.482268,0.677880,-0.017532,0.496589,0.682769,-0.008329,0.511904,0.689131,-0.003849,0.514741,0.742315,-0.017924,0.490883,0.713949,-0.015838,0.503326,0.716119,-0.007773,0.514905,0.722091,-0.002142
1780385735.276,right,thumbs_up,0.536565,0.685096,-0.000000,0.526636,0.607206,-0.000163,0.505073,0.548070,-0.003398,0.479728,0.500517,-0.006179,0.466738,0.459673,-0.008669,0.465421,0.566846,-0.011567,0.427685,0.570225,-0.011575,0.439949,0.582038,-0.009624,0.454923,0.584058,-0.007977,0.457817,0.613562,-0.012120,0.428468,0.608974,-0.007632,0.441570,0.618338,-0.003017,0.455311,0.621696,-0.001746,0.455051,0.659039,-0.011350,0.433946,0.646656,-0.005601,0.445728,0.653517,0.001191,0.458817,0.658783,0.003005,0.455210,0.700075,-0.010505,0.440540,0.684419,-0.005159,0.452811,0.687842,0.002221,0.463805,0.691436,0.006906
1780385735.779,right,thumbs_up,0.520580,0.676595,-0.000000,0.512905,0.599720,-0.002222,0.491213,0.539255,-0.006261,0.463684,0.491849,-0.009347,0.450261,0.448555,-0.012109,0.447672,0.560043,-0.012085,0.411341,0.564750,-0.011275,0.422176,0.578854,-0.008604,0.436998,0.582375,-0.006483,0.439692,0.607088,-0.011012,0.414175,0.605199,-0.005061,0.427190,0.614979,-0.000006,0.440628,0.617325,0.001367,0.436942,0.652907,-0.008786,0.420204,0.641970,-0.001878,0.431699,0.649184,0.003887,0.444601,0.653894,0.004717,0.436603,0.694179,-0.006645,0.427265,0.680319,-0.000588,0.439122,0.683815,0.005320,0.449294,0.686364,0.008830
1780385736.292,right,thumbs_up,0.544186,0.750714,-0.000000,0.532452,0.671800,-0.003455,0.507393,0.613582,-0.008703,0.479656,0.567307,-0.012398,0.466388,0.525942,-0.015312,0.468860,0.648056,-0.018344,0.431740,0.641570,-0.019457,0.447154,0.642302,-0.016887,0.463643,0.645421,-0.014228,0.462823,0.698310,-0.016916,0.432994,0.680072,-0.012866,0.447269,0.677230,-0.007512,0.461786,0.681505,-0.005778,0.461673,0.744069,-0.014114,0.438274,0.717950,-0.008233,0.449599,0.715902,-0.001318,0.463337,0.722080,0.000451,0.462826,0.782789,-0.011393,0.446019,0.754522,-0.006499,0.457331,0.751921,0.000376,0.468705,0.756534,0.004661
1780385736.809,right,thumbs_up,0.567066,0.807962,0.000000,0.553661,0.727798,-0.005272,0.527578,0.664792,-0.011643,0.497658,0.614988,-0.015948,0.484838,0.569460,-0.018662,0.492100,0.712905,-0.020696,0.450010,0.694110,-0.022187,0.467618,0.692088,-0.019139,0.483952,0.698129,-0.015968,0.485075,0.765045,-0.018075,0.450733,0.732785,-0.013810,0.465604,0.725574,-0.008276,0.479644,0.731802,-0.006324,0.482790,0.808616,-0.014084,0.457964,0.770401,-0.006902,0.469903,0.763209,0.000431,0.483002,0.769753,0.002270,0.482091,0.843025,-0.010455,0.465200,0.801960,-0.003859,0.475924,0.794192,0.003310,0.486606,0.798072,0.007514
1780385737.323,right,thumbs_up,0.588199,0.841377,0.000000,0.573144,0.760932,-0.006636,0.547285,0.697832,-0.014453,0.518295,0.652405,-0.019668,0.505728,0.609804,-0.022552,0.513758,0.752556,-0.025732,0.468443,0.731352,-0.029593,0.486386,0.725875,-0.026728,0.503777,0.733375,-0.022900,0.507058,0.807497,-0.022886,0.467900,0.769147,-0.021355,0.483370,0.759972,-0.015597,0.498347,0.768582,-0.012678,0.503425,0.850336,-0.018650,0.473408,0.805743,-0.013091,0.486893,0.797573,-0.004569,0.500991,0.806566,-0.001301,0.501657,0.881785,-0.014993,0.482580,0.836518,-0.009513,0.494870,0.830675,-0.002278,0.505751,0.838866,0.002265
1780385737.855,right,thumbs_up,0.606132,0.820549,0.000000,0.593209,0.742843,-0.007026,0.567945,0.678457,-0.015069,0.541412,0.627317,-0.020591,0.530976,0.582726,-0.024132,0.536178,0.722189,-0.026013,0.489263,0.700040,-0.030874,0.505843,0.698943,-0.029275,0.522787,0.706350,-0.026316,0.528621,0.776125,-0.023234,0.487389,0.739789,-0.022330,0.502559,0.733950,-0.016773,0.517461,0.741920,-0.014167,0.524202,0.820108,-0.019247,0.491651,0.777767,-0.014772,0.505162,0.771137,-0.006044,0.519509,0.779584,-0.002546,0.521536,0.853546,-0.015805,0.499725,0.810700,-0.010991,0.512049,0.805523,-0.003257,0.523204,0.812779,0.001575
1780385738.381,right,thumbs_up,0.619744,0.802514,0.000000,0.610328,0.722214,-0.007674,0.586696,0.652917,-0.016369,0.562781,0.595579,-0.022455,0.552419,0.548997,-0.026580,0.554147,0.693545,-0.029220,0.505547,0.668234,-0.035289,0.522137,0.671694,-0.034043,0.539587,0.680992,-0.031158,0.544805,0.747373,-0.026652,0.502162,0.709131,-0.027102,0.517592,0.707250,-0.021634,0.532807,0.716611,-0.018956,0.538539,0.791939,-0.022841,0.506117,0.747055,-0.019537,0.519960,0.743351,-0.010626,0.534086,0.753145,-0.006837,0.534232,0.825696,-0.019577,0.512584,0.779347,-0.015614,0.525692,0.776319,-0.007646,0.537177,0.784974,-0.002597
1780385738.902,right,thumbs_up,0.607202,0.791313,-0.000000,0.604426,0.703293,-0.005806,0.583739,0.628078,-0.012491,0.558341,0.565524,-0.016534,0.549738,0.513487,-0.018933,0.547869,0.659652,-0.026010,0.498988,0.630061,-0.027365,0.512751,0.639895,-0.022563,0.529108,0.651232,-0.018063,0.533586,0.710394,-0.022970,0.494004,0.670327,-0.019630,0.508565,0.673624,-0.012662,0.522787,0.684316,-0.009627,0.523365,0.755154,-0.018209,0.493456,0.709357,-0.012261,0.507240,0.710374,-0.003307,0.520699,0.722772,-0.000267,0.516442,0.791342,-0.013617,0.497934,0.744464,-0.008547,0.510661,0.743693,-0.000773,0.521295,0.753059,0.003929
1780385739.435,right,thumbs_up,0.538580,0.801308,0.000000,0.533292,0.708857,-0.004161,0.510954,0.641491,-0.010368,0.483559,0.581686,-0.014777,0.473289,0.529745,-0.017938,0.464303,0.674174,-0.017645,0.426197,0.651795,-0.016414,0.443246,0.657153,-0.011989,0.458886,0.665914,-0.008417,0.451953,0.726483,-0.014548,0.424009,0.693556,-0.007272,0.440458,0.693762,-0.000398,0.454566,0.702507,0.001992,0.446506,0.773382,-0.009896,0.428343,0.735342,0.000002,0.441261,0.735115,0.007325,0.454605,0.744863,0.008445,0.444238,0.810329,-0.005479,0.434718,0.773910,0.003404,0.446022,0.772585,0.010461,0.456306,0.778516,0.014223
1780385739.971,right,thumbs_up,0.513171,0.804081,0.000000,0.507930,0.709573,-0.003351,0.486188,0.637260,-0.008033,0.457627,0.580102,-0.010976,0.446566,0.529395,-0.012315,0.431077,0.673785,-0.011825,0.397872,0.645196,-0.009085,0.414882,0.649282,-0.005277,0.430089,0.660806,-0.002383,0.418654,0.724945,-0.009045,0.397338,0.687493,0.000642,0.412942,0.685826,0.006194,0.425847,0.695731,0.007061,0.414474,0.770100,-0.004830,0.400261,0.730185,0.006794,0.413219,0.728525,0.013241,0.426505,0.738862,0.013422,0.413879,0.806543,-0.000895,0.403827,0.770344,0.009168,0.415195,0.767446,0.016704,0.426090,0.773476,0.020852
1780385740.498,right,thumbs_up,0.487286,0.792214,-0.000000,0.483493,0.695082,-0.005518,0.461589,0.622071,-0.011260,0.433216,0.565652,-0.014744,0.423454,0.513608,-0.016740,0.399711,0.659884,-0.013010,0.377176,0.626093,-0.010525,0.395665,0.634586,-0.007609,0.411994,0.650388,-0.005519,0.385822,0.711288,-0.008917,0.377335,0.671435,0.001069,0.395061,0.672292,0.006577,0.407948,0.683671,0.007137,0.382749,0.757071,-0.003646,0.377409,0.718754,0.007235,0.391832,0.716508,0.012374,0.405951,0.726280,0.011724,0.384184,0.794505,0.001283,0.379264,0.764904,0.009978,0.391794,0.760408,0.016005,0.403119,0.764919,0.019276
1780385741.034,right,thumbs_up,0.467138,0.791350,-0.000000,0.462462,0.697278,-0.004965,0.436738,0.625058,-0.010259,0.407581,0.570618,-0.014959,0.397171,0.518810,-0.019253,0.368826,0.663717,-0.003264,0.356910,0.641886,-0.002743,0.375365,0.650516,-0.005247,0.390510,0.662170,-0.007697,0.359069,0.716983,-0.001740,0.356018,0.690694,0.005108,0.374272,0.693846,0.005981,0.387549,0.703860,0.003763,0.360527,0.766383,0.000051,0.356107,0.739766,0.006581,0.371184,0.740228,0.009068,0.385592,0.747927,0.007713,0.366147,0.807145,0.001406,0.361419,0.789148,0.006992,0.375024,0.787293,0.012049,0.387162,0.790179,0.015106
1780385741.569,right,thumbs_up,0.497453,0.821245,-0.000000,0.485698,0.731367,-0.005536,0.456381,0.670603,-0.010560,0.424034,0.628102,-0.014526,0.410093,0.581487,-0.017489,0.400727,0.719729,-0.004526,0.381604,0.703792,-0.003103,0.399451,0.705355,-0.003346,0.414681,0.711428,-0.003965,0.393824,0.771163,-0.002204,0.380667,0.746883,0.005260,0.396109,0.743886,0.007695,0.409217,0.751082,0.006962,0.396248,0.816651,0.000422,0.384477,0.790214,0.008253,0.397396,0.785846,0.011465,0.411433,0.791947,0.010583,0.402683,0.853266,0.002507,0.393662,0.832867,0.009317,0.404590,0.826349,0.014739,0.415968,0.828237,0.017911
1780385742.092,right,thumbs_up,0.596524,0.806221,-0.000000,0.582993,0.728593,-0.004828,0.555952,0.666225,-0.010995,0.526204,0.620544,-0.015748,0.514199,0.576410,-0.019197,0.521377,0.705207,-0.018782,0.477560,0.695777,-0.023139,0.493061,0.698375,-0.023212,0.509288,0.704194,-0.021936,0.516131,0.757537,-0.017701,0.478999,0.735780,-0.016534,0.492691,0.734338,-0.012786,0.507259,0.740882,-0.011685,0.514009,0.803356,-0.015707,0.485628,0.774226,-0.011796,0.497150,0.771831,-0.004390,0.511253,0.779498,-0.001783,0.513442,0.841095,-0.014144,0.493477,0.809022,-0.009642,0.505097,0.806168,-0.001966,0.516688,0.811909,0.002899
1780385742.637,right,thumbs_up,0.675845,0.767263,-0.000000,0.665173,0.697373,-0.005571,0.638372,0.628646,-0.015304,0.616812,0.576515,-0.022739,0.612608,0.527120,-0.029650,0.626034,0.663413,-0.038865,0.572123,0.658521,-0.047383,0.585395,0.660144,-0.045995,0.603175,0.661727,-0.043368,0.623370,0.715117,-0.039790,0.568943,0.698131,-0.045865,0.584247,0.696454,-0.039624,0.602220,0.701010,-0.036079,0.619621,0.759544,-0.038850,0.571313,0.734481,-0.042121,0.586019,0.731439,-0.030977,0.602670,0.736148,-0.024438,0.615738,0.798995,-0.037826,0.578200,0.766221,-0.039559,0.590823,0.762436,-0.030721,0.605114,0.769426,-0.024682
1780385743.175,right,thumbs_up,0.674908,0.773435,-0.000000,0.664388,0.703300,-0.006121,0.637261,0.634358,-0.016386,0.615905,0.583614,-0.024169,0.612653,0.534098,-0.031322,0.625792,0.671679,-0.040738,0.570748,0.665634,-0.050309,0.583924,0.666253,-0.049445,0.602073,0.668054,-0.046848,0.622928,0.725410,-0.041345,0.566707,0.705976,-0.048260,0.581673,0.702676,-0.042176,0.600078,0.707278,-0.038400,0.618779,0.770708,-0.040063,0.569084,0.743088,-0.043716,0.583304,0.737890,-0.032698,0.600097,0.742172,-0.025974,0.614592,0.809766,-0.038708,0.576621,0.775411,-0.040451,0.588781,0.769414,-0.031721,0.602876,0.775713,-0.025646
1780385743.717,right,thumbs_up,0.674062,0.769371,-0.000000,0.663920,0.699161,-0.005816,0.637545,0.629405,-0.015629,0.616102,0.576038,-0.023152,0.612793,0.525714,-0.030092,0.624931,0.664811,-0.038627,0.569911,0.658477,-0.047751,0.583182,0.660285,-0.046874,0.601319,0.662697,-0.044397,0.621831,0.716616,-0.039357,0.566278,0.698840,-0.045814,0.581473,0.697162,-0.039791,0.599534,0.701815,-0.036196,0.617643,0.761222,-0.038314,0.568329,0.734322,-0.041905,0.582937,0.731321,-0.030735,0.599501,0.736178,-0.023967,0.613469,0.800731,-0.037210,0.575584,0.766726,-0.038867,0.588203,0.762925,-0.029857,0.602435,0.770162,-0.023620
1780385744.255,right,thumbs_up,0.676125,0.766845,-0.000000,0.667114,0.696458,-0.005655,0.641631,0.627224,-0.015844,0.621153,0.574523,-0.023591,0.618143,0.524693,-0.030780,0.629828,0.660253,-0.041097,0.574632,0.654183,-0.049894,0.587621,0.656089,-0.048018,0.605501,0.658281,-0.044929,0.626841,0.712291,-0.042003,0.570159,0.694208,-0.048882,0.585138,0.692325,-0.042311,0.603414,0.696905,-0.038278,0.622455,0.756883,-0.040889,0.571797,0.730091,-0.044880,0.586408,0.726667,-0.033450,0.603300,0.731472,-0.026467,0.618016,0.795820,-0.039610,0.579792,0.762001,-0.041965,0.592537,0.758029,-0.033180,0.606855,0.764974,-0.027034
1780385744.805,right,thumbs_up,0.675388,0.768238,-0.000000,0.665954,0.697284,-0.005216,0.639779,0.627318,-0.014804,0.618620,0.574015,-0.022174,0.614832,0.524669,-0.029051,0.627279,0.659844,-0.038690,0.572414,0.654184,-0.047624,0.585505,0.657177,-0.046632,0.603400,0.659031,-0.044207,0.623904,0.711848,-0.039844,0.568012,0.693972,-0.046343,0.583186,0.693679,-0.040146,0.601346,0.698266,-0.036458,0.619466,0.756672,-0.039139,0.570321,0.730058,-0.042874,0.584910,0.728406,-0.031532,0.601483,0.733340,-0.024654,0.615137,0.796030,-0.038307,0.577321,0.761497,-0.040254,0.590051,0.758989,-0.031149,0.604346,0.766656,-0.024801
1780385745.350,right,thumbs_up,0.669369,0.773048,-0.000000,0.659126,0.700465,-0.005315,0.632427,0.631787,-0.014736,0.610398,0.576985,-0.022038,0.605833,0.526613,-0.028755,0.617580,0.662600,-0.036781,0.563389,0.655789,-0.045176,0.577194,0.658146,-0.044165,0.595183,0.660013,-0.041726,0.613307,0.714631,-0.037521,0.559993,0.695227,-0.043068,0.575084,0.693868,-0.037137,0.592382,0.698675,-0.033740,0.608550,0.759759,-0.036472,0.561915,0.731616,-0.039367,0.576387,0.728632,-0.028568,0.592430,0.733550,-0.022204,0.604382,0.798755,-0.035308,0.568111,0.763185,-0.036513,0.580871,0.759870,-0.027442,0.594843,0.767263,-0.021117
1780385745.884,right,thumbs_up,0.665930,0.777394,-0.000000,0.656834,0.702570,-0.004760,0.631068,0.632676,-0.013663,0.608654,0.576279,-0.020461,0.604140,0.524961,-0.026809,0.612716,0.661370,-0.035245,0.559114,0.652705,-0.042199,0.572028,0.657004,-0.040216,0.590170,0.660025,-0.037263,0.607425,0.712595,-0.035887,0.555186,0.691255,-0.039602,0.570049,0.691654,-0.033057,0.587267,0.697201,-0.029557,0.602401,0.758071,-0.034623,0.557274,0.728569,-0.035982,0.571662,0.726813,-0.025169,0.587409,0.732697,-0.019278,0.598308,0.798469,-0.033185,0.563310,0.762376,-0.033323,0.576182,0.759729,-0.024039,0.589785,0.767452,-0.017807
1780385746.424,right,thumbs_up,0.663597,0.781488,-0.000000,0.651917,0.706717,-0.004847,0.623768,0.638505,-0.013680,0.600170,0.583490,-0.020494,0.594311,0.532653,-0.026955,0.606270,0.668851,-0.035049,0.553058,0.667454,-0.042308,0.566379,0.670369,-0.040954,0.584276,0.670459,-0.038556,0.603242,0.721485,-0.035891,0.551052,0.707056,-0.039911,0.565561,0.706104,-0.033817,0.582851,0.709441,-0.030749,0.600098,0.768493,-0.034917,0.554829,0.744678,-0.036642,0.568686,0.741682,-0.026068,0.584613,0.745878,-0.020336,0.597486,0.810314,-0.033800,0.561690,0.778664,-0.034208,0.574421,0.775270,-0.025002,0.588380,0.781749,-0.018805
1780385746.943,right,thumbs_up,0.661677,0.785721,-0.000000,0.649856,0.710021,-0.004916,0.621586,0.642537,-0.013675,0.597376,0.587938,-0.020389,0.590054,0.537329,-0.026543,0.602628,0.675325,-0.034450,0.549174,0.672287,-0.041584,0.563105,0.673994,-0.039807,0.581345,0.674691,-0.036873,0.599122,0.727890,-0.034821,0.547660,0.711766,-0.038408,0.562700,0.709939,-0.031993,0.579780,0.713402,-0.028603,0.595800,0.774431,-0.033422,0.551761,0.749489,-0.034640,0.565777,0.745413,-0.024008,0.581472,0.749011,-0.018236,0.593270,0.815201,-0.031894,0.558024,0.782483,-0.031714,0.570796,0.778236,-0.022355,0.584648,0.784297,-0.016033
1780385747.461,right,thumbs_up,0.660861,0.782539,-0.000000,0.648816,0.708409,-0.004413,0.620560,0.642087,-0.013167,0.596781,0.588042,-0.019931,0.590407,0.537699,-0.026280,0.602475,0.673693,-0.035106,0.549376,0.671369,-0.042091,0.562958,0.673927,-0.040158,0.581101,0.674535,-0.037242,0.599515,0.725736,-0.035801,0.547729,0.711312,-0.039195,0.562367,0.710275,-0.032453,0.579426,0.713418,-0.029005,0.596532,0.772201,-0.034613,0.551777,0.749014,-0.035617,0.565496,0.745184,-0.024782,0.581332,0.748529,-0.019027,0.594216,0.813406,-0.033244,0.558665,0.782510,-0.032923,0.571099,0.778092,-0.023540,0.584920,0.783654,-0.017345
1780385747.971,right,thumbs_up,0.637101,0.773957,-0.000000,0.625000,0.699923,-0.004964,0.597513,0.634934,-0.012509,0.572671,0.582015,-0.018177,0.563051,0.535835,-0.023098,0.573116,0.662217,-0.028120,0.523557,0.662880,-0.033114,0.537310,0.667770,-0.031311,0.554469,0.669206,-0.028797,0.568622,0.712207,-0.028002,0.522519,0.700344,-0.029992,0.537424,0.701023,-0.024712,0.553724,0.704355,-0.022079,0.565196,0.758010,-0.026329,0.525513,0.736035,-0.026139,0.539582,0.734963,-0.016759,0.554778,0.739579,-0.012050,0.563057,0.798401,-0.024681,0.533425,0.769878,-0.024115,0.546226,0.768031,-0.015852,0.558861,0.773328,-0.010137
1780385748.518,right,thumbs_up,0.542310,0.783733,0.000000,0.532569,0.698003,-0.000769,0.508038,0.635246,-0.005553,0.480399,0.581939,-0.009304,0.468221,0.534329,-0.012535,0.465284,0.666191,-0.014359,0.429125,0.661506,-0.012310,0.443894,0.664727,-0.008058,0.458978,0.668625,-0.004664,0.457157,0.716325,-0.013566,0.429892,0.700609,-0.005953,0.444236,0.700356,0.000535,0.457871,0.704968,0.002594,0.454962,0.763372,-0.011055,0.435703,0.740726,-0.001087,0.447186,0.741162,0.006088,0.460112,0.746754,0.007131,0.455648,0.802265,-0.008489,0.442978,0.779587,0.000485,0.453934,0.779126,0.008031,0.464502,0.782246,0.012185
1780385749.036,right,thumbs_up,0.458213,0.810991,-0.000000,0.448673,0.717246,-0.004735,0.418352,0.653495,-0.008495,0.386659,0.608766,-0.011604,0.373587,0.562257,-0.014388,0.355632,0.699612,-0.002544,0.344216,0.688643,-0.000601,0.363548,0.693810,-0.002442,0.377564,0.701509,-0.004823,0.350359,0.754477,-0.001187,0.343629,0.737925,0.006056,0.361846,0.737686,0.006999,0.375610,0.745108,0.004789,0.355255,0.802800,0.000496,0.346242,0.786884,0.006712,0.361186,0.784392,0.009470,0.375658,0.789342,0.008464,0.363830,0.842817,0.001758,0.353160,0.832824,0.006572,0.366668,0.828155,0.012038,0.379318,0.828414,0.015531
1780385749.544,right,thumbs_up,0.418505,0.814506,-0.000000,0.411047,0.718460,-0.000854,0.382402,0.651934,-0.000803,0.351369,0.608037,-0.000301,0.337533,0.563780,0.000509,0.316975,0.700730,0.006304,0.317283,0.680003,0.014869,0.336822,0.685490,0.016096,0.348680,0.696610,0.014679,0.309236,0.755928,0.007677,0.311499,0.730488,0.020913,0.328992,0.731111,0.021541,0.341120,0.742166,0.017802,0.314199,0.803715,0.009954,0.308127,0.781058,0.020104,0.321701,0.776463,0.021162,0.335033,0.782009,0.017944,0.323866,0.842662,0.012371,0.317186,0.829491,0.020126,0.329352,0.823669,0.025291,0.340792,0.825532,0.027677
1780385750.074,right,thumbs_up,0.414071,0.897023,-0.000000,0.393604,0.806020,-0.008000,0.355066,0.751977,-0.011504,0.322148,0.722668,-0.013672,0.303620,0.687391,-0.015243,0.298911,0.827329,-0.003358,0.304674,0.794609,-0.003358,0.324090,0.795439,-0.008051,0.334408,0.808901,-0.013081,0.299973,0.883202,-0.001340,0.304185,0.849565,0.002372,0.321764,0.845520,-0.000459,0.333570,0.859208,-0.005318,0.310998,0.926450,0.000616,0.310225,0.895154,0.003377,0.324788,0.888690,0.003763,0.336588,0.897549,0.001494,0.324887,0.959167,0.001862,0.323796,0.933509,0.003727,0.335707,0.926049,0.007007,0.344931,0.931390,0.008931
1780385750.603,right,thumbs_up,0.282679,0.861209,-0.000000,0.247363,0.754112,-0.006717,0.195694,0.704054,-0.008719,0.154031,0.676065,-0.009989,0.128962,0.636318,-0.010025,0.125616,0.809828,0.008613,0.134006,0.776214,0.010338,0.160994,0.769657,0.003287,0.175770,0.783201,-0.003485,0.130230,0.876623,0.010078,0.133523,0.843863,0.018787,0.153753,0.832582,0.015532,0.167153,0.845311,0.009735,0.147524,0.927859,0.010909,0.148149,0.900539,0.016801,0.165169,0.886304,0.018074,0.178319,0.891854,0.016073,0.169269,0.964177,0.010644,0.167916,0.944905,0.015488,0.181707,0.929487,0.021547,0.192271,0.930745,0.025527
1780385751.135,right,thumbs_up,0.158482,0.778747,0.000000,0.141368,0.653854,-0.010464,0.088327,0.572125,-0.012038,0.041058,0.517531,-0.012301,0.014308,0.468281,-0.011566,0.016364,0.665736,0.001796,-0.020045,0.646415,0.001589,-0.009600,0.641351,-0.003649,0.001858,0.645582,-0.008082,0.013411,0.736830,0.005863,-0.017383,0.716619,0.010549,-0.002873,0.707717,0.006684,0.013982,0.714808,0.001755,0.019954,0.795840,0.009003,-0.005665,0.774835,0.012148,0.011570,0.764977,0.013454,0.030905,0.770467,0.012285,0.031403,0.841426,0.011095,0.011102,0.822971,0.014196,0.027208,0.815767,0.019816,0.044699,0.817917,0.023777
1780385751.666,right,thumbs_up,0.200749,0.696903,-0.000000,0.187507,0.569552,-0.010179,0.139506,0.485140,-0.015790,0.094453,0.433585,-0.020596,0.073238,0.371364,-0.024498,0.051808,0.558787,-0.002283,0.032739,0.567162,-0.008725,0.058972,0.577183,-0.018735,0.077058,0.584087,-0.025867,0.045069,0.634408,-0.001163,0.028687,0.633383,-0.000909,0.051869,0.636854,-0.005149,0.070203,0.641725,-0.009458,0.050361,0.701395,-0.000914,0.037932,0.691377,-0.000867,0.058282,0.691502,0.001460,0.075925,0.692634,0.001937,0.061345,0.756901,-0.001890,0.050997,0.743050,-0.000082,0.069140,0.740961,0.006763,0.083246,0.740759,0.012596
1780385752.191,right,thumbs_up,0.278439,0.650343,-0.000000,0.271451,0.550705,-0.007399,0.238057,0.479302,-0.012632,0.203082,0.434722,-0.017623,0.185548,0.380202,-0.022765,0.154858,0.521818,-0.002108,0.152349,0.540554,-0.003329,0.173470,0.549360,-0.008899,0.188948,0.549712,-0.014287,0.147021,0.583360,-0.002137,0.149675,0.593599,0.001747,0.170499,0.597903,-0.001189,0.187083,0.597113,-0.005917,0.153176,0.643081,-0.002254,0.149497,0.644982,-0.001890,0.168629,0.646134,-0.001130,0.186211,0.643159,-0.002347,0.164073,0.697402,-0.003048,0.159248,0.699772,-0.004419,0.176082,0.694100,-0.000397,0.189982,0.688819,0.003538
1780385752.718,right,thumbs_up,0.492152,0.645147,-0.000000,0.482853,0.542792,-0.000727,0.458361,0.451564,-0.008074,0.438375,0.374940,-0.015773,0.429631,0.311119,-0.023363,0.420580,0.459880,-0.020227,0.357389,0.456084,-0.029167,0.367301,0.481649,-0.032292,0.388214,0.489659,-0.033245,0.408451,0.518318,-0.024687,0.352082,0.512671,-0.028119,0.365550,0.535146,-0.024420,0.386279,0.538499,-0.023474,0.400011,0.579273,-0.028263,0.353956,0.564229,-0.030255,0.367795,0.582055,-0.019993,0.387824,0.588232,-0.014802,0.394475,0.638089,-0.031757,0.361723,0.616920,-0.032409,0.375839,0.627898,-0.022493,0.392398,0.633894,-0.015178
1780385753.240,right,thumbs_up,0.558978,0.664205,-0.000000,0.554712,0.568424,-0.001779,0.531096,0.463895,-0.009938,0.514462,0.383458,-0.017229,0.513262,0.318605,-0.024355,0.513026,0.465569,-0.034023,0.445795,0.456633,-0.045268,0.459584,0.483481,-0.044886,0.481106,0.490361,-0.042930,0.501832,0.523990,-0.039096,0.437044,0.510421,-0.047593,0.454299,0.534030,-0.040100,0.475670,0.540453,-0.035997,0.491211,0.583177,-0.042811,0.434751,0.558940,-0.050234,0.452592,0.579795,-0.036154,0.473417,0.589404,-0.027458,0.481296,0.640259,-0.046075,0.439911,0.610759,-0.051710,0.455613,0.625652,-0.041290,0.473067,0.636511,-0.033127
1780385753.779,right,thumbs_up,0.579297,0.662385,-0.000000,0.576566,0.570746,-0.001699,0.552598,0.467333,-0.010200,0.536171,0.388192,-0.017676,0.538734,0.324908,-0.025187,0.542690,0.469866,-0.037013,0.475204,0.454056,-0.050162,0.486835,0.477734,-0.050719,0.507373,0.488057,-0.049096,0.532678,0.527491,-0.042700,0.463817,0.507261,-0.052460,0.478709,0.527220,-0.044955,0.499767,0.535199,-0.041022,0.521832,0.586008,-0.047008,0.462310,0.557363,-0.055886,0.477754,0.575447,-0.042024,0.497493,0.585810,-0.033464,0.510130,0.641682,-0.050742,0.466464,0.608562,-0.057704,0.481254,0.621560,-0.047809,0.498599,0.632727,-0.040144
1780385754.320,right,thumbs_up,0.593190,0.672531,-0.000000,0.589438,0.580227,-0.001228,0.565784,0.476922,-0.009959,0.549551,0.397977,-0.017747,0.552518,0.332928,-0.025554,0.558719,0.478319,-0.036094,0.491037,0.464196,-0.049135,0.502211,0.487595,-0.049883,0.522486,0.497775,-0.048333,0.549647,0.535680,-0.042148,0.479304,0.515331,-0.051848,0.493369,0.534408,-0.044744,0.514283,0.542923,-0.041107,0.539039,0.594076,-0.046769,0.477779,0.564146,-0.055475,0.492309,0.581444,-0.041863,0.511576,0.592053,-0.033487,0.527068,0.648936,-0.050786,0.481517,0.613649,-0.057367,0.495514,0.625923,-0.047331,0.512230,0.637837,-0.039630
1780385754.826,right,thumbs_up,0.593385,0.675465,-0.000000,0.590959,0.582664,-0.003655,0.567773,0.477534,-0.013508,0.552306,0.397302,-0.021869,0.555524,0.329595,-0.030200,0.561163,0.485254,-0.038691,0.492387,0.469111,-0.052531,0.503347,0.489435,-0.053620,0.523211,0.498494,-0.052126,0.551082,0.543572,-0.043624,0.479950,0.519648,-0.054072,0.494786,0.536959,-0.047268,0.515846,0.546317,-0.043728,0.540098,0.601842,-0.047318,0.477952,0.568101,-0.056949,0.493517,0.584279,-0.043467,0.513328,0.595457,-0.034838,0.528009,0.655650,-0.050573,0.481196,0.616126,-0.057934,0.495526,0.627727,-0.048063,0.512950,0.640620,-0.040324
1780385755.373,right,thumbs_up,0.587020,0.671088,-0.000000,0.584004,0.579168,-0.003181,0.558207,0.478201,-0.012856,0.540269,0.400676,-0.020905,0.544673,0.333523,-0.029183,0.552241,0.483690,-0.039957,0.483892,0.469212,-0.052838,0.493448,0.488875,-0.052845,0.512770,0.498527,-0.050817,0.542083,0.542803,-0.044779,0.471842,0.519050,-0.054684,0.485782,0.536890,-0.047320,0.506723,0.546673,-0.043477,0.531553,0.602017,-0.047981,0.469533,0.566708,-0.057459,0.484484,0.583349,-0.043616,0.504332,0.595024,-0.034837,0.520106,0.657458,-0.050566,0.473530,0.617522,-0.058526,0.487626,0.628629,-0.048761,0.504874,0.640619,-0.040998
1780385755.889,right,thumbs_up,0.587829,0.674903,-0.000000,0.584295,0.583192,-0.003275,0.560375,0.479575,-0.012742,0.544042,0.400336,-0.020597,0.546761,0.332957,-0.028572,0.552038,0.486192,-0.038379,0.484889,0.472912,-0.050804,0.494598,0.493836,-0.050909,0.513946,0.502915,-0.049018,0.542923,0.543984,-0.043088,0.473269,0.523768,-0.052148,0.486728,0.541996,-0.044921,0.507490,0.550437,-0.041318,0.532827,0.602514,-0.046364,0.471868,0.572885,-0.054810,0.486306,0.589784,-0.041219,0.505881,0.600042,-0.032840,0.521498,0.657419,-0.049141,0.475025,0.622019,-0.055793,0.488859,0.633509,-0.045809,0.505975,0.644664,-0.038163
1780385756.429,right,thumbs_up,0.592597,0.684443,-0.000000,0.589825,0.592135,-0.003694,0.565523,0.487183,-0.013527,0.548774,0.407424,-0.022006,0.551874,0.338811,-0.030609,0.557641,0.493941,-0.037920,0.487958,0.478324,-0.052338,0.497920,0.499968,-0.054360,0.518006,0.509143,-0.053505,0.547834,0.552499,-0.042854,0.476897,0.531177,-0.053407,0.490842,0.549427,-0.047104,0.512394,0.558219,-0.043851,0.537294,0.611514,-0.046660,0.475830,0.581592,-0.056315,0.490618,0.597884,-0.043246,0.510992,0.608095,-0.034879,0.525682,0.666105,-0.050046,0.478921,0.631066,-0.057241,0.493060,0.641983,-0.047489,0.511017,0.653090,-0.039835
1780385756.973,right,thumbs_up,0.581308,0.681086,-0.000000,0.578369,0.589785,-0.002955,0.553322,0.488182,-0.012287,0.535125,0.410906,-0.019941,0.536689,0.344374,-0.027803,0.543746,0.492634,-0.040463,0.475704,0.479550,-0.051861,0.484091,0.502259,-0.050112,0.503408,0.512247,-0.047043,0.534280,0.550621,-0.045315,0.464677,0.531725,-0.053945,0.477810,0.551157,-0.045556,0.498864,0.558940,-0.041219,0.524537,0.609788,-0.048408,0.463243,0.580798,-0.056711,0.478258,0.598430,-0.042512,0.498513,0.608404,-0.033942,0.514477,0.665943,-0.050854,0.468236,0.630324,-0.058090,0.482589,0.642637,-0.048052,0.500337,0.653682,-0.040327
1780385757.508,right,thumbs_up,0.706218,0.795845,-0.000000,0.691776,0.716225,-0.002578,0.657660,0.634061,-0.013413,0.635202,0.569663,-0.023656,0.630231,0.509056,-0.034021,0.665963,0.654219,-0.042802,0.593834,0.646568,-0.059765,0.608628,0.658283,-0.063833,0.630954,0.662458,-0.063941,0.663763,0.712399,-0.048816,0.589629,0.696627,-0.062820,0.607705,0.704925,-0.057882,0.630878,0.711779,-0.054708,0.660086,0.768694,-0.053284,0.591241,0.740375,-0.064640,0.607261,0.746070,-0.051711,0.629412,0.753039,-0.042504,0.654483,0.819797,-0.057331,0.601356,0.784148,-0.065510,0.612185,0.781829,-0.056394,0.630392,0.790548,-0.049158
1780385758.037,right,thumbs_up,0.748427,0.810631,-0.000000,0.740592,0.719544,-0.003650,0.715728,0.625282,-0.014005,0.697743,0.554312,-0.023320,0.699247,0.494806,-0.032536,0.732609,0.650999,-0.040058,0.664021,0.632343,-0.057016,0.676502,0.643900,-0.060585,0.694631,0.646000,-0.061020,0.726252,0.706430,-0.046438,0.652104,0.674509,-0.061800,0.670319,0.681075,-0.057459,0.692094,0.690358,-0.055443,0.717756,0.756471,-0.051623,0.652626,0.714139,-0.065518,0.670178,0.719202,-0.054034,0.690259,0.728628,-0.045994,0.706943,0.799821,-0.056520,0.658572,0.756632,-0.066849,0.671540,0.754995,-0.060219,0.688834,0.762242,-0.054825
1780385758.583,right,thumbs_up,0.751294,0.803325,-0.000000,0.742889,0.713466,-0.003174,0.720639,0.619291,-0.012982,0.704399,0.548244,-0.021974,0.707131,0.489391,-0.030844,0.740011,0.641278,-0.037456,0.671822,0.620788,-0.054107,0.681946,0.637305,-0.058051,0.699398,0.641995,-0.058844,0.733885,0.696028,-0.044000,0.660007,0.663916,-0.058901,0.676088,0.674510,-0.054903,0.697361,0.684508,-0.053190,0.725070,0.745822,-0.049521,0.660074,0.702747,-0.063160,0.675985,0.710909,-0.052274,0.695971,0.720517,-0.044696,0.713931,0.789324,-0.054701,0.666077,0.745783,-0.064620,0.677475,0.745943,-0.058320,0.694291,0.753187,-0.053281
1780385759.097,right,thumbs_up,0.755619,0.806615,-0.000000,0.747287,0.712496,-0.004118,0.725035,0.616119,-0.014091,0.709225,0.544288,-0.023368,0.714275,0.485455,-0.032371,0.745145,0.638316,-0.034315,0.677153,0.619968,-0.052192,0.687694,0.637145,-0.057800,0.705859,0.639618,-0.059702,0.738795,0.693075,-0.040681,0.665067,0.662374,-0.056922,0.681060,0.672627,-0.054212,0.702821,0.680981,-0.053140,0.729989,0.742472,-0.046492,0.665143,0.700765,-0.061621,0.680452,0.708909,-0.051636,0.700531,0.716839,-0.044219,0.719281,0.784908,-0.052115,0.671271,0.742292,-0.062561,0.682296,0.743424,-0.056636,0.699683,0.750200,-0.051591
1780385759.605,right,thumbs_up,0.759254,0.807818,-0.000000,0.750955,0.713944,-0.003488,0.729269,0.618236,-0.013153,0.714486,0.545925,-0.022343,0.719329,0.486635,-0.031428,0.747539,0.637463,-0.032432,0.680258,0.620290,-0.050380,0.690491,0.638045,-0.056555,0.709007,0.640554,-0.058816,0.741785,0.691457,-0.038916,0.668962,0.664363,-0.054678,0.684592,0.674553,-0.052056,0.706263,0.681878,-0.051068,0.733522,0.741011,-0.044935,0.668780,0.703154,-0.059521,0.683894,0.711107,-0.049481,0.703945,0.718070,-0.042100,0.723684,0.784645,-0.050773,0.674574,0.745250,-0.060792,0.685398,0.745983,-0.054632,0.702835,0.751758,-0.049359
1780385760.127,right,thumbs_up,0.759732,0.812267,-0.000000,0.750984,0.718271,-0.003786,0.729484,0.621652,-0.013739,0.715140,0.548639,-0.023105,0.720638,0.488724,-0.032416,0.749661,0.642642,-0.034481,0.681664,0.623629,-0.052432,0.691488,0.641499,-0.058018,0.709777,0.644361,-0.059867,0.744107,0.697372,-0.040996,0.670306,0.667038,-0.056918,0.685974,0.678184,-0.053762,0.707757,0.686455,-0.052360,0.736071,0.747472,-0.046919,0.670209,0.706343,-0.061735,0.685205,0.715166,-0.051206,0.705388,0.723381,-0.043403,0.726364,0.791312,-0.052654,0.676386,0.749601,-0.063097,0.686787,0.749206,-0.056995,0.704309,0.754555,-0.051702
1780385760.669,right,thumbs_up,0.759841,0.811343,-0.000000,0.751545,0.718289,-0.003424,0.729499,0.622869,-0.013292,0.713750,0.550420,-0.022751,0.718846,0.490389,-0.031961,0.748759,0.643056,-0.032747,0.680134,0.623182,-0.050915,0.691359,0.642209,-0.056949,0.710287,0.645847,-0.059124,0.742960,0.697040,-0.039519,0.668973,0.666924,-0.055872,0.685830,0.678673,-0.053170,0.707723,0.687038,-0.052041,0.734501,0.746223,-0.045812,0.668771,0.705772,-0.060790,0.684968,0.715722,-0.050397,0.705314,0.723958,-0.042773,0.724210,0.789517,-0.051935,0.674690,0.749369,-0.062373,0.686928,0.751246,-0.056205,0.705195,0.757671,-0.050966
1780385761.208,right,thumbs_up,0.757830,0.811590,-0.000000,0.750073,0.718610,-0.003632,0.727121,0.622332,-0.013495,0.710644,0.549993,-0.022786,0.714327,0.490139,-0.031814,0.746203,0.644311,-0.034334,0.677801,0.625845,-0.052460,0.689543,0.642417,-0.058220,0.708087,0.644549,-0.060207,0.740110,0.698284,-0.041076,0.665917,0.667671,-0.057737,0.683406,0.677870,-0.055187,0.705355,0.686667,-0.054008,0.731823,0.747264,-0.047183,0.666020,0.706352,-0.062304,0.682605,0.714734,-0.051961,0.702859,0.723068,-0.044230,0.721686,0.790149,-0.053120,0.672460,0.749001,-0.063666,0.684121,0.749144,-0.057603,0.701678,0.754860,-0.052402
1780385761.717,right,thumbs_up,0.757805,0.813447,-0.000000,0.748950,0.719488,-0.003201,0.726595,0.624611,-0.012853,0.710939,0.552442,-0.022120,0.714336,0.492384,-0.031317,0.745813,0.647227,-0.032327,0.679202,0.627713,-0.050039,0.689743,0.644036,-0.056127,0.707646,0.646942,-0.058322,0.739318,0.702198,-0.039096,0.666623,0.670892,-0.054696,0.683174,0.680880,-0.052043,0.705046,0.689830,-0.051001,0.730903,0.751959,-0.045327,0.666433,0.710767,-0.059713,0.682167,0.718945,-0.049594,0.702453,0.727364,-0.042157,0.720761,0.794757,-0.051368,0.671900,0.753351,-0.061308,0.683650,0.753098,-0.055075,0.701677,0.758927,-0.049813
1780385762.246,right,thumbs_up,0.757716,0.810609,-0.000000,0.750001,0.716674,-0.003577,0.727071,0.620410,-0.013170,0.710624,0.548115,-0.022281,0.715121,0.488224,-0.031097,0.745557,0.641024,-0.032589,0.677908,0.624302,-0.050329,0.689746,0.642018,-0.056008,0.708539,0.644177,-0.057969,0.739604,0.695803,-0.039199,0.666371,0.666950,-0.055528,0.684026,0.677663,-0.053058,0.706055,0.686008,-0.051986,0.731327,0.745350,-0.045262,0.666570,0.705239,-0.060442,0.683440,0.714259,-0.050325,0.703712,0.722695,-0.042696,0.721325,0.788780,-0.051126,0.672995,0.747436,-0.061698,0.685419,0.748864,-0.055579,0.703351,0.755888,-0.050264
1780385762.845,right,thumbs_up,0.757364,0.807988,-0.000000,0.749264,0.713925,-0.004196,0.726794,0.618638,-0.013842,0.710600,0.546857,-0.023028,0.714758,0.487680,-0.032034,0.744614,0.640060,-0.032369,0.677658,0.623220,-0.050534,0.688200,0.641723,-0.056921,0.706678,0.643810,-0.059378,0.738875,0.694975,-0.038668,0.667042,0.667548,-0.054746,0.682689,0.677791,-0.052432,0.704231,0.684510,-0.051752,0.730929,0.744762,-0.044642,0.667103,0.706365,-0.059897,0.682024,0.715259,-0.050108,0.702213,0.722339,-0.042836,0.721448,0.788201,-0.050501,0.673223,0.748371,-0.060960,0.684212,0.750021,-0.055006,0.702101,0.756676,-0.049913
1780385763.399,right,thumbs_up,0.756984,0.812676,-0.000000,0.749216,0.717683,-0.003013,0.726515,0.621732,-0.012464,0.710228,0.548870,-0.021580,0.713474,0.488163,-0.030728,0.745267,0.641995,-0.031354,0.678142,0.625517,-0.049151,0.688467,0.642109,-0.055493,0.706667,0.644733,-0.057791,0.738347,0.696770,-0.038166,0.665329,0.668041,-0.053707,0.681371,0.678634,-0.051313,0.703397,0.687576,-0.050371,0.729677,0.746922,-0.044485,0.664879,0.708574,-0.058672,0.680099,0.716932,-0.048876,0.700545,0.724969,-0.041683,0.719533,0.790762,-0.050604,0.670419,0.751662,-0.060232,0.681740,0.752553,-0.053992,0.699870,0.758963,-0.048711
1780385763.900,right,thumbs_up,0.757953,0.811051,-0.000000,0.749910,0.716932,-0.003647,0.728196,0.621871,-0.013374,0.712387,0.550429,-0.022675,0.716460,0.491137,-0.031810,0.745682,0.642480,-0.032912,0.678761,0.623973,-0.050734,0.688907,0.642201,-0.056786,0.707214,0.645005,-0.059090,0.740041,0.696866,-0.039486,0.667801,0.668428,-0.055264,0.683455,0.678925,-0.052758,0.705082,0.686834,-0.052019,0.732284,0.746582,-0.045565,0.668169,0.707922,-0.060361,0.683505,0.716856,-0.050401,0.703801,0.724767,-0.043171,0.723014,0.790276,-0.051463,0.674278,0.750478,-0.061695,0.685520,0.752469,-0.055595,0.703408,0.759785,-0.050509
1780385764.424,right,thumbs_up,0.749398,0.796724,-0.000000,0.741762,0.707776,-0.003043,0.718492,0.615175,-0.012469,0.701067,0.545436,-0.021201,0.702194,0.486336,-0.029827,0.733780,0.634978,-0.035259,0.666289,0.615889,-0.051087,0.676841,0.631618,-0.054832,0.694523,0.635976,-0.055574,0.728339,0.689284,-0.041589,0.656104,0.659023,-0.055919,0.672549,0.668996,-0.052363,0.693851,0.678885,-0.050897,0.720622,0.738790,-0.046866,0.657002,0.698452,-0.060136,0.673239,0.706772,-0.049454,0.692931,0.716627,-0.042027,0.710858,0.782434,-0.051812,0.662962,0.741478,-0.061732,0.675728,0.742770,-0.055149,0.693265,0.751014,-0.049824
1780385764.933,right,thumbs_up,0.750078,0.793783,-0.000000,0.743859,0.705210,-0.004000,0.721927,0.612519,-0.013329,0.703987,0.541955,-0.021840,0.705660,0.483132,-0.030076,0.737362,0.630708,-0.033636,0.670437,0.611240,-0.049905,0.680204,0.629344,-0.054319,0.697496,0.634006,-0.055551,0.731244,0.683944,-0.039302,0.659998,0.656109,-0.054248,0.676084,0.666783,-0.051164,0.697055,0.675172,-0.049925,0.722823,0.732518,-0.044313,0.660373,0.694279,-0.058324,0.676198,0.703066,-0.048401,0.695759,0.711394,-0.041256,0.712686,0.775226,-0.049075,0.666278,0.736299,-0.059256,0.678516,0.737907,-0.053523,0.695764,0.744620,-0.048689
1780385765.480,right,thumbs_up,0.751707,0.786512,-0.000000,0.744669,0.698167,-0.002931,0.722737,0.605269,-0.011866,0.706124,0.535290,-0.020367,0.709313,0.476608,-0.028770,0.739488,0.620763,-0.031159,0.674123,0.605681,-0.047295,0.684240,0.623557,-0.052064,0.701715,0.626002,-0.053624,0.733766,0.673960,-0.037570,0.662785,0.649216,-0.052361,0.678982,0.659831,-0.049488,0.699805,0.667278,-0.048274,0.725677,0.722723,-0.043343,0.662493,0.687679,-0.057106,0.678220,0.696847,-0.047239,0.697517,0.704461,-0.040097,0.715848,0.765830,-0.048840,0.668003,0.728246,-0.058682,0.679713,0.730082,-0.052682,0.696683,0.736538,-0.047572
1780385766.016,right,thumbs_up,0.754095,0.790079,-0.000000,0.746550,0.699555,-0.003497,0.726218,0.606316,-0.012316,0.710817,0.535622,-0.020880,0.713764,0.477151,-0.029554,0.743512,0.617172,-0.028770,0.678744,0.605826,-0.045788,0.686200,0.625017,-0.051933,0.703332,0.626603,-0.054376,0.738733,0.669976,-0.034880,0.668088,0.649888,-0.049885,0.681862,0.661771,-0.047558,0.702616,0.667238,-0.046720,0.731628,0.719338,-0.040797,0.667969,0.688579,-0.055098,0.681425,0.698130,-0.046049,0.700944,0.703556,-0.039297,0.723323,0.763393,-0.046536,0.674441,0.729154,-0.056520,0.684106,0.731102,-0.051195,0.701490,0.736293,-0.046401
1780385766.519,right,thumbs_up,0.755793,0.786318,-0.000000,0.748386,0.697137,-0.002925,0.727365,0.604623,-0.011915,0.711619,0.534996,-0.020779,0.715188,0.476732,-0.029521,0.745188,0.617409,-0.029228,0.679771,0.602859,-0.046637,0.689212,0.623810,-0.052977,0.707329,0.626647,-0.055538,0.739582,0.669674,-0.035958,0.668952,0.645894,-0.051357,0.684083,0.659325,-0.048974,0.705111,0.666528,-0.048104,0.731721,0.718479,-0.042395,0.668857,0.684796,-0.056952,0.683599,0.696870,-0.047172,0.703372,0.704490,-0.039952,0.722731,0.762336,-0.048628,0.674872,0.725655,-0.058713,0.685758,0.730801,-0.052589,0.703273,0.739324,-0.047321
1780385767.041,right,thumbs_up,0.756330,0.782425,-0.000000,0.748618,0.693178,-0.003550,0.728342,0.600884,-0.012814,0.712211,0.531940,-0.021729,0.715518,0.473743,-0.030362,0.745259,0.613932,-0.029855,0.679699,0.600182,-0.046809,0.689406,0.620955,-0.052327,0.707493,0.623840,-0.054268,0.739532,0.666808,-0.036123,0.668744,0.643752,-0.051452,0.684221,0.656612,-0.048802,0.705218,0.663515,-0.047678,0.731468,0.715715,-0.042080,0.668114,0.682056,-0.056675,0.682980,0.693604,-0.046900,0.702802,0.701135,-0.039601,0.722018,0.759573,-0.047856,0.673751,0.722387,-0.058077,0.684687,0.727158,-0.052105,0.702100,0.735598,-0.046851
1780385767.574,right,thumbs_up,0.746245,0.791655,-0.000000,0.738468,0.707915,-0.002470,0.712170,0.617098,-0.012002,0.692197,0.549467,-0.020637,0.692602,0.490407,-0.029273,0.724175,0.633541,-0.038566,0.656084,0.619520,-0.054086,0.667057,0.634982,-0.056912,0.684932,0.639994,-0.056939,0.718465,0.689006,-0.044918,0.645935,0.664060,-0.058753,0.662298,0.673804,-0.054091,0.683679,0.682509,-0.051927,0.710953,0.740108,-0.049876,0.646495,0.702614,-0.062917,0.662309,0.711516,-0.051578,0.682024,0.721430,-0.043817,0.701419,0.785857,-0.054326,0.654591,0.746385,-0.064790,0.667607,0.749066,-0.058071,0.684916,0.758096,-0.052572
1780385768.114,right,thumbs_up,0.690541,0.803563,-0.000000,0.679783,0.725387,-0.004854,0.648517,0.646218,-0.014684,0.622428,0.591029,-0.022757,0.615613,0.535837,-0.030351,0.640927,0.681384,-0.039418,0.576656,0.675347,-0.051730,0.591150,0.680098,-0.052923,0.612688,0.683216,-0.051208,0.636273,0.738206,-0.041676,0.573006,0.721679,-0.050018,0.589576,0.723614,-0.043926,0.610014,0.729517,-0.040509,0.631408,0.789981,-0.042410,0.574359,0.761369,-0.048062,0.590017,0.762115,-0.035757,0.609782,0.767734,-0.028048,0.626156,0.835746,-0.042990,0.582056,0.799069,-0.046601,0.593603,0.795473,-0.037295,0.609558,0.803414,-0.030532
1780385768.635,right,thumbs_up,0.626068,0.848882,-0.000000,0.610225,0.764734,-0.005551,0.576014,0.696963,-0.012675,0.543437,0.645826,-0.017448,0.531602,0.597136,-0.020945,0.549774,0.740478,-0.028111,0.499681,0.732922,-0.032979,0.516780,0.733357,-0.031139,0.535333,0.735692,-0.028367,0.544753,0.799554,-0.026580,0.499552,0.777957,-0.026944,0.515451,0.773174,-0.021426,0.532301,0.777754,-0.018869,0.541276,0.849812,-0.023480,0.505739,0.819883,-0.020490,0.520113,0.813177,-0.011241,0.535807,0.818410,-0.007317,0.539404,0.890573,-0.020610,0.514704,0.854758,-0.017114,0.528003,0.848800,-0.008741,0.540349,0.853495,-0.003358
1780385769.151,right,thumbs_up,0.577396,0.834923,0.000000,0.564132,0.744677,-0.002546,0.535407,0.677413,-0.007573,0.501898,0.626242,-0.010892,0.488217,0.578706,-0.012865,0.495761,0.719782,-0.018837,0.452021,0.706597,-0.018084,0.467845,0.708243,-0.013248,0.483744,0.714356,-0.009144,0.488320,0.776143,-0.017192,0.452985,0.748716,-0.011167,0.468536,0.745799,-0.004337,0.482833,0.752733,-0.001885,0.485139,0.825094,-0.013721,0.458898,0.790078,-0.005220,0.471748,0.786525,0.003631,0.485656,0.794929,0.006067,0.484325,0.864666,-0.010327,0.465954,0.827484,-0.002637,0.477806,0.823565,0.006038,0.488994,0.829671,0.011200
1780385769.658,right,thumbs_up,0.563120,1.020352,-0.000000,0.537134,0.941586,-0.014086,0.497747,0.893178,-0.022479,0.457763,0.884736,-0.028728,0.429609,0.861360,-0.031580,0.482241,0.992687,-0.019332,0.423576,0.995132,-0.033207,0.439519,0.964140,-0.040119,0.461893,0.959966,-0.041037,0.483747,1.042891,-0.014543,0.427607,1.032468,-0.023431,0.441621,1.000540,-0.026378,0.463678,1.002907,-0.027054,0.485530,1.074990,-0.010731,0.437948,1.065076,-0.014920,0.449590,1.036893,-0.010665,0.467211,1.036348,-0.006845,0.486316,1.093552,-0.008195,0.446993,1.088451,-0.009623,0.454152,1.065158,-0.004748,0.470353,1.064962,-0.000225
1780387995.508,left,thumbs_up,0.353639,0.779349,-0.000000,0.361712,0.702993,-0.002452,0.380275,0.644990,-0.009654,0.398103,0.595750,-0.015634,0.402620,0.553789,-0.020200,0.424639,0.682411,-0.018583,0.451147,0.662340,-0.015889,0.434209,0.664337,-0.010166,0.418908,0.672780,-0.007075,0.433712,0.728968,-0.017860,0.452745,0.698258,-0.013191,0.438171,0.695726,-0.007639,0.424592,0.705575,-0.006827,0.435003,0.768790,-0.014966,0.449548,0.735787,-0.008664,0.437883,0.735089,-0.001521,0.424982,0.745036,-0.000492,0.434197,0.800331,-0.011805,0.445112,0.770258,-0.006599,0.434458,0.769125,0.000252,0.425026,0.777528,0.003541
1780387996.056,left,thumbs_up,0.345934,0.781672,-0.000000,0.354611,0.702254,-0.003247,0.374686,0.641409,-0.010614,0.394353,0.590696,-0.016454,0.400757,0.547410,-0.020513,0.418330,0.681425,-0.020198,0.447459,0.659962,-0.017738,0.430376,0.660503,-0.011398,0.414259,0.668857,-0.007816,0.427226,0.730343,-0.019447,0.447876,0.697831,-0.014927,0.433133,0.695037,-0.008758,0.419889,0.705082,-0.007672,0.428276,0.771380,-0.016613,0.444679,0.736631,-0.010748,0.432945,0.735191,-0.003014,0.420050,0.744958,-0.001705,0.427280,0.803958,-0.013537,0.440042,0.771955,-0.008968,0.429326,0.769571,-0.001999,0.419516,0.777549,0.001347
1780387996.586,left,thumbs_up,0.320260,0.763625,-0.000000,0.330656,0.687509,-0.006637,0.352420,0.621077,-0.015723,0.369707,0.568941,-0.023625,0.375396,0.521600,-0.029614,0.384640,0.660358,-0.022173,0.425186,0.648942,-0.028368,0.406742,0.653060,-0.028778,0.388221,0.658131,-0.028351,0.391301,0.709876,-0.022776,0.425316,0.687623,-0.025204,0.410195,0.687163,-0.022035,0.393606,0.694010,-0.021291,0.392781,0.752926,-0.022683,0.421093,0.728304,-0.021970,0.408364,0.727418,-0.013622,0.393337,0.734015,-0.010237,0.392728,0.788658,-0.022929,0.415145,0.763706,-0.020734,0.403713,0.760394,-0.012447,0.391739,0.766607,-0.007563
1780387997.091,left,thumbs_up,0.304584,0.769735,-0.000000,0.314304,0.691165,-0.008129,0.336552,0.618993,-0.017854,0.352911,0.564513,-0.025930,0.357684,0.516267,-0.031891,0.363863,0.658087,-0.026856,0.409400,0.646798,-0.035007,0.390713,0.651095,-0.035714,0.371953,0.656683,-0.035074,0.371200,0.710010,-0.027056,0.410337,0.686648,-0.031180,0.394214,0.685731,-0.027340,0.376612,0.693562,-0.025714,0.373958,0.754761,-0.026670,0.407517,0.727344,-0.027603,0.393457,0.725875,-0.018442,0.377069,0.734268,-0.013955,0.374889,0.791223,-0.026670,0.400720,0.762670,-0.025652,0.388863,0.759694,-0.017240,0.376086,0.768218,-0.012026
1780387997.615,left,thumbs_up,0.328229,0.780613,-0.000000,0.331110,0.700241,-0.006566,0.345696,0.632109,-0.015859,0.360393,0.576196,-0.023053,0.364556,0.528958,-0.028200,0.385274,0.670295,-0.025865,0.419646,0.638968,-0.027840,0.403091,0.640622,-0.023603,0.386564,0.652861,-0.020517,0.398503,0.717698,-0.024545,0.424915,0.676882,-0.024317,0.409796,0.674565,-0.018892,0.395557,0.687512,-0.017256,0.404641,0.757373,-0.021561,0.426042,0.715531,-0.019193,0.413393,0.713345,-0.010756,0.400479,0.725801,-0.007941,0.408300,0.788557,-0.018567,0.424336,0.749933,-0.016361,0.412937,0.746676,-0.008888,0.403078,0.756783,-0.004611
1780387998.147,left,thumbs_up,0.359989,0.799678,-0.000000,0.362808,0.721408,-0.003348,0.378111,0.660249,-0.010343,0.394983,0.606797,-0.015726,0.401796,0.565375,-0.019551,0.427155,0.694935,-0.019274,0.450147,0.664688,-0.015621,0.432075,0.669483,-0.009176,0.417380,0.683046,-0.005554,0.438884,0.739644,-0.016975,0.453374,0.700559,-0.011112,0.438083,0.699281,-0.004809,0.426365,0.713055,-0.003774,0.441691,0.777885,-0.012438,0.453256,0.738082,-0.005658,0.441171,0.737535,0.001684,0.429506,0.750261,0.002769,0.441766,0.807329,-0.007618,0.450683,0.774099,-0.002261,0.439479,0.773976,0.004494,0.430373,0.784106,0.007773
1780387998.699,left,thumbs_up,0.336246,0.794188,-0.000000,0.341568,0.715777,-0.005466,0.357712,0.650132,-0.013824,0.373492,0.596915,-0.020358,0.378483,0.552890,-0.025011,0.402437,0.687451,-0.022720,0.431972,0.659235,-0.023019,0.413745,0.664006,-0.018608,0.397379,0.675944,-0.015742,0.413969,0.735046,-0.021118,0.435558,0.697661,-0.019263,0.419399,0.697444,-0.013969,0.405965,0.709584,-0.012729,0.417379,0.774606,-0.017748,0.434045,0.737259,-0.014427,0.421379,0.737373,-0.007126,0.408998,0.749129,-0.005210,0.418178,0.804920,-0.014233,0.431549,0.771107,-0.011283,0.419608,0.770082,-0.004309,0.409536,0.780400,-0.000419
1780387999.215,left,thumbs_up,0.324469,0.799665,-0.000000,0.330225,0.719558,-0.005577,0.347584,0.650965,-0.013969,0.362718,0.598138,-0.020946,0.368441,0.553101,-0.026000,0.384233,0.692518,-0.023052,0.422458,0.663414,-0.027818,0.403329,0.665695,-0.026477,0.385407,0.678248,-0.024753,0.395197,0.742965,-0.022854,0.425262,0.703486,-0.024349,0.409120,0.700443,-0.020162,0.394056,0.713614,-0.018692,0.399719,0.784145,-0.021498,0.424820,0.743441,-0.020653,0.411410,0.740110,-0.012848,0.397954,0.752141,-0.009668,0.402216,0.816145,-0.020112,0.421891,0.778665,-0.018255,0.409773,0.773694,-0.010610,0.398592,0.783651,-0.005908
1780387999.762,left,thumbs_up,0.324859,0.809074,-0.000000,0.330493,0.727361,-0.007403,0.348000,0.659005,-0.017096,0.365280,0.603881,-0.024952,0.370780,0.556414,-0.030685,0.387539,0.699755,-0.025587,0.427630,0.674137,-0.030037,0.408079,0.676690,-0.027770,0.389084,0.686995,-0.025493,0.399296,0.751018,-0.024007,0.428956,0.712701,-0.025243,0.412231,0.710564,-0.020552,0.397893,0.723360,-0.019115,0.403611,0.792767,-0.021231,0.427214,0.752999,-0.019936,0.414083,0.750734,-0.011939,0.401255,0.762661,-0.009034,0.405888,0.824563,-0.018540,0.424359,0.788244,-0.016093,0.412454,0.784757,-0.008517,0.402052,0.794912,-0.004175
1780388000.275,left,thumbs_up,0.361870,0.820793,-0.000000,0.370553,0.738349,-0.005388,0.387239,0.676139,-0.014291,0.404951,0.622061,-0.021725,0.410494,0.576393,-0.027352,0.435360,0.720731,-0.018713,0.464358,0.689301,-0.018432,0.446012,0.691739,-0.015422,0.429952,0.703021,-0.013786,0.445640,0.769221,-0.016717,0.465691,0.730860,-0.014314,0.450097,0.729166,-0.010387,0.436096,0.740613,-0.010242,0.447804,0.809259,-0.013051,0.463189,0.771116,-0.008152,0.451333,0.769582,-0.001043,0.438134,0.780396,0.000366,0.447255,0.839838,-0.009457,0.458997,0.807155,-0.004993,0.447852,0.804273,0.002228,0.437926,0.812824,0.006150
1780388000.786,left,thumbs_up,0.299260,0.770881,-0.000000,0.307730,0.693898,-0.005009,0.330328,0.615751,-0.012992,0.345444,0.561757,-0.020718,0.347739,0.514997,-0.026477,0.354906,0.647520,-0.020215,0.401760,0.637988,-0.030565,0.385608,0.651596,-0.034791,0.366562,0.657800,-0.036219,0.362409,0.697522,-0.023603,0.405813,0.680936,-0.028503,0.392423,0.689790,-0.026881,0.373004,0.696921,-0.026540,0.366866,0.744437,-0.026820,0.403216,0.724731,-0.028097,0.390743,0.731279,-0.019605,0.372494,0.738841,-0.015365,0.369740,0.786638,-0.030458,0.398796,0.763586,-0.028892,0.387326,0.765754,-0.019754,0.372377,0.772791,-0.014106
1780388001.300,left,thumbs_up,0.224530,0.698005,-0.000000,0.244568,0.626737,-0.013401,0.242710,0.551397,-0.021837,0.239211,0.495223,-0.029726,0.243130,0.440640,-0.035843,0.177198,0.530942,-0.013449,0.215795,0.533616,-0.030081,0.225850,0.566208,-0.041516,0.219019,0.576236,-0.049744,0.159626,0.568387,-0.014829,0.211904,0.575467,-0.029138,0.222104,0.602947,-0.034868,0.213716,0.606972,-0.039686,0.152999,0.612860,-0.018441,0.204821,0.618709,-0.032667,0.211503,0.638776,-0.033325,0.199391,0.640451,-0.033897,0.152610,0.658383,-0.023662,0.192906,0.658089,-0.035439,0.200003,0.666165,-0.037932,0.189843,0.666160,-0.038777
1780388001.836,left,thumbs_up,0.168741,0.646039,-0.000000,0.174973,0.573488,-0.014314,0.161231,0.502566,-0.021830,0.148493,0.449269,-0.029686,0.150503,0.406212,-0.035127,0.103639,0.520908,-0.006119,0.078769,0.500867,-0.023026,0.102272,0.516419,-0.031042,0.118479,0.531918,-0.033060,0.093071,0.558808,-0.005481,0.076501,0.540282,-0.021674,0.109923,0.559935,-0.024052,0.120238,0.572282,-0.021452,0.087082,0.597382,-0.007986,0.071033,0.576972,-0.025193,0.101482,0.589687,-0.020510,0.112012,0.602101,-0.012258,0.084114,0.638056,-0.011695,0.064142,0.621429,-0.022062,0.085534,0.618234,-0.016666,0.098586,0.620818,-0.008905
1780388002.349,left,thumbs_up,0.128319,0.645938,-0.000000,0.130128,0.574479,-0.013145,0.111767,0.507783,-0.019533,0.093995,0.457224,-0.026359,0.093781,0.416651,-0.030434,0.055389,0.530844,-0.003036,0.028270,0.508678,-0.020212,0.053288,0.526279,-0.028652,0.070205,0.544063,-0.030822,0.047406,0.569666,-0.002924,0.024424,0.551096,-0.019323,0.058718,0.566019,-0.021613,0.071950,0.576743,-0.018391,0.043030,0.609196,-0.006133,0.024210,0.591536,-0.022903,0.055337,0.599530,-0.017692,0.067618,0.608959,-0.008722,0.041012,0.650017,-0.010514,0.023122,0.633338,-0.019068,0.045194,0.629738,-0.012585,0.057483,0.632476,-0.004281
1780388002.879,left,thumbs_up,0.170535,0.718908,-0.000000,0.170547,0.626086,-0.010904,0.154858,0.547350,-0.019244,0.142677,0.488965,-0.026876,0.128442,0.434443,-0.032653,0.107074,0.557882,-0.027040,0.171751,0.521475,-0.047928,0.179359,0.549072,-0.059258,0.163112,0.566012,-0.067659,0.108683,0.605376,-0.032154,0.184299,0.564869,-0.052518,0.185345,0.589484,-0.057760,0.168475,0.605692,-0.062941,0.121041,0.653658,-0.038445,0.187746,0.613902,-0.058653,0.188718,0.631660,-0.056890,0.172544,0.643892,-0.055175,0.138459,0.698683,-0.045946,0.181808,0.662538,-0.063953,0.184076,0.660602,-0.067013,0.173628,0.663931,-0.067528
1780388003.381,left,thumbs_up,0.273449,0.724334,-0.000000,0.272621,0.643258,-0.005822,0.283328,0.564785,-0.014552,0.292799,0.508446,-0.023025,0.291381,0.462060,-0.029057,0.314637,0.586313,-0.020210,0.363333,0.558884,-0.032949,0.349472,0.575880,-0.038080,0.330017,0.588681,-0.039281,0.328349,0.631543,-0.023429,0.371958,0.599024,-0.029799,0.358084,0.609425,-0.027642,0.338937,0.622498,-0.026659,0.338768,0.673566,-0.026907,0.374131,0.639302,-0.029577,0.361661,0.648246,-0.019665,0.345175,0.661918,-0.014009,0.346663,0.712042,-0.030968,0.375160,0.676588,-0.029286,0.363504,0.683860,-0.018889,0.349680,0.696841,-0.012176
1780388003.913,left,thumbs_up,0.383508,0.738942,-0.000000,0.383556,0.666554,-0.005937,0.395614,0.610910,-0.012653,0.413719,0.565045,-0.018109,0.422026,0.524684,-0.022251,0.443725,0.624101,-0.011066,0.454838,0.615154,-0.009019,0.441400,0.627762,-0.006779,0.430136,0.638099,-0.006256,0.456357,0.664299,-0.009281,0.457419,0.651283,-0.004911,0.444824,0.658722,-0.003627,0.434843,0.671268,-0.005488,0.459815,0.702368,-0.006355,0.459500,0.684830,-0.001672,0.449447,0.690200,0.002135,0.439093,0.701870,0.001854,0.460206,0.734705,-0.003743,0.460113,0.717313,0.000029,0.450647,0.721051,0.005163,0.442724,0.730225,0.008135
1780388004.414,left,thumbs_up,0.376302,0.747118,-0.000000,0.374936,0.673630,-0.005213,0.382072,0.615281,-0.010990,0.396153,0.569968,-0.015123,0.412561,0.549945,-0.017498,0.433616,0.630584,-0.011384,0.437774,0.620429,-0.005421,0.425747,0.632187,0.000395,0.416672,0.641972,0.002843,0.447623,0.668271,-0.009046,0.446618,0.652393,-0.001814,0.436007,0.658714,0.001515,0.426878,0.670286,0.000627,0.452632,0.704221,-0.005170,0.450180,0.684916,0.001851,0.441426,0.690535,0.005694,0.431868,0.701946,0.004836,0.453509,0.733878,-0.001579,0.451848,0.716940,0.003016,0.443346,0.721433,0.007355,0.435628,0.730846,0.009502
1780388004.969,left,thumbs_up,0.374733,0.741341,-0.000000,0.370596,0.673397,-0.004432,0.376554,0.616877,-0.009839,0.391277,0.572673,-0.013909,0.408566,0.558440,-0.016119,0.429143,0.623995,-0.010090,0.442420,0.608308,-0.005421,0.431206,0.616429,-0.000038,0.420482,0.626491,0.002707,0.442868,0.661079,-0.007887,0.446130,0.643770,-0.000987,0.435336,0.649615,0.002837,0.426289,0.661624,0.002726,0.448227,0.697277,-0.004457,0.448628,0.678021,0.002346,0.439443,0.682672,0.006571,0.429865,0.693565,0.006321,0.449846,0.728229,-0.001257,0.450155,0.711250,0.003922,0.441498,0.714853,0.008488,0.433933,0.723744,0.010835
1780388005.505,left,thumbs_up,0.353513,0.709196,-0.000000,0.345300,0.648263,-0.002160,0.352897,0.588568,-0.004567,0.373146,0.548898,-0.006191,0.391270,0.543477,-0.006112,0.401657,0.587313,-0.004950,0.414669,0.575039,-0.002617,0.405383,0.587976,0.000273,0.394724,0.599458,0.001762,0.416114,0.620466,-0.004845,0.424246,0.607868,0.000684,0.414556,0.618407,0.003819,0.403724,0.630746,0.004163,0.424071,0.655336,-0.004115,0.428234,0.643326,0.000803,0.419625,0.650714,0.004475,0.408572,0.661127,0.004682,0.427410,0.688798,-0.003672,0.428711,0.677641,-0.000506,0.419862,0.683109,0.003134,0.410577,0.691228,0.005383
1780388006.041,left,thumbs_up,0.339008,0.718500,-0.000000,0.332835,0.648638,-0.004127,0.338600,0.586748,-0.009584,0.355937,0.538199,-0.014020,0.371711,0.506079,-0.016398,0.388245,0.586996,-0.010379,0.409364,0.575650,-0.010310,0.400183,0.592739,-0.007948,0.389253,0.603596,-0.006459,0.403260,0.624099,-0.010345,0.419591,0.611896,-0.006599,0.408413,0.625052,-0.002677,0.395712,0.636823,-0.001828,0.411528,0.661017,-0.009777,0.422336,0.650907,-0.005129,0.413542,0.659697,0.000461,0.401418,0.669920,0.001667,0.416044,0.695486,-0.009617,0.421674,0.685386,-0.005632,0.412683,0.691409,-0.000193,0.403182,0.698660,0.003090
1780388006.587,left,thumbs_up,0.406790,0.758590,-0.000000,0.409672,0.672572,-0.005603,0.420690,0.604352,-0.012371,0.440611,0.554276,-0.019036,0.455789,0.511104,-0.024112,0.482756,0.618342,-0.001392,0.493620,0.622069,-0.005599,0.481288,0.640385,-0.012345,0.468967,0.651704,-0.016837,0.498268,0.660611,-0.001500,0.497633,0.663062,0.000077,0.484845,0.676855,-0.003227,0.472566,0.689001,-0.007246,0.504003,0.701983,-0.001999,0.501034,0.698542,0.000421,0.490220,0.709082,0.002162,0.478250,0.719772,0.001753,0.505592,0.739977,-0.003346,0.503658,0.732136,-0.000577,0.492446,0.738401,0.004474,0.482192,0.746633,0.008509
1780388007.106,left,thumbs_up,0.505223,0.777104,-0.000000,0.501938,0.698357,-0.018374,0.516928,0.636046,-0.027548,0.534190,0.585029,-0.032173,0.543745,0.542498,-0.034774,0.579941,0.660493,-0.017591,0.567443,0.610724,-0.014453,0.548900,0.623220,-0.012544,0.538445,0.646633,-0.012013,0.590498,0.697517,-0.007596,0.572805,0.646842,-0.004136,0.555415,0.652477,-0.004803,0.545241,0.671610,-0.007265,0.588151,0.729336,0.002919,0.575506,0.684339,0.005712,0.562080,0.684747,0.005388,0.551123,0.700129,0.003223,0.582389,0.753607,0.012399,0.574609,0.716293,0.012752,0.563771,0.717335,0.013754,0.555720,0.731141,0.014720
1780388007.641,left,thumbs_up,0.498906,0.767717,-0.000000,0.493364,0.690000,-0.016662,0.506369,0.627550,-0.025741,0.522012,0.573288,-0.030751,0.531133,0.527779,-0.034006,0.571606,0.645756,-0.015666,0.560072,0.598119,-0.012790,0.542446,0.611769,-0.011944,0.533956,0.635331,-0.012548,0.583437,0.682281,-0.006675,0.566965,0.633791,-0.002773,0.551020,0.641173,-0.003605,0.542445,0.661146,-0.006734,0.582584,0.714720,0.002855,0.571282,0.670563,0.006143,0.558721,0.673662,0.006501,0.549563,0.690241,0.004218,0.577593,0.739564,0.011467,0.569788,0.702300,0.012194,0.558908,0.705616,0.013785,0.552126,0.720109,0.014786
1780388008.182,left,thumbs_up,0.491528,0.762831,-0.000000,0.483918,0.684159,-0.016845,0.494426,0.620303,-0.027312,0.510031,0.563365,-0.033585,0.519230,0.516369,-0.038006,0.564432,0.630419,-0.018210,0.553969,0.585070,-0.013919,0.537276,0.602888,-0.011389,0.530640,0.627696,-0.011100,0.578661,0.669275,-0.009122,0.561978,0.626635,-0.003208,0.546844,0.636722,-0.002674,0.539880,0.657151,-0.005438,0.579277,0.705560,0.000810,0.567576,0.667445,0.006268,0.555590,0.672084,0.006963,0.547002,0.688966,0.004222,0.576076,0.735047,0.009793,0.568861,0.702028,0.012928,0.558431,0.706328,0.014933,0.551527,0.721044,0.015692
1780388008.712,left,thumbs_up,0.419152,0.712777,-0.000000,0.417641,0.629004,-0.006032,0.428121,0.551917,-0.014866,0.443520,0.491952,-0.023285,0.454174,0.443414,-0.029413,0.473228,0.564124,-0.015753,0.511738,0.545196,-0.023640,0.499807,0.552901,-0.026495,0.484102,0.564229,-0.027197,0.488175,0.612342,-0.018272,0.523214,0.582014,-0.020585,0.510911,0.585965,-0.018131,0.494751,0.600615,-0.017454,0.497787,0.658338,-0.020979,0.527407,0.624414,-0.021250,0.515092,0.629583,-0.013291,0.500212,0.645499,-0.009481,0.504156,0.701604,-0.024207,0.525328,0.667807,-0.022621,0.513333,0.670551,-0.014167,0.501151,0.684185,-0.008429
1780388009.246,left,thumbs_up,0.270150,0.685932,-0.000000,0.288565,0.596129,-0.028375,0.272999,0.501687,-0.043281,0.252832,0.435884,-0.055183,0.241730,0.371671,-0.063082,0.172787,0.492204,-0.022575,0.205753,0.477463,-0.046590,0.235424,0.516087,-0.059393,0.237002,0.538671,-0.066294,0.152486,0.544015,-0.019203,0.201569,0.533416,-0.040836,0.235554,0.565994,-0.046594,0.232498,0.576140,-0.048239,0.147206,0.603742,-0.019878,0.195064,0.592428,-0.041867,0.226004,0.614879,-0.038354,0.221940,0.621802,-0.033032,0.149960,0.662718,-0.023315,0.181659,0.648102,-0.037261,0.207522,0.654254,-0.033868,0.209185,0.656160,-0.028268
1780388009.783,left,thumbs_up,0.223658,0.672972,-0.000000,0.233700,0.583154,-0.019876,0.211878,0.489515,-0.028931,0.185444,0.422586,-0.038206,0.171121,0.368159,-0.044285,0.132685,0.496391,-0.008670,0.092945,0.461172,-0.029590,0.121371,0.487128,-0.041571,0.147966,0.516892,-0.045520,0.118474,0.546849,-0.006763,0.086686,0.513929,-0.029502,0.130177,0.541758,-0.035875,0.157492,0.566472,-0.034273,0.110637,0.600854,-0.008741,0.070076,0.565468,-0.029178,0.109147,0.578466,-0.024512,0.136511,0.600158,-0.015454,0.106404,0.658858,-0.012645,0.074005,0.629162,-0.027213,0.099701,0.625321,-0.023374,0.121147,0.632927,-0.015820
1780388010.385,left,thumbs_up,0.238434,0.659771,-0.000000,0.255288,0.574491,-0.015440,0.243222,0.478941,-0.023560,0.223245,0.408414,-0.032739,0.211954,0.353052,-0.039190,0.171219,0.475565,-0.008073,0.135889,0.419532,-0.029910,0.161722,0.451525,-0.041678,0.183809,0.488414,-0.045250,0.156085,0.515640,-0.008597,0.126985,0.468580,-0.032711,0.167890,0.508789,-0.038378,0.192459,0.541125,-0.036176,0.144718,0.559556,-0.012668,0.109685,0.506841,-0.034641,0.148709,0.534188,-0.028289,0.174336,0.563937,-0.017704,0.135256,0.608499,-0.018317,0.109615,0.562752,-0.033116,0.136370,0.570004,-0.027915,0.157087,0.586586,-0.019604
1780388010.896,left,thumbs_up,0.253363,0.661647,-0.000000,0.273341,0.582873,-0.016474,0.266357,0.485224,-0.024551,0.249654,0.410935,-0.033454,0.242356,0.353629,-0.039025,0.192651,0.466667,-0.006834,0.162455,0.406047,-0.028212,0.190054,0.446818,-0.039017,0.210812,0.490019,-0.041658,0.175535,0.501412,-0.006814,0.149924,0.449291,-0.030033,0.188686,0.497119,-0.035333,0.210660,0.532566,-0.032699,0.162091,0.541125,-0.010514,0.134141,0.483374,-0.032485,0.171853,0.519602,-0.026074,0.194561,0.554114,-0.015059,0.150709,0.586775,-0.015802,0.128999,0.532871,-0.030396,0.156700,0.547589,-0.024446,0.177037,0.570658,-0.015259
1780388011.418,left,thumbs_up,0.237676,0.481230,-0.000000,0.247433,0.423179,-0.014652,0.234909,0.355380,-0.020710,0.217475,0.303956,-0.026292,0.209685,0.261384,-0.028771,0.184794,0.351374,-0.005507,0.163700,0.328777,-0.021447,0.187789,0.354349,-0.028534,0.200709,0.369737,-0.030459,0.174031,0.383333,-0.003990,0.155848,0.362843,-0.020753,0.187110,0.388348,-0.022938,0.197354,0.399064,-0.020054,0.167647,0.416934,-0.005621,0.147970,0.394616,-0.022119,0.176469,0.412477,-0.015910,0.186792,0.421955,-0.006988,0.163859,0.452617,-0.008588,0.147574,0.434350,-0.018676,0.167776,0.439190,-0.013591,0.178580,0.445005,-0.006392
1780388011.941,left,thumbs_up,0.349389,0.426122,-0.000000,0.353890,0.384245,-0.013150,0.344074,0.334820,-0.018633,0.331777,0.300841,-0.023292,0.324203,0.272331,-0.025872,0.305926,0.331999,-0.006704,0.292851,0.325233,-0.021532,0.312727,0.345666,-0.029052,0.325999,0.355303,-0.031485,0.296858,0.358053,-0.004703,0.284057,0.349662,-0.020576,0.307629,0.370129,-0.023415,0.320959,0.378790,-0.021161,0.291505,0.384223,-0.005439,0.280093,0.378444,-0.021193,0.302521,0.393348,-0.018284,0.315321,0.399620,-0.011605,0.289686,0.410289,-0.007237,0.280518,0.405473,-0.017102,0.296539,0.413102,-0.014803,0.306894,0.416348,-0.009810
1780388012.550,left,thumbs_up,0.580525,0.305382,0.000000,0.575142,0.339165,-0.002388,0.559878,0.363096,-0.007046,0.543942,0.372095,-0.011473,0.529350,0.368113,-0.015782,0.566339,0.355097,-0.012794,0.546309,0.360679,-0.018861,0.534648,0.361880,-0.022109,0.528934,0.362759,-0.024244,0.567194,0.334650,-0.015414,0.547063,0.333509,-0.021509,0.534652,0.333881,-0.022850,0.528184,0.334421,-0.024012,0.566607,0.312406,-0.017756,0.548004,0.309927,-0.022819,0.536440,0.311282,-0.021644,0.529694,0.313469,-0.020950,0.564862,0.289421,-0.020178,0.549657,0.284634,-0.023552,0.539728,0.285685,-0.022322,0.533060,0.287000,-0.021414
1780388013.101,left,thumbs_up,0.717627,0.384592,-0.000000,0.733722,0.340561,-0.003177,0.762881,0.294114,-0.009799,0.786340,0.259328,-0.016399,0.799666,0.222239,-0.021414,0.766330,0.283399,-0.020996,0.811318,0.293969,-0.034747,0.807147,0.311495,-0.040106,0.794379,0.317534,-0.041472,0.762742,0.314257,-0.025577,0.812780,0.327344,-0.035082,0.806573,0.340897,-0.033340,0.793069,0.344091,-0.031940,0.760182,0.351343,-0.030158,0.808954,0.361304,-0.036357,0.801636,0.370310,-0.028416,0.788728,0.371536,-0.023196,0.758548,0.390095,-0.034974,0.798400,0.393153,-0.036707,0.792403,0.396429,-0.029564,0.780142,0.396046,-0.024582
1780388013.625,left,thumbs_up,0.818076,0.314213,-0.000000,0.836750,0.260828,0.004229,0.862695,0.215029,-0.000485,0.882528,0.179630,-0.006421,0.892904,0.144438,-0.010925,0.875693,0.208848,-0.019462,0.925412,0.219846,-0.029357,0.918661,0.237672,-0.029234,0.904047,0.240099,-0.027209,0.875827,0.242647,-0.027287,0.928336,0.256353,-0.034428,0.917297,0.268508,-0.028994,0.901681,0.265394,-0.025676,0.875471,0.280168,-0.034032,0.926804,0.288899,-0.038022,0.914516,0.296869,-0.026769,0.899442,0.292794,-0.020175,0.873603,0.318404,-0.040284,0.915424,0.322394,-0.039784,0.904804,0.327214,-0.029941,0.890322,0.322964,-0.023657
1780388014.138,left,thumbs_up,0.705685,0.447565,-0.000000,0.714380,0.394517,-0.002938,0.734467,0.352689,-0.009426,0.756526,0.318487,-0.015862,0.768428,0.283934,-0.020716,0.767788,0.361570,-0.014415,0.805923,0.373793,-0.020930,0.795007,0.385428,-0.022485,0.781258,0.386243,-0.022351,0.771355,0.398310,-0.016824,0.804490,0.408556,-0.017947,0.793807,0.415976,-0.015032,0.780822,0.415317,-0.014236,0.770966,0.435866,-0.018944,0.801741,0.438021,-0.018261,0.793101,0.442127,-0.011549,0.780927,0.441089,-0.008655,0.768949,0.470666,-0.021268,0.794369,0.465507,-0.018586,0.788482,0.465396,-0.011177,0.779212,0.463688,-0.006404
1780388014.661,left,thumbs_up,0.639634,0.629104,-0.000000,0.645259,0.569969,-0.003593,0.662038,0.517712,-0.009465,0.681697,0.476032,-0.014833,0.691845,0.441681,-0.018470,0.694659,0.532445,-0.013984,0.729909,0.532913,-0.018335,0.724539,0.544329,-0.017884,0.713075,0.548711,-0.016646,0.702713,0.570058,-0.016035,0.735886,0.563871,-0.016897,0.727506,0.572559,-0.013438,0.714647,0.576581,-0.011842,0.707773,0.607046,-0.017787,0.740451,0.596175,-0.017708,0.732710,0.599923,-0.010986,0.720200,0.603123,-0.007571,0.710419,0.641374,-0.019674,0.736438,0.624051,-0.018639,0.729609,0.624674,-0.011971,0.719319,0.626762,-0.007273
1780388015.195,left,thumbs_up,0.637621,0.680475,-0.000000,0.644885,0.622102,-0.002830,0.662456,0.572263,-0.009228,0.683415,0.533523,-0.015269,0.694711,0.501587,-0.019747,0.696334,0.597677,-0.014956,0.732492,0.596756,-0.019363,0.724619,0.605572,-0.018830,0.712211,0.609288,-0.017498,0.702630,0.634799,-0.016938,0.736098,0.628099,-0.017118,0.725390,0.633626,-0.012960,0.712508,0.637080,-0.011178,0.705323,0.670389,-0.018410,0.738076,0.660040,-0.017299,0.727793,0.661664,-0.009838,0.715113,0.664622,-0.006448,0.705434,0.703295,-0.019990,0.731243,0.689151,-0.018384,0.721867,0.688313,-0.011413,0.710966,0.691231,-0.006798
1780388015.790,left,thumbs_up,0.618535,0.699082,-0.000000,0.626830,0.643326,-0.004027,0.644590,0.595195,-0.011153,0.664226,0.558962,-0.017726,0.675555,0.528333,-0.022577,0.674008,0.619653,-0.018076,0.710246,0.619563,-0.023688,0.701885,0.629587,-0.023247,0.688938,0.633007,-0.021804,0.679035,0.656814,-0.020112,0.713274,0.651316,-0.022068,0.702290,0.657008,-0.018135,0.688863,0.659004,-0.016318,0.681503,0.692073,-0.021714,0.715633,0.682533,-0.022117,0.704994,0.684548,-0.014327,0.691777,0.686735,-0.010459,0.682109,0.724729,-0.023525,0.709473,0.711673,-0.023112,0.700461,0.710817,-0.016155,0.689545,0.712795,-0.011473
1780388016.375,left,thumbs_up,0.606087,0.733074,-0.000000,0.613011,0.675099,-0.004256,0.630915,0.625948,-0.011863,0.649892,0.589116,-0.018777,0.659514,0.555823,-0.024035,0.659790,0.655581,-0.019579,0.697913,0.649913,-0.025549,0.687003,0.654529,-0.025340,0.672745,0.657823,-0.024028,0.665829,0.694204,-0.021347,0.700899,0.681267,-0.023498,0.688178,0.683070,-0.019358,0.674145,0.686827,-0.017390,0.668898,0.728882,-0.022559,0.703494,0.713211,-0.022828,0.691621,0.712941,-0.014725,0.677783,0.716393,-0.010774,0.670248,0.759377,-0.023948,0.697769,0.742962,-0.023533,0.687752,0.740985,-0.016371,0.676284,0.744096,-0.011631
1780388016.876,left,thumbs_up,0.606663,0.751596,-0.000000,0.616384,0.694603,-0.004005,0.634718,0.648436,-0.011589,0.653636,0.614208,-0.018410,0.663582,0.582527,-0.023647,0.661224,0.681539,-0.019650,0.698040,0.679918,-0.024969,0.686501,0.682141,-0.023966,0.671878,0.683449,-0.022156,0.665301,0.720378,-0.021005,0.698385,0.709646,-0.022728,0.686310,0.708926,-0.018718,0.673051,0.712274,-0.017012,0.667126,0.755588,-0.021626,0.699879,0.741162,-0.021645,0.688656,0.738879,-0.013914,0.675306,0.742077,-0.010333,0.667845,0.787045,-0.022319,0.694052,0.769990,-0.022064,0.684248,0.766368,-0.015252,0.673295,0.769754,-0.010742
1780388017.400,left,thumbs_up,0.606647,0.755034,-0.000000,0.616738,0.697986,-0.004250,0.635202,0.651807,-0.011679,0.654312,0.617481,-0.018393,0.664716,0.586143,-0.023369,0.662858,0.684315,-0.018319,0.698786,0.684064,-0.023094,0.686632,0.686393,-0.021955,0.672108,0.687287,-0.020246,0.666757,0.723439,-0.019627,0.698693,0.713924,-0.021166,0.685963,0.713148,-0.017335,0.672601,0.715683,-0.015717,0.667950,0.758839,-0.020303,0.699101,0.745303,-0.020156,0.687937,0.743049,-0.012634,0.674746,0.745759,-0.009167,0.667938,0.790257,-0.021118,0.693415,0.774105,-0.020742,0.683999,0.770024,-0.014036,0.673136,0.772675,-0.009553
1780388017.941,left,thumbs_up,0.606332,0.756681,-0.000000,0.616023,0.699557,-0.003995,0.634535,0.654011,-0.011332,0.653518,0.619862,-0.017897,0.663595,0.588245,-0.022791,0.660561,0.684910,-0.019418,0.697629,0.685702,-0.024432,0.686280,0.688189,-0.023021,0.671918,0.688409,-0.020962,0.664038,0.724178,-0.020826,0.697825,0.715514,-0.022385,0.685671,0.715179,-0.018170,0.672439,0.717574,-0.016293,0.665442,0.759974,-0.021514,0.698681,0.747326,-0.021561,0.687421,0.745083,-0.013728,0.673998,0.747461,-0.009998,0.665854,0.792017,-0.022284,0.692924,0.776649,-0.022030,0.683255,0.772666,-0.015139,0.672014,0.775106,-0.010538
1780388018.488,left,thumbs_up,0.606073,0.757787,-0.000000,0.615958,0.701189,-0.003645,0.634894,0.655306,-0.010656,0.653668,0.621053,-0.017232,0.663547,0.589025,-0.022296,0.661100,0.685633,-0.017003,0.697437,0.686700,-0.022830,0.686596,0.689993,-0.022977,0.672273,0.690214,-0.021952,0.664726,0.724481,-0.018980,0.697656,0.716887,-0.021032,0.685944,0.718006,-0.017905,0.672507,0.720021,-0.016627,0.666115,0.760525,-0.020472,0.698195,0.748566,-0.020977,0.687517,0.747877,-0.013816,0.674222,0.749975,-0.010352,0.666273,0.793047,-0.022083,0.692580,0.777631,-0.022035,0.682957,0.775049,-0.015238,0.671566,0.777763,-0.010590
1780388019.034,left,thumbs_up,0.606571,0.758797,-0.000000,0.616231,0.702084,-0.003957,0.634777,0.656124,-0.011163,0.653409,0.621576,-0.017810,0.663319,0.589499,-0.022896,0.661269,0.688194,-0.017769,0.697679,0.688029,-0.023274,0.686787,0.690034,-0.022940,0.672539,0.690382,-0.021623,0.665148,0.727167,-0.019477,0.697845,0.718320,-0.021352,0.686214,0.717700,-0.017987,0.673048,0.719890,-0.016596,0.666513,0.762712,-0.020641,0.698388,0.749696,-0.020828,0.687802,0.747594,-0.013534,0.674759,0.749870,-0.010094,0.666569,0.794421,-0.021947,0.692740,0.778728,-0.021614,0.683428,0.774918,-0.014791,0.672308,0.777504,-0.010202
1780388019.560,left,thumbs_up,0.579367,0.766823,-0.000000,0.590598,0.711655,-0.005136,0.612053,0.662310,-0.013969,0.629954,0.625784,-0.021848,0.638427,0.590239,-0.028131,0.625395,0.694308,-0.027188,0.669515,0.697419,-0.036415,0.658400,0.700766,-0.036533,0.643867,0.701769,-0.034772,0.627193,0.735462,-0.029444,0.670651,0.730472,-0.034960,0.658197,0.729708,-0.030051,0.642984,0.731455,-0.026906,0.628105,0.772107,-0.031046,0.670364,0.762812,-0.033665,0.658308,0.760250,-0.023626,0.643514,0.762757,-0.017685,0.628569,0.803610,-0.032852,0.661178,0.792455,-0.033352,0.652060,0.788104,-0.025146,0.639971,0.789751,-0.019617
1780388020.093,left,thumbs_up,0.553913,0.768967,-0.000000,0.568430,0.714981,-0.008536,0.584963,0.661629,-0.016116,0.594678,0.622194,-0.022860,0.601613,0.584454,-0.027681,0.571155,0.677699,-0.025566,0.618453,0.694317,-0.040330,0.609252,0.702977,-0.045592,0.594200,0.695370,-0.048241,0.564718,0.714325,-0.027971,0.617886,0.726146,-0.039252,0.605738,0.729737,-0.037256,0.590375,0.723826,-0.037644,0.564074,0.749021,-0.031121,0.615155,0.757578,-0.039691,0.602699,0.759820,-0.033123,0.587895,0.755321,-0.030083,0.565802,0.779123,-0.035182,0.606556,0.784751,-0.039204,0.596616,0.784575,-0.035176,0.580957,0.781251,-0.033702
1780388020.641,left,thumbs_up,0.544639,0.773046,-0.000000,0.556021,0.713696,-0.011785,0.564164,0.658081,-0.018982,0.571025,0.616048,-0.025009,0.574728,0.575759,-0.029573,0.540915,0.677635,-0.022131,0.585654,0.680981,-0.036581,0.582964,0.698877,-0.044872,0.571036,0.699907,-0.051120,0.536174,0.714249,-0.023415,0.587373,0.714890,-0.036167,0.579753,0.727050,-0.039643,0.568150,0.727192,-0.044626,0.536915,0.748449,-0.025884,0.585736,0.748181,-0.037140,0.576868,0.756255,-0.035592,0.565379,0.752348,-0.035935,0.541203,0.776544,-0.029805,0.578241,0.776711,-0.038173,0.573144,0.778671,-0.039128,0.561922,0.775940,-0.040831
1780388021.169,left,thumbs_up,0.530624,0.746235,-0.000000,0.542267,0.698040,-0.011508,0.543678,0.648374,-0.019048,0.545951,0.610399,-0.024979,0.545365,0.572213,-0.030136,0.512695,0.661274,-0.027031,0.554833,0.675946,-0.039227,0.555495,0.691011,-0.045793,0.543235,0.693216,-0.051258,0.505928,0.698761,-0.027937,0.556814,0.708005,-0.036289,0.553062,0.713972,-0.036617,0.539221,0.712958,-0.039691,0.507498,0.734731,-0.029365,0.554585,0.738299,-0.036631,0.550961,0.742932,-0.030817,0.538063,0.742879,-0.028702,0.512229,0.767933,-0.032584,0.548954,0.766175,-0.041225,0.547674,0.763755,-0.040777,0.537613,0.763515,-0.040446
1780388021.678,left,thumbs_up,0.526733,0.747701,-0.000000,0.537861,0.699656,-0.013137,0.538765,0.651059,-0.021344,0.541049,0.612746,-0.027796,0.541371,0.573492,-0.033473,0.507245,0.663207,-0.027354,0.550789,0.676115,-0.040875,0.551279,0.692284,-0.048732,0.538997,0.696144,-0.054852,0.501237,0.700552,-0.027627,0.552198,0.709025,-0.036654,0.548856,0.715518,-0.037142,0.535484,0.714325,-0.040046,0.503241,0.736893,-0.028742,0.548762,0.739940,-0.036638,0.545499,0.744394,-0.030495,0.533128,0.743898,-0.027732,0.508229,0.770630,-0.031859,0.542516,0.767418,-0.040763,0.541454,0.765072,-0.039843,0.532286,0.765142,-0.038823
1780388022.217,left,thumbs_up,0.526591,0.746525,-0.000000,0.537455,0.700359,-0.013519,0.539069,0.651735,-0.021805,0.541371,0.613871,-0.028234,0.540715,0.575070,-0.033880,0.507376,0.665229,-0.027336,0.550844,0.678976,-0.040867,0.550692,0.693693,-0.049022,0.538304,0.695944,-0.055403,0.501394,0.702389,-0.027389,0.552179,0.711929,-0.036541,0.548171,0.717015,-0.037471,0.534534,0.715151,-0.040750,0.503155,0.738344,-0.028337,0.548627,0.742875,-0.036440,0.545258,0.746083,-0.030899,0.532853,0.744378,-0.028547,0.507795,0.771262,-0.031295,0.542550,0.769161,-0.040188,0.541489,0.765852,-0.039615,0.532421,0.765324,-0.038941
1780388022.724,left,thumbs_up,0.528082,0.751480,-0.000000,0.538952,0.703545,-0.013665,0.539255,0.655092,-0.021725,0.540638,0.617662,-0.027932,0.539895,0.578719,-0.033258,0.506899,0.667295,-0.026733,0.549311,0.679475,-0.039950,0.549477,0.694350,-0.047638,0.537349,0.696942,-0.053685,0.500831,0.704470,-0.026577,0.551738,0.712852,-0.035449,0.547833,0.718855,-0.036106,0.534075,0.716657,-0.039031,0.503100,0.740712,-0.027342,0.548717,0.744270,-0.035163,0.545064,0.748381,-0.029332,0.532476,0.746806,-0.026703,0.508466,0.774503,-0.030172,0.542823,0.771789,-0.039166,0.541201,0.769592,-0.038554,0.531735,0.769570,-0.037666
1780388023.241,left,thumbs_up,0.527727,0.749146,-0.000000,0.538492,0.702358,-0.014247,0.539057,0.655326,-0.022685,0.540285,0.618616,-0.029064,0.539207,0.579976,-0.034587,0.505956,0.668807,-0.027930,0.548790,0.681065,-0.041121,0.549157,0.694755,-0.048888,0.537322,0.696913,-0.055095,0.500126,0.706276,-0.027511,0.551254,0.713629,-0.036428,0.547673,0.718647,-0.037206,0.534390,0.716477,-0.040418,0.502613,0.742317,-0.027963,0.548405,0.745171,-0.035756,0.544896,0.748839,-0.030081,0.532518,0.747368,-0.027751,0.508223,0.775787,-0.030520,0.542431,0.773121,-0.039417,0.541129,0.770437,-0.038842,0.531984,0.770030,-0.038185
1780388023.745,left,thumbs_up,0.527296,0.749530,-0.000000,0.538148,0.703070,-0.014529,0.538397,0.656093,-0.023017,0.539104,0.619862,-0.029275,0.538304,0.581441,-0.034662,0.505597,0.671377,-0.029236,0.548680,0.683144,-0.042066,0.549179,0.696381,-0.049107,0.537420,0.698417,-0.054815,0.499393,0.709148,-0.028527,0.550862,0.716285,-0.037231,0.547478,0.720534,-0.037474,0.534094,0.718481,-0.040274,0.501661,0.745214,-0.028578,0.547509,0.747803,-0.036356,0.544710,0.750189,-0.030280,0.532585,0.748427,-0.027609,0.507053,0.778327,-0.030724,0.541028,0.776005,-0.039761,0.540315,0.773046,-0.039029,0.531367,0.772676,-0.038166
1780388024.262,left,thumbs_up,0.525447,0.745875,-0.000000,0.536020,0.702043,-0.014944,0.537101,0.657165,-0.023272,0.537169,0.620311,-0.029243,0.536375,0.582306,-0.034501,0.504933,0.675207,-0.029484,0.547677,0.686116,-0.040912,0.547856,0.696199,-0.046898,0.536760,0.698448,-0.051943,0.497960,0.713074,-0.028093,0.549648,0.719723,-0.035353,0.545343,0.721645,-0.035304,0.532036,0.720858,-0.038193,0.499534,0.748270,-0.027310,0.545666,0.750617,-0.034001,0.542617,0.752392,-0.028232,0.530553,0.752117,-0.025979,0.504637,0.781132,-0.028670,0.538563,0.778247,-0.037143,0.537931,0.776119,-0.036520,0.529250,0.777853,-0.035858
1780388024.800,left,thumbs_up,0.525116,0.760466,-0.000000,0.535552,0.711193,-0.013935,0.533240,0.661860,-0.020890,0.529818,0.624263,-0.025847,0.526542,0.587154,-0.030024,0.497341,0.677210,-0.023621,0.537735,0.690433,-0.034664,0.540751,0.701032,-0.041380,0.531109,0.704007,-0.046634,0.490704,0.714980,-0.022243,0.540310,0.724553,-0.029197,0.538686,0.727894,-0.030465,0.527188,0.727294,-0.033880,0.492527,0.750663,-0.021782,0.536144,0.755139,-0.028552,0.534945,0.757011,-0.025060,0.523720,0.756129,-0.024065,0.498043,0.784063,-0.023229,0.529695,0.780153,-0.030699,0.530381,0.780815,-0.030457,0.522156,0.783840,-0.030111
1780388025.311,left,thumbs_up,0.507073,0.760439,-0.000000,0.512933,0.708572,-0.009769,0.503928,0.658577,-0.015322,0.495708,0.628060,-0.020198,0.490459,0.598336,-0.024421,0.457451,0.683690,-0.013952,0.485351,0.695125,-0.026190,0.499050,0.704907,-0.034606,0.497544,0.707190,-0.039827,0.449065,0.721009,-0.014445,0.486198,0.728986,-0.022127,0.500009,0.730354,-0.024767,0.498148,0.727385,-0.027638,0.449642,0.756219,-0.016109,0.483660,0.761018,-0.023341,0.495819,0.758041,-0.022009,0.493275,0.753686,-0.021722,0.454318,0.788845,-0.019088,0.480189,0.789324,-0.023532,0.491969,0.783201,-0.021977,0.492266,0.777695,-0.020647
1780388025.845,left,thumbs_up,0.391195,0.762447,-0.000000,0.396466,0.706747,-0.014179,0.385150,0.652011,-0.022055,0.374015,0.616938,-0.028556,0.368740,0.582286,-0.033343,0.327172,0.669919,-0.013695,0.359590,0.690472,-0.027296,0.375452,0.702421,-0.035552,0.372368,0.702080,-0.040325,0.318506,0.709284,-0.012702,0.358468,0.726552,-0.023459,0.374596,0.729216,-0.025850,0.369913,0.725294,-0.026884,0.318273,0.747606,-0.013539,0.353659,0.762126,-0.024205,0.369352,0.759483,-0.020915,0.365434,0.753787,-0.017585,0.322172,0.784332,-0.016105,0.347523,0.793184,-0.022662,0.362556,0.790686,-0.019778,0.362472,0.786030,-0.015869
1780388026.374,left,thumbs_up,0.220797,0.709052,-0.000000,0.234098,0.638242,-0.031356,0.221969,0.562984,-0.047890,0.205058,0.513657,-0.059731,0.197719,0.457269,-0.067316,0.134257,0.564114,-0.029025,0.169435,0.614496,-0.053379,0.192825,0.624729,-0.066944,0.189412,0.607722,-0.074400,0.117495,0.613148,-0.022604,0.163319,0.662228,-0.044510,0.189847,0.662359,-0.048524,0.186092,0.643842,-0.048762,0.111783,0.665243,-0.020185,0.154861,0.704241,-0.040785,0.180128,0.700310,-0.036289,0.176526,0.682777,-0.030148,0.112056,0.713735,-0.021176,0.143228,0.738405,-0.034237,0.166015,0.735146,-0.032330,0.167097,0.721295,-0.027437
1780388026.879,left,thumbs_up,0.188529,0.743527,-0.000000,0.195176,0.665819,-0.025218,0.178008,0.589162,-0.038921,0.159679,0.539632,-0.049602,0.150696,0.485854,-0.057094,0.093170,0.603857,-0.022479,0.132393,0.634371,-0.043834,0.156364,0.653413,-0.056951,0.152199,0.651373,-0.064964,0.078637,0.658241,-0.019237,0.128506,0.687393,-0.036727,0.154889,0.695279,-0.041473,0.148609,0.688154,-0.044258,0.077268,0.713312,-0.019265,0.121065,0.735217,-0.036692,0.145537,0.736416,-0.033333,0.138858,0.727381,-0.029866,0.082128,0.764970,-0.021993,0.108043,0.779938,-0.032954,0.129567,0.775493,-0.029833,0.129969,0.764685,-0.025446
1780388027.414,left,thumbs_up,0.202160,0.770131,-0.000000,0.217625,0.679009,-0.015483,0.209484,0.591961,-0.024964,0.201528,0.527960,-0.033112,0.196892,0.466589,-0.040076,0.144990,0.590697,-0.026290,0.202851,0.593776,-0.045586,0.217303,0.629177,-0.057386,0.208638,0.646259,-0.065721,0.131129,0.641680,-0.027193,0.202818,0.640604,-0.042739,0.214405,0.668856,-0.047172,0.205313,0.683555,-0.052269,0.130291,0.695471,-0.029721,0.196235,0.688247,-0.044785,0.207443,0.705286,-0.044101,0.197808,0.714480,-0.044498,0.136555,0.749506,-0.033886,0.184854,0.735625,-0.045958,0.195522,0.736868,-0.047392,0.188040,0.737991,-0.048047
1780388027.927,left,thumbs_up,0.203923,0.773451,-0.000000,0.221040,0.689543,-0.012765,0.225810,0.603700,-0.022117,0.230049,0.539178,-0.030533,0.230423,0.477788,-0.037905,0.178303,0.594575,-0.029195,0.245944,0.601492,-0.048320,0.246290,0.634973,-0.060102,0.227898,0.643754,-0.069577,0.167649,0.644001,-0.033049,0.245345,0.647226,-0.049924,0.240322,0.671859,-0.054626,0.222792,0.677926,-0.061094,0.166533,0.698074,-0.038117,0.238532,0.695452,-0.053535,0.233091,0.713390,-0.051386,0.215626,0.716581,-0.051678,0.171015,0.750516,-0.044895,0.223278,0.738326,-0.058964,0.224901,0.737308,-0.061312,0.215164,0.735301,-0.063082
1780388028.434,left,thumbs_up,0.203962,0.781871,-0.000000,0.220169,0.698443,-0.012542,0.227236,0.610528,-0.021856,0.233373,0.543509,-0.029990,0.234324,0.482010,-0.036884,0.182721,0.600846,-0.032746,0.250012,0.607537,-0.051539,0.249231,0.640339,-0.060917,0.230674,0.646344,-0.068373,0.172106,0.650399,-0.037042,0.249415,0.653476,-0.054269,0.243995,0.678805,-0.057112,0.226465,0.683782,-0.061872,0.170954,0.705231,-0.042338,0.242085,0.699962,-0.059917,0.238992,0.717710,-0.057449,0.224280,0.719588,-0.056712,0.175897,0.757721,-0.048948,0.224870,0.746716,-0.064826,0.230127,0.745129,-0.067273,0.225103,0.741337,-0.068605
1780388028.977,left,thumbs_up,0.200472,0.792087,-0.000000,0.216095,0.711099,-0.014823,0.222414,0.625620,-0.025632,0.228995,0.560579,-0.035107,0.230203,0.498779,-0.043748,0.176896,0.623705,-0.035916,0.245542,0.632817,-0.056643,0.246052,0.659928,-0.068142,0.226987,0.663953,-0.077239,0.166710,0.677297,-0.040193,0.245457,0.680125,-0.059476,0.240387,0.699610,-0.064267,0.220718,0.701803,-0.070560,0.166304,0.734396,-0.045594,0.237177,0.730883,-0.065051,0.235454,0.743372,-0.063284,0.220253,0.741828,-0.062890,0.171606,0.788548,-0.052565,0.222241,0.778944,-0.069830,0.226624,0.775845,-0.072499,0.219096,0.771546,-0.073992
1780388029.507,left,thumbs_up,0.258195,0.857135,-0.000000,0.283684,0.756048,-0.004881,0.315239,0.668312,-0.013600,0.336327,0.603427,-0.022756,0.350751,0.546830,-0.031073,0.310769,0.703260,-0.028019,0.373772,0.710905,-0.047345,0.364098,0.723424,-0.056703,0.345238,0.716264,-0.062932,0.299264,0.765999,-0.037052,0.366130,0.766349,-0.051854,0.357563,0.770230,-0.053376,0.343519,0.764620,-0.057321,0.291959,0.826454,-0.046233,0.355152,0.822304,-0.058929,0.355167,0.823498,-0.053287,0.349590,0.817673,-0.051342,0.288330,0.880471,-0.055726,0.335004,0.882714,-0.063158,0.342594,0.872253,-0.058511,0.342783,0.859957,-0.056536
1780388030.019,left,thumbs_up,0.310758,0.871274,-0.000000,0.321097,0.775604,-0.010325,0.349820,0.685621,-0.023112,0.370787,0.620107,-0.034095,0.376201,0.560934,-0.042689,0.368535,0.738459,-0.041640,0.439385,0.707488,-0.056847,0.417751,0.714144,-0.058407,0.392807,0.725042,-0.056304,0.378530,0.808229,-0.042844,0.444410,0.757150,-0.053964,0.423615,0.755910,-0.049449,0.399513,0.769276,-0.045642,0.386222,0.865057,-0.043166,0.448392,0.807782,-0.049659,0.428412,0.804777,-0.037533,0.404474,0.820289,-0.029299,0.392794,0.908200,-0.043804,0.438544,0.858047,-0.046907,0.423985,0.851772,-0.037163,0.404716,0.866648,-0.029955
1780388030.536,left,thumbs_up,0.298346,0.886878,-0.000000,0.308247,0.791000,-0.011299,0.336453,0.700466,-0.024077,0.353935,0.635099,-0.034862,0.361527,0.576392,-0.042939,0.350460,0.757321,-0.043495,0.423723,0.725057,-0.060535,0.403004,0.730755,-0.062661,0.376776,0.740384,-0.060302,0.360735,0.828985,-0.044537,0.429743,0.774778,-0.057363,0.408518,0.774351,-0.052964,0.381654,0.788260,-0.048759,0.370013,0.886598,-0.044870,0.432179,0.822848,-0.052094,0.411616,0.823540,-0.039029,0.386680,0.840658,-0.030032,0.378371,0.930353,-0.045704,0.424174,0.874245,-0.049022,0.408866,0.872835,-0.038520,0.389070,0.890334,-0.030843
1780388031.074,left,thumbs_up,0.305490,0.892820,-0.000000,0.317616,0.794159,-0.011677,0.345048,0.705676,-0.025133,0.365903,0.640864,-0.036475,0.376987,0.583358,-0.045151,0.365604,0.765554,-0.043261,0.437364,0.731243,-0.058673,0.415114,0.735681,-0.059793,0.389602,0.747548,-0.057140,0.376943,0.838197,-0.043352,0.442267,0.781499,-0.054778,0.421025,0.777773,-0.050295,0.397009,0.792068,-0.046466,0.385018,0.895296,-0.042592,0.445037,0.832702,-0.048857,0.425205,0.827304,-0.036673,0.402134,0.843010,-0.028508,0.391351,0.936533,-0.042215,0.435020,0.880068,-0.044907,0.420795,0.871906,-0.035003,0.402197,0.886463,-0.027701
1780388031.600,left,thumbs_up,0.334637,0.903484,-0.000000,0.352975,0.805074,-0.010697,0.385250,0.725660,-0.023728,0.411780,0.669159,-0.034609,0.427650,0.615695,-0.042969,0.416115,0.789983,-0.038330,0.478144,0.772033,-0.050794,0.454841,0.769875,-0.051613,0.429611,0.777460,-0.049661,0.423494,0.863580,-0.038029,0.477423,0.826316,-0.045540,0.457360,0.818930,-0.041487,0.435326,0.829717,-0.039295,0.425904,0.921942,-0.036745,0.474114,0.876899,-0.040195,0.456940,0.870031,-0.030090,0.436514,0.881803,-0.024672,0.426938,0.965613,-0.035705,0.462862,0.918203,-0.036929,0.448590,0.909992,-0.027930,0.431893,0.921670,-0.021723
1780388032.119,left,thumbs_up,0.331550,0.898147,-0.000000,0.349643,0.801401,-0.011689,0.381307,0.723071,-0.026353,0.408611,0.665765,-0.038565,0.426660,0.611608,-0.048216,0.412028,0.785623,-0.041689,0.474060,0.769239,-0.054620,0.452161,0.766287,-0.055199,0.428074,0.773413,-0.053039,0.418735,0.859564,-0.041343,0.474646,0.822999,-0.049034,0.455363,0.814795,-0.044325,0.433315,0.825228,-0.041762,0.421125,0.918293,-0.039955,0.471940,0.873670,-0.043625,0.454896,0.866425,-0.032762,0.434087,0.877934,-0.026920,0.422296,0.962344,-0.038860,0.460479,0.916004,-0.040415,0.445933,0.907439,-0.031102,0.428590,0.918645,-0.024693
1780388032.656,left,thumbs_up,0.328575,0.899746,-0.000000,0.346685,0.802084,-0.011541,0.378415,0.723057,-0.026207,0.406701,0.665230,-0.038429,0.425052,0.611021,-0.048038,0.409908,0.788758,-0.041334,0.472694,0.771546,-0.053771,0.450932,0.766380,-0.053841,0.426659,0.772774,-0.051395,0.416382,0.862781,-0.040841,0.472776,0.824152,-0.048054,0.453770,0.814591,-0.043049,0.431986,0.825070,-0.040516,0.418770,0.921324,-0.039262,0.470180,0.874247,-0.042613,0.452930,0.866253,-0.031598,0.431976,0.878057,-0.025865,0.420240,0.965113,-0.037983,0.458820,0.916735,-0.039726,0.443815,0.907893,-0.030633,0.426174,0.919656,-0.024430
1780388033.159,left,thumbs_up,0.329726,0.898767,-0.000000,0.347856,0.803782,-0.011338,0.379246,0.725505,-0.025825,0.406800,0.668110,-0.037799,0.424372,0.615074,-0.047220,0.409291,0.789507,-0.042255,0.472386,0.774342,-0.054947,0.450850,0.769608,-0.054803,0.426024,0.775768,-0.052014,0.415518,0.863788,-0.041722,0.471726,0.826911,-0.048876,0.453006,0.818022,-0.043535,0.431303,0.828174,-0.040772,0.417957,0.922675,-0.040040,0.469067,0.877116,-0.043296,0.452060,0.869579,-0.031988,0.431448,0.880942,-0.026073,0.419526,0.967340,-0.038608,0.458206,0.919510,-0.040203,0.443491,0.911065,-0.030840,0.426193,0.922451,-0.024474
1780388033.676,left,thumbs_up,0.328464,0.900167,-0.000000,0.346806,0.803084,-0.011948,0.378396,0.723737,-0.027001,0.407224,0.665139,-0.039539,0.426402,0.610911,-0.049401,0.409912,0.788403,-0.041707,0.473078,0.773419,-0.054363,0.451450,0.768709,-0.054468,0.426883,0.774744,-0.052005,0.416321,0.862373,-0.041011,0.472589,0.825458,-0.048288,0.453512,0.816744,-0.043223,0.431634,0.826856,-0.040658,0.418539,0.921147,-0.039290,0.469790,0.875414,-0.042576,0.452704,0.867933,-0.031435,0.431818,0.879165,-0.025668,0.419852,0.965495,-0.037903,0.458350,0.917938,-0.039433,0.443516,0.908875,-0.030240,0.426073,0.919640,-0.024015
1780388034.227,left,thumbs_up,0.329890,0.901067,-0.000000,0.348401,0.804067,-0.011593,0.380159,0.726246,-0.026481,0.408645,0.669044,-0.038902,0.426695,0.614721,-0.048724,0.410375,0.791658,-0.042601,0.474023,0.775094,-0.055360,0.451950,0.770193,-0.055336,0.427067,0.776236,-0.052702,0.416524,0.865685,-0.042051,0.473298,0.828188,-0.049609,0.454110,0.819086,-0.044584,0.432256,0.829238,-0.041999,0.418892,0.924451,-0.040311,0.470333,0.878374,-0.043744,0.453091,0.870399,-0.032487,0.432197,0.881833,-0.026580,0.420433,0.968756,-0.038857,0.459474,0.920982,-0.040523,0.444658,0.912169,-0.031178,0.427166,0.923725,-0.024814
1780388034.759,left,thumbs_up,0.286210,0.885976,-0.000000,0.301469,0.789918,-0.010626,0.334645,0.700716,-0.023800,0.356995,0.637578,-0.035437,0.367636,0.581040,-0.044522,0.353537,0.759168,-0.039998,0.426249,0.743837,-0.056389,0.403552,0.744741,-0.059815,0.378523,0.752160,-0.058928,0.359406,0.833175,-0.041567,0.427888,0.798980,-0.053232,0.406528,0.794234,-0.049467,0.381213,0.805031,-0.046095,0.364578,0.893309,-0.042626,0.427986,0.849908,-0.049013,0.407841,0.844923,-0.036898,0.383074,0.856965,-0.028756,0.369932,0.940320,-0.044189,0.417936,0.897062,-0.046403,0.402567,0.889646,-0.035870,0.381950,0.902186,-0.028295
1780388035.294,left,thumbs_up,0.211570,0.821520,-0.000000,0.223937,0.711205,-0.010316,0.239735,0.600091,-0.020983,0.247126,0.521072,-0.031278,0.243477,0.452194,-0.039681,0.216469,0.614765,-0.034148,0.298601,0.601786,-0.056042,0.296784,0.630239,-0.065944,0.278292,0.639540,-0.072150,0.213559,0.677750,-0.040530,0.303394,0.656846,-0.055972,0.289132,0.678620,-0.054641,0.263919,0.686651,-0.057554,0.217171,0.739367,-0.047904,0.301902,0.710040,-0.059858,0.284553,0.726770,-0.050652,0.262193,0.732531,-0.047141,0.225263,0.792760,-0.056535,0.289179,0.765618,-0.061102,0.277213,0.771866,-0.054116,0.256460,0.777795,-0.051518
1780388035.825,left,thumbs_up,0.219667,0.721715,-0.000000,0.242533,0.647481,-0.024828,0.241598,0.547004,-0.036661,0.233125,0.476466,-0.045601,0.233938,0.418864,-0.050485,0.157491,0.510352,-0.019427,0.177653,0.518602,-0.036924,0.200012,0.567554,-0.044972,0.199301,0.584137,-0.049243,0.130088,0.547669,-0.015877,0.163917,0.571652,-0.030875,0.191409,0.611600,-0.033423,0.186505,0.611785,-0.034084,0.115689,0.598136,-0.015481,0.142850,0.612406,-0.033093,0.170394,0.642096,-0.028682,0.167328,0.644105,-0.023547,0.107636,0.652864,-0.017341,0.115950,0.651322,-0.029895,0.142128,0.661729,-0.024927,0.150348,0.660436,-0.018035
1780388036.365,left,thumbs_up,0.212144,0.722345,-0.000000,0.235109,0.647093,-0.018819,0.232897,0.548057,-0.026056,0.218391,0.476204,-0.032935,0.213923,0.419323,-0.036489,0.164416,0.529186,-0.004784,0.147268,0.485446,-0.025682,0.171558,0.529704,-0.035315,0.188971,0.565237,-0.037191,0.143588,0.564788,-0.002397,0.132417,0.525714,-0.026946,0.167366,0.578909,-0.031451,0.183882,0.610028,-0.027202,0.126718,0.605164,-0.004116,0.114496,0.565070,-0.029308,0.150959,0.608026,-0.023933,0.169058,0.636883,-0.012291,0.112267,0.652768,-0.007197,0.103796,0.615548,-0.024347,0.133835,0.636858,-0.019809,0.151810,0.654716,-0.010502
1780388036.867,left,thumbs_up,0.227077,0.734806,-0.000000,0.235211,0.644388,-0.014170,0.210832,0.550535,-0.018381,0.184159,0.490101,-0.024067,0.171538,0.442285,-0.027163,0.139910,0.572839,0.000411,0.106007,0.533343,-0.022045,0.139636,0.565193,-0.034073,0.166508,0.595114,-0.037003,0.127730,0.619194,0.000101,0.100372,0.584099,-0.024182,0.146238,0.616715,-0.028861,0.173421,0.641465,-0.024822,0.119644,0.670937,-0.004564,0.087636,0.632647,-0.030134,0.132234,0.654532,-0.024871,0.160876,0.677914,-0.012960,0.114731,0.727880,-0.010341,0.088738,0.690484,-0.028347,0.121517,0.693303,-0.023753,0.146823,0.705582,-0.014355
1780388037.382,left,thumbs_up,0.299465,0.782818,-0.000000,0.314132,0.699209,-0.024986,0.299304,0.600068,-0.039544,0.281950,0.525363,-0.054313,0.272341,0.462575,-0.065649,0.222349,0.590653,-0.017097,0.184602,0.550709,-0.048110,0.213803,0.582377,-0.063887,0.239240,0.612655,-0.068404,0.205234,0.642847,-0.015446,0.177252,0.609849,-0.049155,0.225829,0.644628,-0.056223,0.252737,0.666069,-0.052674,0.193376,0.697139,-0.018952,0.156843,0.658464,-0.049516,0.203952,0.678298,-0.043811,0.233922,0.697492,-0.031365,0.186180,0.753201,-0.024703,0.156394,0.724834,-0.045629,0.188462,0.721680,-0.042635,0.213672,0.724336,-0.034045
1780388037.911,left,thumbs_up,0.282798,0.808824,-0.000000,0.293345,0.711604,-0.019261,0.277287,0.610463,-0.029457,0.252800,0.536544,-0.040794,0.240852,0.475272,-0.048287,0.199067,0.605713,-0.008414,0.164906,0.559697,-0.034182,0.200873,0.598360,-0.046716,0.226273,0.634688,-0.049435,0.179791,0.651890,-0.008309,0.152106,0.608266,-0.035568,0.200302,0.648323,-0.041524,0.225929,0.678115,-0.038203,0.167461,0.701445,-0.012620,0.128115,0.653498,-0.036998,0.174250,0.673613,-0.031310,0.203539,0.699753,-0.020157,0.161449,0.756640,-0.018773,0.122067,0.720538,-0.035828,0.153108,0.713564,-0.031829,0.181917,0.718588,-0.022926
1780388038.431,left,thumbs_up,0.281907,0.797718,-0.000000,0.287901,0.697163,-0.024892,0.261269,0.606011,-0.038143,0.234564,0.545290,-0.049082,0.214106,0.485804,-0.055987,0.171711,0.633358,-0.020766,0.206263,0.596603,-0.043844,0.239379,0.627074,-0.054331,0.240747,0.652567,-0.059642,0.159083,0.688983,-0.019001,0.208275,0.649272,-0.040786,0.243666,0.677450,-0.045776,0.236649,0.697128,-0.046910,0.161779,0.745870,-0.020764,0.203427,0.699791,-0.044468,0.236944,0.715644,-0.040380,0.231680,0.730448,-0.034209,0.173043,0.800413,-0.024668,0.194896,0.758187,-0.041333,0.222048,0.751341,-0.037375,0.226150,0.752132,-0.030562
1780388038.938,left,thumbs_up,0.282044,0.799389,-0.000000,0.292273,0.700440,-0.020870,0.270731,0.600175,-0.030289,0.247001,0.540076,-0.037483,0.236693,0.484971,-0.040229,0.175333,0.620977,-0.016085,0.198472,0.602816,-0.036868,0.230231,0.639714,-0.046383,0.234886,0.661666,-0.051121,0.156785,0.672829,-0.014662,0.199535,0.656076,-0.035191,0.234533,0.686614,-0.039064,0.231815,0.699266,-0.038464,0.153026,0.728067,-0.016611,0.200613,0.712573,-0.036632,0.230476,0.731030,-0.033773,0.224319,0.737990,-0.028728,0.157007,0.781167,-0.020782,0.195780,0.763405,-0.033067,0.220899,0.769141,-0.031178,0.218523,0.772833,-0.026656
1780388039.461,left,thumbs_up,0.269459,0.792167,-0.000000,0.283185,0.703134,-0.024332,0.264943,0.595406,-0.034407,0.242667,0.530011,-0.041073,0.237412,0.472411,-0.042312,0.177029,0.606948,-0.019100,0.188764,0.604137,-0.037831,0.220426,0.640147,-0.042801,0.223203,0.654749,-0.044605,0.154090,0.657690,-0.015449,0.182683,0.666063,-0.034360,0.220605,0.690535,-0.034156,0.216021,0.687759,-0.030853,0.145406,0.713933,-0.015572,0.179036,0.720972,-0.035329,0.211317,0.734521,-0.029379,0.203725,0.730917,-0.022492,0.142926,0.768266,-0.018147,0.173092,0.767991,-0.030589,0.198767,0.772888,-0.027768,0.193479,0.770084,-0.022849
1780388039.975,left,thumbs_up,0.272532,0.786316,-0.000000,0.282514,0.693599,-0.025882,0.265165,0.592806,-0.037603,0.241588,0.530876,-0.046164,0.230357,0.476533,-0.049314,0.173609,0.606061,-0.018024,0.178351,0.593760,-0.035375,0.212546,0.631512,-0.041362,0.218977,0.651280,-0.043955,0.153771,0.656289,-0.013768,0.171689,0.649701,-0.030324,0.211632,0.678128,-0.031019,0.210814,0.684526,-0.029026,0.148052,0.714199,-0.013055,0.162975,0.701745,-0.031382,0.200142,0.716804,-0.023628,0.201097,0.722222,-0.015456,0.148688,0.772534,-0.014729,0.154412,0.758818,-0.026076,0.180397,0.756777,-0.019657,0.183611,0.755678,-0.011872
1780388040.479,left,thumbs_up,0.266091,0.795945,-0.000000,0.279125,0.699625,-0.020565,0.260206,0.592360,-0.029025,0.235871,0.528144,-0.035401,0.221408,0.473488,-0.036928,0.171448,0.613369,-0.013599,0.182919,0.584291,-0.032857,0.215546,0.623487,-0.039486,0.218386,0.646956,-0.042182,0.151335,0.659097,-0.011530,0.182907,0.640133,-0.030765,0.219831,0.673604,-0.032827,0.214285,0.684892,-0.031074,0.145106,0.710511,-0.013074,0.182071,0.693176,-0.033518,0.214390,0.715824,-0.029638,0.206613,0.724707,-0.023690,0.145434,0.760321,-0.016506,0.178646,0.741772,-0.029331,0.203705,0.752787,-0.027259,0.198987,0.761931,-0.022695
1780388041.054,left,thumbs_up,0.283490,0.796580,-0.000000,0.291255,0.699291,-0.021307,0.271441,0.599144,-0.032496,0.248671,0.536542,-0.041549,0.236764,0.478434,-0.045906,0.174542,0.613247,-0.015769,0.198616,0.605384,-0.038329,0.231126,0.640049,-0.049580,0.238095,0.660009,-0.055207,0.155585,0.667380,-0.014559,0.200954,0.659643,-0.035445,0.235964,0.686370,-0.039551,0.235047,0.696596,-0.039317,0.152733,0.724905,-0.017123,0.204696,0.716092,-0.036381,0.233798,0.730715,-0.033095,0.228052,0.734948,-0.028284,0.159131,0.778821,-0.022209,0.204263,0.768777,-0.034044,0.227777,0.774569,-0.032850,0.222425,0.778133,-0.029094
1780388041.565,left,thumbs_up,0.296020,0.812315,-0.000000,0.305007,0.709767,-0.028054,0.287829,0.620185,-0.044357,0.268774,0.556882,-0.057380,0.252402,0.490096,-0.067228,0.197879,0.646877,-0.032135,0.259671,0.634548,-0.055642,0.276850,0.659024,-0.069593,0.263060,0.672585,-0.079630,0.190746,0.713680,-0.030189,0.267060,0.690144,-0.048979,0.280899,0.700874,-0.054051,0.265571,0.708184,-0.059453,0.199407,0.776330,-0.031647,0.269027,0.752154,-0.049575,0.280941,0.753415,-0.046743,0.265331,0.756709,-0.045580,0.215890,0.832856,-0.036361,0.268583,0.808791,-0.051657,0.278150,0.801012,-0.053134,0.265810,0.800756,-0.052900
1780388042.088,left,thumbs_up,0.291059,0.832512,-0.000000,0.298730,0.721537,-0.027840,0.278218,0.625656,-0.043053,0.261814,0.557077,-0.054491,0.245591,0.488960,-0.063472,0.207936,0.668123,-0.044688,0.283085,0.644061,-0.073014,0.299585,0.673542,-0.089438,0.283477,0.689378,-0.100834,0.207257,0.738346,-0.043667,0.296186,0.705729,-0.066343,0.304782,0.719481,-0.070589,0.288114,0.727806,-0.075250,0.222173,0.800838,-0.045632,0.300836,0.764530,-0.068102,0.309973,0.764909,-0.063084,0.295876,0.764740,-0.059175,0.242719,0.852987,-0.050796,0.299371,0.816914,-0.071207,0.309261,0.801846,-0.072999,0.303595,0.792626,-0.071833
1780388042.596,left,thumbs_up,0.280359,0.807171,-0.000000,0.281080,0.711385,-0.026422,0.269653,0.628561,-0.042540,0.260638,0.565489,-0.055174,0.247207,0.501148,-0.066356,0.215573,0.683947,-0.048375,0.293348,0.650935,-0.075441,0.302398,0.666211,-0.091115,0.284604,0.678888,-0.101886,0.220651,0.752675,-0.048240,0.308248,0.708241,-0.068877,0.309387,0.712790,-0.073054,0.290642,0.721858,-0.078884,0.237917,0.809276,-0.050336,0.314604,0.764921,-0.072522,0.318388,0.757820,-0.068699,0.303807,0.755969,-0.066047,0.258623,0.854062,-0.055352,0.313433,0.813179,-0.075569,0.321189,0.794947,-0.076910,0.318308,0.786512,-0.076034
1780388043.097,left,thumbs_up,0.296392,0.811306,-0.000000,0.286695,0.713035,-0.023360,0.271240,0.628860,-0.038111,0.261952,0.564309,-0.049460,0.249050,0.501511,-0.060159,0.241655,0.690435,-0.049127,0.321483,0.653785,-0.074296,0.322959,0.663286,-0.091730,0.304157,0.677600,-0.104482,0.251095,0.760265,-0.049612,0.338355,0.706773,-0.064793,0.329136,0.705944,-0.067244,0.307683,0.718764,-0.074083,0.270420,0.816801,-0.051507,0.344925,0.759211,-0.065742,0.336998,0.750946,-0.056852,0.318681,0.755050,-0.052959,0.292751,0.858925,-0.056726,0.345993,0.812486,-0.071723,0.339793,0.798694,-0.069177,0.326317,0.802373,-0.066811
1780388043.611,left,thumbs_up,0.299164,0.842249,-0.000000,0.287977,0.753015,-0.015137,0.291323,0.654650,-0.029853,0.287482,0.587984,-0.040491,0.277916,0.529557,-0.048915,0.285475,0.730310,-0.061262,0.352556,0.673955,-0.080536,0.351653,0.669380,-0.082272,0.337867,0.669553,-0.080388,0.301828,0.795913,-0.061130,0.367339,0.719957,-0.072618,0.362593,0.710743,-0.061719,0.349379,0.716582,-0.056779,0.324018,0.841563,-0.059952,0.380428,0.765433,-0.065000,0.374884,0.756325,-0.047114,0.362850,0.762295,-0.037896,0.346024,0.869221,-0.060027,0.386152,0.805368,-0.058207,0.380532,0.790638,-0.045029,0.368789,0.790920,-0.038307
1780388044.111,left,thumbs_up,0.367640,0.912107,-0.000000,0.360968,0.809906,-0.015733,0.368104,0.714685,-0.030574,0.373463,0.642499,-0.041888,0.375575,0.582616,-0.049809,0.409811,0.788973,-0.045850,0.466188,0.702043,-0.057781,0.440366,0.717547,-0.057493,0.418921,0.747705,-0.055026,0.436239,0.848788,-0.041958,0.480446,0.749650,-0.050543,0.458288,0.753455,-0.046270,0.437415,0.781260,-0.043770,0.453342,0.890377,-0.036797,0.484962,0.793820,-0.039547,0.467692,0.797327,-0.028670,0.451485,0.822922,-0.023251,0.465643,0.913734,-0.032319,0.486663,0.832917,-0.033826,0.470859,0.834928,-0.024519,0.457377,0.858891,-0.018578
1780388044.650,left,thumbs_up,0.521996,0.787629,-0.000000,0.528808,0.683142,-0.008022,0.553312,0.605129,-0.016755,0.583272,0.543814,-0.023605,0.600531,0.491560,-0.028318,0.626194,0.644279,-0.013223,0.646034,0.626164,-0.011368,0.627734,0.635589,-0.010333,0.611557,0.648133,-0.010603,0.640059,0.705945,-0.010388,0.643571,0.686806,-0.002202,0.625676,0.691608,0.000465,0.611538,0.704000,-0.001897,0.640204,0.761118,-0.006465,0.642668,0.738904,0.001566,0.629162,0.742113,0.006481,0.614162,0.752550,0.005448,0.635103,0.806503,-0.003062,0.636314,0.784011,0.003191,0.623007,0.784329,0.009972,0.610217,0.791760,0.013816
1780388045.202,left,thumbs_up,0.479925,0.801542,-0.000000,0.483435,0.708544,-0.007556,0.506367,0.638979,-0.014765,0.534780,0.585939,-0.020315,0.551595,0.540759,-0.024055,0.568030,0.671322,-0.011626,0.585257,0.657510,-0.011258,0.567985,0.663437,-0.010703,0.552359,0.674779,-0.010976,0.579506,0.726741,-0.009786,0.581914,0.705490,-0.004716,0.565133,0.707152,-0.002658,0.551353,0.720813,-0.004262,0.579064,0.776359,-0.007290,0.580207,0.749767,-0.003683,0.565901,0.750936,0.000497,0.551881,0.764154,0.000553,0.574753,0.818272,-0.005141,0.575258,0.792934,-0.003023,0.562083,0.792567,0.002416,0.550578,0.802928,0.006077
1780388045.710,left,thumbs_up,0.453870,0.799616,-0.000000,0.451533,0.703790,-0.004982,0.468004,0.631137,-0.010967,0.491078,0.572659,-0.015632,0.503278,0.525269,-0.018604,0.531348,0.647779,-0.009670,0.546364,0.633692,-0.005763,0.529814,0.643128,-0.002675,0.516430,0.654464,-0.001816,0.546731,0.701190,-0.007957,0.547388,0.679989,-0.000102,0.531096,0.684356,0.003212,0.518392,0.698612,0.001879,0.549676,0.750919,-0.004934,0.547564,0.725685,0.002164,0.534245,0.729018,0.007238,0.521239,0.743288,0.007008,0.548312,0.793016,-0.002089,0.546429,0.770232,0.003455,0.533997,0.771358,0.009933,0.523587,0.782035,0.013565
1780388046.247,left,thumbs_up,0.449706,0.798986,-0.000000,0.445310,0.705080,-0.005129,0.460137,0.630140,-0.011056,0.482277,0.569040,-0.015568,0.493577,0.521167,-0.018396,0.524172,0.642179,-0.010434,0.540689,0.627647,-0.006144,0.524426,0.638257,-0.002687,0.511114,0.649227,-0.001705,0.540618,0.694242,-0.008344,0.541160,0.675670,0.000111,0.524688,0.681659,0.003733,0.512861,0.696697,0.002336,0.544884,0.743921,-0.004836,0.542286,0.722272,0.003120,0.529060,0.726687,0.008682,0.516727,0.741349,0.008471,0.544940,0.786531,-0.001548,0.543356,0.766150,0.004715,0.530786,0.768336,0.011637,0.520993,0.779663,0.015462
1780388046.812,left,thumbs_up,0.468982,0.814445,-0.000000,0.469397,0.720056,-0.006640,0.488423,0.647007,-0.012433,0.511771,0.589388,-0.016748,0.524004,0.543039,-0.019641,0.553544,0.667896,-0.005975,0.554322,0.658443,-0.002991,0.535943,0.669985,-0.003470,0.524499,0.682765,-0.005224,0.565959,0.721180,-0.003560,0.559598,0.705730,0.004228,0.544547,0.710647,0.005049,0.533688,0.724823,0.001927,0.566156,0.770105,-0.000303,0.561594,0.749950,0.006388,0.549502,0.752698,0.009531,0.537816,0.765750,0.008295,0.561786,0.810697,0.002526,0.558498,0.792232,0.008236,0.546957,0.793105,0.014112,0.537273,0.802894,0.017481
1780388047.362,left,thumbs_up,0.527438,0.867245,-0.000000,0.538339,0.770883,-0.008882,0.564231,0.703143,-0.014717,0.591000,0.652997,-0.018783,0.610553,0.610908,-0.021310,0.631070,0.745713,-0.002395,0.624771,0.717495,0.001117,0.606707,0.726703,-0.000748,0.594931,0.744057,-0.003332,0.640405,0.797450,0.001292,0.627558,0.766152,0.009770,0.612350,0.769478,0.008487,0.601159,0.786722,0.003922,0.637571,0.841771,0.005305,0.630070,0.809773,0.011571,0.617094,0.810325,0.012716,0.604777,0.825065,0.010497,0.630871,0.877755,0.008604,0.628182,0.847951,0.012892,0.616128,0.846952,0.017601,0.605127,0.858820,0.020695
1780388047.883,left,thumbs_up,0.612459,0.685222,-0.000000,0.619550,0.608415,-0.008759,0.642678,0.554635,-0.014258,0.665814,0.516393,-0.017696,0.679664,0.479744,-0.019649,0.701703,0.592527,-0.007844,0.689655,0.587812,-0.005425,0.674412,0.594948,-0.005884,0.665221,0.600000,-0.007897,0.708380,0.636948,-0.005970,0.694346,0.628321,0.000287,0.680764,0.631002,-0.000149,0.670972,0.636450,-0.003913,0.704220,0.677094,-0.003587,0.693631,0.663824,0.001262,0.682512,0.663498,0.002940,0.672763,0.666095,0.000918,0.694958,0.709537,-0.002107,0.688115,0.697548,0.000643,0.678538,0.695586,0.004542,0.669934,0.695811,0.006789
1780388048.417,left,thumbs_up,0.546950,0.483683,-0.000000,0.555412,0.428394,-0.004996,0.576030,0.382781,-0.010591,0.598634,0.347981,-0.015048,0.610987,0.316657,-0.017561,0.607673,0.396042,-0.012523,0.638251,0.416071,-0.016504,0.628425,0.425722,-0.016696,0.616072,0.424422,-0.016108,0.612681,0.435678,-0.012797,0.641032,0.445980,-0.012384,0.633903,0.452916,-0.010141,0.623155,0.453257,-0.009570,0.614160,0.473475,-0.012809,0.634382,0.475075,-0.010606,0.627439,0.477983,-0.005550,0.616973,0.476854,-0.003716,0.614173,0.507821,-0.013183,0.628032,0.497816,-0.009798,0.621239,0.496811,-0.003941,0.613124,0.495695,-0.000122
1780388048.955,left,thumbs_up,0.468635,0.434961,-0.000000,0.484204,0.384284,-0.007320,0.503884,0.326786,-0.013835,0.518712,0.284064,-0.019577,0.527891,0.246695,-0.023552,0.485502,0.326904,-0.021076,0.528282,0.339364,-0.033498,0.523319,0.352656,-0.037834,0.511196,0.351137,-0.039728,0.481732,0.363541,-0.023182,0.528574,0.371704,-0.032665,0.520900,0.382191,-0.031335,0.507518,0.381899,-0.031544,0.482941,0.399030,-0.025902,0.527306,0.402126,-0.033309,0.519278,0.410126,-0.027829,0.507088,0.409261,-0.024895,0.487826,0.431524,-0.029263,0.524269,0.429211,-0.031936,0.517869,0.434061,-0.027653,0.505908,0.433920,-0.025556
1780388049.479,left,thumbs_up,0.385404,0.367677,-0.000000,0.389539,0.312588,-0.009398,0.379688,0.258673,-0.016805,0.372439,0.214884,-0.024060,0.369164,0.176339,-0.029330,0.328012,0.267654,-0.007105,0.344881,0.255691,-0.020183,0.357847,0.271189,-0.028827,0.352126,0.278067,-0.034872,0.319076,0.296576,-0.008878,0.346305,0.287428,-0.019525,0.360846,0.300286,-0.023137,0.352667,0.304547,-0.025778,0.319255,0.328142,-0.012600,0.348555,0.318107,-0.021764,0.361482,0.326457,-0.019494,0.353218,0.330691,-0.018316,0.324898,0.356434,-0.017788,0.351954,0.350574,-0.023835,0.361728,0.352559,-0.023309,0.355219,0.356259,-0.022557
1780388049.993,left,thumbs_up,0.285179,0.376616,-0.000000,0.284344,0.324162,-0.011915,0.269073,0.269799,-0.017255,0.252940,0.231148,-0.022219,0.243806,0.198364,-0.024837,0.229784,0.295436,-0.003461,0.211085,0.275340,-0.017056,0.231349,0.289510,-0.023223,0.242933,0.302167,-0.024643,0.224640,0.323709,-0.002391,0.208282,0.304673,-0.015810,0.235226,0.318772,-0.017429,0.244069,0.327943,-0.014581,0.222173,0.353087,-0.004072,0.212231,0.336664,-0.018321,0.236374,0.345684,-0.013874,0.243555,0.353119,-0.006330,0.220923,0.384231,-0.006631,0.211616,0.366174,-0.013939,0.228927,0.366072,-0.008445,0.236140,0.371649,-0.001510
1780388050.517,left,thumbs_up,0.225027,0.375518,-0.000000,0.221550,0.321768,-0.007027,0.208651,0.276455,-0.011257,0.194126,0.247045,-0.016907,0.182986,0.222551,-0.021229,0.171470,0.312755,0.001329,0.147571,0.298155,-0.012858,0.166754,0.299060,-0.020963,0.181832,0.308233,-0.023075,0.167702,0.338432,-0.000160,0.147813,0.321630,-0.014382,0.173800,0.327503,-0.018509,0.186989,0.340457,-0.017320,0.165351,0.365974,-0.004088,0.147294,0.345487,-0.019184,0.172762,0.351240,-0.015883,0.185699,0.364188,-0.008669,0.163619,0.396593,-0.008540,0.147173,0.374420,-0.016916,0.164528,0.371403,-0.011668,0.176334,0.379739,-0.004666
1780388051.056,left,thumbs_up,0.187164,0.423049,-0.000000,0.180707,0.354842,-0.007402,0.153433,0.294191,-0.009467,0.128388,0.258167,-0.013154,0.112917,0.229326,-0.014677,0.104287,0.345807,0.002469,0.066929,0.324268,-0.012358,0.092693,0.325923,-0.019273,0.113384,0.340224,-0.020014,0.101551,0.379965,0.000438,0.067267,0.359117,-0.015219,0.103734,0.360531,-0.017946,0.124170,0.373158,-0.014560,0.100973,0.415798,-0.004339,0.073080,0.392033,-0.021027,0.108138,0.392421,-0.015476,0.127753,0.405246,-0.005610,0.102220,0.455430,-0.009743,0.077131,0.426664,-0.018839,0.099221,0.420262,-0.011899,0.115213,0.429895,-0.003200
1780388051.601,left,thumbs_up,0.482745,0.571589,-0.000000,0.489208,0.494097,-0.008135,0.507531,0.409105,-0.020174,0.520865,0.337346,-0.031282,0.522482,0.280590,-0.041115,0.537248,0.448191,-0.029474,0.582381,0.428246,-0.042360,0.571264,0.434782,-0.046250,0.552675,0.440708,-0.046556,0.547315,0.496839,-0.031312,0.589677,0.475346,-0.039904,0.578339,0.481562,-0.039383,0.559694,0.487750,-0.039250,0.555596,0.545146,-0.032538,0.591705,0.522062,-0.037764,0.578773,0.528946,-0.030908,0.561241,0.536467,-0.026971,0.562235,0.588408,-0.033941,0.590291,0.568063,-0.035027,0.577021,0.571553,-0.026867,0.562426,0.577813,-0.021253
1780388052.134,left,thumbs_up,0.510101,0.757845,-0.000000,0.513397,0.684863,-0.009962,0.533007,0.627199,-0.016928,0.554221,0.582089,-0.021597,0.564965,0.542858,-0.024917,0.591518,0.651755,-0.011694,0.583992,0.631024,-0.010514,0.567136,0.643414,-0.010733,0.557752,0.658915,-0.012053,0.599581,0.694623,-0.008422,0.587301,0.672509,-0.004517,0.572272,0.679156,-0.004791,0.562267,0.693395,-0.007547,0.596991,0.734147,-0.004498,0.588027,0.710356,-0.001650,0.575970,0.713309,-0.000236,0.565668,0.725042,-0.001606,0.590676,0.767864,-0.001242,0.584188,0.746343,0.000493,0.573037,0.746119,0.003828,0.564521,0.754365,0.005980
1780388052.643,left,thumbs_up,0.456578,0.815321,-0.000000,0.460448,0.736604,-0.007076,0.479007,0.676374,-0.013242,0.501364,0.627818,-0.017920,0.513442,0.587247,-0.021302,0.535493,0.709023,-0.007533,0.540273,0.684132,-0.005648,0.523878,0.689703,-0.006067,0.512559,0.703601,-0.007449,0.544870,0.753399,-0.004540,0.539890,0.723934,0.000778,0.525465,0.726595,0.000865,0.516100,0.741773,-0.002060,0.543420,0.792379,-0.000744,0.539308,0.763052,0.003995,0.527663,0.763858,0.006434,0.517279,0.775888,0.005373,0.538121,0.823551,0.002679,0.536544,0.798401,0.006267,0.526280,0.798086,0.010785,0.517812,0.807435,0.013547
1780388053.148,left,thumbs_up,0.472334,0.834539,-0.000000,0.476771,0.751856,-0.007881,0.498874,0.689392,-0.014059,0.522770,0.641819,-0.018558,0.533051,0.599393,-0.021661,0.558161,0.730402,-0.006179,0.559890,0.698159,-0.006003,0.541594,0.706334,-0.008692,0.530959,0.723177,-0.011336,0.566516,0.774592,-0.002752,0.562819,0.737684,0.000994,0.547706,0.741081,0.000755,0.537928,0.757211,-0.001893,0.564372,0.811747,0.001017,0.563694,0.775530,0.004299,0.551556,0.776231,0.006807,0.541237,0.789733,0.006284,0.558980,0.840533,0.004300,0.559941,0.809958,0.007181,0.548508,0.809811,0.011774,0.539611,0.821142,0.014798
1780388053.698,left,thumbs_up,0.547066,0.830233,-0.000000,0.547850,0.753610,-0.010055,0.567862,0.698628,-0.015824,0.589193,0.657854,-0.019428,0.600542,0.618880,-0.021737,0.625403,0.727119,-0.007148,0.614332,0.701716,-0.004981,0.598087,0.709632,-0.005329,0.589979,0.723866,-0.006742,0.633590,0.767992,-0.003429,0.618438,0.737249,0.001213,0.603648,0.741216,0.000366,0.596134,0.755993,-0.002698,0.630786,0.804722,0.000660,0.619816,0.773723,0.004013,0.607908,0.774709,0.004758,0.599916,0.786972,0.003044,0.623693,0.834757,0.004025,0.616635,0.808744,0.005900,0.606350,0.807003,0.008878,0.599082,0.815242,0.010947
1780388054.238,left,thumbs_up,0.558237,0.845730,-0.000000,0.561853,0.768252,-0.008846,0.581724,0.715183,-0.014917,0.603906,0.673955,-0.018874,0.616757,0.636144,-0.021380,0.638738,0.749434,-0.008199,0.636389,0.716846,-0.005142,0.620637,0.722995,-0.003834,0.611250,0.737623,-0.003984,0.647204,0.790585,-0.004260,0.639299,0.756180,0.000419,0.624766,0.758832,0.000222,0.615225,0.772719,-0.002243,0.645491,0.827193,0.000426,0.640598,0.794481,0.004283,0.628998,0.794405,0.005599,0.618574,0.805033,0.004271,0.639872,0.857599,0.004632,0.637519,0.829826,0.007102,0.627057,0.827645,0.010357,0.618123,0.835157,0.012623
1780388054.767,left,thumbs_up,0.561892,0.856167,-0.000000,0.565268,0.777536,-0.010776,0.587623,0.724228,-0.017041,0.611548,0.682653,-0.020600,0.625547,0.645566,-0.022224,0.643909,0.768993,-0.010357,0.654880,0.727566,-0.006758,0.636849,0.727696,-0.004139,0.624725,0.742508,-0.003206,0.651441,0.810494,-0.004028,0.655693,0.765528,0.000759,0.639475,0.761916,0.002371,0.628795,0.775366,0.001453,0.648911,0.843478,0.002913,0.653762,0.801469,0.006369,0.640860,0.796317,0.008553,0.629268,0.806699,0.008163,0.643362,0.868413,0.009475,0.648845,0.833021,0.011712,0.638220,0.828278,0.015047,0.628265,0.836649,0.017384
1780388055.292,left,thumbs_up,0.539164,0.807244,-0.000000,0.547412,0.737670,-0.002761,0.565875,0.677321,-0.010616,0.587996,0.636118,-0.018766,0.604195,0.600488,-0.024901,0.598585,0.689938,-0.020576,0.649096,0.682135,-0.029699,0.645723,0.704458,-0.030233,0.630838,0.714775,-0.028137,0.606686,0.732299,-0.025037,0.656909,0.723528,-0.029950,0.647731,0.742913,-0.026189,0.630434,0.747909,-0.023653,0.611591,0.776790,-0.029106,0.660379,0.762190,-0.031820,0.650524,0.777009,-0.022734,0.633242,0.783319,-0.017240,0.613646,0.821177,-0.033306,0.653088,0.805745,-0.034623,0.645891,0.812075,-0.026717,0.631691,0.815311,-0.020747
1780388055.817,left,thumbs_up,0.395632,0.754806,0.000000,0.432575,0.676944,-0.005433,0.439948,0.597431,-0.010876,0.444574,0.534310,-0.017348,0.449905,0.483605,-0.021419,0.387635,0.543676,-0.009425,0.439828,0.525428,-0.027536,0.460510,0.568994,-0.036280,0.464797,0.595897,-0.040151,0.378856,0.570882,-0.014558,0.438884,0.555037,-0.032860,0.460517,0.597176,-0.036250,0.464399,0.625025,-0.036070,0.376873,0.612697,-0.021298,0.435524,0.597467,-0.039511,0.459064,0.632384,-0.037030,0.465350,0.657417,-0.031538,0.379773,0.659490,-0.028336,0.424854,0.647990,-0.040536,0.443855,0.666764,-0.038823,0.451556,0.683808,-0.034481
1780388056.327,left,thumbs_up,0.203946,0.681587,-0.000000,0.202135,0.601867,-0.010718,0.171210,0.523911,-0.016203,0.144135,0.478496,-0.022417,0.122349,0.442306,-0.026278,0.096668,0.541428,-0.003625,0.104211,0.463115,-0.024413,0.134215,0.467594,-0.037508,0.154992,0.489142,-0.042101,0.086162,0.579331,-0.005674,0.103495,0.499422,-0.023197,0.140748,0.509187,-0.027832,0.163315,0.530870,-0.026557,0.087467,0.620845,-0.010962,0.106877,0.547808,-0.028303,0.140845,0.551300,-0.025941,0.161894,0.567520,-0.019214,0.097446,0.664578,-0.017431,0.106120,0.607594,-0.027891,0.128722,0.589622,-0.024611,0.145653,0.586747,-0.018278
1780388056.852,left,thumbs_up,0.186937,0.700979,-0.000000,0.178751,0.611962,-0.007373,0.141796,0.542879,-0.012716,0.110750,0.499967,-0.018706,0.089455,0.456242,-0.021842,0.059219,0.575950,-0.004431,0.089591,0.505813,-0.021980,0.122658,0.528102,-0.032178,0.132308,0.559390,-0.037438,0.052280,0.619622,-0.008300,0.095433,0.543148,-0.022538,0.128902,0.564678,-0.024513,0.134427,0.592554,-0.024353,0.058169,0.660692,-0.014433,0.099841,0.584933,-0.029902,0.131122,0.600315,-0.025306,0.137187,0.626232,-0.019775,0.071452,0.700354,-0.021619,0.099055,0.632982,-0.031510,0.124316,0.629806,-0.027341,0.131367,0.641882,-0.021546
1780388057.374,left,thumbs_up,0.193652,0.689394,-0.000000,0.191058,0.599949,-0.017919,0.158589,0.521423,-0.026816,0.129652,0.471879,-0.034270,0.110554,0.424266,-0.038908,0.079773,0.562555,-0.014387,0.116996,0.546049,-0.036034,0.150270,0.571069,-0.048529,0.155514,0.589015,-0.054506,0.069959,0.619600,-0.013413,0.120878,0.589658,-0.031112,0.153527,0.608568,-0.035425,0.153099,0.622793,-0.036035,0.074232,0.673145,-0.015452,0.120847,0.636801,-0.034129,0.150124,0.645572,-0.031046,0.148686,0.655416,-0.025750,0.086264,0.723597,-0.019290,0.116568,0.689107,-0.031111,0.141720,0.681360,-0.027575,0.145748,0.680933,-0.021445
1780388057.885,left,thumbs_up,0.203711,0.684728,-0.000000,0.203662,0.606558,-0.027925,0.176862,0.535815,-0.042610,0.148167,0.493833,-0.053408,0.129777,0.442370,-0.060384,0.090628,0.579479,-0.028883,0.129903,0.607956,-0.051910,0.162603,0.623194,-0.062203,0.166786,0.624493,-0.067061,0.080026,0.638707,-0.024008,0.131104,0.661884,-0.044086,0.162555,0.660471,-0.045915,0.160628,0.650911,-0.045103,0.083789,0.692175,-0.022557,0.130739,0.708342,-0.041774,0.158370,0.698952,-0.035673,0.155947,0.687075,-0.029082,0.094682,0.739920,-0.024133,0.128677,0.747872,-0.035928,0.152584,0.733752,-0.032218,0.153529,0.720083,-0.026409
1780388058.439,left,thumbs_up,0.213486,0.682099,-0.000000,0.217954,0.599486,-0.025636,0.194527,0.528236,-0.035087,0.164436,0.482545,-0.042389,0.152698,0.428513,-0.045932,0.129071,0.544329,-0.009748,0.108797,0.589123,-0.031554,0.137642,0.614799,-0.041586,0.155303,0.611708,-0.044240,0.116328,0.592136,-0.003020,0.103589,0.634750,-0.029504,0.142591,0.650164,-0.034128,0.159739,0.637328,-0.029409,0.112304,0.635496,-0.001126,0.100239,0.668772,-0.027872,0.134219,0.678459,-0.025043,0.150736,0.662009,-0.014355,0.114042,0.671627,-0.001351,0.098733,0.692737,-0.017888,0.119469,0.701787,-0.016491,0.132351,0.691570,-0.009019
1780388058.946,left,thumbs_up,0.210336,0.661802,-0.000000,0.228363,0.586275,-0.011019,0.226999,0.506940,-0.016799,0.217953,0.445846,-0.024695,0.218872,0.398654,-0.031301,0.162485,0.498384,0.002375,0.137208,0.462590,-0.017065,0.154774,0.499158,-0.030044,0.172266,0.533738,-0.034327,0.145807,0.527240,0.001305,0.123817,0.500013,-0.019080,0.149712,0.540995,-0.026610,0.168426,0.569292,-0.025719,0.131864,0.558700,-0.003244,0.108414,0.528898,-0.022514,0.136439,0.561460,-0.021024,0.157229,0.586565,-0.013361,0.120608,0.593383,-0.008904,0.096984,0.561001,-0.021029,0.118570,0.573482,-0.017284,0.139305,0.588131,-0.009676
1780388059.453,left,thumbs_up,0.264407,0.680406,-0.000000,0.294000,0.621307,-0.007544,0.303690,0.553376,-0.010815,0.304702,0.492993,-0.016782,0.308901,0.447376,-0.021325,0.248031,0.520208,0.007052,0.236136,0.457070,-0.009350,0.250050,0.493014,-0.019943,0.259457,0.534878,-0.022892,0.228265,0.535136,0.004945,0.218180,0.477440,-0.011817,0.237470,0.528199,-0.017841,0.246791,0.569708,-0.016790,0.208082,0.557189,-0.000348,0.197888,0.494968,-0.017466,0.219543,0.540721,-0.015100,0.230371,0.582217,-0.007422,0.187884,0.585402,-0.006398,0.177213,0.526225,-0.016888,0.195999,0.544219,-0.011913,0.209691,0.572665,-0.004146
1780388059.986,left,thumbs_up,0.409439,0.769460,-0.000000,0.435017,0.680771,-0.004557,0.439764,0.591872,-0.007851,0.437623,0.526205,-0.011621,0.430876,0.469395,-0.014264,0.417640,0.559370,-0.011941,0.479252,0.560547,-0.024751,0.483736,0.596455,-0.031799,0.473684,0.611312,-0.036782,0.416607,0.596773,-0.016598,0.483064,0.597028,-0.025776,0.484120,0.630340,-0.027453,0.475358,0.646104,-0.030675,0.421523,0.641664,-0.022248,0.483419,0.634585,-0.034030,0.483371,0.659660,-0.034715,0.474984,0.675185,-0.035483,0.431029,0.685810,-0.028176,0.476222,0.671920,-0.039572,0.486699,0.676612,-0.042563,0.491342,0.680918,-0.043963
1780388060.511,left,thumbs_up,0.467796,0.776952,-0.000000,0.463003,0.691484,-0.007827,0.472896,0.621536,-0.016141,0.484053,0.561197,-0.023330,0.485130,0.513143,-0.029078,0.540529,0.635577,-0.007643,0.548935,0.606300,-0.006000,0.533601,0.611874,-0.006677,0.522022,0.626536,-0.008276,0.554624,0.679564,-0.005250,0.557651,0.647938,-0.000767,0.543839,0.648451,-0.000789,0.531902,0.662829,-0.003535,0.558048,0.721596,-0.002231,0.563408,0.688580,0.001926,0.552364,0.686531,0.005167,0.539933,0.699395,0.004883,0.557035,0.757672,0.000371,0.563528,0.725278,0.003780,0.554442,0.721016,0.009644,0.544542,0.730114,0.013426
1780388061.039,left,thumbs_up,0.522455,0.823098,-0.000000,0.514912,0.743934,-0.016818,0.524019,0.672959,-0.025165,0.533861,0.614453,-0.029833,0.540331,0.568098,-0.033058,0.591821,0.684958,-0.012466,0.566639,0.669469,-0.007412,0.550164,0.683226,-0.007290,0.543161,0.697870,-0.009338,0.602864,0.728977,-0.005246,0.577375,0.708605,0.001429,0.562631,0.713362,-0.001620,0.554268,0.731098,-0.007513,0.601121,0.769274,0.002670,0.583107,0.744253,0.007857,0.571707,0.745652,0.006830,0.563579,0.761318,0.002992,0.593977,0.801427,0.009341,0.582997,0.777237,0.011474,0.574178,0.778209,0.013785,0.567841,0.791415,0.014874
1780388061.570,left,thumbs_up,0.581981,0.796819,-0.000000,0.580125,0.715485,-0.011075,0.594516,0.645672,-0.016620,0.609874,0.594150,-0.020445,0.616854,0.551687,-0.022950,0.659303,0.669932,-0.000508,0.645550,0.657761,0.001015,0.628551,0.672608,-0.002718,0.620404,0.686298,-0.006512,0.669162,0.710646,0.003628,0.652437,0.692454,0.008375,0.638918,0.700165,0.004580,0.631329,0.715162,-0.000782,0.668043,0.748028,0.007533,0.658177,0.724617,0.010796,0.647519,0.728518,0.010506,0.639276,0.741759,0.008335,0.662944,0.779790,0.010555,0.656881,0.755139,0.012730,0.646779,0.757447,0.016510,0.639639,0.769644,0.019417
1780388062.097,left,thumbs_up,0.607655,0.697420,-0.000000,0.620112,0.615958,-0.010013,0.644943,0.556172,-0.020142,0.673303,0.506907,-0.028279,0.687685,0.460288,-0.033938,0.703451,0.618139,-0.020034,0.736156,0.593552,-0.019654,0.719636,0.588193,-0.015508,0.700274,0.594743,-0.012801,0.711970,0.671461,-0.016632,0.738784,0.640201,-0.014825,0.723043,0.632295,-0.011801,0.707379,0.640109,-0.011812,0.711126,0.715308,-0.011994,0.737418,0.685902,-0.009250,0.725085,0.676267,-0.003529,0.709539,0.680966,-0.002088,0.706674,0.749702,-0.007712,0.732637,0.727095,-0.005404,0.723895,0.714589,0.000805,0.711866,0.715757,0.004844
1780388062.600,left,thumbs_up,0.500279,0.642720,-0.000000,0.517183,0.572212,-0.008048,0.545622,0.505504,-0.020451,0.565611,0.456124,-0.032012,0.573588,0.408422,-0.041725,0.556274,0.563292,-0.038780,0.616818,0.562445,-0.053340,0.598396,0.563419,-0.055283,0.576693,0.562376,-0.053571,0.556005,0.617687,-0.041694,0.616263,0.606031,-0.052865,0.600521,0.603448,-0.049323,0.578787,0.604180,-0.046271,0.555680,0.664631,-0.043798,0.613525,0.650133,-0.049651,0.599385,0.645906,-0.039094,0.578453,0.647809,-0.032099,0.555945,0.703848,-0.046274,0.602246,0.691805,-0.048178,0.594761,0.683737,-0.039075,0.578291,0.683540,-0.032713
1780388063.149,left,thumbs_up,0.409503,0.474152,0.000000,0.409110,0.373412,-0.009872,0.394499,0.291195,-0.015076,0.381413,0.234913,-0.020103,0.374809,0.185677,-0.022478,0.331047,0.301088,-0.006800,0.350942,0.304622,-0.022361,0.375442,0.328795,-0.030952,0.383571,0.343022,-0.034412,0.318424,0.336957,-0.007852,0.349777,0.347322,-0.021818,0.375285,0.364972,-0.026986,0.382216,0.374190,-0.029266,0.317004,0.377967,-0.011041,0.346105,0.386686,-0.025189,0.369967,0.397832,-0.024230,0.377270,0.402857,-0.021368,0.320769,0.418329,-0.015369,0.339905,0.423409,-0.025245,0.358399,0.429411,-0.024512,0.365671,0.431150,-0.021517
1780388063.696,left,thumbs_up,0.396162,0.251924,-0.000000,0.396175,0.198100,-0.009832,0.386782,0.146856,-0.014142,0.373747,0.108071,-0.018796,0.367267,0.073324,-0.021950,0.350611,0.157955,0.002056,0.333539,0.145460,-0.008996,0.346863,0.161007,-0.016379,0.358935,0.171419,-0.019229,0.342888,0.182899,0.003247,0.327592,0.172731,-0.007997,0.346874,0.190060,-0.012247,0.359020,0.198137,-0.011947,0.338518,0.208907,0.002006,0.323683,0.198047,-0.009377,0.342517,0.211553,-0.007567,0.354949,0.219108,-0.002632,0.336108,0.236022,-0.000167,0.322816,0.226085,-0.007050,0.336418,0.230819,-0.004152,0.346852,0.234219,0.000767
1780388064.210,left,thumbs_up,0.388358,0.267600,-0.000000,0.387724,0.225864,-0.007401,0.384702,0.188032,-0.009602,0.376161,0.160596,-0.012207,0.370950,0.136760,-0.014177,0.361029,0.206387,0.005776,0.348643,0.197539,-0.000360,0.353060,0.207539,-0.006345,0.360640,0.216115,-0.009362,0.356476,0.226111,0.006998,0.345047,0.220032,-0.000057,0.354334,0.231014,-0.005530,0.363181,0.235410,-0.007577,0.353657,0.245221,0.006349,0.342455,0.240458,-0.001090,0.351224,0.247455,-0.002310,0.360073,0.250566,-0.000954,0.351462,0.265694,0.004901,0.342123,0.262227,0.000256,0.348557,0.264210,0.001040,0.355480,0.264602,0.003232
1780388064.747,left,thumbs_up,0.394180,0.331757,-0.000000,0.396723,0.295757,-0.005205,0.394896,0.261803,-0.005681,0.387852,0.237207,-0.006269,0.383834,0.217337,-0.006312,0.375700,0.278079,0.005500,0.365982,0.272887,0.001641,0.372588,0.283853,-0.002230,0.381162,0.291366,-0.004058,0.371434,0.298754,0.006819,0.362760,0.293640,0.002029,0.372290,0.304537,-0.002150,0.381211,0.309272,-0.003675,0.369611,0.316408,0.006777,0.363033,0.313474,0.001404,0.371349,0.320358,0.000170,0.378846,0.322779,0.000927,0.369055,0.333474,0.006332,0.363695,0.331523,0.003676,0.370313,0.336508,0.004601,0.376410,0.337609,0.006286
1780388065.257,left,thumbs_up,0.386403,0.419568,-0.000000,0.382382,0.386483,-0.004921,0.376756,0.355769,-0.005578,0.368943,0.332559,-0.006030,0.363660,0.314750,-0.005927,0.366232,0.370423,0.008793,0.357603,0.371239,0.006560,0.362834,0.379914,0.003032,0.367923,0.383497,0.001325,0.364031,0.385526,0.010752,0.355908,0.386679,0.008952,0.362592,0.394684,0.004838,0.366981,0.398121,0.002642,0.362501,0.399799,0.011321,0.355332,0.399978,0.009450,0.361213,0.406833,0.008638,0.366618,0.409330,0.008877,0.362791,0.410813,0.011372,0.356012,0.412210,0.011671,0.360258,0.417312,0.013283,0.364233,0.418899,0.015048
1780388065.806,left,thumbs_up,0.304664,0.476221,0.000000,0.299496,0.434705,-0.005717,0.295729,0.396434,-0.006733,0.289658,0.373640,-0.007758,0.282984,0.357428,-0.008245,0.277637,0.411680,0.006198,0.267986,0.411648,0.002312,0.271586,0.422910,-0.002180,0.277239,0.429278,-0.004446,0.274617,0.428993,0.007796,0.265297,0.430050,0.003428,0.273834,0.439575,-0.000662,0.281558,0.441885,-0.001936,0.273848,0.444963,0.007956,0.264183,0.446430,0.003096,0.272762,0.452466,0.002754,0.280974,0.452834,0.004511,0.274823,0.460396,0.007507,0.266663,0.461625,0.004348,0.272853,0.463837,0.005490,0.279068,0.462211,0.008014
1780388066.308,left,thumbs_up,0.244492,0.445727,-0.000000,0.246704,0.400417,-0.008820,0.241561,0.353655,-0.011052,0.229346,0.322727,-0.013018,0.221187,0.298512,-0.014046,0.213878,0.370354,0.000238,0.196206,0.365864,-0.009001,0.204397,0.383374,-0.014432,0.214564,0.392325,-0.016040,0.207774,0.392236,0.002278,0.192272,0.392011,-0.008055,0.206634,0.409258,-0.011190,0.218438,0.412414,-0.010440,0.204435,0.411296,0.002222,0.189702,0.410888,-0.008873,0.204416,0.424595,-0.007919,0.217167,0.426339,-0.003776,0.202917,0.429770,0.001485,0.191053,0.430151,-0.006021,0.202068,0.437797,-0.005052,0.212922,0.437743,-0.001703
1780388066.816,left,thumbs_up,0.121852,0.469604,-0.000000,0.119034,0.409197,-0.011607,0.108769,0.349596,-0.014867,0.092487,0.312979,-0.018333,0.079151,0.283102,-0.020619,0.068770,0.366594,0.002280,0.047406,0.369012,-0.011052,0.059580,0.394435,-0.019788,0.075107,0.408296,-0.022397,0.061518,0.396102,0.004002,0.040566,0.403565,-0.011245,0.060536,0.426154,-0.017208,0.079770,0.432623,-0.016372,0.057973,0.422565,0.002671,0.038369,0.430764,-0.013480,0.059457,0.447074,-0.014208,0.079825,0.449363,-0.008768,0.057720,0.448210,0.000404,0.039326,0.448976,-0.010206,0.052338,0.457611,-0.009360,0.067939,0.458707,-0.004478
1780388067.583,left,thumbs_up,0.345866,0.517253,-0.000000,0.336447,0.399454,-0.012212,0.299078,0.299747,-0.016908,0.259087,0.229325,-0.024961,0.234858,0.164308,-0.031951,0.227907,0.318480,0.002788,0.179819,0.304291,-0.022401,0.214115,0.327814,-0.040239,0.248797,0.351370,-0.047879,0.216509,0.375602,-0.001927,0.173220,0.367917,-0.031337,0.221033,0.388625,-0.044989,0.259681,0.413038,-0.048327,0.209327,0.434296,-0.010870,0.166327,0.422160,-0.038809,0.213152,0.433582,-0.039934,0.252453,0.452756,-0.033439,0.205771,0.500720,-0.021247,0.158953,0.478370,-0.040766,0.187112,0.474254,-0.040143,0.219546,0.478275,-0.034349
1780388068.100,left,thumbs_up,0.681088,0.461671,-0.000000,0.677459,0.391722,-0.020225,0.661709,0.326287,-0.036510,0.649521,0.270274,-0.051673,0.643494,0.213025,-0.065365,0.581990,0.373821,-0.034437,0.633877,0.358353,-0.060053,0.665840,0.367252,-0.076291,0.669873,0.375210,-0.086241,0.578248,0.433874,-0.036624,0.646033,0.410863,-0.056577,0.675235,0.417799,-0.060649,0.676673,0.430272,-0.063933,0.586807,0.488786,-0.040931,0.651771,0.467830,-0.058714,0.675739,0.468192,-0.054254,0.675077,0.474997,-0.050764,0.601739,0.540720,-0.047794,0.650476,0.524898,-0.057636,0.671227,0.520195,-0.053151,0.673016,0.521610,-0.048825
1780388068.641,left,thumbs_up,0.617108,0.653288,-0.000000,0.622541,0.582677,-0.027344,0.607502,0.511403,-0.043579,0.589147,0.460612,-0.056708,0.575311,0.412069,-0.067847,0.528186,0.529829,-0.031600,0.563708,0.557718,-0.056855,0.592249,0.585197,-0.073043,0.602642,0.596205,-0.081071,0.513077,0.585486,-0.026867,0.561461,0.610744,-0.045940,0.591149,0.626174,-0.051383,0.600353,0.628295,-0.053715,0.510844,0.638524,-0.025110,0.556530,0.659722,-0.043590,0.584200,0.664600,-0.040450,0.593828,0.658943,-0.035906,0.515717,0.689909,-0.026242,0.542831,0.703326,-0.038963,0.570453,0.701020,-0.035783,0.584684,0.692735,-0.030063
1780388069.174,left,thumbs_up,0.591889,0.608002,-0.000000,0.592419,0.552726,-0.025304,0.572866,0.491402,-0.038165,0.552121,0.446558,-0.048111,0.538816,0.400218,-0.054812,0.501175,0.492414,-0.017241,0.517531,0.514154,-0.040340,0.544974,0.543834,-0.054535,0.557942,0.556074,-0.060808,0.487755,0.537369,-0.012105,0.512821,0.559841,-0.032248,0.545273,0.578257,-0.037011,0.555221,0.578181,-0.036380,0.485785,0.583557,-0.010950,0.509203,0.602368,-0.031056,0.538663,0.610865,-0.027825,0.546773,0.604666,-0.021038,0.490091,0.629061,-0.012252,0.502621,0.639485,-0.024606,0.526339,0.637864,-0.021291,0.534264,0.629295,-0.014729
1780388069.716,left,thumbs_up,0.542469,0.701051,-0.000000,0.539652,0.644718,-0.020261,0.520494,0.583072,-0.028628,0.496758,0.546760,-0.034664,0.481820,0.509556,-0.038537,0.476124,0.593619,-0.015952,0.458427,0.617263,-0.035096,0.480811,0.647016,-0.042946,0.499089,0.656223,-0.043669,0.466304,0.632297,-0.010563,0.454253,0.655935,-0.031801,0.485170,0.677830,-0.034236,0.503765,0.678337,-0.029852,0.461056,0.669225,-0.008367,0.448776,0.687146,-0.031126,0.479056,0.701405,-0.027570,0.497713,0.698604,-0.017977,0.459290,0.705995,-0.007309,0.440812,0.712227,-0.023559,0.464028,0.722690,-0.020849,0.481725,0.722835,-0.012899
1780388070.265,left,thumbs_up,0.324727,0.773272,-0.000000,0.310651,0.699549,-0.016432,0.292468,0.639246,-0.022350,0.266309,0.603322,-0.028018,0.248954,0.565849,-0.031043,0.235904,0.664271,0.002003,0.208988,0.691934,-0.013177,0.233777,0.719606,-0.020920,0.255041,0.725396,-0.021658,0.228571,0.706320,0.006152,0.203399,0.727286,-0.014297,0.239064,0.750144,-0.020473,0.263326,0.753004,-0.017205,0.225911,0.744902,0.006843,0.201299,0.760744,-0.014132,0.234478,0.776883,-0.012780,0.259749,0.774210,-0.003465,0.227328,0.780445,0.006323,0.199631,0.786787,-0.007084,0.215289,0.798827,-0.005288,0.230114,0.798768,0.002272
1780388070.771,left,thumbs_up,0.257033,0.835663,-0.000000,0.263949,0.770788,-0.022061,0.253201,0.700292,-0.038364,0.246475,0.649472,-0.052420,0.242310,0.597196,-0.064330,0.175275,0.722937,-0.031889,0.235406,0.750031,-0.055920,0.256042,0.765807,-0.071582,0.248260,0.764209,-0.082288,0.163026,0.783378,-0.032432,0.232940,0.804272,-0.051079,0.250274,0.803217,-0.056372,0.239079,0.795614,-0.060668,0.164840,0.840280,-0.035240,0.230122,0.853954,-0.051261,0.246942,0.843828,-0.046976,0.235836,0.835441,-0.044108,0.174282,0.892561,-0.041026,0.225670,0.896599,-0.052544,0.241451,0.883253,-0.050818,0.234124,0.873417,-0.048035
1780388071.282,left,thumbs_up,0.324171,0.891606,-0.000000,0.329248,0.790839,-0.007677,0.350743,0.699978,-0.016024,0.370103,0.629565,-0.023754,0.374808,0.570986,-0.029130,0.406885,0.724474,-0.011903,0.445733,0.712402,-0.019135,0.428030,0.728885,-0.023778,0.406695,0.742484,-0.026184,0.422513,0.783213,-0.012958,0.451390,0.761135,-0.013661,0.434845,0.774792,-0.013406,0.416677,0.790055,-0.015182,0.431265,0.838527,-0.014299,0.456071,0.809132,-0.014218,0.441363,0.818313,-0.008398,0.423838,0.832632,-0.006341,0.436287,0.886653,-0.016164,0.457402,0.849198,-0.015224,0.443915,0.854838,-0.006986,0.430068,0.869207,-0.000971
1780388071.784,left,thumbs_up,0.366491,0.928328,-0.000000,0.378362,0.827030,-0.006631,0.403447,0.745742,-0.016214,0.428949,0.683677,-0.025165,0.439322,0.626916,-0.032651,0.460621,0.798753,-0.015702,0.482340,0.776084,-0.019843,0.460493,0.781812,-0.022615,0.442023,0.794267,-0.024890,0.472106,0.861765,-0.016659,0.485720,0.828715,-0.017193,0.464863,0.832392,-0.017076,0.447630,0.849867,-0.019588,0.474202,0.917185,-0.016800,0.490812,0.881671,-0.016374,0.473761,0.882466,-0.009993,0.456327,0.896227,-0.008191,0.471906,0.961764,-0.017124,0.489719,0.927369,-0.015440,0.475320,0.924960,-0.006649,0.461654,0.935741,-0.000810
1780388072.290,left,thumbs_up,0.378607,0.864220,-0.000000,0.391178,0.777167,-0.005489,0.412322,0.709149,-0.014575,0.433441,0.654293,-0.022428,0.440928,0.606199,-0.028183,0.459423,0.748412,-0.019330,0.494054,0.740983,-0.020626,0.475771,0.745201,-0.018342,0.457180,0.748794,-0.017050,0.468604,0.804193,-0.019539,0.496215,0.781192,-0.017121,0.480141,0.782774,-0.013224,0.463403,0.791795,-0.013442,0.471218,0.853370,-0.018355,0.496094,0.824438,-0.014598,0.482439,0.825100,-0.006834,0.466137,0.834923,-0.004796,0.471666,0.894329,-0.017262,0.496826,0.862245,-0.014625,0.485135,0.860167,-0.006300,0.472006,0.869928,-0.001135
1780388072.833,left,thumbs_up,0.386906,0.857143,-0.000000,0.400694,0.772261,-0.002989,0.424206,0.708058,-0.009801,0.449690,0.658554,-0.015641,0.461988,0.614832,-0.019420,0.473856,0.747871,-0.012882,0.503405,0.749588,-0.010510,0.487350,0.754343,-0.006076,0.470722,0.756667,-0.003829,0.481155,0.802040,-0.013576,0.506121,0.788493,-0.007629,0.491563,0.789720,-0.002798,0.475053,0.796185,-0.002751,0.481653,0.850704,-0.012823,0.504400,0.828797,-0.006452,0.491238,0.830372,0.001392,0.474918,0.837852,0.002956,0.479657,0.893098,-0.012091,0.502047,0.868120,-0.007304,0.490051,0.867260,0.001097,0.476942,0.874743,0.005839
1780388073.389,left,thumbs_up,0.383900,0.866720,-0.000000,0.399945,0.780980,-0.002648,0.424382,0.717393,-0.009861,0.449230,0.669203,-0.016119,0.460902,0.625747,-0.020333,0.470829,0.759913,-0.015325,0.504993,0.762884,-0.014930,0.487274,0.765279,-0.011593,0.468994,0.766075,-0.009759,0.477429,0.815786,-0.016697,0.505661,0.800804,-0.012094,0.490666,0.800708,-0.007251,0.473469,0.806817,-0.007047,0.477978,0.865198,-0.016643,0.502756,0.840463,-0.011116,0.489182,0.842042,-0.002946,0.472576,0.849870,-0.001074,0.476485,0.907687,-0.016572,0.499869,0.879449,-0.012649,0.487639,0.879646,-0.004224,0.474443,0.888405,0.000691
1780388073.913,left,thumbs_up,0.372965,0.860754,-0.000000,0.388670,0.774826,-0.004161,0.413557,0.708433,-0.012266,0.437709,0.657137,-0.019223,0.449279,0.611518,-0.023926,0.457382,0.748434,-0.017931,0.494700,0.752634,-0.019530,0.477455,0.755201,-0.016936,0.459079,0.755381,-0.015258,0.464089,0.805784,-0.019167,0.495236,0.791181,-0.016378,0.480191,0.791141,-0.011553,0.463609,0.797894,-0.011099,0.465227,0.856698,-0.019219,0.492567,0.831671,-0.015368,0.478634,0.832715,-0.006581,0.462014,0.841474,-0.003882,0.464256,0.899840,-0.019359,0.490516,0.870787,-0.016402,0.477967,0.870546,-0.007591,0.464034,0.880106,-0.002237
1780388074.436,left,thumbs_up,0.366425,0.846652,-0.000000,0.381850,0.762276,-0.004332,0.406473,0.693846,-0.012747,0.429923,0.640379,-0.020180,0.439959,0.593365,-0.025417,0.448613,0.730070,-0.018345,0.487491,0.735935,-0.021159,0.471138,0.740902,-0.019363,0.452509,0.740658,-0.018011,0.455372,0.786141,-0.020075,0.489073,0.774600,-0.018124,0.474320,0.776446,-0.013535,0.457137,0.781776,-0.013067,0.457185,0.837386,-0.020765,0.486639,0.815566,-0.017466,0.472583,0.817297,-0.008516,0.455452,0.824864,-0.005572,0.457018,0.881602,-0.021592,0.484546,0.853879,-0.018814,0.471714,0.854356,-0.009731,0.457567,0.863436,-0.004175
1780388074.978,left,thumbs_up,0.364303,0.838871,-0.000000,0.377670,0.754724,-0.004451,0.401015,0.686069,-0.012949,0.424642,0.632546,-0.020317,0.435444,0.587022,-0.025389,0.441772,0.719423,-0.020434,0.482643,0.722898,-0.023348,0.467341,0.729389,-0.020448,0.448681,0.730649,-0.018097,0.449323,0.774852,-0.022152,0.484175,0.763163,-0.020204,0.469890,0.767289,-0.014760,0.452928,0.773621,-0.013649,0.452083,0.825590,-0.022774,0.482784,0.804709,-0.019476,0.469196,0.808598,-0.010100,0.452512,0.816953,-0.006963,0.452702,0.869846,-0.023518,0.480160,0.843772,-0.020575,0.467282,0.845522,-0.011455,0.453282,0.854599,-0.006023
1780388075.510,left,thumbs_up,0.365091,0.848120,-0.000000,0.379282,0.762087,-0.004388,0.403504,0.692797,-0.012739,0.426654,0.639039,-0.019963,0.436760,0.592546,-0.024948,0.443980,0.728075,-0.019763,0.485085,0.731272,-0.022810,0.469403,0.736025,-0.020521,0.450706,0.736654,-0.018677,0.451539,0.784578,-0.021508,0.486491,0.770861,-0.019741,0.471887,0.773636,-0.014782,0.455020,0.780317,-0.013991,0.454331,0.836003,-0.022179,0.485104,0.811953,-0.018900,0.471122,0.814873,-0.009696,0.454324,0.823390,-0.006615,0.455066,0.880332,-0.022982,0.482710,0.851209,-0.020199,0.470279,0.852721,-0.011154,0.456567,0.862419,-0.005677
1780388076.057,left,thumbs_up,0.394953,0.856054,-0.000000,0.406520,0.772897,-0.006278,0.425400,0.706479,-0.016389,0.445892,0.655913,-0.025236,0.458054,0.612739,-0.031807,0.468500,0.747516,-0.021349,0.507168,0.740653,-0.025598,0.492005,0.744916,-0.024769,0.474160,0.747388,-0.023584,0.476621,0.801470,-0.022327,0.509623,0.782790,-0.022202,0.495442,0.782817,-0.018552,0.478723,0.788592,-0.017985,0.479395,0.849211,-0.022399,0.509872,0.824243,-0.020477,0.497218,0.823433,-0.012303,0.481650,0.830310,-0.009269,0.480021,0.891031,-0.022671,0.508322,0.863521,-0.020792,0.496779,0.860774,-0.011989,0.483554,0.868261,-0.006193
1780388076.585,left,thumbs_up,0.420546,0.868149,-0.000000,0.434977,0.786713,-0.002768,0.457026,0.724114,-0.010295,0.481460,0.675141,-0.016919,0.494767,0.633731,-0.021651,0.502886,0.765904,-0.013672,0.532114,0.758996,-0.013168,0.516184,0.763363,-0.010389,0.499991,0.768675,-0.009000,0.510325,0.819337,-0.014613,0.534280,0.796643,-0.010031,0.520054,0.797751,-0.005912,0.504496,0.805935,-0.006183,0.511684,0.865943,-0.014191,0.531717,0.836226,-0.009278,0.518962,0.839190,-0.002335,0.503967,0.848752,-0.000926,0.511142,0.905267,-0.013654,0.531968,0.871969,-0.010400,0.521051,0.874487,-0.002856,0.509609,0.885186,0.001690
1780388077.117,left,thumbs_up,0.422585,0.877966,-0.000000,0.435043,0.795619,-0.001076,0.458738,0.732524,-0.006961,0.484272,0.684999,-0.012060,0.496957,0.644645,-0.015497,0.507279,0.779840,-0.012909,0.535307,0.767038,-0.009877,0.518520,0.767301,-0.005074,0.501465,0.772983,-0.002512,0.515367,0.833862,-0.013475,0.537705,0.807602,-0.007284,0.522969,0.805045,-0.002253,0.507068,0.814015,-0.002092,0.516197,0.879749,-0.012193,0.537734,0.849799,-0.005565,0.525287,0.847863,0.001557,0.509680,0.856090,0.002629,0.514790,0.917363,-0.010600,0.535691,0.885606,-0.005795,0.524762,0.883065,0.001685,0.512455,0.891174,0.005763
1780388077.651,left,thumbs_up,0.433076,0.602835,0.000000,0.400179,0.592009,0.005198,0.381813,0.555874,0.010956,0.373515,0.522055,0.015027,0.369599,0.496468,0.019117,0.384570,0.522569,0.018129,0.379891,0.480529,0.022432,0.378609,0.453095,0.023420,0.378445,0.431269,0.023496,0.402313,0.507585,0.014457,0.403834,0.461997,0.018182,0.405469,0.433131,0.015735,0.408055,0.405308,0.013254,0.420130,0.500643,0.010229,0.429264,0.454759,0.009208,0.435235,0.427928,0.005177,0.441438,0.404252,0.002459,0.439500,0.499706,0.006561,0.451913,0.459981,0.005824,0.458762,0.436433,0.005361,0.464666,0.414602,0.005007
1780388078.152,left,thumbs_up,0.425352,0.913236,-0.000000,0.432385,0.819043,-0.007532,0.456790,0.756232,-0.015586,0.483079,0.706142,-0.021758,0.494959,0.660585,-0.025979,0.516790,0.812882,-0.015866,0.536516,0.766967,-0.014205,0.515731,0.769828,-0.011656,0.501432,0.787423,-0.010890,0.526233,0.862901,-0.012540,0.538656,0.811462,-0.009139,0.520576,0.808295,-0.006303,0.509346,0.825184,-0.007166,0.525158,0.904336,-0.007817,0.539181,0.855720,-0.005161,0.524881,0.850313,-0.000581,0.511755,0.864338,-0.000109,0.521010,0.935229,-0.003111,0.533690,0.895358,-0.001071,0.521768,0.889933,0.004181,0.510729,0.901897,0.007448
1780388078.693,left,thumbs_up,0.360881,0.944452,-0.000000,0.368471,0.845202,-0.006214,0.389023,0.767896,-0.016391,0.412426,0.708123,-0.024944,0.423104,0.656844,-0.031456,0.444475,0.827735,-0.027792,0.486443,0.775499,-0.029395,0.465237,0.776961,-0.025240,0.445737,0.794286,-0.022338,0.459617,0.885334,-0.026316,0.492299,0.825001,-0.025198,0.471341,0.821466,-0.019762,0.456042,0.837494,-0.018740,0.464916,0.932595,-0.022671,0.494962,0.873748,-0.020811,0.477419,0.867615,-0.012836,0.461110,0.881479,-0.010413,0.465837,0.967093,-0.018648,0.491203,0.916170,-0.017288,0.477006,0.907837,-0.009555,0.462858,0.919846,-0.004723
1780388079.224,left,thumbs_up,0.335231,0.946656,-0.000000,0.344493,0.849572,-0.010835,0.363972,0.769829,-0.024542,0.384063,0.708619,-0.035639,0.394920,0.656007,-0.044625,0.407995,0.841039,-0.042399,0.462452,0.790459,-0.048762,0.440199,0.787554,-0.044870,0.418228,0.801363,-0.041048,0.422667,0.905208,-0.039818,0.469155,0.840990,-0.043344,0.447542,0.833437,-0.037462,0.428918,0.848807,-0.035422,0.429349,0.954612,-0.035035,0.471424,0.892325,-0.036391,0.453232,0.884630,-0.027138,0.434845,0.899065,-0.023320,0.432998,0.987281,-0.030061,0.466572,0.933891,-0.031251,0.451725,0.924138,-0.023242,0.435875,0.937093,-0.018090
1780388079.730,left,thumbs_up,0.320752,0.945386,-0.000000,0.332798,0.843834,-0.010228,0.353187,0.758784,-0.023396,0.372627,0.691604,-0.033985,0.381687,0.636926,-0.042134,0.397435,0.832057,-0.040215,0.452736,0.777437,-0.045935,0.428246,0.778999,-0.041568,0.406379,0.795734,-0.037474,0.412674,0.896714,-0.037388,0.459092,0.828127,-0.040996,0.436698,0.824724,-0.035094,0.418793,0.842736,-0.032881,0.420139,0.946614,-0.032272,0.461028,0.879799,-0.033600,0.442742,0.875133,-0.024242,0.425021,0.892649,-0.020105,0.424814,0.980059,-0.026868,0.459300,0.921025,-0.027657,0.443426,0.913162,-0.019075,0.427022,0.928706,-0.013388
1780388080.249,left,thumbs_up,0.207624,0.983397,-0.000000,0.200433,0.881556,-0.026934,0.179063,0.784398,-0.043175,0.162325,0.710359,-0.056258,0.149846,0.641481,-0.066732,0.108095,0.846035,-0.039491,0.196800,0.810697,-0.071963,0.218095,0.819914,-0.093914,0.207283,0.834134,-0.107026,0.109111,0.919857,-0.038206,0.224864,0.873500,-0.064642,0.235800,0.886534,-0.074489,0.216773,0.909638,-0.081547,0.123286,0.979292,-0.039697,0.229766,0.933491,-0.065447,0.243697,0.939200,-0.063543,0.231933,0.951854,-0.059897,0.143293,1.030360,-0.044311,0.225654,0.982509,-0.065485,0.243103,0.975866,-0.066575,0.240289,0.978347,-0.063286
1780388080.766,left,thumbs_up,0.178584,1.023496,0.000000,0.188090,0.943856,-0.021681,0.180069,0.846802,-0.034139,0.166934,0.774870,-0.044590,0.155790,0.717357,-0.055111,0.134420,0.872121,-0.040008,0.153712,0.823876,-0.062864,0.155657,0.780681,-0.078964,0.152362,0.745912,-0.090801,0.112268,0.922384,-0.039721,0.200561,0.917016,-0.067248,0.225503,0.930803,-0.075150,0.226387,0.943323,-0.079466,0.111501,0.979079,-0.040796,0.198285,0.974032,-0.066316,0.217129,0.981121,-0.062608,0.218762,0.985751,-0.057995,0.122345,1.033872,-0.044152,0.184592,1.020243,-0.065514,0.205668,1.014838,-0.064856,0.214269,1.013128,-0.060995
1780388081.277,left,thumbs_up,0.140671,0.975797,-0.000000,0.152413,0.917006,-0.012194,0.156015,0.857345,-0.021580,0.150314,0.809433,-0.031193,0.143146,0.772703,-0.042526,0.137327,0.882015,-0.025222,0.154014,0.887324,-0.041808,0.161685,0.888843,-0.054621,0.166129,0.881409,-0.063000,0.120988,0.927185,-0.027016,0.148471,0.952326,-0.042716,0.167961,0.958701,-0.048761,0.182712,0.957048,-0.053468,0.106755,0.970263,-0.029413,0.130456,0.991270,-0.045422,0.150752,0.995526,-0.043241,0.167333,0.996760,-0.040600,0.096133,1.008251,-0.032983,0.111226,1.022332,-0.044499,0.127894,1.024622,-0.041227,0.142795,1.024598,-0.037475
1780388082.010,left,thumbs_up,0.330282,0.938703,-0.000000,0.335389,0.872629,-0.025383,0.357138,0.810519,-0.048795,0.377939,0.760616,-0.070350,0.393863,0.722181,-0.093373,0.359887,0.870789,-0.059796,0.401437,0.850183,-0.089033,0.405879,0.832213,-0.112326,0.409079,0.817165,-0.127184,0.366562,0.936793,-0.060769,0.432134,0.911109,-0.082407,0.432924,0.912374,-0.091478,0.425397,0.916119,-0.101537,0.369577,0.988633,-0.061829,0.429728,0.963421,-0.080707,0.429861,0.960468,-0.078218,0.424175,0.960920,-0.077592,0.369456,1.029386,-0.066027,0.416015,1.016321,-0.078743,0.423574,1.012660,-0.072511,0.424488,1.013864,-0.068107
1780388082.511,left,thumbs_up,0.322048,0.941855,-0.000000,0.342909,0.853684,-0.011569,0.377400,0.768630,-0.023757,0.398151,0.707371,-0.033926,0.413468,0.659293,-0.040935,0.388542,0.826944,-0.042118,0.457068,0.819125,-0.057470,0.436101,0.824711,-0.060393,0.410305,0.829426,-0.059304,0.390595,0.895931,-0.042747,0.456604,0.883203,-0.051965,0.438082,0.880068,-0.046620,0.412567,0.884415,-0.043537,0.391558,0.953992,-0.042863,0.452275,0.940182,-0.046779,0.435617,0.933808,-0.033703,0.411260,0.938647,-0.026081,0.392346,1.000208,-0.043739,0.442752,0.984051,-0.043598,0.430637,0.976466,-0.032191,0.409158,0.981744,-0.024990
1780388083.055,left,thumbs_up,0.580031,0.537871,-0.000000,0.581174,0.461108,-0.008429,0.599570,0.403255,-0.016287,0.625851,0.369561,-0.022089,0.647802,0.357204,-0.026058,0.651898,0.410088,-0.022017,0.673441,0.403506,-0.024989,0.660673,0.420000,-0.022427,0.643854,0.431759,-0.020094,0.666366,0.458265,-0.021030,0.682557,0.448363,-0.021377,0.668441,0.458052,-0.020118,0.651857,0.468378,-0.020470,0.673228,0.506740,-0.019291,0.685846,0.490497,-0.019535,0.671576,0.497492,-0.017510,0.654750,0.505398,-0.017682,0.676330,0.551524,-0.018019,0.688168,0.534851,-0.019400,0.674525,0.536823,-0.017046,0.660261,0.541818,-0.014830
1780388083.579,left,thumbs_up,0.699906,0.506016,-0.000000,0.710606,0.430633,-0.006057,0.735283,0.375835,-0.012450,0.768801,0.337117,-0.016980,0.790605,0.302657,-0.019289,0.796043,0.400645,-0.011948,0.817598,0.434468,-0.008554,0.803941,0.447093,-0.004569,0.790194,0.443703,-0.002998,0.803365,0.452794,-0.011442,0.814513,0.476177,-0.001270,0.800226,0.484000,0.003953,0.785811,0.481720,0.003245,0.800816,0.503577,-0.010112,0.810821,0.514151,-0.002142,0.797698,0.518106,0.004010,0.782581,0.515063,0.003947,0.794600,0.549745,-0.009252,0.808403,0.551594,-0.004046,0.796191,0.553173,0.002829,0.782214,0.551026,0.006623
1780388084.119,left,thumbs_up,0.402927,0.918613,-0.000000,0.423796,0.864864,-0.015675,0.454827,0.817268,-0.032604,0.479816,0.785051,-0.047840,0.500207,0.753600,-0.061742,0.465062,0.904975,-0.041268,0.508147,0.919592,-0.060632,0.503993,0.907558,-0.071030,0.495219,0.895854,-0.075653,0.456150,0.954066,-0.041927,0.503191,0.968133,-0.055824,0.495968,0.954342,-0.057372,0.482896,0.945986,-0.058409,0.446865,0.991108,-0.042751,0.491966,1.010276,-0.054771,0.484130,0.995681,-0.048359,0.470662,0.984973,-0.043161,0.437712,1.016968,-0.044291,0.472332,1.038192,-0.050995,0.468611,1.031731,-0.043402,0.459105,1.024934,-0.037343
1780388084.676,left,thumbs_up,0.277055,0.927282,-0.000000,0.272858,0.894118,-0.017203,0.272057,0.871257,-0.029247,0.272782,0.851849,-0.039320,0.269963,0.826347,-0.048146,0.245189,0.941100,-0.022539,0.275942,0.962150,-0.034956,0.284952,0.949594,-0.041135,0.280964,0.932901,-0.044336,0.246357,0.960931,-0.020074,0.286231,0.974914,-0.031657,0.294914,0.956334,-0.034753,0.289914,0.939582,-0.036154,0.251094,0.976171,-0.018942,0.286463,0.984039,-0.030995,0.293654,0.958921,-0.030431,0.289921,0.937460,-0.028154,0.256994,0.984986,-0.019554,0.280124,0.993521,-0.027441,0.284948,0.983606,-0.026390,0.283318,0.973517,-0.023869
1780388085.241,left,thumbs_up,0.273752,0.933627,0.000000,0.274398,0.896065,-0.015167,0.285035,0.856591,-0.031979,0.294091,0.826107,-0.047891,0.296424,0.796488,-0.064499,0.281198,0.874997,-0.036312,0.301647,0.856750,-0.057661,0.303333,0.836190,-0.071825,0.295037,0.818889,-0.080462,0.284570,0.905564,-0.036741,0.312470,0.917106,-0.052651,0.313111,0.897119,-0.056584,0.301194,0.881972,-0.060333,0.288016,0.940047,-0.037623,0.315277,0.955111,-0.051009,0.315760,0.934023,-0.046874,0.305544,0.919086,-0.043937,0.290442,0.971054,-0.040177,0.315199,0.980568,-0.047876,0.316648,0.961483,-0.043363,0.309412,0.946665,-0.040053
1780388085.776,left,thumbs_up,0.310662,0.974359,-0.000000,0.327639,0.923869,-0.019142,0.355817,0.877135,-0.038312,0.371789,0.830093,-0.054825,0.378770,0.784501,-0.071131,0.349925,0.946353,-0.053075,0.400992,0.950691,-0.072642,0.396321,0.946573,-0.080718,0.384947,0.947340,-0.083008,0.346314,0.998076,-0.050951,0.402173,0.996030,-0.067371,0.399470,0.985247,-0.069370,0.387562,0.980264,-0.069675,0.345632,1.036910,-0.048237,0.397009,1.041087,-0.060478,0.392888,1.031460,-0.057990,0.380664,1.025663,-0.055179,0.348774,1.061230,-0.046336,0.390094,1.072387,-0.054236,0.384994,1.063277,-0.049975,0.371459,1.055114,-0.046011
1780388086.290,left,thumbs_up,0.532985,0.816401,-0.000000,0.549729,0.728505,-0.005113,0.573208,0.654480,-0.014764,0.599297,0.598122,-0.023602,0.612386,0.548364,-0.029989,0.618405,0.701874,-0.019224,0.662214,0.701106,-0.024019,0.645019,0.705902,-0.022307,0.623359,0.709769,-0.019633,0.626408,0.763368,-0.020192,0.664462,0.745910,-0.019990,0.649023,0.747443,-0.015445,0.629340,0.755120,-0.014097,0.629895,0.817579,-0.020494,0.664607,0.792151,-0.018779,0.650732,0.793746,-0.010500,0.633046,0.802455,-0.007164,0.631723,0.865451,-0.020865,0.664486,0.837399,-0.019338,0.652671,0.835872,-0.011342,0.638030,0.844791,-0.005940
1780388086.819,left,thumbs_up,0.581952,0.654096,-0.000000,0.593972,0.581453,-0.004325,0.614772,0.522441,-0.010786,0.638823,0.474941,-0.016499,0.650478,0.433793,-0.020252,0.661111,0.544816,-0.010402,0.691730,0.559364,-0.011671,0.681839,0.574410,-0.010637,0.668000,0.576180,-0.009930,0.670110,0.591760,-0.011441,0.692090,0.599484,-0.006856,0.680804,0.610310,-0.003293,0.666312,0.611856,-0.003618,0.672954,0.637694,-0.012055,0.691864,0.636391,-0.007902,0.681566,0.644095,-0.001549,0.666983,0.646679,0.000034,0.672696,0.679541,-0.012998,0.692750,0.670304,-0.009793,0.683073,0.674385,-0.002352,0.670590,0.676942,0.002537
1780388087.355,left,thumbs_up,0.557192,0.530681,-0.000000,0.562007,0.469072,-0.005188,0.576471,0.418521,-0.011020,0.596675,0.380441,-0.015874,0.606256,0.346819,-0.019207,0.618640,0.429194,-0.010316,0.642022,0.446565,-0.012873,0.632117,0.457961,-0.013911,0.620113,0.457478,-0.014703,0.626265,0.468080,-0.010858,0.642452,0.480305,-0.007617,0.632280,0.489280,-0.005340,0.620891,0.490067,-0.006271,0.628639,0.506817,-0.011282,0.642483,0.511321,-0.008869,0.632801,0.517291,-0.003957,0.620970,0.518617,-0.002830,0.628873,0.542421,-0.012148,0.643918,0.537846,-0.010125,0.634416,0.542247,-0.004172,0.624022,0.544932,-0.000280
1780388087.866,left,thumbs_up,0.544427,0.490927,-0.000000,0.549953,0.430723,-0.003730,0.563216,0.381638,-0.009489,0.580793,0.341031,-0.013865,0.588850,0.307260,-0.016470,0.606943,0.393302,-0.010840,0.624678,0.406404,-0.008275,0.613934,0.415781,-0.004657,0.603038,0.416482,-0.003067,0.614343,0.431525,-0.010776,0.625520,0.437486,-0.003889,0.615368,0.443985,0.000349,0.604884,0.446913,0.000130,0.615854,0.469699,-0.009701,0.625720,0.465967,-0.003758,0.617334,0.471347,0.001612,0.606647,0.475315,0.002099,0.615361,0.504564,-0.008770,0.627696,0.493563,-0.004998,0.619413,0.497458,0.001045,0.610163,0.502199,0.004599
1780388088.410,left,thumbs_up,0.569046,0.442193,-0.000000,0.566566,0.378382,-0.006732,0.577214,0.330537,-0.013061,0.592692,0.290953,-0.017744,0.600577,0.255605,-0.021147,0.628335,0.337841,-0.012021,0.628261,0.347363,-0.011779,0.617634,0.359664,-0.011435,0.609085,0.364931,-0.012380,0.640149,0.374056,-0.011056,0.633997,0.381394,-0.006676,0.622488,0.388777,-0.005743,0.614185,0.393197,-0.008307,0.643226,0.411730,-0.009445,0.634829,0.414053,-0.005867,0.624700,0.417248,-0.003439,0.615683,0.418873,-0.004798,0.641913,0.445850,-0.008466,0.636512,0.446606,-0.006128,0.627806,0.447782,-0.002694,0.619906,0.447338,-0.000972
1780388088.953,left,thumbs_up,0.460669,0.526946,-0.000000,0.456386,0.463528,-0.007124,0.463594,0.409172,-0.013651,0.476367,0.371136,-0.018814,0.486110,0.347435,-0.022686,0.517938,0.402023,-0.012294,0.522416,0.403882,-0.015260,0.511676,0.418944,-0.018131,0.501580,0.428540,-0.020603,0.531396,0.440368,-0.012427,0.530597,0.438421,-0.011307,0.520100,0.448213,-0.011585,0.510150,0.459396,-0.013700,0.537089,0.480562,-0.012356,0.535548,0.476548,-0.012136,0.525847,0.482594,-0.009977,0.515761,0.491872,-0.010050,0.538627,0.518572,-0.012918,0.539458,0.512633,-0.012949,0.530119,0.516365,-0.008904,0.521911,0.523469,-0.005707
1780388089.483,left,thumbs_up,0.228920,0.554888,-0.000000,0.239977,0.488517,-0.008055,0.266385,0.412878,-0.018220,0.281895,0.358744,-0.027501,0.282548,0.307317,-0.034798,0.263801,0.413087,-0.032172,0.320869,0.428351,-0.049220,0.312187,0.446706,-0.054382,0.294675,0.448204,-0.055687,0.260277,0.457418,-0.036074,0.322349,0.467476,-0.048790,0.310628,0.484412,-0.044981,0.291542,0.488632,-0.042408,0.260384,0.505412,-0.040185,0.320369,0.504459,-0.049481,0.309495,0.519941,-0.039187,0.292415,0.527467,-0.032132,0.263373,0.552040,-0.044767,0.311639,0.544056,-0.048708,0.304405,0.551323,-0.041035,0.289182,0.557178,-0.035755
1780388090.017,left,thumbs_up,0.216241,0.501869,-0.000000,0.231777,0.439557,-0.014795,0.231180,0.372850,-0.023701,0.231360,0.322490,-0.030690,0.228865,0.273727,-0.036450,0.187116,0.375576,-0.028152,0.239933,0.392993,-0.044753,0.241870,0.420154,-0.055092,0.226818,0.426004,-0.063296,0.177122,0.418115,-0.028947,0.239291,0.432655,-0.042051,0.237393,0.447460,-0.044921,0.222828,0.449030,-0.049567,0.177047,0.462301,-0.031082,0.235154,0.469556,-0.043064,0.233469,0.478593,-0.039558,0.218925,0.478643,-0.038629,0.181602,0.503941,-0.035227,0.225482,0.502782,-0.047393,0.226688,0.502133,-0.049209,0.215425,0.499255,-0.050300
1780388090.557,left,thumbs_up,0.233483,0.492988,-0.000000,0.239631,0.431895,-0.012510,0.227829,0.372011,-0.019769,0.218218,0.327391,-0.026049,0.212868,0.287146,-0.030672,0.174376,0.379259,-0.013777,0.202910,0.391460,-0.028661,0.218801,0.410108,-0.037770,0.216538,0.415883,-0.043282,0.164092,0.417586,-0.014143,0.201936,0.427762,-0.025499,0.217990,0.437474,-0.028282,0.213407,0.436384,-0.030318,0.164524,0.456683,-0.016527,0.200557,0.461984,-0.026837,0.214050,0.465247,-0.024449,0.207511,0.461982,-0.022865,0.170098,0.492930,-0.020580,0.198436,0.493898,-0.027513,0.210721,0.492385,-0.026298,0.207332,0.489058,-0.024581
1780388091.062,left,thumbs_up,0.255107,0.482355,-0.000000,0.258654,0.434285,-0.012812,0.247442,0.381745,-0.019115,0.235834,0.344163,-0.024615,0.232074,0.307895,-0.028149,0.198127,0.378910,-0.006001,0.196794,0.384870,-0.019818,0.213881,0.408176,-0.028326,0.226035,0.420522,-0.031472,0.186711,0.406527,-0.004030,0.195275,0.421828,-0.016311,0.216729,0.438077,-0.019662,0.226284,0.439614,-0.018960,0.182724,0.438012,-0.004461,0.190903,0.449576,-0.017229,0.211306,0.458629,-0.015679,0.220577,0.455803,-0.010954,0.182599,0.470455,-0.006096,0.180708,0.474594,-0.013698,0.196093,0.476763,-0.010767,0.205606,0.473238,-0.005375
1780388091.609,left,thumbs_up,0.248659,0.496931,-0.000000,0.249458,0.443517,-0.012131,0.236037,0.391423,-0.017597,0.221381,0.352991,-0.022682,0.215777,0.317643,-0.026277,0.193937,0.402024,-0.004899,0.182851,0.400312,-0.018449,0.199512,0.420040,-0.026366,0.213561,0.432807,-0.029087,0.185516,0.430911,-0.003218,0.176706,0.431499,-0.016997,0.201238,0.447148,-0.020300,0.215900,0.453067,-0.018731,0.181876,0.461168,-0.004014,0.174644,0.461740,-0.017600,0.197324,0.469696,-0.015525,0.210765,0.472607,-0.009788,0.181620,0.493155,-0.005835,0.169469,0.491996,-0.013695,0.184003,0.490859,-0.010870,0.194591,0.488631,-0.005624
1780388092.119,left,thumbs_up,0.227572,0.494152,-0.000000,0.230610,0.431356,-0.012801,0.215753,0.368971,-0.017970,0.200133,0.326222,-0.023222,0.194440,0.287838,-0.026779,0.164879,0.382827,-0.003361,0.153637,0.377330,-0.017746,0.175033,0.399520,-0.026405,0.192051,0.416220,-0.028833,0.155444,0.415343,-0.001741,0.149395,0.412762,-0.016588,0.177310,0.431518,-0.021109,0.194220,0.443409,-0.019671,0.151682,0.449808,-0.002803,0.143349,0.443290,-0.017927,0.169558,0.454153,-0.016728,0.186755,0.463004,-0.010535,0.151490,0.485851,-0.004971,0.132834,0.476950,-0.014453,0.147692,0.476025,-0.011907,0.161926,0.477566,-0.005905
1780388092.624,left,thumbs_up,0.233975,0.542474,-0.000000,0.240299,0.473233,-0.016314,0.224910,0.400199,-0.023896,0.208493,0.350605,-0.030554,0.202866,0.303809,-0.034878,0.154501,0.404635,-0.008422,0.162037,0.409279,-0.025649,0.185926,0.436885,-0.036182,0.200912,0.453206,-0.039885,0.139918,0.443709,-0.005988,0.160312,0.457223,-0.021049,0.190111,0.477419,-0.025218,0.203383,0.483604,-0.024522,0.136282,0.486980,-0.006478,0.154636,0.495551,-0.022639,0.183478,0.505912,-0.021029,0.197228,0.507968,-0.015347,0.138003,0.531672,-0.008493,0.138216,0.532475,-0.018036,0.157751,0.530935,-0.014775,0.169883,0.526430,-0.008391
1780388093.177,left,thumbs_up,0.323103,0.619369,-0.000000,0.338747,0.535574,-0.012938,0.331582,0.448946,-0.021142,0.322722,0.388286,-0.028816,0.317076,0.329999,-0.035040,0.265567,0.442338,-0.019450,0.320144,0.459361,-0.036412,0.329346,0.492888,-0.048826,0.317507,0.501415,-0.058797,0.249731,0.494116,-0.022289,0.322296,0.511585,-0.035190,0.328583,0.534702,-0.041345,0.315163,0.537451,-0.048593,0.247685,0.548755,-0.026637,0.316419,0.560121,-0.038156,0.321742,0.576750,-0.037479,0.306831,0.579092,-0.039436,0.252342,0.603981,-0.033144,0.304859,0.606021,-0.043949,0.311380,0.612971,-0.046149,0.298278,0.614134,-0.047993
1780388093.687,left,thumbs_up,0.437840,0.737954,-0.000000,0.439823,0.646036,-0.006616,0.454326,0.574500,-0.015243,0.473109,0.519535,-0.022847,0.480279,0.472894,-0.028499,0.511057,0.606806,-0.014901,0.541848,0.585173,-0.018031,0.527196,0.593240,-0.018496,0.511257,0.603003,-0.018536,0.524819,0.659220,-0.014643,0.547699,0.632170,-0.013432,0.531931,0.635666,-0.011076,0.515994,0.647196,-0.011552,0.530590,0.705939,-0.013847,0.551381,0.677391,-0.011696,0.538548,0.678768,-0.005714,0.523302,0.690565,-0.003997,0.532294,0.745413,-0.013314,0.550271,0.712679,-0.011039,0.539529,0.711322,-0.003579,0.527671,0.721388,0.001443
1780388094.234,left,thumbs_up,0.516043,0.880664,-0.000000,0.520548,0.783620,-0.008004,0.540346,0.711059,-0.015983,0.561700,0.660578,-0.023081,0.570728,0.613626,-0.029207,0.607973,0.760643,-0.008165,0.608876,0.730866,-0.011005,0.588844,0.737720,-0.017186,0.575696,0.754645,-0.022351,0.619091,0.812662,-0.007094,0.612099,0.781716,-0.005029,0.595097,0.786026,-0.007697,0.583706,0.804846,-0.012429,0.618153,0.859659,-0.005691,0.612423,0.827782,-0.004106,0.598409,0.830536,-0.002246,0.586428,0.845690,-0.003441,0.613383,0.897623,-0.005025,0.610120,0.870885,-0.003614,0.596609,0.872880,0.001598,0.586499,0.885582,0.005134
1780388094.739,left,thumbs_up,0.522098,0.901786,-0.000000,0.532525,0.809725,-0.009367,0.559338,0.745442,-0.017153,0.584891,0.697737,-0.023174,0.596538,0.651909,-0.028086,0.627581,0.801909,-0.009306,0.622276,0.780970,-0.007692,0.602854,0.785307,-0.009934,0.590320,0.798036,-0.013095,0.633996,0.856926,-0.007003,0.626851,0.827793,-0.000903,0.610836,0.826250,-0.001492,0.598002,0.839623,-0.005606,0.627872,0.903418,-0.003950,0.624358,0.870694,0.001045,0.610092,0.868093,0.003393,0.596156,0.878908,0.001728,0.618466,0.940406,-0.001759,0.617918,0.910156,0.001791,0.605123,0.905647,0.007095,0.592747,0.912737,0.010207
1780388095.264,left,thumbs_up,0.544126,0.790831,-0.000000,0.548160,0.701050,-0.009774,0.566254,0.637204,-0.018294,0.590085,0.586685,-0.024395,0.603983,0.544879,-0.028738,0.638213,0.676260,-0.012270,0.638045,0.657012,-0.008373,0.619737,0.668512,-0.006690,0.607200,0.683635,-0.006883,0.648244,0.728568,-0.008033,0.641834,0.699480,-0.000831,0.625526,0.704308,0.000453,0.612831,0.719912,-0.002102,0.645944,0.773201,-0.002763,0.640408,0.741794,0.003978,0.626512,0.744519,0.006758,0.613794,0.757121,0.005221,0.640545,0.809544,0.001834,0.638012,0.783141,0.007258,0.625066,0.783412,0.012323,0.614387,0.792669,0.015034
1780388095.791,left,thumbs_up,0.662473,0.779368,-0.000000,0.664469,0.682131,-0.008423,0.686763,0.615088,-0.014891,0.710635,0.566444,-0.019872,0.719608,0.518470,-0.023372,0.763565,0.654409,-0.004037,0.752737,0.649385,-0.001372,0.736604,0.664526,-0.003428,0.728234,0.676678,-0.006826,0.773827,0.706025,-0.003136,0.760625,0.698486,0.004735,0.745658,0.707937,0.004571,0.734960,0.717771,0.000717,0.771482,0.752452,-0.002124,0.759365,0.737428,0.004111,0.746859,0.743498,0.006513,0.736620,0.749748,0.004630,0.763530,0.790609,-0.002298,0.754769,0.775809,0.002442,0.743350,0.776663,0.007727,0.733613,0.778261,0.010602
1780388096.314,left,thumbs_up,0.779924,0.817118,-0.000000,0.773081,0.725797,-0.007683,0.792939,0.646498,-0.010229,0.813705,0.592893,-0.012176,0.824064,0.548379,-0.013396,0.861112,0.688426,0.005258,0.845973,0.687776,0.008543,0.829834,0.696794,0.003812,0.821039,0.706453,-0.001777,0.870012,0.736293,0.006575,0.853192,0.731481,0.014525,0.841035,0.735808,0.010504,0.832541,0.749150,0.003718,0.866854,0.779638,0.007687,0.853318,0.769466,0.013055,0.842444,0.771581,0.012522,0.834146,0.780483,0.008971,0.857834,0.816732,0.007835,0.847218,0.806914,0.011327,0.836459,0.806981,0.015113,0.829046,0.812942,0.016818
1780388096.823,left,thumbs_up,0.779317,0.843788,-0.000000,0.777938,0.749587,-0.013497,0.800388,0.672710,-0.020297,0.822306,0.615829,-0.024368,0.834814,0.569280,-0.027411,0.872284,0.713188,-0.006847,0.858157,0.703371,0.001161,0.839599,0.711790,0.002126,0.828193,0.721663,-0.000082,0.879455,0.766355,-0.001115,0.862705,0.749904,0.011119,0.849432,0.749491,0.009676,0.837023,0.762094,0.003412,0.872442,0.811670,0.005343,0.858236,0.788083,0.015479,0.847037,0.786022,0.014806,0.835136,0.795771,0.009612,0.860477,0.848235,0.010659,0.852740,0.825518,0.016345,0.843874,0.823528,0.019331,0.833920,0.830583,0.019882
1780388097.331,left,thumbs_up,0.769267,0.828640,-0.000000,0.766939,0.729871,-0.012087,0.789614,0.652960,-0.018260,0.811143,0.595783,-0.022131,0.822631,0.547359,-0.024954,0.863577,0.691198,-0.005234,0.844125,0.682643,0.000272,0.825778,0.691853,-0.001284,0.815434,0.703508,-0.005039,0.872960,0.743567,-0.001177,0.850698,0.729048,0.009189,0.836225,0.730356,0.006599,0.825407,0.744036,-0.000106,0.867452,0.790604,0.003410,0.849769,0.770039,0.011378,0.838209,0.768266,0.010068,0.827894,0.778320,0.004871,0.855789,0.828607,0.006900,0.844282,0.808737,0.010603,0.835299,0.807253,0.013020,0.826532,0.814700,0.013698
1780388097.851,left,thumbs_up,0.757012,0.833237,-0.000000,0.758345,0.736311,-0.018363,0.781334,0.659937,-0.027492,0.803845,0.603893,-0.032849,0.816951,0.555122,-0.036490,0.856887,0.706954,-0.012720,0.833858,0.678706,-0.010732,0.812705,0.686952,-0.013440,0.801673,0.701540,-0.017051,0.864741,0.759626,-0.005579,0.841023,0.724870,0.000869,0.824203,0.726596,-0.001945,0.813199,0.742702,-0.008021,0.858180,0.803566,0.001595,0.841754,0.767061,0.006270,0.828644,0.766700,0.005582,0.818007,0.780465,0.001716,0.846280,0.838424,0.007296,0.836795,0.806812,0.009236,0.826149,0.804742,0.012075,0.816604,0.815001,0.013657
1780388098.355,left,thumbs_up,0.746906,0.832456,-0.000000,0.747754,0.733847,-0.015062,0.772265,0.656431,-0.022078,0.795586,0.601927,-0.026098,0.807943,0.554040,-0.028387,0.849886,0.702500,-0.007981,0.827351,0.679604,-0.006578,0.806729,0.687297,-0.010674,0.795179,0.701648,-0.015059,0.858291,0.754263,-0.002657,0.833895,0.724997,0.004281,0.817458,0.726718,0.001775,0.805592,0.741655,-0.003684,0.852477,0.798932,0.002516,0.834393,0.766902,0.007864,0.821132,0.766682,0.007359,0.810211,0.778580,0.003743,0.840901,0.835878,0.006182,0.827904,0.810250,0.008237,0.817336,0.808275,0.010645,0.808344,0.815825,0.012213
1780388098.858,left,thumbs_up,0.742223,0.835027,-0.000000,0.741949,0.731910,-0.014968,0.766510,0.650534,-0.022062,0.790946,0.594340,-0.025889,0.802856,0.545027,-0.027789,0.846363,0.698229,-0.010535,0.825169,0.672239,-0.008730,0.803671,0.681805,-0.011814,0.792231,0.697494,-0.015654,0.855933,0.751028,-0.005228,0.831747,0.718816,0.001962,0.814491,0.723080,0.000430,0.804036,0.739820,-0.004715,0.850573,0.797869,0.000171,0.833456,0.763600,0.005783,0.819588,0.765201,0.006571,0.809236,0.778880,0.003425,0.839345,0.835699,0.004131,0.827451,0.806915,0.006718,0.816144,0.806655,0.010278,0.807451,0.816919,0.012390
1780388099.365,left,thumbs_up,0.675785,0.777922,-0.000000,0.665733,0.660629,-0.012200,0.685580,0.567358,-0.021619,0.708878,0.496203,-0.028978,0.712488,0.430782,-0.034874,0.784800,0.582606,-0.008375,0.775241,0.596895,-0.008490,0.756800,0.619393,-0.014301,0.744064,0.631801,-0.020196,0.805258,0.642976,-0.006260,0.786863,0.654680,0.002667,0.768046,0.667497,0.000312,0.755311,0.679605,-0.006611,0.809372,0.704897,-0.003988,0.790246,0.703591,0.003863,0.774628,0.710964,0.005154,0.760396,0.720100,0.001305,0.805687,0.759746,-0.003254,0.792550,0.754133,0.002726,0.778356,0.757023,0.008599,0.765520,0.761284,0.011793
1780388099.900,left,thumbs_up,0.482684,0.831983,-0.000000,0.498829,0.690828,-0.016480,0.504328,0.559322,-0.027977,0.501275,0.463483,-0.038810,0.490043,0.377055,-0.044979,0.465234,0.568942,-0.034468,0.551732,0.559998,-0.063350,0.532011,0.593686,-0.074434,0.496606,0.591833,-0.081020,0.453360,0.643746,-0.039318,0.556265,0.635435,-0.066997,0.527302,0.654558,-0.069466,0.491044,0.653177,-0.073742,0.453364,0.719383,-0.046417,0.549910,0.705217,-0.068359,0.523118,0.718470,-0.060275,0.490669,0.716707,-0.055963,0.458929,0.786224,-0.055357,0.531868,0.766217,-0.068035,0.511482,0.772931,-0.064648,0.478450,0.773062,-0.063448
1780388100.431,left,thumbs_up,0.311610,0.717427,-0.000000,0.309642,0.608230,-0.026478,0.276339,0.505239,-0.038658,0.243172,0.441887,-0.049529,0.226433,0.378014,-0.056297,0.177155,0.548947,-0.012830,0.175131,0.531216,-0.040261,0.216518,0.558267,-0.055969,0.248376,0.582472,-0.060555,0.162191,0.612813,-0.008507,0.173396,0.600114,-0.036792,0.227002,0.621737,-0.043266,0.258529,0.637193,-0.039619,0.161269,0.679794,-0.009020,0.171237,0.665768,-0.037120,0.221440,0.672568,-0.032420,0.251102,0.679501,-0.020121,0.168394,0.746275,-0.011889,0.157907,0.727679,-0.027751,0.187517,0.725528,-0.020783,0.206950,0.729445,-0.009037
1780388100.933,left,thumbs_up,0.311238,0.656074,-0.000000,0.315963,0.562826,-0.019454,0.287680,0.463835,-0.026582,0.259080,0.400418,-0.034263,0.247344,0.343483,-0.038679,0.210217,0.496052,-0.006768,0.185402,0.468850,-0.031842,0.219495,0.498350,-0.044805,0.249726,0.524108,-0.047211,0.197334,0.550701,-0.005057,0.185417,0.526569,-0.032426,0.232969,0.554830,-0.038001,0.262162,0.573466,-0.033310,0.191451,0.608096,-0.007951,0.182525,0.585865,-0.035040,0.227403,0.602011,-0.031759,0.255620,0.614773,-0.020070,0.189509,0.666940,-0.012541,0.165299,0.645513,-0.027148,0.188948,0.640809,-0.022068,0.209562,0.639752,-0.012131
1780388101.464,left,thumbs_up,0.313000,0.657570,-0.000000,0.316792,0.562696,-0.019821,0.288144,0.461890,-0.026771,0.258083,0.400191,-0.034099,0.244818,0.343609,-0.038215,0.209941,0.497799,-0.006441,0.185247,0.470684,-0.030213,0.218006,0.500108,-0.042673,0.246875,0.525416,-0.045266,0.196685,0.552382,-0.004393,0.185330,0.530088,-0.031054,0.232014,0.557321,-0.037007,0.261375,0.574279,-0.032824,0.190969,0.610011,-0.006895,0.183349,0.589768,-0.033156,0.227339,0.603107,-0.030733,0.256082,0.613181,-0.020018,0.189336,0.669236,-0.011194,0.167056,0.649579,-0.025921,0.190603,0.641670,-0.022049,0.211644,0.636772,-0.013135
1780388101.977,left,thumbs_up,0.313412,0.658766,-0.000000,0.317135,0.564911,-0.020971,0.288774,0.464756,-0.028674,0.258167,0.402275,-0.036391,0.243708,0.346198,-0.040554,0.207368,0.498136,-0.007652,0.185653,0.472524,-0.032536,0.219703,0.501944,-0.045689,0.249107,0.527004,-0.048507,0.193004,0.552962,-0.004946,0.186557,0.533540,-0.031986,0.233878,0.560749,-0.037755,0.262800,0.576233,-0.033383,0.187578,0.611157,-0.006960,0.186018,0.593949,-0.033201,0.230310,0.607631,-0.030193,0.258138,0.615782,-0.019150,0.186987,0.670942,-0.010938,0.170356,0.654020,-0.024990,0.193963,0.647339,-0.020772,0.212837,0.641204,-0.011674
1780388102.505,left,thumbs_up,0.315704,0.662077,-0.000000,0.317081,0.566020,-0.020499,0.287441,0.466217,-0.028321,0.256756,0.404903,-0.036168,0.243204,0.348012,-0.040442,0.204073,0.503456,-0.007307,0.186404,0.479482,-0.031890,0.221885,0.508890,-0.045091,0.251514,0.532987,-0.048034,0.189684,0.559183,-0.004831,0.187511,0.540105,-0.031352,0.235228,0.566239,-0.036981,0.264120,0.581631,-0.032479,0.185000,0.618008,-0.006954,0.188086,0.601345,-0.032314,0.231966,0.614179,-0.029173,0.258607,0.621967,-0.018120,0.185747,0.677810,-0.011056,0.172390,0.661163,-0.024115,0.196404,0.655365,-0.019316,0.214315,0.650832,-0.009800
1780388103.035,left,thumbs_up,0.314084,0.664983,-0.000000,0.315106,0.568323,-0.020529,0.284185,0.468589,-0.028384,0.253228,0.407030,-0.036334,0.239032,0.349744,-0.040763,0.202167,0.507750,-0.007123,0.183075,0.485265,-0.031579,0.218457,0.512619,-0.044494,0.247551,0.535131,-0.047336,0.188610,0.564101,-0.004828,0.184306,0.544935,-0.031532,0.232693,0.569409,-0.037109,0.261121,0.584506,-0.032663,0.184432,0.623175,-0.007139,0.183459,0.605592,-0.033342,0.228724,0.616679,-0.029978,0.256114,0.624285,-0.018648,0.185422,0.682893,-0.011348,0.168368,0.664665,-0.025596,0.193282,0.658655,-0.020710,0.212427,0.655290,-0.010964
1780388103.537,left,thumbs_up,0.313758,0.665679,-0.000000,0.314487,0.569221,-0.020827,0.283286,0.470140,-0.029029,0.251839,0.409503,-0.037360,0.237347,0.351128,-0.042294,0.200708,0.511041,-0.007763,0.182163,0.486613,-0.032192,0.217484,0.512945,-0.045229,0.247199,0.536004,-0.048190,0.187772,0.567729,-0.005549,0.182273,0.546891,-0.032203,0.230868,0.570281,-0.038153,0.260864,0.585815,-0.033996,0.184291,0.627152,-0.007881,0.181846,0.608076,-0.034110,0.227331,0.617906,-0.031184,0.256169,0.625955,-0.020123,0.186119,0.687248,-0.012111,0.166240,0.669934,-0.026592,0.190228,0.662402,-0.021952,0.210364,0.658494,-0.012362
1780388104.070,left,thumbs_up,0.314621,0.666794,-0.000000,0.315381,0.569359,-0.020884,0.284086,0.468812,-0.028971,0.252007,0.407661,-0.036925,0.237548,0.349557,-0.041343,0.200703,0.509202,-0.008251,0.183864,0.487508,-0.032818,0.220801,0.516175,-0.045760,0.251145,0.539078,-0.048540,0.187243,0.566773,-0.005644,0.183648,0.549170,-0.032607,0.232736,0.573479,-0.038196,0.262990,0.588216,-0.033572,0.183279,0.626371,-0.007560,0.184062,0.612208,-0.033673,0.229440,0.621934,-0.030573,0.257788,0.628003,-0.019388,0.184808,0.686240,-0.011385,0.168855,0.670567,-0.025435,0.194716,0.664269,-0.020621,0.215077,0.659704,-0.010899
1780388104.636,left,thumbs_up,0.313986,0.667118,-0.000000,0.314915,0.570153,-0.021143,0.282986,0.470696,-0.029324,0.250890,0.409211,-0.037238,0.235598,0.352404,-0.041577,0.197543,0.511174,-0.008255,0.180409,0.489532,-0.032479,0.216655,0.515633,-0.045369,0.246442,0.537349,-0.048348,0.184090,0.567508,-0.005398,0.182033,0.549540,-0.031944,0.231292,0.573364,-0.037410,0.260975,0.588359,-0.032857,0.180693,0.626973,-0.007053,0.183261,0.612798,-0.032905,0.228936,0.622302,-0.029502,0.256694,0.628567,-0.018263,0.182926,0.687272,-0.010661,0.169863,0.672999,-0.024712,0.195886,0.665572,-0.019962,0.214926,0.660138,-0.010336
1780388105.200,left,thumbs_up,0.351803,0.656714,-0.000000,0.351571,0.553732,-0.023090,0.319442,0.458997,-0.034457,0.289244,0.395106,-0.044207,0.272265,0.332570,-0.050602,0.222891,0.492195,-0.016354,0.253222,0.484578,-0.040866,0.289507,0.517981,-0.055004,0.302023,0.540076,-0.060937,0.207401,0.553499,-0.013545,0.253077,0.543332,-0.033325,0.291518,0.571460,-0.037625,0.298529,0.587201,-0.037473,0.206254,0.616598,-0.014581,0.247540,0.600009,-0.035645,0.284656,0.616224,-0.031690,0.292521,0.625618,-0.024476,0.213424,0.679451,-0.018031,0.231870,0.661752,-0.029827,0.262091,0.655206,-0.024007,0.274670,0.650224,-0.015371
1780388105.731,left,thumbs_up,0.396426,0.695394,-0.000000,0.406800,0.577043,-0.023485,0.382482,0.469563,-0.036322,0.355229,0.397969,-0.047249,0.335388,0.329643,-0.055904,0.290260,0.496647,-0.030782,0.341026,0.495652,-0.058669,0.372944,0.530572,-0.075523,0.377077,0.553932,-0.084948,0.274585,0.571656,-0.030065,0.343035,0.563828,-0.052663,0.372965,0.587242,-0.059780,0.373461,0.603098,-0.064427,0.275525,0.643452,-0.032294,0.339047,0.630969,-0.053401,0.364286,0.642048,-0.052106,0.360801,0.650531,-0.050061,0.285169,0.710449,-0.037081,0.330191,0.690084,-0.051748,0.351352,0.685140,-0.051204,0.349528,0.685581,-0.048588
1780388106.235,left,thumbs_up,0.426707,0.683461,-0.000000,0.438379,0.584724,-0.023398,0.434035,0.474386,-0.034541,0.425962,0.391769,-0.043365,0.412339,0.319512,-0.051010,0.383320,0.498279,-0.037250,0.471819,0.494844,-0.062926,0.468499,0.530377,-0.080747,0.442222,0.544608,-0.094542,0.376463,0.573579,-0.039200,0.477814,0.564554,-0.059154,0.464420,0.590351,-0.066116,0.435571,0.597054,-0.075303,0.382239,0.646088,-0.043797,0.473926,0.629971,-0.062766,0.460358,0.647103,-0.060424,0.432511,0.648739,-0.060873,0.393286,0.711869,-0.051618,0.463483,0.691928,-0.069907,0.455503,0.690835,-0.072977,0.433692,0.691300,-0.075069
1780388106.755,left,thumbs_up,0.489772,0.678092,-0.000000,0.491886,0.580674,-0.012628,0.513384,0.471033,-0.027365,0.525959,0.393170,-0.039839,0.527523,0.326794,-0.049004,0.535747,0.505902,-0.048109,0.610797,0.487956,-0.069995,0.593581,0.496532,-0.075575,0.566334,0.505440,-0.075515,0.546599,0.575134,-0.050891,0.620933,0.543707,-0.066321,0.599323,0.547990,-0.060191,0.571506,0.559156,-0.055794,0.557258,0.638450,-0.053491,0.625212,0.596887,-0.063587,0.604241,0.603224,-0.047495,0.579275,0.618192,-0.036593,0.566866,0.694156,-0.056711,0.621824,0.652495,-0.059552,0.605356,0.656162,-0.045936,0.583110,0.671705,-0.036455
1780388107.293,left,thumbs_up,0.553440,0.660786,-0.000000,0.552461,0.558828,-0.009478,0.571443,0.476357,-0.019587,0.600132,0.406109,-0.027070,0.614784,0.349817,-0.031024,0.637100,0.502165,-0.022939,0.677065,0.484854,-0.021997,0.655048,0.493469,-0.016012,0.633903,0.505178,-0.012280,0.654156,0.563479,-0.020750,0.682300,0.530760,-0.014896,0.663465,0.535086,-0.007411,0.646962,0.549818,-0.005868,0.661038,0.618408,-0.017387,0.685325,0.577445,-0.011565,0.669831,0.580240,-0.001494,0.653494,0.595565,0.001367,0.663899,0.666431,-0.014468,0.688307,0.624298,-0.011137,0.675438,0.624986,-0.002271,0.661622,0.638755,0.003226
1780388107.798,left,thumbs_up,0.552555,0.662878,-0.000000,0.550155,0.565431,-0.009104,0.568964,0.484302,-0.019039,0.597369,0.413635,-0.026542,0.610909,0.355914,-0.030912,0.634802,0.508468,-0.021186,0.673091,0.487679,-0.020153,0.651282,0.495143,-0.014403,0.630394,0.508055,-0.010697,0.652209,0.568501,-0.018425,0.677304,0.533241,-0.012124,0.658732,0.536809,-0.005130,0.643133,0.552581,-0.004063,0.658955,0.622235,-0.014537,0.679370,0.578403,-0.008761,0.663946,0.581572,0.000219,0.648699,0.597408,0.002341,0.662204,0.668100,-0.010938,0.682550,0.623405,-0.007367,0.669152,0.624994,0.000896,0.655937,0.639534,0.005785
1780388108.328,left,thumbs_up,0.538583,0.776845,-0.000000,0.541666,0.681662,-0.011337,0.562812,0.607483,-0.021710,0.588681,0.550931,-0.030196,0.604259,0.500222,-0.036225,0.621938,0.659204,-0.022016,0.657975,0.611577,-0.027831,0.635711,0.611608,-0.029303,0.615011,0.629634,-0.029642,0.635378,0.715932,-0.019708,0.659743,0.666078,-0.021997,0.639391,0.663714,-0.020859,0.623157,0.682129,-0.021534,0.639088,0.764059,-0.017000,0.660622,0.715831,-0.019414,0.643853,0.709875,-0.014768,0.628236,0.725830,-0.012911,0.638906,0.801573,-0.014621,0.659653,0.758014,-0.016719,0.645797,0.750766,-0.010954,0.631674,0.764408,-0.006263
1780388108.877,left,thumbs_up,0.422375,0.776168,-0.000000,0.427961,0.704045,-0.004862,0.445199,0.636419,-0.012704,0.459333,0.586108,-0.020856,0.462250,0.543067,-0.027377,0.477140,0.667876,-0.014613,0.516504,0.654877,-0.024499,0.503544,0.659944,-0.029111,0.486701,0.666697,-0.030551,0.484519,0.710513,-0.017808,0.521874,0.692291,-0.022454,0.510038,0.694234,-0.021636,0.494927,0.702342,-0.021679,0.489747,0.750302,-0.021328,0.523075,0.729253,-0.023393,0.511392,0.729767,-0.016747,0.496542,0.738198,-0.013231,0.493417,0.787678,-0.025393,0.522788,0.763989,-0.024375,0.511695,0.763060,-0.016294,0.497354,0.771783,-0.010999
1780388109.420,left,thumbs_up,0.328613,0.671306,-0.000000,0.334166,0.620642,-0.007922,0.352534,0.562209,-0.016055,0.363635,0.519135,-0.023307,0.364582,0.479855,-0.029086,0.355850,0.580715,-0.028279,0.399413,0.580587,-0.042822,0.388174,0.588158,-0.047622,0.372391,0.587800,-0.049065,0.354251,0.615355,-0.030563,0.398923,0.610889,-0.040903,0.384646,0.615263,-0.037892,0.369718,0.616218,-0.036536,0.354892,0.649165,-0.033221,0.397498,0.638786,-0.040306,0.383684,0.642318,-0.031623,0.369231,0.645605,-0.026421,0.356826,0.680385,-0.036508,0.392371,0.666779,-0.039003,0.382132,0.667135,-0.032247,0.368050,0.671561,-0.028184
1780388109.929,left,thumbs_up,0.273605,0.813963,-0.000000,0.296892,0.837846,-0.023967,0.314455,0.871283,-0.045681,0.322110,0.913684,-0.062599,0.325350,0.948841,-0.078183,0.275108,0.845286,-0.054125,0.292163,0.916109,-0.071210,0.296187,0.911229,-0.077960,0.292919,0.899284,-0.081948,0.252746,0.856062,-0.048674,0.275533,0.937682,-0.063237,0.279961,0.923329,-0.063307,0.277145,0.899679,-0.064433,0.237366,0.872280,-0.043103,0.259415,0.949256,-0.053650,0.265029,0.930987,-0.049210,0.261108,0.905322,-0.047614,0.227326,0.890765,-0.039351,0.245775,0.951115,-0.048774,0.252164,0.938259,-0.047451,0.249608,0.916342,-0.046187
1780388111.470,left,thumbs_up,0.506805,0.563713,0.000000,0.479698,0.565976,-0.005872,0.459454,0.541048,-0.008936,0.450533,0.512245,-0.011385,0.448950,0.485073,-0.012956,0.460769,0.508622,-0.003859,0.454701,0.473636,-0.008637,0.450567,0.448357,-0.011756,0.447992,0.429597,-0.013988,0.472759,0.485539,-0.004606,0.467041,0.449247,-0.009376,0.461392,0.425326,-0.012768,0.456739,0.402966,-0.014931,0.486918,0.465506,-0.006203,0.485663,0.428685,-0.012443,0.483003,0.402301,-0.013815,0.480725,0.377722,-0.014014,0.503529,0.449552,-0.008306,0.505965,0.415600,-0.013842,0.506028,0.396132,-0.013672,0.505442,0.378306,-0.012486
