timestamp,handedness,gesture,lm0_wrist_x,lm0_wrist_y,lm0_wrist_z,lm1_thumb_cmc_x,lm1_thumb_cmc_y,lm1_thumb_cmc_z,lm2_thumb_mcp_x,lm2_thumb_mcp_y,lm2_thumb_mcp_z,lm3_thumb_ip_x,lm3_thumb_ip_y,lm3_thumb_ip_z,lm4_thumb_tip_x,lm4_thumb_tip_y,lm4_thumb_tip_z,lm5_index_mcp_x,lm5_index_mcp_y,lm5_index_mcp_z,lm6_index_pip_x,lm6_index_pip_y,lm6_index_pip_z,lm7_index_dip_x,lm7_index_dip_y,lm7_index_dip_z,lm8_index_tip_x,lm8_index_tip_y,lm8_index_tip_z,lm9_middle_mcp_x,lm9_middle_mcp_y,lm9_middle_mcp_z,lm10_middle_pip_x,lm10_middle_pip_y,lm10_middle_pip_z,lm11_middle_dip_x,lm11_middle_dip_y,lm11_middle_dip_z,lm12_middle_tip_x,lm12_middle_tip_y,lm12_middle_tip_z,lm13_ring_mcp_x,lm13_ring_mcp_y,lm13_ring_mcp_z,lm14_ring_pip_x,lm14_ring_pip_y,lm14_ring_pip_z,lm15_ring_dip_x,lm15_ring_dip_y,lm15_ring_dip_z,lm16_ring_tip_x,lm16_ring_tip_y,lm16_ring_tip_z,lm17_pinky_mcp_x,lm17_pinky_mcp_y,lm17_pinky_mcp_z,lm18_pinky_pip_x,lm18_pinky_pip_y,lm18_pinky_pip_z,lm19_pinky_dip_x,lm19_pinky_dip_y,lm19_pinky_dip_z,lm20_pinky_tip_x,lm20_pinky_tip_y,lm20_pinky_tip_z
1780385787.552,right,victory,0.589505,0.850682,0.000000,0.597428,0.795092,-0.005235,0.583622,0.731810,-0.012032,0.560344,0.683994,-0.016895,0.543489,0.651734,-0.021373,0.605110,0.728184,-0.022885,0.600268,0.650456,-0.030898,0.584994,0.611831,-0.033423,0.570631,0.586222,-0.034703,0.587729,0.745675,-0.024126,0.564340,0.668449,-0.031309,0.545279,0.633719,-0.031382,0.532260,0.614565,-0.031838,0.566917,0.763597,-0.024678,0.545203,0.694692,-0.030939,0.540937,0.670082,-0.026851,0.541415,0.658253,-0.023582,0.547053,0.778883,-0.025007,0.534781,0.720844,-0.029700,0.534424,0.700231,-0.025875,0.537435,0.689558,-0.022268
1780385788.104,right,victory,0.610089,0.689722,0.000000,0.625601,0.639958,0.004618,0.622579,0.596472,0.002968,0.607169,0.572348,0.000357,0.592607,0.561472,-0.002957,0.620980,0.571007,-0.009495,0.622488,0.512101,-0.016369,0.621775,0.476485,-0.019909,0.620771,0.449826,-0.021203,0.602116,0.574326,-0.013108,0.589674,0.511737,-0.017287,0.580682,0.477266,-0.017506,0.572390,0.452941,-0.017483,0.585901,0.584923,-0.015163,0.575399,0.540968,-0.016217,0.582031,0.549472,-0.011572,0.587141,0.565330,-0.007471,0.573939,0.599595,-0.016929,0.571872,0.569734,-0.014888,0.578086,0.575414,-0.008701,0.582736,0.586881,-0.003218
1780385788.636,right,victory,0.605953,0.692661,0.000000,0.617227,0.642519,0.005866,0.612295,0.600070,0.004114,0.597368,0.580620,0.000880,0.582668,0.573440,-0.003191,0.613695,0.577887,-0.009342,0.612826,0.520631,-0.016491,0.610470,0.485680,-0.019950,0.607867,0.459456,-0.021218,0.597827,0.583470,-0.014699,0.585380,0.522217,-0.020334,0.574402,0.486903,-0.021490,0.564483,0.461968,-0.021893,0.582381,0.595728,-0.018343,0.567147,0.553332,-0.021129,0.571477,0.563455,-0.016398,0.576453,0.578863,-0.011802,0.569601,0.612390,-0.021525,0.563121,0.580815,-0.020732,0.568209,0.586834,-0.014178,0.573317,0.597829,-0.008242
1780385789.151,right,victory,0.616693,0.624556,0.000000,0.588263,0.602599,-0.002473,0.572610,0.574043,-0.007357,0.560712,0.555259,-0.014057,0.555263,0.539063,-0.020131,0.599637,0.507411,-0.004012,0.587268,0.467131,-0.012483,0.577299,0.439288,-0.018084,0.568272,0.419060,-0.021494,0.605561,0.509807,-0.009307,0.592679,0.456306,-0.020876,0.579690,0.425142,-0.027995,0.569075,0.403371,-0.031077,0.606573,0.521845,-0.014881,0.573638,0.502487,-0.027742,0.563191,0.525363,-0.028454,0.561766,0.543227,-0.024954,0.601351,0.541061,-0.020726,0.573629,0.530288,-0.028553,0.567743,0.547513,-0.026799,0.569236,0.561730,-0.023115
1780385789.656,right,victory,0.630406,0.618974,0.000000,0.610778,0.602967,-0.005215,0.595991,0.569947,-0.010302,0.591249,0.543174,-0.017385,0.599166,0.525258,-0.024121,0.610843,0.504928,-0.003236,0.597815,0.461693,-0.011148,0.590239,0.436112,-0.015325,0.585336,0.414093,-0.017605,0.626630,0.502308,-0.008191,0.626154,0.444707,-0.018220,0.623653,0.411288,-0.023478,0.621824,0.386622,-0.024907,0.639773,0.511657,-0.014307,0.622453,0.485534,-0.029491,0.610706,0.514686,-0.031612,0.605890,0.539164,-0.028037,0.648394,0.527482,-0.020669,0.629558,0.508498,-0.031019,0.617484,0.529345,-0.029991,0.611536,0.549369,-0.026349
1780385790.200,right,victory,0.642882,0.618057,0.000000,0.621576,0.602585,-0.007407,0.605897,0.567734,-0.013817,0.603192,0.536447,-0.021845,0.612269,0.515250,-0.029494,0.622871,0.496324,-0.006219,0.611295,0.451235,-0.014696,0.604510,0.424101,-0.019466,0.600483,0.399641,-0.022333,0.639882,0.494349,-0.010640,0.642516,0.433200,-0.021048,0.641211,0.397102,-0.026872,0.640753,0.369888,-0.028994,0.654003,0.505576,-0.016248,0.641100,0.475273,-0.031819,0.627058,0.503859,-0.034080,0.620180,0.529327,-0.030728,0.663906,0.523403,-0.022252,0.648395,0.497570,-0.032882,0.635719,0.518097,-0.031569,0.628986,0.539824,-0.027792
1780385790.747,right,victory,0.641562,0.624855,0.000000,0.618696,0.599768,-0.006212,0.604978,0.555913,-0.012566,0.600283,0.523916,-0.021596,0.609594,0.500714,-0.030238,0.633098,0.484947,-0.001876,0.620364,0.436476,-0.011051,0.613093,0.407230,-0.016626,0.608552,0.380482,-0.020222,0.650814,0.484998,-0.008382,0.653786,0.420495,-0.020739,0.651568,0.380970,-0.028012,0.649083,0.349664,-0.030740,0.664073,0.498260,-0.016429,0.640775,0.458915,-0.035791,0.622399,0.492399,-0.038930,0.613912,0.521742,-0.035010,0.670583,0.518688,-0.024785,0.646393,0.487329,-0.038758,0.629837,0.510089,-0.038397,0.620992,0.534185,-0.034603
1780385791.279,right,victory,0.680654,0.653832,0.000000,0.656364,0.629423,-0.008580,0.637846,0.587367,-0.016519,0.637018,0.550305,-0.026446,0.652101,0.530036,-0.036016,0.657142,0.503357,-0.008560,0.642696,0.446196,-0.019490,0.634302,0.411636,-0.025588,0.628546,0.381524,-0.029267,0.678215,0.501826,-0.014106,0.683228,0.426595,-0.026509,0.683611,0.382518,-0.033201,0.684077,0.348828,-0.035637,0.696294,0.517398,-0.021033,0.682691,0.479210,-0.039571,0.666812,0.512941,-0.042226,0.658625,0.542480,-0.038270,0.710516,0.541897,-0.028429,0.692967,0.512376,-0.041101,0.678030,0.536836,-0.039458,0.669879,0.562197,-0.034969
1780385791.789,right,victory,0.564149,0.715972,0.000000,0.528613,0.699098,-0.010165,0.508135,0.678990,-0.020489,0.492788,0.658939,-0.032198,0.486086,0.645168,-0.042582,0.528867,0.583618,-0.009926,0.506957,0.543403,-0.022459,0.490998,0.515868,-0.030305,0.477458,0.493822,-0.034602,0.541248,0.579957,-0.013913,0.517845,0.523858,-0.027169,0.502656,0.490334,-0.032447,0.491472,0.462398,-0.033871,0.550504,0.589704,-0.019655,0.511463,0.576253,-0.037362,0.501000,0.613989,-0.037526,0.501340,0.643896,-0.031963,0.552819,0.612904,-0.026406,0.519483,0.607673,-0.037923,0.507633,0.632380,-0.035863,0.504574,0.654363,-0.030984
1780385792.329,right,victory,0.432597,0.741556,0.000000,0.393389,0.740952,-0.005303,0.371641,0.722053,-0.014046,0.352979,0.709631,-0.024643,0.339716,0.699291,-0.034139,0.391527,0.625391,-0.009409,0.368510,0.581375,-0.020544,0.350107,0.551975,-0.027823,0.333487,0.534636,-0.032669,0.397671,0.623165,-0.014989,0.371324,0.568348,-0.031605,0.346361,0.543207,-0.041308,0.326994,0.529757,-0.045991,0.397970,0.636218,-0.020726,0.352702,0.632724,-0.036534,0.349691,0.669655,-0.034602,0.356247,0.691941,-0.028663,0.392530,0.660591,-0.027145,0.356711,0.666447,-0.036176,0.356394,0.692642,-0.032718,0.364666,0.708471,-0.027503
1780385792.915,right,victory,0.396031,0.735582,0.000000,0.362135,0.731202,-0.000899,0.344921,0.712263,-0.006975,0.327823,0.701400,-0.015313,0.312983,0.698168,-0.022808,0.361435,0.619658,-0.003022,0.335662,0.579963,-0.010897,0.317054,0.555976,-0.016458,0.301016,0.540081,-0.020414,0.363615,0.619755,-0.009021,0.332789,0.573024,-0.019797,0.310600,0.548421,-0.026425,0.294778,0.532208,-0.030126,0.361241,0.634671,-0.015027,0.318870,0.632065,-0.025028,0.317089,0.665695,-0.022393,0.323932,0.685048,-0.017832,0.354645,0.658869,-0.021594,0.323095,0.667238,-0.027926,0.323745,0.690281,-0.024829,0.331850,0.701901,-0.020676
1780385793.473,right,victory,0.473990,0.701123,0.000000,0.472059,0.633644,0.004313,0.452077,0.593604,0.001781,0.428014,0.589380,-0.002450,0.408731,0.603708,-0.007325,0.448137,0.570990,-0.010972,0.425825,0.509467,-0.017861,0.410110,0.479630,-0.020399,0.396702,0.458278,-0.021305,0.429478,0.593015,-0.016646,0.393043,0.538879,-0.023007,0.369327,0.512451,-0.024859,0.351170,0.495422,-0.025693,0.414913,0.623163,-0.020456,0.386476,0.593803,-0.024573,0.396814,0.606544,-0.020147,0.408210,0.620203,-0.015538,0.405292,0.654696,-0.023892,0.392178,0.637751,-0.024325,0.401721,0.644418,-0.017680,0.411229,0.650662,-0.011543
1780385793.985,right,victory,0.631308,0.690925,0.000000,0.641762,0.624061,-0.001093,0.627609,0.574077,-0.007370,0.602679,0.557370,-0.013270,0.580265,0.559714,-0.020033,0.627873,0.558277,-0.025613,0.612264,0.478504,-0.037228,0.601190,0.434938,-0.042855,0.591020,0.400860,-0.045383,0.604846,0.578354,-0.029329,0.573461,0.501269,-0.037991,0.555608,0.457901,-0.039387,0.540429,0.425698,-0.040495,0.584486,0.603152,-0.031170,0.559395,0.536671,-0.037573,0.569866,0.544113,-0.031453,0.579400,0.563466,-0.025722,0.570108,0.626250,-0.032873,0.558215,0.574142,-0.035441,0.567191,0.577353,-0.027762,0.574411,0.591922,-0.020801
1780385794.534,right,victory,0.690259,0.679604,0.000000,0.705141,0.617397,0.000556,0.696167,0.561675,-0.006027,0.674548,0.537083,-0.012349,0.653302,0.529426,-0.019592,0.697192,0.549107,-0.029040,0.686742,0.465386,-0.040252,0.678570,0.420435,-0.044447,0.671083,0.385436,-0.045958,0.674480,0.568177,-0.033405,0.648995,0.487426,-0.043406,0.635101,0.441401,-0.044315,0.622711,0.407770,-0.045019,0.652832,0.588398,-0.035351,0.630784,0.511272,-0.042413,0.641420,0.516573,-0.035696,0.649946,0.535026,-0.029566,0.636472,0.607108,-0.036850,0.627060,0.544061,-0.040037,0.637332,0.545540,-0.032346,0.644756,0.560436,-0.025280
1780385795.088,right,victory,0.726704,0.684296,0.000000,0.743887,0.621881,0.000441,0.737651,0.558318,-0.007538,0.714785,0.523088,-0.015299,0.692159,0.506670,-0.024322,0.749237,0.544037,-0.029908,0.744462,0.457772,-0.042201,0.737617,0.409734,-0.047776,0.730439,0.373657,-0.050476,0.725885,0.562025,-0.035222,0.708873,0.473467,-0.047119,0.695850,0.423525,-0.050103,0.683648,0.387481,-0.052320,0.701690,0.580563,-0.038023,0.679538,0.497131,-0.047089,0.684183,0.506159,-0.041418,0.690150,0.527459,-0.035711,0.680317,0.597862,-0.040219,0.669509,0.532380,-0.045094,0.677284,0.537800,-0.038046,0.684861,0.555562,-0.031249
1780385795.618,right,victory,0.720525,0.622443,0.000000,0.736979,0.569934,0.002494,0.734202,0.514720,-0.002873,0.716583,0.483901,-0.008390,0.697084,0.468428,-0.014851,0.741232,0.494934,-0.022548,0.737882,0.418439,-0.031734,0.731174,0.376902,-0.034703,0.724544,0.346493,-0.035419,0.720651,0.506553,-0.027521,0.704884,0.423963,-0.036703,0.692151,0.381909,-0.037433,0.681441,0.351848,-0.037276,0.699079,0.521670,-0.030176,0.679345,0.455977,-0.036796,0.682616,0.471285,-0.030050,0.687820,0.491630,-0.023381,0.679583,0.538966,-0.032200,0.670918,0.487455,-0.034379,0.676070,0.498960,-0.025880,0.681691,0.516300,-0.018015
1780385796.160,right,victory,0.719398,0.615784,0.000000,0.734614,0.563368,0.005237,0.731904,0.511550,0.001925,0.715613,0.485102,-0.002523,0.697502,0.474098,-0.007994,0.737867,0.487971,-0.015852,0.734027,0.415261,-0.024561,0.727364,0.374560,-0.027861,0.720985,0.346030,-0.028706,0.718451,0.497194,-0.022040,0.703109,0.417857,-0.029851,0.689528,0.376969,-0.031153,0.678162,0.348607,-0.031308,0.697966,0.512053,-0.026089,0.677676,0.452787,-0.031476,0.680198,0.468445,-0.025777,0.685561,0.488422,-0.019779,0.678829,0.530462,-0.029434,0.668256,0.484341,-0.030653,0.672628,0.493805,-0.022759,0.678599,0.508415,-0.015279
1780385796.705,right,victory,0.720760,0.667646,0.000000,0.739654,0.608823,0.001087,0.735794,0.547107,-0.005928,0.715109,0.510647,-0.012606,0.693392,0.493553,-0.020362,0.743456,0.530282,-0.027962,0.738005,0.445687,-0.039148,0.730570,0.399278,-0.044102,0.723303,0.364283,-0.046352,0.720206,0.546624,-0.032700,0.701797,0.458151,-0.042328,0.687828,0.409693,-0.044169,0.675076,0.374472,-0.045823,0.696347,0.564479,-0.034886,0.675227,0.485816,-0.041845,0.680515,0.496031,-0.035531,0.686202,0.517636,-0.029854,0.675371,0.581944,-0.036501,0.666371,0.520854,-0.039779,0.673592,0.528118,-0.032103,0.680200,0.545436,-0.025080
1780385797.253,right,victory,0.711301,0.657101,0.000000,0.728396,0.597869,-0.000430,0.721422,0.535662,-0.007970,0.697485,0.503298,-0.015119,0.673875,0.490316,-0.023409,0.730301,0.520414,-0.026754,0.723325,0.439447,-0.037249,0.715494,0.395166,-0.041615,0.707923,0.362009,-0.043535,0.707818,0.537014,-0.031102,0.688006,0.453745,-0.040665,0.674735,0.408293,-0.042291,0.662529,0.375259,-0.043621,0.685044,0.555673,-0.033240,0.663202,0.481497,-0.040737,0.669511,0.493428,-0.034477,0.675378,0.514744,-0.028641,0.665240,0.574228,-0.034956,0.656065,0.513966,-0.038709,0.663655,0.522467,-0.031047,0.669629,0.540474,-0.024044
1780385797.770,right,victory,0.693592,0.622679,0.000000,0.710518,0.569239,0.001495,0.706783,0.516942,-0.003377,0.689085,0.487997,-0.008432,0.670600,0.476319,-0.014226,0.706321,0.497502,-0.020115,0.700877,0.423569,-0.028963,0.694634,0.383137,-0.032463,0.688371,0.352871,-0.033549,0.684367,0.509225,-0.023986,0.667336,0.431624,-0.031333,0.654564,0.388745,-0.032189,0.642423,0.358439,-0.032502,0.663885,0.525241,-0.025848,0.647735,0.462484,-0.031144,0.655496,0.472649,-0.025558,0.661594,0.491961,-0.020059,0.647822,0.542717,-0.027299,0.643991,0.493973,-0.029152,0.652703,0.499588,-0.022091,0.658816,0.513470,-0.015409
1780385798.315,right,victory,0.661198,0.632007,0.000000,0.631975,0.581965,-0.002887,0.622504,0.533622,-0.008451,0.619552,0.500580,-0.015590,0.624386,0.477080,-0.022045,0.661891,0.491432,-0.009457,0.658855,0.437720,-0.021343,0.650489,0.403689,-0.028128,0.640413,0.380351,-0.031674,0.670092,0.503741,-0.015908,0.663945,0.435671,-0.033170,0.648482,0.397838,-0.041778,0.634422,0.373721,-0.044378,0.670106,0.523033,-0.022349,0.634035,0.481391,-0.039535,0.614755,0.497862,-0.039214,0.607820,0.515966,-0.033516,0.660344,0.546458,-0.028955,0.627359,0.518307,-0.037851,0.615299,0.527410,-0.034402,0.614246,0.540714,-0.028897
1780385798.855,right,victory,0.639498,0.645394,0.000000,0.616650,0.618108,-0.006663,0.600952,0.571483,-0.013047,0.600189,0.539077,-0.022126,0.612148,0.520905,-0.030821,0.624997,0.491774,-0.001780,0.613270,0.442091,-0.012380,0.606068,0.412079,-0.019813,0.600122,0.386186,-0.024598,0.645061,0.494293,-0.008474,0.650820,0.430560,-0.021673,0.648043,0.390342,-0.030108,0.643633,0.358253,-0.033648,0.661741,0.511631,-0.016824,0.644622,0.476658,-0.035941,0.626851,0.510749,-0.038781,0.617161,0.538784,-0.034848,0.672473,0.538064,-0.025699,0.652808,0.510886,-0.038537,0.635375,0.533358,-0.037052,0.625456,0.555763,-0.032704
1780385799.381,right,victory,0.627684,0.666335,0.000000,0.601068,0.646668,-0.011577,0.582790,0.613634,-0.021431,0.580528,0.586178,-0.032441,0.583533,0.564561,-0.042962,0.596797,0.522660,-0.012930,0.580360,0.469105,-0.026170,0.570209,0.436129,-0.034398,0.563044,0.408909,-0.039352,0.620264,0.519690,-0.017491,0.620552,0.452238,-0.031706,0.616122,0.411428,-0.040275,0.612062,0.379446,-0.044008,0.640265,0.535142,-0.023608,0.623078,0.509342,-0.042388,0.610094,0.544870,-0.045241,0.604896,0.572749,-0.041751,0.655433,0.560241,-0.030506,0.634491,0.544860,-0.043276,0.620963,0.568919,-0.041862,0.615792,0.590550,-0.037529
1780385799.899,right,victory,0.601909,0.687189,0.000000,0.571670,0.673308,-0.010657,0.548412,0.652127,-0.021541,0.532577,0.634288,-0.033871,0.535562,0.629979,-0.045547,0.557191,0.555472,-0.012324,0.536388,0.507785,-0.026208,0.521665,0.482489,-0.035003,0.508091,0.462943,-0.040155,0.578930,0.547794,-0.017107,0.570586,0.490561,-0.032385,0.557572,0.458780,-0.040951,0.543743,0.435849,-0.043970,0.597808,0.558644,-0.023346,0.564540,0.561545,-0.041690,0.554327,0.599854,-0.044337,0.552651,0.626882,-0.040377,0.609092,0.583979,-0.030583,0.579349,0.594674,-0.041410,0.566497,0.619569,-0.040255,0.561438,0.637887,-0.036271
1780385800.424,right,victory,0.551225,0.712512,0.000000,0.511499,0.710696,-0.004122,0.488761,0.693629,-0.012511,0.473056,0.686471,-0.022885,0.459116,0.676938,-0.032873,0.496837,0.602090,-0.011317,0.473666,0.566616,-0.024928,0.455087,0.545295,-0.034258,0.438939,0.531535,-0.039989,0.507303,0.599408,-0.018291,0.478907,0.555337,-0.035338,0.454639,0.538824,-0.044874,0.435226,0.528595,-0.049291,0.514856,0.612652,-0.025506,0.473130,0.617786,-0.042318,0.467039,0.655003,-0.041318,0.469834,0.678744,-0.036071,0.516623,0.640689,-0.033250,0.482731,0.652229,-0.043020,0.476363,0.676763,-0.039660,0.478341,0.692761,-0.034518
1780385800.928,right,victory,0.511836,0.733934,0.000000,0.478314,0.737986,0.002171,0.458039,0.722841,-0.001854,0.440970,0.717156,-0.008889,0.429292,0.720412,-0.015084,0.463850,0.641658,0.002350,0.439611,0.615873,-0.004784,0.421112,0.600709,-0.009754,0.406582,0.592941,-0.013492,0.468013,0.640231,-0.005772,0.436259,0.608940,-0.018058,0.411422,0.599642,-0.025836,0.394546,0.596959,-0.029774,0.468690,0.654457,-0.013935,0.430081,0.667658,-0.024759,0.433140,0.699039,-0.022030,0.441994,0.711691,-0.016913,0.466149,0.677826,-0.022462,0.436640,0.698943,-0.028566,0.440208,0.719611,-0.025604,0.448523,0.726104,-0.021560
1780385801.438,right,victory,0.488661,0.737704,0.000000,0.490504,0.675121,0.005828,0.475016,0.643159,0.009035,0.454117,0.635947,0.011758,0.440451,0.639878,0.014591,0.453501,0.626743,0.000302,0.438823,0.581473,0.002485,0.428575,0.559683,0.004880,0.420282,0.544083,0.006905,0.437569,0.653571,-0.000665,0.411512,0.620632,0.001335,0.396132,0.602161,0.003294,0.384863,0.591059,0.004968,0.430852,0.681405,0.000178,0.421027,0.657942,0.004279,0.430739,0.656884,0.007799,0.439442,0.666097,0.010831,0.429980,0.708781,0.001583,0.425498,0.688416,0.008053,0.432518,0.688721,0.014291,0.440250,0.695889,0.019508
1780385801.971,right,victory,0.471714,0.719231,0.000000,0.484995,0.657632,-0.004631,0.481363,0.613440,-0.003354,0.469932,0.591690,0.000561,0.457994,0.590549,0.006248,0.438636,0.595933,-0.011805,0.425036,0.536306,-0.013211,0.418291,0.504734,-0.011242,0.414405,0.482003,-0.008153,0.420980,0.622471,-0.007683,0.394223,0.573637,-0.010835,0.385279,0.543067,-0.009102,0.382075,0.524830,-0.005529,0.413035,0.647923,-0.002684,0.416307,0.614746,-0.005224,0.428703,0.614707,-0.004001,0.437173,0.624851,0.000189,0.412392,0.669393,0.002272,0.418422,0.642595,0.004150,0.426915,0.643247,0.007570,0.434199,0.653487,0.012166
1780385802.621,right,victory,0.553426,0.721045,0.000000,0.578483,0.646395,-0.015231,0.574171,0.575230,-0.025538,0.552361,0.526706,-0.031821,0.530353,0.504170,-0.038491,0.543636,0.560149,-0.040590,0.538512,0.462561,-0.056701,0.534144,0.402270,-0.066597,0.528675,0.354848,-0.072397,0.510030,0.575940,-0.037021,0.484677,0.478775,-0.050554,0.470325,0.423285,-0.056322,0.456799,0.381433,-0.059548,0.488237,0.593119,-0.032390,0.470480,0.494664,-0.042707,0.467933,0.441514,-0.046460,0.464345,0.405410,-0.048774,0.480371,0.606937,-0.028247,0.484068,0.535034,-0.035142,0.493792,0.510730,-0.034580,0.501214,0.497159,-0.033180
1780385803.122,right,victory,0.715303,0.717548,0.000000,0.745131,0.655677,-0.000240,0.746775,0.582683,-0.008415,0.728489,0.532543,-0.015583,0.705170,0.506534,-0.024179,0.750593,0.569211,-0.040468,0.755684,0.463771,-0.055141,0.754817,0.402118,-0.060924,0.751971,0.353566,-0.063180,0.718868,0.578064,-0.045267,0.700852,0.460723,-0.057020,0.688994,0.393175,-0.057995,0.676537,0.345067,-0.059138,0.688197,0.591077,-0.046731,0.672405,0.485401,-0.055209,0.683924,0.494101,-0.047274,0.691556,0.522890,-0.040101,0.663557,0.605619,-0.047498,0.658857,0.522191,-0.051353,0.669848,0.529647,-0.041663,0.676345,0.554058,-0.032943
1780385803.660,right,victory,0.798610,0.692654,0.000000,0.825870,0.630445,0.009511,0.833705,0.565086,0.004665,0.822336,0.515614,-0.001704,0.805067,0.485977,-0.009187,0.848709,0.532861,-0.023758,0.853844,0.442404,-0.038652,0.852709,0.386270,-0.046918,0.849060,0.344422,-0.051047,0.826893,0.543822,-0.033583,0.823554,0.438603,-0.047638,0.814322,0.375315,-0.051947,0.804871,0.332219,-0.054403,0.800027,0.556163,-0.040221,0.781153,0.461375,-0.047027,0.772761,0.467199,-0.037617,0.771701,0.487395,-0.029149,0.773544,0.569958,-0.045997,0.761693,0.496153,-0.045947,0.760668,0.496754,-0.034717,0.764958,0.510203,-0.024822
1780385804.162,right,victory,0.755688,0.612713,0.000000,0.749327,0.556123,0.006248,0.736290,0.509232,0.000060,0.711518,0.488767,-0.009534,0.691116,0.482249,-0.019330,0.763465,0.473163,-0.008719,0.752259,0.406298,-0.020220,0.740662,0.369507,-0.026129,0.728788,0.342329,-0.029114,0.759952,0.483192,-0.019918,0.749940,0.403329,-0.032575,0.736998,0.363133,-0.037538,0.725297,0.333977,-0.039450,0.750132,0.501183,-0.030051,0.712859,0.447326,-0.041221,0.701545,0.469886,-0.038394,0.701516,0.490445,-0.033286,0.734652,0.522780,-0.039762,0.707346,0.484543,-0.045117,0.698143,0.490391,-0.040627,0.698339,0.499517,-0.035774
1780385804.702,right,victory,0.668286,0.625147,0.000000,0.645725,0.598084,-0.006431,0.629999,0.553651,-0.012508,0.624799,0.520622,-0.020889,0.635621,0.503519,-0.028791,0.660576,0.481815,-0.003589,0.646900,0.433016,-0.015043,0.637812,0.404074,-0.022584,0.630008,0.380980,-0.026954,0.678104,0.482821,-0.009351,0.681505,0.416732,-0.022874,0.676145,0.376288,-0.030591,0.669284,0.347072,-0.033167,0.692355,0.497151,-0.016672,0.670142,0.459489,-0.034633,0.652091,0.483924,-0.037988,0.642640,0.508586,-0.034497,0.700335,0.519705,-0.024539,0.674937,0.494470,-0.036355,0.656431,0.510226,-0.036173,0.645409,0.528734,-0.032783
1780385805.218,right,victory,0.592610,0.675860,0.000000,0.561437,0.644590,-0.005870,0.544160,0.605362,-0.012815,0.533635,0.576892,-0.021933,0.534626,0.556705,-0.030126,0.576648,0.524874,-0.003897,0.560893,0.475622,-0.015371,0.548648,0.446935,-0.023208,0.537192,0.425152,-0.027598,0.589985,0.524748,-0.009739,0.584075,0.460090,-0.023354,0.572304,0.421463,-0.031042,0.559953,0.394651,-0.033835,0.599740,0.536835,-0.017083,0.567815,0.508533,-0.034404,0.549083,0.533005,-0.038292,0.538801,0.557547,-0.035734,0.602711,0.558764,-0.024887,0.572713,0.543342,-0.035888,0.556313,0.562853,-0.035722,0.546589,0.582858,-0.032634
1780385805.718,right,victory,0.516255,0.723207,0.000000,0.474907,0.699550,-0.003612,0.455236,0.664677,-0.011548,0.437493,0.643340,-0.021753,0.421587,0.630971,-0.031330,0.484404,0.571759,-0.008734,0.462888,0.518591,-0.021701,0.446192,0.482575,-0.031366,0.429866,0.458267,-0.038008,0.492245,0.576304,-0.015929,0.465310,0.516783,-0.033529,0.440916,0.482536,-0.045449,0.421344,0.460739,-0.052455,0.493280,0.594768,-0.023202,0.445504,0.571061,-0.040234,0.434324,0.608064,-0.039141,0.434572,0.635951,-0.034114,0.486899,0.623052,-0.031069,0.447222,0.614276,-0.041468,0.441934,0.639073,-0.038496,0.446408,0.658233,-0.033707
1780385806.220,right,victory,0.449291,0.742231,0.000000,0.441411,0.683176,0.011558,0.423653,0.638698,0.010495,0.399752,0.618634,0.005759,0.379783,0.615622,0.000691,0.421800,0.597434,-0.004206,0.390673,0.542004,-0.012609,0.370613,0.517257,-0.015632,0.353165,0.502211,-0.016739,0.414476,0.608903,-0.015536,0.376894,0.547509,-0.025201,0.351726,0.520347,-0.028718,0.332110,0.502301,-0.030039,0.405734,0.634697,-0.025060,0.356408,0.620512,-0.032809,0.354369,0.653974,-0.029096,0.361663,0.673501,-0.024257,0.396425,0.668498,-0.033638,0.359637,0.668221,-0.037669,0.355758,0.687412,-0.033595,0.359506,0.697782,-0.028997
1780385806.721,right,victory,0.394003,0.782776,0.000000,0.385408,0.716262,0.008690,0.362687,0.673204,0.007559,0.338986,0.666650,0.003493,0.319973,0.676763,-0.001460,0.356727,0.642644,-0.006063,0.328931,0.592139,-0.014258,0.310442,0.568323,-0.017830,0.294455,0.553369,-0.019369,0.341780,0.662431,-0.015370,0.304132,0.609139,-0.023595,0.276048,0.588706,-0.026553,0.254033,0.578082,-0.027632,0.330143,0.694194,-0.022931,0.290353,0.681591,-0.028699,0.297288,0.701540,-0.024523,0.309609,0.713060,-0.019609,0.322429,0.731805,-0.029840,0.295715,0.726828,-0.031628,0.302914,0.739325,-0.025417,0.314782,0.743904,-0.019355
1780385807.222,right,victory,0.337804,0.918927,0.000000,0.329312,0.858837,0.006087,0.309130,0.827972,0.005549,0.289990,0.829114,0.002675,0.275840,0.847363,-0.000838,0.306013,0.805340,-0.002140,0.286326,0.761562,-0.007692,0.271428,0.742995,-0.010166,0.259182,0.733948,-0.010967,0.289463,0.824232,-0.008084,0.259844,0.780535,-0.012287,0.239137,0.766378,-0.013640,0.223373,0.761717,-0.013870,0.277073,0.852503,-0.013000,0.250794,0.843933,-0.015696,0.258457,0.856479,-0.014108,0.269221,0.865293,-0.011753,0.269040,0.885514,-0.017458,0.258952,0.887204,-0.017232,0.266761,0.894819,-0.013530,0.276102,0.897097,-0.009906
1780385807.734,right,victory,0.343264,0.923244,0.000000,0.336719,0.868441,0.009474,0.318307,0.836402,0.010309,0.299468,0.834062,0.008631,0.284164,0.845700,0.006428,0.313670,0.811167,-0.000864,0.289580,0.772691,-0.004269,0.273405,0.759867,-0.004689,0.261200,0.756127,-0.004070,0.299114,0.830413,-0.008136,0.265365,0.794331,-0.011594,0.242734,0.782545,-0.012441,0.225769,0.777574,-0.012256,0.288166,0.859411,-0.013721,0.257676,0.855587,-0.015237,0.264176,0.870263,-0.012137,0.273637,0.877906,-0.008847,0.281117,0.893156,-0.018476,0.264590,0.895270,-0.017704,0.272093,0.903301,-0.012491,0.281958,0.905352,-0.007555
1780385808.244,right,victory,0.429848,0.848225,0.000000,0.428570,0.797619,0.005256,0.414108,0.763745,0.004437,0.398770,0.757073,0.001478,0.385139,0.765321,-0.001996,0.409479,0.741592,-0.003539,0.392556,0.699710,-0.008899,0.379653,0.680101,-0.011332,0.368346,0.667703,-0.012376,0.395814,0.755415,-0.009668,0.372196,0.711253,-0.014658,0.354742,0.694851,-0.016149,0.341252,0.687050,-0.016311,0.384733,0.777705,-0.014790,0.361313,0.758069,-0.018792,0.366933,0.770730,-0.016424,0.375255,0.780851,-0.013167,0.376840,0.804188,-0.019498,0.363423,0.793239,-0.020365,0.368954,0.800567,-0.015821,0.376726,0.806074,-0.011358
1780385808.769,right,victory,0.568658,0.930152,0.000000,0.543677,0.885066,-0.000597,0.523431,0.845455,-0.008732,0.502403,0.837056,-0.018088,0.490871,0.844872,-0.028178,0.550053,0.803538,-0.018430,0.532063,0.756351,-0.030620,0.516607,0.732254,-0.037483,0.502623,0.715355,-0.041643,0.556968,0.827680,-0.026521,0.538058,0.781122,-0.041741,0.517068,0.762130,-0.047457,0.500035,0.753852,-0.050010,0.556192,0.859232,-0.033895,0.517149,0.836379,-0.048115,0.501949,0.845678,-0.047916,0.497693,0.854097,-0.044655,0.548800,0.893219,-0.040857,0.514575,0.873190,-0.048602,0.505269,0.873424,-0.045643,0.506342,0.875786,-0.042119
1780385809.293,right,victory,0.698690,0.928469,0.000000,0.710673,0.875391,-0.004558,0.713860,0.823304,-0.017366,0.699088,0.788866,-0.029228,0.681807,0.779585,-0.042491,0.741307,0.852754,-0.035722,0.747920,0.798818,-0.050127,0.744386,0.761560,-0.057523,0.739059,0.734390,-0.062005,0.728787,0.879518,-0.041289,0.729981,0.828112,-0.058313,0.722562,0.787517,-0.063419,0.713949,0.762504,-0.066307,0.709507,0.893472,-0.045245,0.694655,0.823471,-0.059041,0.685858,0.801035,-0.057853,0.682077,0.795982,-0.055363,0.688043,0.897491,-0.048645,0.675637,0.831933,-0.057171,0.673255,0.811431,-0.054812,0.675377,0.807397,-0.052252
1780385809.864,right,victory,0.699544,0.891195,0.000000,0.718586,0.849355,0.000273,0.725809,0.802950,-0.008193,0.713541,0.759281,-0.016534,0.699419,0.734599,-0.026169,0.749152,0.812272,-0.025448,0.760535,0.755531,-0.038614,0.761025,0.717224,-0.045965,0.758711,0.686763,-0.049925,0.735888,0.830730,-0.031508,0.743596,0.768889,-0.046364,0.735938,0.723694,-0.051062,0.726479,0.695461,-0.053168,0.717534,0.838517,-0.036077,0.710087,0.766227,-0.048296,0.700214,0.737912,-0.048166,0.695011,0.728704,-0.045858,0.697678,0.837095,-0.039702,0.691593,0.775298,-0.046350,0.688966,0.759249,-0.043590,0.690597,0.758279,-0.040323
1780385810.442,right,victory,0.709956,0.879574,0.000000,0.732429,0.846988,0.001583,0.748563,0.809434,-0.005223,0.751813,0.768957,-0.011732,0.748355,0.737571,-0.019768,0.762500,0.810452,-0.027600,0.778650,0.751920,-0.042402,0.780473,0.710232,-0.049850,0.779011,0.679024,-0.053313,0.746904,0.822713,-0.033524,0.757111,0.754247,-0.049067,0.750816,0.707285,-0.052841,0.743145,0.678741,-0.054279,0.726607,0.824621,-0.037862,0.724645,0.749564,-0.051143,0.714969,0.718396,-0.050116,0.708993,0.707110,-0.046994,0.705242,0.818966,-0.041073,0.704701,0.756750,-0.049148,0.701969,0.741109,-0.046380,0.701869,0.739941,-0.042619
1780385810.943,right,victory,0.701194,0.915565,0.000000,0.712580,0.861905,-0.001735,0.718271,0.810775,-0.012704,0.707446,0.767238,-0.023814,0.694639,0.741752,-0.035922,0.751109,0.822418,-0.028207,0.767451,0.766941,-0.043721,0.768309,0.726388,-0.051983,0.766032,0.694619,-0.056396,0.742469,0.846126,-0.034929,0.755353,0.785830,-0.053520,0.745609,0.738222,-0.059469,0.733314,0.708592,-0.061387,0.725467,0.858137,-0.040376,0.715592,0.782038,-0.055892,0.699497,0.751883,-0.055578,0.690006,0.742309,-0.052078,0.704177,0.859765,-0.045081,0.694444,0.792614,-0.053353,0.687196,0.771709,-0.050496,0.685179,0.767339,-0.046706
1780385811.463,right,victory,0.667678,0.938991,-0.000000,0.664747,0.872739,-0.004385,0.665000,0.823712,-0.014118,0.659375,0.792107,-0.024986,0.656737,0.775799,-0.035809,0.718953,0.828435,-0.016229,0.740114,0.782110,-0.031377,0.740886,0.744785,-0.040689,0.737392,0.713190,-0.045736,0.720923,0.860821,-0.023334,0.741658,0.819829,-0.042644,0.727381,0.780418,-0.050878,0.709351,0.757562,-0.052573,0.713337,0.887481,-0.030779,0.702509,0.834309,-0.047831,0.678598,0.806240,-0.051502,0.661057,0.794682,-0.049638,0.698567,0.906649,-0.038218,0.678609,0.853682,-0.048308,0.663525,0.827323,-0.048812,0.654439,0.812421,-0.046662
1780385812.010,right,victory,0.635939,0.959280,0.000000,0.624311,0.887427,-0.006112,0.619457,0.833901,-0.016500,0.610062,0.805527,-0.028045,0.600894,0.803332,-0.039574,0.675016,0.823713,-0.015805,0.686576,0.769365,-0.030595,0.681890,0.730701,-0.039772,0.674610,0.699504,-0.045169,0.682160,0.858792,-0.022679,0.696191,0.811948,-0.041644,0.681343,0.780363,-0.049745,0.664962,0.764434,-0.051631,0.678360,0.890951,-0.030221,0.656415,0.839803,-0.047765,0.627986,0.822219,-0.051349,0.609422,0.819033,-0.049237,0.665565,0.917659,-0.038048,0.639052,0.873186,-0.047761,0.619791,0.854118,-0.047898,0.608795,0.844585,-0.045778
1780385812.534,right,victory,0.621313,0.804609,0.000000,0.600224,0.744764,-0.003445,0.589144,0.695306,-0.011457,0.578908,0.663085,-0.021501,0.576277,0.639596,-0.030895,0.642848,0.652762,-0.011669,0.648616,0.586383,-0.026318,0.643138,0.542579,-0.035022,0.634500,0.510987,-0.039465,0.654300,0.671941,-0.019899,0.669160,0.595883,-0.038630,0.658494,0.548731,-0.048528,0.643726,0.516768,-0.051275,0.657280,0.696443,-0.028456,0.631708,0.639463,-0.047772,0.605454,0.638536,-0.050879,0.587924,0.647886,-0.046939,0.649203,0.720658,-0.037047,0.619803,0.680150,-0.048066,0.599722,0.675479,-0.046643,0.586839,0.678083,-0.042134
1780385813.100,right,victory,0.606277,0.688573,0.000000,0.578658,0.641018,-0.008510,0.563787,0.593078,-0.018685,0.555682,0.560486,-0.031344,0.559291,0.545266,-0.043638,0.607967,0.510332,-0.008451,0.603422,0.445260,-0.024262,0.597025,0.405059,-0.035372,0.589543,0.373219,-0.041972,0.628574,0.521647,-0.015614,0.641248,0.451705,-0.035120,0.632386,0.408483,-0.046782,0.618911,0.379629,-0.050820,0.641549,0.546053,-0.024318,0.618413,0.500970,-0.046056,0.590032,0.519461,-0.050945,0.571540,0.543056,-0.047656,0.644719,0.577254,-0.033683,0.614811,0.548075,-0.047454,0.590739,0.558870,-0.047312,0.575516,0.574797,-0.043313
1780385813.659,right,victory,0.516404,0.698711,0.000000,0.480294,0.671322,-0.008415,0.456056,0.633983,-0.018358,0.440349,0.607758,-0.031045,0.440227,0.590762,-0.043231,0.490166,0.526666,-0.007315,0.473066,0.467170,-0.023838,0.458711,0.430782,-0.035247,0.444737,0.404905,-0.041925,0.509723,0.526324,-0.015043,0.502617,0.443548,-0.036053,0.484096,0.406180,-0.048235,0.464540,0.385868,-0.051997,0.524561,0.541715,-0.024344,0.483854,0.507566,-0.048762,0.461249,0.547400,-0.053082,0.450497,0.584730,-0.048168,0.530419,0.570768,-0.034289,0.490750,0.559338,-0.049779,0.472082,0.588042,-0.049302,0.463998,0.614635,-0.044322
1780385814.175,right,victory,0.414502,0.730750,-0.000000,0.366559,0.709168,-0.008467,0.341270,0.678412,-0.021377,0.317714,0.659136,-0.036601,0.297146,0.637956,-0.051723,0.382651,0.550302,-0.016001,0.360040,0.470264,-0.035794,0.334579,0.431307,-0.048695,0.310141,0.411670,-0.055711,0.396167,0.550553,-0.023274,0.351558,0.490727,-0.045348,0.323516,0.504644,-0.053473,0.308110,0.525084,-0.055271,0.402571,0.568606,-0.032122,0.347410,0.538518,-0.055284,0.320074,0.581994,-0.056035,0.308526,0.621027,-0.050936,0.399734,0.601761,-0.041593,0.354653,0.586566,-0.057346,0.334173,0.615850,-0.055959,0.324847,0.645704,-0.050868
1780385814.730,right,victory,0.318315,0.763445,0.000000,0.257166,0.713280,0.001906,0.230804,0.657734,-0.011122,0.202569,0.618830,-0.029650,0.175611,0.598350,-0.047276,0.289769,0.534181,-0.011846,0.261096,0.430049,-0.030338,0.236784,0.369610,-0.041718,0.211313,0.333961,-0.048889,0.298412,0.538665,-0.027014,0.261370,0.413532,-0.055210,0.223191,0.353677,-0.072208,0.191748,0.327434,-0.080622,0.292452,0.563808,-0.041111,0.215063,0.495327,-0.063838,0.186777,0.548601,-0.060370,0.178366,0.596168,-0.052085,0.274871,0.600271,-0.055619,0.210000,0.574484,-0.068930,0.192087,0.607510,-0.064637,0.189915,0.636727,-0.057869
1780385815.271,right,victory,0.316082,0.803945,0.000000,0.253266,0.749523,0.005937,0.226628,0.690227,-0.007929,0.196525,0.647814,-0.028079,0.166531,0.619596,-0.047548,0.285035,0.555063,-0.015069,0.248097,0.439073,-0.033990,0.219290,0.375180,-0.045001,0.188852,0.335858,-0.052134,0.292095,0.560873,-0.033074,0.252607,0.421420,-0.061028,0.211888,0.358207,-0.076805,0.177052,0.326481,-0.084978,0.284795,0.589486,-0.049340,0.200252,0.512610,-0.071635,0.171073,0.567547,-0.066768,0.161642,0.614485,-0.058389,0.265638,0.630515,-0.065672,0.196549,0.598702,-0.078659,0.175670,0.631196,-0.073478,0.169324,0.658753,-0.066621
1780385815.777,right,victory,0.282786,0.807530,0.000000,0.239049,0.744492,0.014850,0.203376,0.688567,0.004701,0.158957,0.667241,-0.012055,0.123239,0.669934,-0.028400,0.234599,0.579868,-0.013892,0.182791,0.475046,-0.032112,0.146788,0.423736,-0.040675,0.113217,0.393636,-0.045611,0.236025,0.592414,-0.035030,0.183614,0.465652,-0.059072,0.139601,0.414132,-0.069464,0.106337,0.392251,-0.074495,0.226609,0.626508,-0.053576,0.143086,0.570701,-0.070275,0.119572,0.623693,-0.062832,0.115717,0.665134,-0.053970,0.209270,0.672999,-0.071360,0.143328,0.650487,-0.078396,0.128518,0.682099,-0.070378,0.128542,0.706849,-0.062691
1780385816.288,right,victory,0.251855,0.840484,-0.000000,0.198466,0.797966,0.007880,0.159761,0.755542,-0.004431,0.121081,0.742280,-0.019835,0.082770,0.737727,-0.037257,0.187116,0.620633,-0.033841,0.141222,0.503930,-0.056544,0.108414,0.446413,-0.070933,0.075916,0.402318,-0.080987,0.195949,0.646162,-0.047101,0.107818,0.622951,-0.072643,0.073160,0.677026,-0.078873,0.059647,0.721339,-0.081967,0.193094,0.690316,-0.057697,0.103536,0.669124,-0.077500,0.076253,0.713788,-0.073475,0.071068,0.747419,-0.068622,0.180484,0.740710,-0.066800,0.113936,0.722388,-0.079509,0.091807,0.746910,-0.075109,0.087413,0.764812,-0.069288
1780385816.818,right,victory,0.266590,0.772666,0.000000,0.233368,0.742057,-0.000667,0.200978,0.692852,-0.009564,0.171373,0.661731,-0.019233,0.146429,0.656804,-0.033208,0.210074,0.619340,-0.029615,0.178951,0.549047,-0.046994,0.162285,0.492363,-0.064401,0.148180,0.438979,-0.078862,0.216989,0.627910,-0.035750,0.159216,0.620793,-0.049775,0.126862,0.623178,-0.058801,0.102104,0.622137,-0.067226,0.216793,0.658433,-0.039700,0.150501,0.667043,-0.048607,0.120180,0.685408,-0.049657,0.101838,0.699129,-0.052317,0.208395,0.704729,-0.043655,0.156165,0.709781,-0.054027,0.128982,0.718581,-0.054772,0.112083,0.725077,-0.054840
1780385817.335,right,victory,0.267299,0.804810,0.000001,0.251702,0.701113,0.009315,0.219512,0.632756,0.000820,0.177321,0.617281,-0.009740,0.142626,0.630941,-0.020032,0.209129,0.589850,-0.032763,0.185539,0.475044,-0.058933,0.184145,0.402296,-0.072542,0.188515,0.347270,-0.078432,0.192355,0.624351,-0.044122,0.121315,0.529278,-0.070959,0.082673,0.465843,-0.082080,0.054584,0.417047,-0.088435,0.176184,0.677487,-0.051256,0.096676,0.646330,-0.068277,0.104433,0.670668,-0.055888,0.121547,0.684959,-0.042637,0.162634,0.733775,-0.057326,0.108939,0.713539,-0.061928,0.119049,0.726040,-0.046425,0.136144,0.729114,-0.031845
1780385817.836,right,victory,0.253881,0.843959,0.000001,0.278700,0.713131,-0.020578,0.264774,0.616410,-0.030508,0.221076,0.578909,-0.034349,0.185735,0.576873,-0.035146,0.202073,0.606028,-0.049291,0.169809,0.467428,-0.061065,0.146845,0.402266,-0.061115,0.125306,0.356223,-0.057914,0.157739,0.651563,-0.040118,0.092650,0.538922,-0.057111,0.052873,0.479065,-0.059657,0.021901,0.443760,-0.056320,0.137347,0.694549,-0.028144,0.133642,0.606091,-0.041737,0.160176,0.603839,-0.038601,0.178335,0.626438,-0.028517,0.133009,0.728073,-0.016946,0.143121,0.651836,-0.017780,0.162344,0.654793,-0.008683,0.177068,0.677523,0.002850
1780385818.343,right,victory,0.286010,0.834901,0.000001,0.321234,0.735584,-0.043731,0.327882,0.632190,-0.059935,0.328241,0.555927,-0.066812,0.332017,0.499021,-0.069464,0.234441,0.580609,-0.056234,0.202455,0.435918,-0.066826,0.182329,0.367987,-0.068508,0.162181,0.314911,-0.067016,0.196897,0.614401,-0.034444,0.146402,0.488696,-0.047830,0.118066,0.413422,-0.051711,0.097659,0.364840,-0.050257,0.184100,0.650017,-0.012960,0.191069,0.548148,-0.031313,0.229356,0.549077,-0.037698,0.257138,0.568605,-0.032882,0.186013,0.676260,0.006118,0.206705,0.602010,-0.007171,0.232728,0.613400,-0.010791,0.253667,0.636012,-0.006823
1780385818.845,right,victory,0.378224,0.754736,0.000001,0.429068,0.676612,-0.033294,0.451767,0.592429,-0.050432,0.437816,0.534702,-0.059829,0.408824,0.516138,-0.067813,0.369189,0.521037,-0.055952,0.368751,0.382071,-0.072559,0.360750,0.304860,-0.083161,0.351240,0.244246,-0.089296,0.326987,0.537949,-0.042221,0.298263,0.407089,-0.056510,0.279484,0.332335,-0.062498,0.263544,0.279208,-0.065883,0.304315,0.557906,-0.028037,0.285728,0.436491,-0.035650,0.281760,0.378290,-0.035911,0.277984,0.337347,-0.035534,0.298636,0.577483,-0.016402,0.292642,0.485123,-0.018379,0.294880,0.445697,-0.013819,0.299459,0.420234,-0.009512
1780385819.381,right,victory,0.477032,0.733036,0.000001,0.524891,0.661540,-0.017252,0.542657,0.576978,-0.024063,0.523341,0.519428,-0.026301,0.501099,0.494042,-0.026808,0.497735,0.505740,-0.038348,0.511982,0.377509,-0.050814,0.520065,0.309500,-0.052838,0.525120,0.259037,-0.050759,0.456654,0.506030,-0.031543,0.437452,0.374055,-0.046385,0.427794,0.298721,-0.050253,0.419598,0.250325,-0.048417,0.430433,0.524964,-0.023156,0.445694,0.468048,-0.038335,0.467494,0.481247,-0.040439,0.478449,0.508196,-0.034433,0.415551,0.551898,-0.015144,0.436303,0.511556,-0.021569,0.452700,0.524002,-0.017499,0.460603,0.547528,-0.009556
1780385819.929,right,victory,0.512781,0.706790,0.000000,0.539342,0.623914,0.003593,0.537050,0.533580,-0.007182,0.503906,0.474822,-0.018769,0.474127,0.443866,-0.031630,0.560712,0.508973,-0.035884,0.575669,0.394534,-0.057468,0.588157,0.330317,-0.066636,0.599305,0.280542,-0.069726,0.535020,0.519671,-0.045584,0.524918,0.373931,-0.066555,0.508941,0.296772,-0.072446,0.495121,0.237752,-0.074243,0.504999,0.538564,-0.051960,0.468571,0.425538,-0.069573,0.459817,0.444671,-0.062505,0.462217,0.471442,-0.052116,0.475189,0.560410,-0.056986,0.452529,0.477047,-0.063465,0.452854,0.495167,-0.051437,0.460308,0.521797,-0.039385
1780385820.446,right,victory,0.475879,0.722845,0.000000,0.454625,0.609056,-0.004062,0.454676,0.526905,-0.016522,0.449165,0.470233,-0.033327,0.452859,0.416946,-0.049381,0.542329,0.507931,-0.014764,0.561720,0.417823,-0.033375,0.570823,0.355640,-0.045365,0.575293,0.303862,-0.052994,0.552120,0.536979,-0.028130,0.577833,0.426436,-0.054615,0.582405,0.349599,-0.071535,0.580938,0.289924,-0.079682,0.548402,0.566452,-0.041425,0.515071,0.452887,-0.070176,0.473901,0.451741,-0.073258,0.447482,0.466528,-0.067661,0.529442,0.588360,-0.054975,0.494358,0.502065,-0.072625,0.463822,0.496293,-0.070095,0.443917,0.505538,-0.063865
1780385820.949,right,victory,0.503424,0.749491,0.000000,0.467742,0.694281,-0.015535,0.446089,0.625148,-0.031191,0.432549,0.564805,-0.050356,0.450244,0.550486,-0.068324,0.497415,0.503174,-0.007417,0.487728,0.413026,-0.027019,0.482687,0.355783,-0.039124,0.481936,0.311523,-0.046707,0.528105,0.512346,-0.016131,0.539099,0.406070,-0.038866,0.539082,0.336513,-0.051888,0.540280,0.280087,-0.056784,0.551713,0.543569,-0.027951,0.521671,0.477812,-0.058107,0.495991,0.523447,-0.061176,0.487657,0.564578,-0.053639,0.564307,0.586688,-0.041089,0.524076,0.542021,-0.059645,0.505660,0.573065,-0.056861,0.504302,0.604552,-0.049522
1780385821.487,right,victory,0.668242,0.878339,0.000001,0.632812,0.844270,-0.021422,0.612760,0.794063,-0.037446,0.635110,0.777373,-0.053732,0.663276,0.772340,-0.069440,0.629504,0.662810,-0.027998,0.612433,0.578624,-0.047036,0.603391,0.521276,-0.059222,0.597805,0.472074,-0.067856,0.663345,0.663847,-0.032513,0.674228,0.571648,-0.051982,0.683405,0.514446,-0.063432,0.692484,0.465747,-0.069794,0.691462,0.692767,-0.039166,0.701762,0.655872,-0.064161,0.683251,0.713880,-0.066745,0.669357,0.758567,-0.062061,0.714409,0.737385,-0.047580,0.714865,0.718651,-0.066909,0.699388,0.754433,-0.065237,0.687153,0.783450,-0.059617
1780385822.022,right,victory,0.742783,0.826655,0.000001,0.718950,0.778227,-0.024018,0.716706,0.720902,-0.038679,0.751533,0.699850,-0.052265,0.783671,0.692657,-0.064962,0.726253,0.601941,-0.027916,0.717199,0.515842,-0.045245,0.712304,0.458759,-0.055924,0.710211,0.411746,-0.063502,0.759581,0.608413,-0.029857,0.780870,0.516590,-0.047155,0.797173,0.459644,-0.058236,0.812709,0.414135,-0.064740,0.783149,0.645099,-0.034035,0.807033,0.597287,-0.057439,0.790602,0.638941,-0.063011,0.777637,0.675385,-0.061335,0.799687,0.696464,-0.040015,0.799220,0.690576,-0.059536,0.782215,0.716209,-0.061650,0.769497,0.738030,-0.059276
1780385822.563,right,victory,0.784247,0.607105,0.000000,0.764940,0.541399,-0.013034,0.760888,0.467729,-0.024696,0.769186,0.431324,-0.038745,0.787419,0.439597,-0.052408,0.831397,0.405820,-0.012123,0.842301,0.324932,-0.029090,0.849906,0.273059,-0.040016,0.855145,0.232569,-0.047229,0.857615,0.437522,-0.019822,0.897709,0.365656,-0.046574,0.895193,0.315872,-0.060812,0.881919,0.284182,-0.063735,0.871023,0.478724,-0.029350,0.860282,0.414691,-0.059491,0.820602,0.426321,-0.066112,0.792892,0.450759,-0.060299,0.871828,0.521268,-0.039598,0.845067,0.475006,-0.059978,0.812635,0.479517,-0.061837,0.791712,0.495332,-0.057123
1780385823.114,right,victory,0.806138,0.584311,0.000000,0.788205,0.494848,0.004690,0.785718,0.428373,-0.003896,0.779717,0.381894,-0.015069,0.769211,0.352505,-0.026670,0.843190,0.396643,-0.020790,0.850844,0.301367,-0.038551,0.850402,0.243118,-0.048922,0.846043,0.197587,-0.054875,0.842543,0.423165,-0.032861,0.841041,0.316236,-0.059858,0.814879,0.262056,-0.072632,0.790140,0.234123,-0.076709,0.828401,0.447026,-0.042739,0.788634,0.359550,-0.063730,0.759214,0.363223,-0.063517,0.746846,0.377534,-0.057254,0.804969,0.466905,-0.051709,0.765153,0.407607,-0.061425,0.748206,0.406527,-0.057029,0.746040,0.413060,-0.050355
1780385823.616,right,victory,0.722258,0.589247,0.000000,0.689104,0.547166,-0.007559,0.671273,0.483412,-0.012283,0.678875,0.424218,-0.020157,0.704332,0.403591,-0.027480,0.696123,0.425131,0.007777,0.686482,0.364449,-0.000198,0.680487,0.329842,-0.006573,0.677186,0.300596,-0.011675,0.718632,0.421143,0.002696,0.730244,0.345670,-0.007702,0.730057,0.303427,-0.015849,0.727918,0.270956,-0.020705,0.738297,0.431786,-0.005032,0.741058,0.357620,-0.023492,0.724637,0.383087,-0.030566,0.713536,0.417275,-0.030516,0.757048,0.451336,-0.013238,0.745345,0.404483,-0.027721,0.728586,0.416749,-0.031917,0.717651,0.441399,-0.032330
1780385824.136,right,victory,0.712515,0.611896,0.000000,0.682011,0.579941,-0.013966,0.668328,0.517101,-0.019806,0.689576,0.460488,-0.026638,0.716207,0.441402,-0.033260,0.648137,0.446999,-0.003772,0.630967,0.377355,-0.012616,0.624582,0.331233,-0.020335,0.621182,0.293287,-0.026641,0.675308,0.430858,-0.006255,0.671628,0.351130,-0.015926,0.670891,0.300099,-0.026006,0.672206,0.260386,-0.033380,0.702524,0.436683,-0.011159,0.705136,0.371969,-0.026833,0.700245,0.399485,-0.034598,0.697299,0.428929,-0.036650,0.727788,0.454656,-0.017209,0.725408,0.412664,-0.030862,0.717266,0.433691,-0.034034,0.711630,0.460079,-0.034275
1780385824.751,right,victory,0.538677,0.686754,0.000000,0.495817,0.668393,-0.011456,0.462717,0.615386,-0.020978,0.450257,0.564684,-0.033367,0.455752,0.533521,-0.045845,0.478410,0.493437,-0.010072,0.449716,0.423915,-0.026792,0.429020,0.381445,-0.036430,0.410687,0.349220,-0.042150,0.506881,0.481022,-0.018933,0.501437,0.370025,-0.039721,0.479112,0.322571,-0.050057,0.456809,0.294767,-0.052430,0.535520,0.491126,-0.030037,0.504652,0.441928,-0.058245,0.480919,0.495764,-0.063139,0.470355,0.540980,-0.057361,0.562076,0.517117,-0.041752,0.531126,0.489339,-0.059441,0.512217,0.529861,-0.057664,0.505330,0.565893,-0.051459
1780385825.328,right,victory,0.432509,0.992360,0.000000,0.365920,0.987601,-0.007744,0.316111,0.962443,-0.022985,0.279197,0.959304,-0.041693,0.247410,0.955844,-0.060005,0.303469,0.805363,-0.021264,0.245825,0.746482,-0.055133,0.202897,0.743405,-0.076399,0.168294,0.751055,-0.086819,0.330450,0.782666,-0.035813,0.265253,0.685822,-0.074255,0.214393,0.699988,-0.092367,0.179102,0.735382,-0.096115,0.357242,0.791710,-0.051875,0.283174,0.810771,-0.089129,0.262209,0.898448,-0.094643,0.258288,0.964078,-0.087209,0.377996,0.831254,-0.068494,0.322872,0.894806,-0.090994,0.303008,0.957014,-0.090805,0.294683,0.998281,-0.083990
1780385826.029,right,victory,0.772447,0.926945,0.000000,0.760033,0.912742,-0.036905,0.748859,0.892886,-0.071315,0.725805,0.866074,-0.099546,0.705955,0.852567,-0.126501,0.774634,0.993330,-0.090495,0.760236,0.969068,-0.130230,0.739317,0.922769,-0.151340,0.725091,0.896966,-0.164288,0.776607,1.007539,-0.089075,0.753245,0.919510,-0.132819,0.733457,0.858413,-0.144913,0.718877,0.830414,-0.149888,0.772759,0.993448,-0.088051,0.736303,0.904260,-0.121111,0.722221,0.883226,-0.121047,0.716072,0.891150,-0.119112,0.762845,0.966964,-0.089805,0.727354,0.895269,-0.110276,0.715834,0.872402,-0.107831,0.710006,0.878680,-0.104286
1780385826.552,right,victory,0.786960,0.845208,0.000000,0.766496,0.837581,-0.035579,0.766493,0.812395,-0.056054,0.799961,0.808926,-0.072417,0.830643,0.803503,-0.087124,0.769550,0.700433,-0.037726,0.762807,0.656112,-0.062411,0.773573,0.628179,-0.079065,0.787656,0.611394,-0.089332,0.800254,0.685278,-0.033647,0.805507,0.607143,-0.059900,0.825475,0.590215,-0.072525,0.843571,0.589235,-0.077172,0.824592,0.697557,-0.033341,0.849271,0.675788,-0.065980,0.847072,0.731967,-0.071783,0.839713,0.771730,-0.067490,0.844079,0.728432,-0.035363,0.860078,0.727992,-0.060964,0.854018,0.765156,-0.064393,0.844592,0.791264,-0.061233
1780385827.071,right,victory,0.773909,0.703754,0.000000,0.753448,0.676648,-0.024247,0.748868,0.632260,-0.037706,0.774772,0.597060,-0.049260,0.797416,0.578722,-0.059278,0.742216,0.535211,-0.019521,0.737128,0.474857,-0.034337,0.741139,0.439173,-0.045483,0.748821,0.410639,-0.053592,0.768517,0.523062,-0.017617,0.773518,0.449196,-0.033432,0.787807,0.412827,-0.044810,0.801246,0.385645,-0.051798,0.791463,0.533701,-0.018467,0.812098,0.475745,-0.040613,0.815008,0.513975,-0.047587,0.812281,0.549709,-0.047612,0.812380,0.561046,-0.021130,0.825918,0.538057,-0.042072,0.825788,0.561756,-0.048110,0.821064,0.583844,-0.048566
1780385827.614,right,victory,0.711761,0.641617,0.000000,0.680121,0.609334,-0.011029,0.664909,0.555808,-0.017527,0.678798,0.510296,-0.025794,0.700642,0.489490,-0.033669,0.672313,0.467916,-0.004369,0.658245,0.410577,-0.014284,0.653437,0.373169,-0.021982,0.651150,0.341301,-0.028162,0.698293,0.461483,-0.008927,0.702236,0.389110,-0.020506,0.701666,0.346546,-0.030069,0.701751,0.314531,-0.036449,0.721722,0.477448,-0.015532,0.728151,0.416177,-0.033224,0.716150,0.451884,-0.038724,0.707080,0.486669,-0.038539,0.743398,0.508208,-0.022905,0.742173,0.474986,-0.037343,0.727639,0.496383,-0.039438,0.715493,0.521957,-0.038435
1780385828.118,right,victory,0.573412,0.641935,0.000000,0.538788,0.608424,-0.009184,0.515306,0.555973,-0.017762,0.505330,0.509784,-0.029435,0.518718,0.480972,-0.040115,0.543489,0.458968,-0.002112,0.524176,0.396271,-0.017949,0.509751,0.360790,-0.028663,0.495736,0.333783,-0.035183,0.565679,0.454711,-0.009748,0.570390,0.363727,-0.030247,0.553518,0.322391,-0.041209,0.534974,0.297308,-0.044112,0.585852,0.469202,-0.019748,0.566479,0.409296,-0.044445,0.544536,0.451712,-0.047398,0.534096,0.490376,-0.041160,0.602235,0.498088,-0.030605,0.574301,0.470638,-0.046175,0.552813,0.493874,-0.045559,0.542672,0.515860,-0.040527
1780385828.650,right,victory,0.519629,0.686951,0.000000,0.476836,0.647272,-0.007931,0.452277,0.594332,-0.017165,0.435713,0.558811,-0.030021,0.435033,0.525444,-0.042189,0.484930,0.488180,-0.003727,0.461305,0.419686,-0.020973,0.444542,0.377174,-0.032952,0.428337,0.343095,-0.040847,0.509621,0.485376,-0.013607,0.506949,0.382219,-0.040107,0.483572,0.343351,-0.055821,0.458369,0.328074,-0.061049,0.528482,0.498864,-0.025221,0.489337,0.438599,-0.055506,0.458646,0.489443,-0.061679,0.442203,0.537603,-0.056713,0.538456,0.525238,-0.037219,0.494004,0.506350,-0.057907,0.468471,0.545317,-0.059481,0.455393,0.579546,-0.055251
1780385829.156,right,victory,0.497473,0.702983,0.000000,0.447726,0.661330,-0.007714,0.421144,0.611352,-0.018430,0.401110,0.577875,-0.033055,0.397777,0.548216,-0.046377,0.456598,0.498162,-0.004075,0.431778,0.425969,-0.024352,0.413028,0.385458,-0.038951,0.394558,0.358339,-0.048079,0.480584,0.494985,-0.014350,0.467478,0.389524,-0.043821,0.440050,0.351224,-0.062619,0.412674,0.340026,-0.069907,0.497380,0.509482,-0.026223,0.449433,0.450907,-0.055687,0.421036,0.503079,-0.060030,0.405516,0.552518,-0.054078,0.503059,0.538821,-0.038897,0.453268,0.529026,-0.057684,0.430020,0.564549,-0.058305,0.417479,0.595772,-0.053490
1780385829.765,right,victory,0.483322,0.704493,0.000000,0.430816,0.667747,-0.007586,0.400577,0.628747,-0.020176,0.377672,0.600906,-0.036355,0.373967,0.565228,-0.051566,0.441253,0.501070,-0.008016,0.414858,0.433363,-0.027525,0.392208,0.394415,-0.041678,0.371329,0.368648,-0.050698,0.461524,0.498138,-0.018276,0.443814,0.397245,-0.046815,0.411612,0.364010,-0.064508,0.382522,0.356565,-0.071669,0.473892,0.513484,-0.029849,0.425633,0.462389,-0.058563,0.396610,0.513415,-0.063831,0.381719,0.563740,-0.059442,0.474801,0.543861,-0.041960,0.426568,0.536898,-0.060079,0.404129,0.572661,-0.060829,0.392705,0.604990,-0.056722
1780385830.324,right,victory,0.448780,0.700266,0.000000,0.397497,0.660449,-0.003803,0.369218,0.618452,-0.014895,0.348948,0.590471,-0.029632,0.343717,0.554603,-0.043730,0.415438,0.497573,-0.008492,0.387273,0.428863,-0.027303,0.361914,0.390799,-0.040448,0.337497,0.367899,-0.048229,0.428860,0.497825,-0.019872,0.404720,0.398105,-0.044125,0.371195,0.361551,-0.057659,0.341467,0.348353,-0.062943,0.436015,0.515234,-0.032243,0.384770,0.464390,-0.058555,0.357013,0.507278,-0.062530,0.343402,0.550134,-0.058281,0.433853,0.547855,-0.044731,0.384786,0.533446,-0.061865,0.366846,0.573341,-0.060848,0.360851,0.610294,-0.055887
1780385830.850,right,victory,0.374593,0.657502,0.000000,0.373913,0.563955,0.009384,0.361064,0.475337,0.003853,0.336218,0.410494,-0.003755,0.313575,0.373021,-0.012879,0.361371,0.441404,-0.028525,0.318467,0.349539,-0.045364,0.291953,0.305859,-0.051193,0.268493,0.277933,-0.053197,0.348315,0.469038,-0.041928,0.295481,0.364990,-0.060902,0.255633,0.328857,-0.064367,0.227516,0.314343,-0.064667,0.329054,0.512517,-0.052275,0.260965,0.444416,-0.066245,0.244634,0.472607,-0.057525,0.246967,0.502920,-0.048156,0.307174,0.564830,-0.061343,0.254787,0.528040,-0.068640,0.251188,0.542204,-0.060377,0.261371,0.556411,-0.051779
1780385831.397,right,victory,0.299471,0.752047,0.000001,0.333040,0.653623,-0.018467,0.329659,0.553512,-0.028386,0.305747,0.474482,-0.029983,0.281623,0.425563,-0.028526,0.273887,0.538074,-0.061274,0.255740,0.393579,-0.075051,0.249308,0.320163,-0.076276,0.247551,0.269750,-0.073684,0.229846,0.571340,-0.050410,0.178780,0.434253,-0.063950,0.174240,0.359872,-0.058387,0.181402,0.312739,-0.051322,0.203278,0.600624,-0.036413,0.192901,0.479369,-0.040933,0.213887,0.455714,-0.028806,0.230950,0.460468,-0.018103,0.192688,0.623553,-0.023638,0.202077,0.537725,-0.022127,0.218885,0.520309,-0.011923,0.231267,0.523447,-0.001840
1780385831.922,right,victory,0.305276,0.768288,0.000001,0.344950,0.661490,-0.027561,0.343979,0.545975,-0.037973,0.320201,0.462865,-0.037866,0.297067,0.418042,-0.034033,0.273807,0.534472,-0.065104,0.255676,0.388155,-0.077062,0.253506,0.311388,-0.076596,0.254931,0.255774,-0.072725,0.229223,0.563505,-0.048781,0.182210,0.422010,-0.061670,0.185202,0.345405,-0.056244,0.199666,0.301659,-0.048498,0.207290,0.590042,-0.030062,0.209515,0.476325,-0.037452,0.239597,0.468938,-0.029114,0.262793,0.489334,-0.019244,0.203112,0.610384,-0.013080,0.222508,0.533078,-0.014300,0.242526,0.533727,-0.007966,0.256402,0.552391,0.000018
1780385832.460,right,victory,0.335422,0.784544,0.000001,0.381391,0.683989,-0.032329,0.393033,0.562428,-0.047348,0.366211,0.481013,-0.050256,0.333336,0.449937,-0.049147,0.314288,0.557878,-0.076928,0.304917,0.397608,-0.091445,0.308417,0.315328,-0.092831,0.312461,0.252043,-0.090566,0.267869,0.579179,-0.059292,0.227919,0.419755,-0.076884,0.233684,0.334245,-0.073479,0.247060,0.284762,-0.067208,0.244409,0.596436,-0.038373,0.244981,0.457391,-0.047780,0.273711,0.448618,-0.036104,0.294709,0.469486,-0.024264,0.239778,0.610030,-0.019529,0.257178,0.512351,-0.020754,0.278626,0.514131,-0.010207,0.294388,0.536682,0.000488
1780385832.997,right,victory,0.402861,0.772009,0.000001,0.450507,0.690636,-0.031192,0.466616,0.579410,-0.049041,0.452268,0.483918,-0.056081,0.431290,0.428058,-0.061053,0.417807,0.581416,-0.085195,0.417378,0.418440,-0.105983,0.419134,0.335128,-0.110752,0.421740,0.271559,-0.111321,0.367424,0.586667,-0.071545,0.340708,0.421496,-0.086533,0.342317,0.338548,-0.083023,0.347634,0.287221,-0.080134,0.333555,0.595063,-0.055328,0.334755,0.449999,-0.062794,0.361099,0.419165,-0.055081,0.379095,0.417064,-0.050125,0.316694,0.604570,-0.041216,0.329712,0.521312,-0.047468,0.349786,0.508767,-0.044222,0.362032,0.512749,-0.040758
1780385833.500,right,victory,0.289531,0.783171,0.000001,0.324267,0.678192,-0.039260,0.319879,0.565451,-0.052283,0.287105,0.498057,-0.052718,0.250939,0.492408,-0.048969,0.236003,0.563626,-0.059638,0.220162,0.419406,-0.068176,0.221622,0.341078,-0.069510,0.223192,0.282189,-0.068125,0.196483,0.595861,-0.038581,0.147708,0.463018,-0.047099,0.155118,0.387182,-0.044144,0.173951,0.343962,-0.038947,0.181341,0.622305,-0.016985,0.178357,0.504556,-0.025341,0.213355,0.491684,-0.023012,0.240351,0.506078,-0.017319,0.183165,0.636534,0.002023,0.200261,0.554060,-0.004522,0.226743,0.554224,-0.003576,0.246283,0.572251,0.000774
1780385834.034,right,victory,0.257885,0.792062,0.000001,0.286151,0.683939,-0.036505,0.280706,0.575643,-0.043269,0.251633,0.510717,-0.037612,0.216855,0.509320,-0.026877,0.191119,0.566358,-0.043740,0.168721,0.436231,-0.044165,0.166836,0.368195,-0.038279,0.166414,0.315950,-0.031914,0.159145,0.604583,-0.020611,0.105129,0.484510,-0.025305,0.112085,0.417181,-0.019142,0.133776,0.378798,-0.010706,0.152018,0.637994,0.002426,0.146369,0.529247,-0.005296,0.179946,0.508169,-0.005648,0.208676,0.513592,-0.000396,0.159365,0.657970,0.023555,0.170690,0.579807,0.017992,0.195753,0.572162,0.016381,0.217701,0.583202,0.019379
1780385834.594,right,victory,0.433071,0.800556,0.000001,0.479906,0.698870,-0.017956,0.481223,0.581781,-0.028937,0.460260,0.487329,-0.032822,0.436130,0.434367,-0.036064,0.443754,0.570584,-0.063226,0.444528,0.417421,-0.077858,0.440232,0.335249,-0.081150,0.435290,0.273984,-0.081806,0.391238,0.581271,-0.056222,0.365146,0.432109,-0.068276,0.355783,0.348753,-0.068402,0.349278,0.292538,-0.068498,0.355492,0.598031,-0.046135,0.347941,0.464612,-0.052276,0.361819,0.409827,-0.051215,0.370365,0.385088,-0.051532,0.340702,0.612794,-0.036726,0.357114,0.521833,-0.041318,0.379538,0.498878,-0.039160,0.394891,0.498502,-0.036828
1780385835.137,right,victory,0.553198,0.813622,0.000000,0.600949,0.735218,0.001256,0.614381,0.633137,-0.009515,0.598232,0.560657,-0.018927,0.569117,0.519911,-0.030297,0.618653,0.614960,-0.052809,0.634211,0.472869,-0.069000,0.635388,0.395082,-0.073392,0.632800,0.333166,-0.074616,0.575608,0.619437,-0.059968,0.566489,0.459826,-0.075258,0.561793,0.376188,-0.075309,0.554306,0.314696,-0.075765,0.533514,0.628414,-0.062339,0.528742,0.474713,-0.073385,0.544005,0.492102,-0.061592,0.550375,0.530855,-0.051558,0.499508,0.641984,-0.063583,0.506942,0.530163,-0.069180,0.522940,0.543524,-0.056219,0.529557,0.576484,-0.044602
1780385835.746,right,victory,0.540741,0.765133,0.000000,0.583490,0.686482,0.008804,0.590740,0.596681,0.004079,0.570005,0.533946,-0.001104,0.542082,0.501031,-0.008144,0.592554,0.562398,-0.031071,0.601549,0.437981,-0.041347,0.601855,0.367236,-0.043672,0.598719,0.314673,-0.043473,0.554774,0.562806,-0.038674,0.547283,0.421271,-0.046581,0.541205,0.347387,-0.044343,0.533246,0.299304,-0.042937,0.518940,0.572511,-0.041921,0.510038,0.440456,-0.044247,0.520737,0.442463,-0.033275,0.525857,0.470463,-0.025040,0.490400,0.591901,-0.043900,0.491818,0.498429,-0.041602,0.505620,0.501181,-0.028718,0.514429,0.523441,-0.018033
1780385836.311,right,victory,0.468265,0.691159,0.000000,0.501524,0.610478,0.006133,0.497831,0.533269,0.005157,0.476535,0.482641,0.004102,0.454768,0.458202,0.002524,0.490163,0.498055,-0.019712,0.488001,0.393080,-0.024935,0.484760,0.339820,-0.025410,0.479524,0.298335,-0.024972,0.454377,0.505216,-0.023172,0.436817,0.400488,-0.027949,0.428614,0.343204,-0.026912,0.419977,0.303618,-0.026369,0.423857,0.523433,-0.023403,0.411322,0.428004,-0.025029,0.423948,0.433376,-0.019139,0.430601,0.458561,-0.014284,0.404825,0.546486,-0.022716,0.411616,0.491924,-0.022194,0.425783,0.493819,-0.016016,0.434057,0.508902,-0.010005
1780385836.812,right,victory,0.452244,0.689323,0.000000,0.487021,0.614515,0.005687,0.494867,0.542762,0.006407,0.498635,0.481267,0.008326,0.507531,0.438692,0.010868,0.471049,0.496819,-0.020990,0.474841,0.394354,-0.026329,0.471052,0.336892,-0.026841,0.466690,0.297767,-0.026008,0.434278,0.502595,-0.021336,0.415136,0.399539,-0.024559,0.409472,0.346375,-0.019973,0.405773,0.312082,-0.016204,0.406641,0.520145,-0.018553,0.398794,0.437577,-0.016184,0.411378,0.434098,-0.007343,0.419560,0.450260,-0.000692,0.391013,0.544234,-0.015133,0.397063,0.499095,-0.010403,0.408591,0.498539,-0.002337,0.417626,0.511838,0.005208
1780385837.347,right,victory,0.455792,0.689971,0.000000,0.488241,0.611384,0.001518,0.496257,0.538232,-0.000839,0.501604,0.476416,-0.001293,0.509203,0.434705,-0.001113,0.470736,0.490012,-0.028257,0.474663,0.387662,-0.036367,0.473117,0.329040,-0.038738,0.473003,0.288004,-0.039302,0.434031,0.499941,-0.027184,0.412639,0.403621,-0.031458,0.409575,0.352501,-0.027177,0.411330,0.321239,-0.023807,0.407913,0.523762,-0.023181,0.404065,0.456665,-0.020007,0.419267,0.455819,-0.010852,0.430846,0.474405,-0.004621,0.393776,0.555509,-0.019181,0.398874,0.526632,-0.014393,0.410376,0.531805,-0.006979,0.420834,0.548456,-0.000160
1780385837.874,right,victory,0.445744,0.681980,0.000000,0.478047,0.613066,-0.008799,0.488906,0.543577,-0.014020,0.497841,0.475852,-0.014900,0.502477,0.425959,-0.014274,0.456944,0.487416,-0.030322,0.459255,0.380085,-0.036188,0.460962,0.322930,-0.037572,0.462862,0.281727,-0.037513,0.420829,0.498031,-0.024274,0.395049,0.395704,-0.025418,0.394522,0.351060,-0.020623,0.400256,0.326478,-0.017411,0.396868,0.521987,-0.016630,0.393071,0.449826,-0.015615,0.406513,0.439846,-0.009745,0.417122,0.448806,-0.005711,0.386641,0.548560,-0.009524,0.394491,0.503809,-0.008908,0.407948,0.503818,-0.004026,0.419451,0.514683,0.000955
1780385838.379,right,victory,0.418014,0.698088,0.000000,0.460732,0.628626,-0.012468,0.470397,0.554293,-0.020538,0.462172,0.491347,-0.024481,0.453036,0.448135,-0.028135,0.423141,0.494494,-0.037069,0.423678,0.381827,-0.049153,0.420899,0.317515,-0.053665,0.418231,0.269973,-0.055671,0.383198,0.504198,-0.033355,0.360327,0.396769,-0.042798,0.358918,0.351861,-0.040785,0.363285,0.330813,-0.037960,0.355877,0.526179,-0.028860,0.332846,0.428803,-0.035379,0.334488,0.375920,-0.032271,0.340836,0.344729,-0.029367,0.342864,0.550738,-0.024721,0.326311,0.474027,-0.030027,0.325404,0.434903,-0.027230,0.328564,0.409284,-0.023383
1780385838.908,right,victory,0.270592,0.771483,0.000001,0.292248,0.652440,-0.012273,0.281235,0.559062,-0.017642,0.246191,0.515567,-0.017410,0.214944,0.514830,-0.014319,0.219948,0.544524,-0.038521,0.193465,0.419078,-0.046812,0.176843,0.356034,-0.047107,0.165088,0.310021,-0.045175,0.180407,0.589371,-0.031112,0.122284,0.489783,-0.041103,0.105752,0.429178,-0.037407,0.101689,0.387750,-0.031766,0.160875,0.631647,-0.021249,0.147216,0.548494,-0.024407,0.170545,0.531134,-0.014857,0.192348,0.539594,-0.004919,0.157195,0.666767,-0.012381,0.159713,0.603236,-0.007693,0.176196,0.589725,0.002833,0.191503,0.595874,0.013075
1780385839.408,right,victory,0.256425,0.567552,0.000000,0.245820,0.477097,0.016640,0.217754,0.413490,0.017435,0.185268,0.387812,0.014115,0.158410,0.390305,0.010198,0.210290,0.373975,-0.004686,0.176684,0.301490,-0.014169,0.155630,0.263391,-0.017746,0.137322,0.238141,-0.019265,0.191489,0.395146,-0.017945,0.139773,0.314431,-0.028976,0.101492,0.286812,-0.032230,0.071810,0.274248,-0.033141,0.174450,0.433503,-0.028240,0.115854,0.409827,-0.032284,0.125222,0.437026,-0.023140,0.141269,0.449200,-0.015216,0.161683,0.479754,-0.037456,0.122091,0.474398,-0.035440,0.131704,0.491279,-0.024825,0.146673,0.494676,-0.015986
1780385839.925,right,victory,0.305461,0.575257,0.000000,0.262892,0.579693,-0.005842,0.232420,0.556791,-0.015336,0.206990,0.543541,-0.028452,0.183840,0.524541,-0.040243,0.244883,0.424853,-0.005069,0.210496,0.374387,-0.020278,0.183855,0.345377,-0.029457,0.160331,0.326304,-0.034823,0.254162,0.406206,-0.015008,0.220323,0.319133,-0.034173,0.189069,0.278528,-0.043918,0.163308,0.255241,-0.047067,0.261961,0.408994,-0.026589,0.201303,0.389101,-0.051082,0.182480,0.446890,-0.054200,0.179123,0.493292,-0.048909,0.265431,0.431920,-0.038669,0.217657,0.435798,-0.056338,0.205043,0.479492,-0.056493,0.203798,0.516708,-0.051904
1780385840.453,right,victory,0.471817,0.637799,0.000000,0.430309,0.647032,-0.014509,0.392744,0.632385,-0.028531,0.369694,0.613275,-0.044517,0.355977,0.597652,-0.059582,0.367084,0.497269,-0.019992,0.323090,0.443797,-0.039017,0.294361,0.417498,-0.050917,0.269839,0.396985,-0.058302,0.392128,0.469613,-0.027922,0.364665,0.363935,-0.047299,0.338540,0.316605,-0.059095,0.316823,0.283694,-0.064674,0.421993,0.468134,-0.037692,0.386764,0.440487,-0.061204,0.373798,0.494110,-0.065429,0.370950,0.535338,-0.061957,0.451098,0.485850,-0.048783,0.424724,0.474981,-0.065326,0.408566,0.501829,-0.064989,0.400083,0.523038,-0.060834
1780385840.973,right,victory,0.674517,0.753773,0.000001,0.637671,0.754292,-0.024908,0.606686,0.732464,-0.045250,0.628716,0.723204,-0.065819,0.667599,0.716738,-0.086523,0.597107,0.589639,-0.037905,0.562284,0.529246,-0.060468,0.540004,0.491618,-0.074214,0.520662,0.452899,-0.083850,0.629037,0.555070,-0.041941,0.621439,0.463763,-0.062065,0.622692,0.403155,-0.072792,0.623429,0.346889,-0.078796,0.662368,0.556057,-0.048018,0.675162,0.545399,-0.073061,0.677424,0.625190,-0.074776,0.675974,0.684021,-0.069488,0.694776,0.578248,-0.056554,0.704822,0.591358,-0.076371,0.701734,0.650495,-0.074648,0.695424,0.696995,-0.069033
1780385841.508,right,victory,0.729138,0.803039,0.000001,0.705107,0.807059,-0.034529,0.694560,0.786367,-0.057242,0.725901,0.782739,-0.077032,0.759439,0.778392,-0.095905,0.693712,0.651645,-0.045132,0.678499,0.592883,-0.070030,0.671550,0.549217,-0.085140,0.668059,0.505677,-0.095532,0.724189,0.623152,-0.043442,0.738521,0.537336,-0.068309,0.758260,0.487475,-0.081352,0.775469,0.441643,-0.087775,0.750300,0.633043,-0.044507,0.780053,0.624199,-0.075046,0.780215,0.700516,-0.078351,0.774527,0.751771,-0.072766,0.773181,0.665493,-0.048393,0.790923,0.686426,-0.075524,0.785055,0.740358,-0.078155,0.774017,0.777774,-0.074137
1780385842.012,right,victory,0.733787,0.873522,0.000001,0.709539,0.872034,-0.033020,0.701653,0.850761,-0.055903,0.733038,0.860247,-0.076010,0.767266,0.867406,-0.095082,0.714718,0.723473,-0.044494,0.706255,0.666317,-0.069993,0.702964,0.624879,-0.085272,0.702763,0.588377,-0.095308,0.746856,0.708173,-0.043688,0.767290,0.634308,-0.069252,0.789224,0.597830,-0.082305,0.808922,0.567248,-0.088448,0.771396,0.726926,-0.045539,0.799053,0.730645,-0.075661,0.790920,0.801138,-0.078274,0.781182,0.846454,-0.072431,0.791665,0.764740,-0.050034,0.803816,0.790910,-0.074830,0.790601,0.840424,-0.075864,0.776136,0.871767,-0.071171
1780385842.534,right,victory,0.738235,0.886158,0.000001,0.712773,0.884695,-0.032896,0.701491,0.866479,-0.057077,0.728407,0.875964,-0.078638,0.759832,0.880410,-0.099152,0.716284,0.734491,-0.046084,0.707048,0.675909,-0.070871,0.703593,0.636115,-0.085408,0.703504,0.601071,-0.094622,0.748413,0.721160,-0.045484,0.770934,0.650096,-0.070361,0.795027,0.615582,-0.082866,0.815668,0.587252,-0.088373,0.772558,0.740608,-0.047261,0.799044,0.747455,-0.076636,0.790385,0.819519,-0.078640,0.779182,0.867037,-0.072268,0.791387,0.779497,-0.051681,0.804446,0.802652,-0.075735,0.791799,0.852890,-0.075451,0.776465,0.887437,-0.069484
1780385843.083,right,victory,0.734441,0.899738,0.000001,0.707652,0.895199,-0.032134,0.694744,0.875387,-0.056737,0.718917,0.886034,-0.079003,0.748966,0.898454,-0.100553,0.712251,0.746624,-0.047508,0.704464,0.689581,-0.072456,0.700848,0.650222,-0.086991,0.699821,0.612487,-0.096492,0.746577,0.735567,-0.047659,0.770292,0.665118,-0.073295,0.793781,0.632150,-0.085685,0.813556,0.603774,-0.090941,0.772552,0.755899,-0.049835,0.795755,0.766498,-0.078808,0.782093,0.839303,-0.079275,0.767289,0.885793,-0.071879,0.793093,0.795218,-0.054726,0.805009,0.820981,-0.077367,0.789797,0.870600,-0.075521,0.772584,0.903270,-0.068604
1780385843.625,right,victory,0.736488,0.909018,0.000001,0.709011,0.902734,-0.030365,0.695420,0.880601,-0.053416,0.720184,0.893160,-0.074391,0.752925,0.907746,-0.094548,0.714261,0.754936,-0.044704,0.706287,0.697047,-0.069007,0.702188,0.657364,-0.083452,0.699748,0.620650,-0.093133,0.748282,0.742044,-0.045360,0.771092,0.672145,-0.070359,0.794575,0.641002,-0.082731,0.813761,0.614721,-0.087964,0.774342,0.761822,-0.048033,0.796842,0.778207,-0.074876,0.783505,0.850979,-0.075060,0.768921,0.895955,-0.068029,0.795369,0.801442,-0.053516,0.805497,0.834151,-0.075055,0.790331,0.882715,-0.073752,0.773322,0.912809,-0.067510
1780385844.156,right,victory,0.675420,0.936454,-0.000000,0.674589,0.885201,-0.021885,0.676425,0.837928,-0.042984,0.671744,0.803525,-0.061561,0.663042,0.766290,-0.080912,0.693758,0.862157,-0.050257,0.705304,0.850792,-0.072532,0.710790,0.846337,-0.088206,0.712868,0.845507,-0.098255,0.697515,0.896586,-0.048096,0.704257,0.900938,-0.066324,0.707443,0.903986,-0.074103,0.708250,0.908933,-0.081410,0.696744,0.933489,-0.046166,0.700076,0.946035,-0.061717,0.699891,0.954581,-0.065230,0.699024,0.964360,-0.068487,0.693050,0.968593,-0.045746,0.696176,0.983440,-0.054221,0.695847,0.989468,-0.053600,0.694836,0.994810,-0.054711
1780385844.811,right,victory,0.561528,0.902731,-0.000000,0.536583,0.862913,-0.014307,0.507753,0.820036,-0.025256,0.483974,0.790123,-0.034829,0.463401,0.772565,-0.045652,0.509284,0.814695,-0.039671,0.481473,0.787028,-0.060845,0.457695,0.776052,-0.074614,0.435793,0.767141,-0.085034,0.522180,0.839020,-0.043790,0.507526,0.846695,-0.070824,0.498091,0.865682,-0.082747,0.488288,0.876811,-0.089900,0.537490,0.871046,-0.047876,0.515566,0.901854,-0.073859,0.500872,0.932590,-0.079004,0.487810,0.952224,-0.080153,0.552924,0.903539,-0.052353,0.530057,0.934657,-0.073446,0.514066,0.959503,-0.077267,0.500388,0.974520,-0.077926
1780385845.340,right,victory,0.335336,0.736070,0.000000,0.322736,0.683998,-0.010657,0.296668,0.660324,-0.010205,0.275469,0.642495,-0.007819,0.258526,0.620350,-0.004150,0.270844,0.703113,0.013234,0.252090,0.677797,0.021174,0.248736,0.650253,0.023871,0.250485,0.633322,0.025974,0.270975,0.719780,0.021700,0.250117,0.695067,0.032312,0.244797,0.666658,0.033796,0.243889,0.644649,0.034129,0.273016,0.725022,0.028553,0.254753,0.703000,0.039082,0.249016,0.678037,0.042587,0.247676,0.658363,0.043965,0.278522,0.719272,0.033733,0.261004,0.701741,0.043275,0.254277,0.680056,0.048597,0.252424,0.663811,0.052125
1780385845.848,right,victory,0.317293,0.753243,0.000000,0.259592,0.718837,-0.001247,0.229425,0.675803,-0.015376,0.201780,0.653082,-0.033233,0.172950,0.634763,-0.051089,0.269008,0.547324,-0.024603,0.241468,0.457151,-0.042864,0.215244,0.409788,-0.052858,0.188249,0.379129,-0.058218,0.278881,0.558391,-0.036944,0.242577,0.451540,-0.057788,0.210901,0.397879,-0.067435,0.181681,0.363084,-0.072256,0.280274,0.588383,-0.048217,0.209178,0.557511,-0.069940,0.189830,0.606958,-0.069331,0.186063,0.646548,-0.063784,0.271738,0.631903,-0.059479,0.215964,0.621238,-0.072535,0.197400,0.648865,-0.069022,0.191084,0.671168,-0.063663
1780385846.388,right,victory,0.288052,0.802355,-0.000000,0.225629,0.752650,0.003410,0.191171,0.704403,-0.008550,0.161694,0.675065,-0.024909,0.132005,0.647817,-0.041989,0.247246,0.556658,-0.019988,0.213975,0.448236,-0.042541,0.185238,0.394707,-0.056730,0.155081,0.359411,-0.065626,0.259607,0.578024,-0.034123,0.176907,0.539595,-0.066975,0.142807,0.594347,-0.077972,0.129249,0.646080,-0.080640,0.259041,0.613173,-0.047507,0.174317,0.598172,-0.074476,0.152646,0.651359,-0.072787,0.150566,0.693873,-0.066207,0.247930,0.655495,-0.060337,0.181768,0.645100,-0.076619,0.159809,0.674019,-0.073274,0.153431,0.697610,-0.066588
1780385846.904,right,victory,0.297887,0.824847,-0.000000,0.228672,0.773054,0.001389,0.192792,0.720589,-0.010873,0.162895,0.686773,-0.027727,0.134253,0.661949,-0.045335,0.249691,0.563215,-0.018187,0.213204,0.460353,-0.039497,0.185682,0.405970,-0.053789,0.156013,0.365329,-0.063532,0.263542,0.583135,-0.032382,0.183000,0.544443,-0.064473,0.147230,0.598883,-0.077028,0.129869,0.653349,-0.080951,0.264544,0.621275,-0.046013,0.183504,0.606394,-0.072480,0.160607,0.656615,-0.072792,0.154551,0.700005,-0.067699,0.253589,0.670519,-0.059499,0.190063,0.661611,-0.075249,0.166140,0.687626,-0.073036,0.155180,0.713507,-0.067455
1780385847.415,right,victory,0.305943,0.791962,0.000000,0.245385,0.749100,-0.013452,0.212321,0.706024,-0.030318,0.183804,0.671052,-0.050099,0.166447,0.637258,-0.068602,0.263688,0.556598,-0.021558,0.228570,0.470068,-0.043261,0.207067,0.416590,-0.057995,0.187316,0.372147,-0.067225,0.284103,0.558364,-0.029319,0.255311,0.447061,-0.055733,0.235978,0.379511,-0.072391,0.217504,0.333352,-0.080837,0.296165,0.580449,-0.038089,0.229788,0.540133,-0.067037,0.195105,0.585649,-0.072392,0.174940,0.631324,-0.068628,0.294720,0.620367,-0.047924,0.236672,0.609769,-0.066382,0.209013,0.641422,-0.066246,0.190785,0.673671,-0.061631
1780385847.967,right,victory,0.285234,0.797272,0.000000,0.220936,0.741516,0.003246,0.201307,0.676605,-0.004872,0.186115,0.617732,-0.017410,0.168005,0.569730,-0.029454,0.256876,0.573203,-0.014489,0.239827,0.463359,-0.030202,0.219301,0.399141,-0.037641,0.198839,0.355114,-0.041558,0.267841,0.575300,-0.027681,0.242218,0.447490,-0.050762,0.213402,0.373279,-0.062942,0.187721,0.327531,-0.068643,0.265579,0.596866,-0.039524,0.191468,0.522724,-0.064047,0.158203,0.563699,-0.063996,0.143485,0.606189,-0.057509,0.248052,0.634184,-0.050884,0.186333,0.597399,-0.067243,0.162768,0.624807,-0.065225,0.153577,0.655491,-0.059619
1780385848.498,right,victory,0.356943,0.736251,0.000001,0.389404,0.643128,-0.009642,0.374271,0.541333,-0.019754,0.339418,0.464461,-0.026047,0.309063,0.431097,-0.032466,0.363392,0.536831,-0.056717,0.350101,0.395132,-0.074310,0.340734,0.320523,-0.080082,0.328468,0.261638,-0.082548,0.320350,0.560632,-0.056399,0.277962,0.425317,-0.072023,0.251238,0.347816,-0.072714,0.225003,0.293019,-0.073637,0.284772,0.590590,-0.052660,0.256708,0.470390,-0.064842,0.277123,0.473027,-0.054841,0.291776,0.502652,-0.045428,0.262378,0.616265,-0.049048,0.258968,0.518995,-0.055819,0.272327,0.512913,-0.048046,0.279977,0.525841,-0.040397
1780385849.010,right,victory,0.471765,0.750469,0.000001,0.518013,0.670712,-0.016694,0.524210,0.565537,-0.032344,0.497398,0.487618,-0.043406,0.465069,0.453099,-0.054542,0.523216,0.558859,-0.064308,0.534697,0.426371,-0.089713,0.542376,0.351143,-0.103379,0.545380,0.278883,-0.110886,0.477722,0.570966,-0.064258,0.453076,0.407049,-0.085003,0.439270,0.315913,-0.090079,0.425120,0.242755,-0.094124,0.435006,0.589199,-0.061145,0.424983,0.435292,-0.079496,0.438784,0.460774,-0.066421,0.445118,0.503882,-0.053600,0.403192,0.605426,-0.058475,0.408115,0.483197,-0.067891,0.421045,0.505093,-0.052461,0.425157,0.545158,-0.038658
1780385849.516,right,victory,0.566162,0.769246,0.000000,0.612874,0.694649,0.003077,0.625901,0.590546,-0.008520,0.602281,0.515654,-0.020244,0.574269,0.467954,-0.033959,0.644198,0.584313,-0.047275,0.672749,0.455791,-0.067843,0.684480,0.381005,-0.077206,0.692411,0.318105,-0.082166,0.604364,0.582341,-0.057216,0.614371,0.428399,-0.074956,0.611007,0.339382,-0.078841,0.604410,0.267334,-0.082402,0.562887,0.584151,-0.062822,0.562265,0.435306,-0.075585,0.568067,0.465876,-0.063130,0.571125,0.507309,-0.052315,0.526995,0.591370,-0.067514,0.536671,0.482974,-0.073859,0.545650,0.506376,-0.059900,0.549116,0.542663,-0.047555
1780385850.050,right,victory,0.623414,0.792127,0.000000,0.673898,0.726928,0.010845,0.698358,0.638107,0.003399,0.689144,0.568740,-0.005906,0.669858,0.521178,-0.017249,0.722139,0.618712,-0.035424,0.758282,0.502310,-0.054249,0.773061,0.430463,-0.062798,0.781728,0.372901,-0.066470,0.686525,0.607950,-0.047943,0.709437,0.460117,-0.064569,0.711695,0.372271,-0.067673,0.709905,0.303158,-0.069286,0.647008,0.600248,-0.056065,0.650053,0.459172,-0.066856,0.647646,0.481476,-0.055517,0.646906,0.518858,-0.044685,0.609445,0.598569,-0.062837,0.619738,0.499942,-0.066641,0.623421,0.518651,-0.052976,0.626498,0.551430,-0.040246
1780385850.591,right,victory,0.655417,0.787304,0.000000,0.705355,0.730077,0.020913,0.729161,0.655859,0.020658,0.721688,0.595277,0.016327,0.703064,0.552612,0.010603,0.753082,0.631052,-0.014044,0.788071,0.532271,-0.025701,0.802230,0.469851,-0.029412,0.808932,0.422422,-0.030001,0.725598,0.609760,-0.028388,0.753958,0.480161,-0.040894,0.756953,0.403980,-0.042382,0.754795,0.349283,-0.041578,0.691574,0.593493,-0.038187,0.690850,0.475604,-0.041500,0.683051,0.498178,-0.029274,0.680994,0.531119,-0.018505,0.657521,0.586787,-0.046302,0.660976,0.514144,-0.042077,0.660378,0.532380,-0.027798,0.662841,0.559179,-0.015453
1780385851.097,right,victory,0.652356,0.769616,0.000000,0.699746,0.715676,0.020395,0.717970,0.645923,0.022712,0.709670,0.592467,0.020452,0.691871,0.555456,0.016742,0.736001,0.609526,-0.004514,0.764675,0.518227,-0.012774,0.775224,0.460483,-0.015020,0.778648,0.419063,-0.014496,0.710540,0.585107,-0.017286,0.728973,0.468159,-0.025143,0.729984,0.400909,-0.025389,0.726087,0.354390,-0.023875,0.679221,0.572467,-0.026312,0.672956,0.478505,-0.026670,0.669013,0.500543,-0.016839,0.668240,0.529963,-0.008178,0.647287,0.573109,-0.033819,0.645972,0.516397,-0.027116,0.646551,0.535011,-0.013715,0.649511,0.560695,-0.002327
1780385851.640,right,victory,0.648111,0.756066,0.000000,0.691240,0.703686,0.019360,0.704459,0.636863,0.023903,0.695114,0.590877,0.024186,0.675948,0.561469,0.022890,0.717402,0.594699,0.002156,0.742310,0.507372,-0.001226,0.748848,0.454605,-0.000359,0.748379,0.419205,0.002249,0.690992,0.569630,-0.008436,0.704974,0.462062,-0.010489,0.704093,0.404418,-0.008215,0.698839,0.366524,-0.005252,0.660713,0.560638,-0.015966,0.651970,0.479050,-0.014504,0.650588,0.500520,-0.008276,0.651463,0.529613,-0.002363,0.630467,0.565849,-0.021737,0.627451,0.517673,-0.015670,0.629395,0.535625,-0.005535,0.633821,0.559387,0.003329
1780385852.148,right,victory,0.638855,0.749298,0.000000,0.680063,0.695800,0.022772,0.688051,0.632372,0.030690,0.678969,0.587583,0.033797,0.662466,0.559940,0.035628,0.698959,0.580661,0.010091,0.718778,0.500506,0.007871,0.721984,0.450870,0.009600,0.718231,0.422171,0.013497,0.672983,0.557458,-0.000492,0.679271,0.450016,-0.002647,0.674564,0.398274,0.001200,0.666517,0.370580,0.006791,0.644164,0.552416,-0.008166,0.630373,0.480588,-0.005696,0.628664,0.495316,0.001307,0.629472,0.518795,0.008713,0.614444,0.564531,-0.013905,0.608952,0.527543,-0.004383,0.610531,0.543160,0.007484,0.615037,0.566208,0.017889
1780385852.689,right,victory,0.603959,0.725763,0.000000,0.635187,0.657206,0.015174,0.639699,0.583954,0.018906,0.628321,0.539181,0.018008,0.607789,0.515511,0.016116,0.649338,0.539934,0.007895,0.654092,0.464993,0.001611,0.651803,0.420576,-0.001688,0.645323,0.393515,-0.002129,0.626183,0.525530,-0.003267,0.623944,0.429675,-0.009145,0.612319,0.381646,-0.011180,0.600403,0.356725,-0.010306,0.599145,0.527751,-0.012812,0.576370,0.466151,-0.015547,0.571429,0.489998,-0.012038,0.574764,0.516325,-0.007395,0.572188,0.543506,-0.021343,0.557442,0.513809,-0.019462,0.556569,0.538034,-0.012133,0.562661,0.560755,-0.005037
1780385853.190,right,victory,0.499471,0.692920,0.000000,0.529346,0.614066,0.015331,0.526872,0.545622,0.018201,0.508767,0.507792,0.017403,0.486104,0.492645,0.015103,0.526568,0.493001,0.000621,0.525976,0.407102,-0.002796,0.524034,0.357330,-0.003177,0.519819,0.323862,-0.001858,0.495955,0.485472,-0.008940,0.480871,0.383875,-0.009582,0.469525,0.338213,-0.007749,0.459625,0.313793,-0.005182,0.466540,0.499051,-0.015740,0.450683,0.443493,-0.013485,0.456333,0.469310,-0.006883,0.461582,0.499226,-0.000885,0.442486,0.526425,-0.021356,0.437739,0.497592,-0.014770,0.444565,0.517262,-0.004161,0.449487,0.539110,0.005122
1780385853.720,right,victory,0.457216,0.685585,0.000000,0.489280,0.624872,0.003478,0.494068,0.578351,-0.000633,0.483051,0.552173,-0.006796,0.469304,0.537030,-0.013563,0.475299,0.490526,-0.010736,0.476116,0.396695,-0.017509,0.471253,0.345298,-0.020517,0.464845,0.309853,-0.021064,0.440898,0.491497,-0.016254,0.423598,0.395399,-0.020359,0.411194,0.341660,-0.021334,0.400692,0.304438,-0.021513,0.411503,0.512338,-0.019967,0.399337,0.450857,-0.022257,0.410528,0.470689,-0.017860,0.419302,0.499302,-0.013056,0.389899,0.543075,-0.023386,0.388582,0.511414,-0.021642,0.398858,0.524692,-0.013192,0.406818,0.543676,-0.004929
1780385854.239,right,victory,0.424131,0.696939,0.000000,0.455377,0.621754,0.000509,0.451986,0.555326,-0.002194,0.427542,0.509370,-0.004121,0.404950,0.485300,-0.005482,0.434135,0.494551,-0.018129,0.430791,0.395048,-0.022467,0.425007,0.343165,-0.022339,0.418657,0.307827,-0.020730,0.397481,0.501781,-0.018908,0.371451,0.406672,-0.023256,0.357274,0.354454,-0.022498,0.347182,0.318993,-0.021139,0.368230,0.522484,-0.017203,0.360802,0.459444,-0.018188,0.373132,0.466630,-0.013460,0.381377,0.488605,-0.008742,0.349046,0.549153,-0.015145,0.356312,0.509886,-0.011433,0.369643,0.516648,-0.003546,0.378377,0.535640,0.004031
1780385854.756,right,victory,0.406705,0.692126,0.000000,0.414865,0.612773,0.013254,0.408164,0.543399,0.011604,0.387245,0.497143,0.005515,0.365046,0.474010,-0.000670,0.412829,0.494715,-0.006951,0.394285,0.394818,-0.020750,0.375605,0.349843,-0.025506,0.358355,0.323232,-0.026570,0.405888,0.501189,-0.021231,0.380172,0.383270,-0.039107,0.351759,0.332407,-0.044229,0.329096,0.302532,-0.044537,0.389824,0.522450,-0.033608,0.333610,0.446412,-0.048887,0.317694,0.488267,-0.042362,0.319426,0.522488,-0.032699,0.369351,0.553650,-0.044738,0.323241,0.515905,-0.052794,0.314375,0.545053,-0.045963,0.319467,0.568243,-0.037681
1780385855.314,right,victory,0.369043,0.720307,0.000000,0.326208,0.655879,-0.004966,0.308557,0.596116,-0.015748,0.292057,0.553842,-0.030408,0.280384,0.514887,-0.043455,0.372680,0.500210,-0.006978,0.358201,0.413316,-0.024150,0.346055,0.358327,-0.035047,0.331460,0.314980,-0.041741,0.385840,0.505534,-0.018072,0.376563,0.393361,-0.041702,0.355800,0.335023,-0.054551,0.334110,0.296621,-0.059482,0.387782,0.523933,-0.030340,0.334403,0.444268,-0.056756,0.301534,0.479975,-0.058972,0.284065,0.519024,-0.052844,0.376479,0.551741,-0.043122,0.327566,0.509854,-0.060548,0.303124,0.534387,-0.059685,0.290522,0.562757,-0.054451
1780385855.858,right,victory,0.366903,0.737605,0.000000,0.319715,0.668582,-0.002955,0.299383,0.611008,-0.014109,0.279642,0.573126,-0.029769,0.267529,0.535396,-0.044186,0.367573,0.505562,-0.007425,0.356019,0.411418,-0.023923,0.340371,0.355877,-0.034369,0.321548,0.313794,-0.040544,0.379825,0.513129,-0.019680,0.365640,0.394785,-0.040913,0.345208,0.330603,-0.053897,0.324224,0.285212,-0.059961,0.381505,0.534738,-0.032688,0.322759,0.456898,-0.057553,0.289744,0.495755,-0.060340,0.271869,0.536054,-0.055524,0.369756,0.566243,-0.045999,0.316888,0.526753,-0.062112,0.291482,0.551757,-0.060912,0.278410,0.577919,-0.056057
1780385856.379,right,victory,0.366903,0.762260,0.000000,0.314816,0.691888,-0.001462,0.291124,0.635794,-0.014513,0.269963,0.596488,-0.033253,0.256143,0.555852,-0.050907,0.358287,0.517592,-0.009002,0.338809,0.420658,-0.030746,0.320202,0.364104,-0.044862,0.298692,0.325005,-0.052364,0.372983,0.525057,-0.024092,0.358491,0.398009,-0.049130,0.336223,0.330023,-0.063542,0.312713,0.286971,-0.069666,0.376166,0.549759,-0.039988,0.313145,0.471740,-0.067572,0.278192,0.513334,-0.069165,0.259884,0.556886,-0.062482,0.364715,0.586999,-0.056166,0.311093,0.543929,-0.072458,0.283161,0.570340,-0.068787,0.267272,0.598866,-0.061600
1780385856.919,right,victory,0.380739,0.756760,0.000000,0.324470,0.688123,-0.002047,0.299312,0.632025,-0.014112,0.277330,0.593387,-0.031701,0.267392,0.548447,-0.047862,0.375470,0.516827,-0.006997,0.363019,0.414873,-0.026011,0.345975,0.351578,-0.039154,0.326223,0.307110,-0.047395,0.389330,0.523998,-0.020855,0.361812,0.411023,-0.045905,0.335840,0.341358,-0.061404,0.313850,0.295929,-0.069782,0.392839,0.546028,-0.035710,0.329712,0.474521,-0.061421,0.292243,0.512698,-0.062796,0.272602,0.556493,-0.057837,0.382923,0.579585,-0.051298,0.326516,0.545015,-0.068421,0.297215,0.569315,-0.067402,0.281696,0.595543,-0.062933
1780385857.420,right,victory,0.382611,0.550818,0.000000,0.387113,0.492544,-0.012254,0.380137,0.431689,-0.024625,0.363206,0.392070,-0.034792,0.345831,0.362569,-0.047282,0.381361,0.411563,-0.047668,0.354984,0.349618,-0.066613,0.334152,0.315188,-0.077490,0.316715,0.285519,-0.085699,0.373365,0.436031,-0.052412,0.346079,0.375106,-0.073455,0.325313,0.332925,-0.086612,0.307191,0.298577,-0.096707,0.364830,0.471917,-0.055885,0.326867,0.435955,-0.076955,0.296294,0.410183,-0.089203,0.273244,0.388063,-0.097265,0.355959,0.511410,-0.058970,0.323780,0.497548,-0.079047,0.299589,0.485042,-0.088692,0.281060,0.472457,-0.094896
1780385857.930,right,victory,0.319702,0.771043,0.000000,0.261797,0.717077,-0.002060,0.235595,0.673444,-0.014752,0.210243,0.641582,-0.031699,0.190070,0.601368,-0.048510,0.300537,0.538937,-0.014054,0.275139,0.439248,-0.034464,0.252009,0.381504,-0.047761,0.227087,0.340990,-0.055368,0.311953,0.546920,-0.025973,0.255786,0.449772,-0.046537,0.219765,0.418804,-0.055554,0.194586,0.402341,-0.060501,0.312923,0.569921,-0.038756,0.240792,0.514602,-0.061472,0.210346,0.557201,-0.060840,0.197075,0.601405,-0.055728,0.301800,0.606189,-0.051958,0.245648,0.582389,-0.066897,0.221769,0.608630,-0.064409,0.210000,0.635391,-0.059294
1780385858.451,right,victory,0.315555,0.775272,0.000000,0.258031,0.714646,0.003175,0.232651,0.668951,-0.009036,0.206815,0.633071,-0.028127,0.185708,0.586282,-0.046605,0.300719,0.534387,-0.003303,0.280834,0.433306,-0.021209,0.257325,0.374404,-0.033582,0.233474,0.334586,-0.040764,0.311609,0.541802,-0.020407,0.266267,0.432945,-0.040050,0.234507,0.369611,-0.051511,0.210655,0.327794,-0.058541,0.312681,0.564691,-0.038407,0.241429,0.503939,-0.060757,0.207729,0.548263,-0.061005,0.192217,0.595838,-0.056506,0.300838,0.600605,-0.056735,0.243424,0.569553,-0.071787,0.218592,0.600052,-0.068979,0.206822,0.632458,-0.063758
1780385858.965,right,victory,0.334934,0.768441,0.000000,0.274916,0.700727,0.005093,0.249881,0.650617,-0.005925,0.225335,0.611629,-0.024275,0.207928,0.563790,-0.041814,0.323059,0.529691,0.000182,0.306757,0.428365,-0.016049,0.288219,0.366705,-0.027969,0.268010,0.321975,-0.035757,0.336287,0.532919,-0.017692,0.303178,0.419231,-0.038676,0.274773,0.350141,-0.052150,0.251675,0.304687,-0.060355,0.339182,0.552172,-0.036181,0.272709,0.485524,-0.057299,0.236148,0.525680,-0.057076,0.217350,0.571199,-0.052863,0.327927,0.582508,-0.055197,0.270364,0.555793,-0.068222,0.241138,0.579426,-0.065929,0.225273,0.604786,-0.061959
1780385859.497,right,victory,0.332917,0.769844,0.000000,0.274396,0.704378,0.002492,0.248396,0.654873,-0.009683,0.221818,0.619650,-0.029011,0.206083,0.572644,-0.047244,0.319216,0.530138,0.000284,0.303546,0.429773,-0.015793,0.284947,0.368648,-0.027748,0.264967,0.323986,-0.035963,0.333130,0.532559,-0.017331,0.300072,0.420244,-0.039364,0.272668,0.352072,-0.054017,0.250389,0.305457,-0.062902,0.337824,0.551200,-0.035975,0.269811,0.486305,-0.059183,0.233258,0.528322,-0.060310,0.214911,0.574346,-0.056567,0.327930,0.582623,-0.055313,0.268521,0.557194,-0.070647,0.240378,0.584741,-0.069448,0.226810,0.613744,-0.065979
1780385860.002,right,victory,0.405421,0.749504,0.000000,0.351564,0.704452,-0.012113,0.311745,0.654732,-0.027395,0.281705,0.621293,-0.046284,0.261086,0.584282,-0.064618,0.352708,0.513567,-0.014308,0.320146,0.434879,-0.038547,0.298387,0.391287,-0.054288,0.278481,0.354258,-0.062917,0.383601,0.509356,-0.025016,0.375457,0.399801,-0.053493,0.351585,0.341756,-0.069861,0.326434,0.301407,-0.075120,0.409659,0.529269,-0.038105,0.358791,0.493735,-0.071928,0.325106,0.543192,-0.080426,0.307851,0.587949,-0.075611,0.427203,0.566940,-0.051745,0.376363,0.552299,-0.072132,0.345144,0.588497,-0.071514,0.327913,0.622458,-0.065138
1780385860.509,right,victory,0.680902,0.723497,0.000001,0.639529,0.685662,-0.026338,0.616597,0.626014,-0.046938,0.644289,0.594746,-0.067921,0.683509,0.584532,-0.088297,0.637126,0.476130,-0.036246,0.619349,0.384098,-0.060599,0.608377,0.322472,-0.076678,0.601168,0.266373,-0.088724,0.676431,0.470794,-0.042167,0.693037,0.359983,-0.066347,0.704850,0.288850,-0.081206,0.716537,0.225050,-0.090510,0.710026,0.503534,-0.050459,0.732523,0.449878,-0.079840,0.712044,0.520172,-0.081258,0.695684,0.573140,-0.075625,0.739005,0.559271,-0.061253,0.749377,0.536116,-0.084764,0.732547,0.576318,-0.082561,0.717781,0.608519,-0.076362
1780385861.012,right,victory,0.864041,0.647718,0.000001,0.848880,0.610954,-0.055489,0.863845,0.557240,-0.081382,0.924947,0.540413,-0.100452,0.972969,0.534974,-0.116294,0.869591,0.398901,-0.050324,0.881849,0.292247,-0.080400,0.898840,0.222528,-0.099095,0.915783,0.166709,-0.109741,0.913084,0.401076,-0.039418,0.948376,0.296023,-0.068723,0.976679,0.238265,-0.083922,0.999658,0.186979,-0.089709,0.942731,0.433973,-0.034660,0.991542,0.413527,-0.077588,0.980251,0.483862,-0.088363,0.962866,0.526289,-0.082696,0.961579,0.486745,-0.033656,0.994369,0.489645,-0.066638,0.984515,0.532537,-0.071669,0.966594,0.560241,-0.066788
1780385862.219,right,victory,0.755492,0.554498,0.000000,0.744731,0.562090,-0.044886,0.762441,0.557019,-0.066448,0.804001,0.562021,-0.080360,0.838520,0.557611,-0.092322,0.770079,0.416598,-0.054832,0.781768,0.339976,-0.076770,0.792797,0.299161,-0.089702,0.806324,0.265169,-0.098646,0.799512,0.416198,-0.043579,0.822255,0.339436,-0.066348,0.844826,0.302950,-0.078991,0.864390,0.270817,-0.086879,0.818854,0.440347,-0.035339,0.852647,0.427199,-0.068812,0.850098,0.478053,-0.081335,0.842915,0.515108,-0.082947,0.831076,0.477004,-0.029237,0.852434,0.487774,-0.062464,0.847178,0.521357,-0.074427,0.837347,0.545037,-0.077194
1780385862.737,right,victory,0.790562,0.593178,0.000001,0.791476,0.605106,-0.052219,0.816334,0.586867,-0.074362,0.858716,0.581924,-0.087362,0.891601,0.582858,-0.097381,0.820632,0.448283,-0.061843,0.838342,0.366936,-0.089948,0.858650,0.315814,-0.106616,0.875871,0.273155,-0.116510,0.850265,0.442786,-0.046372,0.891248,0.360554,-0.074086,0.927768,0.324444,-0.087276,0.958046,0.291858,-0.093214,0.867360,0.457150,-0.034680,0.912334,0.450481,-0.071264,0.907483,0.518021,-0.077861,0.896587,0.562206,-0.072184,0.874926,0.485577,-0.026398,0.906768,0.485529,-0.057649,0.904224,0.529523,-0.063325,0.894790,0.563565,-0.060207
1780385863.248,right,victory,0.812538,0.630661,0.000000,0.814461,0.650514,-0.051233,0.841390,0.638624,-0.071143,0.882076,0.639281,-0.082352,0.911959,0.646194,-0.089834,0.856740,0.502528,-0.055909,0.879508,0.424116,-0.082389,0.903902,0.378241,-0.097949,0.926590,0.344547,-0.106753,0.884409,0.501644,-0.040798,0.923715,0.432738,-0.065888,0.958243,0.405693,-0.077941,0.988435,0.383561,-0.083094,0.900041,0.517219,-0.029960,0.943508,0.527706,-0.064661,0.930562,0.587785,-0.071047,0.912739,0.623302,-0.065285,0.906124,0.546211,-0.022702,0.938153,0.558781,-0.051824,0.930262,0.597915,-0.056824,0.913900,0.624357,-0.053262
1780385863.762,right,victory,0.849989,0.655773,0.000000,0.858698,0.669531,-0.050363,0.886975,0.657152,-0.063814,0.925512,0.656552,-0.067962,0.955854,0.658868,-0.069266,0.904073,0.522689,-0.043426,0.932266,0.452264,-0.059944,0.957255,0.414318,-0.069710,0.979574,0.389727,-0.074956,0.927568,0.535066,-0.025528,0.963255,0.470622,-0.042600,0.991462,0.442383,-0.055018,1.012929,0.424796,-0.061164,0.940432,0.559230,-0.012330,0.981337,0.556025,-0.044066,0.986499,0.611547,-0.063689,0.980870,0.654367,-0.068190,0.943808,0.588577,-0.001650,0.975921,0.589785,-0.031590,0.981318,0.626083,-0.047035,0.974006,0.657925,-0.051904
1780385864.274,right,victory,0.840881,0.637392,0.000000,0.845697,0.651566,-0.054218,0.871401,0.637010,-0.073614,0.912005,0.635224,-0.083368,0.945416,0.635496,-0.089713,0.885333,0.509220,-0.053421,0.911134,0.432877,-0.075832,0.936023,0.390143,-0.088493,0.958115,0.357537,-0.095038,0.909823,0.512032,-0.034534,0.945931,0.443797,-0.055776,0.977078,0.416038,-0.065502,1.002290,0.391496,-0.068703,0.924562,0.529142,-0.020515,0.966837,0.533956,-0.054892,0.959929,0.593322,-0.065880,0.945177,0.628735,-0.062702,0.930857,0.553966,-0.009814,0.963210,0.564973,-0.040685,0.960235,0.606510,-0.050523,0.946476,0.633717,-0.049910
1780385864.786,right,victory,0.838569,0.627035,0.000000,0.840494,0.637643,-0.048306,0.863715,0.622256,-0.067056,0.905344,0.620476,-0.078120,0.938566,0.619608,-0.086270,0.879590,0.494806,-0.048785,0.903445,0.416893,-0.072255,0.927432,0.371167,-0.086423,0.949728,0.335514,-0.094515,0.906182,0.497355,-0.034610,0.941909,0.429704,-0.056534,0.973388,0.403942,-0.067811,0.998178,0.381586,-0.072677,0.922020,0.514649,-0.024900,0.963523,0.513311,-0.058653,0.959427,0.572418,-0.068895,0.945280,0.611521,-0.065980,0.927970,0.542395,-0.018253,0.959672,0.541603,-0.048047,0.956704,0.581894,-0.055855,0.941265,0.613396,-0.054266
1780385865.298,right,victory,0.829081,0.609545,0.000000,0.833348,0.611632,-0.046135,0.852260,0.593621,-0.065072,0.886674,0.593040,-0.077155,0.916667,0.595313,-0.085713,0.869224,0.467238,-0.043751,0.892530,0.393636,-0.067216,0.914342,0.346459,-0.081403,0.934792,0.308375,-0.089926,0.895709,0.473302,-0.031850,0.933054,0.403863,-0.055891,0.963611,0.377800,-0.068744,0.988564,0.351905,-0.074401,0.911956,0.493895,-0.024469,0.954270,0.488618,-0.057497,0.943613,0.542584,-0.064791,0.927343,0.569777,-0.060187,0.920249,0.526333,-0.020430,0.950175,0.529510,-0.045992,0.943845,0.560931,-0.050913,0.927896,0.576322,-0.048443
1780385865.826,right,victory,0.724273,0.641926,0.000000,0.709576,0.607002,-0.032017,0.713129,0.560181,-0.051793,0.751345,0.548140,-0.069239,0.783263,0.548121,-0.084584,0.739537,0.440275,-0.035240,0.741070,0.350096,-0.056638,0.746708,0.292390,-0.070308,0.754412,0.244765,-0.079993,0.774555,0.447897,-0.034454,0.803219,0.362234,-0.055961,0.826421,0.318997,-0.068048,0.846032,0.281779,-0.074739,0.796781,0.482354,-0.036695,0.828713,0.447586,-0.063155,0.813296,0.494650,-0.064424,0.798054,0.525769,-0.059106,0.810984,0.532784,-0.041830,0.828098,0.516700,-0.062230,0.813396,0.543527,-0.061375,0.799829,0.562987,-0.056428
1780385866.340,right,victory,0.525966,0.774858,0.000001,0.489043,0.732378,-0.018698,0.455214,0.675115,-0.035514,0.455217,0.649806,-0.053641,0.476991,0.653754,-0.071662,0.505537,0.526541,-0.030241,0.495707,0.425536,-0.049490,0.488521,0.362933,-0.060328,0.481499,0.309074,-0.067496,0.546962,0.537622,-0.036873,0.569088,0.443268,-0.057023,0.569982,0.384722,-0.067642,0.565299,0.339995,-0.071569,0.577623,0.579838,-0.045073,0.553930,0.570799,-0.070314,0.521460,0.619834,-0.074594,0.501293,0.658846,-0.069691,0.596854,0.637400,-0.054834,0.571425,0.638401,-0.071822,0.545955,0.662899,-0.070736,0.530311,0.683837,-0.065214
1780385866.867,right,victory,0.431107,0.847457,0.000000,0.390296,0.790810,-0.019194,0.354775,0.740577,-0.042194,0.329702,0.703173,-0.066685,0.327102,0.699011,-0.091205,0.408747,0.571127,-0.037009,0.396229,0.446730,-0.066126,0.382735,0.372564,-0.083893,0.367943,0.314200,-0.094176,0.453004,0.595208,-0.046570,0.473015,0.485795,-0.079394,0.460149,0.426904,-0.096219,0.438463,0.391709,-0.100884,0.481451,0.649914,-0.057325,0.432780,0.641605,-0.092080,0.386063,0.677671,-0.099310,0.355336,0.710011,-0.093864,0.491738,0.717199,-0.069042,0.437829,0.725240,-0.089979,0.399563,0.746613,-0.087136,0.373516,0.764817,-0.078835
1780385867.420,right,victory,0.453550,0.889585,0.000001,0.404341,0.786721,-0.014707,0.370313,0.710930,-0.037682,0.337611,0.677093,-0.062842,0.311363,0.675964,-0.088761,0.431879,0.594311,-0.045267,0.426483,0.468256,-0.077112,0.405920,0.381758,-0.095457,0.385857,0.309913,-0.107539,0.467125,0.630519,-0.060201,0.480748,0.500912,-0.103765,0.456201,0.435635,-0.124677,0.425764,0.402894,-0.131649,0.485414,0.690119,-0.074840,0.414514,0.637432,-0.117903,0.361727,0.663734,-0.125445,0.329800,0.693027,-0.119609,0.482542,0.763208,-0.090036,0.412416,0.738566,-0.115310,0.369308,0.748138,-0.114740,0.343704,0.756265,-0.109052
1780385867.955,right,victory,0.484069,0.846529,0.000000,0.490262,0.723768,-0.000020,0.463639,0.621673,-0.023338,0.413330,0.572062,-0.045829,0.374121,0.541017,-0.071342,0.500684,0.585639,-0.081965,0.467855,0.444895,-0.119436,0.446355,0.362063,-0.141999,0.427578,0.292424,-0.156891,0.485916,0.658478,-0.097371,0.427710,0.526860,-0.134287,0.376982,0.455303,-0.144774,0.338433,0.408057,-0.153320,0.456378,0.728659,-0.107645,0.382442,0.601249,-0.132735,0.370318,0.607426,-0.116455,0.379895,0.635274,-0.102646,0.420379,0.787878,-0.117041,0.358049,0.680809,-0.132996,0.352391,0.665861,-0.119194,0.367054,0.672388,-0.106174
1780385868.463,right,victory,0.490501,0.850116,0.000001,0.521087,0.731133,-0.019634,0.503860,0.599415,-0.039285,0.462419,0.514410,-0.051797,0.413910,0.484784,-0.063857,0.500396,0.626877,-0.086938,0.487033,0.451325,-0.112878,0.471770,0.355521,-0.124095,0.456310,0.275333,-0.130300,0.454293,0.675650,-0.084297,0.393531,0.510048,-0.106344,0.356634,0.414766,-0.109151,0.326739,0.350390,-0.113514,0.412731,0.717115,-0.077252,0.370885,0.543054,-0.092610,0.396585,0.530568,-0.078995,0.419000,0.562453,-0.068274,0.381805,0.745125,-0.070969,0.362215,0.604262,-0.079892,0.383534,0.594119,-0.068099,0.401483,0.616625,-0.058029
1780385868.979,right,victory,0.487197,0.845760,0.000001,0.519219,0.722052,-0.022727,0.499945,0.596969,-0.045463,0.454545,0.519322,-0.059236,0.406075,0.498224,-0.072024,0.492672,0.632644,-0.100870,0.479278,0.454552,-0.129647,0.466648,0.359178,-0.142120,0.452571,0.276608,-0.148965,0.444677,0.677646,-0.094666,0.383272,0.511617,-0.119500,0.345789,0.414466,-0.123422,0.314120,0.344375,-0.128251,0.403772,0.713755,-0.082625,0.369149,0.550866,-0.095311,0.392951,0.541619,-0.078539,0.412935,0.571648,-0.066421,0.375416,0.733566,-0.071821,0.365960,0.605756,-0.075944,0.384599,0.601118,-0.061394,0.399008,0.622666,-0.050078
1780385869.495,right,victory,0.490377,0.842193,0.000001,0.522716,0.720626,-0.019933,0.504989,0.597297,-0.043241,0.459724,0.523703,-0.057508,0.410858,0.503062,-0.071380,0.495854,0.626357,-0.104220,0.485798,0.445498,-0.134964,0.474293,0.350178,-0.147586,0.460650,0.272293,-0.153498,0.448077,0.673265,-0.099240,0.388599,0.498134,-0.124342,0.352733,0.400334,-0.126867,0.321528,0.331422,-0.129764,0.408120,0.709562,-0.087970,0.372319,0.545279,-0.100231,0.396259,0.531944,-0.083484,0.416228,0.556973,-0.071064,0.381710,0.730876,-0.077329,0.370469,0.606345,-0.080719,0.389480,0.598332,-0.065267,0.403778,0.614962,-0.052929
1780385870.040,right,victory,0.493085,0.839422,0.000001,0.525635,0.718236,-0.020815,0.508694,0.596363,-0.044490,0.464078,0.522389,-0.058775,0.416528,0.497763,-0.072530,0.500067,0.622288,-0.105134,0.488277,0.441651,-0.135612,0.476909,0.347166,-0.147930,0.463519,0.269193,-0.153505,0.451670,0.669393,-0.099141,0.392007,0.493991,-0.125587,0.358113,0.395149,-0.128776,0.329062,0.322435,-0.131431,0.411710,0.704579,-0.086714,0.375938,0.540020,-0.100010,0.397905,0.516989,-0.084868,0.416713,0.530953,-0.073227,0.385293,0.724625,-0.074802,0.376675,0.601213,-0.078622,0.395391,0.589459,-0.064040,0.410198,0.599576,-0.052134
1780385870.543,right,victory,0.492572,0.830438,0.000001,0.526319,0.714559,-0.023129,0.513115,0.589022,-0.044591,0.474520,0.499031,-0.056652,0.432075,0.464368,-0.067285,0.502739,0.608921,-0.098750,0.490548,0.429730,-0.126212,0.480073,0.338215,-0.136120,0.467077,0.263058,-0.140352,0.451541,0.645916,-0.090440,0.395059,0.478230,-0.115108,0.364382,0.384386,-0.116185,0.337371,0.317081,-0.116955,0.411557,0.677097,-0.076550,0.384499,0.526962,-0.088307,0.411133,0.522313,-0.070966,0.431118,0.552295,-0.057356,0.386251,0.696823,-0.064083,0.383809,0.589288,-0.068027,0.402986,0.586648,-0.054945,0.415969,0.604561,-0.043652
1780385871.091,right,victory,0.476620,0.809492,0.000001,0.513101,0.701171,-0.023258,0.499816,0.588151,-0.044178,0.457584,0.519665,-0.056591,0.417472,0.495533,-0.068498,0.481798,0.594462,-0.094209,0.463845,0.421601,-0.121239,0.453231,0.331353,-0.130387,0.442432,0.259854,-0.133058,0.431067,0.627332,-0.084828,0.373976,0.468612,-0.108099,0.346851,0.374458,-0.109141,0.324674,0.306785,-0.108514,0.393518,0.654791,-0.070129,0.373261,0.521296,-0.080528,0.396094,0.514445,-0.065931,0.411875,0.541937,-0.053545,0.370937,0.672347,-0.056947,0.376700,0.580027,-0.059381,0.396246,0.574359,-0.047685,0.408303,0.590989,-0.036880
1780385871.639,right,victory,0.473825,0.810654,0.000001,0.507929,0.698025,-0.023574,0.493544,0.584245,-0.043970,0.448908,0.516529,-0.055905,0.407443,0.497293,-0.066613,0.474216,0.593628,-0.091411,0.453368,0.423347,-0.119424,0.441105,0.333198,-0.128582,0.429699,0.262479,-0.130693,0.423282,0.625658,-0.081481,0.364817,0.468906,-0.107545,0.337310,0.374897,-0.109467,0.316356,0.309883,-0.108029,0.386519,0.653995,-0.066298,0.369869,0.529162,-0.078806,0.394884,0.528947,-0.063379,0.412641,0.560004,-0.048567,0.364362,0.674446,-0.052719,0.372472,0.589597,-0.054590,0.391725,0.588280,-0.041362,0.403617,0.607168,-0.028580
1780385872.140,right,victory,0.475749,0.812320,0.000001,0.509417,0.700842,-0.023591,0.496437,0.586081,-0.043369,0.454525,0.513210,-0.054564,0.413838,0.491036,-0.064185,0.478361,0.592126,-0.089213,0.458240,0.421210,-0.114931,0.447348,0.331283,-0.121774,0.436533,0.260581,-0.122406,0.427588,0.622867,-0.079204,0.369125,0.468589,-0.104618,0.341013,0.376612,-0.105510,0.319627,0.313096,-0.103115,0.390572,0.651064,-0.064030,0.374181,0.531135,-0.076560,0.398367,0.531751,-0.061039,0.415188,0.563176,-0.045944,0.368038,0.671969,-0.050477,0.375354,0.589827,-0.052186,0.394297,0.589358,-0.038957,0.406277,0.608937,-0.026126
1780385872.689,right,victory,0.475530,0.814028,0.000001,0.508230,0.701999,-0.024512,0.494793,0.584741,-0.046475,0.456418,0.503076,-0.058692,0.425036,0.457547,-0.069332,0.477544,0.597108,-0.102203,0.457276,0.425863,-0.130526,0.448245,0.334678,-0.140541,0.437482,0.262312,-0.144660,0.427876,0.626094,-0.090051,0.369984,0.469252,-0.118586,0.343249,0.375578,-0.121571,0.320642,0.308250,-0.122321,0.391002,0.652383,-0.071394,0.373721,0.519074,-0.081329,0.398701,0.516332,-0.061358,0.416080,0.545870,-0.045450,0.367991,0.669850,-0.054565,0.373050,0.577382,-0.055032,0.391638,0.573801,-0.040648,0.404009,0.591284,-0.028060
1780385873.202,right,victory,0.473702,0.807571,0.000001,0.509795,0.693108,-0.024664,0.500739,0.572611,-0.045147,0.458903,0.500736,-0.055359,0.420641,0.472322,-0.064251,0.472963,0.593363,-0.099276,0.455339,0.416584,-0.123427,0.445011,0.326747,-0.128984,0.435138,0.254616,-0.129672,0.423045,0.626583,-0.087430,0.368087,0.465267,-0.113971,0.342457,0.371355,-0.115883,0.322523,0.302901,-0.114802,0.388269,0.652073,-0.069028,0.370117,0.506558,-0.080963,0.392310,0.497186,-0.065093,0.407920,0.521618,-0.050991,0.368807,0.665535,-0.051855,0.375224,0.567470,-0.053202,0.393204,0.559834,-0.039841,0.404811,0.574406,-0.027520
1780385873.737,right,victory,0.475651,0.777447,0.000001,0.514662,0.676933,-0.020653,0.517412,0.564789,-0.029699,0.493423,0.480154,-0.030389,0.468020,0.437252,-0.028280,0.466175,0.543922,-0.058075,0.453263,0.387401,-0.068272,0.449075,0.307213,-0.067329,0.445554,0.244256,-0.063740,0.423069,0.563367,-0.044908,0.379913,0.419483,-0.056985,0.370432,0.336215,-0.053628,0.367530,0.279129,-0.048066,0.398041,0.586485,-0.028317,0.397304,0.479144,-0.034410,0.421833,0.478159,-0.024935,0.437514,0.503044,-0.014105,0.387793,0.606963,-0.012940,0.401637,0.530863,-0.012064,0.421097,0.532074,-0.002484,0.433912,0.552434,0.007793
1780385874.279,right,victory,0.502291,0.748726,0.000001,0.533583,0.647022,-0.010010,0.519656,0.545209,-0.021668,0.482357,0.479191,-0.029738,0.450650,0.451324,-0.037269,0.506721,0.539140,-0.056288,0.494330,0.393376,-0.075122,0.486220,0.314878,-0.080879,0.476052,0.255647,-0.082062,0.462042,0.562260,-0.054946,0.422198,0.421048,-0.071220,0.398913,0.342659,-0.071452,0.376282,0.290180,-0.070607,0.427589,0.588004,-0.050025,0.408602,0.468746,-0.058924,0.430693,0.472650,-0.047220,0.443792,0.501695,-0.036600,0.408458,0.607966,-0.045794,0.413466,0.519147,-0.047338,0.431680,0.520828,-0.036394,0.440916,0.544097,-0.026227
1780385874.816,right,victory,0.505052,0.757073,0.000000,0.484677,0.673156,-0.016193,0.483676,0.574311,-0.030920,0.491317,0.505238,-0.049476,0.520522,0.510184,-0.066714,0.568298,0.512949,-0.012284,0.586969,0.407329,-0.034430,0.595935,0.343036,-0.048446,0.603467,0.289737,-0.057402,0.594750,0.547258,-0.021708,0.644352,0.458678,-0.048093,0.661872,0.389063,-0.063266,0.671078,0.328664,-0.069336,0.609301,0.598257,-0.034126,0.614362,0.505957,-0.069596,0.570402,0.519843,-0.075605,0.538193,0.544530,-0.068935,0.610788,0.653906,-0.047589,0.593118,0.575038,-0.072440,0.555658,0.568922,-0.072926,0.527260,0.578134,-0.067003
1780385875.323,right,victory,0.544992,0.792159,0.000000,0.525913,0.699000,-0.016718,0.537228,0.585679,-0.027843,0.574068,0.532310,-0.042486,0.611224,0.558229,-0.056541,0.617356,0.535044,-0.014191,0.640304,0.428716,-0.032347,0.656440,0.365059,-0.043941,0.672857,0.313811,-0.053111,0.647677,0.574056,-0.022551,0.711031,0.493253,-0.044674,0.742960,0.435534,-0.058637,0.768558,0.391347,-0.066466,0.661585,0.630363,-0.033476,0.696987,0.552901,-0.065003,0.651454,0.559769,-0.070917,0.614673,0.581359,-0.066506,0.664317,0.695678,-0.045760,0.672089,0.630270,-0.070555,0.636642,0.616023,-0.073227,0.603918,0.620232,-0.070065
1780385875.867,right,victory,0.549903,0.798095,0.000000,0.532800,0.703656,-0.015325,0.541528,0.593442,-0.027022,0.576851,0.547976,-0.042611,0.613125,0.573399,-0.058263,0.619470,0.535545,-0.015308,0.640177,0.429293,-0.034220,0.655817,0.365166,-0.047044,0.672256,0.313289,-0.056991,0.649623,0.573440,-0.024646,0.712125,0.491703,-0.046001,0.744897,0.433559,-0.059893,0.771512,0.390252,-0.068168,0.663813,0.629702,-0.036356,0.698385,0.558251,-0.066350,0.653718,0.565601,-0.072260,0.616938,0.587848,-0.068619,0.667558,0.696367,-0.049366,0.679407,0.635324,-0.072348,0.645092,0.627034,-0.073336,0.612565,0.637117,-0.069492
1780385876.369,right,victory,0.699721,0.911701,0.000000,0.673121,0.860951,-0.020829,0.672072,0.801196,-0.035198,0.707578,0.803265,-0.049661,0.741971,0.816669,-0.063484,0.703039,0.691811,-0.021526,0.702074,0.617128,-0.038285,0.704579,0.571843,-0.049669,0.708697,0.536161,-0.057822,0.734563,0.704731,-0.025029,0.761141,0.630670,-0.041766,0.779054,0.592516,-0.052519,0.794436,0.563180,-0.058741,0.755710,0.742373,-0.031011,0.780027,0.712689,-0.052095,0.758308,0.759718,-0.055334,0.740344,0.795664,-0.052621,0.769992,0.794794,-0.039061,0.776481,0.793422,-0.056520,0.758151,0.824025,-0.057153,0.742774,0.845543,-0.054227
1780385876.903,right,victory,0.670335,0.870205,0.000000,0.671296,0.824242,-0.009636,0.682674,0.790081,-0.017577,0.696229,0.805021,-0.026751,0.707977,0.829670,-0.036008,0.729609,0.780337,-0.009387,0.747591,0.751613,-0.020042,0.759487,0.738994,-0.027723,0.769572,0.731510,-0.033160,0.742740,0.814861,-0.013241,0.772087,0.805213,-0.024331,0.784574,0.805216,-0.031663,0.792111,0.805185,-0.035689,0.745966,0.851348,-0.018540,0.756802,0.852898,-0.032526,0.732588,0.848506,-0.034740,0.712251,0.842062,-0.032902,0.742215,0.889824,-0.024713,0.744370,0.889682,-0.035176,0.726907,0.881953,-0.034713,0.711287,0.873064,-0.032138
1780385877.459,right,victory,0.672222,0.774296,-0.000000,0.692375,0.739281,0.001518,0.706133,0.701095,-0.004531,0.707812,0.663754,-0.011034,0.703212,0.636292,-0.018481,0.724082,0.697388,-0.020733,0.732091,0.636754,-0.034070,0.728060,0.601304,-0.041004,0.721837,0.575832,-0.044087,0.713061,0.709492,-0.026899,0.717482,0.640465,-0.040186,0.708628,0.598671,-0.044224,0.699462,0.572764,-0.045998,0.696966,0.716256,-0.031976,0.688840,0.648347,-0.043098,0.676780,0.632894,-0.042212,0.669540,0.634367,-0.039513,0.678908,0.717992,-0.036415,0.671120,0.662636,-0.043077,0.666472,0.651188,-0.041080,0.665430,0.653238,-0.038231
1780385877.979,right,victory,0.668697,0.765165,-0.000000,0.667182,0.721049,-0.007515,0.676156,0.675992,-0.014209,0.688368,0.649708,-0.022597,0.699350,0.660968,-0.030531,0.719201,0.675422,-0.003216,0.737516,0.644587,-0.015596,0.743807,0.619786,-0.024352,0.747034,0.599743,-0.029818,0.728159,0.698296,-0.007970,0.761174,0.673439,-0.025831,0.760720,0.644751,-0.034683,0.752077,0.624900,-0.036000,0.731359,0.723668,-0.014290,0.746083,0.685682,-0.031877,0.725763,0.676930,-0.034334,0.708303,0.680340,-0.030120,0.729565,0.750864,-0.021395,0.728080,0.712281,-0.032635,0.711788,0.701272,-0.033128,0.699242,0.702104,-0.030148
1780385878.495,right,victory,0.654475,0.750003,-0.000000,0.650490,0.703691,-0.003733,0.655742,0.658473,-0.008408,0.661436,0.632893,-0.015311,0.670193,0.634250,-0.021874,0.698987,0.651844,-0.000083,0.714168,0.617795,-0.010621,0.716119,0.592938,-0.018006,0.715185,0.572311,-0.022321,0.708365,0.671804,-0.005868,0.735104,0.635048,-0.021729,0.729729,0.606896,-0.029861,0.717836,0.590124,-0.031100,0.712496,0.693285,-0.012880,0.718673,0.650175,-0.028893,0.696400,0.645126,-0.031838,0.678394,0.651573,-0.028389,0.711207,0.713974,-0.020243,0.703734,0.675732,-0.030158,0.686030,0.665979,-0.030766,0.673221,0.666917,-0.028190
1780385879.036,right,victory,0.664550,0.759438,-0.000000,0.662122,0.702568,-0.001265,0.668232,0.659337,-0.007290,0.669907,0.632331,-0.015393,0.673515,0.621338,-0.023063,0.717701,0.666244,-0.005984,0.732339,0.626758,-0.019691,0.727311,0.597237,-0.028528,0.718362,0.577730,-0.032876,0.722794,0.687729,-0.013142,0.740305,0.634973,-0.029338,0.728387,0.598530,-0.036535,0.714740,0.580182,-0.038045,0.719910,0.705078,-0.021018,0.714398,0.644271,-0.034755,0.692460,0.633666,-0.034713,0.677815,0.639043,-0.030788,0.709588,0.715794,-0.029247,0.696807,0.665954,-0.036498,0.682363,0.653431,-0.034853,0.673668,0.653915,-0.031491
1780385879.565,right,victory,0.678685,0.717732,-0.000000,0.675156,0.668630,-0.001189,0.680527,0.630350,-0.005858,0.682528,0.606830,-0.012698,0.688920,0.600485,-0.019142,0.728668,0.634889,-0.000567,0.739415,0.597790,-0.012105,0.734216,0.571714,-0.020276,0.725904,0.556401,-0.024269,0.734338,0.650696,-0.006519,0.749902,0.605281,-0.020132,0.739859,0.573535,-0.026825,0.727544,0.557291,-0.028119,0.733150,0.664445,-0.013484,0.727614,0.610312,-0.026011,0.707829,0.604841,-0.027058,0.694490,0.612714,-0.023891,0.724987,0.672917,-0.020737,0.713126,0.628191,-0.027791,0.698431,0.623746,-0.026722,0.689585,0.630109,-0.023684
1780385880.099,right,victory,0.683187,0.720983,-0.000000,0.680679,0.671018,-0.000282,0.686727,0.635436,-0.004292,0.688980,0.612490,-0.010706,0.696393,0.600815,-0.016737,0.733919,0.645115,0.001501,0.746628,0.611628,-0.009188,0.744434,0.585099,-0.016944,0.738188,0.567443,-0.020758,0.739320,0.658986,-0.004672,0.756977,0.615663,-0.017689,0.749538,0.583116,-0.024533,0.738383,0.565151,-0.026036,0.738307,0.669838,-0.011897,0.734234,0.615294,-0.023915,0.714405,0.606247,-0.025688,0.699785,0.611030,-0.023196,0.730739,0.675106,-0.019391,0.718533,0.630620,-0.026066,0.703759,0.623719,-0.025793,0.694201,0.627337,-0.023522
1780385880.604,right,victory,0.684399,0.722201,-0.000000,0.682092,0.671609,-0.000089,0.688540,0.636434,-0.004196,0.691204,0.613747,-0.010685,0.698651,0.602584,-0.016881,0.736908,0.647592,0.000993,0.748471,0.612387,-0.009412,0.746454,0.585906,-0.017054,0.740648,0.568260,-0.020955,0.741482,0.661077,-0.005352,0.757638,0.615412,-0.018221,0.750267,0.582662,-0.025141,0.739658,0.564385,-0.026906,0.739555,0.671359,-0.012620,0.735023,0.615938,-0.024563,0.715281,0.607192,-0.026178,0.701042,0.612155,-0.023709,0.731067,0.676006,-0.020124,0.719268,0.631270,-0.026766,0.704645,0.624331,-0.026331,0.695247,0.627969,-0.024019
1780385881.111,right,victory,0.684212,0.722774,-0.000000,0.681970,0.672674,-0.000301,0.688497,0.636778,-0.004420,0.691402,0.614210,-0.010921,0.699148,0.603179,-0.017037,0.736906,0.647350,0.001058,0.749133,0.612120,-0.009570,0.746700,0.585920,-0.017135,0.740758,0.568858,-0.020875,0.741546,0.661258,-0.005235,0.758646,0.615793,-0.018180,0.750621,0.583993,-0.024773,0.739521,0.567017,-0.026130,0.739772,0.671715,-0.012563,0.734583,0.616565,-0.024459,0.714548,0.607862,-0.025916,0.700489,0.613026,-0.023279,0.731537,0.676800,-0.020195,0.719677,0.632806,-0.026706,0.704890,0.625870,-0.026283,0.695729,0.629269,-0.023978
1780385881.652,right,victory,0.684637,0.724927,-0.000000,0.682144,0.672998,0.000071,0.688744,0.637168,-0.003879,0.691409,0.614427,-0.010273,0.698766,0.603778,-0.016318,0.736643,0.648658,0.000976,0.749873,0.614368,-0.009625,0.747285,0.588016,-0.017154,0.740745,0.570285,-0.020818,0.741169,0.662639,-0.005348,0.758100,0.617377,-0.018206,0.750106,0.584893,-0.024710,0.739023,0.567242,-0.026083,0.739525,0.673432,-0.012652,0.734673,0.618704,-0.024354,0.714678,0.609314,-0.025773,0.700288,0.613771,-0.023179,0.731577,0.679004,-0.020217,0.720280,0.635096,-0.026321,0.705424,0.627815,-0.025598,0.695816,0.630857,-0.023166
1780385882.170,right,victory,0.690042,0.750237,0.000000,0.692385,0.694979,-0.011360,0.705707,0.658158,-0.009221,0.728628,0.648237,-0.006215,0.741944,0.656065,-0.001765,0.701825,0.630447,0.016695,0.713134,0.592714,0.020477,0.724009,0.576470,0.019757,0.733840,0.565816,0.018510,0.715009,0.648825,0.022072,0.729591,0.619817,0.024533,0.742880,0.603163,0.018765,0.753075,0.593489,0.014048,0.724476,0.672224,0.024276,0.739752,0.650323,0.019278,0.739765,0.651754,0.006148,0.736519,0.662306,-0.000957,0.732750,0.692399,0.025766,0.742071,0.677163,0.018989,0.741921,0.674657,0.008923,0.739420,0.679223,0.002647
1780385882.712,right,victory,0.708332,0.646331,0.000000,0.721339,0.629712,-0.023718,0.747622,0.621845,-0.031084,0.772828,0.631556,-0.033721,0.791254,0.642767,-0.034266,0.764775,0.563178,-0.020284,0.795964,0.548804,-0.031276,0.816215,0.555766,-0.038781,0.831625,0.567987,-0.042459,0.770378,0.581157,-0.011870,0.804017,0.568370,-0.021738,0.824665,0.580332,-0.027960,0.839413,0.594023,-0.030716,0.771075,0.602257,-0.005888,0.797938,0.612913,-0.019785,0.789789,0.634253,-0.025021,0.779382,0.643992,-0.024134,0.767309,0.623618,-0.001540,0.785125,0.633287,-0.012933,0.783941,0.647556,-0.016823,0.776469,0.652602,-0.016418
1780385883.559,right,victory,0.778617,0.431014,0.000000,0.758566,0.455034,-0.024575,0.745924,0.505035,-0.039090,0.731886,0.552436,-0.047955,0.728331,0.590672,-0.053934,0.788046,0.544646,-0.044133,0.769446,0.627535,-0.059802,0.752117,0.655640,-0.065541,0.739892,0.667964,-0.066642,0.801482,0.552629,-0.036665,0.799923,0.650715,-0.053503,0.786219,0.700104,-0.056620,0.772769,0.728167,-0.056161,0.803359,0.554145,-0.029648,0.780141,0.629759,-0.045386,0.754743,0.620865,-0.044002,0.739151,0.602061,-0.038591,0.795928,0.553567,-0.024180,0.774266,0.608788,-0.033140,0.759296,0.615932,-0.031732,0.750766,0.614808,-0.028213
1780385884.062,right,victory,0.710566,0.444188,0.000000,0.670282,0.461588,-0.022862,0.646582,0.526356,-0.032337,0.644394,0.589089,-0.033842,0.662913,0.609622,-0.033484,0.683597,0.530226,-0.052741,0.681384,0.614201,-0.062631,0.677164,0.664499,-0.065598,0.673281,0.703922,-0.067200,0.710950,0.544055,-0.042711,0.721270,0.644336,-0.053248,0.715469,0.700426,-0.055251,0.709573,0.742590,-0.056304,0.726763,0.555069,-0.030772,0.716628,0.643618,-0.039291,0.697459,0.653916,-0.039330,0.685857,0.654453,-0.038332,0.732509,0.562366,-0.020052,0.712865,0.610311,-0.027681,0.696541,0.609539,-0.028498,0.686693,0.601093,-0.027850
1780385884.564,right,victory,0.706168,0.455810,0.000000,0.665861,0.482812,-0.028859,0.645343,0.545779,-0.041552,0.641656,0.605464,-0.044071,0.657454,0.628422,-0.043283,0.687981,0.557268,-0.068086,0.693072,0.643621,-0.082740,0.693530,0.694997,-0.089392,0.695403,0.737159,-0.093585,0.713303,0.566041,-0.052834,0.732352,0.669613,-0.069892,0.733037,0.729935,-0.075616,0.734436,0.774519,-0.079592,0.726957,0.572495,-0.034868,0.712145,0.655210,-0.045355,0.687960,0.645731,-0.042393,0.675153,0.626923,-0.038251,0.731373,0.577993,-0.018636,0.710444,0.629564,-0.024844,0.693601,0.625835,-0.024601,0.684178,0.612163,-0.023168
1780385885.096,right,victory,0.689159,0.465744,0.000000,0.650901,0.501325,-0.026443,0.642039,0.577264,-0.035967,0.651327,0.644782,-0.036663,0.675146,0.656477,-0.034938,0.680515,0.563608,-0.055843,0.698810,0.625633,-0.065055,0.708782,0.667847,-0.068791,0.719994,0.706989,-0.072692,0.707211,0.568266,-0.043233,0.746653,0.645354,-0.056221,0.763762,0.696205,-0.061812,0.779763,0.736252,-0.066994,0.723414,0.568852,-0.028548,0.726583,0.652956,-0.042329,0.700646,0.648484,-0.044500,0.686958,0.633478,-0.043782,0.730601,0.571537,-0.014898,0.719383,0.628354,-0.027313,0.700228,0.628284,-0.031675,0.688653,0.618292,-0.033433
1780385885.696,right,victory,0.678336,0.526344,0.000000,0.662173,0.594944,-0.035442,0.680083,0.655021,-0.052397,0.707315,0.698863,-0.056814,0.730858,0.692923,-0.058336,0.700389,0.602074,-0.087556,0.736413,0.637751,-0.110995,0.762956,0.662631,-0.125023,0.787967,0.682319,-0.135106,0.723014,0.574188,-0.070926,0.778985,0.595784,-0.095001,0.811661,0.620744,-0.106205,0.836973,0.640655,-0.115883,0.738048,0.558829,-0.051234,0.773114,0.619268,-0.066832,0.760531,0.653590,-0.067412,0.747169,0.669354,-0.067389,0.746609,0.557683,-0.033510,0.760689,0.611725,-0.046687,0.750187,0.639352,-0.050632,0.739818,0.652692,-0.052718
1780385886.229,right,victory,0.634422,0.520383,0.000000,0.627425,0.583580,-0.026895,0.647709,0.639909,-0.041511,0.675475,0.679078,-0.047397,0.698870,0.676018,-0.050552,0.662123,0.581854,-0.063774,0.688435,0.613416,-0.079346,0.706784,0.633536,-0.086959,0.724415,0.648180,-0.092303,0.679881,0.548687,-0.053330,0.728797,0.566749,-0.072477,0.760354,0.584285,-0.080822,0.785044,0.595441,-0.087482,0.691109,0.531850,-0.040444,0.729366,0.592589,-0.055619,0.717788,0.623185,-0.055574,0.705335,0.632950,-0.054133,0.697472,0.529510,-0.028791,0.714495,0.588901,-0.040842,0.704447,0.614499,-0.042859,0.695150,0.623776,-0.043129
1780385886.758,right,victory,0.576251,0.617870,0.000000,0.563897,0.616830,-0.029859,0.566826,0.621322,-0.048467,0.582944,0.637466,-0.060980,0.601831,0.647817,-0.072783,0.589273,0.567925,-0.051757,0.611284,0.552024,-0.070861,0.628764,0.552540,-0.081551,0.643605,0.558368,-0.088309,0.607297,0.581400,-0.043360,0.628922,0.606833,-0.064637,0.628304,0.641513,-0.071783,0.621983,0.662634,-0.074336,0.617898,0.600290,-0.035851,0.633484,0.628928,-0.054900,0.628374,0.657313,-0.056674,0.619700,0.670946,-0.055122,0.622994,0.618583,-0.030156,0.632997,0.639186,-0.045480,0.626556,0.656993,-0.047876,0.617139,0.665943,-0.047043
1780385887.277,right,victory,0.575406,0.636096,-0.000000,0.557583,0.647985,-0.022442,0.551589,0.669460,-0.043990,0.563272,0.696360,-0.062715,0.578608,0.715784,-0.082561,0.564615,0.644440,-0.055320,0.577564,0.666105,-0.077532,0.585038,0.683367,-0.092668,0.589243,0.697855,-0.101432,0.587074,0.649341,-0.053519,0.607226,0.691152,-0.079353,0.612544,0.719419,-0.089880,0.613311,0.741737,-0.095009,0.602601,0.654184,-0.051097,0.611475,0.698109,-0.073282,0.605071,0.727174,-0.076070,0.597540,0.747509,-0.074501,0.610768,0.658537,-0.049799,0.613278,0.687255,-0.062836,0.607428,0.707287,-0.060421,0.601013,0.721460,-0.056916
1780385887.816,right,victory,0.574248,0.685369,0.000000,0.557980,0.715264,-0.012503,0.545783,0.746014,-0.024076,0.540160,0.770520,-0.034661,0.531371,0.785759,-0.046016,0.511900,0.681971,-0.026049,0.504383,0.703311,-0.042127,0.503453,0.720752,-0.054568,0.502236,0.732902,-0.062918,0.520451,0.660715,-0.029162,0.506666,0.660781,-0.044084,0.498446,0.672905,-0.055505,0.490770,0.683980,-0.063694,0.535250,0.652092,-0.032948,0.527821,0.668952,-0.051764,0.530337,0.693985,-0.061633,0.532545,0.710672,-0.066313,0.554666,0.653480,-0.036535,0.552864,0.680337,-0.053279,0.555205,0.702993,-0.058887,0.556236,0.717687,-0.061208
1780385888.347,right,victory,0.544497,0.683632,0.000000,0.508673,0.696181,-0.009493,0.480905,0.715824,-0.023220,0.469887,0.753079,-0.036217,0.471180,0.787989,-0.050356,0.480956,0.645646,-0.034361,0.457079,0.635484,-0.050776,0.439587,0.637118,-0.060749,0.423583,0.641934,-0.067556,0.500094,0.644079,-0.039451,0.482378,0.649185,-0.058905,0.467162,0.665115,-0.066291,0.455364,0.681493,-0.070616,0.518547,0.659211,-0.044117,0.499035,0.706178,-0.062030,0.486742,0.738526,-0.065064,0.478178,0.759370,-0.064870,0.533790,0.684852,-0.048944,0.513974,0.727313,-0.059946,0.501333,0.747912,-0.060115,0.491943,0.758427,-0.059421
1780385888.891,right,victory,0.538910,0.698621,0.000000,0.499346,0.704771,-0.003224,0.469496,0.711955,-0.014294,0.455080,0.738815,-0.026350,0.454499,0.763424,-0.039279,0.468285,0.645475,-0.026416,0.436322,0.623529,-0.039994,0.415775,0.615908,-0.047355,0.397437,0.609895,-0.052619,0.483731,0.644422,-0.033760,0.454557,0.632113,-0.051946,0.433129,0.633319,-0.060420,0.416268,0.638609,-0.065275,0.497864,0.661064,-0.039969,0.465885,0.705500,-0.055675,0.453609,0.738712,-0.058528,0.446554,0.759274,-0.058164,0.508612,0.690596,-0.045922,0.482995,0.727589,-0.054163,0.470867,0.745891,-0.054116,0.462597,0.753895,-0.053596
1780385889.425,right,victory,0.486587,0.769649,0.000000,0.444969,0.771479,-0.003579,0.411890,0.762591,-0.014788,0.387752,0.768698,-0.025984,0.369181,0.782818,-0.037749,0.420086,0.662916,-0.029381,0.383613,0.618998,-0.045586,0.356713,0.603070,-0.054263,0.333312,0.597837,-0.059792,0.431533,0.674826,-0.035192,0.381924,0.685639,-0.052810,0.368415,0.716915,-0.055905,0.362045,0.736604,-0.056626,0.439593,0.706784,-0.040169,0.391540,0.743788,-0.056055,0.388435,0.771626,-0.053528,0.392401,0.783718,-0.049026,0.443352,0.748833,-0.044871,0.402891,0.763229,-0.056749,0.386402,0.778219,-0.055896,0.376672,0.782336,-0.052986
1780385889.980,right,victory,0.417662,0.838555,0.000000,0.380020,0.788580,0.001947,0.335164,0.767920,-0.010500,0.298449,0.791366,-0.024822,0.276218,0.821206,-0.040718,0.323647,0.715587,-0.033940,0.266302,0.689301,-0.055659,0.231557,0.682294,-0.066290,0.204372,0.678832,-0.071485,0.333781,0.740571,-0.045608,0.268068,0.722304,-0.069166,0.225537,0.730550,-0.076762,0.194882,0.742700,-0.079723,0.343553,0.783186,-0.055279,0.274173,0.842704,-0.074605,0.269095,0.887161,-0.072293,0.277173,0.907800,-0.066385,0.351278,0.833665,-0.064282,0.298650,0.881360,-0.073260,0.289596,0.904549,-0.068487,0.290735,0.911675,-0.063186
1780385890.497,right,victory,0.398854,0.728706,0.000000,0.352354,0.703535,-0.000844,0.306348,0.713452,-0.019135,0.278465,0.773506,-0.039427,0.268243,0.823566,-0.060748,0.296713,0.630884,-0.043936,0.236404,0.610320,-0.068354,0.199324,0.605644,-0.080139,0.168711,0.603726,-0.087217,0.313532,0.635649,-0.056944,0.245125,0.630451,-0.085690,0.203807,0.645854,-0.095896,0.173438,0.660433,-0.100802,0.331533,0.665232,-0.067516,0.270497,0.756815,-0.089706,0.271001,0.807886,-0.085661,0.280734,0.825577,-0.078477,0.347194,0.708838,-0.077842,0.301888,0.779001,-0.088419,0.292258,0.812995,-0.083305,0.290274,0.823856,-0.078193
1780385891.029,right,victory,0.327588,0.718564,-0.000000,0.311719,0.651474,0.000830,0.275722,0.616735,-0.011275,0.234092,0.628523,-0.023168,0.200279,0.652575,-0.037734,0.272927,0.556348,-0.045406,0.219681,0.480930,-0.067473,0.186153,0.444709,-0.079185,0.156000,0.416864,-0.086313,0.271984,0.587641,-0.052140,0.195051,0.589585,-0.072224,0.174503,0.633425,-0.072594,0.171646,0.661593,-0.071908,0.267307,0.634217,-0.056212,0.195736,0.649932,-0.071947,0.190773,0.683085,-0.064234,0.202641,0.697571,-0.056880,0.259431,0.682639,-0.059129,0.206941,0.685197,-0.068125,0.201934,0.700490,-0.061078,0.210115,0.704303,-0.053933
1780385891.556,right,victory,0.308570,0.781945,0.000000,0.298587,0.696157,0.010209,0.273863,0.629709,0.002169,0.234311,0.595071,-0.009596,0.198669,0.583171,-0.022007,0.274543,0.564635,-0.027933,0.236130,0.444631,-0.045943,0.212560,0.383163,-0.050819,0.189910,0.335447,-0.052349,0.269059,0.578758,-0.043365,0.220772,0.447126,-0.065664,0.185325,0.380277,-0.072237,0.156865,0.334506,-0.074598,0.255128,0.616250,-0.055695,0.167865,0.554199,-0.077415,0.142986,0.600861,-0.073945,0.138866,0.639648,-0.066050,0.235382,0.667196,-0.066346,0.168459,0.639901,-0.080744,0.154363,0.665616,-0.077876,0.153388,0.683493,-0.072306
1780385892.057,right,victory,0.330383,0.806930,0.000001,0.271474,0.750700,0.001762,0.241638,0.687396,-0.012547,0.212745,0.645910,-0.031450,0.182647,0.617169,-0.049913,0.298348,0.553698,-0.023173,0.275506,0.426190,-0.040670,0.258406,0.349668,-0.049355,0.240326,0.292502,-0.054890,0.302752,0.563196,-0.038273,0.273100,0.423843,-0.061792,0.242623,0.345338,-0.073981,0.215926,0.293194,-0.080703,0.293441,0.596272,-0.051721,0.209467,0.525700,-0.073328,0.175879,0.570107,-0.072199,0.163362,0.608005,-0.066945,0.272580,0.644152,-0.065143,0.204306,0.614471,-0.079126,0.184654,0.641646,-0.076736,0.181997,0.661851,-0.072233
1780385892.606,right,victory,0.354820,0.796935,0.000000,0.298300,0.720570,0.005621,0.273724,0.652808,-0.005146,0.252190,0.598876,-0.019989,0.226327,0.561934,-0.035803,0.355210,0.547054,-0.014609,0.354510,0.421194,-0.028482,0.347439,0.342681,-0.035749,0.336725,0.281693,-0.041504,0.359169,0.554315,-0.027347,0.294798,0.452793,-0.046306,0.255432,0.463748,-0.048867,0.237830,0.491964,-0.049047,0.346514,0.576342,-0.039113,0.272929,0.494109,-0.056833,0.243700,0.527452,-0.051755,0.237618,0.569811,-0.045878,0.322451,0.605180,-0.050443,0.259671,0.563534,-0.064585,0.241511,0.588026,-0.063122,0.242389,0.615669,-0.059295
1780385893.148,right,victory,0.401051,0.786447,0.000001,0.348240,0.695973,-0.004956,0.327693,0.629600,-0.019690,0.307060,0.586192,-0.039099,0.290706,0.538771,-0.058383,0.427023,0.530261,-0.018484,0.431579,0.423020,-0.037358,0.428239,0.347783,-0.048843,0.422248,0.288272,-0.055839,0.438463,0.541993,-0.031232,0.440465,0.402922,-0.056410,0.431364,0.311231,-0.072889,0.420375,0.242229,-0.081684,0.433683,0.567178,-0.043867,0.376414,0.456365,-0.073929,0.327636,0.469776,-0.081837,0.297831,0.497723,-0.079741,0.409653,0.597609,-0.056366,0.355782,0.528078,-0.076838,0.321950,0.538151,-0.078566,0.302201,0.558735,-0.075354
1780385893.693,right,victory,0.481446,0.801590,0.000000,0.450028,0.693906,-0.013442,0.439944,0.588216,-0.026357,0.432896,0.514876,-0.042448,0.447606,0.459421,-0.056374,0.539102,0.528001,-0.014593,0.557765,0.418655,-0.035276,0.564005,0.347948,-0.047603,0.567552,0.287492,-0.055831,0.562678,0.556424,-0.024367,0.597543,0.434294,-0.051540,0.607256,0.350782,-0.069411,0.609783,0.282639,-0.078194,0.572049,0.593875,-0.036113,0.540131,0.478458,-0.071758,0.489226,0.478857,-0.081598,0.452047,0.495056,-0.079236,0.562602,0.630254,-0.048503,0.509085,0.554925,-0.076476,0.467447,0.551082,-0.082683,0.438243,0.556709,-0.081251
1780385894.217,right,victory,0.498722,0.798655,0.000000,0.470819,0.693303,-0.013244,0.465235,0.586621,-0.025324,0.459914,0.514537,-0.041108,0.473714,0.458097,-0.055408,0.563367,0.526714,-0.012295,0.583095,0.418158,-0.032234,0.592680,0.351638,-0.043905,0.602298,0.296404,-0.051685,0.588245,0.559619,-0.022296,0.628779,0.444288,-0.048566,0.644621,0.363916,-0.066507,0.655221,0.296675,-0.075556,0.599376,0.601913,-0.034502,0.576703,0.486459,-0.071038,0.525587,0.486750,-0.081662,0.489085,0.504270,-0.079491,0.592854,0.641964,-0.047220,0.544857,0.561180,-0.075953,0.504300,0.557210,-0.082214,0.477017,0.566418,-0.080672
1780385894.728,right,victory,0.499589,0.795655,0.000000,0.470404,0.683865,-0.012446,0.466423,0.578261,-0.023683,0.461875,0.506335,-0.038671,0.473429,0.450111,-0.052279,0.565422,0.524987,-0.011257,0.582606,0.415610,-0.031137,0.591835,0.347753,-0.043488,0.600721,0.290877,-0.051946,0.589925,0.556146,-0.021606,0.627521,0.441380,-0.048685,0.640756,0.357947,-0.067979,0.648009,0.289429,-0.077895,0.600178,0.597130,-0.033959,0.576809,0.482102,-0.070180,0.525525,0.478800,-0.081314,0.488530,0.493843,-0.079665,0.592190,0.634852,-0.046831,0.542914,0.554651,-0.075373,0.502114,0.547687,-0.082039,0.474719,0.554880,-0.080814
1780385895.274,right,victory,0.494410,0.795564,0.000000,0.465858,0.683430,-0.012763,0.459695,0.580105,-0.025139,0.452018,0.508649,-0.041135,0.463540,0.451521,-0.055682,0.557541,0.522726,-0.013591,0.575495,0.413952,-0.034420,0.583994,0.344102,-0.047277,0.591620,0.285293,-0.055840,0.581920,0.552268,-0.023775,0.617703,0.435627,-0.050724,0.630285,0.352726,-0.069099,0.637249,0.282993,-0.078366,0.592253,0.591962,-0.035876,0.565189,0.474574,-0.071486,0.514779,0.476463,-0.081326,0.478871,0.495648,-0.078846,0.583720,0.629399,-0.048651,0.532347,0.548209,-0.076210,0.492269,0.542336,-0.081963,0.465484,0.550733,-0.080111
1780385895.822,right,victory,0.491230,0.797168,0.000000,0.461756,0.677537,-0.009942,0.455449,0.574933,-0.021365,0.449787,0.503647,-0.036362,0.460198,0.446612,-0.049969,0.546876,0.517300,-0.011826,0.561356,0.415845,-0.033206,0.567339,0.347511,-0.047619,0.570357,0.289477,-0.057210,0.568457,0.546908,-0.023469,0.592610,0.425397,-0.051274,0.591806,0.343778,-0.069454,0.584140,0.279043,-0.078500,0.575869,0.585161,-0.036804,0.545313,0.468861,-0.070557,0.495346,0.471453,-0.078906,0.459006,0.491132,-0.076237,0.563379,0.621351,-0.050769,0.511949,0.544146,-0.075640,0.472586,0.536734,-0.080083,0.446520,0.542948,-0.077954
1780388272.858,left,victory,0.548716,0.675510,0.000000,0.574413,0.681246,-0.015694,0.599269,0.668995,-0.027352,0.612172,0.653585,-0.039616,0.600184,0.646369,-0.050683,0.607483,0.566265,-0.020206,0.628691,0.511900,-0.035024,0.641017,0.477404,-0.043195,0.649066,0.444567,-0.047906,0.586128,0.552924,-0.024317,0.595660,0.489230,-0.043639,0.602094,0.445519,-0.053739,0.604955,0.407333,-0.057151,0.565633,0.559482,-0.029654,0.590632,0.574747,-0.053925,0.594488,0.617158,-0.057862,0.592485,0.641237,-0.052693,0.551066,0.580866,-0.036320,0.576512,0.606132,-0.051696,0.582737,0.636059,-0.051546,0.584010,0.654545,-0.046822
1780388273.367,left,victory,0.513234,0.690916,0.000000,0.547760,0.684518,-0.009515,0.573389,0.666171,-0.019957,0.589711,0.652083,-0.032502,0.580700,0.650873,-0.043722,0.569857,0.559143,-0.015273,0.590402,0.501057,-0.028657,0.600677,0.463398,-0.037186,0.607197,0.430960,-0.042851,0.547803,0.556122,-0.022809,0.555693,0.493551,-0.039595,0.561331,0.450800,-0.049532,0.563694,0.413794,-0.054512,0.531035,0.571971,-0.031000,0.564502,0.577895,-0.049702,0.573972,0.614362,-0.051876,0.573137,0.636013,-0.048294,0.521986,0.602497,-0.040455,0.554803,0.617746,-0.050899,0.562585,0.641656,-0.048823,0.560785,0.657871,-0.044422
1780388273.904,left,victory,0.451800,0.640580,0.000000,0.451611,0.578892,0.006267,0.470379,0.534726,0.002178,0.495113,0.519341,-0.004036,0.516967,0.518159,-0.009880,0.468567,0.503304,-0.015462,0.479965,0.430284,-0.025624,0.485407,0.382133,-0.030557,0.489686,0.344826,-0.034164,0.483481,0.521133,-0.025534,0.511090,0.450661,-0.037091,0.530273,0.414159,-0.042648,0.545006,0.389510,-0.046655,0.496798,0.550479,-0.033363,0.534681,0.502471,-0.041330,0.530271,0.517742,-0.034221,0.520426,0.533623,-0.027850,0.508374,0.583876,-0.040900,0.533638,0.547004,-0.043404,0.528300,0.553787,-0.034822,0.519225,0.565036,-0.027481
1780388274.423,left,victory,0.494276,0.606964,0.000000,0.483219,0.546669,0.001578,0.490387,0.504010,-0.002001,0.506972,0.480228,-0.005555,0.520069,0.469707,-0.009073,0.507044,0.480967,-0.017427,0.511783,0.411883,-0.024807,0.514086,0.371481,-0.027438,0.516228,0.340394,-0.028263,0.529693,0.492287,-0.019307,0.554572,0.423012,-0.025781,0.570312,0.385237,-0.027148,0.581889,0.360256,-0.027139,0.545386,0.512945,-0.019018,0.552388,0.465096,-0.020012,0.543225,0.462527,-0.014615,0.534735,0.470235,-0.010037,0.553753,0.535942,-0.018588,0.548480,0.503033,-0.015437,0.537144,0.501159,-0.007930,0.528924,0.508634,-0.001488
1780388274.955,left,victory,0.551986,0.594589,0.000000,0.545492,0.536838,-0.000823,0.556698,0.492377,-0.006216,0.577154,0.472000,-0.011601,0.594327,0.468895,-0.017017,0.565744,0.479685,-0.020275,0.575407,0.416517,-0.030561,0.580730,0.376397,-0.035751,0.585688,0.345571,-0.038275,0.584691,0.497007,-0.023569,0.611878,0.441007,-0.031106,0.629990,0.405179,-0.033507,0.644657,0.380841,-0.034802,0.598962,0.520069,-0.025415,0.617277,0.478436,-0.029667,0.612273,0.473357,-0.025194,0.605309,0.478149,-0.020721,0.609150,0.542600,-0.027392,0.621664,0.503966,-0.027778,0.619930,0.494426,-0.021440,0.616883,0.493783,-0.015540
1780388275.462,left,victory,0.531197,0.643909,0.000000,0.520213,0.577475,0.000875,0.535860,0.525790,-0.003428,0.559941,0.507721,-0.006895,0.578827,0.503538,-0.010317,0.539773,0.512874,-0.022651,0.546407,0.444968,-0.033330,0.547332,0.398394,-0.040262,0.548590,0.360567,-0.045101,0.560098,0.532493,-0.025949,0.584791,0.464789,-0.033433,0.600828,0.421831,-0.038409,0.614341,0.389900,-0.043274,0.576987,0.555282,-0.027001,0.599732,0.493815,-0.031023,0.589164,0.493361,-0.027630,0.578923,0.504496,-0.025375,0.589672,0.574984,-0.027800,0.593394,0.531403,-0.029772,0.580605,0.531260,-0.025296,0.573302,0.540294,-0.021423
1780388275.990,left,victory,0.480832,0.609629,0.000000,0.469954,0.545938,0.003546,0.483008,0.493595,0.000921,0.505772,0.473832,-0.001909,0.524540,0.467387,-0.004642,0.486176,0.467792,-0.015709,0.490299,0.397875,-0.022287,0.490398,0.353014,-0.025418,0.490776,0.318281,-0.027394,0.506504,0.480852,-0.020112,0.529363,0.408553,-0.023799,0.542236,0.366135,-0.025948,0.553607,0.338140,-0.028267,0.523254,0.502504,-0.022231,0.542464,0.452142,-0.021593,0.532391,0.458490,-0.015398,0.522758,0.473316,-0.011536,0.535975,0.526383,-0.024289,0.537628,0.494339,-0.020383,0.528542,0.499662,-0.012091,0.523206,0.510999,-0.005954
1780388276.494,left,victory,0.413579,0.570462,0.000000,0.415321,0.512783,0.001643,0.431041,0.468606,-0.003054,0.453445,0.459256,-0.009294,0.471349,0.466111,-0.015008,0.426032,0.444236,-0.013305,0.443140,0.388331,-0.022215,0.449870,0.352702,-0.027204,0.453639,0.322803,-0.030530,0.434442,0.465186,-0.020358,0.458720,0.411349,-0.028974,0.472897,0.380171,-0.033038,0.483096,0.355256,-0.036145,0.444958,0.492808,-0.026413,0.480000,0.458272,-0.034188,0.480950,0.470279,-0.031603,0.474200,0.482408,-0.028191,0.455829,0.520985,-0.032518,0.481400,0.492439,-0.035241,0.479855,0.495690,-0.030416,0.473703,0.500831,-0.026166
1780388276.999,left,victory,0.388435,0.580734,0.000000,0.405908,0.566232,-0.011100,0.417764,0.542091,-0.017663,0.409245,0.526295,-0.024116,0.395797,0.520699,-0.029752,0.409886,0.476486,-0.011468,0.420506,0.432973,-0.020711,0.425629,0.406335,-0.025726,0.428521,0.383821,-0.028234,0.392921,0.475465,-0.012716,0.388626,0.428700,-0.023794,0.386079,0.398438,-0.030140,0.383117,0.372789,-0.032439,0.379514,0.487900,-0.014957,0.387880,0.484372,-0.029566,0.397027,0.506666,-0.033032,0.400609,0.521561,-0.030527,0.369984,0.507280,-0.018010,0.379719,0.508620,-0.027182,0.388371,0.520430,-0.027214,0.392926,0.528391,-0.024319
1780388277.536,left,victory,0.424067,0.549756,0.000000,0.432727,0.533323,-0.010438,0.432412,0.508228,-0.015320,0.418430,0.489010,-0.019822,0.406705,0.475490,-0.023467,0.437833,0.462315,-0.005790,0.446911,0.428970,-0.013236,0.452320,0.407424,-0.018303,0.456216,0.390278,-0.021243,0.425934,0.458750,-0.005609,0.423961,0.415100,-0.013832,0.421327,0.389599,-0.018912,0.418733,0.368989,-0.020861,0.416474,0.467316,-0.006827,0.411030,0.445824,-0.018719,0.413311,0.463852,-0.021540,0.415803,0.478048,-0.019557,0.409631,0.482343,-0.008787,0.405443,0.472430,-0.018059,0.408268,0.482904,-0.018810,0.411974,0.491142,-0.016714
1780388278.069,left,victory,0.463336,0.445349,0.000000,0.461894,0.428823,-0.014214,0.454097,0.401832,-0.017957,0.441164,0.385872,-0.019811,0.432514,0.371291,-0.020389,0.467611,0.363810,-0.006371,0.470256,0.331428,-0.012435,0.473604,0.309338,-0.016426,0.476979,0.291542,-0.018382,0.459424,0.363343,-0.002589,0.455883,0.326448,-0.009099,0.452786,0.304462,-0.012785,0.451929,0.284768,-0.013528,0.452440,0.371382,-0.000891,0.442638,0.356223,-0.012869,0.441489,0.376432,-0.016786,0.444148,0.386881,-0.015037,0.448071,0.382421,-0.000130,0.438822,0.374036,-0.010596,0.438063,0.388826,-0.012909,0.439930,0.397863,-0.011629
1780388278.609,left,victory,0.426625,0.339485,0.000000,0.419116,0.320475,-0.009137,0.406007,0.296907,-0.012844,0.391914,0.288455,-0.016068,0.383460,0.280491,-0.018603,0.413274,0.255354,-0.006878,0.408443,0.218696,-0.014171,0.405945,0.193349,-0.018669,0.404448,0.173317,-0.020802,0.407769,0.261900,-0.006049,0.397352,0.229055,-0.014239,0.388819,0.208878,-0.018502,0.382502,0.191314,-0.019663,0.403972,0.275327,-0.006469,0.387061,0.269284,-0.017725,0.387104,0.286133,-0.020248,0.391561,0.294490,-0.018001,0.401234,0.292256,-0.007484,0.385984,0.289552,-0.015669,0.385549,0.300738,-0.016251,0.389215,0.306529,-0.014211
1780388279.155,left,victory,0.359212,0.376386,0.000000,0.353656,0.349729,-0.009191,0.340342,0.324354,-0.010072,0.324531,0.317275,-0.010513,0.314147,0.314655,-0.009781,0.346199,0.287441,0.002931,0.342509,0.250652,-0.000344,0.341849,0.225319,-0.002904,0.341638,0.204713,-0.004073,0.339003,0.295612,0.005361,0.331309,0.267307,0.000898,0.325247,0.249123,-0.002523,0.320680,0.231938,-0.003498,0.334106,0.309645,0.005729,0.319539,0.301271,-0.003581,0.320375,0.317987,-0.007978,0.324369,0.326403,-0.007032,0.331352,0.325081,0.005438,0.318157,0.317811,-0.001517,0.319044,0.327743,-0.003541,0.323205,0.333444,-0.002731
1780388279.674,left,victory,0.292895,0.357466,0.000000,0.285732,0.337420,-0.011101,0.273183,0.311927,-0.012014,0.258603,0.302277,-0.011450,0.247830,0.299033,-0.009519,0.279742,0.270552,-0.001409,0.275657,0.231662,-0.004926,0.273976,0.206649,-0.007352,0.273009,0.186553,-0.008380,0.271664,0.279242,0.002330,0.263754,0.252578,-0.002166,0.256891,0.236269,-0.005259,0.252062,0.220900,-0.006020,0.266274,0.294004,0.004150,0.252116,0.287989,-0.004975,0.251462,0.303646,-0.009329,0.254177,0.311285,-0.008629,0.264183,0.309750,0.005238,0.251317,0.305777,-0.002396,0.251563,0.316187,-0.004658,0.255212,0.322438,-0.003887
1780388280.175,left,victory,0.245849,0.361789,0.000000,0.240717,0.329557,-0.012047,0.226840,0.300079,-0.012025,0.208724,0.291776,-0.010088,0.195212,0.291607,-0.006615,0.229862,0.266972,-0.001565,0.225470,0.226932,-0.005851,0.223495,0.200843,-0.008368,0.222371,0.180432,-0.008991,0.219371,0.277771,0.002259,0.206844,0.247132,-0.002219,0.197634,0.228083,-0.005205,0.190788,0.212055,-0.005733,0.212325,0.293559,0.003836,0.200221,0.285513,-0.006819,0.204332,0.298641,-0.012242,0.208442,0.306401,-0.011504,0.209586,0.309456,0.004698,0.198931,0.300019,-0.004101,0.200055,0.305168,-0.007002,0.201512,0.311004,-0.006426
1780388280.721,left,victory,0.232447,0.319537,0.000000,0.213407,0.310776,-0.013473,0.199817,0.280939,-0.014704,0.192110,0.252990,-0.012392,0.187609,0.230798,-0.008413,0.219252,0.232343,-0.008825,0.217414,0.189046,-0.009182,0.216468,0.166283,-0.009128,0.216442,0.147124,-0.008771,0.221728,0.224824,-0.001960,0.219183,0.183429,-0.000902,0.213862,0.158894,-0.000142,0.210034,0.142388,0.000701,0.220904,0.225476,0.003306,0.207866,0.193255,-0.000833,0.198598,0.189512,-0.005730,0.192641,0.188125,-0.007391,0.218946,0.230507,0.007880,0.205404,0.210211,0.001787,0.198181,0.213790,-0.002322,0.192803,0.221463,-0.003737
1780388281.257,left,victory,0.202631,0.313363,0.000000,0.201350,0.262917,-0.017761,0.190199,0.214947,-0.014567,0.170826,0.190318,-0.007989,0.155053,0.185311,0.001085,0.211304,0.189252,0.007934,0.216729,0.144766,0.009398,0.221723,0.119302,0.009178,0.226846,0.097172,0.009373,0.196727,0.193993,0.016070,0.193897,0.153087,0.018965,0.189301,0.127572,0.017170,0.186943,0.108575,0.016323,0.184279,0.207006,0.020283,0.171552,0.180553,0.012398,0.165389,0.191866,0.002455,0.162833,0.200751,-0.000153,0.176506,0.221761,0.023319,0.164101,0.196237,0.014077,0.162147,0.201505,0.007329,0.162399,0.212812,0.004974
1780388281.864,left,victory,0.204110,0.369162,0.000000,0.202348,0.345091,-0.019036,0.189663,0.306040,-0.024535,0.165861,0.281854,-0.027855,0.148112,0.266741,-0.030038,0.200758,0.238922,-0.009895,0.203936,0.185294,-0.018910,0.207684,0.148163,-0.025029,0.210699,0.119508,-0.027875,0.184845,0.238719,-0.005256,0.177426,0.181947,-0.014244,0.170759,0.144838,-0.019999,0.166416,0.116870,-0.021585,0.172956,0.254306,-0.003196,0.157402,0.235788,-0.018392,0.154242,0.259861,-0.024659,0.155290,0.277700,-0.023053,0.165324,0.276300,-0.002337,0.150348,0.265765,-0.014597,0.149637,0.282047,-0.017408,0.152153,0.294444,-0.015580
1780388282.450,left,victory,0.264066,0.461632,0.000000,0.253239,0.432991,-0.018030,0.229669,0.407373,-0.022003,0.200653,0.409512,-0.024314,0.180179,0.413464,-0.024990,0.221453,0.347098,-0.005043,0.205829,0.295547,-0.014462,0.198160,0.260374,-0.020711,0.192782,0.231625,-0.023487,0.209273,0.366638,-0.000850,0.185337,0.327754,-0.011287,0.168814,0.308609,-0.017353,0.156199,0.293251,-0.018525,0.204387,0.391986,0.000458,0.184261,0.393825,-0.017826,0.197765,0.416882,-0.022998,0.210467,0.427957,-0.019234,0.204896,0.416645,0.000630,0.186939,0.418644,-0.013412,0.196533,0.432505,-0.014643,0.207858,0.438874,-0.010902
1780388282.974,left,victory,0.315338,0.517417,0.000000,0.303255,0.493556,-0.016336,0.280613,0.473414,-0.019502,0.256159,0.480097,-0.021225,0.239517,0.488382,-0.021633,0.278695,0.415648,-0.004270,0.263271,0.368421,-0.011049,0.255702,0.337267,-0.015598,0.250518,0.311077,-0.017877,0.269102,0.432821,0.000238,0.249447,0.397723,-0.008026,0.235850,0.381142,-0.013269,0.225877,0.365757,-0.014776,0.264850,0.454816,0.002204,0.243586,0.454543,-0.012444,0.251962,0.477415,-0.017288,0.261669,0.487234,-0.015024,0.265033,0.475493,0.003067,0.246897,0.479991,-0.008577,0.253390,0.493970,-0.010387,0.262757,0.499398,-0.008164
1780388283.508,left,victory,0.326479,0.611947,0.000000,0.321873,0.588384,-0.013412,0.308534,0.563425,-0.015470,0.290381,0.557016,-0.016094,0.277374,0.555832,-0.015529,0.315318,0.517799,-0.003305,0.312502,0.475370,-0.008376,0.312298,0.448757,-0.011721,0.313269,0.427880,-0.013262,0.305120,0.525123,0.000459,0.298101,0.488787,-0.005464,0.291180,0.467938,-0.009761,0.287213,0.450295,-0.011192,0.298188,0.539918,0.002084,0.284734,0.529740,-0.008787,0.283814,0.550685,-0.013840,0.286376,0.563687,-0.013161,0.295226,0.556456,0.002798,0.282599,0.553815,-0.006026,0.283697,0.565520,-0.008381,0.287757,0.573543,-0.007461
1780388284.035,left,victory,0.289981,0.661508,0.000000,0.280819,0.631246,-0.011648,0.265719,0.609516,-0.008950,0.249439,0.612619,-0.003843,0.239242,0.621925,0.003026,0.272213,0.577076,0.004910,0.266874,0.544361,0.007565,0.265530,0.525069,0.009121,0.265414,0.509770,0.010473,0.266462,0.588415,0.010366,0.262239,0.557145,0.014616,0.260319,0.537724,0.015104,0.260102,0.522484,0.015352,0.262187,0.606507,0.013055,0.247846,0.597901,0.009553,0.244598,0.607335,0.001703,0.244277,0.613541,-0.001497,0.260090,0.624718,0.014984,0.245425,0.618521,0.009365,0.243453,0.623408,0.003306,0.244925,0.630928,0.000104
1780388284.576,left,victory,0.240491,0.680435,0.000000,0.232231,0.641682,-0.012435,0.215298,0.619399,-0.009944,0.196700,0.624338,-0.005130,0.186612,0.638580,0.001636,0.220668,0.594798,0.005665,0.214468,0.561569,0.006492,0.212464,0.541424,0.006753,0.212707,0.524448,0.007307,0.213126,0.607689,0.010802,0.201180,0.583506,0.013558,0.195163,0.569536,0.013249,0.192662,0.557421,0.013028,0.208060,0.625133,0.012892,0.191497,0.617850,0.007949,0.191263,0.625683,0.000861,0.193756,0.629959,-0.001364,0.205935,0.642614,0.013992,0.189906,0.633752,0.008387,0.190928,0.635996,0.003681,0.195946,0.642253,0.001627
1780388285.090,left,victory,0.229498,0.715003,0.000000,0.234884,0.680672,-0.010739,0.225110,0.644071,-0.013770,0.202008,0.636336,-0.016664,0.185969,0.637505,-0.018618,0.222376,0.601637,-0.003121,0.220386,0.553991,-0.009978,0.221511,0.524230,-0.014169,0.223518,0.502380,-0.016013,0.208542,0.609860,-0.002206,0.195896,0.569012,-0.009715,0.187110,0.545711,-0.014196,0.180581,0.528162,-0.015522,0.199470,0.628112,-0.003169,0.183211,0.609983,-0.015367,0.187075,0.630585,-0.018655,0.192902,0.646350,-0.016272,0.192832,0.650969,-0.004917,0.179132,0.636713,-0.014033,0.178229,0.644680,-0.014993,0.179190,0.652547,-0.012824
1780388285.746,left,victory,0.191095,0.793360,0.000000,0.179590,0.767552,-0.009152,0.157251,0.747280,-0.013975,0.133088,0.756206,-0.019741,0.115649,0.769739,-0.024905,0.140214,0.691779,-0.002594,0.126871,0.648023,-0.011675,0.118806,0.617408,-0.018035,0.113828,0.591731,-0.021625,0.132119,0.706978,-0.004725,0.102915,0.681784,-0.015153,0.083101,0.668839,-0.021513,0.066019,0.658313,-0.024021,0.131639,0.730056,-0.008523,0.103340,0.741531,-0.024533,0.117186,0.757776,-0.027452,0.130663,0.762912,-0.024137,0.134986,0.758403,-0.012993,0.110185,0.769546,-0.025620,0.117987,0.780992,-0.025551,0.128672,0.784073,-0.021956
1780388286.294,left,victory,0.207803,0.786314,0.000000,0.191602,0.771898,-0.010530,0.167004,0.753638,-0.014398,0.144292,0.756269,-0.018720,0.126914,0.765230,-0.021986,0.150882,0.697084,-0.003135,0.131762,0.653744,-0.011733,0.120532,0.627145,-0.017607,0.112198,0.605077,-0.020687,0.143775,0.714209,-0.004030,0.109373,0.696603,-0.014694,0.088346,0.691190,-0.021570,0.069955,0.687080,-0.024338,0.143890,0.735453,-0.006589,0.116960,0.746831,-0.022797,0.131489,0.761413,-0.026137,0.144463,0.768251,-0.023043,0.148000,0.758618,-0.009983,0.126640,0.764419,-0.021820,0.130987,0.774589,-0.021983,0.137150,0.779815,-0.018848
1780388286.825,left,victory,0.250399,0.821715,0.000000,0.242261,0.795580,-0.021472,0.223517,0.781036,-0.032228,0.202067,0.794643,-0.041615,0.184021,0.812506,-0.050126,0.188862,0.723682,-0.015973,0.171334,0.676912,-0.030334,0.158301,0.644682,-0.041104,0.146856,0.618956,-0.047540,0.179082,0.747984,-0.013278,0.146010,0.726532,-0.029257,0.122414,0.715500,-0.039325,0.100972,0.707379,-0.043880,0.179257,0.776737,-0.012970,0.155794,0.787026,-0.034310,0.172227,0.795493,-0.039107,0.186569,0.797388,-0.035958,0.185822,0.805472,-0.014276,0.168243,0.812428,-0.030831,0.179260,0.817390,-0.031918,0.191563,0.815776,-0.028267
1780388287.373,left,victory,0.297164,0.869538,0.000000,0.293601,0.841109,-0.016112,0.279313,0.824762,-0.026752,0.257953,0.844422,-0.036954,0.238612,0.865509,-0.046504,0.246991,0.768410,-0.017643,0.232662,0.713660,-0.033872,0.222329,0.680481,-0.044800,0.213531,0.651945,-0.051217,0.233864,0.793667,-0.018947,0.199026,0.763152,-0.035522,0.174143,0.748404,-0.044928,0.152125,0.736595,-0.049190,0.232024,0.826344,-0.021806,0.209509,0.833628,-0.042598,0.229481,0.840223,-0.045000,0.244920,0.840583,-0.040735,0.238226,0.859126,-0.025787,0.229205,0.870682,-0.042044,0.243541,0.873706,-0.041218,0.255057,0.869371,-0.036315
1780388287.898,left,victory,0.354448,0.897050,0.000000,0.373238,0.872620,-0.017829,0.384487,0.849886,-0.031712,0.374046,0.853276,-0.045112,0.356163,0.862739,-0.057602,0.359575,0.770515,-0.028454,0.359563,0.702779,-0.048732,0.358380,0.664348,-0.058854,0.353879,0.633000,-0.063704,0.331093,0.789779,-0.030883,0.312507,0.747736,-0.054484,0.296613,0.715967,-0.065930,0.279476,0.686103,-0.069334,0.315289,0.826623,-0.034351,0.336409,0.852595,-0.059033,0.356662,0.869960,-0.061385,0.365469,0.872339,-0.055121,0.308621,0.867020,-0.039131,0.332343,0.892208,-0.053565,0.351350,0.900093,-0.050209,0.361168,0.896595,-0.042839
1780388288.431,left,victory,0.445964,0.909269,0.000000,0.477349,0.909119,-0.013352,0.498333,0.896127,-0.025429,0.510561,0.888431,-0.038823,0.521312,0.894062,-0.050767,0.500931,0.789672,-0.015900,0.522202,0.732778,-0.030347,0.533229,0.695069,-0.038955,0.541056,0.662167,-0.044119,0.479892,0.782517,-0.020290,0.488177,0.727560,-0.037815,0.495731,0.690153,-0.046960,0.500936,0.659636,-0.050357,0.461597,0.794444,-0.025989,0.488867,0.808172,-0.046027,0.497814,0.842366,-0.048507,0.499458,0.863342,-0.044012,0.449465,0.821308,-0.033047,0.476539,0.842623,-0.043995,0.485149,0.866015,-0.041897,0.486503,0.879589,-0.036780
1780388288.937,left,victory,0.521772,0.850947,0.000000,0.563028,0.862053,0.000203,0.588670,0.855947,-0.004033,0.607948,0.855591,-0.012367,0.621138,0.841802,-0.019101,0.588675,0.748854,0.006336,0.615718,0.733774,-0.002851,0.632431,0.713898,-0.009151,0.642944,0.692482,-0.012542,0.580338,0.733613,-0.003663,0.614415,0.690961,-0.016148,0.636615,0.661025,-0.022728,0.653772,0.634335,-0.024593,0.572634,0.736142,-0.014910,0.615869,0.762255,-0.033421,0.617211,0.810126,-0.035402,0.611021,0.841458,-0.030067,0.569013,0.756043,-0.026381,0.602941,0.790373,-0.036807,0.603645,0.824195,-0.034174,0.597438,0.848182,-0.028592
1780388289.448,left,victory,0.581500,0.739724,0.000000,0.603329,0.776097,-0.006468,0.627536,0.796974,-0.009657,0.650246,0.806698,-0.015596,0.666553,0.791454,-0.020362,0.650213,0.729378,0.010567,0.675488,0.716088,0.005971,0.692308,0.706909,0.002481,0.705638,0.697680,0.000873,0.652054,0.711855,0.006831,0.685776,0.684051,-0.001252,0.708325,0.671013,-0.007307,0.725547,0.655761,-0.009374,0.648833,0.696215,0.000519,0.681325,0.721682,-0.017059,0.672533,0.760080,-0.024556,0.658281,0.779081,-0.023404,0.644050,0.685365,-0.006012,0.667440,0.721250,-0.019475,0.659262,0.749932,-0.023091,0.644656,0.764519,-0.021927
1780388289.964,left,victory,0.647572,0.667175,0.000000,0.659252,0.703886,-0.008260,0.679796,0.729919,-0.012755,0.701277,0.740689,-0.018143,0.716980,0.729447,-0.022407,0.702762,0.707638,-0.004609,0.728318,0.737105,-0.011712,0.742664,0.753536,-0.015144,0.755311,0.764356,-0.016833,0.708727,0.686895,-0.006557,0.751476,0.679421,-0.017364,0.772028,0.678659,-0.021189,0.789197,0.675773,-0.021910,0.708703,0.666147,-0.009676,0.738960,0.690467,-0.026508,0.720674,0.714225,-0.026231,0.704188,0.720972,-0.020830,0.705280,0.646621,-0.013214,0.722461,0.679714,-0.026361,0.709122,0.698281,-0.025212,0.695288,0.701533,-0.021008
1780388290.509,left,victory,0.687970,0.669666,0.000000,0.696689,0.705613,-0.007323,0.714153,0.733051,-0.011120,0.732695,0.737230,-0.015910,0.745324,0.722185,-0.019872,0.744792,0.730876,-0.003405,0.765035,0.762328,-0.010848,0.777241,0.780104,-0.015674,0.788474,0.792361,-0.018592,0.750544,0.706106,-0.006497,0.786974,0.710035,-0.016754,0.805790,0.713620,-0.022439,0.820779,0.713457,-0.024486,0.747924,0.680991,-0.010585,0.768211,0.699194,-0.027167,0.749393,0.714536,-0.029228,0.733958,0.718589,-0.025213,0.740065,0.658064,-0.014936,0.749991,0.682872,-0.027872,0.737198,0.698947,-0.027360,0.724896,0.703537,-0.023331
1780388291.016,left,victory,0.745381,0.680793,0.000000,0.756577,0.715802,-0.005974,0.776325,0.738837,-0.008274,0.794886,0.743722,-0.011719,0.806940,0.731185,-0.014415,0.804882,0.725638,-0.000611,0.828476,0.750430,-0.006138,0.842994,0.762626,-0.009932,0.855507,0.769870,-0.012445,0.808262,0.702011,-0.003654,0.845102,0.695938,-0.012194,0.864484,0.695756,-0.017464,0.879206,0.692450,-0.019782,0.804569,0.679980,-0.007729,0.829777,0.692039,-0.022573,0.816046,0.716739,-0.025595,0.802087,0.727503,-0.023137,0.797014,0.660537,-0.011972,0.812146,0.682980,-0.023812,0.803187,0.702457,-0.024251,0.792409,0.709652,-0.021628
1780388291.569,left,victory,0.806690,0.753645,0.000000,0.820671,0.792531,-0.005854,0.841567,0.812459,-0.007472,0.861588,0.820664,-0.011348,0.877499,0.814115,-0.014631,0.866262,0.772412,0.005021,0.895095,0.768188,0.000061,0.913802,0.762495,-0.003841,0.929618,0.757260,-0.006477,0.868245,0.758270,0.001903,0.902771,0.747320,-0.006555,0.925979,0.746437,-0.013326,0.943651,0.745375,-0.016972,0.866126,0.742905,-0.003050,0.893860,0.765822,-0.018281,0.882766,0.793413,-0.023994,0.868178,0.805134,-0.023340,0.862479,0.729853,-0.008348,0.882297,0.756991,-0.020725,0.876152,0.781849,-0.023989,0.864549,0.794319,-0.023549
1780388292.070,left,victory,0.818125,0.776659,0.000000,0.828936,0.814955,-0.008086,0.853654,0.845653,-0.011439,0.875613,0.860586,-0.016041,0.891599,0.850861,-0.019346,0.887198,0.816991,-0.001192,0.915717,0.840569,-0.007681,0.932382,0.851846,-0.011789,0.946673,0.857934,-0.014065,0.890766,0.791541,-0.004695,0.935811,0.785728,-0.015231,0.960945,0.789847,-0.021549,0.980236,0.790964,-0.023890,0.887604,0.769527,-0.009620,0.914099,0.802991,-0.027893,0.898285,0.831350,-0.032124,0.882846,0.840785,-0.029187,0.881421,0.754102,-0.014804,0.897453,0.794289,-0.028786,0.884583,0.815453,-0.029351,0.870183,0.820907,-0.026159
1780388292.572,left,victory,0.790827,0.649875,0.000000,0.812906,0.693914,-0.008811,0.841857,0.713150,-0.014103,0.858440,0.694266,-0.020997,0.864878,0.665383,-0.027008,0.884269,0.673614,-0.004839,0.915446,0.684405,-0.015899,0.934014,0.694091,-0.023837,0.950137,0.700691,-0.029064,0.880868,0.636884,-0.010689,0.923518,0.610077,-0.025603,0.950689,0.596879,-0.036674,0.971858,0.582095,-0.042522,0.866768,0.611139,-0.017828,0.889742,0.618453,-0.040661,0.877055,0.650940,-0.048074,0.863983,0.667924,-0.046951,0.846079,0.596900,-0.025210,0.858989,0.629876,-0.042191,0.855114,0.658070,-0.044900,0.850025,0.671405,-0.043419
1780388293.115,left,victory,0.767620,0.475180,0.000000,0.792894,0.506842,-0.011892,0.824130,0.507330,-0.017384,0.837415,0.471590,-0.023579,0.840170,0.431070,-0.028550,0.866315,0.465422,-0.007140,0.904638,0.470379,-0.016361,0.928656,0.472488,-0.022063,0.947573,0.471302,-0.025969,0.858031,0.428308,-0.010731,0.894881,0.384266,-0.023715,0.917492,0.362430,-0.032397,0.933468,0.341778,-0.036711,0.840773,0.404569,-0.015940,0.862245,0.397219,-0.038149,0.850005,0.429207,-0.044676,0.837167,0.446090,-0.042896,0.819854,0.394046,-0.021677,0.833046,0.409992,-0.040443,0.828012,0.433293,-0.043979,0.821083,0.442521,-0.042391
1780388293.623,left,victory,0.773054,0.377974,0.000000,0.800724,0.402443,-0.013562,0.832822,0.395517,-0.018944,0.848704,0.361927,-0.024884,0.849598,0.323530,-0.029597,0.859959,0.354628,-0.006749,0.899950,0.352817,-0.016312,0.922337,0.354049,-0.022206,0.940847,0.352926,-0.025826,0.852544,0.323606,-0.008080,0.886500,0.275875,-0.021326,0.905463,0.251583,-0.029820,0.919723,0.230276,-0.033840,0.838269,0.307063,-0.011150,0.863497,0.292507,-0.031233,0.852224,0.320220,-0.034590,0.839469,0.338311,-0.030608,0.822776,0.302433,-0.015111,0.845530,0.300581,-0.029630,0.843431,0.316636,-0.029139,0.834958,0.326186,-0.024994
1780388294.256,left,victory,0.767782,0.330715,0.000000,0.792695,0.352668,-0.005945,0.823341,0.351880,-0.008629,0.842803,0.331906,-0.012868,0.848276,0.302355,-0.015966,0.846963,0.304823,-0.001843,0.881595,0.303252,-0.008648,0.900298,0.303735,-0.012910,0.916047,0.303652,-0.015693,0.841135,0.276715,-0.006713,0.878183,0.224337,-0.017675,0.899845,0.201331,-0.024508,0.915386,0.181533,-0.027633,0.828335,0.260480,-0.012577,0.858379,0.254107,-0.030917,0.850322,0.292734,-0.034519,0.838565,0.314406,-0.031512,0.813279,0.255125,-0.018537,0.836902,0.269081,-0.032691,0.835364,0.296297,-0.033150,0.827949,0.308457,-0.030120
1780388294.771,left,victory,0.736585,0.324193,0.000000,0.767593,0.340275,0.000158,0.796840,0.339089,-0.001018,0.817795,0.329606,-0.005724,0.825491,0.305464,-0.009466,0.811770,0.273231,0.006148,0.844188,0.254985,0.000772,0.860893,0.244824,-0.002896,0.875226,0.232674,-0.005259,0.806191,0.250231,-0.002219,0.841696,0.198021,-0.012457,0.863116,0.168019,-0.020414,0.877973,0.143062,-0.024203,0.795694,0.238662,-0.011302,0.828678,0.245017,-0.027258,0.827802,0.289269,-0.031728,0.821260,0.316442,-0.029581,0.785212,0.239124,-0.020243,0.811716,0.257733,-0.029979,0.814317,0.291674,-0.029620,0.809653,0.313981,-0.026595
1780388295.291,left,victory,0.706813,0.386625,0.000000,0.720399,0.333783,0.022846,0.736024,0.314144,0.026655,0.752306,0.302069,0.025713,0.762338,0.293202,0.025552,0.752840,0.290264,0.003295,0.775206,0.249284,-0.006377,0.785540,0.215299,-0.010581,0.792305,0.187777,-0.011676,0.763810,0.304214,-0.009493,0.804909,0.273190,-0.025570,0.829584,0.249268,-0.033338,0.846676,0.233488,-0.035753,0.770753,0.331997,-0.017992,0.794301,0.345378,-0.020085,0.787784,0.352670,-0.009713,0.780193,0.355543,0.000208,0.772136,0.366458,-0.025265,0.787433,0.375107,-0.014957,0.779129,0.381945,0.000186,0.770792,0.383301,0.012527
1780388295.792,left,victory,0.698274,0.414148,0.000000,0.667778,0.367415,-0.009317,0.662230,0.322844,-0.014221,0.666343,0.302229,-0.016902,0.672633,0.293021,-0.018921,0.715744,0.283541,-0.012477,0.721683,0.224584,-0.010236,0.726427,0.195101,-0.007549,0.733350,0.171204,-0.005784,0.732955,0.299451,-0.006895,0.732873,0.255702,-0.004028,0.727775,0.240232,-0.000337,0.730107,0.229949,0.002172,0.737814,0.316316,-0.001298,0.726397,0.277595,-0.001302,0.713155,0.262690,-0.000807,0.709829,0.259780,0.000502,0.733521,0.326843,0.004033,0.724086,0.287640,0.003072,0.714972,0.272506,0.004943,0.711767,0.268610,0.007715
1780388296.306,left,victory,0.557525,0.555609,0.000000,0.537559,0.485954,-0.006881,0.541338,0.423625,-0.013755,0.560067,0.395646,-0.019474,0.573679,0.386658,-0.025312,0.577129,0.386698,-0.026929,0.582363,0.296521,-0.039353,0.589304,0.245976,-0.046838,0.596148,0.206436,-0.051023,0.604224,0.403221,-0.025941,0.628966,0.321842,-0.033932,0.647751,0.276167,-0.036964,0.664258,0.244568,-0.038235,0.619114,0.429891,-0.023826,0.613478,0.398716,-0.027616,0.599136,0.408314,-0.025269,0.589755,0.429397,-0.021701,0.624815,0.457521,-0.022563,0.615490,0.436051,-0.025074,0.601936,0.445313,-0.021005,0.593060,0.464159,-0.015775
1780388296.813,left,victory,0.469405,0.716887,0.000000,0.456298,0.639414,-0.004227,0.469647,0.576124,-0.011926,0.498702,0.557771,-0.019321,0.522925,0.562013,-0.026604,0.494960,0.544815,-0.026325,0.504325,0.449268,-0.038017,0.511539,0.396459,-0.043225,0.518637,0.356712,-0.045485,0.524557,0.565550,-0.027993,0.557687,0.480386,-0.038303,0.581862,0.429572,-0.043439,0.603144,0.397308,-0.045659,0.542452,0.597006,-0.027493,0.544250,0.553689,-0.031814,0.529107,0.559054,-0.027400,0.518230,0.576016,-0.022242,0.551805,0.626883,-0.027618,0.544203,0.595619,-0.027003,0.531661,0.601846,-0.018508,0.523451,0.618123,-0.010303
1780388297.379,left,victory,0.470082,0.735547,0.000000,0.458712,0.651495,-0.002790,0.475588,0.589339,-0.009635,0.507352,0.577604,-0.016293,0.532611,0.586542,-0.022917,0.500369,0.563391,-0.024248,0.513729,0.470308,-0.035089,0.522757,0.417631,-0.039754,0.530859,0.376037,-0.041755,0.529626,0.587130,-0.026743,0.566389,0.504408,-0.036374,0.593159,0.455041,-0.041104,0.616520,0.423205,-0.043021,0.547537,0.619433,-0.027060,0.553551,0.566385,-0.031953,0.537203,0.565186,-0.028296,0.524595,0.578434,-0.023525,0.557778,0.650058,-0.027738,0.549950,0.610095,-0.027519,0.535789,0.611233,-0.019491,0.526683,0.624802,-0.011671
1780388297.947,left,victory,0.485626,0.736649,0.000000,0.469100,0.658213,-0.017049,0.484311,0.589422,-0.030832,0.515786,0.553072,-0.039451,0.541807,0.546389,-0.047251,0.506700,0.610279,-0.054175,0.522549,0.515649,-0.070274,0.533054,0.462053,-0.076723,0.542888,0.419769,-0.080295,0.536588,0.630003,-0.047807,0.576475,0.543254,-0.064794,0.604535,0.492827,-0.070410,0.628334,0.458758,-0.072932,0.554853,0.645849,-0.038382,0.562556,0.566551,-0.048488,0.542965,0.565344,-0.040322,0.528804,0.580342,-0.031769,0.564490,0.654022,-0.029896,0.560094,0.591192,-0.035167,0.544942,0.589764,-0.027392,0.535937,0.603087,-0.019248
1780388298.468,left,victory,0.488347,0.722995,0.000000,0.482599,0.653831,0.002560,0.496986,0.597301,-0.005590,0.523832,0.574534,-0.014739,0.547898,0.567702,-0.023757,0.491652,0.568206,-0.027176,0.508478,0.485939,-0.041557,0.518806,0.441672,-0.047555,0.528211,0.410756,-0.049724,0.512101,0.589360,-0.035927,0.545053,0.497249,-0.050564,0.566432,0.443321,-0.055886,0.583617,0.405519,-0.058107,0.534276,0.621553,-0.041892,0.568700,0.553732,-0.052928,0.558566,0.566634,-0.045247,0.545848,0.586057,-0.036454,0.553616,0.657064,-0.047315,0.571053,0.596410,-0.049849,0.561038,0.604376,-0.037699,0.552465,0.621706,-0.026532
1780388298.979,left,victory,0.492234,0.729090,0.000000,0.488712,0.657581,0.004667,0.502076,0.603060,-0.003824,0.526719,0.582414,-0.013983,0.550113,0.579363,-0.023920,0.496627,0.569073,-0.027521,0.512035,0.482975,-0.042710,0.519745,0.431097,-0.049414,0.525334,0.390440,-0.052768,0.514778,0.589406,-0.038027,0.548129,0.498774,-0.055560,0.568788,0.446410,-0.060933,0.583939,0.407936,-0.062916,0.534520,0.619871,-0.045594,0.574167,0.562034,-0.056703,0.566913,0.579059,-0.046284,0.554206,0.597180,-0.035644,0.552468,0.654367,-0.052849,0.576815,0.601635,-0.053511,0.568888,0.609668,-0.039416,0.558675,0.622456,-0.027252
1780388299.510,left,victory,0.476409,0.752293,0.000000,0.518839,0.719342,0.001471,0.541103,0.682215,-0.005980,0.560184,0.656918,-0.017755,0.576437,0.634385,-0.028159,0.501131,0.587822,-0.006860,0.518562,0.508578,-0.022058,0.535089,0.457190,-0.031403,0.548691,0.417778,-0.036165,0.499625,0.591510,-0.018399,0.527991,0.508149,-0.034381,0.546344,0.456624,-0.042085,0.560192,0.412332,-0.045268,0.504706,0.611950,-0.030033,0.560667,0.588661,-0.047010,0.567629,0.625261,-0.044340,0.561863,0.652623,-0.037031,0.516717,0.643564,-0.041987,0.557420,0.625226,-0.049149,0.564610,0.647411,-0.041954,0.561130,0.666953,-0.033795
1780388300.035,left,victory,0.417246,0.800705,0.000000,0.456479,0.804678,-0.007776,0.486722,0.788090,-0.016988,0.507836,0.776045,-0.029246,0.501956,0.770138,-0.039620,0.492076,0.672784,-0.007695,0.523539,0.629776,-0.020469,0.540914,0.594399,-0.027980,0.552942,0.565380,-0.032508,0.471120,0.661069,-0.016777,0.495273,0.593443,-0.035177,0.512353,0.551625,-0.044052,0.523961,0.519275,-0.046955,0.453750,0.670063,-0.026975,0.495659,0.678716,-0.049825,0.499928,0.727923,-0.050502,0.494769,0.759398,-0.043485,0.443417,0.697317,-0.038212,0.482756,0.718766,-0.051209,0.485087,0.752225,-0.047786,0.477625,0.773668,-0.041114
1780388300.548,left,victory,0.407168,0.819902,0.000000,0.448835,0.837771,-0.002925,0.478228,0.835466,-0.009809,0.497837,0.837515,-0.020307,0.499813,0.829085,-0.029456,0.489484,0.735368,-0.004344,0.524264,0.709456,-0.016442,0.545066,0.686397,-0.023963,0.560504,0.663622,-0.028458,0.475381,0.718159,-0.014396,0.508872,0.675186,-0.031344,0.531282,0.645645,-0.040629,0.548586,0.618794,-0.044215,0.460612,0.720215,-0.025144,0.499360,0.753259,-0.046795,0.498978,0.800887,-0.049008,0.492530,0.828495,-0.043407,0.449797,0.740560,-0.036327,0.483156,0.774913,-0.049059,0.486565,0.809004,-0.046620,0.483236,0.831101,-0.040782
1780388301.075,left,victory,0.420731,0.854271,0.000000,0.461367,0.878874,-0.003721,0.487943,0.882131,-0.011261,0.506533,0.891264,-0.022130,0.519856,0.896169,-0.031679,0.508939,0.784815,-0.005810,0.544999,0.771144,-0.018589,0.567769,0.751483,-0.026309,0.585675,0.731316,-0.030913,0.497343,0.764665,-0.015173,0.533379,0.733411,-0.032346,0.557186,0.709199,-0.040781,0.576207,0.687723,-0.043688,0.483534,0.765269,-0.025372,0.519609,0.808730,-0.048333,0.518419,0.859974,-0.051380,0.511265,0.891400,-0.046005,0.470891,0.784752,-0.035835,0.500945,0.828059,-0.049610,0.502312,0.863403,-0.047658,0.497352,0.886911,-0.041877
1780388301.617,left,victory,0.412764,0.865658,0.000000,0.451086,0.892858,-0.003555,0.480337,0.896682,-0.010754,0.498923,0.906705,-0.021530,0.505147,0.911801,-0.030870,0.502614,0.799612,-0.005726,0.539973,0.781666,-0.018357,0.562827,0.761385,-0.025596,0.580808,0.742197,-0.029896,0.489094,0.777448,-0.015619,0.525209,0.742354,-0.034716,0.549465,0.717134,-0.044395,0.568213,0.695710,-0.047580,0.473950,0.777208,-0.026128,0.509559,0.821789,-0.050251,0.507521,0.872715,-0.053361,0.500903,0.902832,-0.047531,0.460080,0.797111,-0.036856,0.491359,0.844599,-0.050324,0.490444,0.879755,-0.047648,0.484280,0.901569,-0.041297
1780388302.122,left,victory,0.405741,0.863689,0.000000,0.444499,0.891270,-0.003281,0.474530,0.895422,-0.010570,0.493272,0.903608,-0.021404,0.496310,0.900709,-0.030607,0.497714,0.797315,-0.006784,0.534148,0.778519,-0.019803,0.556821,0.759488,-0.027479,0.575010,0.740046,-0.032350,0.483148,0.774703,-0.017009,0.518138,0.739476,-0.036906,0.542018,0.715398,-0.046862,0.559992,0.694127,-0.050621,0.466517,0.772457,-0.027698,0.501630,0.815912,-0.050852,0.497791,0.865170,-0.051725,0.489828,0.891407,-0.045053,0.452039,0.791430,-0.038876,0.483627,0.838775,-0.051428,0.480435,0.872300,-0.047740,0.472418,0.890281,-0.041164
1780388302.631,left,victory,0.445531,0.837811,0.000000,0.489237,0.860189,-0.000460,0.516962,0.854182,-0.004966,0.536497,0.855453,-0.013136,0.550156,0.851474,-0.019796,0.529743,0.755221,0.001350,0.561876,0.739597,-0.009142,0.582497,0.719405,-0.016195,0.597858,0.699862,-0.020551,0.519057,0.739191,-0.008804,0.554276,0.702419,-0.022788,0.577649,0.676999,-0.030310,0.596545,0.654700,-0.033131,0.506742,0.743623,-0.019896,0.545075,0.779302,-0.039701,0.546507,0.828815,-0.042200,0.540761,0.859948,-0.037568,0.496211,0.767032,-0.031216,0.526476,0.805952,-0.043493,0.527837,0.840234,-0.041879,0.522764,0.863092,-0.036997
1780388303.142,left,victory,0.525159,0.803148,0.000000,0.568567,0.808164,0.003173,0.594738,0.798848,-0.000790,0.616245,0.796502,-0.009492,0.630925,0.775689,-0.016717,0.591744,0.689571,0.007698,0.619520,0.665847,-0.001738,0.637697,0.641511,-0.008420,0.649994,0.618613,-0.011964,0.585312,0.679957,-0.003689,0.621610,0.635649,-0.015474,0.645545,0.605690,-0.021014,0.664025,0.578933,-0.022396,0.580133,0.688123,-0.016170,0.628237,0.709460,-0.033229,0.629790,0.756655,-0.033675,0.622358,0.786466,-0.027855,0.578825,0.714095,-0.028740,0.616828,0.739208,-0.037857,0.615787,0.771211,-0.033837,0.606597,0.793998,-0.027506
1780388303.665,left,victory,0.497837,0.831182,0.000000,0.541458,0.843919,0.002735,0.569051,0.834639,-0.001865,0.589141,0.832906,-0.011423,0.603265,0.825813,-0.019478,0.574438,0.726150,0.005472,0.604232,0.705650,-0.004242,0.623786,0.680888,-0.010781,0.637220,0.657468,-0.015049,0.565626,0.711871,-0.006826,0.602308,0.667303,-0.020384,0.626122,0.638418,-0.027267,0.644862,0.612826,-0.029878,0.557186,0.716635,-0.019840,0.605270,0.743252,-0.038171,0.603532,0.794074,-0.037335,0.594093,0.824271,-0.030807,0.552782,0.740794,-0.033118,0.589247,0.778588,-0.043772,0.587816,0.811160,-0.040099,0.579066,0.829802,-0.034102
1780388304.228,left,victory,0.446383,0.779161,0.000000,0.482398,0.779923,-0.007676,0.515151,0.760086,-0.015697,0.537269,0.746562,-0.026200,0.532527,0.738714,-0.034857,0.517811,0.646444,-0.008631,0.551399,0.605617,-0.021233,0.568679,0.573124,-0.028642,0.579974,0.543365,-0.033163,0.498128,0.631330,-0.017352,0.525185,0.562478,-0.034956,0.544201,0.520305,-0.044303,0.557147,0.484833,-0.047754,0.480293,0.636836,-0.027032,0.523645,0.648054,-0.049975,0.531352,0.698670,-0.052542,0.529485,0.729665,-0.046840,0.469126,0.661007,-0.037511,0.509328,0.687070,-0.051182,0.514093,0.722194,-0.049196,0.510052,0.744965,-0.043603
1780388304.738,left,victory,0.340144,0.730889,0.000000,0.374440,0.706041,-0.014378,0.399993,0.671078,-0.024309,0.404393,0.639468,-0.035733,0.397671,0.614061,-0.045924,0.375243,0.551669,-0.016361,0.377543,0.464978,-0.031509,0.376950,0.407275,-0.040898,0.377196,0.358954,-0.045814,0.350276,0.548231,-0.021155,0.358571,0.465436,-0.040622,0.362505,0.402344,-0.052631,0.364313,0.354187,-0.057206,0.327982,0.562910,-0.027183,0.355202,0.550830,-0.052959,0.372180,0.590771,-0.059628,0.380299,0.626384,-0.055553,0.310446,0.592733,-0.034157,0.338279,0.588807,-0.050399,0.356775,0.613022,-0.050250,0.368696,0.637092,-0.044689
1780388305.243,left,victory,0.257937,0.676085,0.000000,0.284198,0.635076,-0.017606,0.300972,0.579752,-0.030100,0.297671,0.537030,-0.043365,0.275463,0.535307,-0.054917,0.264234,0.475628,-0.018590,0.275735,0.395764,-0.034654,0.278293,0.349126,-0.044272,0.276785,0.309298,-0.049528,0.233922,0.483782,-0.023067,0.213650,0.394109,-0.045223,0.201260,0.337460,-0.058248,0.188872,0.290947,-0.063096,0.212575,0.513639,-0.028673,0.237719,0.483896,-0.057813,0.263468,0.521776,-0.062892,0.275603,0.553349,-0.056516,0.201499,0.551899,-0.035468,0.229017,0.531085,-0.053584,0.252226,0.548082,-0.051807,0.267193,0.566881,-0.044603
1780388305.748,left,victory,0.240518,0.672442,0.000000,0.275969,0.603983,0.002865,0.292478,0.548877,-0.006658,0.305310,0.510664,-0.020912,0.319242,0.492512,-0.033478,0.238202,0.478073,-0.010737,0.244444,0.397595,-0.025390,0.248262,0.342722,-0.034967,0.249805,0.299085,-0.042070,0.235824,0.491054,-0.024598,0.244357,0.401099,-0.047375,0.250709,0.341026,-0.060978,0.256319,0.293011,-0.068843,0.241830,0.519745,-0.037135,0.291230,0.462042,-0.056416,0.309005,0.490696,-0.051400,0.312829,0.515848,-0.043056,0.258465,0.552613,-0.050030,0.295677,0.505537,-0.058083,0.312521,0.515960,-0.050229,0.318655,0.529997,-0.042133
1780388306.286,left,victory,0.264232,0.690747,0.000000,0.245293,0.609389,0.004296,0.250443,0.533102,-0.005734,0.278012,0.485143,-0.017654,0.302339,0.466164,-0.028780,0.225418,0.515596,-0.029891,0.233850,0.413344,-0.048840,0.245730,0.358644,-0.059807,0.257388,0.317696,-0.065886,0.244818,0.542650,-0.041210,0.263173,0.432481,-0.059007,0.284244,0.374189,-0.064900,0.301401,0.334888,-0.069017,0.271080,0.566567,-0.050302,0.304586,0.460846,-0.061873,0.313049,0.462253,-0.054976,0.312697,0.482417,-0.048399,0.298905,0.586569,-0.059531,0.323961,0.500867,-0.061605,0.324267,0.491153,-0.052556,0.318868,0.494702,-0.045139
1780388306.793,left,victory,0.356084,0.719604,0.000000,0.385873,0.675182,-0.007300,0.406259,0.615845,-0.016728,0.417109,0.575375,-0.028303,0.406913,0.550885,-0.038575,0.353399,0.523169,-0.010262,0.359007,0.451133,-0.026322,0.369246,0.406500,-0.037123,0.380504,0.373682,-0.043144,0.332191,0.534415,-0.018258,0.327011,0.442586,-0.035877,0.348803,0.404364,-0.043413,0.371137,0.389735,-0.045314,0.319633,0.557969,-0.027504,0.342160,0.487337,-0.049159,0.371515,0.511130,-0.049737,0.389701,0.545349,-0.044207,0.319039,0.587400,-0.037630,0.353438,0.547455,-0.054341,0.378488,0.563120,-0.054024,0.392975,0.587457,-0.049367
1780388307.337,left,victory,0.368495,0.743688,0.000000,0.398122,0.718416,-0.015060,0.423244,0.674411,-0.027406,0.436273,0.643723,-0.040684,0.424612,0.634424,-0.052247,0.393833,0.552577,-0.017468,0.403037,0.481770,-0.035144,0.412206,0.440364,-0.046038,0.422317,0.408454,-0.052360,0.366047,0.558029,-0.023366,0.360340,0.471852,-0.044353,0.378698,0.441598,-0.053155,0.397623,0.430906,-0.055378,0.345424,0.581661,-0.031191,0.371410,0.538265,-0.057641,0.395933,0.579681,-0.060184,0.410103,0.620785,-0.054462,0.336415,0.616896,-0.040572,0.373079,0.611808,-0.061284,0.393930,0.637324,-0.064041,0.404686,0.659790,-0.060928
1780388307.850,left,victory,0.328383,0.735618,0.000000,0.351258,0.734737,-0.013203,0.369526,0.730631,-0.024546,0.367098,0.728791,-0.036833,0.350784,0.729635,-0.048640,0.387006,0.639862,-0.013869,0.408054,0.603406,-0.030597,0.420778,0.587545,-0.040032,0.428970,0.582842,-0.043442,0.365424,0.618905,-0.016583,0.373264,0.567738,-0.033898,0.377724,0.554052,-0.040977,0.379211,0.556320,-0.041029,0.343387,0.615664,-0.021239,0.347212,0.631207,-0.041244,0.349537,0.674672,-0.045419,0.350446,0.709177,-0.040792,0.324082,0.626422,-0.027089,0.330065,0.657300,-0.039863,0.334256,0.692338,-0.040313,0.338005,0.718670,-0.035761
1780388308.358,left,victory,0.392814,0.628213,0.000000,0.409474,0.641402,-0.008394,0.422144,0.644886,-0.014703,0.418588,0.639885,-0.021690,0.412380,0.632162,-0.028585,0.441587,0.596155,-0.010250,0.456041,0.582259,-0.020800,0.463385,0.583881,-0.027607,0.467683,0.592443,-0.030792,0.430817,0.569033,-0.011824,0.429464,0.545446,-0.024486,0.431205,0.541662,-0.031261,0.433138,0.544197,-0.033160,0.417914,0.552284,-0.014369,0.408233,0.564901,-0.028724,0.401269,0.597396,-0.031429,0.397298,0.621987,-0.028586,0.405340,0.545644,-0.017442,0.399466,0.558222,-0.026305,0.395650,0.582948,-0.025182,0.394133,0.601351,-0.021231
1780388308.900,left,victory,0.535111,0.549127,0.000000,0.549530,0.564173,-0.009675,0.562833,0.567080,-0.015032,0.564437,0.550710,-0.020634,0.565127,0.531950,-0.026013,0.592797,0.539009,-0.006198,0.614391,0.537126,-0.013630,0.627916,0.533848,-0.019314,0.640432,0.530114,-0.023231,0.588596,0.514023,-0.007081,0.608717,0.493294,-0.015034,0.620811,0.477428,-0.022054,0.632923,0.463656,-0.026214,0.578970,0.497787,-0.009028,0.589744,0.483713,-0.021803,0.578381,0.499044,-0.026241,0.569146,0.511723,-0.025631,0.565913,0.490996,-0.011536,0.568183,0.484305,-0.022973,0.561555,0.497065,-0.024864,0.555839,0.508664,-0.023353
1780388309.460,left,victory,0.510987,0.540872,0.000000,0.527172,0.545554,-0.007140,0.541852,0.537104,-0.010458,0.547149,0.518579,-0.014506,0.548671,0.497877,-0.018276,0.570207,0.520274,-0.003595,0.593354,0.517794,-0.010577,0.607561,0.513966,-0.015271,0.619413,0.509966,-0.018160,0.565124,0.504059,-0.006205,0.586544,0.478360,-0.014846,0.599444,0.459655,-0.021524,0.609227,0.444833,-0.024971,0.554605,0.495168,-0.009982,0.565676,0.480666,-0.023423,0.559107,0.487222,-0.029062,0.552519,0.493054,-0.029178,0.542268,0.491666,-0.014141,0.548125,0.482821,-0.024994,0.546803,0.483829,-0.027908,0.545120,0.485119,-0.027669
1780388309.961,left,victory,0.418884,0.596412,0.000000,0.437156,0.586697,-0.008442,0.449873,0.562588,-0.012840,0.448023,0.535459,-0.017409,0.441352,0.512643,-0.021611,0.453765,0.513394,-0.007645,0.467841,0.481659,-0.015486,0.476754,0.462375,-0.021384,0.484393,0.445475,-0.025429,0.441420,0.503178,-0.009651,0.448803,0.456234,-0.017623,0.454900,0.430283,-0.023277,0.459213,0.410032,-0.027088,0.427718,0.504830,-0.012709,0.433930,0.471062,-0.024608,0.439439,0.490754,-0.027611,0.441040,0.510338,-0.027209,0.414208,0.514881,-0.016410,0.422788,0.498211,-0.026708,0.428854,0.513156,-0.028036,0.431059,0.528664,-0.027246
1780388310.489,left,victory,0.356484,0.576186,0.000000,0.372427,0.549219,0.005156,0.382196,0.525544,0.002685,0.394063,0.508538,-0.002543,0.405936,0.495525,-0.006724,0.357626,0.484578,-0.001372,0.361973,0.439024,-0.007486,0.367173,0.411838,-0.010795,0.372209,0.391035,-0.012954,0.358533,0.488047,-0.009242,0.365140,0.436053,-0.019208,0.373630,0.407102,-0.025045,0.380972,0.385965,-0.028186,0.364099,0.499021,-0.016240,0.390090,0.468625,-0.025111,0.399634,0.485762,-0.023484,0.402080,0.500581,-0.019956,0.373367,0.512650,-0.022894,0.394209,0.497520,-0.026425,0.400051,0.508348,-0.023114,0.400067,0.517562,-0.019563
1780388311.018,left,victory,0.375441,0.580754,0.000000,0.374911,0.539860,0.008886,0.381319,0.506806,0.008125,0.390825,0.487340,0.004924,0.401602,0.477052,0.002222,0.378276,0.485477,-0.005228,0.387114,0.437914,-0.012160,0.393353,0.410901,-0.015137,0.398194,0.391530,-0.016625,0.384772,0.494544,-0.013447,0.399613,0.444634,-0.022475,0.410135,0.418417,-0.026514,0.417547,0.401932,-0.028664,0.392754,0.509053,-0.020001,0.417599,0.475804,-0.025825,0.425164,0.486482,-0.021820,0.426400,0.497364,-0.017429,0.401729,0.526608,-0.025854,0.420932,0.504472,-0.026481,0.426350,0.508404,-0.021336,0.426662,0.512897,-0.016679
1780388311.546,left,victory,0.445605,0.576299,0.000000,0.461455,0.551780,0.002540,0.469081,0.529963,-0.000381,0.473611,0.513732,-0.004980,0.478480,0.501634,-0.009416,0.449292,0.495855,-0.006730,0.453572,0.455301,-0.013738,0.460618,0.432751,-0.018196,0.467315,0.417091,-0.020649,0.448153,0.503361,-0.011583,0.471474,0.484106,-0.020641,0.481899,0.495583,-0.023054,0.486122,0.508588,-0.022854,0.451679,0.516197,-0.015872,0.475942,0.501411,-0.022859,0.484210,0.511776,-0.021511,0.486878,0.523126,-0.018835,0.457691,0.529588,-0.019909,0.475223,0.518730,-0.022247,0.482602,0.522114,-0.019242,0.486451,0.526913,-0.016049
1780388312.062,left,victory,0.532169,0.584262,0.000000,0.543899,0.569685,-0.008606,0.551669,0.550128,-0.014055,0.546930,0.538141,-0.019578,0.537028,0.533500,-0.024491,0.538735,0.495751,-0.006445,0.543957,0.462692,-0.013207,0.547031,0.441754,-0.017996,0.549434,0.423952,-0.020888,0.527836,0.499543,-0.007679,0.520141,0.462201,-0.015241,0.517498,0.440169,-0.020243,0.515506,0.421550,-0.022693,0.519242,0.512976,-0.009845,0.521249,0.493197,-0.021151,0.530351,0.511109,-0.022740,0.535082,0.526568,-0.020312,0.512987,0.531627,-0.012623,0.516971,0.517462,-0.020727,0.524675,0.526752,-0.019875,0.528840,0.536511,-0.016957
1780388312.567,left,victory,0.518551,0.605503,0.000000,0.520999,0.599904,-0.015301,0.516088,0.583699,-0.022404,0.502202,0.568034,-0.027627,0.491800,0.553519,-0.032170,0.533273,0.534074,-0.014582,0.541911,0.505838,-0.023166,0.546312,0.485250,-0.028559,0.548983,0.466830,-0.031625,0.522375,0.523073,-0.011973,0.523840,0.481672,-0.021188,0.521556,0.453882,-0.026388,0.520193,0.429474,-0.028254,0.511564,0.526414,-0.010739,0.501270,0.508160,-0.024206,0.497108,0.529591,-0.027912,0.497026,0.546436,-0.026138,0.503351,0.537403,-0.010416,0.494095,0.526921,-0.021882,0.491982,0.542886,-0.023541,0.493772,0.556803,-0.021623
1780388313.079,left,victory,0.467670,0.597676,0.000000,0.474416,0.589304,-0.011737,0.473322,0.569606,-0.017919,0.460585,0.552399,-0.023397,0.450760,0.535606,-0.028249,0.485977,0.522382,-0.010345,0.496688,0.492022,-0.018745,0.502739,0.470869,-0.024313,0.506686,0.452013,-0.027680,0.474639,0.513691,-0.009859,0.476142,0.471054,-0.019205,0.474521,0.441850,-0.025113,0.473048,0.415482,-0.027765,0.463829,0.517887,-0.010459,0.458210,0.495194,-0.023251,0.457069,0.515911,-0.026004,0.457180,0.532183,-0.023979,0.454938,0.529707,-0.011828,0.449766,0.520148,-0.022343,0.450257,0.535261,-0.022929,0.452438,0.548022,-0.020454
1780388313.591,left,victory,0.436578,0.622974,0.000000,0.451133,0.617485,-0.010932,0.459108,0.600418,-0.017517,0.449390,0.582533,-0.023990,0.439397,0.566275,-0.029877,0.466062,0.543451,-0.010345,0.480333,0.511359,-0.019836,0.489417,0.491415,-0.025689,0.496068,0.474064,-0.029079,0.452701,0.533922,-0.011484,0.455857,0.487026,-0.022315,0.456687,0.457691,-0.028917,0.456819,0.432001,-0.031921,0.439623,0.538396,-0.013724,0.439361,0.516750,-0.028911,0.442711,0.543830,-0.031944,0.444725,0.563492,-0.029571,0.427509,0.551331,-0.016594,0.429000,0.541796,-0.028879,0.432768,0.560863,-0.029406,0.435572,0.575705,-0.026569
1780388314.145,left,victory,0.418528,0.689410,0.000000,0.444223,0.686624,-0.006546,0.460723,0.680406,-0.015326,0.473350,0.681714,-0.025846,0.482309,0.686130,-0.035703,0.463838,0.614220,-0.014484,0.482602,0.578633,-0.026129,0.495653,0.560104,-0.032681,0.507912,0.544820,-0.036627,0.450670,0.610162,-0.019848,0.462182,0.580925,-0.033951,0.472234,0.564442,-0.040409,0.481225,0.553257,-0.042920,0.439249,0.619482,-0.025698,0.463968,0.633790,-0.041620,0.473617,0.663626,-0.043868,0.478041,0.686437,-0.041187,0.431853,0.639998,-0.032218,0.453754,0.659927,-0.041909,0.463459,0.677900,-0.041801,0.469162,0.692353,-0.039252
1780388314.672,left,victory,0.335750,0.749473,0.000000,0.343224,0.695023,-0.004612,0.368452,0.663030,-0.011852,0.395257,0.654050,-0.017511,0.415732,0.655691,-0.022735,0.373716,0.661834,-0.029653,0.402344,0.615097,-0.040638,0.420981,0.589512,-0.045028,0.436881,0.569944,-0.047472,0.382900,0.697037,-0.031496,0.424530,0.675055,-0.041138,0.449791,0.666032,-0.041807,0.469132,0.660019,-0.041937,0.387950,0.731210,-0.031784,0.425530,0.707074,-0.038770,0.424746,0.696847,-0.032130,0.416930,0.693845,-0.025755,0.390022,0.761142,-0.032245,0.417989,0.733685,-0.035551,0.419321,0.718814,-0.029292,0.414035,0.713649,-0.023172
1780388315.219,left,victory,0.277638,0.822606,0.000000,0.265825,0.746344,-0.012917,0.289808,0.687535,-0.021559,0.324010,0.659638,-0.025511,0.346663,0.659031,-0.028496,0.298465,0.702721,-0.041499,0.325446,0.629386,-0.050294,0.343567,0.590522,-0.051984,0.359017,0.560047,-0.053194,0.320314,0.739751,-0.037128,0.362637,0.683713,-0.047601,0.389031,0.650011,-0.049907,0.407729,0.626391,-0.051961,0.336526,0.765843,-0.030919,0.371606,0.688194,-0.041902,0.363831,0.659800,-0.042044,0.352084,0.653926,-0.040355,0.349176,0.777291,-0.024460,0.364832,0.706854,-0.033607,0.352271,0.687869,-0.034120,0.340149,0.690593,-0.033178
1780388315.766,left,victory,0.288291,0.865592,0.000000,0.274905,0.783456,-0.013870,0.299978,0.718822,-0.024168,0.338066,0.693437,-0.027783,0.363126,0.696727,-0.031039,0.310902,0.752500,-0.051566,0.342872,0.687227,-0.060035,0.360674,0.647799,-0.061816,0.376386,0.612518,-0.063420,0.333784,0.786334,-0.044608,0.384184,0.722081,-0.055845,0.402413,0.707426,-0.057022,0.412062,0.706421,-0.056057,0.350785,0.809326,-0.034285,0.385815,0.724569,-0.039683,0.394895,0.674612,-0.039462,0.401931,0.648690,-0.039510,0.361807,0.818599,-0.023605,0.372341,0.746215,-0.024080,0.360738,0.720754,-0.020105,0.353954,0.715098,-0.017973
1780388316.308,left,victory,0.274252,0.904377,0.000000,0.258859,0.818439,-0.019274,0.285870,0.749155,-0.030707,0.327150,0.721369,-0.034132,0.353539,0.730322,-0.036985,0.294438,0.798120,-0.055541,0.326388,0.728308,-0.063140,0.343555,0.690053,-0.062996,0.359490,0.655200,-0.063382,0.318540,0.832935,-0.046850,0.368434,0.766551,-0.059321,0.386306,0.750928,-0.061407,0.395857,0.746657,-0.060828,0.336937,0.853044,-0.035136,0.374523,0.760971,-0.045143,0.387191,0.706154,-0.049788,0.396929,0.675211,-0.052468,0.348602,0.856862,-0.023003,0.359508,0.777504,-0.028555,0.348144,0.749502,-0.028528,0.341222,0.743174,-0.028865
1780388316.854,left,victory,0.266739,0.906263,0.000000,0.245561,0.823968,-0.019825,0.270537,0.745282,-0.030310,0.312502,0.710416,-0.032564,0.340534,0.716019,-0.034563,0.281856,0.799437,-0.056768,0.311047,0.729024,-0.064569,0.327343,0.685479,-0.065081,0.342289,0.646331,-0.066510,0.308551,0.831368,-0.047925,0.354092,0.757082,-0.058953,0.373405,0.729387,-0.061161,0.385422,0.715050,-0.062428,0.328196,0.846428,-0.036337,0.363441,0.749355,-0.047565,0.374921,0.692908,-0.054344,0.383580,0.661514,-0.059140,0.340771,0.844835,-0.024238,0.349359,0.762128,-0.032942,0.335234,0.734176,-0.036072,0.325321,0.728314,-0.039036
1780388317.359,left,victory,0.236167,0.923861,0.000000,0.214109,0.846084,-0.016980,0.230371,0.775373,-0.029092,0.262833,0.734875,-0.034990,0.287130,0.733668,-0.039134,0.236305,0.821814,-0.056593,0.256397,0.738813,-0.070745,0.269607,0.689599,-0.074556,0.282990,0.649143,-0.077027,0.265048,0.849426,-0.050546,0.311374,0.766780,-0.064805,0.332795,0.727051,-0.066592,0.346522,0.704015,-0.067850,0.287599,0.859232,-0.042087,0.317164,0.749854,-0.055436,0.305556,0.724055,-0.054664,0.293995,0.725108,-0.051922,0.303288,0.853993,-0.033616,0.312139,0.764905,-0.043216,0.294913,0.745652,-0.043672,0.281067,0.749645,-0.042939
1780388317.879,left,victory,0.252902,0.839558,0.000000,0.240761,0.769052,-0.015534,0.265014,0.704122,-0.026432,0.299267,0.671262,-0.031897,0.319041,0.682161,-0.036315,0.263495,0.718870,-0.049793,0.283458,0.644424,-0.061151,0.299802,0.599855,-0.064794,0.313732,0.565141,-0.067864,0.287025,0.754252,-0.045243,0.326480,0.692031,-0.057204,0.351663,0.655158,-0.059585,0.369294,0.630731,-0.062328,0.306431,0.779676,-0.038799,0.340512,0.697944,-0.049655,0.333770,0.678631,-0.049542,0.322738,0.682078,-0.048369,0.322995,0.792061,-0.032557,0.338511,0.719422,-0.040466,0.325081,0.704692,-0.041221,0.313376,0.710955,-0.041413
1780388318.430,left,victory,0.286334,0.734156,0.000000,0.292966,0.671170,-0.000641,0.314561,0.623735,-0.009153,0.339369,0.609688,-0.017563,0.357927,0.610210,-0.025314,0.308343,0.597918,-0.028789,0.331549,0.537253,-0.043109,0.346912,0.503065,-0.051821,0.359744,0.476117,-0.057276,0.312797,0.630893,-0.035213,0.348945,0.580971,-0.048436,0.371884,0.554695,-0.053343,0.388976,0.537211,-0.057136,0.321081,0.668539,-0.039949,0.366814,0.629305,-0.048933,0.376494,0.625220,-0.045457,0.375250,0.629171,-0.042178,0.331531,0.704111,-0.044775,0.367290,0.667805,-0.048830,0.374909,0.649846,-0.044722,0.375874,0.637175,-0.041063
1780388318.959,left,victory,0.326447,0.680458,0.000000,0.348715,0.662370,-0.011476,0.365666,0.633633,-0.020533,0.370318,0.613932,-0.030449,0.357880,0.609936,-0.039397,0.348847,0.544329,-0.012444,0.363453,0.493241,-0.024983,0.372480,0.462310,-0.033060,0.379818,0.437021,-0.037721,0.328888,0.548465,-0.016392,0.324035,0.487755,-0.031732,0.323660,0.448643,-0.041267,0.322573,0.417359,-0.045712,0.312848,0.567639,-0.021438,0.328951,0.544294,-0.041919,0.344879,0.573330,-0.046310,0.351986,0.597023,-0.043160,0.303371,0.595146,-0.027185,0.324800,0.583830,-0.041199,0.337320,0.602220,-0.041428,0.341899,0.618276,-0.037764
1780388319.486,left,victory,0.319303,0.650720,0.000000,0.334257,0.630048,-0.012007,0.339841,0.602569,-0.019853,0.328134,0.587061,-0.028029,0.312023,0.578640,-0.035517,0.334937,0.533876,-0.011932,0.345863,0.486514,-0.023352,0.352697,0.456487,-0.030512,0.356640,0.431189,-0.034579,0.316220,0.533100,-0.014024,0.306214,0.473970,-0.027345,0.299619,0.438482,-0.035226,0.292774,0.407215,-0.038693,0.301267,0.549246,-0.017154,0.296778,0.524774,-0.035854,0.308446,0.556299,-0.038561,0.315522,0.579202,-0.034584,0.289654,0.574332,-0.020946,0.289863,0.555530,-0.034749,0.299971,0.575303,-0.033420,0.307684,0.592476,-0.028527
1780388320.019,left,victory,0.339734,0.614017,0.000000,0.348709,0.598522,-0.012561,0.347512,0.577925,-0.019861,0.334100,0.564841,-0.026853,0.319004,0.554614,-0.033193,0.348473,0.518525,-0.011813,0.355205,0.475188,-0.022502,0.358142,0.447550,-0.029302,0.359094,0.423876,-0.033294,0.333147,0.515781,-0.012263,0.324824,0.466075,-0.024152,0.316672,0.435385,-0.031178,0.309080,0.408181,-0.034226,0.321286,0.527079,-0.013945,0.310964,0.505979,-0.029470,0.316485,0.529083,-0.032400,0.321813,0.545714,-0.029743,0.312956,0.546435,-0.016499,0.306524,0.538728,-0.028598,0.311507,0.553771,-0.028958,0.317636,0.565079,-0.025903
1780388320.556,left,victory,0.334575,0.605888,0.000000,0.344761,0.583855,-0.011024,0.344031,0.557484,-0.016981,0.329989,0.542567,-0.022836,0.314242,0.534551,-0.028037,0.339717,0.501169,-0.008401,0.345433,0.456494,-0.017181,0.347837,0.427911,-0.023348,0.348625,0.403887,-0.027191,0.324975,0.500145,-0.008759,0.316685,0.453113,-0.018431,0.309958,0.423782,-0.024922,0.303819,0.398465,-0.028215,0.313847,0.512244,-0.010290,0.304923,0.487398,-0.023074,0.310649,0.507861,-0.025362,0.315585,0.524579,-0.023156,0.306188,0.531203,-0.012718,0.300603,0.518732,-0.022818,0.306191,0.530998,-0.022843,0.312216,0.541935,-0.020066
1780388321.080,left,victory,0.273467,0.496184,0.000000,0.285788,0.473245,-0.016669,0.284873,0.438876,-0.024660,0.266268,0.415751,-0.031588,0.248513,0.399932,-0.037514,0.286339,0.373299,-0.012748,0.296577,0.320607,-0.024076,0.301480,0.287788,-0.031788,0.304257,0.260355,-0.036403,0.268072,0.369571,-0.011135,0.262590,0.311421,-0.023717,0.255898,0.275860,-0.031701,0.249974,0.244399,-0.035517,0.253745,0.380382,-0.011362,0.242659,0.348890,-0.028076,0.247034,0.373056,-0.031803,0.252529,0.394195,-0.029388,0.242727,0.399525,-0.012838,0.234414,0.378777,-0.025843,0.238494,0.392797,-0.026549,0.244402,0.407089,-0.023576
1780388321.587,left,victory,0.245893,0.472761,0.000000,0.260239,0.444674,-0.018051,0.258707,0.404884,-0.027497,0.234633,0.382844,-0.035937,0.211042,0.370806,-0.043446,0.254458,0.326444,-0.016073,0.264048,0.263582,-0.029131,0.268488,0.222882,-0.038235,0.270598,0.188496,-0.044125,0.232083,0.323649,-0.015471,0.220454,0.254295,-0.029864,0.209424,0.211130,-0.039751,0.199351,0.173953,-0.045039,0.215770,0.339029,-0.016468,0.199371,0.298742,-0.035948,0.205078,0.324840,-0.040828,0.211472,0.349355,-0.038817,0.205039,0.364947,-0.018726,0.195263,0.344643,-0.035187,0.202718,0.360777,-0.037032,0.211700,0.377218,-0.034257
1780388322.095,left,victory,0.358710,0.538472,0.000000,0.385680,0.528333,-0.017697,0.404648,0.507665,-0.030058,0.396527,0.480847,-0.042743,0.381574,0.461124,-0.054496,0.408492,0.399388,-0.018383,0.431216,0.342478,-0.035633,0.444991,0.308962,-0.047002,0.456155,0.280722,-0.053516,0.384269,0.387582,-0.021246,0.383920,0.304902,-0.040120,0.383221,0.251279,-0.052376,0.382256,0.207751,-0.058678,0.360977,0.399856,-0.025723,0.361185,0.364472,-0.049670,0.373069,0.402022,-0.054521,0.381209,0.434164,-0.051116,0.339029,0.425816,-0.031319,0.343690,0.403364,-0.048325,0.354146,0.429236,-0.046918,0.361545,0.452198,-0.041397
1780388322.606,left,victory,0.566006,0.589713,0.000000,0.597451,0.605005,-0.007990,0.627716,0.604154,-0.015900,0.646526,0.594314,-0.025822,0.646741,0.570152,-0.034390,0.651440,0.506859,-0.006615,0.687090,0.480778,-0.019407,0.708205,0.463358,-0.028130,0.725778,0.448563,-0.033313,0.636001,0.482470,-0.013404,0.662585,0.416341,-0.029236,0.682195,0.381139,-0.039289,0.698299,0.352620,-0.044058,0.616416,0.475761,-0.021295,0.648140,0.472454,-0.042656,0.651288,0.518328,-0.045934,0.647612,0.548494,-0.041769,0.597371,0.484643,-0.029741,0.623596,0.501117,-0.043953,0.629736,0.528355,-0.042931,0.629511,0.543476,-0.038285
1780388323.172,left,victory,0.576829,0.592098,0.000000,0.599768,0.614999,-0.002921,0.624298,0.622500,-0.005187,0.645765,0.618858,-0.010441,0.656753,0.598269,-0.014952,0.640573,0.562340,0.007530,0.669702,0.560003,0.004113,0.686384,0.558652,0.001560,0.700229,0.556817,-0.000009,0.638519,0.542405,0.002237,0.667876,0.503949,-0.004884,0.685788,0.485619,-0.009769,0.699163,0.471525,-0.012011,0.632654,0.528878,-0.004586,0.663005,0.530462,-0.018486,0.660787,0.566579,-0.022475,0.652005,0.590743,-0.020946,0.626231,0.522205,-0.011563,0.652093,0.532996,-0.022093,0.652562,0.562754,-0.023077,0.645139,0.586706,-0.021209
1780388323.697,left,victory,0.569835,0.597196,0.000000,0.584912,0.626017,-0.003613,0.604580,0.637915,-0.005978,0.623134,0.640375,-0.010550,0.636469,0.630173,-0.014536,0.621564,0.591079,0.006255,0.642358,0.592152,0.003971,0.655561,0.592328,0.002516,0.665758,0.593555,0.001591,0.622434,0.573828,0.002031,0.652059,0.544922,-0.002350,0.669413,0.534672,-0.004899,0.682250,0.527673,-0.005940,0.620468,0.559057,-0.003890,0.649992,0.562100,-0.015863,0.647500,0.594878,-0.020624,0.638207,0.616332,-0.020621,0.617989,0.547545,-0.009864,0.638610,0.565857,-0.020942,0.635119,0.591605,-0.024057,0.625347,0.607533,-0.024271
1780388324.226,left,victory,0.654792,0.670642,0.000000,0.671515,0.711581,-0.005716,0.698065,0.744731,-0.009064,0.719239,0.765190,-0.014138,0.734363,0.759521,-0.017557,0.734125,0.711805,-0.000396,0.768875,0.735703,-0.006524,0.788435,0.745559,-0.010741,0.805158,0.751774,-0.013464,0.735962,0.683440,-0.004934,0.781408,0.667347,-0.014891,0.806740,0.664969,-0.020574,0.827377,0.661347,-0.023076,0.730785,0.660012,-0.010507,0.765221,0.686637,-0.026047,0.750850,0.718234,-0.026649,0.735278,0.729047,-0.022313,0.721303,0.644690,-0.016577,0.743644,0.684285,-0.028366,0.733022,0.707344,-0.026706,0.719109,0.712598,-0.022258
1780388324.758,left,victory,0.699332,0.745722,0.000000,0.715929,0.802912,-0.003266,0.741560,0.845935,-0.008156,0.759085,0.872857,-0.016623,0.772337,0.875186,-0.023713,0.796601,0.810601,-0.001470,0.834716,0.849253,-0.010991,0.858492,0.865745,-0.016830,0.879352,0.874681,-0.020517,0.799235,0.774619,-0.010759,0.853197,0.773565,-0.026552,0.885228,0.779443,-0.035340,0.910612,0.779845,-0.038760,0.792183,0.746064,-0.020836,0.820038,0.804043,-0.044133,0.796656,0.845053,-0.047458,0.776558,0.858305,-0.042398,0.779677,0.731916,-0.030941,0.794523,0.798122,-0.046510,0.779379,0.821931,-0.045354,0.764465,0.823424,-0.040209
1780388325.301,left,victory,0.654843,0.686218,0.000000,0.673894,0.738487,-0.007711,0.699122,0.775915,-0.017464,0.714825,0.801072,-0.030202,0.725831,0.810047,-0.041325,0.764121,0.736556,-0.012860,0.809558,0.767386,-0.028732,0.837935,0.780342,-0.038144,0.861978,0.785530,-0.043754,0.760606,0.693412,-0.022892,0.815911,0.683833,-0.044355,0.850434,0.680630,-0.056648,0.878326,0.673265,-0.061894,0.745888,0.661484,-0.033542,0.771455,0.717322,-0.061316,0.751599,0.763685,-0.064837,0.733770,0.782785,-0.058791,0.725164,0.647396,-0.044568,0.738556,0.711126,-0.062380,0.726247,0.743925,-0.060112,0.713858,0.753758,-0.053253
1780388325.831,left,victory,0.580922,0.755478,0.000000,0.606465,0.851391,-0.016798,0.628521,0.915284,-0.038560,0.631656,0.961638,-0.063278,0.628291,0.982023,-0.085877,0.696475,0.883865,-0.046994,0.763424,0.933099,-0.076624,0.802140,0.960864,-0.091728,0.836478,0.980119,-0.100949,0.691022,0.823952,-0.059390,0.741046,0.844119,-0.102608,0.783234,0.853166,-0.123701,0.818797,0.857516,-0.133085,0.669909,0.782100,-0.071540,0.658463,0.886817,-0.113272,0.630827,0.947704,-0.118982,0.613048,0.978293,-0.112495,0.639089,0.763335,-0.085049,0.626917,0.861807,-0.106834,0.609997,0.899402,-0.103577,0.599510,0.913660,-0.095927
1780388326.462,left,victory,0.405295,0.676508,-0.000000,0.398345,0.706657,-0.003414,0.387013,0.725915,-0.013114,0.370648,0.727671,-0.024265,0.357289,0.726623,-0.036400,0.418416,0.753206,-0.017176,0.394718,0.749191,-0.031490,0.378701,0.729328,-0.042733,0.372471,0.711250,-0.050317,0.422634,0.728974,-0.023402,0.399101,0.726209,-0.035468,0.379565,0.706944,-0.041568,0.371857,0.691141,-0.046460,0.422445,0.701521,-0.029691,0.402049,0.699302,-0.041143,0.382325,0.688424,-0.041533,0.374483,0.678304,-0.041457,0.418708,0.673508,-0.036114,0.402416,0.671146,-0.043156,0.389153,0.667539,-0.040722,0.383086,0.662533,-0.039038
1780388326.994,left,victory,0.378357,0.611271,0.000000,0.372147,0.553402,0.008325,0.384450,0.511522,0.007593,0.402361,0.498311,0.004619,0.418532,0.499250,0.001532,0.383804,0.486689,-0.003965,0.383426,0.431586,-0.010864,0.378959,0.397216,-0.015588,0.373583,0.369029,-0.018125,0.399827,0.494014,-0.011325,0.418148,0.437542,-0.013084,0.428088,0.405113,-0.015042,0.435210,0.381287,-0.016974,0.413752,0.512448,-0.017172,0.430642,0.489933,-0.015002,0.425325,0.501372,-0.010416,0.418500,0.512218,-0.007506,0.424120,0.535850,-0.022889,0.430151,0.520359,-0.016678,0.424436,0.528589,-0.008170,0.419172,0.537844,-0.002153
1780388327.520,left,victory,0.419134,0.599064,0.000000,0.413051,0.549242,0.006639,0.423299,0.514327,0.005109,0.437814,0.499780,0.001989,0.452395,0.498854,-0.001528,0.425727,0.493614,-0.008046,0.426077,0.443682,-0.015008,0.424792,0.410680,-0.019203,0.422225,0.384297,-0.021595,0.439715,0.501780,-0.013876,0.458796,0.451727,-0.016376,0.468467,0.427276,-0.016112,0.473434,0.409715,-0.016247,0.451472,0.519126,-0.018277,0.467811,0.489371,-0.017104,0.464286,0.498211,-0.010574,0.458496,0.508523,-0.006160,0.460140,0.541052,-0.022527,0.468099,0.517420,-0.017751,0.463831,0.523208,-0.009159,0.459164,0.531798,-0.002893
1780388328.046,left,victory,0.434625,0.654011,0.000000,0.455543,0.650103,-0.015192,0.468626,0.635918,-0.025115,0.455766,0.632928,-0.035080,0.438883,0.628566,-0.044456,0.466144,0.553552,-0.016519,0.480410,0.502412,-0.030157,0.489340,0.473231,-0.036727,0.495269,0.448032,-0.039267,0.445412,0.545320,-0.017912,0.439978,0.486143,-0.034053,0.436019,0.449705,-0.042219,0.431397,0.418399,-0.043856,0.427683,0.554288,-0.020787,0.430358,0.568719,-0.041587,0.440020,0.607660,-0.045542,0.445532,0.629084,-0.040549,0.413940,0.571261,-0.024613,0.419209,0.593150,-0.036546,0.426962,0.620324,-0.034886,0.431604,0.634097,-0.029294
1780388328.554,left,victory,0.335714,0.702903,0.000000,0.359077,0.709379,-0.016931,0.375251,0.704664,-0.029213,0.359689,0.705036,-0.041887,0.339598,0.701263,-0.054402,0.382583,0.606232,-0.021031,0.410682,0.552697,-0.038587,0.427357,0.523052,-0.047456,0.438519,0.496365,-0.051100,0.358667,0.586711,-0.023436,0.359056,0.517100,-0.042745,0.357583,0.472588,-0.053417,0.354796,0.431935,-0.056328,0.336667,0.592046,-0.027335,0.332066,0.618372,-0.051414,0.338172,0.663532,-0.057179,0.343553,0.685776,-0.052422,0.318848,0.610618,-0.032132,0.317391,0.642145,-0.046724,0.324506,0.676667,-0.044503,0.330857,0.695792,-0.037433
1780388329.099,left,victory,0.349944,0.734059,0.000001,0.379543,0.721650,-0.018429,0.404979,0.706690,-0.034577,0.410279,0.697723,-0.052005,0.394757,0.702956,-0.068303,0.396545,0.580978,-0.024369,0.423060,0.507576,-0.043446,0.438445,0.465426,-0.052961,0.447965,0.428224,-0.056656,0.366117,0.573162,-0.028670,0.362890,0.488266,-0.052082,0.359397,0.431903,-0.064040,0.353273,0.384234,-0.066785,0.339296,0.587609,-0.034309,0.366386,0.612236,-0.064520,0.381021,0.665574,-0.070448,0.385156,0.698920,-0.063291,0.320971,0.614815,-0.041065,0.345914,0.636958,-0.057699,0.361705,0.672054,-0.054482,0.370329,0.698297,-0.045630
1780388329.626,left,victory,0.413076,0.732147,0.000000,0.452779,0.713808,-0.017045,0.484033,0.690917,-0.032184,0.503313,0.676705,-0.049652,0.497580,0.676538,-0.065634,0.474360,0.552889,-0.020319,0.496994,0.472879,-0.038540,0.509149,0.423548,-0.048043,0.515710,0.378729,-0.052716,0.443730,0.544407,-0.027590,0.447176,0.451767,-0.052220,0.447248,0.387169,-0.065958,0.444868,0.333715,-0.070122,0.417591,0.563732,-0.036340,0.457667,0.573273,-0.069016,0.480622,0.627797,-0.077906,0.492485,0.666834,-0.072522,0.401480,0.599916,-0.046163,0.437233,0.615593,-0.065035,0.457405,0.650359,-0.064985,0.471004,0.680530,-0.058400
1780388330.139,left,victory,0.416667,0.806694,0.000000,0.409382,0.701122,-0.007519,0.444701,0.631246,-0.018893,0.491742,0.609107,-0.028280,0.530305,0.614283,-0.036456,0.459719,0.611803,-0.039469,0.485486,0.506344,-0.054954,0.498631,0.443189,-0.062084,0.511532,0.395209,-0.066426,0.491313,0.652992,-0.041448,0.547227,0.579888,-0.054197,0.584837,0.539554,-0.058969,0.616097,0.515199,-0.062367,0.511122,0.695504,-0.040964,0.542944,0.621239,-0.048576,0.524292,0.611844,-0.041563,0.505369,0.621133,-0.035387,0.523005,0.731165,-0.041085,0.533434,0.664497,-0.043988,0.517540,0.654249,-0.035233,0.504624,0.665031,-0.027078
1780388330.675,left,victory,0.354136,0.963182,0.000001,0.327612,0.838444,-0.012950,0.344220,0.727232,-0.026366,0.382812,0.665090,-0.036211,0.421140,0.649017,-0.044179,0.375859,0.751348,-0.049488,0.372804,0.618733,-0.066184,0.372350,0.548167,-0.073259,0.374491,0.484791,-0.078263,0.418421,0.769934,-0.047734,0.463491,0.638941,-0.067782,0.496057,0.563710,-0.077389,0.524439,0.507580,-0.083083,0.443167,0.786511,-0.042297,0.445365,0.652506,-0.055778,0.418372,0.667578,-0.047795,0.402412,0.699725,-0.038416,0.456448,0.793067,-0.037425,0.444115,0.695425,-0.044747,0.421175,0.699143,-0.036222,0.411279,0.719823,-0.026678
1780388331.215,left,victory,0.340913,0.696467,0.000000,0.333884,0.599186,0.004741,0.352763,0.533661,0.002698,0.383072,0.516272,-0.001166,0.408586,0.522143,-0.005131,0.363631,0.499294,-0.007508,0.371349,0.410072,-0.014656,0.373116,0.358625,-0.018247,0.373955,0.318753,-0.019617,0.391736,0.521961,-0.014185,0.423651,0.444746,-0.018709,0.441626,0.400592,-0.021893,0.454846,0.367895,-0.023768,0.412623,0.555146,-0.019427,0.432912,0.504588,-0.023478,0.421606,0.510209,-0.022321,0.408602,0.522032,-0.019526,0.426928,0.588511,-0.024149,0.433984,0.540075,-0.022721,0.423464,0.539016,-0.015173,0.413137,0.549006,-0.008208
1780388331.756,left,victory,0.316743,0.684716,0.000000,0.338396,0.634403,-0.000539,0.351890,0.597963,-0.009180,0.366499,0.581588,-0.020434,0.376625,0.579583,-0.031036,0.329365,0.536556,-0.015056,0.338326,0.474574,-0.026766,0.340773,0.435708,-0.033945,0.340907,0.402524,-0.039448,0.315597,0.553073,-0.025390,0.322313,0.508517,-0.041773,0.323406,0.473691,-0.049613,0.322701,0.445132,-0.054252,0.308654,0.582649,-0.035280,0.341368,0.561468,-0.051091,0.362794,0.571483,-0.051648,0.374026,0.583548,-0.049318,0.308155,0.618871,-0.045473,0.333477,0.602093,-0.054767,0.348587,0.599290,-0.053402,0.357817,0.598326,-0.050897
1780388332.291,left,victory,0.392819,0.622602,0.000000,0.411121,0.605515,-0.008219,0.423669,0.589700,-0.016503,0.431495,0.579383,-0.025862,0.426941,0.579694,-0.034426,0.409722,0.525149,-0.013473,0.418231,0.481165,-0.023546,0.422532,0.453769,-0.029282,0.424249,0.429774,-0.032553,0.393788,0.529324,-0.017098,0.392622,0.490492,-0.029369,0.389759,0.462414,-0.035607,0.385826,0.439351,-0.038121,0.382083,0.543948,-0.021232,0.402342,0.541153,-0.035519,0.413850,0.562986,-0.037509,0.418072,0.580032,-0.034518,0.376551,0.564807,-0.026221,0.396953,0.565292,-0.035073,0.408638,0.578664,-0.034504,0.414651,0.591612,-0.031329
1780388332.798,left,victory,0.420271,0.613014,0.000000,0.434177,0.602206,-0.008741,0.446986,0.582849,-0.015599,0.450567,0.567405,-0.022925,0.441344,0.566353,-0.029541,0.437102,0.521163,-0.009830,0.447532,0.484808,-0.018592,0.453071,0.462235,-0.023789,0.456548,0.442721,-0.026709,0.422539,0.521323,-0.012588,0.420452,0.478388,-0.023678,0.419485,0.451564,-0.029775,0.417109,0.428242,-0.032126,0.410194,0.532384,-0.016111,0.425355,0.523172,-0.030456,0.435131,0.545608,-0.032580,0.437966,0.561123,-0.029500,0.401919,0.549951,-0.020261,0.418141,0.545817,-0.029118,0.427398,0.560316,-0.027994,0.430635,0.571814,-0.024500
1780388333.325,left,victory,0.386386,0.646280,0.000000,0.402852,0.633075,-0.012713,0.416263,0.613894,-0.022419,0.417726,0.600856,-0.032108,0.407459,0.601689,-0.041083,0.405053,0.540974,-0.015534,0.415423,0.498622,-0.026378,0.420404,0.471681,-0.032843,0.423125,0.447723,-0.036555,0.387201,0.542899,-0.017249,0.383139,0.501225,-0.030328,0.378990,0.472163,-0.037650,0.373872,0.446749,-0.040684,0.372699,0.557684,-0.019914,0.387545,0.555702,-0.036529,0.397865,0.580246,-0.039859,0.400973,0.596966,-0.037013,0.363330,0.579288,-0.023508,0.378582,0.578290,-0.034000,0.389028,0.594189,-0.033485,0.394060,0.607113,-0.029960
1780388333.858,left,victory,0.388040,0.664774,0.000000,0.405215,0.650868,-0.012244,0.420095,0.633082,-0.022196,0.420674,0.622824,-0.032319,0.410074,0.627432,-0.041715,0.409349,0.562826,-0.016329,0.420155,0.519872,-0.027722,0.425676,0.491814,-0.034152,0.429020,0.467081,-0.037814,0.390584,0.563275,-0.018334,0.387582,0.522198,-0.032153,0.384204,0.494018,-0.039263,0.379722,0.468413,-0.041945,0.375872,0.576527,-0.021188,0.391620,0.578545,-0.037976,0.401624,0.605366,-0.040640,0.404741,0.622394,-0.037207,0.366396,0.597331,-0.025039,0.382374,0.602841,-0.035292,0.393545,0.618148,-0.034809,0.399330,0.628333,-0.031288
1780388334.367,left,victory,0.398069,0.663640,0.000000,0.416465,0.654207,-0.011463,0.431497,0.633753,-0.018767,0.425189,0.619204,-0.026061,0.411661,0.614868,-0.032807,0.425807,0.564668,-0.011497,0.439622,0.525329,-0.021453,0.447782,0.500069,-0.027324,0.453727,0.478771,-0.030341,0.408705,0.560626,-0.012944,0.406155,0.509710,-0.024860,0.404562,0.477735,-0.031895,0.402352,0.450810,-0.034554,0.393633,0.570390,-0.015311,0.400272,0.560898,-0.031581,0.407676,0.589322,-0.034639,0.409969,0.609443,-0.031331,0.381222,0.587767,-0.018364,0.390760,0.585774,-0.029155,0.397737,0.606899,-0.028034,0.400126,0.622320,-0.023785
1780388334.889,left,victory,0.400663,0.675390,0.000000,0.419518,0.667601,-0.011014,0.434135,0.649269,-0.017986,0.430041,0.634811,-0.024976,0.417376,0.629244,-0.031327,0.430421,0.576786,-0.010868,0.445168,0.538236,-0.020334,0.453449,0.512804,-0.025777,0.458996,0.491120,-0.028546,0.413032,0.571495,-0.012334,0.411950,0.523403,-0.023757,0.411280,0.492071,-0.030486,0.409607,0.465998,-0.032927,0.397719,0.579845,-0.014721,0.405164,0.576611,-0.030417,0.412044,0.604632,-0.033764,0.414002,0.624822,-0.030706,0.385776,0.596346,-0.017831,0.395973,0.600938,-0.028516,0.402780,0.622770,-0.028142,0.405544,0.639387,-0.024358
1780388335.392,left,victory,0.408097,0.688237,0.000000,0.426456,0.682140,-0.011765,0.441610,0.667551,-0.019611,0.439916,0.653377,-0.027448,0.427895,0.646953,-0.034588,0.441872,0.594559,-0.012750,0.457773,0.556656,-0.022540,0.466534,0.532719,-0.027999,0.472441,0.511309,-0.030826,0.424525,0.586667,-0.014088,0.424456,0.538958,-0.026024,0.424494,0.508244,-0.032769,0.423304,0.481662,-0.035193,0.408379,0.592728,-0.016371,0.416657,0.592254,-0.032415,0.422566,0.621872,-0.035891,0.423642,0.640832,-0.032865,0.395400,0.607271,-0.019445,0.405881,0.614015,-0.029911,0.412651,0.635210,-0.029719,0.415371,0.649785,-0.026187
1780388335.933,left,victory,0.401261,0.686186,0.000000,0.420184,0.680775,-0.012834,0.433910,0.661672,-0.020112,0.424282,0.646034,-0.027211,0.409970,0.634924,-0.033720,0.434278,0.592270,-0.012210,0.449080,0.553198,-0.022438,0.458094,0.527990,-0.028413,0.464514,0.505678,-0.031660,0.417623,0.585170,-0.013257,0.417376,0.533016,-0.025412,0.416180,0.499587,-0.032633,0.414830,0.469561,-0.035561,0.402618,0.592541,-0.015493,0.403525,0.579811,-0.032261,0.409001,0.611542,-0.035613,0.412255,0.632152,-0.032539,0.389266,0.608027,-0.018554,0.392936,0.603693,-0.030098,0.398805,0.625717,-0.029616,0.402704,0.640708,-0.025934
1780388336.471,left,victory,0.365479,0.688213,0.000000,0.383857,0.677252,-0.013565,0.395417,0.655567,-0.021835,0.383437,0.643882,-0.030055,0.367241,0.635559,-0.037737,0.390458,0.581747,-0.012609,0.404022,0.536621,-0.023319,0.411747,0.507772,-0.029857,0.416383,0.482495,-0.033600,0.372834,0.579308,-0.013745,0.367886,0.524662,-0.027006,0.362887,0.490424,-0.034975,0.357427,0.459070,-0.038264,0.358126,0.591431,-0.016113,0.355901,0.573193,-0.034228,0.363418,0.606282,-0.037083,0.367845,0.626241,-0.033255,0.345458,0.611758,-0.019266,0.346977,0.599573,-0.031620,0.354054,0.620748,-0.030095,0.358868,0.635154,-0.025393
1780388336.978,left,victory,0.338780,0.711481,0.000000,0.358949,0.694455,-0.013550,0.372132,0.665083,-0.021985,0.360663,0.649292,-0.030711,0.342545,0.644401,-0.038790,0.363384,0.584310,-0.011878,0.376724,0.531971,-0.023790,0.383957,0.498128,-0.030963,0.388141,0.469071,-0.034842,0.342681,0.584775,-0.014086,0.334187,0.524058,-0.028820,0.327363,0.486506,-0.037782,0.320367,0.452269,-0.041323,0.325329,0.601086,-0.017560,0.326164,0.583320,-0.038224,0.336719,0.619275,-0.041775,0.341700,0.642802,-0.037296,0.311272,0.626408,-0.021759,0.315725,0.612650,-0.035408,0.325597,0.635504,-0.033525,0.330922,0.652444,-0.027879
1780388337.509,left,victory,0.343130,0.725915,0.000000,0.365407,0.710363,-0.014841,0.382666,0.685518,-0.025334,0.376983,0.666748,-0.035957,0.359127,0.662855,-0.045842,0.369933,0.591854,-0.016624,0.384483,0.535523,-0.029390,0.391821,0.499942,-0.036782,0.395883,0.469052,-0.040694,0.347694,0.591874,-0.018579,0.339652,0.528883,-0.034126,0.333541,0.489402,-0.043237,0.326887,0.456283,-0.046832,0.328898,0.608549,-0.021539,0.336627,0.596163,-0.042624,0.349611,0.628926,-0.046801,0.355640,0.653870,-0.042690,0.314469,0.633880,-0.025360,0.326357,0.627401,-0.039400,0.339050,0.649158,-0.038469,0.346347,0.667656,-0.033308
1780388338.041,left,victory,0.337859,0.714627,0.000000,0.358617,0.694244,-0.014223,0.371666,0.663148,-0.023043,0.358984,0.647301,-0.032040,0.340498,0.642137,-0.040427,0.360479,0.580251,-0.013523,0.373855,0.525007,-0.025507,0.380729,0.489609,-0.032622,0.384431,0.459716,-0.036436,0.338831,0.582339,-0.015542,0.328892,0.518571,-0.030277,0.320573,0.480514,-0.039226,0.312164,0.448079,-0.042794,0.321138,0.600814,-0.018773,0.321372,0.580403,-0.039531,0.333519,0.614600,-0.043399,0.339735,0.638684,-0.039151,0.307000,0.628183,-0.022732,0.310889,0.611080,-0.036909,0.322507,0.633347,-0.035282,0.329729,0.651983,-0.029674
1780388338.557,left,victory,0.331822,0.710433,0.000000,0.349802,0.694066,-0.014805,0.359082,0.669711,-0.024665,0.344371,0.662323,-0.034543,0.324824,0.658371,-0.043976,0.349035,0.591819,-0.015366,0.359197,0.540025,-0.028244,0.364696,0.506913,-0.036147,0.367399,0.477632,-0.040742,0.329171,0.592277,-0.016846,0.317145,0.535447,-0.032183,0.307485,0.501440,-0.041197,0.298237,0.469729,-0.045056,0.314145,0.608920,-0.019552,0.307799,0.591034,-0.040169,0.318922,0.626844,-0.043082,0.326333,0.647986,-0.038787,0.302408,0.634748,-0.023029,0.300050,0.623349,-0.037496,0.309904,0.646884,-0.035631,0.317824,0.662929,-0.030216
1780388339.101,left,victory,0.328875,0.721023,0.000000,0.341524,0.703615,-0.014181,0.346607,0.684757,-0.024426,0.331871,0.688552,-0.034484,0.316357,0.690429,-0.044266,0.333821,0.615846,-0.016740,0.339339,0.569772,-0.030513,0.342071,0.540169,-0.039286,0.343958,0.514283,-0.044132,0.314532,0.619920,-0.018013,0.297881,0.571343,-0.032966,0.285571,0.540961,-0.042082,0.276021,0.512898,-0.046023,0.301236,0.637856,-0.020355,0.292900,0.630187,-0.039043,0.303539,0.657400,-0.042135,0.312096,0.673696,-0.038557,0.292797,0.662688,-0.023504,0.288645,0.662473,-0.036672,0.298256,0.681469,-0.034860,0.307401,0.691804,-0.029582
1780388339.606,left,victory,0.310014,0.757889,0.000000,0.321028,0.744095,-0.023240,0.321903,0.732902,-0.038459,0.314612,0.735160,-0.051436,0.307165,0.730701,-0.064342,0.304730,0.667386,-0.030514,0.306599,0.627767,-0.046412,0.305918,0.599338,-0.057016,0.305067,0.572520,-0.063713,0.285281,0.672705,-0.027843,0.264735,0.632904,-0.044804,0.247781,0.605114,-0.054893,0.233552,0.579175,-0.060125,0.272806,0.691886,-0.026432,0.253522,0.680904,-0.048076,0.263218,0.706641,-0.052560,0.273304,0.723087,-0.050237,0.267157,0.716318,-0.026255,0.254677,0.718141,-0.044054,0.264423,0.734221,-0.045222,0.276293,0.742335,-0.042000
1780388340.122,left,victory,0.306836,0.756203,0.000000,0.320109,0.745710,-0.017308,0.323654,0.734807,-0.029825,0.303472,0.744161,-0.041093,0.281488,0.748638,-0.051758,0.308243,0.663254,-0.023586,0.310125,0.617399,-0.038717,0.310613,0.589474,-0.047306,0.309209,0.564498,-0.052400,0.286315,0.664319,-0.023925,0.266096,0.623526,-0.040599,0.251476,0.598654,-0.049912,0.238709,0.572905,-0.053982,0.272890,0.683080,-0.025233,0.263709,0.688797,-0.045045,0.274743,0.713876,-0.048275,0.283197,0.723444,-0.045275,0.265750,0.709227,-0.027559,0.266225,0.727523,-0.042769,0.277777,0.743260,-0.042905,0.288353,0.746749,-0.039079
1780388340.642,left,victory,0.290015,0.698055,0.000000,0.305028,0.672515,-0.013758,0.314453,0.643617,-0.023326,0.300851,0.639979,-0.032898,0.282721,0.645367,-0.041682,0.295940,0.569434,-0.016356,0.301292,0.512101,-0.029811,0.304176,0.477015,-0.037056,0.303777,0.447242,-0.040333,0.272560,0.574927,-0.018047,0.255107,0.522857,-0.033740,0.242413,0.489973,-0.042366,0.229605,0.459118,-0.044865,0.255787,0.595399,-0.020716,0.263232,0.600974,-0.040085,0.278425,0.628586,-0.043540,0.285446,0.644745,-0.038932,0.244663,0.622443,-0.024330,0.257000,0.633426,-0.035421,0.270826,0.650716,-0.033366,0.278680,0.659727,-0.027644
1780388341.151,left,victory,0.317309,0.733001,0.000000,0.338959,0.704334,-0.010336,0.352824,0.677034,-0.020860,0.360582,0.658484,-0.033270,0.361833,0.657520,-0.044511,0.337338,0.586613,-0.013993,0.348527,0.523362,-0.027170,0.353393,0.485604,-0.034533,0.354857,0.454554,-0.038831,0.314506,0.593760,-0.019528,0.307066,0.533206,-0.037027,0.300268,0.495999,-0.046548,0.292439,0.466420,-0.050280,0.297363,0.616687,-0.025914,0.315649,0.603392,-0.046834,0.333288,0.626748,-0.051325,0.343315,0.647135,-0.048175,0.288530,0.648342,-0.033198,0.312772,0.650010,-0.046720,0.331549,0.662987,-0.047637,0.343951,0.674588,-0.044319
1780388341.678,left,victory,0.396812,0.725825,0.000000,0.392455,0.661939,-0.003561,0.408328,0.616244,-0.008585,0.431785,0.600168,-0.012106,0.448782,0.601691,-0.015335,0.426936,0.624027,-0.023622,0.443324,0.564662,-0.029616,0.451952,0.533914,-0.031582,0.460185,0.509671,-0.032598,0.445135,0.649416,-0.022936,0.479783,0.607600,-0.027884,0.502398,0.585271,-0.027937,0.519492,0.571987,-0.027747,0.455034,0.674074,-0.020338,0.473868,0.626727,-0.022335,0.466055,0.610605,-0.016932,0.456958,0.608640,-0.012422,0.459965,0.693183,-0.017875,0.469368,0.650198,-0.018522,0.461345,0.635412,-0.012878,0.453473,0.634243,-0.007670
1780388342.180,left,victory,0.384607,0.733821,0.000000,0.380908,0.671895,-0.004814,0.396761,0.625969,-0.010399,0.421134,0.612580,-0.014398,0.439210,0.618610,-0.018063,0.414067,0.634024,-0.024080,0.430983,0.577491,-0.030297,0.439423,0.545628,-0.032598,0.447489,0.520263,-0.034239,0.431876,0.658159,-0.023562,0.466955,0.616918,-0.029073,0.489618,0.595569,-0.030268,0.507832,0.583258,-0.031317,0.442060,0.681516,-0.021257,0.464631,0.633693,-0.024192,0.456028,0.623218,-0.019434,0.445727,0.626630,-0.015490,0.447788,0.700846,-0.019238,0.459539,0.657239,-0.020903,0.452952,0.646414,-0.016043,0.446033,0.648889,-0.011438
1780388342.685,left,victory,0.365936,0.729850,0.000000,0.364421,0.670162,-0.006635,0.382772,0.626268,-0.013075,0.406701,0.611358,-0.017863,0.425382,0.612771,-0.021712,0.389923,0.635785,-0.023578,0.403756,0.581996,-0.032077,0.409473,0.549444,-0.035990,0.414802,0.524793,-0.038389,0.405734,0.661985,-0.023569,0.436788,0.623527,-0.031770,0.457979,0.603793,-0.034081,0.475856,0.592132,-0.035737,0.417870,0.684999,-0.022507,0.442357,0.636033,-0.030026,0.433488,0.627202,-0.026654,0.423033,0.633276,-0.022752,0.426951,0.701854,-0.021762,0.440009,0.654858,-0.026624,0.432571,0.645288,-0.022752,0.425177,0.651241,-0.018528
1780388343.256,left,victory,0.350097,0.723684,0.000000,0.353073,0.671681,-0.003361,0.364179,0.619254,-0.007735,0.372075,0.576988,-0.011585,0.368678,0.546613,-0.014711,0.361753,0.644426,-0.012074,0.380761,0.627168,-0.019075,0.391723,0.618966,-0.022335,0.400712,0.615133,-0.023739,0.370132,0.672507,-0.013794,0.395310,0.639189,-0.020793,0.407979,0.621125,-0.022794,0.416573,0.611661,-0.023917,0.379873,0.695868,-0.015182,0.407461,0.657298,-0.022184,0.410335,0.641946,-0.021475,0.407223,0.637914,-0.019273,0.390399,0.713362,-0.016425,0.411286,0.674332,-0.019571,0.413725,0.655310,-0.017731,0.412066,0.645465,-0.015570
1780388343.809,left,victory,0.340577,0.715917,0.000000,0.340253,0.669916,-0.001511,0.355004,0.625720,-0.007855,0.374341,0.608465,-0.013726,0.381913,0.607255,-0.019079,0.337776,0.624273,-0.022954,0.339507,0.574333,-0.032564,0.336430,0.548699,-0.037693,0.330820,0.529666,-0.041321,0.339814,0.649179,-0.027471,0.355627,0.614845,-0.038467,0.362351,0.607872,-0.040931,0.363411,0.606094,-0.042738,0.347450,0.672939,-0.030999,0.375985,0.631634,-0.039445,0.382815,0.625150,-0.037774,0.379795,0.626006,-0.036333,0.357614,0.692342,-0.034493,0.381188,0.657895,-0.039505,0.387320,0.646055,-0.038131,0.386282,0.636644,-0.037146
1780388344.355,left,victory,0.330938,0.725174,0.000000,0.329919,0.673856,-0.001518,0.342768,0.620469,-0.006680,0.355188,0.579617,-0.010777,0.354181,0.548791,-0.014201,0.337102,0.630851,-0.023141,0.348154,0.580947,-0.031379,0.350013,0.551169,-0.033245,0.348288,0.530075,-0.033137,0.345152,0.657624,-0.025868,0.371849,0.615974,-0.032930,0.382433,0.601453,-0.030636,0.387935,0.596304,-0.028517,0.355868,0.682073,-0.027495,0.386956,0.640459,-0.032457,0.390744,0.625202,-0.027055,0.388321,0.619508,-0.022515,0.368084,0.702975,-0.029006,0.392255,0.658841,-0.030027,0.393542,0.639306,-0.024853,0.390265,0.628242,-0.020547
1780388344.869,left,victory,0.342478,0.728206,0.000000,0.339259,0.679808,-0.002480,0.354364,0.636037,-0.007247,0.376168,0.610521,-0.011281,0.394773,0.600898,-0.015252,0.358738,0.637658,-0.020850,0.369820,0.581848,-0.029764,0.375505,0.544608,-0.033525,0.380347,0.514311,-0.035935,0.373725,0.659448,-0.023620,0.404749,0.615161,-0.031903,0.427468,0.594895,-0.034444,0.446050,0.580308,-0.036081,0.385260,0.684883,-0.025302,0.412292,0.645129,-0.033396,0.417276,0.631095,-0.032819,0.417927,0.623020,-0.031171,0.394888,0.707492,-0.026683,0.411387,0.671509,-0.033833,0.414703,0.652070,-0.033496,0.415749,0.637870,-0.031884
1780388345.390,left,victory,0.327156,0.719776,0.000000,0.342066,0.672310,0.001739,0.365213,0.634921,-0.003199,0.385802,0.617962,-0.009289,0.400249,0.608750,-0.014518,0.354388,0.602049,-0.017264,0.369533,0.544462,-0.029429,0.375732,0.505526,-0.036734,0.378388,0.472137,-0.041594,0.351098,0.622010,-0.025441,0.370467,0.587062,-0.039522,0.383399,0.567837,-0.045321,0.392444,0.551752,-0.048632,0.352237,0.651570,-0.032758,0.384639,0.635454,-0.045165,0.400212,0.637221,-0.045018,0.407920,0.635769,-0.043220,0.357708,0.684441,-0.039807,0.387388,0.666576,-0.046275,0.400337,0.661145,-0.043797,0.408997,0.653629,-0.041144
1780388345.892,left,victory,0.323202,0.700820,0.000000,0.341953,0.681152,-0.013576,0.356499,0.656293,-0.023281,0.349700,0.645319,-0.033133,0.334880,0.648830,-0.042114,0.342226,0.574929,-0.015115,0.353315,0.521697,-0.028010,0.360266,0.489735,-0.035245,0.363638,0.462516,-0.038718,0.319698,0.576022,-0.017269,0.309299,0.519815,-0.032603,0.301981,0.484529,-0.041259,0.293572,0.453475,-0.044138,0.301603,0.593633,-0.020493,0.310978,0.592916,-0.040353,0.324580,0.622691,-0.044176,0.330373,0.642483,-0.039897,0.288700,0.619383,-0.024571,0.301272,0.622617,-0.036351,0.313857,0.642086,-0.034529,0.320292,0.655034,-0.029086
1780388346.424,left,victory,0.321654,0.684022,0.000000,0.335444,0.669214,-0.013732,0.340078,0.650689,-0.023275,0.324240,0.646560,-0.032609,0.306821,0.642983,-0.041565,0.330855,0.583460,-0.016429,0.339267,0.535734,-0.028959,0.343719,0.505377,-0.036715,0.346752,0.478907,-0.041419,0.311804,0.582105,-0.017793,0.298295,0.529302,-0.031407,0.287081,0.495988,-0.039672,0.277358,0.466350,-0.043734,0.299064,0.597029,-0.020150,0.285433,0.579020,-0.037735,0.294157,0.606546,-0.040749,0.302551,0.625207,-0.037948,0.290889,0.621320,-0.023319,0.282393,0.617602,-0.037200,0.290484,0.635652,-0.036980,0.300096,0.647962,-0.033221
1780388346.928,left,victory,0.330315,0.683049,0.000000,0.344601,0.671692,-0.015600,0.346230,0.654754,-0.025487,0.326729,0.654506,-0.034302,0.307962,0.652699,-0.042738,0.336494,0.590301,-0.018364,0.342538,0.547429,-0.030523,0.344897,0.519461,-0.037942,0.346363,0.494450,-0.042326,0.319145,0.589102,-0.018130,0.304496,0.542207,-0.031423,0.292691,0.511738,-0.039389,0.282874,0.484624,-0.043078,0.307718,0.603508,-0.018925,0.294107,0.592271,-0.036587,0.302581,0.618963,-0.039738,0.310692,0.636052,-0.036818,0.300476,0.626209,-0.020519,0.291680,0.624970,-0.034384,0.299606,0.641575,-0.034201,0.309017,0.651639,-0.030359
1780388347.493,left,victory,0.329105,0.688162,0.000000,0.344976,0.667230,-0.012739,0.353505,0.641811,-0.020886,0.341231,0.640847,-0.029200,0.324377,0.643700,-0.037005,0.334598,0.576871,-0.012218,0.337787,0.526796,-0.023182,0.339086,0.494890,-0.029542,0.338022,0.468463,-0.032907,0.315534,0.584645,-0.013714,0.297800,0.539344,-0.027770,0.284380,0.512066,-0.036096,0.271688,0.487390,-0.039021,0.302390,0.604890,-0.016320,0.299820,0.597642,-0.035864,0.314335,0.625155,-0.039816,0.323037,0.641102,-0.036001,0.293458,0.631145,-0.019510,0.295682,0.629576,-0.033257,0.308417,0.646244,-0.032745,0.317398,0.655305,-0.028182
1780388348.020,left,victory,0.299950,0.707460,0.000000,0.317801,0.652916,0.001494,0.331607,0.618350,-0.006898,0.348850,0.603732,-0.017799,0.363984,0.598394,-0.028309,0.310950,0.583303,-0.019013,0.314424,0.524499,-0.032915,0.313970,0.487683,-0.041064,0.312205,0.454979,-0.047090,0.303453,0.600083,-0.029407,0.314540,0.554215,-0.052582,0.319248,0.516460,-0.065128,0.322000,0.484180,-0.072128,0.302013,0.628034,-0.037922,0.335847,0.608713,-0.056355,0.356604,0.611557,-0.056657,0.368673,0.614916,-0.053352,0.307109,0.659124,-0.046339,0.333306,0.641927,-0.055606,0.349614,0.637976,-0.052487,0.358970,0.632920,-0.048561
1780388348.564,left,victory,0.290919,0.720588,0.000000,0.290848,0.660389,0.002885,0.308505,0.613438,-0.001187,0.329178,0.588387,-0.005076,0.343723,0.571184,-0.008350,0.308728,0.598327,-0.020758,0.324402,0.540442,-0.030207,0.328936,0.503684,-0.034369,0.329495,0.474481,-0.036052,0.318234,0.628267,-0.025984,0.351097,0.589868,-0.032872,0.368249,0.573467,-0.031828,0.379397,0.564750,-0.030969,0.328460,0.660827,-0.029577,0.366169,0.624176,-0.033356,0.371584,0.610399,-0.026164,0.369618,0.605598,-0.020605,0.339134,0.689562,-0.032902,0.367102,0.649476,-0.032682,0.370029,0.630760,-0.024872,0.368282,0.620300,-0.018316
1780388349.101,left,victory,0.298073,0.718122,0.000000,0.301775,0.659420,-0.000411,0.323331,0.619036,-0.005657,0.346946,0.601608,-0.010059,0.362855,0.597113,-0.014402,0.316862,0.612060,-0.023280,0.331963,0.564674,-0.032216,0.336884,0.532710,-0.036082,0.337249,0.505286,-0.038192,0.321583,0.643469,-0.027420,0.352449,0.615803,-0.035926,0.369519,0.605117,-0.036520,0.379173,0.599315,-0.036772,0.328227,0.676037,-0.030185,0.359853,0.653969,-0.035416,0.371618,0.638697,-0.032473,0.376068,0.629231,-0.030189,0.336315,0.703935,-0.032801,0.359526,0.677978,-0.033637,0.367990,0.660062,-0.029305,0.372603,0.646093,-0.026107
1780388349.651,left,victory,0.305963,0.500615,0.000000,0.341400,0.505695,-0.009302,0.367586,0.544100,-0.014467,0.376564,0.588745,-0.016935,0.373008,0.617509,-0.018419,0.348032,0.590224,-0.026934,0.376435,0.640538,-0.034801,0.390527,0.671350,-0.038316,0.399097,0.700063,-0.040455,0.331795,0.617982,-0.023527,0.342712,0.693157,-0.032473,0.346466,0.745957,-0.035825,0.345936,0.789769,-0.037122,0.320443,0.628077,-0.018560,0.341345,0.658208,-0.024270,0.351889,0.638312,-0.021029,0.354220,0.617866,-0.016566,0.315735,0.627039,-0.014261,0.333104,0.642893,-0.018405,0.342454,0.630269,-0.015473,0.345503,0.614817,-0.011383
1780388350.152,left,victory,0.349798,0.482008,-0.000000,0.382061,0.515687,-0.003080,0.396682,0.571979,-0.001213,0.389649,0.610286,0.003481,0.375275,0.621550,0.008586,0.373237,0.636672,-0.015047,0.389883,0.711525,-0.017746,0.397549,0.754783,-0.019361,0.401523,0.788422,-0.020873,0.348393,0.638987,-0.010773,0.365024,0.671809,-0.007964,0.368787,0.664499,-0.002399,0.365813,0.660716,0.000549,0.334119,0.627770,-0.006024,0.355494,0.636635,-0.004755,0.361900,0.622690,-0.003080,0.360888,0.604920,-0.002362,0.328114,0.614053,-0.001268,0.343035,0.623153,-0.003973,0.348415,0.609660,-0.004901,0.349206,0.591501,-0.004412
1780388350.669,left,victory,0.364434,0.505666,0.000000,0.395323,0.560700,-0.003855,0.391323,0.622610,-0.009156,0.368009,0.659846,-0.012766,0.345854,0.677393,-0.015906,0.375475,0.661799,-0.026394,0.388952,0.747458,-0.033146,0.393414,0.793326,-0.035400,0.392921,0.830141,-0.036813,0.347724,0.656542,-0.025951,0.332847,0.741418,-0.030699,0.318399,0.793099,-0.031449,0.303204,0.831213,-0.032159,0.331146,0.637451,-0.023553,0.337593,0.678922,-0.024170,0.351653,0.668898,-0.019191,0.357162,0.650349,-0.015256,0.323976,0.615229,-0.021527,0.335005,0.640466,-0.021721,0.346581,0.630794,-0.016524,0.351007,0.614873,-0.011577
1780388351.182,left,victory,0.444221,0.532570,0.000000,0.428423,0.572308,-0.015075,0.403932,0.607050,-0.025125,0.379933,0.625076,-0.031251,0.365811,0.630818,-0.035327,0.424276,0.560047,-0.034483,0.402707,0.556700,-0.043521,0.390152,0.573945,-0.045682,0.380420,0.592164,-0.046609,0.424034,0.546051,-0.030922,0.390741,0.558218,-0.042934,0.366993,0.581754,-0.044518,0.355168,0.597413,-0.044307,0.423423,0.547356,-0.026861,0.391220,0.602475,-0.040901,0.379736,0.629583,-0.043183,0.380432,0.640721,-0.041052,0.420351,0.558397,-0.022838,0.393146,0.607043,-0.033484,0.382275,0.629122,-0.035359,0.380906,0.635551,-0.034600
1780388351.695,left,victory,0.422380,0.577574,0.000000,0.420700,0.629497,-0.018911,0.419186,0.666334,-0.033378,0.418638,0.684971,-0.043900,0.425031,0.682675,-0.055104,0.455931,0.632512,-0.046553,0.478725,0.632227,-0.061723,0.499212,0.628377,-0.072838,0.518569,0.618027,-0.081193,0.460130,0.610188,-0.042759,0.466877,0.588649,-0.065103,0.466872,0.579070,-0.080603,0.469599,0.568164,-0.091512,0.457859,0.595766,-0.037704,0.459105,0.591656,-0.058731,0.457487,0.602647,-0.072373,0.459249,0.609528,-0.080611,0.452226,0.591202,-0.032619,0.445239,0.611256,-0.048882,0.441466,0.620874,-0.057297,0.442540,0.626403,-0.063030
1780388352.235,left,victory,0.515779,0.479506,0.000000,0.510650,0.531661,-0.001428,0.486420,0.557037,-0.005095,0.461263,0.552362,-0.008342,0.443366,0.541653,-0.011073,0.480008,0.566358,-0.015168,0.459783,0.616942,-0.021848,0.451020,0.649697,-0.025119,0.444217,0.674317,-0.027022,0.468638,0.538809,-0.017476,0.437934,0.567731,-0.021936,0.420347,0.585168,-0.024021,0.406311,0.596785,-0.026089,0.462153,0.511747,-0.018751,0.436270,0.534988,-0.022846,0.445743,0.539481,-0.019998,0.456811,0.537355,-0.017210,0.458701,0.488983,-0.020016,0.443541,0.514686,-0.022242,0.450289,0.521735,-0.017939,0.457765,0.519101,-0.013840
1780388352.771,left,victory,0.530481,0.450250,0.000000,0.542043,0.507568,0.001218,0.530870,0.551843,0.000382,0.510963,0.568686,-0.000345,0.494831,0.569250,-0.000519,0.510255,0.581354,-0.009717,0.506432,0.645949,-0.011553,0.503432,0.680050,-0.011449,0.499842,0.705055,-0.011263,0.490914,0.564080,-0.010166,0.466608,0.616572,-0.012333,0.449924,0.645770,-0.013570,0.436238,0.662093,-0.014163,0.481394,0.539647,-0.008851,0.479827,0.566653,-0.006048,0.490735,0.563976,-0.001708,0.498556,0.552983,0.001509,0.477533,0.516445,-0.007718,0.483527,0.535244,-0.002920,0.492683,0.530353,0.003162,0.498966,0.519257,0.008153
1780388353.304,left,victory,0.459651,0.446850,0.000000,0.487353,0.484515,-0.013976,0.506866,0.537234,-0.019890,0.508078,0.562346,-0.022346,0.494324,0.557616,-0.024019,0.464513,0.587020,-0.023953,0.469428,0.659230,-0.027616,0.467253,0.697941,-0.029245,0.462281,0.726906,-0.029778,0.445471,0.582105,-0.015793,0.440267,0.647298,-0.017763,0.431901,0.686803,-0.018317,0.422026,0.710948,-0.017924,0.435877,0.567931,-0.007189,0.451799,0.593853,-0.007831,0.466824,0.584176,-0.008695,0.474571,0.566524,-0.007312,0.431700,0.552570,0.000471,0.448133,0.568360,-0.000949,0.459641,0.560296,-0.000792,0.465679,0.547059,0.001297
1780388353.814,left,victory,0.500232,0.670854,0.000000,0.480026,0.670624,-0.017508,0.465986,0.690206,-0.028198,0.466536,0.724229,-0.037855,0.470331,0.757924,-0.045750,0.448045,0.757340,-0.023381,0.417264,0.802458,-0.040479,0.399348,0.827724,-0.047991,0.387150,0.851024,-0.050514,0.466543,0.781803,-0.023019,0.458183,0.849280,-0.043640,0.452003,0.890290,-0.052121,0.447670,0.927135,-0.052933,0.485800,0.786333,-0.023933,0.483268,0.768267,-0.046779,0.483327,0.729201,-0.048914,0.483809,0.708167,-0.042112,0.502034,0.778160,-0.026042,0.498114,0.747813,-0.039518,0.495644,0.719166,-0.037774,0.494234,0.704553,-0.031288
1780388354.319,left,victory,0.505072,0.686014,0.000000,0.484282,0.655862,-0.015302,0.460780,0.639802,-0.027150,0.447904,0.625702,-0.039537,0.436237,0.615219,-0.051289,0.430110,0.727291,-0.019896,0.398064,0.765023,-0.034311,0.380615,0.785993,-0.042678,0.366805,0.806676,-0.047788,0.443667,0.751929,-0.022877,0.419626,0.803623,-0.038318,0.406150,0.835122,-0.047461,0.397378,0.863982,-0.052129,0.461590,0.761629,-0.027342,0.450178,0.758619,-0.045150,0.453815,0.732052,-0.049417,0.458875,0.718512,-0.047764,0.481239,0.761369,-0.033291,0.472045,0.749755,-0.045445,0.469225,0.725375,-0.046244,0.468491,0.708312,-0.043893
1780388354.823,left,victory,0.489288,0.705984,0.000000,0.468733,0.677656,-0.016689,0.449736,0.660979,-0.028667,0.441291,0.655606,-0.040844,0.440806,0.661438,-0.052468,0.410571,0.751214,-0.021961,0.376997,0.788663,-0.036384,0.359371,0.810703,-0.044773,0.345311,0.833602,-0.049802,0.425620,0.778177,-0.025011,0.400835,0.830463,-0.041584,0.387672,0.867079,-0.051779,0.378091,0.900239,-0.056692,0.446420,0.789348,-0.029412,0.437363,0.782878,-0.050185,0.438364,0.743143,-0.057399,0.439532,0.715635,-0.056848,0.468876,0.786385,-0.034993,0.467382,0.775812,-0.049812,0.467243,0.744260,-0.052134,0.468188,0.717924,-0.050264
1780388355.359,left,victory,0.432323,0.699783,0.000000,0.415014,0.704399,-0.014373,0.403284,0.711608,-0.027881,0.405891,0.708330,-0.041413,0.418223,0.705288,-0.055286,0.393946,0.788562,-0.029554,0.369151,0.848287,-0.045387,0.354451,0.880695,-0.053596,0.344835,0.910170,-0.058554,0.414305,0.794521,-0.032094,0.410793,0.852761,-0.050118,0.405805,0.883573,-0.060001,0.402923,0.911052,-0.065041,0.433085,0.783498,-0.034843,0.433295,0.779211,-0.055676,0.427886,0.753053,-0.062684,0.424160,0.738627,-0.062967,0.446355,0.761999,-0.038131,0.438746,0.740914,-0.054004,0.428176,0.711623,-0.056571,0.420120,0.690104,-0.055251
1780388355.868,left,victory,0.413973,0.793706,-0.000000,0.407735,0.763379,-0.012997,0.408403,0.719134,-0.021258,0.408664,0.678741,-0.027227,0.417673,0.660765,-0.030789,0.452060,0.722153,-0.018063,0.433785,0.672436,-0.032316,0.422624,0.688909,-0.038889,0.421198,0.710305,-0.041232,0.454850,0.722178,-0.015155,0.433798,0.669211,-0.029088,0.422966,0.685689,-0.031099,0.424523,0.703532,-0.030577,0.453115,0.720300,-0.013827,0.433247,0.668307,-0.026669,0.422602,0.685682,-0.023746,0.424594,0.703900,-0.019422,0.447534,0.717391,-0.013394,0.429373,0.676042,-0.023408,0.421662,0.688204,-0.023070,0.423442,0.704296,-0.020366
1780388356.370,left,victory,0.462835,0.813224,-0.000000,0.451826,0.769143,-0.019790,0.442889,0.711126,-0.029195,0.442441,0.660859,-0.035334,0.455434,0.649784,-0.038772,0.481418,0.710059,-0.014482,0.462041,0.665719,-0.027899,0.450447,0.685969,-0.035554,0.450187,0.707165,-0.038363,0.486615,0.713675,-0.007309,0.465032,0.671146,-0.021527,0.454743,0.694501,-0.026136,0.453781,0.717098,-0.026373,0.487381,0.715977,-0.002697,0.464904,0.675018,-0.017080,0.456548,0.699823,-0.018396,0.455482,0.726577,-0.015103,0.485385,0.718933,0.000724,0.466544,0.679605,-0.008504,0.459555,0.691687,-0.009409,0.457927,0.710232,-0.006953
1780388356.879,left,victory,0.452109,0.813384,-0.000000,0.433134,0.771585,-0.017294,0.425682,0.713734,-0.026046,0.429856,0.664146,-0.030882,0.445489,0.647478,-0.032329,0.472260,0.716470,-0.025166,0.450994,0.661762,-0.036322,0.440496,0.688260,-0.038259,0.440890,0.716599,-0.037970,0.483608,0.720404,-0.019240,0.454954,0.668932,-0.031755,0.444003,0.696111,-0.030905,0.445027,0.719864,-0.028567,0.488017,0.722600,-0.014595,0.457983,0.673212,-0.026681,0.447937,0.701001,-0.022646,0.448412,0.727951,-0.017622,0.487006,0.725992,-0.011211,0.461127,0.682875,-0.023359,0.451027,0.695680,-0.024658,0.448550,0.714178,-0.022679
1780388358.560,left,victory,0.523830,0.381105,0.000000,0.498797,0.360091,-0.023506,0.483860,0.355544,-0.039973,0.478381,0.361367,-0.055607,0.475867,0.376757,-0.070571,0.464858,0.480178,-0.034125,0.435461,0.534705,-0.052775,0.416058,0.568370,-0.064017,0.402106,0.599624,-0.071544,0.486569,0.497529,-0.036215,0.478109,0.572224,-0.060141,0.473099,0.621481,-0.071802,0.468486,0.661870,-0.076864,0.510553,0.491235,-0.040040,0.502825,0.492785,-0.069332,0.494710,0.448560,-0.076831,0.486806,0.417492,-0.075185,0.531333,0.469274,-0.045316,0.522124,0.459271,-0.067709,0.512717,0.423633,-0.070878,0.503158,0.395031,-0.068741
1780388359.101,left,victory,0.501285,0.411886,0.000000,0.472665,0.402302,-0.019469,0.446430,0.406990,-0.032049,0.443694,0.423014,-0.044385,0.458007,0.443883,-0.056342,0.437540,0.532678,-0.024260,0.411279,0.589085,-0.040313,0.395017,0.622768,-0.049677,0.382907,0.654721,-0.055431,0.460292,0.542548,-0.027876,0.450188,0.615922,-0.046787,0.444814,0.663472,-0.058096,0.442820,0.702825,-0.063737,0.483395,0.531319,-0.033272,0.477405,0.542106,-0.059091,0.468422,0.498080,-0.066286,0.461750,0.466345,-0.064241,0.505355,0.508638,-0.039873,0.500708,0.520973,-0.058433,0.492965,0.491820,-0.059960,0.486479,0.465238,-0.056918
1780388359.637,left,victory,0.643609,0.488103,0.000000,0.618141,0.482501,-0.013891,0.590431,0.503438,-0.020802,0.574859,0.533538,-0.026342,0.564947,0.561162,-0.032479,0.578852,0.540144,-0.022653,0.547580,0.556131,-0.034615,0.528547,0.576089,-0.042883,0.514345,0.595232,-0.049010,0.596747,0.571643,-0.022113,0.584286,0.604264,-0.035862,0.578777,0.622734,-0.043209,0.576737,0.635204,-0.048061,0.616850,0.591833,-0.022398,0.603482,0.618848,-0.038107,0.598604,0.603391,-0.041476,0.599131,0.586352,-0.042273,0.637651,0.599695,-0.023489,0.624475,0.601453,-0.038915,0.621994,0.573891,-0.041675,0.624137,0.546985,-0.041606
1780388360.141,left,victory,0.597517,0.418477,0.000000,0.577881,0.403461,-0.017985,0.559435,0.408632,-0.027455,0.561413,0.434092,-0.035049,0.565234,0.465410,-0.042585,0.537526,0.497606,-0.020845,0.511009,0.533557,-0.031430,0.494399,0.556140,-0.038099,0.480374,0.578483,-0.042375,0.552709,0.519798,-0.019746,0.538080,0.568904,-0.030326,0.530774,0.605257,-0.038938,0.524764,0.636634,-0.044077,0.569120,0.525118,-0.019904,0.568864,0.556451,-0.034219,0.565793,0.575604,-0.043736,0.562329,0.591765,-0.048782,0.586334,0.517863,-0.021263,0.583000,0.509215,-0.035398,0.580242,0.479506,-0.040030,0.577539,0.452837,-0.041253
1780388360.681,left,victory,0.530938,0.421831,0.000000,0.505814,0.400673,-0.015191,0.478851,0.400742,-0.024732,0.464838,0.415536,-0.034678,0.471288,0.441728,-0.043863,0.454972,0.503417,-0.018120,0.424569,0.543961,-0.032018,0.406412,0.568165,-0.040143,0.391834,0.591646,-0.044773,0.471388,0.525209,-0.021667,0.449976,0.584523,-0.038356,0.435982,0.623220,-0.048604,0.426298,0.655467,-0.053172,0.491647,0.528631,-0.026582,0.478727,0.527718,-0.049054,0.477045,0.487378,-0.055571,0.477929,0.458059,-0.053255,0.511640,0.518382,-0.032475,0.497526,0.512256,-0.047543,0.491824,0.482487,-0.048847,0.489805,0.456351,-0.045780
1780388361.222,left,victory,0.396064,0.493670,0.000000,0.358402,0.475072,-0.017623,0.314611,0.496074,-0.024122,0.283730,0.525151,-0.029188,0.298359,0.554515,-0.034641,0.300487,0.610121,-0.014581,0.268711,0.664134,-0.023653,0.250863,0.701385,-0.031302,0.237913,0.731961,-0.037113,0.318842,0.638725,-0.015527,0.294990,0.720059,-0.024463,0.280011,0.773751,-0.034772,0.268881,0.817397,-0.041923,0.339685,0.645038,-0.018178,0.326763,0.717136,-0.031251,0.315006,0.766711,-0.044447,0.307597,0.803748,-0.053379,0.360657,0.635855,-0.022278,0.343761,0.654812,-0.035163,0.334003,0.644011,-0.041742,0.328208,0.628634,-0.045936
1780388361.743,left,victory,0.299122,0.481052,0.000000,0.257082,0.472162,-0.008504,0.216083,0.487518,-0.013075,0.187093,0.502354,-0.020260,0.175300,0.527170,-0.025888,0.214188,0.602758,-0.002220,0.181884,0.658271,-0.011751,0.166697,0.693422,-0.017999,0.154717,0.725471,-0.021813,0.231488,0.623941,-0.009041,0.205620,0.702737,-0.024232,0.187428,0.752394,-0.035667,0.173016,0.792151,-0.041031,0.249404,0.627035,-0.017427,0.204783,0.628884,-0.040763,0.190248,0.578759,-0.049786,0.185443,0.543085,-0.048901,0.263737,0.614842,-0.026217,0.224033,0.601253,-0.041753,0.206429,0.571927,-0.044716,0.197325,0.547612,-0.042934
1780388362.246,left,victory,0.266127,0.474077,0.000000,0.221540,0.473817,-0.005467,0.184840,0.489465,-0.011292,0.159710,0.500738,-0.020422,0.146185,0.520354,-0.027902,0.193425,0.605883,-0.002399,0.164385,0.656182,-0.013096,0.150129,0.690255,-0.020041,0.139151,0.720303,-0.024164,0.211639,0.622276,-0.011385,0.188243,0.688770,-0.026492,0.173628,0.738319,-0.037134,0.161741,0.779503,-0.042129,0.227331,0.619838,-0.021645,0.181381,0.613392,-0.043347,0.164113,0.569394,-0.050315,0.156033,0.537785,-0.048773,0.237108,0.600224,-0.032336,0.195762,0.585261,-0.045986,0.177628,0.557048,-0.046720,0.167700,0.532465,-0.043593
1780388362.762,left,victory,0.272154,0.488076,0.000000,0.231880,0.485541,-0.008351,0.197813,0.499495,-0.015314,0.173799,0.508937,-0.024637,0.160548,0.533277,-0.032321,0.203002,0.612878,-0.008108,0.175414,0.666832,-0.019750,0.160768,0.702579,-0.026282,0.149764,0.733390,-0.029587,0.221244,0.628943,-0.015413,0.196961,0.699834,-0.031135,0.182076,0.747427,-0.040857,0.170422,0.786032,-0.044414,0.237551,0.625653,-0.023974,0.194183,0.617272,-0.047185,0.178560,0.573443,-0.054372,0.171172,0.543786,-0.051921,0.248098,0.604735,-0.032925,0.208841,0.589309,-0.048045,0.190602,0.559990,-0.049237,0.179855,0.535033,-0.045657
1780388363.284,left,victory,0.300904,0.501640,0.000000,0.261018,0.495358,-0.018423,0.222883,0.508083,-0.031637,0.200333,0.523275,-0.045758,0.208102,0.540364,-0.057964,0.222260,0.639030,-0.022499,0.190598,0.712812,-0.039067,0.172046,0.755623,-0.048546,0.157960,0.792702,-0.053948,0.247127,0.657266,-0.026804,0.231807,0.739002,-0.048808,0.219323,0.793383,-0.061987,0.209893,0.837806,-0.067507,0.269896,0.653243,-0.032506,0.233277,0.635536,-0.058765,0.220476,0.587043,-0.065411,0.216104,0.557655,-0.062053,0.286096,0.631528,-0.039868,0.252181,0.607854,-0.055967,0.237565,0.575218,-0.056759,0.230361,0.551151,-0.052635
1780388363.806,left,victory,0.374046,0.443799,0.000001,0.340948,0.433583,-0.023076,0.313978,0.435828,-0.041561,0.319015,0.433240,-0.060560,0.335268,0.433537,-0.079412,0.312510,0.571206,-0.038398,0.281009,0.657330,-0.063271,0.261130,0.704168,-0.076534,0.246584,0.748130,-0.083810,0.343155,0.588773,-0.043285,0.335610,0.671276,-0.072220,0.336119,0.724033,-0.085861,0.338166,0.771035,-0.090339,0.370744,0.580593,-0.049778,0.367592,0.555197,-0.082351,0.356733,0.502919,-0.088172,0.346235,0.472902,-0.082973,0.393274,0.555145,-0.058163,0.390635,0.516390,-0.078746,0.377772,0.473593,-0.077821,0.364964,0.445696,-0.071592
1780388364.353,left,victory,0.426046,0.404385,0.000001,0.395000,0.391508,-0.026820,0.372923,0.391391,-0.047857,0.376172,0.377336,-0.068130,0.391138,0.375424,-0.087469,0.367445,0.527418,-0.042750,0.337846,0.611850,-0.066147,0.320950,0.655185,-0.076248,0.310089,0.696078,-0.081960,0.399893,0.539865,-0.046593,0.401030,0.637279,-0.073580,0.400207,0.690822,-0.086125,0.400149,0.738203,-0.090641,0.427958,0.520618,-0.052307,0.428729,0.512406,-0.088629,0.411783,0.453961,-0.096720,0.395789,0.421619,-0.092454,0.447438,0.483870,-0.059595,0.439521,0.430620,-0.090197,0.416348,0.381617,-0.096237,0.395908,0.355470,-0.093566
1780388364.858,left,victory,0.457585,0.319918,0.000001,0.430429,0.302255,-0.024961,0.411250,0.297046,-0.041778,0.417030,0.288574,-0.056282,0.434579,0.291020,-0.072273,0.401321,0.426222,-0.040403,0.372731,0.490362,-0.056350,0.355667,0.529461,-0.065405,0.343284,0.564927,-0.071974,0.427918,0.441640,-0.040418,0.426621,0.519089,-0.055896,0.424759,0.567406,-0.068399,0.422533,0.608242,-0.077140,0.452207,0.434696,-0.041423,0.459782,0.478419,-0.061166,0.453145,0.514319,-0.077044,0.444849,0.547383,-0.087314,0.471075,0.410152,-0.043656,0.468684,0.396218,-0.063272,0.457969,0.369463,-0.071854,0.446886,0.349757,-0.076607
1780388365.380,left,victory,0.449766,0.308556,0.000000,0.424572,0.282893,-0.023140,0.403812,0.273637,-0.038671,0.399529,0.264531,-0.054039,0.403664,0.266541,-0.068838,0.385023,0.393107,-0.031355,0.355228,0.454618,-0.050278,0.337182,0.488704,-0.059223,0.324534,0.522531,-0.063174,0.410424,0.414715,-0.032851,0.402773,0.485970,-0.054968,0.397085,0.532418,-0.065623,0.394626,0.573351,-0.068400,0.435571,0.413877,-0.036210,0.435785,0.387620,-0.066871,0.427015,0.326393,-0.075238,0.419440,0.285797,-0.070966,0.456322,0.398907,-0.040862,0.453154,0.360712,-0.063402,0.443971,0.312766,-0.065739,0.436369,0.279286,-0.060860
1780388365.881,left,victory,0.424756,0.297059,0.000001,0.400624,0.274853,-0.022409,0.384591,0.258874,-0.040161,0.380100,0.241392,-0.058425,0.379181,0.235161,-0.076194,0.354610,0.365793,-0.035685,0.318469,0.419600,-0.060142,0.294641,0.449261,-0.073356,0.276735,0.478807,-0.079338,0.378243,0.397342,-0.038523,0.359844,0.451662,-0.063002,0.349586,0.495124,-0.073844,0.343432,0.529918,-0.076539,0.405588,0.404053,-0.043315,0.403455,0.357248,-0.071925,0.399922,0.298775,-0.077273,0.398079,0.255806,-0.071415,0.430940,0.391835,-0.049947,0.429467,0.345660,-0.068058,0.423664,0.301560,-0.066643,0.420108,0.267354,-0.059546
1780388366.406,left,victory,0.388044,0.700171,0.000000,0.404859,0.650211,-0.017970,0.416362,0.607315,-0.029686,0.413592,0.590266,-0.041835,0.401347,0.589881,-0.052947,0.358448,0.554482,-0.020864,0.339487,0.490286,-0.036848,0.326468,0.453133,-0.046009,0.313381,0.421708,-0.051057,0.340037,0.583091,-0.023017,0.308824,0.547823,-0.041195,0.285914,0.527579,-0.052674,0.266952,0.511399,-0.058081,0.333389,0.619594,-0.026645,0.336779,0.606673,-0.049877,0.359430,0.606024,-0.057648,0.376822,0.607120,-0.056208,0.336839,0.656784,-0.031635,0.349841,0.646060,-0.048074,0.368667,0.636312,-0.051256,0.385113,0.629092,-0.049005
1780388366.929,left,victory,0.337315,0.759697,0.000000,0.359427,0.736414,-0.015066,0.372738,0.705210,-0.024112,0.357831,0.693099,-0.033508,0.338962,0.683901,-0.041804,0.359092,0.613322,-0.012522,0.369375,0.553890,-0.025863,0.375788,0.516721,-0.033228,0.379398,0.486292,-0.036661,0.335818,0.616221,-0.014459,0.325141,0.550715,-0.030445,0.319498,0.509344,-0.039777,0.313764,0.475370,-0.042639,0.318316,0.635465,-0.018133,0.321152,0.628725,-0.040995,0.336481,0.663397,-0.047237,0.344871,0.687200,-0.043513,0.306519,0.662973,-0.022683,0.317942,0.670924,-0.038623,0.331773,0.694422,-0.040143,0.340145,0.709256,-0.036104
1780388367.549,left,victory,0.308414,0.518664,0.000000,0.340384,0.554145,-0.021772,0.349667,0.612941,-0.034221,0.340918,0.660866,-0.040366,0.327275,0.681558,-0.044615,0.322822,0.619141,-0.051561,0.332067,0.698972,-0.068060,0.335879,0.748346,-0.076263,0.336566,0.784509,-0.081588,0.296462,0.621077,-0.043424,0.285707,0.702038,-0.060938,0.277135,0.759379,-0.068569,0.268777,0.800527,-0.073064,0.280813,0.624312,-0.033381,0.294666,0.690467,-0.041774,0.310855,0.677063,-0.033348,0.318432,0.660500,-0.025778,0.272770,0.625007,-0.025207,0.291911,0.678587,-0.030024,0.303679,0.672885,-0.023140,0.309210,0.660168,-0.016186
1780388368.064,left,victory,0.439143,0.442256,0.000000,0.463186,0.482734,-0.003885,0.462320,0.539098,-0.006479,0.444274,0.575691,-0.007730,0.429061,0.594883,-0.008315,0.457219,0.562223,-0.015820,0.466391,0.629001,-0.018746,0.471288,0.666358,-0.018398,0.473963,0.695401,-0.017733,0.435484,0.563639,-0.015113,0.431439,0.634549,-0.017638,0.427700,0.677167,-0.018506,0.422431,0.707328,-0.018860,0.419105,0.555897,-0.013174,0.421377,0.597669,-0.014410,0.429997,0.587124,-0.011663,0.434317,0.570002,-0.008722,0.408018,0.544931,-0.011449,0.416444,0.565260,-0.010201,0.423242,0.555842,-0.005233,0.424751,0.541777,-0.000692
1780388368.598,left,victory,0.432035,0.467741,0.000000,0.460259,0.495705,-0.002926,0.468615,0.542845,-0.006635,0.459730,0.582803,-0.009189,0.448921,0.604443,-0.011249,0.465627,0.555439,-0.018356,0.487992,0.607753,-0.024322,0.500750,0.635690,-0.026365,0.509585,0.658519,-0.027261,0.447662,0.570272,-0.018088,0.460129,0.637078,-0.023510,0.465475,0.678837,-0.025583,0.466194,0.710374,-0.026862,0.432496,0.576368,-0.016300,0.447072,0.617897,-0.019398,0.453417,0.603826,-0.016106,0.454528,0.585195,-0.012589,0.420768,0.578266,-0.014635,0.435298,0.600835,-0.014748,0.440651,0.589372,-0.009908,0.439964,0.575033,-0.005416
1780388369.139,left,victory,0.354523,0.626565,0.000000,0.366631,0.591549,-0.000174,0.386916,0.568770,-0.004083,0.406202,0.559228,-0.008351,0.419876,0.550753,-0.012177,0.387932,0.541295,-0.013864,0.415259,0.527242,-0.021481,0.428691,0.513369,-0.025315,0.438353,0.499325,-0.027783,0.383943,0.558584,-0.018322,0.413883,0.555974,-0.026243,0.431311,0.554027,-0.029514,0.445015,0.551239,-0.032161,0.381706,0.581586,-0.022109,0.414553,0.591465,-0.029689,0.424816,0.606649,-0.030060,0.429023,0.617398,-0.029643,0.380539,0.605226,-0.025750,0.406071,0.614479,-0.030149,0.416343,0.621311,-0.029828,0.423712,0.624863,-0.029225
1780388369.677,left,victory,0.384177,0.715928,0.000000,0.396136,0.666298,-0.004035,0.398529,0.633932,-0.011271,0.403134,0.607869,-0.020321,0.406228,0.583798,-0.028507,0.350250,0.625355,-0.009705,0.346400,0.576063,-0.020553,0.340861,0.543346,-0.027530,0.335252,0.518537,-0.031580,0.348619,0.633477,-0.015445,0.344587,0.573690,-0.027198,0.339360,0.536841,-0.033329,0.334143,0.507260,-0.036155,0.355666,0.640936,-0.021565,0.373492,0.584345,-0.036019,0.391394,0.584624,-0.037358,0.402645,0.593031,-0.034193,0.369067,0.646517,-0.028009,0.385807,0.605942,-0.036352,0.398500,0.601874,-0.034638,0.407787,0.604599,-0.031027
1780388370.211,left,victory,0.451534,0.714788,0.000000,0.457708,0.668273,-0.006881,0.451015,0.625027,-0.009704,0.437379,0.592522,-0.013936,0.419362,0.591385,-0.017437,0.423422,0.614479,0.002180,0.414315,0.570166,-0.002059,0.408773,0.546194,-0.004690,0.401082,0.527469,-0.006758,0.411099,0.624407,-0.000276,0.383616,0.588343,-0.007711,0.369258,0.567181,-0.012233,0.355177,0.554172,-0.014472,0.405259,0.641032,-0.004251,0.388751,0.601460,-0.018196,0.408426,0.592790,-0.022134,0.423451,0.597324,-0.020905,0.402357,0.661139,-0.008606,0.396710,0.623471,-0.020282,0.410256,0.608947,-0.022911,0.423548,0.607147,-0.022463
1780388370.749,left,victory,0.450517,0.738521,0.000000,0.459104,0.697603,-0.012883,0.456653,0.660586,-0.020392,0.443766,0.657140,-0.028125,0.430514,0.671315,-0.035021,0.416217,0.615501,-0.011072,0.404849,0.565153,-0.021408,0.396823,0.535266,-0.028004,0.387818,0.512181,-0.031878,0.402182,0.639773,-0.012982,0.373878,0.606163,-0.025921,0.354400,0.587641,-0.034605,0.337127,0.575405,-0.038530,0.397621,0.671126,-0.016005,0.393768,0.657984,-0.033763,0.412339,0.661186,-0.038565,0.425296,0.667362,-0.036155,0.399781,0.703609,-0.019893,0.400604,0.687736,-0.032116,0.415977,0.685120,-0.031995,0.429093,0.686400,-0.028258
1780388371.281,left,victory,0.374708,0.864252,0.000000,0.360021,0.812017,0.000222,0.366836,0.756619,-0.004620,0.383659,0.726845,-0.009850,0.398305,0.711808,-0.014897,0.363181,0.737815,-0.017551,0.363554,0.671990,-0.026112,0.357908,0.635083,-0.030308,0.352253,0.606895,-0.032722,0.381572,0.754528,-0.022917,0.399749,0.686507,-0.030799,0.408326,0.649079,-0.034378,0.414990,0.620611,-0.037278,0.399425,0.773774,-0.026937,0.420891,0.706020,-0.034303,0.412376,0.709591,-0.031856,0.402396,0.722984,-0.028931,0.415260,0.790355,-0.030695,0.424438,0.735262,-0.034105,0.416649,0.738620,-0.028911,0.409482,0.752090,-0.024170
1780388371.824,left,victory,0.350474,0.915685,0.000000,0.332412,0.865730,-0.000390,0.338070,0.805396,-0.006323,0.359206,0.767163,-0.012182,0.375016,0.747304,-0.017264,0.329350,0.795395,-0.022687,0.323546,0.727618,-0.033034,0.314902,0.691881,-0.038339,0.307049,0.666194,-0.041314,0.348195,0.810989,-0.027878,0.361018,0.734377,-0.036758,0.368257,0.690496,-0.040550,0.374084,0.658405,-0.044110,0.368078,0.826059,-0.031555,0.387140,0.747112,-0.038373,0.381038,0.745953,-0.035192,0.372893,0.758687,-0.032329,0.386541,0.835605,-0.035172,0.395653,0.770889,-0.037334,0.388717,0.767088,-0.031973,0.382285,0.775124,-0.027689
1780388372.365,left,victory,0.381618,0.818070,0.000000,0.397248,0.774717,-0.008483,0.408571,0.745191,-0.018816,0.423100,0.740046,-0.030564,0.427213,0.755350,-0.041827,0.378460,0.702935,-0.020391,0.376059,0.653808,-0.033499,0.372960,0.622688,-0.040969,0.368433,0.595838,-0.046227,0.363507,0.726987,-0.025591,0.360643,0.707892,-0.043555,0.355466,0.689233,-0.051675,0.349371,0.674267,-0.055416,0.357541,0.757022,-0.031046,0.381128,0.749865,-0.049129,0.402664,0.751681,-0.052310,0.416373,0.754288,-0.050400,0.360252,0.787091,-0.037407,0.386337,0.779198,-0.049258,0.403874,0.776840,-0.050440,0.416157,0.774313,-0.048715
1780388372.949,left,victory,0.412837,0.859916,0.000000,0.428440,0.841526,-0.016952,0.434880,0.827013,-0.029049,0.422434,0.840608,-0.040432,0.406336,0.853261,-0.051778,0.409602,0.752395,-0.021920,0.408983,0.699672,-0.036237,0.407209,0.668456,-0.044349,0.403185,0.641254,-0.048412,0.388869,0.760015,-0.021694,0.365653,0.728271,-0.038500,0.348704,0.711219,-0.048149,0.333225,0.696805,-0.051227,0.375706,0.779943,-0.022322,0.370121,0.805401,-0.043322,0.389196,0.831880,-0.048138,0.402956,0.846304,-0.044273,0.368827,0.803535,-0.023799,0.368948,0.827178,-0.038868,0.384123,0.847535,-0.038272,0.397369,0.856695,-0.032656
1780388373.500,left,victory,0.479517,0.884998,0.000000,0.503949,0.855884,-0.009945,0.520975,0.833878,-0.020896,0.532411,0.832361,-0.033873,0.530667,0.848717,-0.046554,0.501095,0.754014,-0.017272,0.507055,0.695400,-0.032780,0.511215,0.659982,-0.041727,0.512641,0.629376,-0.046619,0.478667,0.761185,-0.022976,0.475158,0.724148,-0.041016,0.466833,0.697400,-0.050529,0.457291,0.675120,-0.053890,0.461697,0.784864,-0.029532,0.486500,0.800893,-0.049158,0.504998,0.823133,-0.053817,0.515908,0.837717,-0.050797,0.453730,0.817937,-0.037153,0.477095,0.834276,-0.047325,0.494764,0.847303,-0.046303,0.508098,0.856669,-0.041963
1780388374.019,left,victory,0.547690,0.857131,0.000000,0.585083,0.843747,-0.003853,0.606308,0.826435,-0.014189,0.623780,0.821024,-0.027247,0.638055,0.817085,-0.039574,0.590739,0.740359,-0.017276,0.614078,0.687457,-0.031770,0.626000,0.653281,-0.040296,0.633392,0.621661,-0.045839,0.579108,0.742368,-0.026001,0.604421,0.703742,-0.045758,0.614610,0.670824,-0.055150,0.620638,0.640342,-0.059403,0.571877,0.761743,-0.034606,0.613115,0.770327,-0.055462,0.626429,0.804464,-0.057095,0.631269,0.829107,-0.053009,0.570068,0.791976,-0.043468,0.603221,0.801340,-0.055911,0.617966,0.820963,-0.054537,0.626504,0.836679,-0.050521
1780388374.576,left,victory,0.539848,0.840522,0.000000,0.576844,0.821787,-0.005967,0.596372,0.804647,-0.018604,0.613410,0.796280,-0.034103,0.627667,0.797644,-0.048744,0.578790,0.712987,-0.018510,0.600978,0.665315,-0.035349,0.613187,0.628132,-0.046806,0.621090,0.596281,-0.054583,0.567867,0.718328,-0.027786,0.596337,0.676196,-0.049385,0.610579,0.637010,-0.061196,0.620546,0.603646,-0.067514,0.561325,0.740438,-0.037100,0.603950,0.741401,-0.057658,0.617877,0.773749,-0.057369,0.622790,0.798957,-0.052417,0.560613,0.773824,-0.047344,0.594116,0.779222,-0.058845,0.609381,0.797331,-0.055637,0.617801,0.812015,-0.050525
1780388375.079,left,victory,0.432845,0.846079,0.000000,0.452087,0.808221,-0.009587,0.465250,0.781896,-0.019735,0.475594,0.774973,-0.031504,0.476049,0.778816,-0.042856,0.433098,0.710402,-0.016473,0.432538,0.655698,-0.029234,0.431525,0.621199,-0.037113,0.429473,0.590815,-0.042268,0.412447,0.728311,-0.022418,0.402467,0.693971,-0.040402,0.393774,0.669322,-0.049864,0.386527,0.650368,-0.053789,0.399844,0.759312,-0.029064,0.424294,0.752518,-0.049750,0.447574,0.762714,-0.055590,0.463383,0.770936,-0.054316,0.396701,0.795950,-0.036343,0.422530,0.792532,-0.049216,0.441825,0.796950,-0.050186,0.456452,0.799666,-0.047709
1780388375.601,left,victory,0.359933,0.822135,0.000000,0.364123,0.796146,-0.019825,0.352486,0.768942,-0.029349,0.328399,0.774426,-0.037143,0.307400,0.780540,-0.044327,0.334269,0.702951,-0.016736,0.329764,0.651150,-0.029265,0.326867,0.617347,-0.037657,0.324084,0.587482,-0.042581,0.317494,0.714598,-0.014382,0.294554,0.667232,-0.027858,0.278495,0.640829,-0.035868,0.265213,0.617312,-0.039146,0.308814,0.738242,-0.013923,0.289434,0.731296,-0.034100,0.301479,0.759251,-0.038662,0.313457,0.777204,-0.035694,0.306803,0.766426,-0.014642,0.295466,0.775885,-0.032795,0.308597,0.796229,-0.034787,0.322121,0.806617,-0.031431
1780388376.142,left,victory,0.342684,0.846095,0.000000,0.351759,0.793552,-0.005493,0.354474,0.755090,-0.014995,0.359284,0.729059,-0.026773,0.364753,0.723600,-0.038233,0.315044,0.726610,-0.015328,0.302181,0.673696,-0.027715,0.292728,0.642309,-0.035414,0.282382,0.617728,-0.040869,0.306366,0.752308,-0.022677,0.297687,0.711570,-0.039843,0.286817,0.686215,-0.049351,0.276614,0.669147,-0.054353,0.306491,0.780002,-0.030060,0.325340,0.735087,-0.047801,0.346031,0.725059,-0.050311,0.360487,0.724323,-0.047854,0.314567,0.803927,-0.038127,0.333346,0.766630,-0.048784,0.348401,0.752544,-0.048477,0.359349,0.745464,-0.045849
1780388376.682,left,victory,0.367611,0.883349,0.000000,0.353375,0.826475,0.001446,0.361992,0.766510,-0.004690,0.382357,0.729727,-0.011356,0.397408,0.713192,-0.017597,0.348582,0.754357,-0.019246,0.346787,0.688791,-0.027980,0.339910,0.654145,-0.032338,0.331457,0.629139,-0.034838,0.365245,0.770816,-0.025820,0.377466,0.700294,-0.032933,0.381772,0.662099,-0.034934,0.384094,0.634403,-0.037227,0.384030,0.789639,-0.030835,0.405503,0.717679,-0.035454,0.402522,0.721426,-0.029473,0.395565,0.737103,-0.025067,0.402413,0.807032,-0.035920,0.414188,0.744514,-0.035435,0.410829,0.746666,-0.027004,0.406062,0.759910,-0.020909
1780388377.224,left,victory,0.483983,0.924941,0.000000,0.463050,0.861525,-0.009036,0.471838,0.795813,-0.017116,0.498865,0.762060,-0.022119,0.522771,0.751695,-0.026400,0.486424,0.810042,-0.032598,0.492812,0.738329,-0.041499,0.495742,0.695976,-0.044839,0.499777,0.660459,-0.047278,0.512851,0.823433,-0.030621,0.537517,0.749055,-0.039093,0.554208,0.706658,-0.041422,0.569868,0.677024,-0.043199,0.531615,0.836348,-0.026765,0.539243,0.762842,-0.033557,0.524054,0.764213,-0.028309,0.513869,0.781657,-0.023131,0.543870,0.844422,-0.023201,0.539854,0.782482,-0.028194,0.527286,0.780651,-0.023429,0.520954,0.793595,-0.018473
1780388377.769,left,victory,0.504028,0.925433,0.000000,0.486478,0.860857,-0.007521,0.492197,0.788679,-0.013083,0.514528,0.751457,-0.015466,0.535518,0.749168,-0.017172,0.519687,0.799951,-0.028691,0.526262,0.722671,-0.034430,0.529123,0.684029,-0.035939,0.534244,0.653279,-0.037119,0.543186,0.812153,-0.025247,0.566623,0.737413,-0.031210,0.583553,0.693344,-0.032535,0.599838,0.663834,-0.033569,0.557935,0.824585,-0.019613,0.561284,0.754964,-0.022353,0.547373,0.746195,-0.017722,0.536525,0.754518,-0.013737,0.566960,0.834442,-0.014411,0.560320,0.779573,-0.016701,0.548863,0.772988,-0.012818,0.541678,0.781093,-0.008797
1780388378.326,left,victory,0.448091,0.872994,0.000000,0.436161,0.812519,-0.002281,0.448793,0.758773,-0.006935,0.473674,0.735648,-0.010894,0.494008,0.728148,-0.014418,0.457371,0.744678,-0.019314,0.464461,0.674510,-0.025651,0.467169,0.634866,-0.027737,0.469987,0.603069,-0.028826,0.478559,0.761871,-0.021251,0.504062,0.694644,-0.026638,0.519585,0.658072,-0.028240,0.533467,0.632489,-0.029460,0.494141,0.782725,-0.021622,0.510158,0.726124,-0.025565,0.500109,0.729166,-0.020730,0.491112,0.743227,-0.016172,0.505422,0.801840,-0.022055,0.512077,0.752858,-0.022823,0.503340,0.751878,-0.015923,0.496793,0.763522,-0.009794
1780388378.834,left,victory,0.394102,0.876739,0.000000,0.384989,0.819000,0.000079,0.398955,0.765031,-0.004805,0.419957,0.742083,-0.010072,0.437523,0.731035,-0.014675,0.394562,0.753334,-0.017685,0.402341,0.690149,-0.026036,0.402715,0.652041,-0.030022,0.402084,0.621721,-0.032537,0.409033,0.775458,-0.022914,0.431088,0.714977,-0.030266,0.444177,0.680662,-0.033338,0.455376,0.655654,-0.036332,0.424612,0.799236,-0.026945,0.451485,0.733923,-0.033433,0.445900,0.730904,-0.030605,0.437571,0.741446,-0.027826,0.439826,0.819215,-0.030952,0.456207,0.762273,-0.034275,0.449801,0.756414,-0.030073,0.442487,0.765147,-0.026320
1780388379.391,left,victory,0.400739,0.859680,0.000000,0.392756,0.803227,-0.000280,0.407550,0.752892,-0.005221,0.430424,0.729432,-0.009914,0.448504,0.718269,-0.014166,0.403506,0.739590,-0.020378,0.410778,0.678299,-0.028838,0.412011,0.638813,-0.033054,0.412637,0.607862,-0.035546,0.419435,0.760580,-0.024561,0.441748,0.698506,-0.030619,0.454653,0.663397,-0.032084,0.465362,0.638321,-0.034058,0.435218,0.783627,-0.027325,0.460694,0.720294,-0.031952,0.453714,0.718220,-0.027177,0.444831,0.729003,-0.023413,0.449520,0.804412,-0.030056,0.465066,0.749209,-0.031250,0.457863,0.747509,-0.024862,0.450993,0.759040,-0.019741
1780388379.905,left,victory,0.578314,0.632882,0.000000,0.555184,0.653567,-0.016222,0.532654,0.649434,-0.024386,0.518763,0.630318,-0.029851,0.516982,0.607842,-0.034270,0.536633,0.584912,-0.015044,0.521902,0.550539,-0.020846,0.511489,0.529240,-0.025408,0.503968,0.511869,-0.028642,0.548134,0.561591,-0.010053,0.534190,0.527006,-0.013751,0.523599,0.507749,-0.016321,0.515615,0.492138,-0.018332,0.559087,0.544990,-0.006523,0.548112,0.512896,-0.010899,0.538073,0.494210,-0.011753,0.530045,0.477301,-0.012020,0.567717,0.535514,-0.004423,0.562392,0.506864,-0.008503,0.556614,0.489965,-0.008955,0.551778,0.474602,-0.008599
1780388380.455,left,victory,0.501270,0.870296,0.000000,0.485810,0.807022,-0.001885,0.488116,0.742706,-0.004689,0.507993,0.717065,-0.006229,0.526168,0.720833,-0.007833,0.516324,0.734166,-0.019402,0.521482,0.658713,-0.023730,0.524996,0.619583,-0.024978,0.529197,0.589372,-0.025705,0.539470,0.747027,-0.019130,0.561909,0.675279,-0.022484,0.577736,0.633566,-0.023136,0.591481,0.607288,-0.023434,0.553593,0.764512,-0.016904,0.556574,0.705408,-0.017483,0.544484,0.697221,-0.014516,0.534327,0.705895,-0.011869,0.561318,0.780755,-0.014756,0.554608,0.735105,-0.015632,0.543978,0.729820,-0.012056,0.536892,0.738660,-0.008212
1780388380.973,left,victory,0.472905,0.844882,0.000000,0.458622,0.782555,0.000348,0.464751,0.729346,-0.000782,0.485603,0.712945,-0.001792,0.503228,0.717020,-0.003046,0.486300,0.705475,-0.011488,0.489983,0.636332,-0.015163,0.492371,0.596944,-0.016691,0.495128,0.566378,-0.017508,0.508242,0.719445,-0.012775,0.529549,0.655375,-0.013398,0.541202,0.619834,-0.012573,0.551099,0.596160,-0.012360,0.522143,0.739369,-0.012862,0.530526,0.689747,-0.011778,0.521094,0.686981,-0.008473,0.512948,0.697139,-0.006000,0.530093,0.759512,-0.013126,0.530571,0.719989,-0.011670,0.522895,0.717203,-0.006938,0.517029,0.726274,-0.002782
1780388381.521,left,victory,0.415927,0.819553,0.000000,0.405713,0.760085,0.000601,0.416478,0.708037,-0.002872,0.435788,0.684598,-0.006563,0.452633,0.677216,-0.009848,0.418600,0.689114,-0.014693,0.425032,0.626143,-0.022057,0.425520,0.587847,-0.025863,0.425518,0.557301,-0.028038,0.437160,0.701873,-0.018460,0.459145,0.638875,-0.022782,0.471826,0.604002,-0.024454,0.482969,0.578441,-0.026369,0.453188,0.721004,-0.020868,0.472615,0.667155,-0.023305,0.465078,0.674870,-0.018013,0.457572,0.690078,-0.013989,0.466178,0.741178,-0.023425,0.475549,0.698970,-0.022473,0.468404,0.703031,-0.015242,0.462771,0.715686,-0.009505
1780388382.052,left,victory,0.374781,0.788377,0.000000,0.365748,0.736873,0.005603,0.372669,0.686922,0.002988,0.387082,0.655233,-0.000773,0.400171,0.635069,-0.004108,0.367850,0.663373,-0.013025,0.375986,0.604194,-0.019914,0.376510,0.568668,-0.022927,0.374560,0.540522,-0.024717,0.378480,0.679400,-0.019903,0.397127,0.619898,-0.026702,0.406717,0.586567,-0.028512,0.412243,0.560993,-0.030280,0.390721,0.698679,-0.025027,0.418364,0.647595,-0.029873,0.422156,0.652559,-0.024985,0.418438,0.662861,-0.021038,0.402882,0.719182,-0.029693,0.424261,0.677700,-0.030074,0.425159,0.679277,-0.023797,0.420478,0.685525,-0.018895
1780388382.587,left,victory,0.370307,0.813578,0.000000,0.362988,0.759028,0.004691,0.370616,0.708669,0.001506,0.385639,0.683146,-0.003352,0.399651,0.668834,-0.007879,0.365773,0.685097,-0.011574,0.373111,0.625848,-0.019807,0.372829,0.589546,-0.024154,0.370306,0.560539,-0.026815,0.377310,0.699804,-0.019115,0.397304,0.637689,-0.026805,0.406682,0.604668,-0.029247,0.412325,0.578914,-0.031237,0.389897,0.719752,-0.025333,0.417998,0.663734,-0.032061,0.418911,0.676402,-0.027410,0.413887,0.692483,-0.022921,0.402973,0.742000,-0.031225,0.424068,0.697431,-0.033169,0.422218,0.703452,-0.026864,0.416024,0.713983,-0.021523
1780388383.112,left,victory,0.418255,0.841029,0.000000,0.405634,0.776927,0.002462,0.417151,0.722421,0.000334,0.439498,0.697469,-0.002280,0.458040,0.689743,-0.004441,0.419172,0.700338,-0.009912,0.423467,0.636082,-0.014642,0.422596,0.598426,-0.017085,0.421869,0.566882,-0.018498,0.439605,0.712150,-0.013809,0.459890,0.646239,-0.015859,0.472020,0.609295,-0.016795,0.482804,0.580428,-0.018014,0.456779,0.731606,-0.016253,0.472795,0.677409,-0.017294,0.464874,0.686794,-0.012704,0.456702,0.703275,-0.008857,0.470242,0.753069,-0.018609,0.477699,0.710838,-0.016672,0.470606,0.714100,-0.009301,0.464914,0.725359,-0.003177
1780388383.667,left,victory,0.460235,0.823700,0.000000,0.444491,0.764330,-0.001185,0.451723,0.710990,-0.004303,0.473068,0.686495,-0.007097,0.492190,0.679679,-0.009882,0.468280,0.681893,-0.013525,0.470634,0.614687,-0.018503,0.470439,0.575312,-0.020999,0.471285,0.544472,-0.022565,0.490084,0.692508,-0.015249,0.510828,0.626050,-0.018087,0.523652,0.588490,-0.019382,0.535885,0.563241,-0.020666,0.504781,0.710806,-0.015689,0.516140,0.660684,-0.016386,0.505028,0.661264,-0.012335,0.496223,0.673160,-0.009266,0.513928,0.729784,-0.016401,0.514956,0.690214,-0.015298,0.506777,0.690533,-0.008962,0.501414,0.701577,-0.003619
1780388384.186,left,victory,0.460701,0.721380,0.000000,0.453707,0.668119,0.003585,0.464102,0.626377,0.002311,0.480409,0.607471,0.000288,0.494745,0.601593,-0.001685,0.474361,0.597513,-0.007954,0.483526,0.543032,-0.012571,0.485218,0.511161,-0.014932,0.485697,0.485583,-0.015883,0.490298,0.611357,-0.011554,0.514137,0.562545,-0.012574,0.525910,0.534285,-0.012393,0.535749,0.513351,-0.012730,0.502364,0.633057,-0.013868,0.519927,0.596193,-0.012559,0.512201,0.600768,-0.007529,0.504600,0.611753,-0.004165,0.510862,0.656899,-0.016141,0.519694,0.626886,-0.012106,0.513396,0.628975,-0.004716,0.508069,0.638163,0.000876
1780388384.702,left,victory,0.464799,0.706044,0.000000,0.459416,0.655152,0.005093,0.469923,0.617509,0.005060,0.485625,0.602672,0.004104,0.499117,0.602083,0.003188,0.478459,0.592957,-0.006370,0.486743,0.542989,-0.010651,0.490057,0.510211,-0.012562,0.491954,0.486253,-0.013289,0.492614,0.607518,-0.010684,0.514956,0.561890,-0.014053,0.527346,0.532885,-0.015411,0.536356,0.513499,-0.016138,0.503424,0.627392,-0.013521,0.523569,0.594499,-0.014003,0.521913,0.592023,-0.010465,0.517451,0.596460,-0.007393,0.510809,0.648302,-0.016033,0.520568,0.619735,-0.012605,0.516737,0.618135,-0.006025,0.512129,0.624046,-0.000703
1780388385.215,left,victory,0.416457,0.764753,0.000000,0.408587,0.708881,0.001882,0.421484,0.660785,-0.001373,0.440654,0.638669,-0.005056,0.456958,0.631291,-0.008368,0.422036,0.641764,-0.014759,0.431311,0.581246,-0.022354,0.433337,0.541412,-0.026295,0.434268,0.510221,-0.028548,0.438412,0.656553,-0.019271,0.462149,0.596774,-0.024824,0.475758,0.562037,-0.026899,0.486745,0.536739,-0.028697,0.453717,0.676734,-0.022225,0.476860,0.626260,-0.025651,0.470136,0.632854,-0.020529,0.462080,0.646774,-0.016137,0.466495,0.697686,-0.025138,0.479188,0.656171,-0.024687,0.472253,0.659503,-0.017391,0.465796,0.672052,-0.011283
1780388385.766,left,victory,0.413855,0.755575,0.000000,0.402718,0.695736,0.003540,0.413638,0.643693,0.000688,0.431069,0.614958,-0.002113,0.447371,0.601618,-0.004628,0.415495,0.624613,-0.017205,0.422691,0.562179,-0.025757,0.423384,0.522067,-0.031170,0.423539,0.489462,-0.034417,0.432344,0.640253,-0.020887,0.454762,0.575734,-0.025354,0.467936,0.538291,-0.026149,0.478041,0.510214,-0.027659,0.448187,0.660509,-0.022617,0.470266,0.602133,-0.023059,0.464530,0.599006,-0.016536,0.456583,0.608279,-0.012264,0.460608,0.681387,-0.024249,0.474280,0.635727,-0.021482,0.467961,0.631671,-0.013675,0.462000,0.638358,-0.007713
1780388386.283,left,victory,0.460552,0.674710,0.000000,0.455573,0.625258,0.005908,0.465313,0.587419,0.005415,0.479177,0.569296,0.003724,0.492130,0.561862,0.002151,0.471055,0.564309,-0.006514,0.477976,0.512991,-0.011844,0.480360,0.480096,-0.014595,0.482329,0.454962,-0.015913,0.484962,0.574819,-0.011221,0.506428,0.525407,-0.015063,0.517601,0.495839,-0.016118,0.526856,0.475001,-0.016771,0.496361,0.592450,-0.014315,0.513798,0.555135,-0.014667,0.506260,0.561135,-0.008657,0.499435,0.572091,-0.003988,0.504824,0.613671,-0.017185,0.515127,0.583396,-0.013709,0.508576,0.588174,-0.005655,0.503476,0.598405,0.000743
1780388386.785,left,victory,0.459285,0.623245,0.000000,0.454775,0.573656,0.004806,0.465114,0.535723,0.003276,0.481051,0.520843,0.000506,0.495708,0.518985,-0.002153,0.470909,0.514079,-0.007928,0.481235,0.462377,-0.013561,0.485732,0.429442,-0.016214,0.488994,0.404357,-0.017475,0.485761,0.528041,-0.012858,0.510316,0.479860,-0.017114,0.523466,0.450150,-0.018664,0.533568,0.429526,-0.019597,0.497613,0.549167,-0.016201,0.515787,0.511760,-0.017126,0.508049,0.518674,-0.010848,0.500459,0.530162,-0.005739,0.506357,0.573688,-0.019373,0.516978,0.541070,-0.016162,0.510379,0.544361,-0.007411,0.504627,0.553819,-0.000451
1780388387.317,left,victory,0.460707,0.642882,0.000000,0.456558,0.589704,0.005900,0.468081,0.551044,0.004297,0.484330,0.536204,0.001285,0.499414,0.534966,-0.001742,0.473867,0.529194,-0.009205,0.485065,0.474937,-0.015524,0.489543,0.440063,-0.018775,0.492992,0.412887,-0.020662,0.489188,0.543826,-0.014668,0.515383,0.492694,-0.019400,0.529981,0.462665,-0.020874,0.541371,0.441635,-0.022091,0.501025,0.565061,-0.018329,0.522432,0.521951,-0.019136,0.514079,0.530056,-0.011651,0.505852,0.542567,-0.006009,0.509590,0.589261,-0.021790,0.522331,0.553227,-0.018711,0.515195,0.557273,-0.009598,0.509054,0.567721,-0.002431
1780388387.856,left,victory,0.475551,0.594518,0.000000,0.475524,0.547221,0.004646,0.489125,0.516357,0.002911,0.506278,0.508864,-0.000160,0.519829,0.513872,-0.003240,0.496763,0.494813,-0.007868,0.509326,0.447877,-0.013440,0.515914,0.417012,-0.016149,0.520649,0.393018,-0.017573,0.510158,0.510218,-0.012861,0.537751,0.471166,-0.017097,0.552779,0.446183,-0.018788,0.564038,0.429165,-0.019800,0.519120,0.531982,-0.016340,0.539067,0.503814,-0.017298,0.530762,0.509210,-0.011551,0.522944,0.518022,-0.006834,0.524608,0.556774,-0.019694,0.535688,0.532157,-0.016757,0.528966,0.535306,-0.008838,0.523683,0.543456,-0.002482
1780388388.402,left,victory,0.470794,0.618650,0.000000,0.470164,0.567145,0.005887,0.484199,0.534218,0.004584,0.501701,0.524812,0.001829,0.515697,0.528841,-0.001122,0.491779,0.513139,-0.007724,0.503849,0.462085,-0.013549,0.510303,0.429310,-0.016392,0.514859,0.403843,-0.017703,0.506112,0.529631,-0.012893,0.534489,0.486569,-0.016657,0.549465,0.459584,-0.017941,0.560293,0.441201,-0.018639,0.515904,0.552312,-0.016343,0.535677,0.519096,-0.016412,0.527458,0.524209,-0.010096,0.519781,0.533680,-0.005067,0.522099,0.577404,-0.019533,0.532633,0.547853,-0.015629,0.525599,0.550958,-0.006921,0.520595,0.559920,0.000009
1780388388.939,left,victory,0.473693,0.626082,0.000000,0.471116,0.573228,0.004359,0.484611,0.538022,0.002852,0.502315,0.529543,0.000244,0.517148,0.534235,-0.002426,0.490998,0.517753,-0.008446,0.501153,0.465630,-0.014460,0.505892,0.432441,-0.017676,0.509075,0.406841,-0.019274,0.505656,0.532765,-0.012886,0.531146,0.486563,-0.016263,0.544760,0.457704,-0.018097,0.555273,0.438267,-0.019561,0.516078,0.554136,-0.015766,0.534374,0.520814,-0.015594,0.526165,0.524659,-0.010462,0.518707,0.533365,-0.006661,0.522708,0.577389,-0.018575,0.532118,0.550404,-0.015278,0.525737,0.553579,-0.007783,0.521163,0.562245,-0.001907
1780388389.464,left,victory,0.478891,0.679758,0.000000,0.473597,0.626285,0.003255,0.485917,0.586745,0.000964,0.504356,0.575218,-0.002107,0.518763,0.577981,-0.005404,0.494597,0.567237,-0.012632,0.501283,0.508328,-0.019332,0.505427,0.472132,-0.022691,0.509156,0.445220,-0.024426,0.510652,0.583196,-0.016550,0.534428,0.529502,-0.021418,0.549056,0.497326,-0.023270,0.561210,0.475454,-0.024642,0.522377,0.604230,-0.018735,0.540692,0.560534,-0.020115,0.532197,0.565763,-0.014416,0.524280,0.577744,-0.009744,0.530600,0.626122,-0.020821,0.538972,0.589195,-0.018773,0.532017,0.590319,-0.011297,0.527039,0.599779,-0.005096
1780388390.001,left,victory,0.465391,0.733703,0.000000,0.457246,0.677557,0.003369,0.467762,0.634645,0.000619,0.486423,0.619672,-0.002651,0.502194,0.619060,-0.006119,0.475934,0.612177,-0.015056,0.482225,0.549965,-0.022057,0.485422,0.512683,-0.025020,0.487619,0.483894,-0.026107,0.493362,0.628149,-0.018947,0.517568,0.566942,-0.023590,0.531144,0.532481,-0.023938,0.541901,0.507874,-0.023927,0.506940,0.649106,-0.020955,0.523913,0.599324,-0.022120,0.515600,0.605594,-0.015478,0.507801,0.618886,-0.009894,0.516840,0.671789,-0.022749,0.524993,0.627486,-0.019683,0.517822,0.629868,-0.010540,0.512707,0.640990,-0.003033
1780388390.511,left,victory,0.462512,0.762554,0.000000,0.451680,0.708612,0.001350,0.461417,0.662296,-0.001908,0.481287,0.642812,-0.005151,0.498919,0.638614,-0.008646,0.470427,0.642010,-0.018806,0.477277,0.575140,-0.026594,0.480301,0.536442,-0.029475,0.482522,0.506447,-0.030337,0.490019,0.657064,-0.021706,0.514831,0.590884,-0.026958,0.528741,0.555203,-0.027010,0.540039,0.528790,-0.026675,0.505169,0.676529,-0.022760,0.520736,0.622104,-0.025089,0.513072,0.629155,-0.018473,0.506471,0.643404,-0.012671,0.516189,0.697438,-0.023639,0.524103,0.649584,-0.021556,0.516225,0.653109,-0.012395,0.511039,0.665654,-0.004774
1780388391.036,left,victory,0.424893,0.825947,0.000000,0.411254,0.769196,0.001062,0.418479,0.714991,-0.002465,0.436806,0.686382,-0.006398,0.453326,0.674273,-0.010181,0.421498,0.691379,-0.014840,0.425518,0.622748,-0.023126,0.425797,0.580854,-0.027676,0.426098,0.548550,-0.029967,0.442400,0.704723,-0.018642,0.463558,0.633771,-0.024279,0.475386,0.593079,-0.026459,0.485126,0.561744,-0.028096,0.460773,0.722128,-0.021057,0.477471,0.656184,-0.025443,0.469910,0.665794,-0.020765,0.462776,0.683523,-0.016137,0.475855,0.740095,-0.023312,0.483725,0.688012,-0.023298,0.475766,0.693422,-0.015629,0.470416,0.707276,-0.008930
1780388391.541,left,victory,0.411933,0.867018,0.000000,0.394652,0.807352,0.000362,0.402054,0.747210,-0.003869,0.424340,0.713019,-0.008056,0.444748,0.697929,-0.012051,0.407616,0.721934,-0.018512,0.409244,0.646614,-0.026808,0.408451,0.601490,-0.030663,0.408740,0.566122,-0.032594,0.430301,0.735427,-0.022193,0.451673,0.655173,-0.028358,0.463656,0.610856,-0.029924,0.474967,0.577428,-0.031102,0.449397,0.754242,-0.024213,0.467157,0.681759,-0.029688,0.456859,0.693065,-0.024114,0.448538,0.713316,-0.018572,0.464538,0.774007,-0.026013,0.473259,0.715859,-0.027353,0.463886,0.722573,-0.019273,0.458397,0.738784,-0.011961
1780388392.071,left,victory,0.408012,0.924687,0.000000,0.388245,0.867774,0.002067,0.392265,0.806873,-0.001088,0.408700,0.767232,-0.004512,0.425570,0.747328,-0.007715,0.404387,0.772003,-0.017535,0.406410,0.689768,-0.025799,0.404310,0.642730,-0.028827,0.402726,0.607198,-0.029641,0.427316,0.783088,-0.021563,0.451260,0.695785,-0.027924,0.462511,0.648720,-0.028434,0.472989,0.614474,-0.028342,0.446682,0.800327,-0.023762,0.466779,0.724187,-0.028574,0.455670,0.732884,-0.022124,0.446493,0.752369,-0.015913,0.461916,0.819756,-0.025637,0.472287,0.756911,-0.025794,0.462956,0.763297,-0.016653,0.456699,0.780387,-0.008543
1780388392.611,left,victory,0.556950,0.815780,0.000000,0.554771,0.740926,0.000263,0.574935,0.695535,-0.003313,0.602791,0.688260,-0.007641,0.622761,0.693320,-0.011708,0.601596,0.671604,-0.010549,0.619568,0.608718,-0.016132,0.630656,0.572201,-0.019729,0.640805,0.545217,-0.021993,0.620400,0.703407,-0.013794,0.657102,0.658961,-0.016739,0.679263,0.632942,-0.018388,0.697847,0.617620,-0.019771,0.630557,0.739329,-0.016041,0.654135,0.696884,-0.017741,0.641644,0.691846,-0.014284,0.629801,0.701421,-0.010963,0.635458,0.773359,-0.018529,0.646530,0.735685,-0.018409,0.636919,0.728955,-0.012987,0.628331,0.736120,-0.007743
1780388393.135,left,victory,0.720970,0.781668,0.000000,0.723662,0.719381,-0.005419,0.741240,0.684897,-0.006420,0.761330,0.691371,-0.006264,0.773205,0.699703,-0.005656,0.784092,0.689405,-0.006392,0.803760,0.645525,-0.005110,0.815750,0.624682,-0.004251,0.826822,0.609825,-0.003624,0.795378,0.726590,-0.003159,0.822345,0.704389,0.001077,0.838761,0.695556,0.003316,0.850933,0.691302,0.004547,0.795133,0.759155,-0.000065,0.795301,0.739242,0.002953,0.783737,0.733045,0.001762,0.773776,0.736508,0.001350,0.790321,0.783007,0.002507,0.787227,0.766037,0.004381,0.777787,0.762448,0.005176,0.769162,0.766288,0.006382
1780388393.768,left,victory,0.745682,0.804208,0.000000,0.761231,0.768767,-0.001466,0.779013,0.762733,-0.004144,0.788759,0.780152,-0.007683,0.793259,0.799626,-0.011157,0.801331,0.775371,-0.005834,0.819418,0.759573,-0.011119,0.831509,0.752689,-0.014335,0.841915,0.749280,-0.016416,0.804148,0.809006,-0.008572,0.823996,0.821358,-0.011501,0.834816,0.833067,-0.013210,0.842693,0.842560,-0.014019,0.799258,0.837903,-0.011323,0.797686,0.839101,-0.013381,0.788929,0.834978,-0.013101,0.782207,0.831279,-0.012258,0.789848,0.860361,-0.014575,0.782798,0.857840,-0.014489,0.775799,0.851386,-0.012128,0.770299,0.846278,-0.009771
1780388394.289,left,victory,0.685015,0.737257,0.000000,0.708694,0.707173,0.003196,0.731401,0.710613,0.001592,0.743160,0.735119,-0.001770,0.746615,0.759649,-0.005215,0.753167,0.719196,-0.002934,0.779032,0.712313,-0.008083,0.795732,0.708342,-0.011057,0.808321,0.706515,-0.012546,0.754001,0.751684,-0.008204,0.782928,0.775531,-0.011417,0.800559,0.790760,-0.013938,0.813364,0.803924,-0.015308,0.747335,0.781324,-0.012741,0.757573,0.801768,-0.014308,0.748514,0.795812,-0.012149,0.740442,0.788769,-0.009775,0.736343,0.806663,-0.017369,0.741429,0.815989,-0.015197,0.733401,0.807459,-0.009437,0.726223,0.799920,-0.004543
1780388394.813,left,victory,0.651867,0.731498,0.000000,0.688184,0.712402,0.006164,0.717145,0.727385,0.002677,0.730114,0.761398,-0.002460,0.734006,0.794716,-0.007390,0.733259,0.729583,-0.013450,0.769905,0.737848,-0.022410,0.793762,0.739631,-0.027400,0.812221,0.740623,-0.030518,0.726183,0.764976,-0.021269,0.766988,0.805700,-0.031138,0.793766,0.830571,-0.036445,0.812974,0.850594,-0.039884,0.713752,0.796403,-0.026610,0.745256,0.836653,-0.030839,0.739878,0.826208,-0.023022,0.731141,0.811148,-0.016346,0.698832,0.822792,-0.031679,0.724573,0.841439,-0.029371,0.720692,0.831561,-0.017954,0.713099,0.820595,-0.008668
1780388395.316,left,victory,0.575666,0.795384,0.000000,0.621300,0.771309,-0.008166,0.661019,0.802035,-0.016135,0.682088,0.852955,-0.022025,0.688023,0.896295,-0.027919,0.649970,0.822627,-0.036000,0.705642,0.849458,-0.048368,0.737937,0.865802,-0.052427,0.763321,0.878803,-0.054040,0.633545,0.867512,-0.036677,0.683086,0.939675,-0.047471,0.708802,0.978316,-0.048887,0.725855,1.005211,-0.049262,0.619285,0.903670,-0.035951,0.671876,0.965474,-0.046753,0.691332,0.963600,-0.045541,0.697612,0.954299,-0.042253,0.610377,0.930583,-0.035118,0.655204,0.968385,-0.042490,0.671857,0.958891,-0.039781,0.676377,0.944276,-0.035882
1780388395.900,left,victory,0.496882,0.797350,-0.000000,0.479913,0.813184,0.003310,0.461117,0.812995,0.000196,0.446463,0.799762,-0.005500,0.435739,0.782949,-0.010843,0.445349,0.828172,-0.000645,0.432699,0.782494,-0.011949,0.441208,0.749683,-0.019803,0.452994,0.731981,-0.023141,0.443176,0.822122,-0.006566,0.434349,0.767542,-0.014883,0.444287,0.736418,-0.018234,0.456176,0.720879,-0.019133,0.442992,0.810420,-0.012911,0.437148,0.758313,-0.020317,0.447000,0.731076,-0.019478,0.458516,0.717482,-0.016902,0.444533,0.794693,-0.019309,0.439983,0.754841,-0.023363,0.447988,0.735273,-0.020896,0.456791,0.724788,-0.017324
1780388396.423,left,victory,0.360308,0.610114,0.000001,0.356593,0.581581,-0.037919,0.335194,0.579359,-0.059195,0.310365,0.626958,-0.076534,0.286904,0.668294,-0.092429,0.268653,0.521724,-0.040782,0.229249,0.474086,-0.067026,0.200435,0.446294,-0.084889,0.173801,0.424063,-0.095813,0.254651,0.568260,-0.035663,0.196571,0.562638,-0.063131,0.157690,0.570439,-0.080154,0.122184,0.575792,-0.088238,0.256012,0.612125,-0.033397,0.221982,0.640641,-0.068861,0.251645,0.653631,-0.076266,0.275915,0.653458,-0.071298,0.268287,0.648152,-0.033604,0.250451,0.677511,-0.062084,0.270198,0.683814,-0.064297,0.288347,0.677604,-0.058634
1780388396.975,left,victory,0.291190,0.447895,0.000000,0.285886,0.392067,-0.018991,0.257743,0.341472,-0.025017,0.219056,0.343278,-0.030402,0.190447,0.356901,-0.034254,0.232393,0.295294,-0.006435,0.212869,0.229312,-0.017449,0.202958,0.188689,-0.025795,0.194590,0.154894,-0.031196,0.213972,0.322841,-0.005316,0.175784,0.275788,-0.017558,0.153100,0.250929,-0.026264,0.133555,0.231118,-0.031136,0.206042,0.358185,-0.007029,0.175048,0.332284,-0.027012,0.195231,0.343785,-0.031432,0.213791,0.357604,-0.028557,0.204626,0.395262,-0.010315,0.181877,0.369838,-0.025892,0.193853,0.368819,-0.026792,0.207823,0.373543,-0.023824
1780388397.512,left,victory,0.288540,0.507852,0.000000,0.280778,0.468264,-0.007410,0.255478,0.432163,-0.006783,0.235965,0.400997,-0.007128,0.223317,0.375958,-0.006930,0.228136,0.446182,0.011739,0.203220,0.434091,0.010901,0.187400,0.422725,0.008033,0.175389,0.413754,0.005374,0.229208,0.458831,0.011860,0.209890,0.437925,0.003960,0.216374,0.428313,-0.004082,0.226593,0.427604,-0.006972,0.232879,0.472903,0.010224,0.215508,0.446115,-0.000123,0.223404,0.435074,-0.006321,0.234060,0.434157,-0.007042,0.238365,0.486553,0.008050,0.224926,0.460132,0.000553,0.225832,0.444390,-0.002777,0.230134,0.436157,-0.003405
1780388398.036,left,victory,0.349372,0.784672,0.000000,0.324203,0.758877,-0.002810,0.296370,0.755541,-0.004371,0.276058,0.761904,-0.008136,0.267855,0.786229,-0.010931,0.275813,0.812917,0.001881,0.247199,0.825632,-0.003731,0.231194,0.834604,-0.007597,0.217161,0.845541,-0.010381,0.280693,0.834875,-0.004419,0.247179,0.873376,-0.014014,0.225218,0.889999,-0.020224,0.209115,0.905083,-0.023303,0.291042,0.846967,-0.011569,0.262765,0.848734,-0.026337,0.264324,0.811715,-0.029155,0.271188,0.789796,-0.026679,0.304030,0.849699,-0.018840,0.277999,0.845515,-0.028804,0.277631,0.816886,-0.027570,0.284597,0.796718,-0.024212
1780388398.558,left,victory,0.429179,0.750807,0.000000,0.424543,0.704465,-0.017195,0.408780,0.665994,-0.025416,0.392692,0.653156,-0.033491,0.374705,0.663031,-0.039888,0.356917,0.682542,-0.009685,0.327384,0.665758,-0.020126,0.309823,0.657693,-0.026936,0.293734,0.650354,-0.030451,0.352170,0.711145,-0.010315,0.314554,0.713541,-0.023279,0.290301,0.711381,-0.031212,0.271077,0.708599,-0.033898,0.355227,0.739800,-0.013270,0.346006,0.706973,-0.034495,0.370636,0.688181,-0.038830,0.389190,0.683070,-0.034355,0.363634,0.765865,-0.017409,0.356254,0.734103,-0.032015,0.373274,0.716290,-0.031385,0.388561,0.710895,-0.026470
1780388399.079,left,victory,0.587009,0.680960,0.000000,0.616421,0.660918,-0.004127,0.635412,0.636333,-0.010198,0.649410,0.622777,-0.018769,0.655636,0.608823,-0.026191,0.611867,0.559029,-0.004111,0.625191,0.515159,-0.014372,0.632185,0.486275,-0.020925,0.635625,0.459619,-0.024542,0.601296,0.556736,-0.011034,0.615613,0.498566,-0.022552,0.623217,0.459377,-0.028532,0.627235,0.427502,-0.030699,0.594590,0.566020,-0.019022,0.628564,0.544485,-0.035212,0.643832,0.574664,-0.037169,0.649818,0.600551,-0.033159,0.593926,0.585292,-0.027487,0.625143,0.575649,-0.036496,0.637156,0.594773,-0.034344,0.642289,0.614341,-0.029828
1780388399.617,left,victory,0.455083,0.792793,0.000000,0.479490,0.794723,-0.009407,0.503299,0.781690,-0.016011,0.518068,0.767716,-0.023429,0.510670,0.757469,-0.030161,0.511030,0.694723,-0.009360,0.536247,0.662024,-0.018856,0.549924,0.637250,-0.025257,0.560333,0.614947,-0.029240,0.494999,0.681069,-0.013324,0.510142,0.634452,-0.024476,0.521112,0.605978,-0.031078,0.529144,0.582314,-0.034170,0.477790,0.682092,-0.018295,0.500902,0.688440,-0.033450,0.503111,0.720823,-0.035970,0.499577,0.741077,-0.033263,0.462464,0.695664,-0.024200,0.483145,0.706171,-0.034270,0.487770,0.730232,-0.033376,0.487039,0.747845,-0.029931
1780388400.142,left,victory,0.378397,0.806410,0.000000,0.400262,0.803368,-0.012549,0.420731,0.793952,-0.021223,0.415390,0.786619,-0.030453,0.401618,0.778788,-0.039298,0.426220,0.705808,-0.014488,0.447784,0.661213,-0.026931,0.460100,0.634578,-0.033348,0.469517,0.609591,-0.036427,0.404616,0.690360,-0.017398,0.410475,0.637935,-0.031777,0.413193,0.604235,-0.039579,0.413842,0.571727,-0.042042,0.383916,0.693083,-0.021619,0.393439,0.717369,-0.039567,0.394855,0.751081,-0.043980,0.393044,0.761238,-0.041040,0.366282,0.707335,-0.026830,0.376568,0.735787,-0.036334,0.379339,0.760752,-0.035309,0.379437,0.766939,-0.031441
1780388400.667,left,victory,0.333409,0.800765,0.000000,0.349710,0.803035,-0.015002,0.356554,0.796924,-0.025285,0.339075,0.800949,-0.035079,0.320389,0.797868,-0.044918,0.357353,0.726069,-0.021895,0.373698,0.681541,-0.037429,0.382542,0.652994,-0.045781,0.388047,0.628351,-0.050294,0.336616,0.712654,-0.023761,0.329667,0.663717,-0.040196,0.321975,0.629918,-0.049442,0.315495,0.597638,-0.052957,0.319289,0.722297,-0.026678,0.310255,0.741920,-0.045655,0.319173,0.773439,-0.049332,0.329710,0.785769,-0.046329,0.306883,0.743312,-0.030548,0.302249,0.773549,-0.044893,0.313452,0.797211,-0.044870,0.325972,0.807833,-0.040706
1780388401.200,left,victory,0.339758,0.792014,0.000000,0.352006,0.791200,-0.019397,0.357179,0.787060,-0.032589,0.339444,0.788197,-0.043726,0.322386,0.781724,-0.055776,0.359219,0.716850,-0.029872,0.371952,0.679882,-0.045432,0.378336,0.655508,-0.054948,0.384327,0.632858,-0.060829,0.339871,0.703758,-0.028727,0.332175,0.656515,-0.045234,0.324325,0.622209,-0.056767,0.319964,0.589484,-0.062964,0.324362,0.712908,-0.028242,0.312089,0.701209,-0.048498,0.311197,0.719091,-0.056931,0.314663,0.728548,-0.058341,0.314609,0.731782,-0.028346,0.305764,0.739983,-0.045445,0.309970,0.758984,-0.049113,0.318169,0.770610,-0.048241
1780388401.733,left,victory,0.338143,0.839989,0.000000,0.355868,0.847103,-0.018154,0.367976,0.848161,-0.031895,0.354500,0.853694,-0.044600,0.337225,0.853420,-0.057418,0.369395,0.768583,-0.026873,0.385808,0.725771,-0.044583,0.395643,0.696466,-0.054830,0.402637,0.670929,-0.060478,0.348560,0.752558,-0.027204,0.345578,0.706617,-0.044879,0.338806,0.677684,-0.053110,0.333311,0.649054,-0.055818,0.330127,0.754123,-0.028980,0.321593,0.769815,-0.048707,0.328504,0.808613,-0.050635,0.336910,0.827696,-0.046071,0.314775,0.767157,-0.032042,0.307173,0.786582,-0.045313,0.314477,0.816140,-0.043235,0.323847,0.830363,-0.037762
1780388402.243,left,victory,0.373176,0.860721,0.000000,0.401432,0.861102,-0.012271,0.421762,0.858143,-0.023948,0.428041,0.856808,-0.036678,0.417697,0.860549,-0.048727,0.428845,0.770194,-0.019317,0.451651,0.721812,-0.034736,0.464946,0.692870,-0.042976,0.473786,0.665270,-0.047125,0.406750,0.754907,-0.023137,0.414667,0.711821,-0.041108,0.417455,0.677779,-0.050162,0.417421,0.647339,-0.052830,0.384811,0.759011,-0.027747,0.399768,0.794046,-0.046366,0.405701,0.826448,-0.049084,0.407443,0.844143,-0.044498,0.367670,0.777984,-0.033625,0.381617,0.811325,-0.042514,0.391047,0.835785,-0.039619,0.397419,0.850781,-0.033764
1780388402.743,left,victory,0.404660,0.827314,0.000000,0.431831,0.827583,-0.012994,0.454877,0.820589,-0.023700,0.467067,0.810670,-0.035204,0.458555,0.802146,-0.045529,0.460017,0.723771,-0.015690,0.481848,0.680571,-0.028201,0.493222,0.653001,-0.035260,0.502497,0.628395,-0.039348,0.439194,0.709723,-0.019436,0.449099,0.659296,-0.035848,0.455666,0.626548,-0.044925,0.460376,0.598638,-0.048467,0.419406,0.713241,-0.024174,0.440247,0.727418,-0.044463,0.447670,0.765166,-0.048617,0.449674,0.790510,-0.045194,0.404124,0.731285,-0.029994,0.424550,0.753474,-0.042506,0.433440,0.780617,-0.042825,0.437642,0.799674,-0.039312
1780388403.258,left,victory,0.382472,0.747803,0.000000,0.390258,0.691575,0.003411,0.408190,0.656145,0.000437,0.428300,0.642290,-0.002895,0.444596,0.638465,-0.005965,0.410896,0.651915,-0.016053,0.427775,0.601511,-0.025111,0.435153,0.567503,-0.030440,0.440536,0.540723,-0.033321,0.420764,0.678614,-0.020912,0.454927,0.641202,-0.026763,0.472508,0.623560,-0.028694,0.484486,0.613832,-0.030355,0.430555,0.707635,-0.024149,0.467614,0.669400,-0.028293,0.465623,0.657212,-0.024682,0.457567,0.657131,-0.021252,0.440003,0.734901,-0.026852,0.466987,0.698211,-0.027649,0.464980,0.683124,-0.022028,0.459093,0.681047,-0.016861
1780388403.770,left,victory,0.375545,0.694961,0.000000,0.377685,0.641867,0.000685,0.394160,0.602896,-0.003261,0.413904,0.582860,-0.007156,0.429329,0.574149,-0.010694,0.396359,0.595247,-0.018253,0.411653,0.540436,-0.027437,0.417079,0.505785,-0.032112,0.421347,0.478654,-0.034517,0.409140,0.618407,-0.022039,0.440280,0.572818,-0.028442,0.457056,0.549349,-0.030169,0.470514,0.532133,-0.031657,0.420757,0.645084,-0.024298,0.452025,0.602885,-0.028868,0.443788,0.606166,-0.023155,0.433491,0.615432,-0.018258,0.430330,0.670583,-0.026437,0.451076,0.632774,-0.027455,0.443671,0.630083,-0.020383,0.435789,0.636814,-0.014228
1780504200.108,right,victory,0.603541,0.862213,0.000000,0.576564,0.821594,-0.013179,0.560919,0.761798,-0.021204,0.575048,0.728144,-0.030777,0.596368,0.715493,-0.039531,0.587400,0.662459,-0.008353,0.577588,0.591974,-0.021201,0.573858,0.547348,-0.029989,0.572656,0.510241,-0.035302,0.614596,0.670440,-0.012355,0.634886,0.597851,-0.024126,0.643998,0.551810,-0.030907,0.650696,0.519302,-0.033486,0.633622,0.700707,-0.018527,0.629167,0.665983,-0.036357,0.612341,0.701371,-0.038567,0.603724,0.735887,-0.034383,0.644726,0.742971,-0.025941,0.634511,0.718515,-0.037842,0.620061,0.737869,-0.035023,0.613652,0.761936,-0.029488
1780504200.179,right,victory,0.613644,0.815981,0.000000,0.585648,0.771748,-0.008662,0.571594,0.716128,-0.017171,0.582529,0.685374,-0.028357,0.602055,0.681767,-0.039381,0.593514,0.624170,-0.009975,0.582895,0.555336,-0.021670,0.578077,0.512645,-0.028731,0.576425,0.473894,-0.034023,0.618486,0.628974,-0.017496,0.637378,0.548401,-0.030741,0.647134,0.500084,-0.039369,0.656856,0.461813,-0.043781,0.637852,0.656788,-0.026218,0.637867,0.608389,-0.045319,0.616852,0.645775,-0.047789,0.605967,0.680299,-0.043724,0.651736,0.696279,-0.035639,0.642031,0.669793,-0.049029,0.625560,0.688862,-0.047919,0.618581,0.710027,-0.043649
1780504200.248,right,victory,0.621006,0.788005,0.000000,0.594653,0.750033,-0.010592,0.578813,0.694375,-0.020203,0.590310,0.661310,-0.031668,0.612976,0.656091,-0.043089,0.597789,0.602951,-0.015246,0.586096,0.536255,-0.027853,0.578974,0.497505,-0.035250,0.575411,0.461078,-0.040939,0.621599,0.605848,-0.021432,0.639280,0.523607,-0.035578,0.649032,0.476093,-0.044253,0.659485,0.438138,-0.048937,0.641167,0.632031,-0.028641,0.643707,0.580324,-0.047475,0.623897,0.615889,-0.050397,0.613748,0.649293,-0.047374,0.656412,0.670421,-0.036617,0.645103,0.647282,-0.050633,0.629212,0.664961,-0.050440,0.622859,0.684048,-0.047081
1780504200.317,right,victory,0.621433,0.777948,0.000000,0.595651,0.744725,-0.010032,0.581047,0.690221,-0.018947,0.591947,0.656892,-0.029711,0.611656,0.649422,-0.040546,0.599202,0.598063,-0.014587,0.585303,0.531823,-0.026675,0.577925,0.492586,-0.033448,0.573345,0.457016,-0.038506,0.623850,0.600546,-0.021032,0.639387,0.516543,-0.035078,0.649244,0.469593,-0.043498,0.659344,0.432745,-0.047807,0.643291,0.625790,-0.028447,0.643224,0.577512,-0.047553,0.624904,0.616163,-0.050347,0.616305,0.648612,-0.047155,0.657713,0.662311,-0.036487,0.644915,0.641830,-0.050356,0.629526,0.666303,-0.049646,0.624483,0.687597,-0.046047
1780504200.392,right,victory,0.625359,0.774825,0.000000,0.598711,0.742652,-0.011425,0.582875,0.690597,-0.021288,0.593945,0.655331,-0.032782,0.615966,0.649638,-0.044027,0.599527,0.598137,-0.015774,0.585123,0.531936,-0.028186,0.577623,0.493764,-0.035196,0.573078,0.459223,-0.040463,0.624621,0.598380,-0.021626,0.638841,0.514449,-0.035693,0.647750,0.466874,-0.043985,0.656838,0.427587,-0.048359,0.644533,0.621708,-0.028547,0.643385,0.576023,-0.047408,0.625169,0.614437,-0.049584,0.615989,0.646484,-0.046004,0.659370,0.656671,-0.036398,0.647876,0.636537,-0.049887,0.633370,0.659094,-0.049078,0.627830,0.679925,-0.045444
1780504200.468,right,victory,0.628826,0.777109,0.000000,0.602699,0.747638,-0.011156,0.586242,0.695678,-0.020516,0.595872,0.659423,-0.031458,0.616647,0.647967,-0.042230,0.602169,0.598201,-0.014729,0.587091,0.534123,-0.027165,0.579312,0.495771,-0.034491,0.574194,0.461512,-0.039911,0.626868,0.600542,-0.020820,0.641233,0.517206,-0.035232,0.649331,0.468466,-0.044311,0.657829,0.428780,-0.049184,0.647021,0.624949,-0.028034,0.647022,0.579209,-0.047693,0.628496,0.616205,-0.051067,0.619205,0.647298,-0.048230,0.662271,0.659698,-0.036001,0.650126,0.638433,-0.050615,0.634873,0.662870,-0.050378,0.629009,0.685035,-0.046988
1780504200.554,right,victory,0.629216,0.775567,0.000000,0.603514,0.745004,-0.011033,0.587411,0.694053,-0.020364,0.598373,0.660747,-0.031238,0.619918,0.651937,-0.042077,0.604305,0.597795,-0.015497,0.590375,0.534662,-0.027356,0.583134,0.497039,-0.034302,0.578480,0.462672,-0.039670,0.629152,0.600014,-0.021413,0.644772,0.520382,-0.034756,0.652693,0.473219,-0.043257,0.660631,0.434248,-0.048173,0.649050,0.624390,-0.028418,0.649939,0.581087,-0.046768,0.631380,0.615581,-0.050482,0.621825,0.644684,-0.048517,0.663906,0.659696,-0.036205,0.654185,0.640697,-0.050011,0.638757,0.662864,-0.050310,0.632221,0.682965,-0.047756
1780504200.632,right,victory,0.630216,0.771468,0.000000,0.604757,0.738712,-0.010211,0.590145,0.686708,-0.019220,0.601429,0.654333,-0.030010,0.621694,0.645995,-0.040716,0.606450,0.596422,-0.014997,0.592319,0.533360,-0.027027,0.585278,0.494234,-0.034107,0.581255,0.458733,-0.039501,0.630800,0.598239,-0.021230,0.645783,0.518340,-0.034908,0.654609,0.471707,-0.043495,0.664044,0.433209,-0.048267,0.650005,0.622648,-0.028423,0.651490,0.579211,-0.046564,0.633242,0.614815,-0.049287,0.623718,0.645164,-0.046375,0.664200,0.658095,-0.036406,0.657386,0.635389,-0.049396,0.642991,0.654729,-0.048732,0.636491,0.674162,-0.045358
1780504200.730,right,victory,0.627968,0.761229,0.000000,0.603866,0.728539,-0.010091,0.588767,0.676473,-0.019002,0.597044,0.643896,-0.029608,0.616593,0.640151,-0.040271,0.609681,0.587600,-0.015761,0.597616,0.523173,-0.027359,0.592358,0.484482,-0.033424,0.590557,0.449848,-0.037971,0.634688,0.591715,-0.021527,0.650800,0.514545,-0.035207,0.660329,0.469130,-0.043039,0.670264,0.432284,-0.046873,0.653619,0.616249,-0.028148,0.650132,0.578462,-0.046344,0.630426,0.615713,-0.049112,0.620811,0.646654,-0.045926,0.666534,0.650616,-0.035459,0.650957,0.638592,-0.048281,0.634297,0.660700,-0.048095,0.627654,0.679853,-0.044978
1780504200.818,right,victory,0.624177,0.755631,0.000000,0.599368,0.716730,-0.008047,0.584542,0.663818,-0.016738,0.588330,0.629997,-0.027574,0.603988,0.634777,-0.038278,0.612732,0.580231,-0.014351,0.605808,0.509365,-0.024716,0.603259,0.469398,-0.029476,0.603799,0.435109,-0.033277,0.636890,0.588687,-0.020802,0.655760,0.515783,-0.034551,0.667722,0.471910,-0.042167,0.678201,0.437421,-0.045729,0.653759,0.614841,-0.027853,0.641891,0.578488,-0.045735,0.619878,0.608633,-0.049193,0.607969,0.635958,-0.046690,0.663445,0.649259,-0.035426,0.641014,0.636836,-0.047364,0.620789,0.652215,-0.048121,0.610202,0.666477,-0.046084
1780504200.905,right,victory,0.619224,0.746697,0.000000,0.594214,0.703210,-0.010412,0.580086,0.652199,-0.020053,0.575274,0.613030,-0.030998,0.588128,0.613367,-0.041256,0.617303,0.572333,-0.014262,0.614055,0.501013,-0.024628,0.612387,0.460725,-0.029739,0.613466,0.427731,-0.033742,0.640002,0.584042,-0.019201,0.656550,0.515537,-0.033542,0.666573,0.472003,-0.042340,0.674727,0.437428,-0.046790,0.653763,0.609846,-0.025075,0.633443,0.570578,-0.043716,0.609991,0.588506,-0.049692,0.596587,0.609273,-0.049147,0.656771,0.640786,-0.031583,0.625690,0.625166,-0.045199,0.604505,0.632679,-0.048988,0.592248,0.642492,-0.049198
1780504201.045,right,victory,0.618596,0.744750,0.000000,0.592519,0.690911,-0.009537,0.578014,0.642888,-0.019975,0.568319,0.606677,-0.031889,0.574029,0.596941,-0.042647,0.620929,0.572937,-0.014943,0.619568,0.501090,-0.025690,0.618406,0.459980,-0.030918,0.619096,0.425887,-0.034510,0.640069,0.587285,-0.020221,0.654558,0.517935,-0.035046,0.663706,0.473316,-0.043838,0.670598,0.436677,-0.047960,0.650118,0.612847,-0.026315,0.621469,0.574500,-0.044459,0.594746,0.586300,-0.049494,0.578484,0.601307,-0.048062,0.648255,0.641409,-0.033084,0.618537,0.614981,-0.044431,0.597658,0.617595,-0.045882,0.583342,0.625190,-0.044552
1780504201.158,right,victory,0.633358,0.733663,0.000000,0.622122,0.665631,0.001044,0.610887,0.608426,-0.007980,0.589166,0.581355,-0.019203,0.568501,0.578842,-0.031126,0.641514,0.588435,-0.021136,0.643585,0.507839,-0.034509,0.646200,0.462177,-0.042572,0.647793,0.423408,-0.048363,0.641630,0.605931,-0.029778,0.638209,0.531274,-0.046673,0.638262,0.483694,-0.055886,0.637595,0.444816,-0.062240,0.631700,0.625207,-0.036768,0.596342,0.554465,-0.049277,0.576573,0.558311,-0.046421,0.567169,0.568550,-0.042570,0.614280,0.644347,-0.043742,0.584944,0.590732,-0.048783,0.574246,0.588316,-0.043989,0.571141,0.593378,-0.040205
1780504201.249,right,victory,0.635242,0.714081,0.000000,0.640665,0.650886,0.004792,0.632033,0.593024,-0.001901,0.605164,0.567391,-0.010177,0.582181,0.563861,-0.020108,0.649707,0.572305,-0.022345,0.648391,0.491637,-0.034393,0.648408,0.447787,-0.040488,0.648692,0.411583,-0.043849,0.638446,0.595028,-0.030843,0.625400,0.518953,-0.043618,0.616709,0.475123,-0.048712,0.609493,0.440541,-0.052252,0.622170,0.618885,-0.037139,0.591512,0.547775,-0.047952,0.575975,0.543864,-0.047131,0.568866,0.549777,-0.044582,0.603903,0.641545,-0.042351,0.581750,0.583939,-0.046711,0.577483,0.581495,-0.042202,0.579146,0.589727,-0.038084
1780504201.371,right,victory,0.639597,0.706881,0.000000,0.649541,0.642145,0.002889,0.639449,0.580762,-0.004194,0.611306,0.553743,-0.012338,0.587840,0.544145,-0.021968,0.655849,0.571255,-0.022514,0.656773,0.490620,-0.034596,0.657276,0.445409,-0.040850,0.657263,0.409813,-0.044399,0.638729,0.591539,-0.029576,0.624227,0.511536,-0.041309,0.613495,0.466187,-0.046054,0.603833,0.430365,-0.049901,0.619149,0.612157,-0.034605,0.594545,0.533990,-0.044492,0.589455,0.533048,-0.042105,0.588103,0.541190,-0.038992,0.600644,0.631477,-0.038787,0.589406,0.573749,-0.043850,0.593775,0.575980,-0.039058,0.599395,0.588197,-0.034605
1780504201.464,right,victory,0.645102,0.710211,0.000000,0.655170,0.645917,0.001803,0.642911,0.582632,-0.005699,0.613899,0.554369,-0.013629,0.590573,0.541644,-0.022519,0.659401,0.574904,-0.025419,0.659734,0.494650,-0.038706,0.660482,0.449622,-0.045071,0.660212,0.414125,-0.048258,0.642042,0.593436,-0.031530,0.627608,0.509131,-0.044616,0.615912,0.464876,-0.048974,0.604950,0.429895,-0.051921,0.622083,0.611610,-0.035403,0.598775,0.535094,-0.045616,0.599774,0.545556,-0.040627,0.603670,0.562227,-0.034936,0.603317,0.628296,-0.038556,0.592719,0.571063,-0.042850,0.598545,0.577522,-0.036111,0.605067,0.592019,-0.029784
1780504201.559,right,victory,0.645876,0.713651,0.000000,0.656027,0.648834,0.000089,0.643564,0.585630,-0.007663,0.615078,0.556929,-0.015399,0.592031,0.543256,-0.023903,0.660020,0.579169,-0.025728,0.661142,0.497809,-0.038886,0.661171,0.452189,-0.045077,0.660371,0.416085,-0.048134,0.642651,0.597487,-0.030823,0.628056,0.513438,-0.043861,0.616065,0.468467,-0.048169,0.605317,0.432875,-0.051083,0.622622,0.615275,-0.033923,0.600181,0.538222,-0.044509,0.601618,0.547141,-0.040084,0.605208,0.563478,-0.034721,0.603896,0.631393,-0.036436,0.595183,0.573578,-0.041397,0.601329,0.579671,-0.035309,0.607242,0.594195,-0.029380
1780504201.646,right,victory,0.646536,0.713272,0.000000,0.657612,0.648625,0.000376,0.646678,0.586564,-0.007286,0.619387,0.558492,-0.014849,0.596298,0.546529,-0.023319,0.661477,0.580155,-0.026740,0.661481,0.499694,-0.039688,0.660989,0.453817,-0.046047,0.659691,0.417660,-0.049423,0.644670,0.598996,-0.031747,0.629461,0.516353,-0.044770,0.617325,0.470177,-0.049360,0.606349,0.434061,-0.052754,0.624740,0.617061,-0.034566,0.599877,0.538098,-0.044822,0.600556,0.545208,-0.040279,0.604085,0.561140,-0.035173,0.606095,0.633391,-0.036757,0.595968,0.575474,-0.041771,0.602628,0.581266,-0.035807,0.609466,0.596141,-0.030118
1780504201.738,right,victory,0.648031,0.707749,0.000000,0.659831,0.645387,0.000623,0.650370,0.584673,-0.007091,0.624046,0.556207,-0.014794,0.601711,0.544232,-0.023602,0.664043,0.576861,-0.026539,0.662951,0.495959,-0.039070,0.661685,0.450727,-0.044902,0.660085,0.414678,-0.047845,0.646767,0.596915,-0.031942,0.631397,0.514341,-0.044769,0.618907,0.468725,-0.048974,0.607558,0.432418,-0.051829,0.626579,0.616026,-0.035143,0.602197,0.538399,-0.045661,0.602450,0.543830,-0.041171,0.605365,0.557902,-0.035808,0.607963,0.632980,-0.037610,0.596927,0.572832,-0.042714,0.603141,0.577479,-0.036294,0.609481,0.591927,-0.030079
1780504201.833,right,victory,0.648793,0.707477,0.000000,0.660130,0.646505,0.000985,0.650736,0.585945,-0.006550,0.624056,0.557161,-0.014058,0.601357,0.544135,-0.022690,0.664197,0.574840,-0.026373,0.663530,0.493473,-0.039125,0.662018,0.447536,-0.045284,0.660313,0.411433,-0.048375,0.647362,0.594124,-0.031883,0.633284,0.511191,-0.044540,0.619633,0.466215,-0.048822,0.607828,0.432088,-0.051703,0.627789,0.613187,-0.035192,0.603717,0.537149,-0.045587,0.601081,0.540295,-0.041864,0.602466,0.552808,-0.037205,0.609397,0.630906,-0.037691,0.597514,0.573110,-0.042664,0.602233,0.578532,-0.036587,0.608350,0.593345,-0.030734
1780504201.927,right,victory,0.648412,0.711010,0.000000,0.660684,0.649252,0.000296,0.652310,0.589288,-0.007133,0.626639,0.559879,-0.014246,0.603756,0.546680,-0.022401,0.664288,0.579498,-0.027073,0.664108,0.497774,-0.040100,0.662893,0.451180,-0.046516,0.661485,0.414686,-0.049612,0.647344,0.597726,-0.031905,0.633385,0.513091,-0.044695,0.620019,0.465645,-0.049245,0.608583,0.431221,-0.052205,0.627633,0.615021,-0.034585,0.604270,0.538446,-0.044766,0.600145,0.536091,-0.041753,0.600313,0.545416,-0.037653,0.609101,0.630411,-0.036534,0.597633,0.572430,-0.041227,0.601606,0.576543,-0.035479,0.607284,0.591119,-0.029901
1780504202.041,right,victory,0.649030,0.709423,0.000000,0.660221,0.648243,0.000966,0.650098,0.586449,-0.006883,0.622042,0.556584,-0.014627,0.599126,0.542460,-0.023365,0.665150,0.575945,-0.027221,0.663731,0.493313,-0.040498,0.661906,0.446545,-0.046814,0.660053,0.410523,-0.049833,0.648132,0.595718,-0.032417,0.633488,0.511840,-0.045612,0.619872,0.466659,-0.049740,0.607819,0.432337,-0.052268,0.628418,0.614531,-0.035289,0.604712,0.539450,-0.045049,0.604597,0.545830,-0.039682,0.607679,0.559858,-0.033710,0.609857,0.631568,-0.037454,0.597973,0.572946,-0.041193,0.603123,0.579086,-0.033758,0.609293,0.593585,-0.026820
1780504202.158,right,victory,0.646959,0.711466,0.000000,0.659032,0.649976,0.001299,0.651082,0.590597,-0.006020,0.625709,0.561063,-0.013336,0.602631,0.548749,-0.021867,0.663913,0.578819,-0.026018,0.662005,0.498608,-0.038173,0.660049,0.452954,-0.044127,0.657793,0.417424,-0.046995,0.646884,0.597789,-0.031410,0.632161,0.514857,-0.043007,0.618746,0.468729,-0.046700,0.607149,0.436231,-0.049243,0.627225,0.616342,-0.034606,0.603351,0.541326,-0.043715,0.598264,0.537566,-0.040584,0.597368,0.545938,-0.036796,0.608563,0.633346,-0.037047,0.597211,0.576437,-0.041064,0.601271,0.579543,-0.035262,0.607003,0.593465,-0.029886
1780504202.260,right,victory,0.645920,0.711371,0.000000,0.656824,0.650078,0.001604,0.647319,0.589607,-0.006019,0.621752,0.560513,-0.013553,0.598865,0.548244,-0.022020,0.661347,0.579279,-0.027705,0.658580,0.498564,-0.040842,0.656485,0.452409,-0.047740,0.653988,0.416404,-0.051388,0.644646,0.599448,-0.033173,0.629350,0.516516,-0.045411,0.615994,0.471465,-0.049135,0.604105,0.438710,-0.051924,0.625271,0.618074,-0.036220,0.601044,0.539890,-0.044851,0.600450,0.544495,-0.039532,0.603534,0.559861,-0.034332,0.606904,0.634700,-0.038645,0.595020,0.575292,-0.042292,0.600261,0.580636,-0.035456,0.607268,0.596061,-0.029274
1780504202.364,right,victory,0.645645,0.711503,0.000000,0.655757,0.648191,0.001370,0.644158,0.587617,-0.006133,0.616153,0.558852,-0.013653,0.592479,0.545964,-0.022155,0.660534,0.578857,-0.026101,0.658043,0.499262,-0.038485,0.655571,0.453632,-0.044699,0.652576,0.418460,-0.047930,0.643571,0.598749,-0.031577,0.627996,0.515965,-0.043466,0.614422,0.470874,-0.047506,0.602481,0.438784,-0.050549,0.624035,0.617270,-0.034782,0.600031,0.540523,-0.043627,0.598672,0.542053,-0.039525,0.600496,0.554630,-0.035204,0.605642,0.633738,-0.037295,0.594300,0.576255,-0.041038,0.599770,0.580983,-0.034851,0.606444,0.595705,-0.029294
1780504202.497,right,victory,0.645258,0.710235,0.000000,0.655707,0.648231,0.001330,0.645057,0.588198,-0.006000,0.618931,0.557247,-0.013137,0.596609,0.541685,-0.021222,0.659291,0.579548,-0.026688,0.657876,0.499205,-0.039354,0.654756,0.453475,-0.045308,0.651527,0.418779,-0.048089,0.642532,0.599035,-0.031763,0.627301,0.514630,-0.043750,0.612840,0.468892,-0.047193,0.600565,0.436752,-0.049490,0.623172,0.617372,-0.034584,0.599584,0.541318,-0.043377,0.597096,0.540941,-0.038902,0.598279,0.551982,-0.034068,0.605260,0.634034,-0.036687,0.593918,0.576554,-0.040261,0.598425,0.580018,-0.033818,0.604317,0.593489,-0.027870
1780504202.631,right,victory,0.646444,0.709274,0.000000,0.656767,0.647355,0.000909,0.644753,0.586949,-0.007004,0.616544,0.558246,-0.014890,0.593377,0.545525,-0.023637,0.661238,0.578779,-0.027216,0.659136,0.498753,-0.040453,0.656101,0.453626,-0.046760,0.652402,0.418155,-0.050025,0.644240,0.599102,-0.032703,0.628569,0.514844,-0.045616,0.614542,0.470936,-0.049618,0.601989,0.437017,-0.052466,0.624743,0.617922,-0.035937,0.600931,0.539897,-0.046109,0.601780,0.549758,-0.040805,0.605660,0.566778,-0.034938,0.606937,0.634426,-0.038480,0.595294,0.575119,-0.043031,0.600843,0.581699,-0.036169,0.607160,0.597066,-0.029719
1780504202.776,right,victory,0.647612,0.706076,0.000000,0.658469,0.643708,0.001177,0.647780,0.583338,-0.006505,0.620868,0.555392,-0.014199,0.598332,0.544042,-0.022939,0.662098,0.575588,-0.026838,0.659825,0.495054,-0.039360,0.656798,0.450366,-0.045304,0.653311,0.415556,-0.048332,0.644833,0.596740,-0.032469,0.629329,0.514371,-0.045176,0.615620,0.469091,-0.049516,0.603291,0.434465,-0.052556,0.625157,0.616196,-0.035789,0.601719,0.538329,-0.045930,0.601905,0.543010,-0.041615,0.604680,0.556890,-0.036512,0.607460,0.633127,-0.038315,0.596177,0.573216,-0.042972,0.602107,0.578093,-0.036527,0.608384,0.592821,-0.030401
1780504202.951,right,victory,0.648244,0.704691,0.000000,0.658752,0.644298,0.000582,0.647990,0.583451,-0.006994,0.620701,0.553647,-0.014507,0.598106,0.540072,-0.022809,0.663642,0.573095,-0.025912,0.661379,0.493647,-0.038984,0.658500,0.448859,-0.045156,0.654976,0.413860,-0.048229,0.646361,0.592594,-0.031333,0.630842,0.507694,-0.044030,0.617007,0.464039,-0.047908,0.604700,0.430444,-0.050458,0.626765,0.611590,-0.034677,0.603384,0.536225,-0.044994,0.604027,0.546308,-0.039931,0.607883,0.562955,-0.034072,0.608555,0.628785,-0.037401,0.596854,0.571786,-0.042288,0.602009,0.578950,-0.035681,0.608087,0.593848,-0.029289
1780504203.460,right,victory,0.646461,0.700225,0.000000,0.659443,0.641484,0.001676,0.652484,0.584682,-0.005583,0.628959,0.555268,-0.012714,0.606786,0.542856,-0.020777,0.663263,0.571653,-0.027289,0.661187,0.493175,-0.040062,0.657942,0.448413,-0.046448,0.654199,0.413744,-0.049636,0.645982,0.591431,-0.032632,0.630511,0.507140,-0.044816,0.616711,0.461935,-0.048499,0.604425,0.428127,-0.051089,0.626176,0.609850,-0.035480,0.603167,0.531656,-0.044590,0.603870,0.539199,-0.038932,0.607950,0.555299,-0.033111,0.608072,0.625937,-0.037603,0.597029,0.566697,-0.041650,0.602752,0.572474,-0.034337,0.609571,0.587027,-0.027515
1780504203.748,right,victory,0.646505,0.702248,0.000000,0.658289,0.644681,0.000077,0.650220,0.583773,-0.007163,0.628149,0.549510,-0.013928,0.608401,0.530893,-0.020960,0.659985,0.577723,-0.026905,0.659599,0.495057,-0.038454,0.658226,0.450407,-0.043550,0.655693,0.415043,-0.046229,0.639786,0.593938,-0.030885,0.623329,0.508661,-0.041795,0.611174,0.464953,-0.044450,0.599777,0.432222,-0.046822,0.618672,0.608387,-0.032636,0.600696,0.527843,-0.040806,0.607678,0.537391,-0.035035,0.613145,0.555696,-0.029818,0.600797,0.621059,-0.033955,0.598572,0.566025,-0.038835,0.608543,0.572502,-0.033470,0.615385,0.585397,-0.028323
1780504203.965,right,victory,0.642855,0.700811,0.000000,0.657191,0.645125,-0.000992,0.648343,0.587339,-0.007414,0.624839,0.559251,-0.013092,0.602982,0.549411,-0.018824,0.653551,0.578308,-0.025147,0.652467,0.491410,-0.034255,0.651331,0.447657,-0.037186,0.648771,0.412233,-0.038268,0.630526,0.590569,-0.027463,0.611529,0.505801,-0.037000,0.600194,0.462689,-0.038886,0.588592,0.427851,-0.040141,0.608981,0.603950,-0.027536,0.593335,0.525943,-0.034814,0.602367,0.538246,-0.029388,0.606351,0.558093,-0.023946,0.593457,0.616498,-0.027247,0.594738,0.566955,-0.030983,0.605904,0.573481,-0.025563,0.611422,0.585829,-0.020147
1780504204.210,right,victory,0.641826,0.693094,0.000000,0.654163,0.636148,-0.001081,0.645362,0.579205,-0.008019,0.622572,0.551009,-0.014310,0.600769,0.542215,-0.020878,0.651570,0.566509,-0.025503,0.648253,0.483621,-0.035974,0.645739,0.440739,-0.039635,0.642675,0.407694,-0.040833,0.629868,0.580202,-0.028374,0.609791,0.495780,-0.038589,0.597130,0.454907,-0.040244,0.585512,0.424394,-0.040950,0.608554,0.596480,-0.029175,0.589309,0.522347,-0.037005,0.596943,0.532782,-0.031303,0.601921,0.551670,-0.025509,0.591796,0.612251,-0.029614,0.590054,0.564471,-0.033514,0.599840,0.569808,-0.027656,0.605206,0.581453,-0.021827
1780504204.498,right,victory,0.653385,0.677917,0.000000,0.642910,0.626202,0.003556,0.625140,0.575682,-0.003523,0.598220,0.557548,-0.012178,0.579161,0.558756,-0.020918,0.647110,0.540076,-0.019634,0.633728,0.468372,-0.031029,0.624856,0.427085,-0.035928,0.616086,0.397200,-0.038552,0.646270,0.557282,-0.028201,0.630520,0.480205,-0.043368,0.613758,0.441126,-0.049709,0.599378,0.417152,-0.052921,0.637662,0.580368,-0.034738,0.595700,0.528214,-0.046142,0.582352,0.546837,-0.042714,0.580433,0.564857,-0.037489,0.623911,0.605107,-0.040570,0.589333,0.566484,-0.044117,0.583021,0.577013,-0.038390,0.585954,0.589902,-0.033176
1780504204.706,right,victory,0.643663,0.711227,0.000000,0.616942,0.680969,-0.007990,0.597384,0.640882,-0.015824,0.584356,0.610998,-0.025315,0.591656,0.604365,-0.034077,0.624619,0.559338,-0.010061,0.609358,0.499227,-0.018980,0.600023,0.465335,-0.023643,0.593042,0.436180,-0.027395,0.644772,0.559137,-0.015230,0.644404,0.491325,-0.027994,0.641903,0.447454,-0.036332,0.638056,0.411599,-0.040650,0.659371,0.573658,-0.021210,0.628177,0.549775,-0.038679,0.610011,0.582465,-0.043214,0.600729,0.611689,-0.041572,0.664339,0.598174,-0.027699,0.630508,0.598887,-0.039832,0.613140,0.617122,-0.042040,0.603229,0.633442,-0.041238
1780504204.858,right,victory,0.647277,0.717362,0.000000,0.621070,0.692186,-0.010696,0.600915,0.653446,-0.020613,0.594652,0.618838,-0.032017,0.611510,0.610852,-0.042761,0.622194,0.564192,-0.014549,0.609528,0.499599,-0.027243,0.600424,0.464284,-0.033358,0.593337,0.432849,-0.037156,0.644263,0.563495,-0.018979,0.653217,0.490104,-0.033245,0.656834,0.445398,-0.040310,0.659258,0.407838,-0.042782,0.661646,0.580684,-0.024560,0.643220,0.548572,-0.044712,0.627058,0.585748,-0.048263,0.619400,0.617903,-0.044538,0.672809,0.607732,-0.030797,0.646207,0.606634,-0.045570,0.628525,0.630145,-0.047171,0.619069,0.649889,-0.044593
1780504204.969,right,victory,0.646029,0.718788,0.000000,0.621427,0.691309,-0.008502,0.600197,0.650602,-0.016912,0.596921,0.616157,-0.027028,0.613194,0.612492,-0.036797,0.619722,0.563065,-0.014142,0.606809,0.499768,-0.025039,0.598224,0.464833,-0.030051,0.591948,0.433276,-0.033518,0.643186,0.560452,-0.019436,0.652088,0.487244,-0.031979,0.657009,0.443500,-0.038139,0.660832,0.406330,-0.040415,0.661446,0.578550,-0.025455,0.642767,0.549282,-0.043044,0.626326,0.588471,-0.045583,0.618973,0.620353,-0.042009,0.673030,0.608622,-0.032071,0.648099,0.606921,-0.044669,0.630567,0.627355,-0.045461,0.621526,0.643733,-0.042913
1780504205.074,right,victory,0.646222,0.720456,0.000000,0.620804,0.692876,-0.008732,0.598906,0.650236,-0.016948,0.597291,0.618420,-0.026786,0.614548,0.614571,-0.036376,0.618924,0.562412,-0.013925,0.604863,0.499629,-0.024668,0.595928,0.464139,-0.029564,0.589514,0.432163,-0.033042,0.642896,0.560278,-0.019040,0.650979,0.486350,-0.031535,0.655454,0.443216,-0.037812,0.659364,0.407203,-0.040297,0.661475,0.578196,-0.024953,0.643573,0.548932,-0.042790,0.626958,0.589110,-0.045821,0.619586,0.621580,-0.042688,0.673602,0.607243,-0.031423,0.647481,0.608220,-0.044569,0.630497,0.631181,-0.045848,0.622315,0.648942,-0.043683
1780504205.276,right,victory,0.646796,0.722188,0.000000,0.621509,0.694055,-0.008581,0.599468,0.651962,-0.016802,0.596764,0.619561,-0.026753,0.613946,0.614830,-0.036421,0.619234,0.562662,-0.012903,0.605182,0.500202,-0.023517,0.596450,0.465094,-0.028596,0.590370,0.433412,-0.032280,0.643085,0.561668,-0.018303,0.651105,0.488394,-0.030972,0.655497,0.445310,-0.037639,0.659445,0.408864,-0.040453,0.661710,0.580072,-0.024573,0.644479,0.549365,-0.042793,0.627481,0.588666,-0.046038,0.619744,0.620719,-0.042991,0.673842,0.609294,-0.031370,0.648105,0.606906,-0.044628,0.631230,0.629908,-0.045740,0.623349,0.648358,-0.043460
1780504205.398,right,victory,0.646620,0.724750,0.000000,0.621162,0.696742,-0.008944,0.599420,0.654982,-0.017615,0.596288,0.622039,-0.028037,0.613043,0.620407,-0.038150,0.618698,0.565724,-0.013278,0.603670,0.502464,-0.024154,0.594393,0.466629,-0.029317,0.587976,0.434462,-0.033054,0.642606,0.563836,-0.018727,0.650896,0.489897,-0.031441,0.655244,0.447405,-0.037784,0.658866,0.411800,-0.040252,0.661397,0.582450,-0.025101,0.643770,0.553016,-0.043300,0.626780,0.593199,-0.046054,0.619614,0.625277,-0.042540,0.673423,0.612829,-0.032069,0.648731,0.610047,-0.044912,0.632581,0.632797,-0.045515,0.625916,0.650550,-0.042865
1780504205.496,right,victory,0.647324,0.725960,0.000000,0.621992,0.698372,-0.008739,0.599738,0.655857,-0.017119,0.596197,0.623117,-0.027266,0.613616,0.620044,-0.037113,0.619377,0.565018,-0.013498,0.604505,0.502653,-0.024507,0.595228,0.466996,-0.029701,0.588970,0.434807,-0.033380,0.643532,0.562283,-0.018775,0.650909,0.489472,-0.031499,0.654951,0.447446,-0.037713,0.658510,0.412098,-0.040085,0.662255,0.579934,-0.024931,0.644012,0.552594,-0.042755,0.627369,0.594285,-0.045117,0.620188,0.627621,-0.041381,0.673947,0.609301,-0.031719,0.648829,0.608393,-0.044100,0.632167,0.630736,-0.044594,0.624297,0.648254,-0.041914
1780504205.608,right,victory,0.648005,0.727597,0.000000,0.622646,0.699592,-0.008091,0.599417,0.656873,-0.015761,0.596811,0.624645,-0.025268,0.615541,0.621004,-0.034442,0.619350,0.566326,-0.011655,0.604449,0.504449,-0.021808,0.594886,0.470118,-0.026498,0.587960,0.439611,-0.029735,0.643513,0.563819,-0.016988,0.651364,0.490624,-0.028705,0.654712,0.448671,-0.034789,0.657605,0.413544,-0.037114,0.662363,0.581468,-0.023228,0.644450,0.557344,-0.040175,0.628009,0.598353,-0.043161,0.621186,0.630734,-0.039977,0.674036,0.610361,-0.030059,0.649324,0.611543,-0.041863,0.633727,0.632845,-0.042688,0.627071,0.649051,-0.040345
1780504205.708,right,victory,0.647267,0.727584,0.000000,0.621813,0.699841,-0.008225,0.598617,0.657374,-0.016083,0.596562,0.624622,-0.025805,0.615411,0.621061,-0.035232,0.618690,0.566103,-0.012042,0.603636,0.504832,-0.022457,0.594025,0.470435,-0.027491,0.587198,0.439710,-0.031107,0.642285,0.563664,-0.017491,0.649920,0.490087,-0.029521,0.653980,0.448714,-0.035689,0.657675,0.414182,-0.038136,0.661108,0.582032,-0.023848,0.645250,0.554361,-0.041011,0.628193,0.595477,-0.043492,0.620366,0.628100,-0.039976,0.673596,0.612205,-0.030818,0.651141,0.608638,-0.042835,0.635168,0.629749,-0.043195,0.627675,0.646402,-0.040476
1780504205.811,right,victory,0.648260,0.726892,0.000000,0.622317,0.698493,-0.008217,0.600092,0.656030,-0.016396,0.598021,0.623746,-0.026453,0.615588,0.621829,-0.036199,0.619031,0.566257,-0.012771,0.603849,0.502863,-0.023305,0.594551,0.467508,-0.028162,0.588069,0.436233,-0.031623,0.643024,0.564118,-0.018295,0.651549,0.490997,-0.030568,0.655612,0.448957,-0.036692,0.658995,0.413694,-0.039110,0.661863,0.582546,-0.024655,0.645618,0.555505,-0.041675,0.629090,0.597081,-0.043756,0.622131,0.629873,-0.040045,0.674021,0.612627,-0.031676,0.651362,0.610931,-0.043464,0.635681,0.632259,-0.043693,0.628889,0.648622,-0.040952
1780504205.938,right,victory,0.647290,0.725883,0.000000,0.621872,0.698384,-0.008570,0.599298,0.655977,-0.016648,0.598066,0.624145,-0.026369,0.616488,0.619956,-0.035808,0.619569,0.565859,-0.013477,0.604512,0.503774,-0.024048,0.594967,0.468627,-0.029034,0.588248,0.437077,-0.032587,0.643570,0.563255,-0.018620,0.651113,0.490015,-0.030729,0.655066,0.448492,-0.036797,0.658678,0.413593,-0.039171,0.662432,0.581211,-0.024583,0.645556,0.556491,-0.041470,0.628535,0.597488,-0.043754,0.620984,0.629803,-0.040210,0.674462,0.610746,-0.031194,0.651255,0.609499,-0.042996,0.635561,0.630909,-0.043241,0.628512,0.647248,-0.040493
1780504206.070,right,victory,0.646901,0.727987,0.000000,0.621823,0.699787,-0.009138,0.600162,0.659234,-0.017844,0.598034,0.626728,-0.028167,0.615751,0.623148,-0.038225,0.618887,0.569394,-0.014533,0.604010,0.505426,-0.026049,0.594486,0.469347,-0.031556,0.587776,0.436931,-0.035354,0.642987,0.566502,-0.019668,0.650306,0.491234,-0.032370,0.653768,0.449363,-0.038614,0.656951,0.414390,-0.041034,0.662042,0.584993,-0.025674,0.644452,0.557477,-0.043224,0.627593,0.597239,-0.045658,0.620461,0.629189,-0.042096,0.674088,0.615226,-0.032357,0.650699,0.613705,-0.044719,0.634527,0.633061,-0.045248,0.627249,0.647943,-0.042622
1780504206.183,right,victory,0.647246,0.727857,0.000000,0.621576,0.699661,-0.009118,0.598519,0.658126,-0.017750,0.596177,0.626270,-0.028019,0.614403,0.625120,-0.037994,0.618311,0.567866,-0.014018,0.603372,0.505298,-0.025083,0.593876,0.469632,-0.030407,0.587098,0.437508,-0.034220,0.642499,0.565548,-0.019242,0.649704,0.491239,-0.031669,0.653168,0.449239,-0.037876,0.656415,0.413952,-0.040378,0.661586,0.584183,-0.025377,0.644556,0.557603,-0.042761,0.627298,0.597542,-0.045423,0.619674,0.629531,-0.042097,0.673970,0.614304,-0.032208,0.650799,0.613864,-0.044586,0.634484,0.633327,-0.045422,0.626773,0.648155,-0.043087
1780504206.312,right,victory,0.647217,0.728595,0.000000,0.621486,0.701075,-0.009144,0.598828,0.660539,-0.017916,0.595048,0.628030,-0.028386,0.612266,0.626717,-0.038459,0.617696,0.570164,-0.013194,0.601833,0.507593,-0.024325,0.591819,0.472094,-0.029681,0.584911,0.440940,-0.033369,0.641530,0.567722,-0.018470,0.648331,0.492786,-0.031069,0.651896,0.450596,-0.037457,0.655339,0.415418,-0.039894,0.660434,0.586282,-0.024728,0.642483,0.560490,-0.042350,0.625958,0.600603,-0.044959,0.619311,0.631749,-0.041362,0.672181,0.616451,-0.031667,0.648155,0.615814,-0.043763,0.632357,0.635383,-0.044217,0.625630,0.649682,-0.041543
1780504206.456,right,victory,0.645945,0.729159,0.000000,0.620420,0.701909,-0.008899,0.597316,0.661782,-0.017541,0.593756,0.629458,-0.027896,0.611239,0.627281,-0.037847,0.615646,0.570429,-0.012829,0.599874,0.508506,-0.023642,0.589927,0.474211,-0.028964,0.583074,0.443623,-0.032785,0.639070,0.568292,-0.018024,0.646499,0.495374,-0.030327,0.650542,0.453525,-0.036717,0.654499,0.418589,-0.039359,0.657796,0.586486,-0.024183,0.641934,0.560197,-0.041206,0.625116,0.599390,-0.043939,0.617918,0.630320,-0.040795,0.670116,0.616060,-0.031032,0.646929,0.618229,-0.043125,0.631338,0.638412,-0.044068,0.624881,0.652894,-0.041836
1780504206.645,right,victory,0.645622,0.726987,0.000000,0.619718,0.698841,-0.007853,0.597226,0.658137,-0.015895,0.595447,0.626789,-0.025852,0.613364,0.625868,-0.035514,0.616583,0.568894,-0.011950,0.602947,0.507549,-0.022150,0.594172,0.474987,-0.026707,0.587814,0.446403,-0.029753,0.639520,0.566144,-0.017443,0.648081,0.493267,-0.029106,0.651827,0.450794,-0.035008,0.654984,0.414996,-0.037108,0.657685,0.583572,-0.023800,0.641168,0.559114,-0.040422,0.625177,0.600023,-0.043337,0.618474,0.631843,-0.040056,0.669568,0.612819,-0.030731,0.646336,0.616426,-0.042236,0.631202,0.637866,-0.043094,0.624659,0.653412,-0.040701
1780504206.823,right,victory,0.647215,0.727021,0.000000,0.620708,0.698397,-0.010671,0.598965,0.662770,-0.020975,0.591294,0.630085,-0.032769,0.605603,0.631038,-0.043796,0.618193,0.567604,-0.013431,0.603861,0.505945,-0.024625,0.594748,0.472727,-0.030292,0.588774,0.443561,-0.034162,0.642684,0.566416,-0.018002,0.649647,0.496617,-0.030698,0.652931,0.454666,-0.037545,0.655948,0.418739,-0.040418,0.661410,0.585319,-0.023764,0.642414,0.563768,-0.041179,0.625054,0.601859,-0.044312,0.617468,0.632704,-0.041146,0.671569,0.615842,-0.030397,0.646201,0.619502,-0.041743,0.629345,0.638322,-0.042524,0.621382,0.653026,-0.040196
1780504207.109,right,victory,0.688375,0.659285,0.000000,0.644697,0.617434,-0.005295,0.613842,0.587642,-0.014691,0.590397,0.576591,-0.026220,0.578855,0.583632,-0.037468,0.631259,0.513883,-0.011661,0.604224,0.466216,-0.025739,0.587323,0.434953,-0.034317,0.574163,0.407877,-0.039926,0.646448,0.518601,-0.019416,0.619560,0.465672,-0.036642,0.600955,0.432663,-0.046219,0.585653,0.409207,-0.050486,0.658208,0.541722,-0.028076,0.621614,0.547963,-0.047940,0.606427,0.568529,-0.052964,0.597810,0.584212,-0.051251,0.662857,0.576843,-0.036993,0.632930,0.590232,-0.048954,0.616638,0.596885,-0.049991,0.604611,0.599643,-0.048308
1780504207.318,right,victory,0.723664,0.571018,-0.000000,0.676840,0.575667,-0.008231,0.631405,0.581801,-0.019117,0.598693,0.608985,-0.031056,0.573155,0.631212,-0.044523,0.620326,0.472230,-0.021575,0.572930,0.495632,-0.039851,0.544789,0.517059,-0.054021,0.522470,0.538615,-0.062102,0.644889,0.459700,-0.026949,0.602773,0.553814,-0.046748,0.580196,0.631645,-0.055613,0.566184,0.688585,-0.058327,0.672620,0.472200,-0.032773,0.642509,0.563418,-0.050748,0.638185,0.605557,-0.051279,0.639936,0.631665,-0.047448,0.697500,0.494431,-0.038858,0.668127,0.562319,-0.048254,0.661131,0.590486,-0.042459,0.660881,0.605514,-0.034814
1780504207.569,right,victory,0.704615,0.516854,-0.000000,0.670861,0.559153,-0.011198,0.637521,0.607374,-0.020792,0.615761,0.668306,-0.029463,0.601024,0.708304,-0.040998,0.619917,0.525580,-0.027691,0.579000,0.594398,-0.038571,0.554343,0.643623,-0.047988,0.536946,0.685298,-0.054170,0.639533,0.504674,-0.028205,0.612882,0.648326,-0.038930,0.599105,0.744105,-0.051521,0.592813,0.809281,-0.062551,0.663632,0.498564,-0.027849,0.640053,0.630860,-0.042107,0.624825,0.710950,-0.052611,0.617392,0.765176,-0.059526,0.688005,0.495173,-0.027139,0.672754,0.569025,-0.036275,0.665375,0.609250,-0.036658,0.661612,0.642295,-0.036399
1780504207.835,right,victory,0.647041,0.511905,0.000000,0.602098,0.515484,-0.013212,0.580261,0.573022,-0.021362,0.584163,0.633312,-0.026845,0.595855,0.674580,-0.033494,0.585583,0.624833,-0.029637,0.559568,0.682677,-0.040247,0.542727,0.724885,-0.048470,0.531456,0.758487,-0.054256,0.611528,0.644180,-0.024600,0.606032,0.725468,-0.034649,0.600033,0.779987,-0.040331,0.598664,0.819450,-0.045144,0.634974,0.647619,-0.018705,0.618634,0.695763,-0.027247,0.609760,0.677882,-0.028477,0.610751,0.654511,-0.027827,0.652295,0.643008,-0.013354,0.630892,0.670187,-0.021023,0.621901,0.654450,-0.021096,0.620187,0.632922,-0.019467
1780504207.960,right,victory,0.651404,0.518077,0.000000,0.603995,0.527965,-0.012700,0.587261,0.587081,-0.021355,0.593924,0.649390,-0.025949,0.606804,0.686475,-0.029883,0.589017,0.628212,-0.041592,0.553650,0.699624,-0.053789,0.537879,0.745722,-0.057215,0.528121,0.779990,-0.057766,0.616840,0.653850,-0.035087,0.610631,0.752114,-0.050011,0.608806,0.812888,-0.052854,0.610082,0.856042,-0.052547,0.638507,0.660748,-0.026042,0.620846,0.706538,-0.035752,0.610950,0.688806,-0.031796,0.611020,0.666323,-0.025361,0.652768,0.658758,-0.017381,0.629228,0.681867,-0.021301,0.621998,0.667591,-0.016665,0.621168,0.650506,-0.010398
1780504208.207,right,victory,0.651213,0.514774,0.000000,0.602742,0.525597,-0.011998,0.585791,0.585108,-0.019856,0.595932,0.648814,-0.024302,0.612127,0.686270,-0.028336,0.588631,0.629266,-0.035406,0.554690,0.703198,-0.045179,0.538727,0.747253,-0.047313,0.529296,0.781754,-0.047078,0.615833,0.655499,-0.029666,0.610395,0.756882,-0.041337,0.609979,0.817529,-0.043584,0.613223,0.863085,-0.043083,0.637436,0.662408,-0.021761,0.623876,0.705207,-0.030078,0.615796,0.681519,-0.027417,0.616831,0.656699,-0.021903,0.652188,0.660133,-0.014159,0.633705,0.680539,-0.016864,0.628619,0.661839,-0.012255,0.630040,0.641495,-0.006251
1780504208.494,right,victory,0.650601,0.514609,0.000000,0.602408,0.529207,-0.010722,0.586699,0.590851,-0.018279,0.597553,0.654174,-0.022688,0.613215,0.691730,-0.026469,0.588699,0.635978,-0.034256,0.554427,0.709086,-0.043781,0.538255,0.752278,-0.045519,0.528957,0.785535,-0.044899,0.616513,0.660929,-0.029208,0.611719,0.762438,-0.041201,0.611069,0.822897,-0.043366,0.614272,0.868195,-0.042568,0.638479,0.667035,-0.021920,0.625000,0.707529,-0.030249,0.615433,0.684088,-0.027650,0.615529,0.659636,-0.022024,0.653106,0.663500,-0.014829,0.634222,0.681623,-0.017004,0.627533,0.663100,-0.012233,0.627929,0.642919,-0.006044
1780504208.601,right,victory,0.651278,0.513157,0.000000,0.603409,0.528526,-0.010157,0.586959,0.589283,-0.017181,0.596934,0.652378,-0.021451,0.611458,0.690024,-0.025213,0.587761,0.638515,-0.030057,0.556039,0.711637,-0.038977,0.539504,0.753875,-0.041386,0.529678,0.786917,-0.041365,0.615151,0.662844,-0.025943,0.611280,0.763874,-0.036357,0.611753,0.824845,-0.038877,0.616404,0.870526,-0.038608,0.637569,0.667622,-0.019897,0.625534,0.709259,-0.027609,0.616963,0.684934,-0.025465,0.617489,0.659617,-0.020347,0.653120,0.662682,-0.014109,0.635996,0.682893,-0.016261,0.630230,0.663470,-0.011333,0.631330,0.642181,-0.005076
1780504208.792,right,victory,0.638788,0.481692,0.000000,0.590726,0.508395,-0.002240,0.574983,0.575937,-0.005117,0.582671,0.637166,-0.007214,0.594734,0.673436,-0.009447,0.577866,0.615865,-0.021173,0.549270,0.692004,-0.029151,0.535583,0.740607,-0.032358,0.527281,0.775827,-0.033364,0.605775,0.635323,-0.020494,0.604344,0.734806,-0.028522,0.607282,0.797441,-0.030744,0.613112,0.843002,-0.031320,0.628510,0.637725,-0.017572,0.621800,0.695920,-0.022027,0.613059,0.675494,-0.018625,0.611224,0.649669,-0.014122,0.644285,0.628658,-0.014514,0.631857,0.662625,-0.014922,0.625270,0.645499,-0.009171,0.623535,0.623064,-0.002963
1780504208.924,right,victory,0.627118,0.475683,0.000000,0.584104,0.508201,-0.002001,0.572338,0.574992,-0.006098,0.584981,0.632452,-0.009410,0.600699,0.664084,-0.012971,0.571359,0.608028,-0.022681,0.546578,0.685346,-0.032887,0.533536,0.734111,-0.038156,0.524936,0.770669,-0.040518,0.598503,0.623813,-0.022668,0.601838,0.726386,-0.031245,0.605796,0.789014,-0.033816,0.611923,0.834254,-0.034974,0.621222,0.625189,-0.020487,0.619714,0.687431,-0.025173,0.611921,0.665689,-0.020925,0.609894,0.638812,-0.015772,0.637211,0.617026,-0.018207,0.629098,0.652374,-0.018790,0.622674,0.634551,-0.012500,0.620443,0.612288,-0.005877
1780504209.062,right,victory,0.607103,0.468214,0.000000,0.568809,0.509076,0.003409,0.560292,0.574679,0.001188,0.568226,0.630681,-0.001477,0.577461,0.662532,-0.004678,0.563519,0.610642,-0.020448,0.545920,0.691343,-0.029145,0.537551,0.741311,-0.033277,0.533467,0.779030,-0.035387,0.589932,0.618854,-0.023025,0.600710,0.720372,-0.030997,0.609729,0.782168,-0.033537,0.619931,0.827746,-0.035306,0.612622,0.613025,-0.022715,0.619604,0.682350,-0.026507,0.610608,0.663532,-0.021704,0.605768,0.637996,-0.017047,0.628961,0.598458,-0.021847,0.626638,0.633228,-0.022617,0.618157,0.618135,-0.016880,0.612372,0.597961,-0.010960
1780504209.207,right,victory,0.579570,0.482695,0.000000,0.556238,0.540112,0.004077,0.554437,0.605436,0.000173,0.571718,0.645601,-0.005454,0.590630,0.665287,-0.012002,0.544383,0.632612,-0.013875,0.533935,0.709572,-0.024661,0.527885,0.754933,-0.030322,0.524040,0.791135,-0.032990,0.564406,0.628424,-0.020793,0.571652,0.714762,-0.030292,0.578542,0.763513,-0.033319,0.586293,0.801390,-0.034959,0.585592,0.615201,-0.026107,0.604262,0.674207,-0.033792,0.601969,0.657960,-0.030178,0.598434,0.637465,-0.025583,0.605454,0.597652,-0.031011,0.612176,0.637969,-0.034211,0.606848,0.624287,-0.028049,0.601110,0.607029,-0.022050
1780504209.386,right,victory,0.592434,0.504939,0.000000,0.594262,0.590518,0.000701,0.589211,0.641363,-0.006566,0.592687,0.671659,-0.016656,0.598014,0.690177,-0.026774,0.537150,0.648866,-0.009483,0.519425,0.709674,-0.019490,0.505727,0.742133,-0.026298,0.492673,0.772582,-0.031220,0.529717,0.627029,-0.017510,0.511932,0.675117,-0.031633,0.493875,0.708358,-0.040262,0.479330,0.734780,-0.045727,0.534646,0.602090,-0.025098,0.557636,0.652978,-0.038549,0.582246,0.671220,-0.042206,0.600488,0.678138,-0.042703,0.551369,0.581984,-0.032555,0.572653,0.625998,-0.040194,0.589934,0.643695,-0.040426,0.602565,0.653731,-0.040055
1780504209.569,right,victory,0.616752,0.511302,0.000000,0.614501,0.571201,-0.009222,0.608812,0.619439,-0.019802,0.600747,0.653642,-0.031931,0.586789,0.650100,-0.043348,0.554597,0.632704,-0.015037,0.534289,0.693118,-0.027340,0.521748,0.725279,-0.034434,0.508718,0.749934,-0.039156,0.541744,0.600074,-0.020591,0.507903,0.644490,-0.035539,0.484658,0.671166,-0.044028,0.465939,0.690253,-0.048244,0.540477,0.567749,-0.027054,0.544665,0.622478,-0.045988,0.568653,0.633306,-0.050505,0.587162,0.629026,-0.048671,0.549666,0.543485,-0.034109,0.560476,0.590060,-0.047544,0.578075,0.606240,-0.048904,0.592366,0.610949,-0.047136
1780504209.757,right,victory,0.623689,0.492044,0.000000,0.623031,0.545219,-0.011691,0.610509,0.590070,-0.021745,0.596569,0.621631,-0.033529,0.576935,0.624325,-0.044205,0.561288,0.606700,-0.010283,0.541009,0.662091,-0.023491,0.529288,0.693323,-0.030993,0.516645,0.716596,-0.035944,0.547696,0.577775,-0.014589,0.511102,0.619557,-0.029856,0.489661,0.643979,-0.038616,0.471460,0.660113,-0.042803,0.545252,0.545096,-0.020659,0.532345,0.597103,-0.041653,0.560624,0.605882,-0.045036,0.582715,0.601308,-0.041719,0.551727,0.517144,-0.027636,0.558147,0.563773,-0.044333,0.575909,0.585162,-0.047172,0.589839,0.594396,-0.045631
1780504210.056,right,victory,0.617853,0.491616,0.000000,0.615967,0.544919,-0.008842,0.601160,0.593836,-0.017217,0.583234,0.622735,-0.027674,0.563011,0.618581,-0.037214,0.557905,0.601044,-0.008776,0.536440,0.658031,-0.020624,0.523741,0.689758,-0.026564,0.510651,0.712042,-0.030420,0.544906,0.574022,-0.013891,0.506547,0.617243,-0.027698,0.484574,0.641494,-0.034480,0.467101,0.656823,-0.037345,0.541761,0.543068,-0.020462,0.523561,0.596525,-0.040011,0.549712,0.605794,-0.041965,0.571868,0.601641,-0.037904,0.546068,0.515142,-0.027675,0.547707,0.564859,-0.043472,0.565140,0.586504,-0.045178,0.580287,0.595606,-0.042905
1780504210.216,right,victory,0.615423,0.486704,0.000000,0.612757,0.540266,-0.008641,0.597343,0.588477,-0.016694,0.578747,0.618067,-0.026903,0.558353,0.614913,-0.036372,0.555242,0.597541,-0.007573,0.535021,0.652299,-0.019209,0.522697,0.682990,-0.025304,0.509865,0.704641,-0.029230,0.542146,0.570329,-0.012658,0.504564,0.612053,-0.026036,0.483017,0.636849,-0.032944,0.465823,0.652487,-0.035908,0.538859,0.538983,-0.019260,0.521646,0.590329,-0.038220,0.546944,0.601806,-0.040807,0.568213,0.599319,-0.037309,0.543050,0.510860,-0.026483,0.544112,0.560375,-0.041445,0.561595,0.581627,-0.043084,0.576815,0.589917,-0.040928
1780504210.371,right,victory,0.608875,0.486328,0.000000,0.606167,0.540314,-0.008577,0.589180,0.587110,-0.016172,0.568664,0.615489,-0.025897,0.547675,0.618324,-0.034896,0.550357,0.594557,-0.007666,0.529549,0.649449,-0.019047,0.516951,0.679889,-0.025014,0.504010,0.701254,-0.029257,0.537023,0.567653,-0.012447,0.499672,0.608303,-0.025455,0.479019,0.631652,-0.032561,0.462259,0.646579,-0.036381,0.533817,0.536572,-0.018706,0.511838,0.588537,-0.036664,0.537202,0.601256,-0.038792,0.559268,0.600035,-0.035912,0.538084,0.507079,-0.025685,0.537191,0.554912,-0.040929,0.552029,0.578873,-0.043722,0.565322,0.591083,-0.042853
1780504210.547,right,victory,0.607659,0.486031,0.000000,0.605166,0.538894,-0.009284,0.588408,0.585403,-0.017725,0.567913,0.615930,-0.028520,0.546667,0.615211,-0.038321,0.548535,0.593401,-0.006215,0.527248,0.646424,-0.017998,0.514166,0.675950,-0.024233,0.501114,0.696390,-0.028620,0.535846,0.566728,-0.011154,0.498664,0.606780,-0.025079,0.477833,0.630429,-0.032515,0.460367,0.645707,-0.036343,0.532761,0.535926,-0.017886,0.510428,0.586353,-0.036782,0.536773,0.597577,-0.038230,0.559063,0.595856,-0.034385,0.536648,0.507701,-0.025494,0.533845,0.556509,-0.041089,0.549302,0.579618,-0.043358,0.563119,0.590746,-0.041866
1780504210.703,right,victory,0.610213,0.490732,0.000000,0.608946,0.544117,-0.009774,0.591640,0.589754,-0.017609,0.571894,0.619205,-0.027233,0.551415,0.623686,-0.036023,0.551064,0.596210,-0.008619,0.528170,0.648574,-0.020730,0.514696,0.677263,-0.027505,0.501082,0.697831,-0.032354,0.538685,0.569005,-0.013050,0.500402,0.607901,-0.027646,0.479133,0.631522,-0.036360,0.462066,0.647064,-0.041240,0.535741,0.538917,-0.019005,0.511608,0.588170,-0.038689,0.536800,0.601099,-0.041978,0.558444,0.601204,-0.039620,0.539621,0.511894,-0.025646,0.537129,0.559067,-0.042607,0.554196,0.582775,-0.046093,0.569281,0.594547,-0.045441
1780504210.854,right,victory,0.616212,0.489431,0.000000,0.613698,0.542499,-0.008870,0.595915,0.588664,-0.016178,0.575239,0.617792,-0.025530,0.554452,0.618748,-0.034183,0.554449,0.593681,-0.007463,0.530950,0.644540,-0.019190,0.516945,0.672821,-0.025688,0.503057,0.693559,-0.030213,0.542482,0.566010,-0.012368,0.503285,0.603701,-0.026328,0.481148,0.628187,-0.034713,0.463788,0.643438,-0.039182,0.540106,0.535316,-0.018764,0.518278,0.583419,-0.037587,0.542484,0.598661,-0.041205,0.563119,0.599378,-0.038974,0.544601,0.508027,-0.025790,0.541880,0.553977,-0.041149,0.559150,0.576845,-0.044057,0.574221,0.586407,-0.043111
1780504211.021,right,victory,0.622833,0.497261,0.000000,0.620013,0.548581,-0.010998,0.603190,0.591558,-0.019884,0.584626,0.620869,-0.030388,0.564491,0.621159,-0.040112,0.558019,0.598270,-0.010028,0.534673,0.647648,-0.022997,0.520395,0.675477,-0.030590,0.505910,0.694384,-0.035759,0.546188,0.568335,-0.014101,0.508704,0.605004,-0.029383,0.486617,0.628510,-0.038834,0.468740,0.643154,-0.043906,0.544353,0.536225,-0.019734,0.525217,0.583121,-0.039842,0.550473,0.597023,-0.043669,0.571458,0.597996,-0.041298,0.550052,0.508883,-0.026119,0.550922,0.555864,-0.042429,0.568209,0.579532,-0.045535,0.582470,0.590931,-0.044465
1780504211.203,right,victory,0.627729,0.500856,0.000000,0.624447,0.550235,-0.011547,0.607859,0.594920,-0.020673,0.588537,0.623268,-0.031355,0.568357,0.618954,-0.041279,0.560781,0.602172,-0.010773,0.536206,0.649671,-0.023727,0.521342,0.676874,-0.031071,0.506440,0.695530,-0.035923,0.549311,0.571387,-0.014875,0.510768,0.606708,-0.029926,0.488448,0.628170,-0.038633,0.470359,0.641312,-0.042843,0.548435,0.537489,-0.020593,0.531111,0.583967,-0.041215,0.557103,0.595148,-0.044712,0.578073,0.592893,-0.041598,0.555002,0.508121,-0.027076,0.555060,0.555943,-0.043115,0.572792,0.578718,-0.045244,0.587407,0.587924,-0.043345
1780504211.302,right,victory,0.631127,0.501576,0.000000,0.626975,0.552513,-0.011175,0.611179,0.596682,-0.020430,0.593447,0.624629,-0.031256,0.573911,0.621755,-0.041448,0.562754,0.603787,-0.011000,0.538562,0.649864,-0.023871,0.524214,0.677009,-0.031394,0.509478,0.695735,-0.036449,0.551632,0.572075,-0.015416,0.513433,0.606866,-0.030257,0.491492,0.628947,-0.039068,0.473645,0.643097,-0.043531,0.551051,0.537459,-0.021378,0.534278,0.583608,-0.042012,0.559590,0.596303,-0.045989,0.580263,0.595595,-0.043427,0.558074,0.507763,-0.028028,0.558907,0.556319,-0.044305,0.576724,0.579825,-0.046634,0.591365,0.589898,-0.044965
1780504211.409,right,victory,0.634535,0.501263,0.000000,0.630512,0.552394,-0.011419,0.614757,0.597752,-0.020624,0.597242,0.627916,-0.031312,0.577817,0.624991,-0.041286,0.566169,0.605072,-0.010936,0.542420,0.651751,-0.024102,0.528135,0.679635,-0.032041,0.513478,0.698895,-0.037500,0.554879,0.574318,-0.015261,0.517601,0.610975,-0.030411,0.495402,0.633913,-0.039662,0.477167,0.648485,-0.044554,0.554095,0.540195,-0.021175,0.537858,0.585780,-0.041749,0.563154,0.599204,-0.045874,0.583909,0.599484,-0.043558,0.560977,0.510924,-0.027869,0.562928,0.558864,-0.044231,0.580661,0.582293,-0.046932,0.595140,0.592514,-0.045598
1780504211.522,right,victory,0.635270,0.502496,0.000000,0.631234,0.555146,-0.010666,0.614251,0.599721,-0.019475,0.595109,0.626598,-0.030054,0.574681,0.621596,-0.039860,0.566957,0.602800,-0.009899,0.542541,0.651344,-0.022814,0.527396,0.679009,-0.030004,0.512557,0.697873,-0.034684,0.555260,0.571233,-0.014452,0.516935,0.606840,-0.029497,0.494766,0.630992,-0.038155,0.477539,0.646236,-0.042297,0.554589,0.537923,-0.020577,0.537666,0.585603,-0.041100,0.563995,0.599421,-0.044531,0.585663,0.598821,-0.041368,0.561663,0.510245,-0.027425,0.563533,0.558395,-0.043626,0.582053,0.582886,-0.045982,0.597724,0.593652,-0.044140
1780504211.638,right,victory,0.638288,0.506971,0.000000,0.633832,0.558430,-0.010905,0.617070,0.602552,-0.019731,0.598825,0.630365,-0.030230,0.579842,0.626425,-0.040021,0.568277,0.608286,-0.010226,0.544099,0.655441,-0.023054,0.529533,0.683190,-0.030800,0.514738,0.702434,-0.036088,0.557339,0.576883,-0.014666,0.520555,0.611539,-0.029596,0.498325,0.634148,-0.038834,0.480033,0.648693,-0.043703,0.557196,0.542866,-0.020656,0.541227,0.587839,-0.041040,0.566855,0.601186,-0.045199,0.587787,0.601393,-0.042859,0.564781,0.513844,-0.027375,0.566322,0.560610,-0.043638,0.583966,0.585332,-0.046355,0.598672,0.596852,-0.044989
1780504211.775,right,victory,0.639851,0.507050,0.000000,0.636308,0.561283,-0.010911,0.619107,0.606285,-0.019593,0.600594,0.633714,-0.029958,0.581284,0.629181,-0.039622,0.570906,0.609840,-0.009585,0.546202,0.657757,-0.022463,0.530814,0.685055,-0.029960,0.515691,0.703280,-0.034894,0.559955,0.577937,-0.013951,0.522771,0.612887,-0.029268,0.499903,0.636162,-0.038676,0.481650,0.651005,-0.043433,0.559382,0.544201,-0.019946,0.542644,0.588470,-0.040824,0.567750,0.602546,-0.045377,0.589041,0.603670,-0.043023,0.566084,0.515730,-0.026608,0.567284,0.563047,-0.042921,0.585279,0.587626,-0.045685,0.600792,0.599735,-0.044241
1780504211.896,right,victory,0.640566,0.513344,0.000000,0.636797,0.566357,-0.010969,0.618806,0.609230,-0.019753,0.601237,0.635791,-0.030079,0.581962,0.636336,-0.039701,0.570548,0.610128,-0.010210,0.545440,0.657904,-0.022701,0.530156,0.685797,-0.029601,0.515014,0.704778,-0.034123,0.559266,0.577808,-0.014460,0.520842,0.611767,-0.029497,0.498171,0.635845,-0.038485,0.480754,0.651801,-0.042913,0.558605,0.545257,-0.020278,0.540859,0.594160,-0.041381,0.566626,0.610924,-0.045982,0.588802,0.613687,-0.043616,0.565408,0.519306,-0.026686,0.567258,0.570474,-0.043972,0.585594,0.594931,-0.047260,0.601540,0.606609,-0.045969
1780504212.084,right,victory,0.640948,0.524784,0.000000,0.635080,0.580544,-0.010442,0.617581,0.620302,-0.018766,0.600577,0.645763,-0.028688,0.583210,0.645401,-0.037867,0.567026,0.611698,-0.008700,0.539358,0.654232,-0.020810,0.523417,0.680606,-0.027558,0.508308,0.698451,-0.031800,0.557381,0.579414,-0.012788,0.518110,0.609649,-0.027036,0.495342,0.632793,-0.035865,0.477785,0.648681,-0.040167,0.557696,0.548617,-0.018525,0.541423,0.595062,-0.038529,0.564366,0.615692,-0.044232,0.584942,0.621974,-0.042879,0.565419,0.526101,-0.024867,0.569586,0.575384,-0.040788,0.586205,0.602875,-0.044796,0.600403,0.618089,-0.044328
1780504212.249,right,victory,0.643594,0.542570,0.000000,0.637513,0.599564,-0.012468,0.623150,0.642169,-0.022608,0.606995,0.668973,-0.033708,0.591201,0.663358,-0.043754,0.568080,0.629713,-0.012307,0.541682,0.672063,-0.025935,0.525404,0.698872,-0.034394,0.510072,0.716887,-0.039708,0.558393,0.596302,-0.015796,0.521358,0.627440,-0.030361,0.498481,0.647679,-0.039228,0.480232,0.660938,-0.043510,0.559591,0.563749,-0.020989,0.551361,0.609869,-0.039952,0.572524,0.632460,-0.044955,0.591334,0.641320,-0.043360,0.569125,0.541147,-0.027152,0.575453,0.589861,-0.041367,0.590929,0.619659,-0.044076,0.604342,0.637788,-0.042897
1780504212.429,right,victory,0.649306,0.556444,0.000000,0.642065,0.614868,-0.011911,0.628139,0.655938,-0.022325,0.615687,0.684232,-0.033904,0.601569,0.683612,-0.044824,0.572279,0.637707,-0.013946,0.544006,0.679683,-0.028430,0.526642,0.705671,-0.037472,0.509906,0.721483,-0.043239,0.564322,0.603645,-0.018061,0.527689,0.637552,-0.034186,0.503815,0.658201,-0.044815,0.484273,0.672035,-0.050419,0.566700,0.573600,-0.023579,0.558010,0.627822,-0.043732,0.578155,0.652071,-0.049523,0.596173,0.661868,-0.048479,0.577277,0.556430,-0.029930,0.583953,0.613654,-0.044907,0.599153,0.642602,-0.047864,0.612283,0.658262,-0.046821
1780504212.562,right,victory,0.643924,0.560660,0.000000,0.617258,0.626915,-0.004678,0.594361,0.659641,-0.014980,0.579020,0.684302,-0.027416,0.577219,0.691020,-0.039559,0.553912,0.595914,-0.016819,0.519675,0.619536,-0.030159,0.497278,0.631935,-0.037663,0.478421,0.641737,-0.042821,0.560183,0.571942,-0.024671,0.519768,0.595563,-0.041521,0.494520,0.609856,-0.051121,0.473236,0.620889,-0.056821,0.574400,0.564079,-0.032364,0.555535,0.640728,-0.050477,0.571994,0.671539,-0.051451,0.585153,0.680862,-0.047854,0.594292,0.573983,-0.040392,0.582827,0.640100,-0.050993,0.590321,0.664738,-0.049839,0.597928,0.673026,-0.047129
1780504212.733,right,victory,0.642960,0.579313,0.000000,0.599682,0.618551,-0.001789,0.569031,0.631663,-0.008995,0.552155,0.640927,-0.018220,0.550623,0.639237,-0.027503,0.550449,0.538494,-0.012998,0.514825,0.521339,-0.023858,0.493709,0.507450,-0.030041,0.474759,0.495801,-0.034036,0.560644,0.520556,-0.020772,0.514822,0.515140,-0.033509,0.486444,0.506532,-0.041392,0.462527,0.500928,-0.046286,0.576090,0.522009,-0.028243,0.545706,0.568518,-0.043340,0.545008,0.611156,-0.047953,0.549121,0.640913,-0.047516,0.593539,0.544823,-0.035520,0.568278,0.588380,-0.044631,0.562241,0.620123,-0.045535,0.562330,0.645274,-0.044925
1780504212.896,right,victory,0.632649,0.617352,0.000000,0.589030,0.615893,-0.004163,0.562575,0.603886,-0.011616,0.544263,0.593828,-0.021424,0.543056,0.588651,-0.031130,0.557586,0.521144,-0.009614,0.527410,0.483075,-0.020227,0.511873,0.461316,-0.027540,0.498209,0.439062,-0.033560,0.575189,0.501376,-0.017076,0.550222,0.449844,-0.030714,0.535162,0.414865,-0.040477,0.524610,0.386567,-0.047612,0.591795,0.500402,-0.025054,0.563150,0.494168,-0.040539,0.551690,0.539750,-0.046791,0.549735,0.578735,-0.048921,0.604417,0.520894,-0.033397,0.581999,0.530489,-0.044598,0.568501,0.560221,-0.048358,0.562597,0.587286,-0.050250
1780504213.050,right,victory,0.619301,0.686818,0.000000,0.587350,0.668872,-0.009360,0.565065,0.641826,-0.020110,0.551825,0.614110,-0.032447,0.564047,0.604977,-0.044447,0.572691,0.552213,-0.015322,0.550328,0.500416,-0.026496,0.538912,0.469984,-0.033362,0.530379,0.442609,-0.038873,0.594047,0.541784,-0.021054,0.582368,0.478779,-0.036350,0.574150,0.435330,-0.045765,0.568226,0.401376,-0.051701,0.611552,0.549545,-0.027522,0.587029,0.534821,-0.044737,0.575252,0.574393,-0.048581,0.571095,0.607285,-0.047741,0.623048,0.570724,-0.034731,0.599981,0.573697,-0.046015,0.587593,0.600969,-0.047291,0.581503,0.624374,-0.046709
1780504213.195,right,victory,0.614578,0.731376,0.000000,0.589626,0.715408,-0.011299,0.566858,0.689411,-0.021519,0.556034,0.663147,-0.032837,0.567233,0.654962,-0.043517,0.573030,0.593383,-0.013469,0.552370,0.543673,-0.025945,0.539902,0.515285,-0.032978,0.531400,0.490557,-0.037464,0.593099,0.582282,-0.017829,0.582403,0.515857,-0.031380,0.573950,0.478699,-0.038826,0.568289,0.449397,-0.041784,0.612205,0.590577,-0.023505,0.590531,0.575938,-0.041863,0.579650,0.616061,-0.045912,0.576869,0.648133,-0.043167,0.626704,0.612486,-0.030017,0.602179,0.627562,-0.042797,0.590452,0.652862,-0.044293,0.586781,0.670914,-0.042069
1780504213.321,right,victory,0.624538,0.743073,0.000000,0.595176,0.727880,-0.008880,0.570929,0.699936,-0.016805,0.560411,0.672523,-0.026615,0.573184,0.665064,-0.035788,0.577371,0.605694,-0.007541,0.556031,0.557479,-0.018180,0.543975,0.529342,-0.024179,0.536401,0.504671,-0.027893,0.597811,0.595818,-0.012648,0.586994,0.531529,-0.024490,0.579096,0.492616,-0.031461,0.574937,0.461158,-0.034278,0.616953,0.605219,-0.019231,0.596597,0.593601,-0.036310,0.586433,0.632835,-0.040424,0.584153,0.663283,-0.037830,0.630517,0.628036,-0.026533,0.607902,0.637830,-0.037979,0.596914,0.662920,-0.038844,0.593191,0.682005,-0.036420
1780504213.432,right,victory,0.630114,0.739904,0.000000,0.603166,0.723713,-0.010249,0.579851,0.697921,-0.019826,0.568175,0.669672,-0.030886,0.579063,0.664498,-0.041341,0.584088,0.603181,-0.011527,0.563055,0.553703,-0.023003,0.550682,0.524150,-0.029409,0.542468,0.496947,-0.033845,0.603967,0.593401,-0.016393,0.593819,0.527698,-0.029387,0.586428,0.486840,-0.037043,0.582005,0.452045,-0.040658,0.623246,0.602459,-0.022550,0.604536,0.584912,-0.039984,0.593032,0.624273,-0.043611,0.589034,0.655549,-0.041086,0.637661,0.624968,-0.029555,0.617074,0.632454,-0.041278,0.603898,0.656113,-0.042230,0.597173,0.673975,-0.040195
1780504213.629,right,victory,0.629219,0.744790,0.000000,0.602394,0.729523,-0.009309,0.577487,0.702165,-0.017843,0.568899,0.672904,-0.027928,0.582952,0.667033,-0.037595,0.582506,0.608958,-0.010808,0.561355,0.560127,-0.021606,0.548495,0.531361,-0.027495,0.539950,0.505529,-0.031543,0.602999,0.597907,-0.015815,0.592371,0.531568,-0.027710,0.585124,0.492953,-0.034330,0.581286,0.460999,-0.037195,0.622667,0.606611,-0.022019,0.603578,0.588153,-0.038650,0.593111,0.629751,-0.041724,0.590591,0.662326,-0.038926,0.637608,0.628752,-0.028991,0.614771,0.639388,-0.040579,0.602831,0.666436,-0.041278,0.599006,0.685560,-0.038966
1780504213.740,right,victory,0.631443,0.744950,0.000000,0.604471,0.731501,-0.009747,0.579235,0.704246,-0.018485,0.570140,0.674958,-0.028749,0.584044,0.666982,-0.038464,0.583185,0.609837,-0.010796,0.561727,0.560885,-0.021786,0.549037,0.531999,-0.027520,0.541009,0.506187,-0.031330,0.604187,0.598730,-0.015671,0.593457,0.532709,-0.028169,0.585523,0.494148,-0.035006,0.581261,0.461337,-0.037796,0.623844,0.607025,-0.021824,0.603080,0.591236,-0.039396,0.593270,0.634326,-0.042450,0.592114,0.665981,-0.039255,0.638217,0.628779,-0.028729,0.613908,0.641003,-0.040822,0.603708,0.670712,-0.041376,0.602468,0.690424,-0.038733
1780504213.856,right,victory,0.630667,0.756223,0.000000,0.604670,0.746139,-0.010406,0.580562,0.723027,-0.019358,0.570673,0.699368,-0.029738,0.579443,0.685167,-0.039548,0.575724,0.631639,-0.010353,0.552017,0.589644,-0.022914,0.536911,0.564283,-0.030406,0.526290,0.540935,-0.035053,0.593957,0.614142,-0.014704,0.577886,0.551168,-0.027756,0.566908,0.514350,-0.035511,0.559295,0.483499,-0.038692,0.614081,0.615263,-0.020491,0.593527,0.610334,-0.037649,0.583856,0.652473,-0.041325,0.580657,0.685496,-0.038685,0.630808,0.630755,-0.027247,0.608727,0.650880,-0.038767,0.599025,0.679828,-0.039281,0.596348,0.701034,-0.036574
1780504213.997,right,victory,0.622777,0.784782,0.000000,0.591257,0.780619,-0.010857,0.565526,0.766171,-0.020731,0.553553,0.748284,-0.032087,0.557267,0.730684,-0.043040,0.557162,0.670145,-0.010630,0.529433,0.638205,-0.022613,0.511845,0.618137,-0.030380,0.498919,0.597570,-0.035262,0.573873,0.649145,-0.015102,0.551791,0.595765,-0.027560,0.536957,0.562701,-0.035661,0.526418,0.535214,-0.039617,0.592736,0.646700,-0.021054,0.568523,0.651606,-0.037792,0.561121,0.695898,-0.042114,0.559772,0.730003,-0.040395,0.608577,0.659227,-0.028011,0.584102,0.684257,-0.039147,0.577135,0.718681,-0.039589,0.576888,0.743904,-0.037014
1780504214.108,right,victory,0.618296,0.798211,0.000000,0.585303,0.800591,-0.011712,0.559997,0.788455,-0.022542,0.540986,0.772869,-0.035062,0.543762,0.759906,-0.046969,0.551225,0.689016,-0.010250,0.520534,0.662388,-0.023874,0.502072,0.644339,-0.032660,0.488169,0.624320,-0.038342,0.565607,0.668336,-0.014734,0.538687,0.618013,-0.030305,0.521301,0.586940,-0.039903,0.508300,0.559038,-0.044313,0.582455,0.665250,-0.020858,0.553474,0.669723,-0.041022,0.548413,0.718821,-0.044972,0.550081,0.754514,-0.041740,0.596818,0.678373,-0.027936,0.569335,0.704070,-0.040716,0.563427,0.741098,-0.040805,0.563787,0.767901,-0.037516
1780504214.205,right,victory,0.620207,0.802444,0.000000,0.587717,0.805532,-0.012498,0.561652,0.795855,-0.024610,0.540636,0.782237,-0.038295,0.545004,0.766281,-0.051235,0.549863,0.699075,-0.012553,0.518464,0.670241,-0.026935,0.499873,0.652405,-0.036295,0.486077,0.632290,-0.042723,0.565595,0.676000,-0.017017,0.537119,0.627581,-0.033261,0.519897,0.597505,-0.043656,0.506784,0.571226,-0.049026,0.583719,0.671389,-0.023008,0.552107,0.676988,-0.043215,0.546642,0.726435,-0.047293,0.548120,0.763413,-0.044826,0.599082,0.683939,-0.030071,0.572139,0.711880,-0.043631,0.564468,0.748475,-0.044715,0.563206,0.775159,-0.042474
1780504214.326,right,victory,0.620262,0.806440,0.000000,0.588030,0.806712,-0.010284,0.560969,0.796176,-0.020874,0.540690,0.781899,-0.033398,0.545045,0.767815,-0.045189,0.551516,0.699135,-0.010193,0.519975,0.670135,-0.023235,0.501184,0.651762,-0.031438,0.487085,0.631676,-0.037130,0.566623,0.677669,-0.015488,0.539159,0.629520,-0.031001,0.522156,0.598516,-0.040503,0.509469,0.571969,-0.045165,0.584097,0.673535,-0.022185,0.553149,0.678831,-0.041966,0.548660,0.727868,-0.045699,0.551415,0.765039,-0.042866,0.599491,0.685345,-0.029777,0.572864,0.711572,-0.042938,0.565817,0.749017,-0.043764,0.565419,0.776738,-0.041321
1780504214.448,right,victory,0.620256,0.808828,0.000000,0.588181,0.809969,-0.010710,0.561202,0.798603,-0.021402,0.540595,0.785393,-0.033906,0.545250,0.771113,-0.045636,0.552152,0.700084,-0.010515,0.519938,0.671878,-0.023531,0.500958,0.653762,-0.031657,0.486888,0.634388,-0.037185,0.567420,0.679106,-0.015500,0.539626,0.630582,-0.030627,0.522669,0.600048,-0.039946,0.510177,0.574037,-0.044429,0.584993,0.676241,-0.021886,0.553322,0.681988,-0.041222,0.548351,0.730268,-0.044889,0.550872,0.766143,-0.042022,0.600041,0.690164,-0.029202,0.573068,0.716034,-0.041998,0.565751,0.752476,-0.042671,0.565463,0.779058,-0.040098
1780504214.559,right,victory,0.620499,0.812452,0.000000,0.587388,0.813430,-0.010595,0.560053,0.801569,-0.021252,0.539484,0.787422,-0.033824,0.544098,0.774733,-0.045614,0.551203,0.702573,-0.009898,0.519107,0.674275,-0.022721,0.500060,0.655717,-0.030862,0.485800,0.636065,-0.036510,0.566751,0.681740,-0.015275,0.539063,0.632372,-0.030446,0.521712,0.600901,-0.040109,0.508880,0.574164,-0.044893,0.584535,0.679316,-0.022072,0.553060,0.683355,-0.041701,0.547818,0.732094,-0.045535,0.550056,0.768610,-0.042688,0.599644,0.693780,-0.029764,0.571986,0.717933,-0.042602,0.564672,0.754430,-0.043028,0.564476,0.781751,-0.040266
1780504214.802,right,victory,0.619919,0.813406,0.000000,0.587242,0.813259,-0.010535,0.560309,0.800996,-0.021306,0.540063,0.787877,-0.033957,0.544425,0.776177,-0.045828,0.551180,0.702081,-0.010217,0.519752,0.673496,-0.023343,0.500975,0.654335,-0.031704,0.487175,0.634196,-0.037438,0.566927,0.681637,-0.015552,0.538896,0.633486,-0.030940,0.521451,0.602587,-0.040666,0.508759,0.576796,-0.045465,0.584835,0.679318,-0.022262,0.553490,0.685593,-0.041731,0.548371,0.734626,-0.045288,0.550637,0.771507,-0.042317,0.599797,0.693954,-0.029903,0.572521,0.720893,-0.042540,0.565192,0.757442,-0.042954,0.564696,0.784251,-0.040227
1780504214.902,right,victory,0.620346,0.812065,0.000000,0.587031,0.811287,-0.010601,0.559985,0.798008,-0.021456,0.539146,0.783459,-0.034251,0.544485,0.772590,-0.046269,0.552177,0.698493,-0.010018,0.521170,0.670462,-0.023381,0.502416,0.651300,-0.032226,0.488647,0.631195,-0.038437,0.567804,0.679197,-0.015439,0.540246,0.630857,-0.031234,0.523336,0.599158,-0.041433,0.510721,0.572230,-0.046648,0.585765,0.677703,-0.022262,0.554757,0.683504,-0.041824,0.549614,0.731894,-0.045314,0.551805,0.768194,-0.042307,0.600992,0.692770,-0.030064,0.573549,0.716447,-0.042378,0.565924,0.752976,-0.042528,0.565182,0.780598,-0.039742
1780504215.015,right,victory,0.621867,0.810064,0.000000,0.589177,0.809325,-0.010770,0.562308,0.796323,-0.021722,0.541754,0.782303,-0.034470,0.546771,0.769437,-0.046474,0.554177,0.696259,-0.010535,0.522982,0.668597,-0.024030,0.504128,0.649854,-0.032911,0.490694,0.629774,-0.039008,0.570008,0.677062,-0.015749,0.542453,0.628258,-0.031221,0.525541,0.596915,-0.041190,0.513739,0.569886,-0.046228,0.587875,0.675922,-0.022361,0.557082,0.680547,-0.041543,0.551071,0.728213,-0.045109,0.553312,0.763710,-0.042225,0.602531,0.691472,-0.029928,0.574819,0.715719,-0.042120,0.567473,0.751445,-0.042294,0.567792,0.777383,-0.039461
1780504215.155,right,victory,0.623321,0.809585,0.000000,0.590423,0.808137,-0.009784,0.563161,0.794118,-0.020155,0.543131,0.779385,-0.032557,0.548920,0.767466,-0.044316,0.555856,0.695120,-0.009749,0.525233,0.667244,-0.022985,0.506637,0.648173,-0.031887,0.492942,0.628141,-0.038200,0.571611,0.676373,-0.015568,0.544562,0.627073,-0.031156,0.527581,0.595429,-0.041457,0.515305,0.568670,-0.046856,0.589482,0.675516,-0.022655,0.558683,0.678049,-0.041754,0.552668,0.726132,-0.045047,0.554580,0.762097,-0.042087,0.604312,0.691064,-0.030637,0.576057,0.713702,-0.042755,0.568450,0.749317,-0.042643,0.568503,0.775188,-0.039680
1780504215.290,right,victory,0.621924,0.809354,0.000000,0.589345,0.806870,-0.010720,0.562384,0.793457,-0.021294,0.541323,0.778676,-0.033729,0.546928,0.768515,-0.045338,0.554573,0.696800,-0.009353,0.524266,0.666799,-0.021895,0.506359,0.647511,-0.029854,0.493176,0.627671,-0.035355,0.570136,0.676906,-0.014363,0.543968,0.626042,-0.029276,0.527732,0.593630,-0.038764,0.515891,0.566093,-0.043374,0.588013,0.675343,-0.020826,0.558334,0.678799,-0.039762,0.551754,0.726720,-0.043568,0.552341,0.762928,-0.040798,0.603153,0.690151,-0.028240,0.577081,0.712841,-0.040258,0.569053,0.747953,-0.040687,0.567488,0.774380,-0.038084
1780504215.426,right,victory,0.621944,0.808641,0.000000,0.588520,0.806775,-0.010661,0.561811,0.792751,-0.021633,0.541055,0.776922,-0.034579,0.547116,0.766884,-0.046704,0.555683,0.694305,-0.009982,0.524978,0.665900,-0.023505,0.506715,0.646432,-0.032350,0.493451,0.626781,-0.038438,0.571155,0.675438,-0.015332,0.544185,0.625094,-0.031125,0.527293,0.592794,-0.041019,0.515049,0.565899,-0.045881,0.588712,0.674773,-0.022140,0.557614,0.677950,-0.041286,0.551815,0.724955,-0.044364,0.553593,0.760394,-0.041062,0.603594,0.690273,-0.029994,0.576478,0.711726,-0.041841,0.568026,0.746305,-0.041748,0.566376,0.772725,-0.038773
1780504215.551,right,victory,0.621391,0.808576,0.000000,0.589146,0.806477,-0.010261,0.562762,0.792603,-0.020923,0.542844,0.777402,-0.033440,0.547418,0.767188,-0.045261,0.555920,0.695105,-0.010497,0.525517,0.665852,-0.023752,0.507241,0.646212,-0.032207,0.493821,0.626047,-0.038011,0.571678,0.676113,-0.015903,0.544448,0.624587,-0.031186,0.528312,0.592342,-0.040656,0.516703,0.565148,-0.045271,0.589426,0.675262,-0.022635,0.557990,0.678414,-0.041748,0.551548,0.725487,-0.045116,0.552567,0.760959,-0.042110,0.604375,0.690650,-0.030288,0.576491,0.713623,-0.042462,0.568360,0.748092,-0.042590,0.566974,0.773840,-0.039765
1780504215.755,right,victory,0.621243,0.809579,0.000000,0.587679,0.806190,-0.010431,0.560859,0.790289,-0.020996,0.540099,0.774711,-0.033421,0.544961,0.764214,-0.045034,0.557812,0.691361,-0.009790,0.526485,0.661350,-0.022428,0.507935,0.641466,-0.030455,0.494305,0.621624,-0.035940,0.573517,0.673776,-0.014947,0.546158,0.622026,-0.029920,0.529746,0.589244,-0.039310,0.517278,0.561939,-0.043841,0.590552,0.673829,-0.021497,0.557039,0.678080,-0.040659,0.550149,0.724175,-0.044444,0.550998,0.759232,-0.041624,0.603973,0.690347,-0.028959,0.575134,0.711664,-0.041171,0.565979,0.746047,-0.041560,0.563661,0.772821,-0.038946
1780504215.903,right,victory,0.616081,0.800213,0.000000,0.582493,0.791216,-0.009913,0.559045,0.769962,-0.020248,0.539463,0.748980,-0.032783,0.542921,0.742748,-0.044450,0.558302,0.673016,-0.007318,0.530120,0.639631,-0.019291,0.512226,0.616832,-0.027185,0.499235,0.595093,-0.032778,0.574712,0.656766,-0.013154,0.552202,0.602393,-0.028451,0.534860,0.567278,-0.038895,0.521587,0.538442,-0.044084,0.591145,0.658413,-0.020470,0.560461,0.659430,-0.039629,0.551449,0.704541,-0.043937,0.550092,0.739502,-0.041246,0.603079,0.675247,-0.028680,0.574111,0.694560,-0.040545,0.564147,0.727719,-0.040975,0.560505,0.755624,-0.038264
1780504216.121,right,victory,0.607467,0.755394,0.000000,0.573641,0.729618,-0.004872,0.551554,0.701497,-0.011260,0.534083,0.679076,-0.020278,0.535345,0.654595,-0.028702,0.565849,0.612506,-0.002478,0.543480,0.567114,-0.012393,0.529734,0.538833,-0.018956,0.519563,0.512435,-0.023351,0.581488,0.601960,-0.008566,0.565212,0.540270,-0.020268,0.552490,0.502098,-0.028790,0.541620,0.471844,-0.033167,0.594983,0.606108,-0.015820,0.562924,0.593267,-0.031717,0.547038,0.627021,-0.036560,0.539307,0.658758,-0.035396,0.601626,0.624449,-0.023468,0.570776,0.634944,-0.034402,0.557306,0.659313,-0.035785,0.550650,0.681884,-0.034099
1780504216.509,right,victory,0.593212,0.762928,0.000000,0.566064,0.698282,0.002934,0.560892,0.647293,-0.002447,0.554258,0.611021,-0.010376,0.551091,0.585145,-0.017878,0.609339,0.616272,-0.007299,0.610436,0.546123,-0.015051,0.614316,0.506921,-0.019024,0.617412,0.472697,-0.021656,0.617061,0.622264,-0.014025,0.616701,0.541387,-0.023566,0.618987,0.494476,-0.028251,0.621002,0.458702,-0.031836,0.613890,0.635203,-0.020169,0.587577,0.568821,-0.029812,0.565889,0.572994,-0.031339,0.552770,0.588943,-0.030861,0.600105,0.651527,-0.026031,0.573501,0.613540,-0.032297,0.555789,0.611649,-0.033719,0.544337,0.618724,-0.034360
1780504216.636,right,victory,0.571664,0.783521,0.000000,0.567777,0.718415,0.000342,0.568972,0.667100,-0.006953,0.563423,0.629922,-0.016191,0.557832,0.608839,-0.025593,0.620217,0.671178,-0.014319,0.632334,0.604625,-0.024648,0.639534,0.570058,-0.030040,0.646182,0.540574,-0.033735,0.618690,0.683647,-0.021954,0.631207,0.610145,-0.035048,0.638261,0.567922,-0.041841,0.645872,0.534926,-0.046365,0.606445,0.694590,-0.028836,0.590586,0.619316,-0.042291,0.570653,0.616639,-0.043335,0.560373,0.623967,-0.041439,0.586980,0.702006,-0.035349,0.570675,0.647669,-0.044286,0.559046,0.639664,-0.043965,0.554054,0.641043,-0.042461
1780504216.755,right,victory,0.562555,0.828637,0.000000,0.582106,0.788470,0.009699,0.589325,0.734852,0.006903,0.579445,0.686192,0.000732,0.567396,0.657701,-0.005530,0.618843,0.735901,-0.007755,0.639578,0.669252,-0.016031,0.650567,0.632501,-0.019001,0.658496,0.602247,-0.020952,0.613654,0.737152,-0.019195,0.635005,0.661475,-0.029939,0.645692,0.618974,-0.034390,0.654055,0.587658,-0.037158,0.599272,0.737535,-0.028832,0.593623,0.648960,-0.038657,0.573841,0.646139,-0.035586,0.563381,0.657335,-0.031080,0.578665,0.735970,-0.037524,0.572013,0.670083,-0.042641,0.562088,0.663246,-0.038969,0.557970,0.669771,-0.035139
1780504216.937,right,victory,0.564782,0.840222,0.000000,0.585993,0.796039,0.010153,0.595895,0.745680,0.006632,0.586781,0.697991,-0.000753,0.570775,0.673289,-0.008439,0.621681,0.739844,-0.007420,0.639441,0.673650,-0.016211,0.651006,0.637170,-0.020480,0.659029,0.607670,-0.023607,0.615787,0.744649,-0.019543,0.634461,0.668711,-0.031014,0.647413,0.625545,-0.037716,0.657079,0.595657,-0.042556,0.600425,0.746851,-0.029666,0.593994,0.656852,-0.037631,0.576040,0.651615,-0.033301,0.566072,0.660551,-0.028829,0.580307,0.746155,-0.039196,0.573220,0.680822,-0.042707,0.565970,0.678858,-0.038251,0.562661,0.688066,-0.034322
1780504217.033,right,victory,0.571485,0.852904,0.000000,0.592454,0.807182,0.009967,0.601467,0.753970,0.006895,0.592632,0.704503,-0.000117,0.580129,0.674979,-0.007240,0.627619,0.752163,-0.004750,0.646795,0.687430,-0.012646,0.658972,0.653161,-0.015947,0.668767,0.625504,-0.018057,0.622072,0.754417,-0.016521,0.641877,0.678564,-0.026365,0.654701,0.636271,-0.031024,0.665183,0.605948,-0.034137,0.607772,0.755356,-0.026725,0.603122,0.665253,-0.034991,0.584277,0.662488,-0.031381,0.573616,0.674144,-0.026992,0.587790,0.753690,-0.036277,0.581322,0.689885,-0.040200,0.572421,0.689091,-0.036477,0.568280,0.699526,-0.032884
1780504217.135,right,victory,0.580245,0.847929,0.000000,0.600900,0.801106,0.013663,0.609667,0.748494,0.012156,0.600458,0.701494,0.006203,0.587260,0.673283,-0.000008,0.637357,0.749551,-0.002077,0.657589,0.684607,-0.008091,0.668507,0.648959,-0.009676,0.676444,0.620205,-0.010450,0.631167,0.751098,-0.015140,0.651416,0.675003,-0.023087,0.663279,0.631786,-0.026274,0.672081,0.599963,-0.028323,0.616657,0.751493,-0.026175,0.610807,0.663127,-0.032833,0.593735,0.663764,-0.028191,0.584951,0.676954,-0.023058,0.596431,0.749543,-0.036163,0.590281,0.683777,-0.038724,0.581455,0.681396,-0.033721,0.577874,0.690801,-0.029114
1780504217.337,right,victory,0.581192,0.844469,0.000000,0.606470,0.806580,0.010697,0.617583,0.758418,0.008200,0.609391,0.712179,0.002244,0.596408,0.681627,-0.004206,0.640857,0.748455,-0.006027,0.658403,0.686161,-0.013996,0.669128,0.651758,-0.017921,0.677270,0.622798,-0.020312,0.631528,0.745044,-0.017050,0.649730,0.668802,-0.024685,0.661837,0.626868,-0.028211,0.672016,0.594694,-0.031032,0.614920,0.742719,-0.026247,0.611507,0.660976,-0.032597,0.595547,0.657722,-0.029530,0.586108,0.666413,-0.026151,0.593801,0.740389,-0.034617,0.588620,0.685351,-0.038091,0.582155,0.677158,-0.035101,0.579141,0.676308,-0.032143
1780504217.444,right,victory,0.581480,0.846671,0.000000,0.606858,0.806393,0.012061,0.615740,0.754081,0.009240,0.603406,0.706269,0.002980,0.589183,0.673671,-0.003705,0.640509,0.747917,-0.007172,0.657683,0.682755,-0.014973,0.668673,0.648658,-0.018254,0.676863,0.620196,-0.020102,0.628666,0.744693,-0.019140,0.648300,0.665724,-0.027528,0.660529,0.623243,-0.031004,0.670933,0.590242,-0.033584,0.611005,0.742561,-0.028903,0.609688,0.657821,-0.035915,0.594314,0.657387,-0.032263,0.585839,0.668054,-0.028138,0.590208,0.741010,-0.037523,0.589586,0.680497,-0.040711,0.583906,0.673946,-0.036387,0.581711,0.675883,-0.032340
1780504217.571,right,victory,0.574379,0.865373,0.000000,0.603696,0.831050,0.012672,0.617944,0.783831,0.011276,0.612725,0.738433,0.006588,0.602810,0.709770,0.001265,0.632629,0.764600,-0.007740,0.650884,0.697728,-0.016159,0.664500,0.663391,-0.019881,0.674601,0.637882,-0.021537,0.617980,0.753950,-0.017936,0.637864,0.675776,-0.028842,0.650542,0.629595,-0.032897,0.658489,0.595320,-0.034819,0.597111,0.745317,-0.025286,0.599269,0.663517,-0.029824,0.593192,0.677254,-0.020248,0.589819,0.696068,-0.011578,0.575077,0.743794,-0.031692,0.581417,0.686097,-0.030415,0.582802,0.698254,-0.019949,0.583838,0.714661,-0.010863
1780504217.704,right,victory,0.569637,0.871594,0.000000,0.603164,0.840782,0.003948,0.617850,0.786741,-0.000100,0.609947,0.741544,-0.005364,0.596972,0.712813,-0.011277,0.628921,0.774162,-0.015376,0.650102,0.706891,-0.023896,0.663915,0.674358,-0.027529,0.674687,0.648390,-0.029014,0.609221,0.757885,-0.021231,0.631752,0.681479,-0.030610,0.645409,0.637161,-0.034214,0.654240,0.602383,-0.035940,0.586590,0.747144,-0.024943,0.593637,0.672627,-0.031817,0.592433,0.687454,-0.027607,0.590414,0.708257,-0.022595,0.565979,0.744549,-0.027987,0.575910,0.705085,-0.030595,0.579649,0.722693,-0.024386,0.581368,0.742283,-0.018311
1780504217.930,right,victory,0.566527,0.872935,0.000000,0.601936,0.848351,0.000509,0.617373,0.794098,-0.004098,0.609591,0.742002,-0.008579,0.598364,0.708887,-0.013299,0.622919,0.777945,-0.020844,0.648121,0.711170,-0.029951,0.663962,0.678441,-0.033387,0.676306,0.651881,-0.034671,0.602856,0.755463,-0.023195,0.626388,0.680914,-0.031691,0.640936,0.636135,-0.034189,0.649095,0.601270,-0.035649,0.581475,0.740342,-0.023381,0.593225,0.673214,-0.027795,0.595453,0.693477,-0.022693,0.593068,0.716739,-0.017977,0.564055,0.735571,-0.023359,0.576095,0.710424,-0.024752,0.581430,0.729726,-0.019895,0.582408,0.746989,-0.015187
1780504218.038,right,victory,0.564000,0.881721,0.000000,0.599270,0.860189,-0.005926,0.615264,0.802671,-0.012676,0.609351,0.746042,-0.017552,0.599358,0.708211,-0.022399,0.619743,0.789514,-0.028231,0.648633,0.720751,-0.039225,0.664284,0.686359,-0.043115,0.676381,0.658208,-0.043917,0.599314,0.766519,-0.027564,0.626067,0.687559,-0.037798,0.640655,0.640823,-0.040113,0.649026,0.605297,-0.040444,0.578618,0.750266,-0.025087,0.595665,0.686367,-0.032636,0.598077,0.705570,-0.028717,0.595288,0.728213,-0.023523,0.562181,0.743107,-0.022590,0.577911,0.716618,-0.026084,0.582016,0.735643,-0.021218,0.581240,0.753498,-0.015699
1780504218.139,right,victory,0.562321,0.885584,0.000000,0.600455,0.866009,-0.002601,0.618135,0.813129,-0.008242,0.612839,0.759694,-0.012828,0.603163,0.724694,-0.017520,0.618950,0.795081,-0.025934,0.650124,0.729780,-0.036405,0.666421,0.696373,-0.040142,0.679067,0.668896,-0.041115,0.598106,0.768942,-0.026533,0.625053,0.693419,-0.034972,0.640401,0.648810,-0.035654,0.649240,0.613307,-0.035586,0.577459,0.751056,-0.025208,0.597868,0.687986,-0.030168,0.600565,0.710309,-0.024349,0.596753,0.734530,-0.018782,0.561763,0.744122,-0.023902,0.578562,0.719365,-0.025539,0.582520,0.738108,-0.019883,0.580508,0.755337,-0.014269
1780504218.243,right,victory,0.563772,0.882527,0.000000,0.600581,0.863277,-0.001766,0.618964,0.815532,-0.006662,0.616190,0.767110,-0.010404,0.605677,0.735429,-0.014360,0.619289,0.790871,-0.024962,0.649316,0.728009,-0.034056,0.665508,0.695662,-0.037416,0.678341,0.668940,-0.038366,0.598720,0.765137,-0.025226,0.624162,0.691822,-0.032232,0.639861,0.647402,-0.033065,0.649054,0.613010,-0.033356,0.578398,0.749061,-0.023344,0.595640,0.684385,-0.027730,0.599559,0.702646,-0.023424,0.596522,0.726948,-0.018959,0.563049,0.743664,-0.021206,0.579076,0.715700,-0.022978,0.584174,0.733761,-0.018171,0.583510,0.754187,-0.013086
1780504218.333,right,victory,0.563627,0.880872,0.000000,0.600631,0.862839,0.000140,0.618989,0.816293,-0.003872,0.617341,0.767967,-0.006925,0.608342,0.737087,-0.010125,0.618239,0.789797,-0.024014,0.649330,0.725805,-0.031832,0.665550,0.693561,-0.033766,0.677950,0.666684,-0.033630,0.597209,0.762975,-0.024740,0.624180,0.688492,-0.030443,0.639287,0.644593,-0.029913,0.647243,0.611202,-0.029065,0.576940,0.746191,-0.023025,0.595015,0.682731,-0.025623,0.599493,0.702882,-0.020448,0.596686,0.728197,-0.015582,0.562243,0.741149,-0.020977,0.578256,0.718288,-0.021092,0.583082,0.736959,-0.015834,0.582151,0.755848,-0.010501
1780504218.437,right,victory,0.562417,0.879970,0.000000,0.599899,0.862963,-0.000727,0.618736,0.815601,-0.004656,0.616557,0.764640,-0.007305,0.607806,0.732312,-0.009963,0.616870,0.787748,-0.024612,0.648732,0.723511,-0.032464,0.664822,0.690490,-0.034606,0.676970,0.662562,-0.034783,0.595809,0.760525,-0.024728,0.622726,0.686824,-0.030464,0.637631,0.642232,-0.030388,0.645520,0.608149,-0.030077,0.575851,0.743931,-0.022433,0.594138,0.681660,-0.024834,0.599348,0.701609,-0.019988,0.596888,0.726859,-0.015631,0.561753,0.739140,-0.019913,0.578310,0.718289,-0.020203,0.583646,0.736862,-0.015575,0.583005,0.755490,-0.010835
1780504218.548,right,victory,0.563333,0.879661,0.000000,0.600794,0.860582,-0.000825,0.619572,0.813731,-0.004822,0.618731,0.765570,-0.007571,0.610094,0.735098,-0.010423,0.617930,0.784478,-0.024280,0.649171,0.721482,-0.031824,0.664948,0.689015,-0.033804,0.676826,0.661762,-0.033820,0.596629,0.757953,-0.024381,0.623035,0.684736,-0.029936,0.637602,0.640233,-0.029512,0.645126,0.606257,-0.028854,0.576246,0.742648,-0.022147,0.593513,0.681217,-0.024696,0.599117,0.700567,-0.019962,0.597275,0.726129,-0.015497,0.561474,0.739085,-0.019646,0.577150,0.713964,-0.019826,0.582598,0.730884,-0.014840,0.582387,0.749616,-0.009783
1780504218.660,right,victory,0.563312,0.879290,0.000000,0.600545,0.860243,-0.001201,0.619867,0.813372,-0.005614,0.618600,0.764145,-0.008759,0.610380,0.732814,-0.011965,0.616991,0.787122,-0.025522,0.648813,0.722818,-0.034377,0.665184,0.689794,-0.037001,0.677533,0.662465,-0.037233,0.595933,0.761012,-0.025705,0.622603,0.685232,-0.031986,0.637220,0.640333,-0.031620,0.644435,0.605656,-0.031015,0.575919,0.744735,-0.023674,0.594097,0.680698,-0.027055,0.600033,0.701201,-0.022106,0.598241,0.727089,-0.017345,0.561504,0.739508,-0.021418,0.578309,0.711554,-0.022282,0.584096,0.728811,-0.017368,0.583716,0.747395,-0.012310
1780504218.771,right,victory,0.563043,0.878392,0.000000,0.600042,0.859863,-0.001987,0.619413,0.813303,-0.006806,0.618135,0.763528,-0.010200,0.609507,0.732007,-0.013673,0.617079,0.787109,-0.026333,0.648862,0.722593,-0.035121,0.665020,0.689724,-0.037624,0.677346,0.662513,-0.037827,0.595559,0.761193,-0.026209,0.622239,0.685816,-0.032881,0.637172,0.640562,-0.032752,0.645010,0.605681,-0.032235,0.575389,0.745218,-0.023887,0.593881,0.680932,-0.027823,0.599439,0.700748,-0.023207,0.597456,0.726573,-0.018533,0.561204,0.740133,-0.021339,0.577809,0.711285,-0.022703,0.583201,0.727562,-0.018095,0.582751,0.745746,-0.013175
1780504218.902,right,victory,0.562374,0.882227,0.000000,0.599326,0.862192,-0.002025,0.618196,0.812600,-0.006661,0.617198,0.762657,-0.009982,0.608544,0.730610,-0.013242,0.617511,0.788360,-0.024784,0.648650,0.723730,-0.033551,0.664537,0.690424,-0.036500,0.676382,0.662377,-0.037193,0.596243,0.762660,-0.024974,0.622254,0.686524,-0.031961,0.636983,0.640798,-0.032682,0.644574,0.605234,-0.032815,0.575713,0.746523,-0.023074,0.594292,0.680084,-0.027394,0.600303,0.699598,-0.023294,0.598448,0.725152,-0.018966,0.561173,0.741124,-0.020990,0.579003,0.712184,-0.022880,0.585070,0.729258,-0.018621,0.584622,0.748419,-0.013914
1780504219.118,right,victory,0.563349,0.881811,0.000000,0.600514,0.863402,-0.001957,0.619566,0.814791,-0.006746,0.618596,0.763163,-0.010063,0.609705,0.730066,-0.013375,0.618226,0.788688,-0.026358,0.649157,0.723244,-0.035220,0.664804,0.690103,-0.037864,0.676602,0.662165,-0.038178,0.596792,0.762944,-0.026246,0.622095,0.686230,-0.032835,0.636622,0.640550,-0.032597,0.644291,0.604750,-0.032118,0.576229,0.746665,-0.023926,0.594603,0.682205,-0.027650,0.599922,0.702651,-0.022423,0.597448,0.728597,-0.017392,0.561330,0.741225,-0.021423,0.578796,0.711592,-0.022515,0.584540,0.728974,-0.017265,0.583785,0.748416,-0.011906
1780504219.265,right,victory,0.563989,0.882445,0.000000,0.600568,0.864430,-0.001366,0.620180,0.817778,-0.005951,0.620014,0.767223,-0.009436,0.612108,0.734709,-0.012943,0.618401,0.790763,-0.024807,0.649000,0.725935,-0.033947,0.664640,0.691971,-0.037016,0.676497,0.664111,-0.037652,0.597439,0.764762,-0.025319,0.622192,0.688820,-0.031909,0.635987,0.643291,-0.031860,0.643156,0.607657,-0.031607,0.576892,0.748434,-0.023731,0.595047,0.685442,-0.027067,0.600540,0.706216,-0.021424,0.598485,0.731837,-0.016302,0.561577,0.743024,-0.022057,0.578201,0.714741,-0.022654,0.583884,0.731305,-0.017093,0.583086,0.749537,-0.011650
1780504219.521,right,victory,0.563922,0.888913,0.000000,0.600801,0.868575,-0.002859,0.617299,0.816309,-0.007968,0.612075,0.765498,-0.011767,0.601411,0.732997,-0.015556,0.617467,0.798022,-0.025835,0.647388,0.730049,-0.035386,0.662622,0.695568,-0.038602,0.674382,0.666656,-0.039514,0.595993,0.772694,-0.026002,0.620005,0.695248,-0.033873,0.633975,0.649693,-0.034931,0.641529,0.613293,-0.035372,0.575319,0.755932,-0.024233,0.593012,0.687940,-0.029926,0.597555,0.709068,-0.025952,0.594922,0.734464,-0.021575,0.560459,0.749410,-0.022320,0.576896,0.722411,-0.025671,0.582642,0.740587,-0.022100,0.582247,0.759471,-0.017848
1780504219.659,right,victory,0.568695,0.888827,0.000000,0.602335,0.861704,0.001087,0.616732,0.807870,-0.003361,0.609524,0.762071,-0.007704,0.597096,0.732992,-0.012692,0.622276,0.791551,-0.022402,0.644850,0.718641,-0.031885,0.657928,0.681156,-0.035142,0.667805,0.651311,-0.035877,0.600307,0.772119,-0.025401,0.619767,0.689840,-0.032769,0.630969,0.642719,-0.033139,0.636286,0.605488,-0.033001,0.577755,0.759949,-0.026259,0.586906,0.683640,-0.031197,0.590013,0.702675,-0.025584,0.588405,0.727168,-0.020131,0.558708,0.757390,-0.026753,0.570682,0.719880,-0.029036,0.576010,0.737000,-0.023222,0.576859,0.755786,-0.017397
1780504219.850,right,victory,0.592866,0.862852,0.000000,0.620897,0.815051,0.008353,0.630559,0.758968,0.005939,0.619539,0.718390,0.001128,0.604364,0.696018,-0.004725,0.641351,0.739663,-0.011228,0.651770,0.663705,-0.020039,0.660878,0.619460,-0.024459,0.667234,0.584525,-0.026453,0.622487,0.734613,-0.019825,0.632377,0.647909,-0.030061,0.638899,0.594285,-0.034792,0.643851,0.553224,-0.037190,0.600240,0.734009,-0.025811,0.595690,0.648688,-0.032434,0.592063,0.658438,-0.025661,0.590879,0.676616,-0.018436,0.578723,0.740548,-0.030989,0.580170,0.679644,-0.031983,0.582502,0.689727,-0.022525,0.584202,0.708460,-0.013748
1780504219.993,right,victory,0.608010,0.844231,0.000000,0.631000,0.797462,0.008805,0.638135,0.741085,0.005624,0.627812,0.701158,0.000220,0.612485,0.678896,-0.006268,0.649518,0.714362,-0.014158,0.657073,0.638443,-0.024234,0.662885,0.597310,-0.028623,0.667294,0.566441,-0.030114,0.631551,0.715234,-0.023021,0.637634,0.627484,-0.033154,0.640145,0.578909,-0.035570,0.641683,0.540796,-0.036181,0.610242,0.720493,-0.029423,0.602851,0.639663,-0.035762,0.597456,0.649320,-0.028351,0.595684,0.666757,-0.020787,0.589145,0.730235,-0.034985,0.587877,0.669164,-0.035458,0.589277,0.670482,-0.026405,0.591732,0.680206,-0.018169
1780504220.220,right,victory,0.606881,0.843554,0.000000,0.629150,0.793735,0.004693,0.632972,0.732553,-0.000024,0.616584,0.691042,-0.005764,0.598462,0.668372,-0.012431,0.647366,0.716040,-0.018650,0.653304,0.637927,-0.028772,0.658806,0.595363,-0.033061,0.662688,0.562051,-0.034697,0.628048,0.719060,-0.025841,0.631783,0.631240,-0.036032,0.634900,0.582715,-0.038664,0.637268,0.543952,-0.039754,0.606258,0.726052,-0.030790,0.595835,0.645391,-0.039482,0.589851,0.653259,-0.034928,0.587721,0.669902,-0.029194,0.584755,0.736898,-0.034854,0.582397,0.680333,-0.038116,0.584143,0.689095,-0.030959,0.586752,0.705894,-0.024098
1780504220.360,right,victory,0.601065,0.860037,0.000000,0.623043,0.811460,0.003100,0.627538,0.751826,-0.002357,0.612169,0.713451,-0.008766,0.594645,0.693191,-0.016173,0.638677,0.737428,-0.019660,0.646267,0.657299,-0.029491,0.651264,0.615498,-0.033440,0.655368,0.582628,-0.035044,0.620769,0.740005,-0.026101,0.624438,0.652722,-0.036303,0.627708,0.604067,-0.039333,0.629399,0.563533,-0.041067,0.599639,0.745967,-0.030523,0.590832,0.657748,-0.040085,0.585860,0.662334,-0.037166,0.582380,0.676784,-0.032799,0.578913,0.755517,-0.034063,0.579213,0.695553,-0.038975,0.582505,0.701110,-0.033870,0.584551,0.715847,-0.028651
1780504220.559,right,victory,0.592770,0.863909,0.000000,0.616596,0.816642,0.000798,0.620457,0.752735,-0.005905,0.602778,0.709086,-0.012886,0.584468,0.683786,-0.020670,0.630207,0.744262,-0.023605,0.637622,0.663838,-0.035030,0.642974,0.621215,-0.040110,0.647167,0.587789,-0.042397,0.609056,0.746850,-0.029034,0.613874,0.659973,-0.040276,0.617389,0.610947,-0.043171,0.618746,0.571726,-0.044952,0.586689,0.751331,-0.032493,0.584117,0.665621,-0.041670,0.586222,0.679480,-0.036287,0.586735,0.701245,-0.030373,0.567407,0.759249,-0.035438,0.572347,0.698965,-0.039960,0.579392,0.708026,-0.033421,0.582591,0.725195,-0.027112
1780504220.686,right,victory,0.593805,0.871539,0.000000,0.616348,0.821697,-0.001041,0.616349,0.751948,-0.008055,0.596522,0.704334,-0.014635,0.577604,0.676984,-0.021916,0.627992,0.750336,-0.025158,0.634541,0.667695,-0.036098,0.640393,0.624078,-0.040221,0.644628,0.589708,-0.041799,0.607201,0.753529,-0.029134,0.609659,0.664700,-0.040154,0.612557,0.614644,-0.042608,0.613385,0.574857,-0.044019,0.585093,0.758513,-0.031188,0.579795,0.673480,-0.040830,0.581757,0.685317,-0.035980,0.582130,0.706148,-0.030227,0.565498,0.766725,-0.032697,0.569030,0.707626,-0.037459,0.575968,0.717171,-0.031525,0.578874,0.734816,-0.025695
1780504220.833,right,victory,0.593792,0.854379,0.000000,0.598879,0.800405,0.002681,0.598569,0.750296,-0.004144,0.584204,0.713388,-0.012565,0.568253,0.689918,-0.021593,0.623004,0.725603,-0.018065,0.621445,0.650725,-0.030464,0.620983,0.606140,-0.036352,0.621294,0.571115,-0.039262,0.619919,0.738839,-0.026144,0.618468,0.653123,-0.040909,0.618023,0.601078,-0.047782,0.617791,0.561758,-0.051196,0.607866,0.755859,-0.032611,0.582237,0.680473,-0.046713,0.561366,0.672119,-0.046464,0.549374,0.675100,-0.042691,0.588693,0.772448,-0.038169,0.566254,0.711567,-0.045894,0.554978,0.702190,-0.042602,0.549574,0.703170,-0.038205
1780504221.122,right,victory,0.593812,0.823101,0.000000,0.574016,0.763825,-0.006986,0.565162,0.720942,-0.018987,0.555779,0.689330,-0.031814,0.550071,0.667618,-0.044410,0.611763,0.688102,-0.025334,0.610035,0.617600,-0.042290,0.610313,0.571846,-0.052706,0.610840,0.536080,-0.058913,0.616924,0.705218,-0.031377,0.619439,0.628383,-0.049354,0.621189,0.577022,-0.058768,0.621651,0.537583,-0.063894,0.612617,0.727927,-0.036973,0.581776,0.669655,-0.053508,0.563577,0.674378,-0.052492,0.555556,0.685254,-0.047973,0.598710,0.750284,-0.043166,0.569601,0.710409,-0.053043,0.556147,0.705309,-0.050467,0.551215,0.706103,-0.046408
1780504221.283,right,victory,0.595063,0.783962,0.000000,0.573887,0.731198,-0.007109,0.560275,0.688449,-0.016437,0.550267,0.653678,-0.028114,0.556413,0.644392,-0.039027,0.602996,0.631800,-0.009171,0.601634,0.569979,-0.021961,0.598866,0.528128,-0.030536,0.596929,0.495413,-0.036209,0.617275,0.643490,-0.015389,0.624275,0.578340,-0.030455,0.624048,0.531705,-0.041186,0.623452,0.493478,-0.046676,0.625114,0.665521,-0.022404,0.600365,0.624169,-0.039936,0.577819,0.635679,-0.043859,0.563420,0.651904,-0.041824,0.623276,0.693222,-0.030084,0.595137,0.671852,-0.040758,0.575537,0.673208,-0.040807,0.562459,0.679250,-0.038150
1780504221.485,right,victory,0.614168,0.741421,0.000000,0.588808,0.687308,-0.008017,0.573404,0.641437,-0.015840,0.563468,0.605844,-0.026430,0.573718,0.594120,-0.036007,0.604974,0.574171,-0.001752,0.593346,0.515053,-0.013884,0.585868,0.473729,-0.023674,0.581058,0.437681,-0.030957,0.623327,0.576027,-0.007348,0.624128,0.516640,-0.021002,0.620617,0.471183,-0.032762,0.618520,0.431931,-0.039680,0.635872,0.590891,-0.014511,0.617836,0.548118,-0.031437,0.596578,0.570649,-0.035378,0.583816,0.595661,-0.033396,0.640752,0.615992,-0.022649,0.612909,0.600582,-0.034920,0.594314,0.611477,-0.036291,0.583453,0.626195,-0.034018
1780504221.625,right,victory,0.636220,0.703871,0.000000,0.608227,0.675237,-0.012656,0.587146,0.636222,-0.022876,0.579885,0.602672,-0.034655,0.595813,0.595891,-0.045047,0.602120,0.548081,-0.008068,0.586839,0.492131,-0.022400,0.576934,0.456653,-0.031085,0.569894,0.427085,-0.036391,0.624253,0.544151,-0.012234,0.621857,0.474357,-0.027241,0.615041,0.429773,-0.035864,0.610639,0.392406,-0.039189,0.643297,0.560292,-0.018527,0.622504,0.530582,-0.038080,0.610524,0.568429,-0.039819,0.609005,0.597457,-0.034612,0.656592,0.587797,-0.026057,0.629903,0.581738,-0.038702,0.619207,0.603880,-0.037862,0.619809,0.621322,-0.033463
1780504221.798,right,victory,0.656104,0.735001,0.000000,0.632276,0.716173,-0.011133,0.611779,0.676070,-0.019345,0.615697,0.646014,-0.028919,0.634435,0.638606,-0.038163,0.617561,0.583843,-0.012117,0.598903,0.529917,-0.024489,0.588814,0.496980,-0.031945,0.581560,0.467685,-0.037181,0.639439,0.574700,-0.016622,0.635653,0.503404,-0.030061,0.632267,0.460172,-0.038500,0.631200,0.424187,-0.042676,0.660196,0.587225,-0.022518,0.650871,0.560249,-0.040362,0.639726,0.599431,-0.045116,0.635503,0.629244,-0.043418,0.677831,0.612580,-0.029330,0.661290,0.620424,-0.042652,0.650989,0.645077,-0.044904,0.648497,0.661730,-0.043538
1780504221.925,right,victory,0.660134,0.738525,0.000000,0.635187,0.716917,-0.009043,0.614745,0.675861,-0.016190,0.619764,0.646414,-0.025154,0.640550,0.640259,-0.034102,0.621260,0.585438,-0.011083,0.603002,0.528965,-0.022404,0.592812,0.493615,-0.028656,0.586243,0.462483,-0.033032,0.643862,0.576855,-0.016791,0.640111,0.504317,-0.029025,0.636111,0.460029,-0.036507,0.635129,0.423072,-0.040141,0.664902,0.590463,-0.023677,0.656169,0.565437,-0.040441,0.645434,0.607794,-0.043820,0.642268,0.639019,-0.041248,0.681380,0.616804,-0.031340,0.664896,0.622622,-0.043439,0.654467,0.649105,-0.044288,0.652724,0.666404,-0.042068
1780504222.034,right,victory,0.662377,0.740796,0.000000,0.637466,0.719030,-0.010119,0.616627,0.678022,-0.017666,0.621687,0.648757,-0.026690,0.642592,0.643975,-0.035677,0.623593,0.586990,-0.012415,0.605736,0.530371,-0.024017,0.595394,0.494495,-0.030689,0.588606,0.462704,-0.035681,0.646768,0.578088,-0.017699,0.643122,0.505536,-0.030317,0.639309,0.460926,-0.038294,0.638480,0.423029,-0.042606,0.668300,0.591722,-0.024201,0.661235,0.563547,-0.041402,0.649507,0.604204,-0.045055,0.645036,0.634959,-0.042977,0.685400,0.618250,-0.031551,0.670125,0.622322,-0.044419,0.659252,0.648084,-0.045742,0.656700,0.665400,-0.044023
1780504222.162,right,victory,0.661023,0.744533,0.000000,0.636821,0.721827,-0.009593,0.617356,0.681524,-0.016815,0.622858,0.652813,-0.025582,0.641490,0.647620,-0.034333,0.623867,0.588840,-0.011318,0.605737,0.532427,-0.022514,0.595512,0.497700,-0.028985,0.588815,0.467007,-0.033829,0.647022,0.579561,-0.016496,0.643515,0.508051,-0.028823,0.639811,0.464048,-0.036991,0.638809,0.426677,-0.041467,0.668553,0.592444,-0.022804,0.660981,0.565838,-0.039051,0.648729,0.605726,-0.042658,0.643449,0.635720,-0.040925,0.685768,0.618544,-0.030023,0.671966,0.626941,-0.042349,0.661169,0.651344,-0.043997,0.658144,0.666340,-0.042656
1780504222.272,right,victory,0.660937,0.745834,0.000000,0.636964,0.722571,-0.009512,0.617575,0.682723,-0.016765,0.622369,0.652968,-0.025568,0.640926,0.645020,-0.034316,0.623355,0.591419,-0.011072,0.604935,0.534403,-0.022456,0.594716,0.500272,-0.028879,0.588297,0.470056,-0.033398,0.646322,0.582578,-0.016099,0.642982,0.509754,-0.028409,0.638838,0.464657,-0.036507,0.637842,0.425868,-0.040760,0.667931,0.595481,-0.022247,0.659666,0.567105,-0.038487,0.647622,0.606096,-0.042335,0.643187,0.634978,-0.040652,0.685350,0.620854,-0.029254,0.670076,0.629474,-0.041595,0.659530,0.654811,-0.043348,0.657784,0.670197,-0.041945
1780504222.385,right,victory,0.661355,0.747034,0.000000,0.637179,0.724416,-0.009417,0.617274,0.685146,-0.016509,0.622347,0.656263,-0.025143,0.640900,0.650530,-0.033738,0.622812,0.593077,-0.010828,0.604119,0.536435,-0.021797,0.593702,0.502288,-0.028029,0.587274,0.472181,-0.032524,0.645649,0.584071,-0.015819,0.641832,0.512047,-0.027735,0.637761,0.466998,-0.035678,0.637024,0.428682,-0.039977,0.667096,0.596926,-0.021923,0.659859,0.568940,-0.037806,0.647718,0.608002,-0.041601,0.643010,0.637830,-0.039991,0.684183,0.622407,-0.028902,0.669874,0.630277,-0.041051,0.659230,0.654883,-0.042850,0.657122,0.670382,-0.041556
1780504222.562,right,victory,0.661117,0.747982,0.000000,0.636459,0.725901,-0.009886,0.617012,0.687838,-0.017561,0.621464,0.659595,-0.026778,0.639409,0.653930,-0.035944,0.622145,0.594773,-0.011603,0.604144,0.538446,-0.022924,0.593983,0.504269,-0.029484,0.587203,0.474153,-0.034255,0.645058,0.586308,-0.016660,0.642343,0.513530,-0.028963,0.638578,0.468294,-0.037084,0.637304,0.429891,-0.041577,0.666475,0.599979,-0.022890,0.660572,0.568664,-0.039541,0.648122,0.607352,-0.043552,0.642241,0.637426,-0.041950,0.684015,0.626442,-0.029962,0.672721,0.629168,-0.042696,0.661075,0.651812,-0.044546,0.656499,0.666869,-0.043242
1780504222.738,right,victory,0.661407,0.749772,0.000000,0.637047,0.727915,-0.009707,0.617424,0.689965,-0.017023,0.621360,0.662054,-0.025903,0.639779,0.655570,-0.034644,0.622402,0.595349,-0.011122,0.603987,0.539198,-0.022382,0.593703,0.505051,-0.028642,0.587048,0.474855,-0.033121,0.645745,0.585621,-0.016141,0.642089,0.514555,-0.028494,0.638097,0.470342,-0.036558,0.637031,0.432598,-0.040755,0.667382,0.598221,-0.022316,0.659765,0.573714,-0.038575,0.647569,0.613952,-0.042298,0.642627,0.643930,-0.040404,0.684465,0.623970,-0.029388,0.670238,0.635741,-0.041531,0.659136,0.659388,-0.043348,0.656022,0.673361,-0.041961
1780504222.833,right,victory,0.660004,0.752206,0.000000,0.636001,0.728832,-0.009156,0.617213,0.690763,-0.016580,0.621924,0.663395,-0.025735,0.639240,0.657609,-0.034819,0.622545,0.596980,-0.010992,0.603672,0.541689,-0.022614,0.593182,0.508612,-0.029121,0.586526,0.479528,-0.033434,0.645687,0.588610,-0.016276,0.642270,0.516242,-0.028532,0.638376,0.471120,-0.036321,0.637546,0.432118,-0.040187,0.667321,0.602565,-0.022713,0.658685,0.578960,-0.038726,0.646694,0.618828,-0.042258,0.642345,0.647502,-0.040100,0.684521,0.629463,-0.030005,0.670550,0.636813,-0.041278,0.659013,0.659528,-0.042297,0.655765,0.672741,-0.040393
1780504222.914,right,victory,0.659672,0.752214,0.000000,0.636053,0.729294,-0.009889,0.616397,0.690545,-0.017348,0.620624,0.662922,-0.026310,0.638778,0.656855,-0.035114,0.621769,0.597369,-0.011165,0.603066,0.542184,-0.022826,0.592661,0.508943,-0.029311,0.586611,0.479426,-0.033698,0.645183,0.587494,-0.016039,0.641243,0.516302,-0.028524,0.636926,0.471269,-0.036583,0.636326,0.432035,-0.040585,0.667216,0.600000,-0.022102,0.658716,0.578186,-0.038221,0.646362,0.618906,-0.041783,0.642004,0.648229,-0.039696,0.684508,0.625558,-0.029110,0.668549,0.638983,-0.040706,0.658097,0.663851,-0.042020,0.656630,0.677731,-0.040270
1780504223.015,right,victory,0.660002,0.752903,0.000000,0.636159,0.730360,-0.009456,0.616001,0.691019,-0.016497,0.621524,0.663613,-0.025071,0.640426,0.657146,-0.033593,0.621956,0.597613,-0.010988,0.603345,0.542611,-0.022346,0.592986,0.509430,-0.028817,0.586599,0.480063,-0.033330,0.645008,0.588680,-0.016024,0.641049,0.516790,-0.028068,0.636657,0.471468,-0.036061,0.635737,0.432029,-0.040284,0.666748,0.602002,-0.022210,0.658535,0.576846,-0.038213,0.646528,0.616613,-0.042120,0.642208,0.645813,-0.040423,0.684043,0.627969,-0.029259,0.668970,0.638002,-0.041306,0.658459,0.662265,-0.043079,0.656656,0.676378,-0.041701
1780504223.127,right,victory,0.659997,0.753174,0.000000,0.636012,0.730041,-0.009704,0.616017,0.690756,-0.017075,0.620502,0.662676,-0.025987,0.639628,0.657417,-0.034825,0.621784,0.597769,-0.011088,0.603632,0.541823,-0.022278,0.593449,0.508303,-0.028518,0.586812,0.478687,-0.032929,0.645021,0.588444,-0.016009,0.641765,0.516042,-0.028026,0.637891,0.471103,-0.035775,0.636943,0.432813,-0.039751,0.666859,0.601193,-0.022106,0.658680,0.574744,-0.038349,0.646085,0.614513,-0.042319,0.640890,0.644735,-0.040569,0.684656,0.626684,-0.029067,0.670431,0.636871,-0.041366,0.659238,0.661706,-0.043258,0.656093,0.677203,-0.041887
1780504223.229,right,victory,0.660615,0.752152,0.000000,0.636470,0.729492,-0.009691,0.616637,0.691516,-0.017113,0.621280,0.664092,-0.026038,0.639498,0.657061,-0.034902,0.621966,0.597630,-0.011064,0.603148,0.542645,-0.022419,0.592811,0.509405,-0.028958,0.586400,0.480114,-0.033524,0.645262,0.588232,-0.016030,0.641527,0.517024,-0.028178,0.637270,0.472032,-0.036378,0.636220,0.433297,-0.040771,0.667069,0.600746,-0.022172,0.659470,0.575384,-0.038254,0.646903,0.614037,-0.042489,0.641649,0.643210,-0.041094,0.684565,0.625907,-0.029169,0.670035,0.635412,-0.041170,0.659204,0.659674,-0.042963,0.656587,0.674803,-0.041652
1780504223.317,right,victory,0.660840,0.752496,0.000000,0.636667,0.730033,-0.010273,0.617046,0.691970,-0.018247,0.620671,0.662910,-0.027709,0.639121,0.656035,-0.036974,0.622161,0.597441,-0.011651,0.603921,0.541722,-0.023294,0.593784,0.507905,-0.029831,0.587180,0.477819,-0.034407,0.645489,0.588484,-0.016573,0.642558,0.516571,-0.029276,0.638401,0.472024,-0.037273,0.637019,0.433597,-0.041301,0.667330,0.601463,-0.022732,0.658784,0.575184,-0.039713,0.646087,0.616721,-0.043227,0.641063,0.647538,-0.040870,0.685060,0.627152,-0.029785,0.670313,0.634575,-0.042158,0.659328,0.659554,-0.043415,0.656753,0.674977,-0.041462
1780504223.424,right,victory,0.660458,0.752209,0.000000,0.636104,0.729431,-0.010430,0.617368,0.692376,-0.018569,0.622296,0.665520,-0.028177,0.640372,0.659016,-0.037597,0.622237,0.597817,-0.011754,0.603930,0.542451,-0.023555,0.593695,0.508863,-0.030301,0.587141,0.479172,-0.035052,0.645832,0.588518,-0.016631,0.642708,0.517491,-0.029432,0.638456,0.472889,-0.037724,0.637139,0.434375,-0.042087,0.667653,0.601759,-0.022776,0.659908,0.575981,-0.039494,0.647235,0.616104,-0.043212,0.642057,0.645544,-0.041246,0.684851,0.628013,-0.029850,0.670672,0.637185,-0.042105,0.659581,0.660676,-0.043618,0.656715,0.674358,-0.042005
1780504223.555,right,victory,0.661576,0.750924,0.000000,0.636936,0.728361,-0.010446,0.617436,0.690984,-0.018684,0.621661,0.663230,-0.028386,0.640195,0.658024,-0.037876,0.622389,0.597261,-0.012031,0.604099,0.541604,-0.023949,0.594124,0.507933,-0.030789,0.587714,0.478244,-0.035640,0.645760,0.588632,-0.016926,0.643077,0.517194,-0.029917,0.638982,0.472137,-0.038264,0.637580,0.433053,-0.042649,0.667562,0.602024,-0.023064,0.660356,0.574735,-0.039897,0.647428,0.615020,-0.043560,0.641762,0.644900,-0.041495,0.685367,0.628179,-0.030141,0.671590,0.636330,-0.042523,0.660069,0.659760,-0.044125,0.656490,0.673657,-0.042518
1780504223.701,right,victory,0.661717,0.751271,0.000000,0.637036,0.729017,-0.009761,0.617839,0.689514,-0.017213,0.622675,0.663119,-0.026330,0.640748,0.659303,-0.035346,0.622884,0.596929,-0.010967,0.604645,0.541310,-0.022334,0.594867,0.507145,-0.028609,0.588442,0.476855,-0.033119,0.646368,0.587622,-0.016099,0.643412,0.515887,-0.028914,0.639510,0.471109,-0.036974,0.638400,0.433034,-0.041026,0.668115,0.600777,-0.022448,0.660191,0.573378,-0.039367,0.647976,0.615360,-0.042875,0.643131,0.646222,-0.040527,0.685788,0.626834,-0.029666,0.672037,0.635172,-0.042117,0.660642,0.659359,-0.043697,0.657275,0.673285,-0.042003
1780504223.795,right,victory,0.661905,0.751348,0.000000,0.637428,0.727598,-0.009487,0.618077,0.689228,-0.017042,0.623228,0.662530,-0.026281,0.641288,0.657856,-0.035391,0.623559,0.595505,-0.010664,0.605159,0.541250,-0.022040,0.595221,0.508056,-0.028577,0.588817,0.478754,-0.033237,0.646871,0.586843,-0.015926,0.643620,0.516146,-0.028341,0.639512,0.471664,-0.036451,0.638222,0.433218,-0.040751,0.668562,0.600534,-0.022416,0.660980,0.574146,-0.038897,0.648175,0.614419,-0.042714,0.642449,0.644609,-0.040794,0.686238,0.627192,-0.029780,0.673428,0.633597,-0.041946,0.661461,0.656306,-0.043608,0.656950,0.670563,-0.042115
1780504223.940,right,victory,0.661618,0.751137,0.000000,0.637421,0.728691,-0.009409,0.618429,0.689939,-0.016757,0.624195,0.662789,-0.025705,0.641808,0.657804,-0.034652,0.623525,0.596825,-0.010985,0.605380,0.542028,-0.022326,0.595205,0.508865,-0.028856,0.588607,0.479891,-0.033461,0.646784,0.588087,-0.016231,0.643782,0.515953,-0.028515,0.639494,0.471038,-0.036644,0.638194,0.432765,-0.040952,0.668527,0.601805,-0.022615,0.661357,0.573662,-0.038827,0.648927,0.612880,-0.042515,0.643820,0.642097,-0.040632,0.686162,0.628194,-0.029831,0.672590,0.634089,-0.041649,0.661327,0.657850,-0.042895,0.658187,0.672326,-0.041188
1780504224.079,right,victory,0.661900,0.751230,0.000000,0.637762,0.728323,-0.009903,0.618527,0.689870,-0.017461,0.623347,0.663041,-0.026544,0.641593,0.657050,-0.035450,0.623753,0.596432,-0.011273,0.605454,0.541676,-0.022845,0.595075,0.508803,-0.029465,0.588456,0.479874,-0.034159,0.647253,0.586630,-0.016256,0.643775,0.516062,-0.028851,0.639435,0.471633,-0.037108,0.638297,0.433053,-0.041447,0.669063,0.599494,-0.022420,0.661105,0.574995,-0.038644,0.648566,0.616184,-0.042114,0.643672,0.646150,-0.040096,0.686227,0.625568,-0.029538,0.671191,0.638626,-0.041629,0.660298,0.663054,-0.043316,0.657987,0.676635,-0.041849
1780504224.190,right,victory,0.661838,0.751702,0.000000,0.637757,0.728759,-0.009963,0.618374,0.690801,-0.017714,0.624065,0.664086,-0.027007,0.642611,0.658658,-0.036172,0.623425,0.596580,-0.011595,0.605471,0.541865,-0.023337,0.595152,0.508608,-0.030115,0.588801,0.479444,-0.034853,0.646818,0.587507,-0.016620,0.643450,0.516891,-0.029180,0.639359,0.471910,-0.037453,0.638571,0.432939,-0.041866,0.668649,0.601263,-0.022837,0.661164,0.576971,-0.039032,0.648925,0.617423,-0.042555,0.644327,0.646946,-0.040560,0.685819,0.628261,-0.029992,0.671165,0.637259,-0.041751,0.660218,0.660893,-0.043038,0.657912,0.674674,-0.041351
1780504224.315,right,victory,0.662174,0.751728,0.000000,0.637959,0.729108,-0.009982,0.618245,0.689889,-0.017470,0.623009,0.662468,-0.026476,0.641838,0.657704,-0.035383,0.623778,0.596668,-0.011008,0.605389,0.541898,-0.022432,0.595001,0.508830,-0.029024,0.588420,0.479922,-0.033731,0.647220,0.587015,-0.015961,0.643952,0.516272,-0.028535,0.639356,0.472032,-0.036876,0.638030,0.433913,-0.041224,0.668861,0.599883,-0.022119,0.660667,0.574491,-0.038368,0.648104,0.615317,-0.042129,0.643540,0.645000,-0.040294,0.685560,0.625944,-0.029205,0.669528,0.638821,-0.041296,0.659179,0.663583,-0.043084,0.657887,0.677159,-0.041698
1780504224.480,right,victory,0.661620,0.751639,0.000000,0.637133,0.728818,-0.009846,0.618173,0.689171,-0.017111,0.623903,0.663259,-0.025957,0.641738,0.659080,-0.034682,0.623892,0.596548,-0.010562,0.605124,0.542394,-0.022075,0.594664,0.509396,-0.028619,0.588225,0.480648,-0.033262,0.647252,0.587765,-0.015661,0.643233,0.517732,-0.028371,0.638915,0.473263,-0.036724,0.638139,0.434599,-0.041116,0.668811,0.601469,-0.022047,0.661344,0.576287,-0.038685,0.648599,0.617636,-0.042524,0.643626,0.647320,-0.040661,0.685472,0.628395,-0.029342,0.670699,0.640614,-0.041742,0.659591,0.664383,-0.043698,0.657179,0.676901,-0.042439
1780504224.634,right,victory,0.661850,0.751740,0.000000,0.637542,0.729750,-0.009906,0.617897,0.689874,-0.017172,0.622899,0.662358,-0.025939,0.640945,0.657625,-0.034620,0.623652,0.597081,-0.011124,0.605514,0.541875,-0.022458,0.595466,0.508522,-0.028866,0.588986,0.479158,-0.033425,0.647017,0.588787,-0.016135,0.644085,0.517204,-0.028583,0.639805,0.472635,-0.036660,0.638435,0.433614,-0.040875,0.668736,0.602640,-0.022366,0.661584,0.574731,-0.039083,0.649003,0.615907,-0.042913,0.644000,0.645771,-0.040971,0.686047,0.629285,-0.029452,0.671525,0.638132,-0.041997,0.660074,0.662966,-0.043814,0.657233,0.677271,-0.042393
1780504224.763,right,victory,0.661868,0.750939,0.000000,0.637100,0.728044,-0.010262,0.617895,0.689616,-0.018106,0.623598,0.663186,-0.027443,0.642131,0.657882,-0.036618,0.623820,0.596697,-0.011461,0.605260,0.542377,-0.023233,0.594924,0.509078,-0.030055,0.588389,0.479676,-0.034861,0.647226,0.588158,-0.016543,0.643932,0.517071,-0.029311,0.639632,0.472698,-0.037635,0.638476,0.433866,-0.042016,0.668972,0.602122,-0.022904,0.661852,0.575427,-0.039676,0.649579,0.616526,-0.043175,0.644823,0.646088,-0.040948,0.686035,0.629090,-0.030189,0.671859,0.635575,-0.042264,0.660886,0.659203,-0.043408,0.658316,0.672806,-0.041538
1780504224.889,right,victory,0.661278,0.752790,0.000000,0.637031,0.729721,-0.009370,0.617211,0.690894,-0.016509,0.623541,0.664749,-0.025269,0.642991,0.658764,-0.033968,0.623330,0.597241,-0.010714,0.604886,0.543162,-0.022086,0.594466,0.510293,-0.028613,0.588093,0.481457,-0.033177,0.646747,0.588097,-0.015833,0.642911,0.518208,-0.028068,0.638532,0.473510,-0.036367,0.637482,0.434744,-0.040802,0.668455,0.601378,-0.022110,0.661317,0.577298,-0.038202,0.649070,0.617721,-0.042224,0.643989,0.647775,-0.040586,0.685561,0.627690,-0.029250,0.671221,0.638985,-0.041215,0.659927,0.662962,-0.043038,0.656642,0.677424,-0.041703
1780504225.071,right,victory,0.661454,0.752852,0.000000,0.637102,0.729265,-0.009595,0.617739,0.690575,-0.017127,0.623199,0.663958,-0.026276,0.641365,0.659768,-0.035389,0.623064,0.598150,-0.010896,0.604697,0.543383,-0.022313,0.594525,0.510124,-0.028951,0.588104,0.480748,-0.033668,0.646423,0.589402,-0.016138,0.643238,0.518283,-0.028504,0.638846,0.473612,-0.036736,0.637473,0.434884,-0.041112,0.668320,0.602951,-0.022553,0.660255,0.576497,-0.038859,0.647674,0.617272,-0.042614,0.642799,0.647064,-0.040737,0.685748,0.629392,-0.029830,0.670335,0.638174,-0.041877,0.659366,0.662633,-0.043306,0.657202,0.676947,-0.041668
1780504225.235,right,victory,0.661727,0.752846,0.000000,0.637133,0.729176,-0.009701,0.618325,0.689918,-0.017241,0.623709,0.663408,-0.026444,0.641697,0.659644,-0.035624,0.623692,0.597706,-0.010656,0.605266,0.542752,-0.022093,0.594998,0.509195,-0.028624,0.588406,0.479689,-0.033284,0.647310,0.588355,-0.015884,0.643979,0.517209,-0.028620,0.639447,0.472570,-0.037026,0.637894,0.434191,-0.041360,0.669161,0.601564,-0.022307,0.660254,0.575175,-0.039237,0.647835,0.617370,-0.043154,0.643330,0.648342,-0.041113,0.686285,0.627923,-0.029562,0.669669,0.639026,-0.042230,0.658947,0.664148,-0.043971,0.657199,0.678772,-0.042347
1780504225.507,right,victory,0.661788,0.751810,0.000000,0.637350,0.727944,-0.009534,0.618508,0.689428,-0.016957,0.623811,0.663256,-0.025976,0.641923,0.658105,-0.034999,0.624040,0.597194,-0.010637,0.605799,0.541916,-0.021924,0.595467,0.508893,-0.028452,0.588949,0.479996,-0.033065,0.647462,0.588398,-0.015760,0.644033,0.517383,-0.028008,0.639493,0.472630,-0.036410,0.638122,0.434273,-0.040936,0.669273,0.601658,-0.022045,0.661383,0.574048,-0.038347,0.648555,0.613640,-0.042527,0.643211,0.643687,-0.041004,0.686614,0.627709,-0.029149,0.671548,0.637343,-0.041408,0.660750,0.661114,-0.043230,0.658418,0.675638,-0.041851
1780504225.675,right,victory,0.662065,0.751243,0.000000,0.637648,0.728104,-0.009999,0.618982,0.689632,-0.017956,0.624521,0.661990,-0.027530,0.642340,0.656882,-0.036993,0.624817,0.596295,-0.011228,0.606456,0.541330,-0.022981,0.596145,0.507932,-0.029815,0.589653,0.478533,-0.034638,0.648270,0.587750,-0.016431,0.645212,0.516630,-0.029472,0.640871,0.472207,-0.037975,0.639643,0.434034,-0.042329,0.670064,0.601541,-0.022830,0.661415,0.574809,-0.039712,0.648324,0.617158,-0.042899,0.643298,0.648489,-0.040323,0.687236,0.628428,-0.030139,0.670983,0.635827,-0.042246,0.660217,0.659381,-0.043119,0.658617,0.673080,-0.040903
1780504226.065,right,victory,0.662085,0.751362,0.000000,0.638401,0.727792,-0.009742,0.619677,0.688799,-0.017462,0.624307,0.660992,-0.026790,0.642150,0.655855,-0.036080,0.625657,0.596587,-0.011392,0.607236,0.540201,-0.023036,0.596806,0.506429,-0.029610,0.590350,0.476613,-0.034227,0.649217,0.587566,-0.016401,0.645842,0.516317,-0.029224,0.641315,0.471885,-0.037517,0.640017,0.434214,-0.041737,0.671071,0.600511,-0.022537,0.662156,0.573786,-0.039333,0.648832,0.614999,-0.043031,0.643493,0.646271,-0.040938,0.688437,0.626272,-0.029522,0.671766,0.637497,-0.042059,0.660230,0.661982,-0.043729,0.657793,0.676692,-0.042081
1780504226.309,right,victory,0.662338,0.749236,0.000000,0.638154,0.726256,-0.010700,0.618513,0.688560,-0.018991,0.622493,0.658344,-0.028708,0.640791,0.653511,-0.038135,0.625389,0.594784,-0.011688,0.607214,0.538918,-0.023489,0.596738,0.505230,-0.030329,0.590482,0.475278,-0.035134,0.648333,0.586373,-0.016455,0.644501,0.515442,-0.029011,0.641003,0.470466,-0.036978,0.640988,0.431224,-0.041134,0.670002,0.600300,-0.022559,0.662175,0.573283,-0.039291,0.649150,0.613529,-0.042639,0.643620,0.643988,-0.040293,0.687860,0.627342,-0.029681,0.674377,0.630449,-0.041861,0.662834,0.653544,-0.042971,0.659494,0.668881,-0.041002
1780504226.557,right,victory,0.662104,0.746630,0.000000,0.637648,0.723604,-0.010497,0.619135,0.686466,-0.018784,0.623371,0.657276,-0.028496,0.641013,0.652167,-0.038033,0.625348,0.593828,-0.011688,0.607101,0.538007,-0.023302,0.596703,0.504033,-0.030015,0.589982,0.473847,-0.034809,0.648637,0.585617,-0.016585,0.645529,0.514259,-0.029276,0.641514,0.470204,-0.037384,0.640495,0.432211,-0.041611,0.670268,0.599387,-0.022755,0.661447,0.571734,-0.039561,0.648219,0.611310,-0.043039,0.642837,0.640831,-0.040845,0.687619,0.626006,-0.029841,0.672417,0.629982,-0.041882,0.661111,0.653064,-0.042815,0.658525,0.667586,-0.040818
1780504226.676,right,victory,0.662760,0.746838,0.000000,0.639050,0.725013,-0.009822,0.620109,0.686578,-0.017582,0.624400,0.657520,-0.026773,0.641368,0.653120,-0.035917,0.626150,0.594060,-0.011695,0.608077,0.538256,-0.023117,0.597797,0.504554,-0.029795,0.591340,0.474746,-0.034656,0.649417,0.586010,-0.016727,0.646259,0.514393,-0.029386,0.642112,0.469692,-0.037814,0.641161,0.431383,-0.042349,0.671025,0.599545,-0.022838,0.662804,0.572180,-0.039066,0.650022,0.610667,-0.042481,0.645015,0.639275,-0.040529,0.688108,0.625361,-0.029828,0.671815,0.632557,-0.041709,0.661437,0.655528,-0.042868,0.660102,0.668714,-0.041151
1780504226.825,right,victory,0.662538,0.747030,0.000000,0.639162,0.724918,-0.009858,0.619502,0.686659,-0.017387,0.623348,0.656985,-0.026335,0.641566,0.651223,-0.035174,0.626195,0.593409,-0.011206,0.607915,0.537276,-0.022478,0.597544,0.503625,-0.028898,0.591208,0.473789,-0.033500,0.649340,0.584379,-0.015938,0.645656,0.513897,-0.028223,0.641515,0.469501,-0.036277,0.640816,0.431374,-0.040490,0.670925,0.597074,-0.021819,0.661658,0.571018,-0.037950,0.648585,0.609771,-0.041699,0.643418,0.639217,-0.039933,0.688437,0.622398,-0.028592,0.671896,0.632607,-0.040794,0.660715,0.656308,-0.042557,0.658459,0.670620,-0.041146
1780504226.957,right,victory,0.662148,0.747264,0.000000,0.638268,0.723737,-0.009756,0.618933,0.685021,-0.017513,0.623854,0.655849,-0.026800,0.642204,0.651344,-0.035961,0.626356,0.592632,-0.011103,0.607925,0.537122,-0.022639,0.597491,0.503796,-0.029257,0.591229,0.474565,-0.033892,0.649531,0.583945,-0.016053,0.645587,0.513380,-0.028518,0.641340,0.469268,-0.036621,0.640745,0.431429,-0.040783,0.671164,0.597062,-0.022179,0.661804,0.572706,-0.038253,0.648549,0.612262,-0.041679,0.643444,0.641980,-0.039579,0.688392,0.622927,-0.029233,0.671479,0.631877,-0.040813,0.660168,0.655295,-0.041981,0.658006,0.669621,-0.040179
1780504227.070,right,victory,0.662561,0.746754,0.000000,0.638806,0.723891,-0.009839,0.619238,0.684438,-0.017158,0.623846,0.655505,-0.025952,0.641560,0.650804,-0.034562,0.626326,0.592441,-0.010734,0.607859,0.536904,-0.022034,0.597237,0.503234,-0.028382,0.590979,0.473298,-0.032884,0.649587,0.583181,-0.015587,0.645097,0.513034,-0.028026,0.641070,0.468694,-0.036029,0.640995,0.430142,-0.040088,0.671192,0.595922,-0.021645,0.662100,0.573370,-0.037869,0.648843,0.614224,-0.041271,0.643917,0.643988,-0.039125,0.688022,0.621646,-0.028655,0.670963,0.633885,-0.040633,0.659883,0.658796,-0.042073,0.658185,0.673084,-0.040425
1780504227.188,right,victory,0.662736,0.746944,0.000000,0.639160,0.723172,-0.009522,0.619534,0.683662,-0.016832,0.623837,0.655765,-0.025633,0.642156,0.650759,-0.034365,0.626517,0.592469,-0.011146,0.608175,0.535738,-0.022368,0.597387,0.502020,-0.028685,0.590777,0.471956,-0.033223,0.649842,0.583689,-0.016096,0.645672,0.513057,-0.028319,0.641607,0.468411,-0.036441,0.641189,0.429954,-0.040784,0.671507,0.596608,-0.022161,0.662923,0.571432,-0.038363,0.649555,0.610108,-0.042376,0.643876,0.639758,-0.040831,0.688693,0.622143,-0.029080,0.672802,0.633455,-0.041527,0.661528,0.656970,-0.043565,0.658822,0.671486,-0.042377
1780504227.338,right,victory,0.663146,0.746224,0.000000,0.639660,0.723342,-0.010048,0.620037,0.684460,-0.017731,0.624218,0.655002,-0.026845,0.642273,0.649764,-0.035770,0.626902,0.591804,-0.011320,0.608761,0.536231,-0.022704,0.598105,0.502607,-0.029290,0.591514,0.472627,-0.034033,0.649874,0.583919,-0.016202,0.646148,0.513610,-0.028669,0.642267,0.468922,-0.036870,0.641801,0.430075,-0.041274,0.671370,0.597598,-0.022293,0.663595,0.572013,-0.038738,0.650587,0.610592,-0.042418,0.645002,0.639563,-0.040526,0.688732,0.623794,-0.029299,0.674256,0.629410,-0.041463,0.662901,0.652266,-0.042885,0.659908,0.666661,-0.041286
1780504227.557,right,victory,0.663372,0.746047,0.000000,0.639369,0.722655,-0.010232,0.619942,0.683556,-0.017963,0.624530,0.654459,-0.027093,0.642911,0.649475,-0.036042,0.627262,0.591606,-0.011306,0.608990,0.536050,-0.022704,0.598504,0.502210,-0.029340,0.591983,0.471823,-0.034156,0.650501,0.583500,-0.016047,0.646715,0.514218,-0.028479,0.642704,0.470144,-0.036658,0.641974,0.431461,-0.041074,0.672134,0.596763,-0.022038,0.663713,0.571380,-0.038502,0.650785,0.610652,-0.042167,0.645384,0.640134,-0.040238,0.689486,0.622683,-0.028968,0.673932,0.629391,-0.041205,0.662632,0.652425,-0.042723,0.659853,0.666890,-0.041158
1780504227.696,right,victory,0.663162,0.744642,0.000000,0.639658,0.722959,-0.010249,0.619960,0.684648,-0.017994,0.624472,0.654363,-0.027088,0.642397,0.649056,-0.035914,0.626900,0.591082,-0.011575,0.608735,0.535181,-0.022712,0.598308,0.501579,-0.029026,0.591814,0.471817,-0.033583,0.649847,0.583095,-0.016249,0.646596,0.513086,-0.028378,0.643148,0.469349,-0.036089,0.642873,0.431159,-0.040127,0.671333,0.596978,-0.022147,0.663305,0.571485,-0.038358,0.650336,0.610762,-0.041807,0.644836,0.640040,-0.039741,0.688790,0.623686,-0.028999,0.674432,0.629283,-0.041062,0.662733,0.651197,-0.042569,0.659391,0.664763,-0.040997
1780504227.826,right,victory,0.663482,0.744608,0.000000,0.640154,0.722882,-0.010045,0.620386,0.685143,-0.017886,0.625522,0.655853,-0.027034,0.643530,0.651183,-0.036112,0.626862,0.591419,-0.011938,0.608887,0.537150,-0.023434,0.598443,0.503745,-0.030392,0.591997,0.474231,-0.035461,0.650184,0.583523,-0.016748,0.646669,0.514331,-0.029172,0.642551,0.470070,-0.037577,0.641756,0.431281,-0.042256,0.671901,0.597311,-0.022685,0.664635,0.571515,-0.038761,0.651676,0.609429,-0.042325,0.646069,0.637917,-0.040552,0.689244,0.623614,-0.029520,0.674006,0.628736,-0.041348,0.663010,0.650734,-0.042533,0.660594,0.664234,-0.040878
1780504227.955,right,victory,0.663441,0.745298,0.000000,0.639927,0.722983,-0.009897,0.620210,0.684028,-0.017574,0.625011,0.655314,-0.026679,0.643399,0.651813,-0.035621,0.627022,0.591832,-0.011280,0.608627,0.536439,-0.022638,0.598063,0.503005,-0.029119,0.591585,0.473727,-0.033789,0.650337,0.582951,-0.016166,0.646648,0.513676,-0.028757,0.642493,0.470101,-0.036987,0.641675,0.432173,-0.041236,0.672118,0.596042,-0.022200,0.662935,0.573557,-0.038323,0.650601,0.613175,-0.041705,0.646096,0.641733,-0.039604,0.689249,0.622039,-0.029170,0.672529,0.632738,-0.040879,0.662619,0.655379,-0.042194,0.661773,0.667706,-0.040518
1780504228.049,right,victory,0.663639,0.745326,0.000000,0.640838,0.723538,-0.009352,0.620949,0.684640,-0.016409,0.625118,0.655541,-0.024920,0.643084,0.650731,-0.033308,0.627046,0.592120,-0.010897,0.608536,0.536446,-0.021824,0.597907,0.503203,-0.027980,0.591423,0.474177,-0.032443,0.650302,0.582508,-0.015741,0.646851,0.513394,-0.027760,0.642919,0.469829,-0.035715,0.642309,0.432241,-0.039904,0.671942,0.594992,-0.021646,0.663579,0.572662,-0.037141,0.651050,0.611374,-0.040721,0.646200,0.639703,-0.039080,0.688954,0.620441,-0.028453,0.672646,0.634540,-0.040219,0.662166,0.658122,-0.042081,0.660660,0.671211,-0.040901
1780504228.127,right,victory,0.663816,0.745288,0.000000,0.640461,0.723192,-0.009740,0.620895,0.684428,-0.017158,0.625659,0.656146,-0.025961,0.643872,0.652366,-0.034694,0.627507,0.591172,-0.011453,0.608720,0.535791,-0.022587,0.597711,0.502138,-0.029041,0.591081,0.472573,-0.033769,0.651012,0.581708,-0.016236,0.647197,0.513097,-0.028511,0.643173,0.469445,-0.036834,0.642714,0.431998,-0.041339,0.672601,0.594498,-0.022078,0.664529,0.571642,-0.037763,0.651707,0.610336,-0.041481,0.646594,0.639412,-0.039930,0.689140,0.620303,-0.028847,0.672597,0.633794,-0.040737,0.662115,0.657172,-0.042576,0.660582,0.670857,-0.041357
1780504228.227,right,victory,0.663528,0.744932,0.000000,0.640645,0.723466,-0.010113,0.620690,0.685388,-0.017606,0.625087,0.656091,-0.026400,0.643328,0.651166,-0.035028,0.626969,0.591251,-0.011392,0.608620,0.536030,-0.022554,0.598158,0.502713,-0.028954,0.592066,0.473515,-0.033551,0.650273,0.581741,-0.015926,0.646890,0.513121,-0.028066,0.642977,0.469517,-0.036100,0.642627,0.432058,-0.040358,0.671903,0.594303,-0.021621,0.664396,0.571663,-0.037243,0.651703,0.610284,-0.040876,0.646794,0.638940,-0.039248,0.688870,0.619739,-0.028288,0.673016,0.633171,-0.040065,0.662683,0.657062,-0.041900,0.661377,0.670644,-0.040697
1780504228.332,right,victory,0.663655,0.745234,0.000000,0.640470,0.723738,-0.010183,0.620803,0.685941,-0.017972,0.625228,0.656490,-0.027075,0.643402,0.651102,-0.036020,0.627082,0.591948,-0.011844,0.608770,0.536600,-0.023239,0.598112,0.502921,-0.029879,0.591773,0.473310,-0.034675,0.650528,0.582780,-0.016471,0.646745,0.513472,-0.029000,0.642786,0.469296,-0.037394,0.642451,0.431313,-0.041905,0.672297,0.595417,-0.022204,0.664477,0.572091,-0.038195,0.651722,0.610897,-0.041758,0.646569,0.640301,-0.039973,0.689428,0.620597,-0.028895,0.673215,0.631703,-0.040880,0.662505,0.655223,-0.042477,0.660589,0.669347,-0.041022
1780504228.424,right,victory,0.663216,0.744945,0.000000,0.640180,0.723012,-0.010303,0.620667,0.685340,-0.017989,0.625189,0.656382,-0.026953,0.643687,0.649491,-0.035715,0.626910,0.591614,-0.011555,0.608290,0.536231,-0.022725,0.597674,0.502954,-0.029046,0.591377,0.473307,-0.033585,0.650174,0.582598,-0.016091,0.646662,0.512972,-0.028225,0.642793,0.469395,-0.036251,0.642603,0.431861,-0.040503,0.671846,0.595528,-0.021810,0.664018,0.571437,-0.037785,0.650855,0.609800,-0.041512,0.645559,0.638339,-0.039837,0.689147,0.621060,-0.028466,0.673731,0.631236,-0.040497,0.662991,0.654658,-0.042162,0.661087,0.668507,-0.040763
1780504228.595,right,victory,0.663163,0.745224,0.000000,0.640078,0.722988,-0.010264,0.620191,0.685354,-0.017936,0.624363,0.656091,-0.026875,0.642484,0.650680,-0.035667,0.626664,0.590891,-0.011518,0.608369,0.536168,-0.022747,0.597817,0.503026,-0.029347,0.591691,0.473489,-0.034129,0.650092,0.581689,-0.016039,0.646250,0.513294,-0.028112,0.642526,0.469454,-0.036297,0.642519,0.431379,-0.040768,0.671795,0.594500,-0.021734,0.663987,0.571559,-0.037468,0.650657,0.610236,-0.041253,0.645159,0.639503,-0.039725,0.688762,0.620183,-0.028400,0.672663,0.631784,-0.040385,0.661710,0.655170,-0.042233,0.659609,0.669399,-0.041005
1780504228.703,right,victory,0.663062,0.745377,0.000000,0.639658,0.722909,-0.010131,0.619957,0.685069,-0.017753,0.624877,0.656283,-0.026701,0.643509,0.651104,-0.035581,0.626890,0.591668,-0.011544,0.608598,0.537036,-0.022928,0.598061,0.503773,-0.029580,0.591882,0.474286,-0.034333,0.650137,0.583214,-0.016286,0.646177,0.513863,-0.028403,0.642092,0.470002,-0.036607,0.641735,0.431883,-0.041076,0.671740,0.596699,-0.022207,0.664218,0.572007,-0.038234,0.651216,0.610146,-0.042229,0.646011,0.638750,-0.040754,0.688565,0.622928,-0.029035,0.672503,0.632737,-0.041043,0.661785,0.656072,-0.042775,0.660033,0.670237,-0.041474
1780504228.836,right,victory,0.662903,0.745937,0.000000,0.639309,0.723447,-0.009754,0.619618,0.685129,-0.017034,0.624251,0.656180,-0.025674,0.642233,0.650984,-0.034202,0.626629,0.592204,-0.010904,0.608137,0.537518,-0.021971,0.597447,0.504265,-0.028380,0.591026,0.474942,-0.032973,0.649860,0.583396,-0.015674,0.645545,0.514119,-0.027579,0.641447,0.470255,-0.035606,0.641089,0.432369,-0.039899,0.671529,0.596516,-0.021599,0.663074,0.572970,-0.037171,0.649936,0.611080,-0.040837,0.644689,0.639447,-0.039193,0.688586,0.622423,-0.028442,0.671958,0.631995,-0.039908,0.661018,0.655462,-0.041282,0.659103,0.669607,-0.039784
1780504228.974,right,victory,0.662442,0.746913,0.000000,0.639043,0.724436,-0.010093,0.619090,0.687008,-0.017773,0.623477,0.657154,-0.026856,0.642012,0.650638,-0.035687,0.625927,0.592880,-0.011018,0.607790,0.537989,-0.022349,0.597339,0.504867,-0.028846,0.591104,0.475361,-0.033472,0.649020,0.583376,-0.015766,0.644584,0.514013,-0.027822,0.640492,0.470589,-0.035629,0.640070,0.432717,-0.039688,0.670862,0.596001,-0.021757,0.662005,0.573421,-0.037495,0.649310,0.613412,-0.040685,0.644471,0.642793,-0.038581,0.688339,0.621932,-0.028754,0.671980,0.631992,-0.040191,0.661334,0.655735,-0.041310,0.659653,0.669822,-0.039558
1780504229.076,right,victory,0.662765,0.747850,0.000000,0.638781,0.724357,-0.009786,0.619315,0.686238,-0.017427,0.623248,0.657423,-0.026601,0.641261,0.652132,-0.035620,0.626123,0.593429,-0.010844,0.607628,0.537528,-0.022241,0.597109,0.503936,-0.028691,0.590801,0.474259,-0.033232,0.649411,0.584562,-0.015816,0.645327,0.513899,-0.028121,0.641161,0.469990,-0.036117,0.640607,0.432213,-0.040236,0.671186,0.597711,-0.021983,0.661768,0.573020,-0.038166,0.649097,0.613355,-0.041436,0.644542,0.643566,-0.039194,0.688270,0.623831,-0.029072,0.671397,0.632393,-0.040838,0.660993,0.656188,-0.041871,0.659795,0.670794,-0.039932
1780504229.231,right,victory,0.662542,0.748110,0.000000,0.639237,0.724954,-0.009280,0.620048,0.686201,-0.016450,0.624246,0.657377,-0.025120,0.641712,0.652351,-0.033781,0.625926,0.593816,-0.010771,0.607200,0.537381,-0.021961,0.596641,0.503544,-0.028218,0.590261,0.473813,-0.032599,0.649224,0.584737,-0.015724,0.645318,0.513350,-0.027727,0.641237,0.469148,-0.035496,0.640633,0.431976,-0.039424,0.671030,0.597432,-0.021797,0.661968,0.571919,-0.037806,0.648884,0.609293,-0.041753,0.643642,0.637899,-0.040124,0.688502,0.622860,-0.028685,0.672194,0.634036,-0.040639,0.661307,0.657811,-0.042311,0.659281,0.672270,-0.040876
1780504229.363,right,victory,0.663117,0.747616,0.000000,0.639344,0.724319,-0.009649,0.619420,0.684936,-0.016825,0.623582,0.655723,-0.025499,0.641928,0.650096,-0.034033,0.626264,0.592653,-0.010558,0.607449,0.536774,-0.021640,0.596841,0.503178,-0.027875,0.590407,0.473305,-0.032306,0.649208,0.583762,-0.015383,0.644889,0.512941,-0.027305,0.641063,0.468779,-0.035075,0.640862,0.430962,-0.039112,0.670767,0.596606,-0.021415,0.662020,0.570799,-0.037652,0.649055,0.610636,-0.041600,0.643837,0.641302,-0.039866,0.688282,0.622025,-0.028333,0.672770,0.631773,-0.040846,0.661253,0.656514,-0.042887,0.658292,0.672546,-0.041601
1780504229.519,right,victory,0.663426,0.747331,0.000000,0.639411,0.724106,-0.009841,0.619745,0.684968,-0.017551,0.624894,0.656581,-0.026741,0.643000,0.651708,-0.035825,0.626588,0.592609,-0.011520,0.607650,0.537275,-0.023010,0.596864,0.503650,-0.029670,0.590243,0.473698,-0.034493,0.649941,0.584226,-0.016594,0.645560,0.513984,-0.029218,0.641495,0.469840,-0.037495,0.640793,0.431680,-0.041933,0.671818,0.597478,-0.022833,0.663144,0.571765,-0.039506,0.650450,0.612059,-0.043072,0.645217,0.642413,-0.041063,0.689338,0.623476,-0.029962,0.673812,0.629823,-0.042373,0.662878,0.654000,-0.043690,0.660559,0.669418,-0.041958
1780504229.603,right,victory,0.662845,0.747501,0.000000,0.639523,0.724107,-0.009865,0.619629,0.685663,-0.017330,0.624270,0.656421,-0.026237,0.642912,0.651244,-0.034980,0.626196,0.593072,-0.011147,0.607609,0.537827,-0.022441,0.597033,0.504394,-0.028876,0.590696,0.474438,-0.033443,0.649157,0.583956,-0.015966,0.645109,0.514014,-0.027988,0.641216,0.469989,-0.035856,0.641034,0.431710,-0.039987,0.670691,0.596887,-0.021972,0.661952,0.574261,-0.037775,0.649306,0.613713,-0.041375,0.644658,0.643019,-0.039546,0.687670,0.622769,-0.028943,0.671866,0.633374,-0.040627,0.661234,0.657212,-0.042140,0.659533,0.671688,-0.040644
1780504229.711,right,victory,0.663362,0.748297,0.000000,0.639052,0.724676,-0.009337,0.619729,0.686103,-0.016839,0.625419,0.658792,-0.025911,0.643375,0.652710,-0.034897,0.626601,0.593632,-0.011097,0.607744,0.538197,-0.022601,0.597041,0.504717,-0.029230,0.590398,0.475183,-0.033918,0.649906,0.585624,-0.016349,0.645719,0.514858,-0.028943,0.641433,0.470445,-0.037328,0.640577,0.432276,-0.041754,0.671727,0.599418,-0.022720,0.662886,0.574404,-0.039237,0.650096,0.613825,-0.043011,0.644906,0.643303,-0.041097,0.689228,0.625732,-0.029905,0.673404,0.632202,-0.042043,0.662038,0.654965,-0.043310,0.659256,0.669020,-0.041518
1780504229.858,right,victory,0.663522,0.747878,0.000000,0.639729,0.724933,-0.009716,0.620078,0.687084,-0.017370,0.624977,0.658496,-0.026482,0.643316,0.651532,-0.035530,0.627079,0.593592,-0.011325,0.608675,0.539207,-0.022742,0.597980,0.506506,-0.029558,0.591348,0.477421,-0.034442,0.650083,0.585908,-0.016353,0.645846,0.515239,-0.028650,0.641428,0.471007,-0.037081,0.640558,0.432535,-0.041746,0.671790,0.599913,-0.022497,0.663854,0.572141,-0.038902,0.650534,0.611243,-0.042682,0.644659,0.641600,-0.040891,0.689479,0.626246,-0.029481,0.674361,0.629704,-0.041730,0.663039,0.652648,-0.042974,0.660195,0.668096,-0.041188
1780504230.052,right,victory,0.663602,0.747827,0.000000,0.639958,0.725396,-0.009738,0.620284,0.686400,-0.017169,0.625085,0.658291,-0.026079,0.643446,0.653922,-0.034919,0.626962,0.593451,-0.011127,0.608335,0.538429,-0.022306,0.597602,0.505416,-0.028733,0.591070,0.476119,-0.033380,0.650286,0.584545,-0.015981,0.646173,0.514764,-0.028329,0.641964,0.470876,-0.036583,0.641269,0.432951,-0.040976,0.672103,0.597460,-0.021950,0.663685,0.573102,-0.038257,0.650902,0.613987,-0.041933,0.645779,0.644882,-0.040012,0.689692,0.622895,-0.028798,0.673590,0.632553,-0.041067,0.662632,0.657342,-0.042645,0.660499,0.672776,-0.041056
1780504230.188,right,victory,0.663187,0.748058,0.000000,0.639911,0.725060,-0.009645,0.619772,0.685510,-0.016861,0.624887,0.657138,-0.025531,0.643749,0.651856,-0.034142,0.626824,0.592358,-0.011148,0.608364,0.537491,-0.022368,0.597698,0.504542,-0.028777,0.591272,0.475137,-0.033366,0.650151,0.583371,-0.016002,0.646269,0.513990,-0.028171,0.642176,0.470560,-0.036302,0.641763,0.432863,-0.040578,0.672060,0.596351,-0.021960,0.663350,0.573521,-0.038076,0.650335,0.614908,-0.041819,0.645308,0.645864,-0.039981,0.689858,0.621861,-0.028814,0.673302,0.634081,-0.041056,0.662043,0.659214,-0.042840,0.659848,0.674369,-0.041391
1780504230.368,right,victory,0.668152,0.747722,0.000000,0.637425,0.708521,-0.009393,0.616583,0.675997,-0.020199,0.603924,0.650765,-0.032703,0.607051,0.652223,-0.045099,0.642943,0.585470,-0.014569,0.627927,0.525685,-0.027301,0.617832,0.491161,-0.035164,0.610925,0.460554,-0.040719,0.665667,0.589841,-0.020364,0.661233,0.525430,-0.035096,0.657349,0.484597,-0.044273,0.654862,0.451270,-0.049362,0.681600,0.610634,-0.027103,0.653115,0.590014,-0.045440,0.632668,0.618317,-0.050195,0.622812,0.644544,-0.049112,0.687163,0.642687,-0.034475,0.655924,0.644113,-0.046561,0.637224,0.659616,-0.047894,0.627542,0.673107,-0.046589
1780504230.506,right,victory,0.690270,0.721909,0.000000,0.688665,0.651569,0.004880,0.667785,0.599119,-0.002983,0.633278,0.580699,-0.011939,0.608178,0.578945,-0.022492,0.677778,0.585537,-0.025487,0.653129,0.514114,-0.039043,0.640694,0.474446,-0.046681,0.630688,0.441807,-0.051233,0.665814,0.617050,-0.033582,0.632905,0.548169,-0.046119,0.614620,0.508952,-0.049733,0.600517,0.480635,-0.052802,0.652550,0.646544,-0.039267,0.616996,0.582068,-0.046602,0.614633,0.575305,-0.040872,0.618070,0.581213,-0.035991,0.639350,0.673092,-0.044355,0.615246,0.618576,-0.045920,0.615161,0.605620,-0.039219,0.620616,0.605284,-0.033882
1780504230.633,right,victory,0.689212,0.721231,0.000000,0.695670,0.657854,-0.004249,0.675064,0.599898,-0.012450,0.642713,0.576708,-0.018885,0.617211,0.572067,-0.025345,0.679713,0.598000,-0.031461,0.655870,0.515238,-0.041427,0.646454,0.473908,-0.044406,0.637017,0.441695,-0.045573,0.659449,0.625944,-0.032709,0.627305,0.547952,-0.043133,0.611298,0.508059,-0.045721,0.595604,0.481673,-0.047739,0.640557,0.649498,-0.031772,0.609249,0.574871,-0.040960,0.620847,0.571600,-0.038894,0.629738,0.584842,-0.036055,0.627483,0.665724,-0.030381,0.620543,0.611632,-0.036610,0.634500,0.610999,-0.034507,0.643548,0.622691,-0.031898
1780504230.740,right,victory,0.688089,0.720190,0.000000,0.696450,0.657486,-0.004979,0.677490,0.600810,-0.012279,0.647678,0.578075,-0.017484,0.623284,0.576735,-0.022492,0.677227,0.599012,-0.031192,0.655227,0.515006,-0.040342,0.645946,0.474126,-0.042491,0.636601,0.442272,-0.042735,0.654997,0.626225,-0.030891,0.623175,0.547650,-0.039979,0.607576,0.505373,-0.041448,0.592272,0.477827,-0.042302,0.635975,0.649670,-0.028363,0.605774,0.574730,-0.035569,0.616981,0.571441,-0.032756,0.625628,0.586141,-0.029329,0.624357,0.664451,-0.025520,0.617618,0.607288,-0.029354,0.629790,0.605498,-0.026088,0.637802,0.617883,-0.022530
1780504230.867,right,victory,0.686945,0.717744,0.000000,0.696049,0.654924,-0.005668,0.677693,0.599002,-0.012973,0.648939,0.577148,-0.017979,0.625210,0.577155,-0.022763,0.676745,0.597465,-0.032348,0.653529,0.512262,-0.041278,0.643747,0.472107,-0.042980,0.634157,0.441126,-0.042875,0.654233,0.625501,-0.031614,0.621036,0.548191,-0.040787,0.605185,0.505760,-0.042476,0.589625,0.477124,-0.043447,0.635004,0.649519,-0.028600,0.604794,0.575343,-0.035931,0.616458,0.570964,-0.033824,0.625503,0.585064,-0.030933,0.623076,0.664348,-0.025295,0.617540,0.608428,-0.029498,0.630038,0.606868,-0.026895,0.638334,0.619465,-0.023798
1780504230.974,right,victory,0.686193,0.718460,0.000000,0.695057,0.656876,-0.006962,0.675664,0.599923,-0.014615,0.645160,0.577503,-0.019720,0.620563,0.576928,-0.024468,0.675280,0.598863,-0.032882,0.653009,0.512766,-0.042050,0.643215,0.472539,-0.043891,0.633522,0.440993,-0.043934,0.652693,0.626544,-0.031521,0.620664,0.549807,-0.041235,0.604438,0.507300,-0.043194,0.588409,0.478120,-0.044241,0.633548,0.650036,-0.027993,0.606066,0.575734,-0.035704,0.618400,0.573536,-0.033150,0.627191,0.588892,-0.029733,0.621861,0.664177,-0.024321,0.617528,0.608744,-0.028598,0.629754,0.608514,-0.025727,0.637240,0.622030,-0.022343
1780504231.114,right,victory,0.686003,0.718957,0.000000,0.695447,0.655008,-0.006293,0.678155,0.599011,-0.013828,0.650456,0.576118,-0.018730,0.627603,0.576262,-0.023320,0.675132,0.600292,-0.034792,0.652814,0.515466,-0.044674,0.642802,0.474652,-0.046917,0.632635,0.442778,-0.047075,0.652245,0.628025,-0.033514,0.619548,0.550187,-0.043281,0.603330,0.507573,-0.044927,0.587743,0.479643,-0.045699,0.632947,0.651012,-0.029871,0.604973,0.575653,-0.037292,0.616939,0.570030,-0.034995,0.626265,0.583603,-0.031852,0.621037,0.664319,-0.026009,0.616699,0.608210,-0.030015,0.628901,0.606256,-0.027353,0.637017,0.618106,-0.024109
1780504231.368,right,victory,0.687085,0.720285,0.000000,0.696267,0.655859,-0.005826,0.678411,0.600025,-0.012670,0.651117,0.577822,-0.017101,0.629224,0.578219,-0.021153,0.675098,0.601643,-0.032721,0.652430,0.516586,-0.041808,0.642295,0.475930,-0.043498,0.631867,0.444360,-0.043440,0.652207,0.629743,-0.031714,0.619053,0.551811,-0.040805,0.603093,0.509968,-0.042073,0.587320,0.482341,-0.042691,0.633142,0.653174,-0.028501,0.603731,0.575640,-0.036121,0.616116,0.571013,-0.034166,0.625692,0.585775,-0.031176,0.621739,0.666498,-0.025032,0.616773,0.609447,-0.029889,0.629547,0.606782,-0.028053,0.638014,0.618706,-0.025302
1780504231.510,right,victory,0.686481,0.717992,0.000000,0.696014,0.654118,-0.006915,0.677847,0.598053,-0.014482,0.649657,0.577754,-0.019346,0.626831,0.579527,-0.023722,0.675197,0.601480,-0.034889,0.651543,0.515614,-0.044031,0.641726,0.475884,-0.045414,0.631537,0.444850,-0.045203,0.652579,0.629562,-0.033553,0.618942,0.552019,-0.042860,0.603233,0.510465,-0.044074,0.587143,0.481808,-0.044844,0.633398,0.652856,-0.029948,0.603960,0.576173,-0.037461,0.617074,0.573228,-0.034731,0.626719,0.587960,-0.031480,0.621703,0.666403,-0.026207,0.616926,0.610308,-0.030807,0.629966,0.608462,-0.028411,0.638135,0.620453,-0.025514
1780504231.669,right,victory,0.687508,0.718731,0.000000,0.696298,0.655434,-0.005707,0.677442,0.600039,-0.012619,0.649001,0.577991,-0.017139,0.626237,0.577386,-0.021211,0.675962,0.597914,-0.031793,0.652053,0.514002,-0.040434,0.642418,0.474946,-0.041897,0.632407,0.445000,-0.041787,0.653777,0.626730,-0.031063,0.619749,0.550632,-0.039836,0.603739,0.510637,-0.041046,0.587556,0.483729,-0.041851,0.634763,0.651502,-0.028218,0.603870,0.576223,-0.035830,0.616645,0.572653,-0.033564,0.626580,0.587497,-0.030536,0.622928,0.666646,-0.025112,0.617039,0.610124,-0.030305,0.629885,0.607711,-0.028424,0.638232,0.619213,-0.025719
1780504231.910,right,victory,0.688315,0.718856,0.000000,0.697060,0.655522,-0.006591,0.677707,0.599636,-0.014090,0.648286,0.578892,-0.019061,0.625062,0.578031,-0.023568,0.676350,0.599201,-0.033126,0.652797,0.515006,-0.042161,0.642897,0.475771,-0.043975,0.632555,0.445027,-0.044186,0.654195,0.627458,-0.031969,0.620883,0.551450,-0.041261,0.604751,0.511218,-0.042965,0.588123,0.483274,-0.044229,0.635070,0.651219,-0.028636,0.604824,0.575271,-0.036176,0.617852,0.573922,-0.033439,0.627431,0.589742,-0.030200,0.623348,0.665128,-0.025158,0.617122,0.608741,-0.030033,0.630140,0.607543,-0.027686,0.638503,0.619980,-0.024745
1780504232.055,right,victory,0.688420,0.717355,0.000000,0.697422,0.654758,-0.005555,0.679159,0.599432,-0.012898,0.650689,0.577696,-0.017871,0.627301,0.577045,-0.022589,0.677663,0.596496,-0.033205,0.653423,0.513390,-0.042449,0.643400,0.473798,-0.044522,0.633105,0.443000,-0.044811,0.655410,0.625138,-0.032559,0.621368,0.550067,-0.041502,0.605103,0.509714,-0.043059,0.588472,0.481823,-0.044291,0.636142,0.649870,-0.029604,0.604846,0.577328,-0.036625,0.617263,0.574455,-0.034008,0.626682,0.589102,-0.031071,0.624267,0.665541,-0.026427,0.618610,0.609910,-0.030778,0.631539,0.608470,-0.028239,0.639887,0.620562,-0.025307
1780504232.211,right,victory,0.688482,0.715995,0.000000,0.696953,0.653848,-0.006141,0.677667,0.597833,-0.013785,0.647584,0.576877,-0.018987,0.623429,0.576309,-0.023819,0.676963,0.596368,-0.033131,0.653623,0.511682,-0.042432,0.643655,0.471832,-0.044227,0.633758,0.440957,-0.044216,0.654886,0.624775,-0.032196,0.621054,0.548569,-0.041759,0.604744,0.507417,-0.043411,0.588633,0.479055,-0.044395,0.635876,0.648930,-0.028996,0.605402,0.575590,-0.036481,0.617395,0.573657,-0.033547,0.626275,0.588900,-0.030016,0.624142,0.664074,-0.025580,0.617813,0.608558,-0.029655,0.630198,0.607783,-0.026516,0.638022,0.620545,-0.023023
1780504232.373,right,victory,0.688646,0.715118,0.000000,0.697207,0.653092,-0.006033,0.677571,0.596411,-0.013533,0.647264,0.575234,-0.018446,0.623293,0.574592,-0.023026,0.677633,0.595369,-0.034251,0.653301,0.510862,-0.043242,0.643532,0.471943,-0.044744,0.633656,0.441637,-0.044586,0.655498,0.623479,-0.033074,0.621825,0.547536,-0.042280,0.605723,0.507462,-0.043555,0.589137,0.478875,-0.044421,0.636218,0.647494,-0.029433,0.606083,0.574467,-0.035796,0.618312,0.574392,-0.031647,0.626986,0.590449,-0.027644,0.624048,0.663130,-0.025649,0.617495,0.607941,-0.028680,0.629674,0.607915,-0.024645,0.637177,0.620949,-0.020715
1780504232.491,right,victory,0.687988,0.714392,0.000000,0.696195,0.652537,-0.005310,0.677084,0.596133,-0.012455,0.646686,0.574827,-0.017330,0.622434,0.573646,-0.021993,0.677380,0.593090,-0.032029,0.653278,0.510114,-0.040979,0.643147,0.470776,-0.042972,0.633126,0.440164,-0.043341,0.655555,0.622097,-0.031545,0.622077,0.547584,-0.040511,0.605546,0.507998,-0.042464,0.589281,0.480789,-0.044067,0.636530,0.647313,-0.028757,0.605325,0.574999,-0.035657,0.616927,0.572404,-0.032912,0.625875,0.587040,-0.029946,0.624515,0.663618,-0.025697,0.617490,0.608074,-0.029653,0.629683,0.607163,-0.026652,0.637731,0.619853,-0.023493
1780504232.690,right,victory,0.689103,0.715207,0.000000,0.697087,0.654186,-0.006713,0.674951,0.597234,-0.014301,0.642674,0.576957,-0.019363,0.618109,0.572131,-0.024052,0.678219,0.595512,-0.033546,0.653968,0.510614,-0.042644,0.643854,0.470589,-0.044227,0.634178,0.439628,-0.044265,0.656510,0.623370,-0.032516,0.622814,0.548153,-0.041895,0.606156,0.508436,-0.043448,0.589764,0.480318,-0.044688,0.637236,0.647553,-0.029267,0.607046,0.573708,-0.036505,0.619817,0.575422,-0.032377,0.628541,0.592028,-0.028312,0.625051,0.663606,-0.025914,0.618015,0.607329,-0.030250,0.630786,0.608007,-0.026557,0.638122,0.621912,-0.022777
1780504232.794,right,victory,0.688845,0.712290,0.000000,0.695859,0.651303,-0.006364,0.674513,0.596169,-0.014526,0.642138,0.577241,-0.020348,0.616945,0.575900,-0.025931,0.678342,0.593834,-0.033470,0.654203,0.510269,-0.043376,0.644015,0.470551,-0.045478,0.634388,0.439780,-0.045627,0.657098,0.621377,-0.032891,0.622960,0.546191,-0.042686,0.605847,0.507066,-0.044208,0.589175,0.479661,-0.045185,0.638057,0.645533,-0.030129,0.607512,0.574902,-0.037679,0.619635,0.576071,-0.033509,0.628162,0.591487,-0.029210,0.625614,0.662017,-0.027235,0.617914,0.608213,-0.031153,0.630059,0.609039,-0.026940,0.637254,0.622210,-0.022772
1780504232.906,right,victory,0.688062,0.713279,0.000000,0.695873,0.652362,-0.006228,0.675373,0.596604,-0.013809,0.643997,0.576951,-0.019092,0.619130,0.575746,-0.024140,0.677926,0.593976,-0.031923,0.654468,0.510075,-0.040860,0.644460,0.470581,-0.042651,0.634859,0.439726,-0.042838,0.656447,0.621563,-0.031307,0.623064,0.546653,-0.040510,0.606365,0.506972,-0.042401,0.590115,0.478779,-0.043837,0.637632,0.645800,-0.028528,0.607009,0.573290,-0.035848,0.618593,0.573647,-0.032616,0.627192,0.589190,-0.029148,0.625692,0.662086,-0.025571,0.618005,0.607822,-0.029811,0.630137,0.607794,-0.026480,0.637907,0.620538,-0.023022
1780504233.138,right,victory,0.687987,0.714150,0.000000,0.696733,0.652309,-0.005280,0.678335,0.596694,-0.012412,0.649288,0.574470,-0.017483,0.625418,0.573015,-0.022421,0.677269,0.592603,-0.030660,0.654302,0.509784,-0.039824,0.644267,0.469753,-0.042124,0.634839,0.438601,-0.042453,0.655445,0.620875,-0.030340,0.622665,0.546740,-0.039387,0.606228,0.505938,-0.041339,0.590820,0.478548,-0.042584,0.636907,0.646034,-0.027858,0.607726,0.574152,-0.035056,0.619100,0.571108,-0.032302,0.628036,0.585768,-0.028925,0.625548,0.662957,-0.025109,0.617696,0.606749,-0.029042,0.629463,0.605100,-0.025453,0.637579,0.617886,-0.021585
1780504233.231,right,victory,0.689100,0.715994,0.000000,0.696952,0.652420,-0.004676,0.677253,0.596364,-0.011587,0.647246,0.576292,-0.016471,0.623070,0.576196,-0.021289,0.677001,0.593429,-0.030535,0.653950,0.510442,-0.039601,0.644034,0.470256,-0.041921,0.634691,0.438865,-0.042350,0.655515,0.622290,-0.030485,0.622456,0.547719,-0.039502,0.605912,0.506641,-0.041795,0.590503,0.479170,-0.043416,0.637049,0.647698,-0.028156,0.607310,0.575166,-0.035131,0.618613,0.570893,-0.032701,0.627573,0.584743,-0.029721,0.625619,0.664388,-0.025475,0.617539,0.608130,-0.029141,0.629350,0.606145,-0.025695,0.637417,0.618585,-0.022088
1780504233.332,right,victory,0.688807,0.716185,0.000000,0.696810,0.653086,-0.005718,0.676819,0.596536,-0.013043,0.645857,0.577370,-0.018094,0.621250,0.577848,-0.022939,0.676844,0.594768,-0.031846,0.653270,0.510597,-0.040864,0.643255,0.470788,-0.042893,0.633513,0.439752,-0.043254,0.654971,0.624242,-0.031346,0.622166,0.548810,-0.040792,0.605981,0.508076,-0.043078,0.590179,0.480462,-0.044723,0.636010,0.649358,-0.028625,0.605331,0.574954,-0.036363,0.616886,0.571454,-0.034450,0.625687,0.585879,-0.031832,0.624080,0.665341,-0.025586,0.618014,0.609304,-0.030196,0.630632,0.607664,-0.027795,0.638843,0.620028,-0.024964
1780504233.460,right,victory,0.688896,0.715716,0.000000,0.697541,0.652819,-0.005352,0.678315,0.597188,-0.012609,0.648398,0.576173,-0.017560,0.624526,0.575402,-0.022303,0.677672,0.595066,-0.032801,0.653417,0.511407,-0.041982,0.643312,0.471569,-0.044043,0.633341,0.440604,-0.044364,0.655585,0.623286,-0.032193,0.621774,0.548312,-0.041191,0.605407,0.508121,-0.043109,0.589310,0.480636,-0.044610,0.636333,0.647718,-0.029197,0.605550,0.576301,-0.035858,0.617220,0.573530,-0.033233,0.626169,0.588472,-0.030398,0.624160,0.663548,-0.025959,0.618303,0.609849,-0.029655,0.630732,0.608428,-0.026838,0.638723,0.620692,-0.023834
1780504233.574,right,victory,0.688839,0.714254,0.000000,0.696709,0.652352,-0.006238,0.676977,0.596403,-0.013939,0.646345,0.575859,-0.019232,0.621971,0.575403,-0.024325,0.677046,0.594289,-0.032826,0.653091,0.510741,-0.042200,0.643041,0.470867,-0.044378,0.633389,0.439947,-0.044702,0.655401,0.622711,-0.031951,0.622061,0.548425,-0.041263,0.605629,0.508460,-0.043159,0.589541,0.481069,-0.044513,0.636668,0.647289,-0.028863,0.605427,0.576372,-0.035999,0.616681,0.573203,-0.033234,0.625430,0.587385,-0.030128,0.624885,0.663392,-0.025598,0.617344,0.608986,-0.029544,0.629469,0.607580,-0.026446,0.637484,0.619987,-0.023166
1780504233.682,right,victory,0.688719,0.714083,0.000000,0.696433,0.653090,-0.006465,0.675708,0.596699,-0.014371,0.644686,0.575695,-0.019699,0.620518,0.571719,-0.024683,0.678818,0.595358,-0.034591,0.654048,0.510975,-0.043840,0.644133,0.471748,-0.045622,0.634268,0.440909,-0.045803,0.657340,0.622527,-0.033498,0.623021,0.546865,-0.042459,0.606428,0.507570,-0.043835,0.589247,0.478756,-0.045175,0.638048,0.646058,-0.030026,0.606529,0.574280,-0.035988,0.619047,0.574730,-0.031465,0.627813,0.590298,-0.027644,0.625788,0.662161,-0.026536,0.618402,0.607737,-0.029472,0.630690,0.607477,-0.025466,0.637950,0.620020,-0.021894
1780504233.805,right,victory,0.690352,0.715004,0.000000,0.697782,0.651675,-0.004882,0.676541,0.596126,-0.011862,0.645009,0.577686,-0.016698,0.620369,0.576871,-0.021372,0.677972,0.593854,-0.030963,0.654774,0.511044,-0.039814,0.644644,0.470850,-0.041850,0.634903,0.439547,-0.042297,0.656698,0.622578,-0.030831,0.623504,0.548172,-0.039869,0.606897,0.507476,-0.042061,0.590992,0.479736,-0.043842,0.638019,0.647514,-0.028435,0.606246,0.574772,-0.035734,0.616988,0.571635,-0.033542,0.625529,0.586118,-0.030866,0.626269,0.663781,-0.025659,0.618577,0.608470,-0.029959,0.630890,0.606825,-0.027316,0.639158,0.619297,-0.024407
1780504233.942,right,victory,0.689670,0.714656,0.000000,0.698311,0.652026,-0.006207,0.678340,0.595407,-0.013744,0.647239,0.574613,-0.018725,0.622744,0.573407,-0.023478,0.678898,0.593310,-0.033453,0.654695,0.509296,-0.042506,0.644483,0.469755,-0.044246,0.634674,0.439360,-0.044252,0.657022,0.621965,-0.032376,0.623203,0.546823,-0.041349,0.606843,0.506452,-0.042818,0.590638,0.478128,-0.043928,0.638006,0.646627,-0.028991,0.606213,0.574956,-0.035655,0.617448,0.572646,-0.032395,0.626123,0.587377,-0.029020,0.625958,0.663018,-0.025413,0.617540,0.607558,-0.028991,0.629509,0.605794,-0.025528,0.637431,0.617970,-0.021992
1780504234.101,right,victory,0.690122,0.714848,0.000000,0.697032,0.652425,-0.005158,0.675829,0.596372,-0.012490,0.643759,0.576828,-0.017743,0.618947,0.575648,-0.022896,0.678249,0.593420,-0.031451,0.654769,0.511004,-0.041042,0.644621,0.470307,-0.043609,0.635224,0.438848,-0.044263,0.657187,0.621641,-0.031368,0.623999,0.547613,-0.040704,0.607056,0.507152,-0.042789,0.590891,0.479263,-0.044450,0.638676,0.646630,-0.029071,0.607670,0.574747,-0.036218,0.619015,0.572691,-0.032931,0.627779,0.587251,-0.029469,0.626965,0.663854,-0.026532,0.618138,0.607840,-0.030434,0.630266,0.606432,-0.026816,0.638381,0.619213,-0.023168
1780504234.236,right,victory,0.689977,0.713899,0.000000,0.697341,0.653072,-0.005829,0.676830,0.597095,-0.013070,0.645373,0.577413,-0.018107,0.620764,0.576169,-0.022979,0.678485,0.593596,-0.030764,0.654826,0.510250,-0.039551,0.644809,0.470534,-0.041448,0.635017,0.439862,-0.041725,0.657091,0.621095,-0.030207,0.623699,0.546305,-0.038715,0.607487,0.507489,-0.040169,0.591144,0.480046,-0.041411,0.638532,0.645662,-0.027571,0.606818,0.573840,-0.034336,0.618602,0.573561,-0.030908,0.627300,0.588904,-0.027418,0.626916,0.662928,-0.024768,0.618127,0.608654,-0.028647,0.630189,0.608126,-0.025192,0.637957,0.620962,-0.021704
1780504234.341,right,victory,0.689861,0.713410,0.000000,0.697479,0.651970,-0.005758,0.676792,0.595653,-0.013298,0.645057,0.575580,-0.018572,0.619980,0.575638,-0.023707,0.678596,0.593398,-0.032121,0.655289,0.510089,-0.041233,0.645126,0.470036,-0.043072,0.635482,0.439313,-0.043176,0.657438,0.621342,-0.031663,0.623721,0.546160,-0.040591,0.606883,0.506136,-0.041971,0.590662,0.478428,-0.043036,0.638877,0.645970,-0.028993,0.607507,0.574001,-0.036014,0.619150,0.572867,-0.032385,0.628106,0.587915,-0.028599,0.627106,0.662802,-0.026087,0.617293,0.607046,-0.029790,0.629267,0.606235,-0.025825,0.637294,0.619257,-0.021898
1780504234.454,right,victory,0.690216,0.712254,0.000000,0.697457,0.650631,-0.004270,0.677437,0.595686,-0.011343,0.646787,0.576062,-0.016493,0.622307,0.575383,-0.021651,0.678697,0.591155,-0.030805,0.655053,0.508539,-0.039700,0.645144,0.468807,-0.041574,0.635689,0.438258,-0.041670,0.657621,0.619275,-0.031004,0.624055,0.544541,-0.039423,0.607594,0.505091,-0.040643,0.591613,0.477947,-0.041669,0.639011,0.644575,-0.028914,0.607039,0.572935,-0.035344,0.618376,0.571532,-0.031662,0.627251,0.586535,-0.028016,0.627147,0.662240,-0.026485,0.617727,0.606591,-0.029728,0.629532,0.605534,-0.025586,0.637473,0.618018,-0.021607
1780504234.570,right,victory,0.690255,0.712234,0.000000,0.697609,0.650401,-0.004505,0.677499,0.595465,-0.011788,0.646624,0.576002,-0.017178,0.622108,0.574684,-0.022542,0.679116,0.592035,-0.031412,0.655622,0.509642,-0.041167,0.645327,0.469359,-0.043554,0.635764,0.438346,-0.043935,0.658081,0.620014,-0.031742,0.623987,0.544830,-0.040949,0.606704,0.505016,-0.042465,0.590434,0.477805,-0.043562,0.639530,0.645230,-0.029807,0.608592,0.573206,-0.036709,0.620180,0.572582,-0.032519,0.628994,0.587476,-0.028326,0.627681,0.662904,-0.027597,0.618204,0.607924,-0.031002,0.629845,0.607088,-0.026485,0.637429,0.619561,-0.022114
1780504234.659,right,victory,0.689747,0.713390,0.000000,0.697738,0.652542,-0.005179,0.678385,0.597399,-0.012475,0.647963,0.576729,-0.017751,0.623627,0.575564,-0.022909,0.678848,0.593089,-0.031181,0.655487,0.510393,-0.040665,0.645401,0.469952,-0.042826,0.636012,0.438625,-0.042974,0.657109,0.620635,-0.030943,0.623877,0.545970,-0.040114,0.607199,0.505448,-0.041501,0.591212,0.477637,-0.042305,0.638262,0.645311,-0.028530,0.608651,0.573304,-0.035573,0.620356,0.572756,-0.031672,0.629055,0.588406,-0.027474,0.626487,0.662193,-0.025899,0.618623,0.606961,-0.029451,0.630326,0.605857,-0.025279,0.637831,0.618493,-0.021009
1780504234.751,right,victory,0.689761,0.714110,0.000000,0.698017,0.652704,-0.005437,0.679560,0.596867,-0.012598,0.650251,0.575188,-0.017633,0.626467,0.574733,-0.022558,0.678113,0.593220,-0.031117,0.654517,0.510389,-0.039966,0.644652,0.470341,-0.041860,0.635260,0.439388,-0.041953,0.656190,0.621234,-0.030635,0.623288,0.547304,-0.039544,0.607137,0.506542,-0.041249,0.591502,0.478855,-0.042370,0.637690,0.646142,-0.027937,0.607356,0.573991,-0.034769,0.618872,0.570664,-0.031694,0.627868,0.584913,-0.028258,0.626476,0.662946,-0.025011,0.617897,0.606823,-0.028725,0.629785,0.604560,-0.025128,0.637990,0.616945,-0.021363
1780504234.874,right,victory,0.689332,0.714400,0.000000,0.697206,0.653146,-0.006399,0.676801,0.597225,-0.014068,0.645558,0.576457,-0.019302,0.620954,0.574427,-0.024265,0.678820,0.594571,-0.032784,0.654686,0.509986,-0.041994,0.644555,0.470031,-0.043920,0.634791,0.439300,-0.044131,0.657202,0.622549,-0.031924,0.623397,0.547168,-0.041292,0.606873,0.506886,-0.043201,0.590781,0.478898,-0.044609,0.638307,0.646918,-0.028869,0.606815,0.573815,-0.036236,0.618307,0.571104,-0.033457,0.627075,0.585540,-0.030328,0.626250,0.663119,-0.025617,0.618391,0.607501,-0.029989,0.630550,0.605851,-0.027086,0.638522,0.618273,-0.023929
1780504235.110,right,victory,0.690070,0.714692,0.000000,0.697487,0.652741,-0.005273,0.677221,0.596839,-0.012272,0.646502,0.575868,-0.017103,0.622180,0.574308,-0.021771,0.678319,0.593156,-0.030793,0.654343,0.510512,-0.039854,0.644258,0.470528,-0.042003,0.634572,0.439422,-0.042366,0.656770,0.621648,-0.030464,0.623051,0.546762,-0.039490,0.606583,0.506493,-0.041487,0.591012,0.479484,-0.042932,0.638184,0.646643,-0.027981,0.607073,0.573962,-0.035330,0.618052,0.570409,-0.033098,0.626814,0.584736,-0.030212,0.626542,0.663191,-0.025188,0.618415,0.607651,-0.029490,0.630431,0.605562,-0.026778,0.638719,0.617979,-0.023683
1780504235.310,right,victory,0.689098,0.714422,0.000000,0.696629,0.652485,-0.006082,0.675907,0.596468,-0.013632,0.644312,0.576230,-0.018779,0.619667,0.574114,-0.023726,0.678130,0.595316,-0.032899,0.654353,0.511210,-0.042120,0.644242,0.470891,-0.044087,0.634445,0.439655,-0.044356,0.656493,0.623163,-0.032108,0.622996,0.547870,-0.041367,0.606463,0.507510,-0.043233,0.590348,0.479767,-0.044672,0.637607,0.647101,-0.029039,0.606808,0.573940,-0.035942,0.618304,0.570969,-0.032908,0.626808,0.585166,-0.029733,0.625703,0.662761,-0.025776,0.618085,0.606982,-0.029516,0.630101,0.605155,-0.026367,0.637804,0.617545,-0.023181
1780504235.473,right,victory,0.688731,0.714568,0.000000,0.696040,0.652801,-0.006115,0.676482,0.597126,-0.013709,0.645720,0.576324,-0.018947,0.621307,0.574911,-0.023933,0.677232,0.593943,-0.031965,0.653610,0.510506,-0.041218,0.643616,0.470449,-0.043542,0.634113,0.439076,-0.044025,0.655624,0.622664,-0.031174,0.622651,0.548933,-0.040587,0.606245,0.508073,-0.042865,0.590809,0.480236,-0.044508,0.637009,0.647610,-0.028196,0.606361,0.575318,-0.035324,0.617212,0.570819,-0.032739,0.625853,0.584375,-0.029754,0.625172,0.663934,-0.025017,0.616996,0.608128,-0.028960,0.628613,0.605219,-0.025878,0.636578,0.616822,-0.022589
1780504235.708,right,victory,0.688337,0.713910,0.000000,0.695949,0.650881,-0.005650,0.676322,0.595077,-0.013441,0.645770,0.574319,-0.018967,0.621151,0.573373,-0.024294,0.677486,0.594427,-0.033034,0.653668,0.510958,-0.042938,0.643284,0.470547,-0.045369,0.633645,0.439112,-0.045764,0.656024,0.624157,-0.032732,0.621985,0.549116,-0.042368,0.605085,0.508033,-0.044086,0.589492,0.480855,-0.045280,0.637236,0.649771,-0.030218,0.605955,0.575542,-0.037774,0.617287,0.570666,-0.034621,0.626577,0.584337,-0.031064,0.625224,0.666308,-0.027430,0.616015,0.608942,-0.031526,0.627684,0.606005,-0.027929,0.635797,0.617903,-0.024171
1780504235.843,right,victory,0.688898,0.713557,0.000000,0.697189,0.651100,-0.005443,0.677044,0.595100,-0.012965,0.646423,0.575110,-0.018093,0.622626,0.572569,-0.023008,0.678277,0.595983,-0.034316,0.653762,0.511019,-0.043416,0.643654,0.471230,-0.044887,0.633903,0.440181,-0.044750,0.656829,0.624355,-0.033692,0.622857,0.548004,-0.042582,0.606197,0.508451,-0.043737,0.589597,0.480758,-0.044799,0.637877,0.648503,-0.030582,0.606176,0.574481,-0.036971,0.618359,0.573720,-0.032875,0.627496,0.589292,-0.029111,0.625963,0.664577,-0.027229,0.617522,0.608695,-0.030602,0.629980,0.607441,-0.026694,0.637968,0.619892,-0.022963
1780504236.021,right,victory,0.689435,0.712708,0.000000,0.696911,0.652508,-0.006000,0.676311,0.597574,-0.014200,0.644958,0.578010,-0.019974,0.620546,0.575600,-0.025503,0.680156,0.595443,-0.035342,0.655163,0.510448,-0.044890,0.645018,0.470836,-0.046429,0.635327,0.440226,-0.046298,0.659030,0.621997,-0.034721,0.624008,0.545640,-0.043995,0.607129,0.506972,-0.044966,0.590110,0.478505,-0.045916,0.639832,0.645119,-0.031627,0.607508,0.573276,-0.037617,0.619965,0.575031,-0.032115,0.628873,0.590714,-0.027567,0.627247,0.661571,-0.028485,0.617812,0.607093,-0.031186,0.630023,0.606661,-0.026263,0.637443,0.618599,-0.021976
1780504236.297,right,victory,0.690624,0.712966,0.000000,0.697899,0.650974,-0.004376,0.677912,0.595340,-0.011517,0.647188,0.575828,-0.016791,0.622311,0.576161,-0.022153,0.678342,0.591335,-0.030642,0.655231,0.509119,-0.040041,0.645020,0.469501,-0.042345,0.635392,0.438676,-0.042631,0.657102,0.620025,-0.030932,0.624071,0.545814,-0.039878,0.607160,0.506019,-0.041375,0.591216,0.479656,-0.042362,0.638865,0.645724,-0.029006,0.608534,0.575028,-0.035892,0.620293,0.572890,-0.032217,0.629489,0.587325,-0.028267,0.627521,0.663348,-0.026752,0.617859,0.607728,-0.030116,0.629587,0.606447,-0.025692,0.637595,0.618649,-0.021314
1780504236.515,right,victory,0.689308,0.712664,0.000000,0.696789,0.650384,-0.005472,0.677370,0.594731,-0.012975,0.647526,0.572664,-0.018299,0.623386,0.570869,-0.023523,0.678765,0.593356,-0.032634,0.655247,0.510973,-0.042337,0.645134,0.470548,-0.044783,0.635565,0.439399,-0.045214,0.657505,0.621949,-0.032313,0.623902,0.547804,-0.041609,0.607513,0.507208,-0.043223,0.591913,0.479937,-0.044458,0.638806,0.646798,-0.029754,0.607505,0.573720,-0.036751,0.618797,0.569667,-0.033286,0.627899,0.583583,-0.029715,0.626748,0.663415,-0.026979,0.617254,0.606528,-0.030699,0.628889,0.603234,-0.026993,0.637089,0.614962,-0.023279
1780504237.022,right,victory,0.690779,0.711476,0.000000,0.697805,0.650855,-0.006578,0.675687,0.594502,-0.014522,0.643228,0.575775,-0.019997,0.618066,0.574080,-0.025232,0.679457,0.592940,-0.033599,0.655514,0.508998,-0.042728,0.645579,0.469936,-0.044502,0.635907,0.439048,-0.044731,0.658354,0.620576,-0.032746,0.625009,0.545976,-0.041876,0.608347,0.507227,-0.043594,0.591344,0.478054,-0.045170,0.639468,0.644413,-0.029633,0.608256,0.572004,-0.036450,0.620406,0.573435,-0.032526,0.629017,0.589214,-0.028888,0.627173,0.660855,-0.026404,0.618758,0.605859,-0.030119,0.631294,0.605812,-0.026368,0.638951,0.618323,-0.022841
1780504237.179,right,victory,0.690330,0.712242,0.000000,0.698083,0.650600,-0.006145,0.677682,0.595465,-0.013660,0.646959,0.574167,-0.018839,0.622824,0.570531,-0.023730,0.680068,0.593156,-0.032587,0.656025,0.509021,-0.041696,0.645881,0.469762,-0.043384,0.636060,0.439546,-0.043295,0.658600,0.620326,-0.031794,0.625101,0.544177,-0.040797,0.608519,0.505022,-0.042009,0.591985,0.477173,-0.042888,0.639419,0.643971,-0.028805,0.608081,0.571207,-0.035694,0.619908,0.571987,-0.031562,0.628958,0.588120,-0.027479,0.626848,0.660331,-0.025704,0.618476,0.604868,-0.029542,0.630821,0.604529,-0.025652,0.639046,0.617193,-0.021713
1780504237.351,right,victory,0.692036,0.713659,0.000000,0.699724,0.651044,-0.002846,0.681965,0.597028,-0.009355,0.653574,0.576104,-0.014342,0.630340,0.574862,-0.019504,0.680260,0.590782,-0.029159,0.656309,0.509208,-0.038466,0.645772,0.468771,-0.040791,0.636002,0.437754,-0.040935,0.658744,0.618556,-0.030016,0.624773,0.543635,-0.038386,0.607799,0.503929,-0.039494,0.591878,0.477915,-0.040115,0.640198,0.644086,-0.028565,0.608576,0.573824,-0.034935,0.619726,0.571692,-0.031175,0.629167,0.586608,-0.027143,0.628801,0.662414,-0.026690,0.618544,0.607194,-0.029776,0.629990,0.605686,-0.025225,0.638410,0.617795,-0.020623
1780504237.457,right,victory,0.690601,0.713948,0.000000,0.699703,0.650692,-0.005217,0.681167,0.594573,-0.012493,0.651600,0.573799,-0.017620,0.627610,0.574112,-0.022706,0.678689,0.592756,-0.032173,0.654907,0.509148,-0.041456,0.644509,0.468903,-0.043264,0.634790,0.437810,-0.043065,0.656723,0.621464,-0.031747,0.623642,0.545446,-0.040655,0.607316,0.504691,-0.041593,0.592070,0.478353,-0.042003,0.638148,0.646527,-0.029062,0.607709,0.573734,-0.035843,0.619297,0.570123,-0.032020,0.628673,0.584134,-0.027918,0.626800,0.663190,-0.026103,0.616830,0.605452,-0.029449,0.628620,0.602822,-0.025034,0.636901,0.614919,-0.020581
1780504237.561,right,victory,0.690078,0.713188,0.000000,0.697738,0.651155,-0.005398,0.677297,0.595326,-0.012603,0.646670,0.575097,-0.017523,0.622436,0.573537,-0.022358,0.678415,0.592428,-0.032161,0.654020,0.509450,-0.040959,0.643976,0.469908,-0.042623,0.634264,0.439499,-0.042602,0.656967,0.621010,-0.031553,0.623385,0.546605,-0.039997,0.607275,0.506865,-0.041117,0.591259,0.479385,-0.042096,0.638228,0.646050,-0.028672,0.606194,0.574174,-0.035010,0.617987,0.572077,-0.031364,0.627045,0.586713,-0.027816,0.626510,0.663185,-0.025552,0.616995,0.607154,-0.029006,0.629184,0.605326,-0.025234,0.637375,0.617814,-0.021540
1780504237.693,right,victory,0.689297,0.712735,0.000000,0.696737,0.650149,-0.004867,0.676732,0.595141,-0.012085,0.646472,0.575511,-0.017302,0.622077,0.575798,-0.022452,0.677576,0.592307,-0.031132,0.654163,0.509123,-0.040317,0.643885,0.469088,-0.042410,0.634056,0.438100,-0.042690,0.656317,0.621190,-0.031124,0.623082,0.546515,-0.040107,0.606599,0.506752,-0.041581,0.590714,0.479798,-0.042669,0.637708,0.646493,-0.028918,0.606776,0.574121,-0.036064,0.618420,0.572149,-0.032826,0.627457,0.586681,-0.029312,0.625950,0.663562,-0.026415,0.617644,0.608154,-0.030355,0.629681,0.607259,-0.026772,0.637771,0.620048,-0.023089
1780504237.814,right,victory,0.689286,0.711455,0.000000,0.697382,0.649445,-0.004971,0.678143,0.593898,-0.012433,0.648521,0.574158,-0.017872,0.624572,0.574062,-0.023273,0.678354,0.592096,-0.032596,0.654056,0.508966,-0.041895,0.643792,0.469225,-0.043778,0.634209,0.438535,-0.043872,0.657061,0.620703,-0.032649,0.623444,0.546144,-0.041659,0.606823,0.506651,-0.042971,0.590522,0.478986,-0.044027,0.638320,0.646106,-0.030359,0.606959,0.573921,-0.037290,0.619296,0.573581,-0.033113,0.628626,0.588807,-0.029057,0.626578,0.663808,-0.027806,0.617448,0.607485,-0.031587,0.629877,0.606230,-0.027229,0.638041,0.618794,-0.023003
1780504237.930,right,victory,0.689605,0.710728,0.000000,0.696655,0.649246,-0.004673,0.676575,0.594093,-0.011889,0.646375,0.575193,-0.017231,0.622004,0.574924,-0.022485,0.678325,0.589592,-0.030552,0.654699,0.507012,-0.039615,0.644589,0.467595,-0.041695,0.634917,0.437218,-0.042013,0.657594,0.618157,-0.030845,0.624034,0.543874,-0.039701,0.607118,0.504882,-0.041475,0.590478,0.477304,-0.042942,0.638958,0.643719,-0.028967,0.607115,0.572706,-0.036179,0.618482,0.572343,-0.033026,0.627301,0.587336,-0.029637,0.626851,0.661660,-0.026770,0.618065,0.606467,-0.030746,0.630118,0.605695,-0.027103,0.638045,0.618064,-0.023465
1780504238.027,right,victory,0.690424,0.710612,0.000000,0.697627,0.649219,-0.005662,0.677114,0.593404,-0.013170,0.646459,0.573279,-0.018531,0.622113,0.569561,-0.023637,0.679358,0.590733,-0.031708,0.654982,0.508318,-0.040921,0.645098,0.468693,-0.042958,0.635408,0.437741,-0.043287,0.658336,0.619373,-0.031575,0.624326,0.543959,-0.040712,0.607932,0.504720,-0.042433,0.591655,0.477139,-0.043858,0.639601,0.644324,-0.029324,0.606957,0.571344,-0.036901,0.618788,0.571138,-0.033646,0.627894,0.586720,-0.030156,0.627581,0.661258,-0.026837,0.618793,0.605178,-0.031317,0.631416,0.603684,-0.028009,0.639785,0.615808,-0.024573
1780504238.160,right,victory,0.690642,0.711119,0.000000,0.697739,0.650278,-0.005067,0.677372,0.594896,-0.012413,0.646194,0.575080,-0.017851,0.621486,0.573285,-0.023198,0.679460,0.590008,-0.030562,0.655494,0.508570,-0.040407,0.645263,0.468759,-0.042991,0.635522,0.437577,-0.043477,0.658158,0.617647,-0.030732,0.624465,0.542901,-0.039954,0.607442,0.503810,-0.041462,0.590730,0.476356,-0.042425,0.639464,0.642801,-0.028823,0.608758,0.572607,-0.036161,0.621232,0.573919,-0.031931,0.630341,0.589731,-0.027474,0.627546,0.660980,-0.026731,0.618696,0.606663,-0.030547,0.630788,0.606460,-0.026053,0.638395,0.618960,-0.021550
1780504238.365,right,victory,0.690430,0.710169,0.000000,0.697555,0.649052,-0.004646,0.677423,0.593796,-0.011873,0.646289,0.574997,-0.017246,0.621358,0.574802,-0.022588,0.679127,0.588992,-0.030091,0.655432,0.506805,-0.039535,0.645149,0.467283,-0.041854,0.635374,0.436600,-0.042207,0.658066,0.617276,-0.030382,0.624590,0.542489,-0.039323,0.607731,0.503674,-0.040788,0.591399,0.476902,-0.041796,0.639571,0.642883,-0.028563,0.607954,0.572704,-0.035757,0.619686,0.572938,-0.031918,0.628733,0.588261,-0.027815,0.627771,0.661104,-0.026459,0.618284,0.607040,-0.030159,0.630172,0.606486,-0.025834,0.638094,0.618660,-0.021527
1780504238.440,right,victory,0.689952,0.711890,0.000000,0.697690,0.648916,-0.004161,0.678030,0.593107,-0.011326,0.647436,0.573128,-0.016582,0.623055,0.572389,-0.021825,0.678972,0.591140,-0.031198,0.655328,0.509060,-0.040931,0.644838,0.468522,-0.043485,0.635222,0.437108,-0.043979,0.658034,0.620366,-0.031688,0.624640,0.545449,-0.040852,0.607641,0.504698,-0.042419,0.591837,0.477940,-0.043587,0.639624,0.646080,-0.029901,0.608767,0.573444,-0.036761,0.619921,0.570336,-0.032805,0.628878,0.584871,-0.028796,0.627851,0.663692,-0.027790,0.617883,0.606757,-0.031030,0.629320,0.603921,-0.026523,0.637094,0.615718,-0.022207
1780504238.526,right,victory,0.689194,0.710283,0.000000,0.696354,0.650633,-0.004623,0.677066,0.595854,-0.012084,0.646137,0.576138,-0.017728,0.621405,0.574467,-0.023371,0.679351,0.588899,-0.030662,0.655114,0.507169,-0.040514,0.644614,0.467329,-0.043004,0.634754,0.436584,-0.043441,0.658357,0.616977,-0.031103,0.624846,0.542813,-0.040472,0.607552,0.504495,-0.042133,0.590976,0.478039,-0.043232,0.639713,0.642481,-0.029394,0.608133,0.573720,-0.036956,0.619304,0.574480,-0.033102,0.627943,0.589861,-0.028938,0.627427,0.661241,-0.027396,0.618168,0.608655,-0.031494,0.629929,0.608547,-0.027261,0.637722,0.620726,-0.022940
1780504238.622,right,victory,0.690618,0.709850,0.000000,0.696819,0.647214,-0.003878,0.676876,0.592556,-0.011287,0.645799,0.575020,-0.017110,0.620775,0.576340,-0.023038,0.678477,0.589161,-0.029797,0.655344,0.509519,-0.040011,0.645010,0.469209,-0.043320,0.635459,0.437840,-0.044537,0.657839,0.617971,-0.031003,0.625254,0.544671,-0.040900,0.608257,0.504969,-0.043456,0.592152,0.478421,-0.045382,0.639704,0.643891,-0.030067,0.607931,0.572240,-0.038224,0.618835,0.569479,-0.035169,0.627640,0.583315,-0.031636,0.628062,0.662434,-0.028735,0.618217,0.606542,-0.033313,0.630365,0.603651,-0.029541,0.638821,0.614695,-0.025695
1780504238.716,right,victory,0.690104,0.709861,0.000000,0.697238,0.648712,-0.005692,0.675814,0.593602,-0.013426,0.644283,0.575658,-0.018971,0.619738,0.574524,-0.024450,0.679937,0.590178,-0.033192,0.655543,0.507427,-0.042904,0.645000,0.468160,-0.045061,0.635261,0.437508,-0.045377,0.659197,0.618106,-0.032937,0.625292,0.543785,-0.042331,0.608032,0.504543,-0.043939,0.590950,0.475778,-0.045309,0.640486,0.642787,-0.030425,0.608341,0.571863,-0.037486,0.620178,0.573086,-0.033244,0.629179,0.588639,-0.029207,0.628017,0.660431,-0.027743,0.618106,0.605473,-0.031546,0.630131,0.604585,-0.027375,0.638042,0.616581,-0.023411
1780504238.821,right,victory,0.690769,0.710046,0.000000,0.697976,0.647534,-0.003683,0.678358,0.592899,-0.010585,0.647867,0.575075,-0.015822,0.623197,0.575882,-0.021112,0.679011,0.588172,-0.029397,0.655786,0.508361,-0.038641,0.645512,0.468262,-0.041201,0.635626,0.437084,-0.041929,0.658161,0.617036,-0.030187,0.625121,0.543609,-0.039156,0.608449,0.503994,-0.041125,0.592548,0.477593,-0.042672,0.639924,0.642857,-0.028766,0.608096,0.572363,-0.036087,0.619090,0.569770,-0.033236,0.628056,0.584036,-0.029953,0.628359,0.660843,-0.026921,0.619289,0.606316,-0.030843,0.631460,0.604002,-0.027321,0.640046,0.615375,-0.023711
1780504238.927,right,victory,0.690854,0.708892,0.000000,0.696930,0.647793,-0.005463,0.674517,0.593099,-0.012971,0.642236,0.574552,-0.018438,0.617330,0.571638,-0.023682,0.679728,0.590546,-0.031461,0.656059,0.508413,-0.041108,0.645941,0.468543,-0.043441,0.636214,0.437418,-0.043946,0.659061,0.618256,-0.031392,0.625318,0.543141,-0.040813,0.608349,0.503853,-0.042561,0.591623,0.475987,-0.043961,0.640269,0.642723,-0.029198,0.608076,0.571240,-0.036550,0.619912,0.572397,-0.032559,0.628813,0.587901,-0.028535,0.627927,0.659904,-0.026813,0.618686,0.605397,-0.030676,0.630720,0.605298,-0.026748,0.638483,0.617602,-0.022944
1780504239.036,right,victory,0.690338,0.709272,0.000000,0.697913,0.647333,-0.005332,0.678324,0.592798,-0.012794,0.648208,0.571960,-0.018137,0.624157,0.569469,-0.023327,0.679796,0.590047,-0.032204,0.656633,0.508060,-0.041866,0.646071,0.467533,-0.044237,0.636045,0.436183,-0.044634,0.658579,0.618355,-0.031962,0.625105,0.544428,-0.041321,0.608375,0.503654,-0.042834,0.592616,0.476081,-0.043918,0.639854,0.643166,-0.029520,0.608014,0.571566,-0.036928,0.619303,0.568628,-0.033564,0.628875,0.583000,-0.029845,0.627780,0.659887,-0.026807,0.618178,0.604018,-0.030982,0.630166,0.601324,-0.027444,0.638955,0.612839,-0.023678
1780504239.150,right,victory,0.690571,0.709072,0.000000,0.698168,0.647324,-0.004282,0.680185,0.592775,-0.011439,0.651403,0.572277,-0.016885,0.627720,0.572708,-0.022361,0.679779,0.589059,-0.030154,0.656483,0.508269,-0.039935,0.645882,0.467746,-0.042665,0.636247,0.436292,-0.043256,0.658720,0.617362,-0.030696,0.625578,0.543894,-0.039771,0.609006,0.503622,-0.041200,0.593594,0.476481,-0.042184,0.640255,0.642973,-0.029131,0.608742,0.571694,-0.036491,0.619775,0.569671,-0.032845,0.629294,0.584653,-0.028837,0.628374,0.661167,-0.027264,0.617926,0.605194,-0.031293,0.629364,0.602622,-0.027232,0.637816,0.614252,-0.023021
1780504239.278,right,victory,0.690456,0.709276,0.000000,0.697916,0.648269,-0.004597,0.679545,0.593006,-0.011901,0.650335,0.572098,-0.017391,0.626305,0.571444,-0.022895,0.679714,0.587948,-0.030527,0.656236,0.506760,-0.040293,0.645773,0.466941,-0.042994,0.636191,0.436104,-0.043555,0.658723,0.616524,-0.030914,0.625309,0.543226,-0.040181,0.608663,0.503213,-0.041858,0.593171,0.475860,-0.043013,0.640241,0.642274,-0.029194,0.608500,0.570846,-0.036733,0.619623,0.568992,-0.033370,0.629009,0.583733,-0.029560,0.628355,0.660461,-0.027160,0.618062,0.604186,-0.031368,0.629651,0.602147,-0.027453,0.638087,0.613890,-0.023342
1780504239.474,right,victory,0.691134,0.709499,0.000000,0.698235,0.648063,-0.003838,0.678725,0.592583,-0.010884,0.648045,0.574770,-0.016261,0.623444,0.575246,-0.021747,0.679222,0.587660,-0.029913,0.655916,0.506782,-0.039450,0.645566,0.467087,-0.041993,0.635692,0.436272,-0.042583,0.658343,0.616069,-0.030708,0.625556,0.542089,-0.039714,0.608779,0.502689,-0.041373,0.592659,0.476259,-0.042611,0.640024,0.641942,-0.029308,0.608828,0.571993,-0.036323,0.620793,0.571316,-0.032526,0.630024,0.586036,-0.028575,0.628516,0.660553,-0.027556,0.618811,0.606125,-0.031112,0.630669,0.605260,-0.026736,0.638567,0.617373,-0.022474
1780504239.575,right,victory,0.690304,0.709887,0.000000,0.697511,0.648654,-0.004652,0.677051,0.592787,-0.011831,0.646101,0.572638,-0.017084,0.621654,0.569766,-0.022290,0.679809,0.588981,-0.030992,0.655546,0.506163,-0.040313,0.645262,0.466553,-0.042261,0.635626,0.436048,-0.042253,0.658719,0.617047,-0.031161,0.624929,0.541417,-0.039826,0.608024,0.502187,-0.040857,0.591851,0.475367,-0.041615,0.639936,0.642086,-0.029163,0.608523,0.571078,-0.035855,0.620447,0.571731,-0.031700,0.629668,0.587652,-0.027531,0.627954,0.660030,-0.026905,0.618458,0.604483,-0.030193,0.630336,0.604114,-0.025795,0.638089,0.616897,-0.021547
1780504239.724,right,victory,0.689931,0.709740,0.000000,0.696900,0.647522,-0.005068,0.676504,0.591741,-0.012730,0.644943,0.572911,-0.018489,0.619971,0.572276,-0.024149,0.678633,0.591163,-0.031373,0.655209,0.509016,-0.041382,0.644906,0.468347,-0.044087,0.635273,0.436575,-0.044819,0.658025,0.620267,-0.031838,0.625241,0.545108,-0.041922,0.608239,0.504821,-0.044122,0.592128,0.477822,-0.045639,0.639625,0.645647,-0.030146,0.608909,0.572570,-0.038341,0.620218,0.571263,-0.034713,0.628869,0.585940,-0.030640,0.627629,0.662810,-0.028160,0.618572,0.606812,-0.032383,0.630271,0.605442,-0.028247,0.637818,0.617814,-0.024114
1780504239.831,right,victory,0.689502,0.709472,0.000000,0.696516,0.648969,-0.004955,0.676551,0.594806,-0.012006,0.646317,0.575336,-0.017111,0.622223,0.573967,-0.022089,0.678675,0.589738,-0.030199,0.654742,0.508015,-0.039162,0.644564,0.468406,-0.041419,0.634787,0.437436,-0.042018,0.657840,0.618237,-0.030259,0.624160,0.544808,-0.039321,0.607693,0.504712,-0.041571,0.591612,0.476099,-0.043390,0.639388,0.643924,-0.028152,0.606581,0.572587,-0.035825,0.617305,0.571089,-0.033360,0.625891,0.586146,-0.030376,0.627405,0.661886,-0.025715,0.619015,0.607161,-0.030565,0.631207,0.604604,-0.027867,0.639574,0.616015,-0.024803
1780504239.963,right,victory,0.689125,0.709076,0.000000,0.695494,0.648953,-0.005586,0.674377,0.593002,-0.013518,0.642313,0.574466,-0.019404,0.617177,0.572461,-0.025289,0.678410,0.588754,-0.032414,0.654525,0.507972,-0.042252,0.644231,0.468511,-0.044916,0.634565,0.437477,-0.045736,0.658056,0.617485,-0.032606,0.624619,0.545089,-0.042208,0.607354,0.505967,-0.044379,0.590753,0.478314,-0.046272,0.639841,0.643275,-0.030585,0.608484,0.572914,-0.037909,0.620206,0.573138,-0.033749,0.628989,0.588291,-0.029766,0.627833,0.661829,-0.028379,0.617433,0.606404,-0.032244,0.629380,0.605042,-0.027806,0.637218,0.617456,-0.023678
1780504240.126,right,victory,0.690529,0.709225,0.000000,0.697039,0.647280,-0.004101,0.676684,0.591950,-0.011366,0.645903,0.572742,-0.016853,0.621035,0.571815,-0.022448,0.678518,0.586861,-0.030712,0.654896,0.507122,-0.040202,0.644419,0.467912,-0.042783,0.634466,0.437431,-0.043478,0.657944,0.616321,-0.031471,0.624364,0.544132,-0.040643,0.607087,0.504556,-0.042686,0.591033,0.478009,-0.044380,0.639721,0.643079,-0.029976,0.607693,0.573126,-0.037203,0.618701,0.570672,-0.033941,0.627839,0.584998,-0.030491,0.627980,0.662109,-0.028095,0.617522,0.606915,-0.031967,0.629247,0.604198,-0.028012,0.637640,0.615401,-0.024133
1780504240.287,right,victory,0.690405,0.709779,0.000000,0.697555,0.648583,-0.004299,0.676225,0.592764,-0.011496,0.644310,0.574523,-0.016816,0.619114,0.573637,-0.022266,0.678826,0.587533,-0.031272,0.654671,0.505621,-0.040594,0.644462,0.466565,-0.042785,0.634485,0.436134,-0.043160,0.658059,0.615840,-0.031654,0.624327,0.541758,-0.040283,0.607431,0.503348,-0.041721,0.590680,0.476554,-0.042996,0.639464,0.641865,-0.029706,0.607865,0.572716,-0.036158,0.620173,0.573998,-0.031732,0.629007,0.589709,-0.027601,0.627499,0.661028,-0.027460,0.617664,0.607023,-0.030625,0.629686,0.607522,-0.025823,0.637154,0.620584,-0.021398
1780504240.507,right,victory,0.690501,0.709943,0.000000,0.697340,0.646823,-0.003286,0.677658,0.592553,-0.010440,0.647082,0.574235,-0.015995,0.622651,0.572982,-0.021696,0.679302,0.588146,-0.030660,0.655641,0.507854,-0.040604,0.645050,0.467321,-0.043461,0.635231,0.435980,-0.044246,0.659004,0.616946,-0.031812,0.625163,0.543677,-0.040968,0.607849,0.503929,-0.042652,0.591629,0.477422,-0.044099,0.640722,0.642969,-0.030661,0.608071,0.572248,-0.037647,0.619001,0.570236,-0.033680,0.628072,0.584837,-0.029765,0.628877,0.661680,-0.029104,0.618028,0.606209,-0.032500,0.629556,0.604033,-0.027964,0.637604,0.616017,-0.023698
1780504240.649,right,victory,0.689836,0.708047,0.000000,0.696434,0.646512,-0.004982,0.676546,0.591087,-0.012820,0.645222,0.572450,-0.018797,0.620034,0.572308,-0.024688,0.678658,0.588809,-0.031538,0.655387,0.507308,-0.041404,0.645147,0.467833,-0.044075,0.635402,0.436896,-0.044836,0.657678,0.617914,-0.032031,0.625278,0.544416,-0.041725,0.608557,0.504837,-0.043733,0.592128,0.477445,-0.045340,0.639170,0.643518,-0.030348,0.608004,0.571457,-0.037932,0.619863,0.570220,-0.034044,0.628798,0.584898,-0.030085,0.627318,0.661191,-0.028422,0.617816,0.604077,-0.032323,0.629867,0.601630,-0.028095,0.637762,0.613051,-0.024042
1780504240.790,right,victory,0.690067,0.709373,0.000000,0.697151,0.648875,-0.005089,0.676397,0.593879,-0.012419,0.645633,0.574097,-0.017740,0.621522,0.571834,-0.022993,0.679310,0.589999,-0.031920,0.655535,0.507891,-0.041406,0.645212,0.468381,-0.043766,0.635490,0.437278,-0.044298,0.658502,0.617716,-0.031955,0.625151,0.544590,-0.040836,0.608308,0.505328,-0.042367,0.591729,0.476748,-0.043791,0.639901,0.642958,-0.029706,0.608911,0.571901,-0.036084,0.620984,0.573580,-0.031164,0.629812,0.589846,-0.026814,0.627828,0.661540,-0.027331,0.618106,0.607303,-0.030577,0.629833,0.606450,-0.025784,0.637269,0.618632,-0.021401
1780504240.927,right,victory,0.690289,0.708897,0.000000,0.697129,0.647485,-0.004061,0.677423,0.592128,-0.011263,0.646873,0.573524,-0.016719,0.622346,0.572937,-0.022194,0.679136,0.587754,-0.030385,0.655414,0.506125,-0.039758,0.645118,0.466645,-0.042084,0.635491,0.436141,-0.042558,0.658414,0.616496,-0.031094,0.625104,0.542882,-0.039961,0.608392,0.504088,-0.041568,0.592161,0.477304,-0.042936,0.640045,0.642384,-0.029591,0.607724,0.571226,-0.036650,0.619358,0.569985,-0.032986,0.628550,0.584676,-0.029267,0.628227,0.660978,-0.027732,0.618189,0.605255,-0.031559,0.630152,0.603449,-0.027481,0.638256,0.615205,-0.023497
1780504241.103,right,victory,0.690497,0.708472,0.000000,0.697721,0.647757,-0.004982,0.676507,0.591765,-0.012317,0.644723,0.573683,-0.017639,0.619870,0.571111,-0.022857,0.679584,0.588450,-0.031331,0.655457,0.506163,-0.040541,0.645407,0.466720,-0.042578,0.635622,0.436049,-0.042963,0.658782,0.616865,-0.031552,0.625394,0.541937,-0.040395,0.609178,0.503039,-0.041788,0.592862,0.475484,-0.043096,0.640197,0.642079,-0.029604,0.607570,0.569714,-0.036700,0.619819,0.570469,-0.032641,0.628787,0.586023,-0.028729,0.628377,0.660013,-0.027391,0.618833,0.604537,-0.031377,0.631323,0.603669,-0.027348,0.639198,0.615844,-0.023495
1780504241.351,right,victory,0.690719,0.708645,0.000000,0.698411,0.647075,-0.004398,0.678323,0.591570,-0.011627,0.647734,0.572305,-0.016988,0.623191,0.570678,-0.022405,0.680131,0.587623,-0.031351,0.655932,0.505989,-0.040886,0.645479,0.466515,-0.043115,0.635567,0.435926,-0.043389,0.659249,0.616172,-0.031797,0.625405,0.541517,-0.040661,0.608646,0.502170,-0.041875,0.592509,0.475134,-0.042849,0.640687,0.641667,-0.030010,0.608266,0.570223,-0.036992,0.620147,0.570191,-0.032776,0.629507,0.585648,-0.028560,0.628934,0.659903,-0.027906,0.618391,0.603776,-0.031529,0.630578,0.602556,-0.026996,0.638948,0.614816,-0.022615
1780504241.670,right,victory,0.691416,0.709387,0.000000,0.698664,0.647655,-0.003718,0.678977,0.591964,-0.010418,0.648409,0.572476,-0.015288,0.624051,0.571311,-0.020199,0.679524,0.587224,-0.029824,0.656063,0.506525,-0.038768,0.645791,0.466343,-0.040905,0.636053,0.435377,-0.041241,0.658703,0.616127,-0.030243,0.625662,0.542318,-0.038921,0.609065,0.502150,-0.040521,0.593425,0.475488,-0.041741,0.640460,0.641634,-0.028376,0.608792,0.571713,-0.035109,0.619981,0.569340,-0.031895,0.629070,0.583722,-0.028390,0.629118,0.659128,-0.026089,0.619879,0.604836,-0.029514,0.631911,0.603164,-0.025726,0.640273,0.615075,-0.021912
1780504242.081,right,victory,0.690649,0.709046,0.000000,0.697674,0.646576,-0.004734,0.676767,0.591122,-0.012021,0.644827,0.570926,-0.017238,0.619788,0.568732,-0.022383,0.680106,0.588008,-0.031393,0.656383,0.506033,-0.040848,0.645560,0.466219,-0.042934,0.635323,0.435521,-0.043082,0.659060,0.616583,-0.031419,0.625338,0.541249,-0.040348,0.607922,0.501538,-0.041426,0.591926,0.475304,-0.042173,0.640230,0.641578,-0.029252,0.608614,0.571471,-0.036211,0.619757,0.570070,-0.032451,0.629080,0.584998,-0.028472,0.627930,0.658913,-0.026781,0.618832,0.605021,-0.030276,0.630531,0.604202,-0.026313,0.638613,0.616351,-0.022338
1780504242.229,right,victory,0.690317,0.708723,0.000000,0.696814,0.648088,-0.005106,0.675074,0.592309,-0.012619,0.642945,0.573821,-0.018249,0.617666,0.571808,-0.023873,0.678208,0.588002,-0.031144,0.654820,0.506073,-0.040751,0.644787,0.466085,-0.043164,0.635198,0.434822,-0.043732,0.657685,0.616328,-0.031298,0.625337,0.542631,-0.040850,0.608273,0.503297,-0.042814,0.591573,0.476054,-0.044326,0.639318,0.641671,-0.029284,0.608549,0.571384,-0.036577,0.620488,0.572318,-0.032440,0.629108,0.587650,-0.028304,0.627519,0.659812,-0.027064,0.618869,0.605331,-0.030740,0.630967,0.605231,-0.026456,0.638388,0.617903,-0.022379
1780504242.455,right,victory,0.689902,0.709028,0.000000,0.697558,0.647965,-0.005168,0.676957,0.592010,-0.012344,0.645798,0.572750,-0.017503,0.621423,0.570354,-0.022558,0.679395,0.588402,-0.031173,0.654996,0.506391,-0.040574,0.644422,0.466656,-0.042686,0.634562,0.436007,-0.042943,0.658390,0.616318,-0.031138,0.624672,0.542397,-0.040059,0.607916,0.503403,-0.041410,0.591584,0.476026,-0.042463,0.639723,0.641203,-0.028962,0.608563,0.571447,-0.035785,0.620767,0.572700,-0.031511,0.629730,0.588573,-0.027324,0.627792,0.659199,-0.026614,0.618819,0.605614,-0.030192,0.630929,0.605424,-0.025896,0.638418,0.618214,-0.021745
1780504242.672,right,victory,0.688115,0.711772,0.000000,0.682935,0.651266,-0.001726,0.655600,0.604744,-0.010448,0.620564,0.601900,-0.018436,0.595347,0.607717,-0.027701,0.670456,0.577520,-0.029763,0.641488,0.513966,-0.041753,0.627428,0.476584,-0.047485,0.615604,0.446917,-0.050557,0.663877,0.606075,-0.034613,0.631639,0.544716,-0.047173,0.611980,0.511973,-0.052066,0.596193,0.490158,-0.055714,0.653860,0.638557,-0.037330,0.609562,0.590137,-0.047576,0.596718,0.592948,-0.045743,0.592059,0.604193,-0.043126,0.642372,0.671137,-0.039311,0.610719,0.626865,-0.043531,0.610161,0.627259,-0.038145,0.615214,0.637912,-0.033732
1780504242.850,right,victory,0.678896,0.728738,0.000000,0.648315,0.683331,0.000536,0.626375,0.640432,-0.009157,0.606399,0.627254,-0.020156,0.594614,0.632815,-0.031667,0.651207,0.592607,-0.026348,0.627224,0.533678,-0.040351,0.614137,0.497419,-0.046922,0.602842,0.466724,-0.051399,0.661357,0.607890,-0.034770,0.636107,0.547757,-0.055219,0.617332,0.514050,-0.064672,0.602562,0.489535,-0.070070,0.661954,0.635189,-0.040983,0.610130,0.611165,-0.057727,0.590037,0.628978,-0.056173,0.581635,0.642039,-0.051766,0.654477,0.668904,-0.046585,0.613202,0.649802,-0.053959,0.600396,0.652452,-0.049966,0.597053,0.653282,-0.046015
1780504242.992,right,victory,0.660239,0.749890,0.000000,0.631725,0.722800,-0.011128,0.607774,0.696562,-0.021846,0.592569,0.680870,-0.033581,0.598504,0.686493,-0.045054,0.624833,0.603107,-0.015554,0.605079,0.549313,-0.027504,0.591105,0.517715,-0.035048,0.580961,0.490982,-0.040723,0.647442,0.602072,-0.020394,0.637556,0.549662,-0.035008,0.628730,0.515493,-0.044633,0.621433,0.488528,-0.050029,0.665436,0.619117,-0.026254,0.637118,0.616561,-0.044842,0.619582,0.650756,-0.050815,0.610621,0.678893,-0.050587,0.674590,0.648971,-0.032844,0.646379,0.664841,-0.046298,0.630254,0.683274,-0.049315,0.621618,0.696424,-0.049060
1780504243.127,right,victory,0.660354,0.753440,0.000000,0.633059,0.729537,-0.010691,0.608267,0.700758,-0.020236,0.594894,0.681058,-0.031092,0.604699,0.685197,-0.041263,0.622250,0.603207,-0.011193,0.602526,0.552059,-0.022554,0.589078,0.520918,-0.029500,0.579501,0.493628,-0.034549,0.645382,0.599399,-0.015823,0.635172,0.544043,-0.028137,0.627602,0.508387,-0.036222,0.622495,0.477614,-0.040475,0.665011,0.616028,-0.021858,0.641276,0.611228,-0.039192,0.626840,0.649667,-0.043569,0.620587,0.679223,-0.041786,0.676315,0.647090,-0.028759,0.651004,0.662805,-0.041054,0.636069,0.682344,-0.042837,0.628069,0.695962,-0.041409
1780504243.293,right,victory,0.660806,0.753256,0.000000,0.633668,0.727696,-0.009112,0.609917,0.699411,-0.017815,0.597882,0.682803,-0.028086,0.605597,0.686925,-0.037908,0.621656,0.604736,-0.010642,0.602267,0.552358,-0.021451,0.588969,0.521252,-0.027710,0.579364,0.493628,-0.032191,0.645223,0.599572,-0.015755,0.635896,0.543436,-0.027523,0.628992,0.506965,-0.035410,0.624346,0.475672,-0.039558,0.665344,0.614871,-0.022009,0.642615,0.611817,-0.038511,0.627678,0.650250,-0.043084,0.620580,0.680456,-0.041669,0.677608,0.644137,-0.028955,0.653007,0.663445,-0.040406,0.637928,0.683902,-0.041981,0.629709,0.698461,-0.040546
1780504243.438,right,victory,0.661402,0.754547,0.000000,0.634172,0.731255,-0.009717,0.609423,0.702387,-0.018524,0.597218,0.684220,-0.028718,0.608051,0.686879,-0.038394,0.620956,0.606215,-0.011246,0.602236,0.553960,-0.022127,0.589170,0.522453,-0.028536,0.579641,0.494669,-0.033236,0.644575,0.600380,-0.015872,0.636581,0.543464,-0.027805,0.629953,0.507325,-0.035640,0.625568,0.475972,-0.039755,0.664858,0.615021,-0.021630,0.642869,0.609852,-0.038015,0.628394,0.649340,-0.041914,0.622188,0.679750,-0.040083,0.677439,0.643825,-0.028161,0.652233,0.662504,-0.039688,0.638085,0.684348,-0.041050,0.631512,0.699198,-0.039396
1780504243.838,right,victory,0.661087,0.755281,0.000000,0.634026,0.732000,-0.009696,0.609953,0.703001,-0.018501,0.598615,0.686168,-0.028786,0.609051,0.689102,-0.038657,0.620851,0.606549,-0.010946,0.602141,0.554022,-0.021831,0.589432,0.522562,-0.028092,0.580067,0.494983,-0.032528,0.644481,0.601470,-0.015865,0.636579,0.544554,-0.027902,0.629803,0.508248,-0.035647,0.625095,0.476754,-0.039547,0.664936,0.616731,-0.022003,0.643804,0.610568,-0.039050,0.629864,0.650276,-0.043275,0.624115,0.680653,-0.041346,0.677808,0.646058,-0.028837,0.653857,0.662348,-0.040667,0.639718,0.684720,-0.041856,0.633278,0.699927,-0.039956
1780504244.041,right,victory,0.661430,0.754880,0.000000,0.634026,0.731419,-0.009929,0.609217,0.703039,-0.018833,0.597609,0.686121,-0.029230,0.609580,0.689985,-0.039151,0.620724,0.606245,-0.010577,0.601300,0.554890,-0.021413,0.588414,0.523481,-0.027738,0.579340,0.495734,-0.032321,0.644103,0.600313,-0.015257,0.635642,0.542778,-0.027208,0.629155,0.506171,-0.035007,0.625157,0.474519,-0.039029,0.664476,0.615165,-0.021218,0.644536,0.608746,-0.038121,0.630495,0.649177,-0.042280,0.624626,0.680411,-0.040324,0.677205,0.644439,-0.027936,0.653776,0.661305,-0.039748,0.639717,0.683019,-0.041183,0.633099,0.697899,-0.039475
1780504244.214,right,victory,0.660057,0.755208,0.000000,0.632979,0.731540,-0.009883,0.608694,0.702996,-0.019031,0.598095,0.685844,-0.029642,0.609676,0.689928,-0.039830,0.619973,0.606731,-0.011465,0.601378,0.554218,-0.022436,0.588527,0.523105,-0.028673,0.578994,0.495832,-0.033077,0.643769,0.601129,-0.016277,0.635639,0.543782,-0.028320,0.628899,0.507524,-0.035927,0.624220,0.476142,-0.039685,0.664364,0.616082,-0.022293,0.643058,0.610495,-0.039213,0.629445,0.650849,-0.043319,0.623924,0.681628,-0.041270,0.677274,0.645378,-0.029038,0.653091,0.662873,-0.040678,0.639138,0.684804,-0.041902,0.632752,0.699479,-0.040014
1780504244.367,right,victory,0.660172,0.757017,0.000000,0.633457,0.734229,-0.009880,0.607988,0.705034,-0.018597,0.597265,0.686192,-0.028705,0.610716,0.690256,-0.038275,0.619208,0.607847,-0.010766,0.600243,0.556722,-0.021438,0.587595,0.525441,-0.027665,0.578453,0.497786,-0.032324,0.642825,0.601109,-0.015412,0.634621,0.543664,-0.027377,0.628263,0.507635,-0.035229,0.623911,0.476271,-0.039321,0.663485,0.615322,-0.021274,0.643178,0.610812,-0.038174,0.629246,0.652190,-0.042419,0.623111,0.683401,-0.040563,0.676695,0.644035,-0.027905,0.653549,0.662009,-0.039985,0.640239,0.684303,-0.041776,0.633964,0.699383,-0.040324
1780504244.473,right,victory,0.659428,0.757683,0.000000,0.632869,0.733923,-0.009665,0.608374,0.705675,-0.018480,0.598092,0.687513,-0.028765,0.610552,0.691306,-0.038585,0.618572,0.609010,-0.011054,0.599640,0.557579,-0.021853,0.586905,0.526574,-0.028035,0.577531,0.499095,-0.032504,0.642373,0.602080,-0.015929,0.634444,0.544359,-0.027493,0.627999,0.507929,-0.034913,0.623601,0.476687,-0.038714,0.663319,0.616880,-0.022028,0.643994,0.611840,-0.038406,0.630392,0.651828,-0.042529,0.624358,0.682720,-0.040685,0.676939,0.646581,-0.028886,0.654479,0.664767,-0.040380,0.640843,0.686196,-0.041821,0.634179,0.701131,-0.040179
1780504244.619,right,victory,0.658887,0.756516,0.000000,0.633174,0.733881,-0.010632,0.609053,0.705986,-0.019715,0.599125,0.688308,-0.029993,0.612114,0.691012,-0.039747,0.618284,0.608658,-0.011833,0.599618,0.557238,-0.022708,0.587026,0.526424,-0.028713,0.578054,0.498983,-0.032987,0.642326,0.600979,-0.016141,0.634425,0.543344,-0.027779,0.628059,0.506922,-0.035005,0.624057,0.475511,-0.038566,0.663291,0.615311,-0.021770,0.644936,0.610778,-0.038492,0.631606,0.652080,-0.042514,0.625971,0.683240,-0.040441,0.676963,0.644303,-0.028199,0.655734,0.664676,-0.040167,0.643412,0.687010,-0.041747,0.638109,0.701400,-0.040056
1780504244.752,right,victory,0.657036,0.755497,0.000000,0.632900,0.734554,-0.009364,0.608617,0.706293,-0.017306,0.603366,0.686263,-0.026450,0.619150,0.685276,-0.035296,0.617541,0.610806,-0.012826,0.598657,0.558845,-0.023246,0.586615,0.527422,-0.028601,0.578047,0.498844,-0.032327,0.641430,0.602287,-0.017234,0.634392,0.541115,-0.027797,0.628691,0.503740,-0.034029,0.625513,0.471676,-0.037034,0.662780,0.615660,-0.022687,0.647388,0.610394,-0.037780,0.634300,0.649600,-0.041701,0.628590,0.679247,-0.039952,0.678157,0.642543,-0.028845,0.659376,0.661049,-0.039816,0.646974,0.680278,-0.041538,0.641095,0.692457,-0.040196
1780504244.870,right,victory,0.658771,0.758677,0.000000,0.634135,0.738466,-0.008546,0.612494,0.706395,-0.015449,0.616600,0.687030,-0.023847,0.634499,0.681717,-0.032035,0.617588,0.614055,-0.011314,0.598135,0.562876,-0.021562,0.586098,0.531152,-0.027282,0.577826,0.503129,-0.031308,0.640574,0.605515,-0.016219,0.635370,0.539833,-0.026732,0.630880,0.498912,-0.033744,0.629507,0.464126,-0.037465,0.662138,0.618379,-0.022119,0.654894,0.603819,-0.036716,0.641855,0.642547,-0.040551,0.634989,0.672446,-0.038954,0.679961,0.643350,-0.028718,0.667338,0.653397,-0.039322,0.654564,0.673665,-0.040341,0.647351,0.688143,-0.038573
1780504244.968,right,victory,0.659678,0.760229,0.000000,0.635724,0.743723,-0.010316,0.614826,0.708944,-0.017299,0.622233,0.687733,-0.025569,0.640951,0.681416,-0.033633,0.617828,0.613333,-0.012261,0.598132,0.562995,-0.022762,0.586318,0.531379,-0.028706,0.578309,0.502838,-0.033173,0.641135,0.602841,-0.016532,0.636086,0.539002,-0.028303,0.631577,0.497954,-0.036485,0.630038,0.461437,-0.040919,0.662753,0.614715,-0.021902,0.655622,0.602226,-0.037403,0.644313,0.646359,-0.041407,0.639495,0.676868,-0.039784,0.680145,0.639481,-0.028199,0.666117,0.657789,-0.039914,0.655021,0.684096,-0.041921,0.651038,0.699505,-0.040678
1780504245.077,right,victory,0.658979,0.762282,0.000000,0.634854,0.745319,-0.010940,0.614678,0.711461,-0.018568,0.622129,0.689685,-0.027515,0.640104,0.678484,-0.036115,0.617816,0.614355,-0.012456,0.598230,0.563060,-0.023550,0.586768,0.531504,-0.029694,0.578930,0.503094,-0.034042,0.641132,0.603172,-0.016698,0.636322,0.536776,-0.028908,0.632126,0.495767,-0.037048,0.630708,0.459713,-0.041228,0.662881,0.614652,-0.022186,0.654237,0.600424,-0.038525,0.643631,0.646748,-0.042031,0.639698,0.678611,-0.039688,0.680458,0.639241,-0.028649,0.665895,0.653484,-0.040762,0.654613,0.681171,-0.042159,0.650617,0.697924,-0.040238
1780504245.219,right,victory,0.660176,0.761975,0.000000,0.635511,0.743267,-0.011759,0.616408,0.710943,-0.020499,0.623555,0.689567,-0.030546,0.641452,0.677883,-0.040022,0.618244,0.614378,-0.013368,0.598609,0.562476,-0.025636,0.587008,0.531029,-0.032504,0.579075,0.503086,-0.037137,0.641541,0.603181,-0.017608,0.636813,0.537056,-0.030898,0.632084,0.495578,-0.039431,0.630122,0.458822,-0.043737,0.663430,0.615166,-0.023213,0.655002,0.600188,-0.040171,0.643808,0.645603,-0.043344,0.639360,0.676314,-0.040641,0.681215,0.640688,-0.029901,0.667256,0.653923,-0.041891,0.656008,0.678884,-0.042902,0.652191,0.692665,-0.040691
1780504245.329,right,victory,0.659538,0.761547,0.000000,0.635252,0.743164,-0.011711,0.615454,0.710272,-0.020175,0.623138,0.688878,-0.029827,0.641419,0.677488,-0.039018,0.617996,0.614022,-0.013628,0.598906,0.562249,-0.025853,0.587460,0.530893,-0.032666,0.579204,0.502910,-0.037331,0.641280,0.602467,-0.017681,0.637472,0.536069,-0.030857,0.632613,0.495867,-0.039189,0.630018,0.459547,-0.043364,0.663016,0.613495,-0.023080,0.654451,0.601141,-0.039637,0.644177,0.646495,-0.042800,0.640519,0.675631,-0.040273,0.680601,0.637811,-0.029591,0.667318,0.654166,-0.041236,0.657201,0.679985,-0.042381,0.654290,0.692657,-0.040424
1780504245.420,right,victory,0.660893,0.763007,0.000000,0.635842,0.743154,-0.011488,0.616665,0.709092,-0.019856,0.624171,0.687766,-0.029662,0.642757,0.677112,-0.038850,0.618297,0.612821,-0.011907,0.599139,0.561073,-0.024106,0.587670,0.529058,-0.030988,0.579514,0.500913,-0.035630,0.641572,0.601107,-0.016265,0.637375,0.534988,-0.029434,0.632952,0.494197,-0.037717,0.630994,0.457936,-0.041736,0.663534,0.612850,-0.022125,0.654841,0.598427,-0.039009,0.644599,0.644872,-0.041780,0.641063,0.675474,-0.038641,0.681448,0.638742,-0.029102,0.667612,0.651513,-0.040644,0.657227,0.676632,-0.041223,0.654173,0.689660,-0.038692
1780504245.510,right,victory,0.660173,0.760917,0.000000,0.635233,0.741097,-0.011443,0.615899,0.708535,-0.019949,0.623937,0.687540,-0.029783,0.643006,0.677688,-0.039111,0.618604,0.612441,-0.012791,0.599024,0.561406,-0.024765,0.587297,0.530597,-0.031494,0.579154,0.503370,-0.036057,0.641965,0.600991,-0.017035,0.637807,0.534718,-0.029650,0.633161,0.493913,-0.037757,0.631319,0.457371,-0.041892,0.663876,0.612879,-0.022678,0.655635,0.600013,-0.038552,0.645263,0.644000,-0.041614,0.641690,0.672543,-0.039155,0.681503,0.638508,-0.029459,0.668365,0.652370,-0.040395,0.658110,0.675591,-0.041236,0.655139,0.686665,-0.039209
1780504245.589,right,victory,0.660255,0.761648,0.000000,0.635336,0.742033,-0.011414,0.615878,0.708891,-0.019944,0.623849,0.687766,-0.029858,0.642628,0.677022,-0.039263,0.618141,0.613266,-0.012729,0.599320,0.561561,-0.024904,0.588061,0.530337,-0.031743,0.580087,0.502615,-0.036315,0.641440,0.601525,-0.017019,0.637820,0.535486,-0.030017,0.633335,0.494491,-0.038299,0.631165,0.458021,-0.042412,0.663320,0.612800,-0.022707,0.654893,0.599127,-0.039270,0.644417,0.644205,-0.042372,0.640490,0.674166,-0.039642,0.680949,0.637865,-0.029496,0.667534,0.650799,-0.041012,0.657069,0.675375,-0.041854,0.653804,0.688431,-0.039572
1780504245.657,right,victory,0.660722,0.761863,0.000000,0.636407,0.743093,-0.011364,0.616483,0.709560,-0.019545,0.624147,0.687772,-0.029010,0.643242,0.676928,-0.037932,0.618701,0.612808,-0.012803,0.599498,0.560739,-0.024604,0.588247,0.529513,-0.031131,0.580194,0.501569,-0.035666,0.641800,0.601023,-0.017003,0.637564,0.534484,-0.029787,0.633118,0.493789,-0.037890,0.631038,0.457109,-0.041982,0.663409,0.612329,-0.022574,0.655233,0.598812,-0.038886,0.645085,0.643939,-0.042019,0.641492,0.673279,-0.039483,0.680936,0.637310,-0.029253,0.668003,0.652749,-0.040863,0.657807,0.677477,-0.042191,0.654697,0.689638,-0.040370
1780504245.728,right,victory,0.660182,0.762214,0.000000,0.635741,0.743038,-0.011815,0.616415,0.710124,-0.020393,0.624042,0.688235,-0.030262,0.642511,0.677112,-0.039621,0.618613,0.612970,-0.012956,0.599183,0.561918,-0.025031,0.587806,0.530754,-0.031871,0.579816,0.503004,-0.036565,0.641939,0.601815,-0.017130,0.637963,0.535022,-0.030196,0.633430,0.493974,-0.038543,0.631406,0.457206,-0.042795,0.663711,0.613622,-0.022757,0.655731,0.598121,-0.039536,0.645146,0.643111,-0.042765,0.641445,0.672648,-0.040201,0.681068,0.639116,-0.029497,0.667980,0.651015,-0.041226,0.657414,0.675947,-0.042275,0.654363,0.688790,-0.040255
1780504245.802,right,victory,0.660344,0.762312,0.000000,0.636321,0.743094,-0.011802,0.616722,0.709360,-0.020437,0.623712,0.686819,-0.030335,0.641935,0.677259,-0.039736,0.618900,0.612770,-0.013323,0.599570,0.561472,-0.025473,0.588188,0.530376,-0.032469,0.580195,0.502342,-0.037333,0.642206,0.602225,-0.017502,0.638328,0.536095,-0.030696,0.633661,0.494616,-0.039270,0.631450,0.457068,-0.043777,0.663996,0.614117,-0.023061,0.656128,0.598586,-0.039774,0.645077,0.643617,-0.042926,0.640824,0.673499,-0.040401,0.681606,0.639208,-0.029743,0.668493,0.650209,-0.041418,0.657572,0.675396,-0.042336,0.654165,0.689052,-0.040278
1780504245.904,right,victory,0.659871,0.761198,0.000000,0.635400,0.742322,-0.011624,0.615620,0.709134,-0.020217,0.621908,0.686566,-0.030036,0.639931,0.677082,-0.039367,0.618381,0.613010,-0.013566,0.599458,0.561212,-0.025674,0.588061,0.529383,-0.032582,0.580050,0.500858,-0.037347,0.641663,0.602675,-0.017816,0.637909,0.535778,-0.030769,0.633425,0.494491,-0.039055,0.631334,0.457424,-0.043383,0.663523,0.614984,-0.023410,0.656621,0.597929,-0.040263,0.645399,0.641886,-0.043610,0.640543,0.671937,-0.041164,0.681334,0.640661,-0.030053,0.669811,0.648494,-0.041970,0.657754,0.672155,-0.043001,0.652391,0.685991,-0.040979
1780504245.977,right,victory,0.659466,0.761181,0.000000,0.635621,0.742710,-0.011308,0.615460,0.709988,-0.019668,0.621772,0.687076,-0.029282,0.640076,0.676203,-0.038405,0.618050,0.612866,-0.013386,0.599114,0.560682,-0.025194,0.587818,0.529115,-0.031767,0.579949,0.501063,-0.036324,0.641632,0.602108,-0.017591,0.637777,0.534901,-0.030219,0.633049,0.493903,-0.038343,0.630946,0.457455,-0.042531,0.663672,0.614064,-0.023074,0.655073,0.599506,-0.039307,0.643596,0.643829,-0.042487,0.639217,0.673709,-0.040032,0.681416,0.639220,-0.029609,0.667652,0.652423,-0.041254,0.656523,0.675919,-0.042508,0.652886,0.688380,-0.040629
1780504246.049,right,victory,0.659530,0.761601,0.000000,0.635423,0.742024,-0.010961,0.615474,0.708684,-0.019308,0.621871,0.686024,-0.029074,0.640112,0.676518,-0.038400,0.618278,0.613068,-0.012780,0.599309,0.560993,-0.024600,0.587967,0.529865,-0.031243,0.580001,0.502304,-0.035751,0.641548,0.602774,-0.017209,0.638010,0.535494,-0.029888,0.633393,0.494299,-0.038033,0.631213,0.457832,-0.042149,0.663407,0.614639,-0.022921,0.655290,0.599065,-0.039331,0.643853,0.643741,-0.042471,0.639219,0.674276,-0.039835,0.681184,0.639624,-0.029652,0.667964,0.649959,-0.041150,0.656691,0.673976,-0.041993,0.652706,0.687760,-0.039770
1780504246.121,right,victory,0.659693,0.759762,0.000000,0.635278,0.741605,-0.011247,0.615205,0.708545,-0.019444,0.621364,0.686652,-0.028876,0.639589,0.677389,-0.037908,0.618375,0.612755,-0.013453,0.598994,0.560240,-0.025130,0.587407,0.528947,-0.031570,0.579340,0.500933,-0.036009,0.641701,0.602426,-0.017597,0.637892,0.535432,-0.030225,0.633314,0.494227,-0.038343,0.631180,0.457605,-0.042525,0.663270,0.614215,-0.023001,0.655656,0.598512,-0.039639,0.644529,0.642634,-0.043330,0.639928,0.672937,-0.041134,0.680629,0.638872,-0.029383,0.668062,0.651355,-0.041529,0.656482,0.676259,-0.043110,0.651887,0.690785,-0.041410
1780504246.184,right,victory,0.659678,0.760506,0.000000,0.635089,0.742264,-0.011112,0.615075,0.709394,-0.019298,0.621135,0.687877,-0.028840,0.639104,0.677860,-0.037998,0.618181,0.612158,-0.012972,0.598879,0.560258,-0.024757,0.587313,0.528585,-0.031323,0.579445,0.500437,-0.035840,0.641637,0.601694,-0.017320,0.637034,0.535280,-0.030098,0.632337,0.493947,-0.038305,0.630494,0.457866,-0.042485,0.663351,0.614155,-0.022968,0.655355,0.597261,-0.040006,0.643855,0.642619,-0.043612,0.639245,0.674556,-0.041183,0.680728,0.640232,-0.029559,0.666613,0.653346,-0.042193,0.654564,0.678962,-0.043811,0.649939,0.694431,-0.041953
1780504246.249,right,victory,0.659570,0.761244,0.000000,0.635339,0.742567,-0.011514,0.615534,0.709466,-0.019840,0.621292,0.687594,-0.029441,0.639404,0.678267,-0.038620,0.618568,0.612719,-0.013245,0.598749,0.560594,-0.025113,0.586894,0.529131,-0.031669,0.578996,0.501378,-0.036123,0.642119,0.602375,-0.017333,0.637483,0.535738,-0.030185,0.632571,0.494127,-0.038464,0.630726,0.457970,-0.042640,0.663781,0.614950,-0.022752,0.655297,0.598902,-0.039591,0.643969,0.642853,-0.043307,0.639724,0.673494,-0.041027,0.680792,0.640887,-0.029170,0.666551,0.654508,-0.041448,0.654874,0.679412,-0.043061,0.650819,0.693934,-0.041294
1780504246.312,right,victory,0.659388,0.759962,0.000000,0.635177,0.741958,-0.011194,0.615306,0.709153,-0.019382,0.620832,0.688039,-0.028885,0.638183,0.678118,-0.038004,0.618301,0.613300,-0.013234,0.598951,0.561176,-0.025219,0.587321,0.529997,-0.031829,0.579310,0.502049,-0.036289,0.641589,0.602914,-0.017538,0.637442,0.535893,-0.030441,0.632641,0.494842,-0.038594,0.630456,0.458422,-0.042688,0.663235,0.614991,-0.023147,0.655330,0.598530,-0.040214,0.643783,0.642900,-0.043892,0.639117,0.673302,-0.041578,0.680610,0.640285,-0.029708,0.667540,0.653562,-0.042180,0.655554,0.678826,-0.043750,0.651029,0.693261,-0.041972
1780504246.376,right,victory,0.659201,0.760382,0.000000,0.634960,0.742424,-0.011401,0.614833,0.709558,-0.019949,0.621054,0.687061,-0.029759,0.639444,0.677919,-0.039208,0.618768,0.613779,-0.014158,0.599004,0.561313,-0.026313,0.587173,0.529643,-0.033092,0.579143,0.501358,-0.037744,0.642293,0.603160,-0.018427,0.637683,0.536530,-0.031688,0.632594,0.495454,-0.040056,0.630376,0.459343,-0.044241,0.663880,0.615444,-0.023907,0.654785,0.600397,-0.040836,0.643164,0.645412,-0.043965,0.638749,0.676191,-0.041287,0.680767,0.641138,-0.030410,0.666025,0.654559,-0.042629,0.654498,0.680611,-0.043703,0.650815,0.695612,-0.041538
1780504246.453,right,victory,0.658398,0.759807,0.000000,0.634501,0.741391,-0.010815,0.614339,0.707700,-0.018744,0.620148,0.685909,-0.027975,0.637850,0.677580,-0.036934,0.618144,0.613543,-0.013518,0.598388,0.561359,-0.025405,0.586449,0.530078,-0.031892,0.578462,0.501625,-0.036308,0.641521,0.603202,-0.017884,0.636489,0.536757,-0.030740,0.631540,0.495959,-0.038710,0.629539,0.459473,-0.042606,0.663288,0.615349,-0.023430,0.654858,0.599424,-0.040383,0.642825,0.644481,-0.043833,0.637890,0.675677,-0.041353,0.680613,0.640899,-0.029904,0.666034,0.656453,-0.042291,0.654037,0.682708,-0.043699,0.649852,0.697839,-0.041762
1780504246.518,right,victory,0.657553,0.760715,0.000000,0.633989,0.742065,-0.010640,0.614051,0.708431,-0.018458,0.619965,0.686676,-0.027669,0.637099,0.676671,-0.036598,0.617679,0.613919,-0.013145,0.598023,0.561525,-0.024829,0.586316,0.529919,-0.031098,0.578534,0.501326,-0.035332,0.641033,0.603655,-0.017596,0.636334,0.536307,-0.030315,0.631243,0.495247,-0.038245,0.629011,0.459258,-0.042017,0.662936,0.615890,-0.023212,0.653939,0.599776,-0.040092,0.642086,0.645237,-0.043492,0.637482,0.676726,-0.040898,0.680431,0.641370,-0.029730,0.665225,0.657291,-0.042122,0.653555,0.683458,-0.043498,0.649957,0.698178,-0.041455
1780504246.592,right,victory,0.657802,0.760385,0.000000,0.634345,0.742901,-0.011165,0.614143,0.709019,-0.019121,0.619929,0.686584,-0.028340,0.637283,0.677361,-0.037189,0.617671,0.613898,-0.013209,0.597850,0.561798,-0.024883,0.586114,0.530666,-0.031224,0.578439,0.502355,-0.035574,0.640950,0.603570,-0.017380,0.636009,0.537032,-0.030282,0.631231,0.495775,-0.038417,0.629436,0.459183,-0.042417,0.662681,0.615367,-0.022783,0.654783,0.599094,-0.039897,0.642827,0.644746,-0.043415,0.637780,0.676456,-0.040928,0.680094,0.640140,-0.029144,0.666053,0.655019,-0.041815,0.654060,0.681920,-0.043395,0.649780,0.697711,-0.041529
1780504246.672,right,victory,0.657487,0.761020,0.000000,0.633884,0.743102,-0.010809,0.614282,0.708840,-0.018719,0.620381,0.686607,-0.028011,0.637349,0.677258,-0.036966,0.617630,0.613478,-0.013094,0.598025,0.561547,-0.024671,0.586275,0.530345,-0.030975,0.578365,0.501989,-0.035323,0.641037,0.603095,-0.017545,0.636625,0.536547,-0.030418,0.631762,0.495419,-0.038588,0.629657,0.459410,-0.042602,0.662732,0.615335,-0.023171,0.654245,0.599662,-0.040142,0.642450,0.645594,-0.043511,0.637632,0.677378,-0.040930,0.680020,0.640803,-0.029734,0.665686,0.655231,-0.042210,0.653644,0.681941,-0.043567,0.649307,0.697721,-0.041539
1780504246.811,right,victory,0.658390,0.759995,0.000000,0.634000,0.741632,-0.011174,0.614184,0.708190,-0.019325,0.620223,0.686467,-0.028767,0.637441,0.677744,-0.037823,0.617212,0.612970,-0.013052,0.597588,0.561179,-0.024794,0.585964,0.529500,-0.031264,0.578289,0.500469,-0.035697,0.640455,0.602927,-0.017372,0.635760,0.536906,-0.030221,0.631037,0.495825,-0.038293,0.629253,0.459040,-0.042293,0.662247,0.614995,-0.022974,0.654720,0.598465,-0.040225,0.642468,0.644078,-0.043842,0.637255,0.675728,-0.041353,0.679972,0.640257,-0.029514,0.666093,0.653292,-0.042131,0.653745,0.679689,-0.043529,0.649047,0.695492,-0.041513
1780504246.916,right,victory,0.658629,0.759693,0.000000,0.634798,0.742357,-0.011486,0.615328,0.709271,-0.019757,0.620279,0.687110,-0.029309,0.637100,0.677936,-0.038412,0.617326,0.612655,-0.012967,0.597667,0.560358,-0.024521,0.586111,0.528452,-0.030813,0.578361,0.500022,-0.035190,0.640971,0.601683,-0.017123,0.636300,0.535663,-0.030171,0.631590,0.494461,-0.038517,0.629633,0.458611,-0.042611,0.662965,0.613611,-0.022562,0.653407,0.598935,-0.039715,0.641885,0.645099,-0.043142,0.637682,0.676660,-0.040515,0.680362,0.639109,-0.028976,0.664222,0.655189,-0.041540,0.652947,0.681718,-0.042994,0.649938,0.696572,-0.040991
1780504247.023,right,victory,0.658508,0.760791,0.000000,0.634634,0.741849,-0.010486,0.614431,0.708481,-0.018500,0.619578,0.686770,-0.027919,0.636516,0.676008,-0.037059,0.618171,0.613264,-0.013235,0.598389,0.561092,-0.025053,0.586610,0.529612,-0.031551,0.578707,0.501219,-0.035950,0.641419,0.603090,-0.017781,0.636792,0.536390,-0.030738,0.631832,0.495020,-0.039005,0.629659,0.458961,-0.043084,0.663098,0.614988,-0.023442,0.653737,0.600078,-0.040294,0.641708,0.645180,-0.043659,0.636728,0.676792,-0.041155,0.680484,0.639850,-0.030002,0.665259,0.654533,-0.042393,0.653339,0.681492,-0.043559,0.649058,0.697760,-0.041388
1780504247.168,right,victory,0.658874,0.760322,0.000000,0.634831,0.741907,-0.011032,0.614925,0.707686,-0.018933,0.620426,0.686414,-0.028134,0.637635,0.678063,-0.036992,0.618290,0.612913,-0.013037,0.598575,0.560573,-0.024754,0.586763,0.529119,-0.031101,0.578787,0.500771,-0.035455,0.641784,0.602376,-0.017297,0.637036,0.536499,-0.030363,0.632112,0.495474,-0.038589,0.630038,0.459181,-0.042628,0.663405,0.614326,-0.022790,0.654800,0.598582,-0.039923,0.643075,0.644318,-0.043372,0.638444,0.675564,-0.040819,0.680344,0.639606,-0.029229,0.665704,0.654992,-0.041748,0.653910,0.681463,-0.043236,0.649938,0.696427,-0.041319
1780504247.318,right,victory,0.658977,0.760080,0.000000,0.635287,0.741731,-0.011054,0.614765,0.707932,-0.019035,0.619171,0.685972,-0.028298,0.637080,0.677713,-0.037215,0.618553,0.612619,-0.013214,0.598897,0.560145,-0.024948,0.587064,0.528841,-0.031349,0.579093,0.500625,-0.035768,0.642119,0.601889,-0.017394,0.637702,0.536134,-0.030264,0.632784,0.495215,-0.038354,0.630774,0.458958,-0.042365,0.663786,0.613676,-0.022786,0.654808,0.598494,-0.039495,0.642840,0.643646,-0.042831,0.638324,0.674821,-0.040386,0.680634,0.638949,-0.029170,0.665598,0.656605,-0.041523,0.653935,0.682869,-0.043145,0.650322,0.697550,-0.041392
1780504247.415,right,victory,0.658848,0.759444,0.000000,0.635308,0.740565,-0.010607,0.615410,0.706428,-0.018286,0.620110,0.685359,-0.027297,0.637201,0.677134,-0.035973,0.619183,0.611915,-0.012885,0.599264,0.559559,-0.024367,0.587271,0.528237,-0.030617,0.579201,0.499890,-0.034977,0.642707,0.601436,-0.017215,0.637803,0.536128,-0.029976,0.632864,0.495044,-0.038158,0.630843,0.458672,-0.042289,0.664174,0.613432,-0.022682,0.654877,0.598882,-0.039288,0.642514,0.644134,-0.042618,0.637493,0.675518,-0.040203,0.680669,0.638825,-0.029099,0.665257,0.656398,-0.041499,0.653537,0.682398,-0.043098,0.649757,0.697234,-0.041321
1780504247.538,right,victory,0.659264,0.759359,0.000000,0.635185,0.741381,-0.010922,0.614590,0.707783,-0.018823,0.618934,0.686221,-0.027972,0.635939,0.677233,-0.036778,0.619168,0.612257,-0.013172,0.599677,0.560065,-0.024864,0.587692,0.528935,-0.031356,0.579465,0.500618,-0.035898,0.642317,0.602089,-0.017408,0.637769,0.535849,-0.029979,0.633075,0.494833,-0.037996,0.631139,0.458201,-0.042163,0.663668,0.614367,-0.022863,0.655545,0.597032,-0.039516,0.643605,0.640778,-0.043105,0.638571,0.671454,-0.041013,0.680477,0.639941,-0.029292,0.667775,0.654223,-0.042016,0.655930,0.679232,-0.043994,0.651350,0.693598,-0.042571
1780504247.770,right,victory,0.659488,0.758820,0.000000,0.635789,0.741165,-0.011357,0.614934,0.707395,-0.019324,0.619666,0.685159,-0.028471,0.637752,0.677151,-0.037254,0.618824,0.610323,-0.013017,0.599459,0.559044,-0.024492,0.587706,0.527656,-0.030944,0.579868,0.499485,-0.035494,0.642091,0.600447,-0.017009,0.637907,0.535277,-0.029672,0.633144,0.494202,-0.037914,0.631326,0.457668,-0.042155,0.663536,0.612681,-0.022278,0.655832,0.598799,-0.038894,0.643577,0.643072,-0.042637,0.638525,0.673708,-0.040516,0.680316,0.638015,-0.028543,0.666253,0.653507,-0.040729,0.654729,0.679271,-0.042409,0.650938,0.694063,-0.040792
1780504247.888,right,victory,0.659561,0.759519,0.000000,0.635375,0.741489,-0.011003,0.614559,0.708064,-0.018961,0.619387,0.685798,-0.028235,0.636882,0.676895,-0.037137,0.618385,0.609626,-0.012583,0.599109,0.558204,-0.023954,0.587541,0.526383,-0.030337,0.579722,0.498052,-0.034837,0.642018,0.599952,-0.016897,0.637658,0.534792,-0.029490,0.632929,0.493868,-0.037669,0.630861,0.457774,-0.041834,0.663611,0.612883,-0.022486,0.655396,0.598141,-0.039409,0.643286,0.643693,-0.043070,0.638183,0.675428,-0.040725,0.680496,0.639260,-0.029019,0.666177,0.653681,-0.041725,0.654280,0.679826,-0.043460,0.649805,0.695350,-0.041694
1780504248.030,right,victory,0.659973,0.759336,0.000000,0.635738,0.741253,-0.011176,0.615445,0.707616,-0.019302,0.619833,0.685519,-0.028691,0.636797,0.677818,-0.037677,0.618535,0.608965,-0.012757,0.599171,0.558028,-0.024073,0.587437,0.526679,-0.030461,0.579573,0.498621,-0.034945,0.642360,0.599329,-0.016970,0.638164,0.534554,-0.029546,0.633363,0.493351,-0.037775,0.631306,0.457040,-0.041973,0.664149,0.612314,-0.022446,0.656141,0.598068,-0.039066,0.643852,0.642107,-0.042707,0.638574,0.672996,-0.040433,0.681211,0.638768,-0.028890,0.667480,0.651625,-0.040995,0.655606,0.676441,-0.042374,0.651162,0.691437,-0.040474
1780504248.205,right,victory,0.660149,0.758754,0.000000,0.636012,0.740563,-0.011298,0.615059,0.707922,-0.019536,0.619075,0.685825,-0.028994,0.636754,0.676653,-0.038002,0.618654,0.610381,-0.012886,0.598945,0.558324,-0.024484,0.587205,0.526771,-0.030832,0.579466,0.498776,-0.035116,0.642306,0.600417,-0.016889,0.637968,0.535066,-0.029620,0.633301,0.493928,-0.037612,0.631563,0.457360,-0.041506,0.663978,0.612399,-0.022200,0.654789,0.599323,-0.038876,0.643240,0.643491,-0.042371,0.638927,0.673572,-0.039933,0.680952,0.637392,-0.028515,0.666612,0.652558,-0.040650,0.655367,0.677983,-0.042106,0.651694,0.692318,-0.040211
1780504248.340,right,victory,0.659881,0.758425,0.000000,0.635577,0.740295,-0.011263,0.614321,0.707102,-0.019473,0.618614,0.684450,-0.028900,0.636690,0.677701,-0.037867,0.618334,0.608961,-0.013152,0.599061,0.557869,-0.024717,0.587313,0.526599,-0.031199,0.579420,0.498805,-0.035735,0.642185,0.598791,-0.017199,0.637985,0.534249,-0.029755,0.633343,0.493010,-0.037671,0.631361,0.456441,-0.041671,0.663943,0.611602,-0.022547,0.655481,0.599172,-0.038969,0.643773,0.642449,-0.042535,0.638878,0.672285,-0.040293,0.681017,0.638107,-0.028931,0.668503,0.652639,-0.041051,0.656495,0.676096,-0.042813,0.651189,0.689337,-0.041242
1780504248.475,right,victory,0.659801,0.758731,0.000000,0.635982,0.740593,-0.010731,0.615219,0.706645,-0.018510,0.619136,0.684834,-0.027582,0.636046,0.677166,-0.036361,0.618798,0.610098,-0.012835,0.599252,0.558791,-0.024349,0.587392,0.527525,-0.030696,0.579367,0.499602,-0.035122,0.642488,0.599438,-0.017055,0.637985,0.534372,-0.029868,0.633103,0.493547,-0.037984,0.631025,0.457646,-0.041986,0.664295,0.611326,-0.022466,0.654813,0.598543,-0.039129,0.643048,0.642805,-0.042796,0.638555,0.673250,-0.040586,0.681404,0.636511,-0.028819,0.666613,0.655009,-0.041261,0.655378,0.680615,-0.043134,0.651860,0.694557,-0.041551
1780504248.625,right,victory,0.658453,0.758451,0.000000,0.634476,0.739096,-0.010699,0.613870,0.707160,-0.018746,0.618270,0.685867,-0.028024,0.635747,0.675862,-0.037033,0.618364,0.611138,-0.013152,0.598639,0.559134,-0.024692,0.586895,0.527994,-0.031072,0.579151,0.499522,-0.035439,0.641828,0.600852,-0.017285,0.637417,0.535073,-0.029659,0.632510,0.494422,-0.037565,0.630571,0.458685,-0.041552,0.663384,0.612332,-0.022575,0.654608,0.597023,-0.038716,0.642392,0.640125,-0.042259,0.637268,0.670931,-0.040177,0.680364,0.636671,-0.028822,0.666252,0.652306,-0.040916,0.655129,0.677895,-0.042485,0.651477,0.693079,-0.040748
1780504248.731,right,victory,0.658016,0.758302,0.000000,0.634269,0.739243,-0.010965,0.614359,0.706259,-0.019250,0.618681,0.684441,-0.028826,0.635110,0.676950,-0.038069,0.618318,0.610722,-0.013438,0.598752,0.559416,-0.025347,0.587003,0.528188,-0.031953,0.579318,0.499876,-0.036486,0.642181,0.600279,-0.017800,0.637532,0.535398,-0.031032,0.632550,0.494295,-0.039370,0.630543,0.457926,-0.043456,0.663957,0.612417,-0.023324,0.654304,0.599476,-0.040202,0.642081,0.644300,-0.043410,0.637365,0.675271,-0.040773,0.680606,0.638020,-0.029834,0.664646,0.654669,-0.041998,0.653069,0.680689,-0.043157,0.649670,0.695583,-0.041023
1780504248.921,right,victory,0.658260,0.758089,0.000000,0.634439,0.739910,-0.010914,0.613654,0.706759,-0.018687,0.617783,0.684527,-0.027594,0.635454,0.676893,-0.036204,0.618181,0.611369,-0.013360,0.598580,0.558874,-0.024737,0.586744,0.527576,-0.030851,0.578987,0.498878,-0.035162,0.641895,0.600295,-0.017338,0.637121,0.535375,-0.029665,0.632292,0.495134,-0.037515,0.630371,0.459571,-0.041461,0.663614,0.611635,-0.022434,0.654146,0.598419,-0.038629,0.642101,0.642065,-0.042177,0.637342,0.672729,-0.040116,0.680237,0.636310,-0.028514,0.664934,0.657284,-0.040943,0.654132,0.682773,-0.043010,0.651167,0.696809,-0.041614
1780504249.053,right,victory,0.658242,0.758657,0.000000,0.635197,0.740441,-0.010840,0.614847,0.706623,-0.018692,0.619047,0.684586,-0.027752,0.636533,0.677000,-0.036521,0.618503,0.610954,-0.013397,0.599003,0.558626,-0.024869,0.587272,0.527278,-0.031032,0.579425,0.499053,-0.035307,0.642275,0.600371,-0.017485,0.637895,0.534632,-0.030171,0.632954,0.493908,-0.038237,0.630698,0.458452,-0.042202,0.664064,0.612015,-0.022687,0.654359,0.599279,-0.039272,0.642146,0.643475,-0.042908,0.637152,0.674467,-0.040657,0.681005,0.636566,-0.028818,0.665130,0.655210,-0.041218,0.653764,0.681085,-0.043037,0.650186,0.695993,-0.041379
1780504249.193,right,victory,0.659237,0.758224,0.000000,0.635305,0.739371,-0.010648,0.614737,0.705603,-0.018256,0.618825,0.683402,-0.027153,0.636048,0.675104,-0.035695,0.618871,0.610406,-0.012578,0.599463,0.558308,-0.023998,0.587831,0.526876,-0.030108,0.579982,0.498413,-0.034300,0.642335,0.600168,-0.016749,0.638034,0.533969,-0.029067,0.633376,0.493222,-0.036587,0.631453,0.457238,-0.040217,0.663955,0.612380,-0.022142,0.654900,0.596763,-0.038551,0.643064,0.640879,-0.041914,0.638300,0.671451,-0.039531,0.681114,0.637674,-0.028499,0.667503,0.654224,-0.040852,0.655636,0.679561,-0.042672,0.651078,0.693606,-0.041073
1780504249.342,right,victory,0.659066,0.758979,0.000000,0.635433,0.739908,-0.010757,0.614928,0.705987,-0.018642,0.619442,0.683740,-0.027839,0.636968,0.675395,-0.036698,0.618843,0.610837,-0.012927,0.599232,0.558349,-0.024399,0.587693,0.526810,-0.030603,0.579881,0.498343,-0.034867,0.642429,0.600701,-0.017088,0.638423,0.534789,-0.029662,0.633758,0.493661,-0.037507,0.631626,0.457110,-0.041353,0.663965,0.612695,-0.022439,0.654086,0.597870,-0.038844,0.642679,0.641983,-0.042221,0.638385,0.672101,-0.039838,0.680851,0.637669,-0.028764,0.666592,0.652775,-0.040918,0.655091,0.678167,-0.042521,0.651111,0.692382,-0.040782
1780504249.546,right,victory,0.659331,0.758989,0.000000,0.635871,0.740303,-0.010643,0.615353,0.705830,-0.018247,0.619691,0.683688,-0.027146,0.636638,0.676316,-0.035700,0.618854,0.609733,-0.012588,0.599398,0.557948,-0.023946,0.587673,0.526456,-0.030095,0.579758,0.498236,-0.034350,0.642584,0.599556,-0.016806,0.638289,0.534364,-0.029528,0.633645,0.493430,-0.037492,0.631727,0.457005,-0.041355,0.664199,0.611975,-0.022212,0.654712,0.598971,-0.038830,0.643126,0.643182,-0.042345,0.638700,0.672935,-0.039951,0.681058,0.637477,-0.028562,0.667024,0.653731,-0.040864,0.655482,0.678294,-0.042635,0.651449,0.691306,-0.040974
1780504249.657,right,victory,0.659279,0.757989,0.000000,0.635852,0.740163,-0.011042,0.614612,0.707334,-0.018958,0.619032,0.684550,-0.028031,0.636750,0.675266,-0.036707,0.618913,0.611283,-0.013652,0.599340,0.558784,-0.025143,0.587591,0.527539,-0.031293,0.579683,0.499090,-0.035518,0.642452,0.600674,-0.017589,0.638263,0.534682,-0.029939,0.633421,0.493882,-0.037469,0.631335,0.457358,-0.041181,0.664080,0.612471,-0.022722,0.654540,0.599042,-0.038864,0.643116,0.642537,-0.042191,0.638920,0.671859,-0.039916,0.681084,0.637280,-0.028877,0.667514,0.653416,-0.041013,0.656213,0.677779,-0.042849,0.652463,0.690525,-0.041357
1780504249.772,right,victory,0.658958,0.757752,0.000000,0.635013,0.739872,-0.011084,0.614700,0.706017,-0.018888,0.620197,0.684717,-0.027948,0.637671,0.675843,-0.036655,0.618931,0.609923,-0.012965,0.599234,0.558238,-0.024322,0.587411,0.526718,-0.030505,0.579711,0.498323,-0.034858,0.642686,0.599795,-0.017057,0.638043,0.535109,-0.029847,0.633342,0.494012,-0.038107,0.631820,0.457506,-0.042290,0.664228,0.612386,-0.022353,0.655418,0.598017,-0.039112,0.643386,0.643803,-0.042527,0.638834,0.674888,-0.040107,0.680810,0.638090,-0.028614,0.665638,0.654270,-0.041177,0.653844,0.680794,-0.042857,0.650147,0.695594,-0.041112
1780504249.917,right,victory,0.665271,0.762190,0.000000,0.640950,0.743628,-0.011744,0.621275,0.709004,-0.019796,0.632825,0.688486,-0.028883,0.656584,0.679558,-0.037430,0.620863,0.614990,-0.012269,0.602799,0.563987,-0.023835,0.591524,0.531622,-0.030643,0.583964,0.503665,-0.035304,0.643986,0.603126,-0.016383,0.640706,0.537490,-0.028024,0.638198,0.495099,-0.035652,0.638192,0.456669,-0.039616,0.666038,0.614781,-0.022010,0.663649,0.602911,-0.037054,0.655008,0.645510,-0.040288,0.650977,0.672944,-0.038234,0.684734,0.639929,-0.028829,0.674852,0.655986,-0.039272,0.664652,0.684201,-0.039737,0.659610,0.700020,-0.037637
1780504250.031,right,victory,0.666844,0.765713,0.000000,0.642226,0.745362,-0.012607,0.626288,0.709813,-0.021562,0.642286,0.690024,-0.031396,0.666220,0.678631,-0.041014,0.626991,0.614927,-0.013535,0.611961,0.563223,-0.024957,0.602833,0.529664,-0.032078,0.596755,0.497974,-0.037257,0.649689,0.605953,-0.017694,0.649418,0.539040,-0.028824,0.649679,0.496866,-0.035929,0.651684,0.457846,-0.040024,0.671664,0.619858,-0.023456,0.674072,0.595755,-0.038608,0.665163,0.641137,-0.040997,0.660264,0.673003,-0.038648,0.690861,0.647024,-0.030461,0.685401,0.650513,-0.041260,0.676202,0.679987,-0.040746,0.671188,0.698340,-0.038122
1780504250.157,right,victory,0.668178,0.767209,0.000000,0.644484,0.746941,-0.013916,0.629601,0.710486,-0.023140,0.646549,0.690218,-0.032934,0.670362,0.678428,-0.042291,0.630979,0.612708,-0.013936,0.618194,0.560445,-0.025267,0.610188,0.526453,-0.032414,0.605048,0.494446,-0.037869,0.654070,0.604138,-0.017560,0.654986,0.538708,-0.029070,0.656786,0.496970,-0.036530,0.660169,0.458026,-0.041014,0.676043,0.619513,-0.022897,0.681918,0.594139,-0.039022,0.672199,0.641772,-0.041236,0.665941,0.675885,-0.038636,0.695092,0.648521,-0.029581,0.691386,0.650590,-0.042104,0.681881,0.680211,-0.042237,0.675880,0.699265,-0.039805
1780504250.254,right,victory,0.667950,0.770057,0.000000,0.644767,0.750048,-0.014350,0.630395,0.713773,-0.024134,0.647508,0.693793,-0.034298,0.670518,0.682554,-0.044053,0.631922,0.615163,-0.015832,0.618798,0.562782,-0.028252,0.610494,0.527860,-0.035979,0.605020,0.495801,-0.041717,0.655361,0.605666,-0.019355,0.656280,0.537119,-0.031991,0.658342,0.496146,-0.040124,0.662173,0.457948,-0.044755,0.677390,0.620575,-0.024437,0.681495,0.600496,-0.041142,0.671038,0.646795,-0.043635,0.664607,0.677970,-0.041033,0.696008,0.649256,-0.030819,0.689888,0.655305,-0.043020,0.679466,0.685414,-0.042857,0.673153,0.703389,-0.040194
1780504250.362,right,victory,0.670392,0.769745,0.000000,0.647178,0.749356,-0.013882,0.631792,0.712053,-0.023242,0.646685,0.691921,-0.033276,0.669061,0.680433,-0.042729,0.633833,0.613288,-0.014412,0.619415,0.559275,-0.026837,0.610776,0.523901,-0.034333,0.605200,0.491951,-0.039800,0.657628,0.604502,-0.018051,0.658369,0.536387,-0.031199,0.659906,0.494948,-0.039557,0.663482,0.456424,-0.044195,0.679565,0.619522,-0.023343,0.682403,0.598183,-0.041040,0.671497,0.645572,-0.043674,0.665176,0.677536,-0.040771,0.698064,0.647957,-0.029865,0.691090,0.653692,-0.042963,0.679814,0.683507,-0.043275,0.673188,0.701603,-0.040686
1780504250.542,right,victory,0.671992,0.768044,0.000000,0.648221,0.746395,-0.013088,0.633530,0.710328,-0.022397,0.647711,0.691038,-0.032591,0.668221,0.679911,-0.042353,0.635374,0.610404,-0.013977,0.621235,0.558340,-0.026106,0.612606,0.523556,-0.033606,0.606631,0.491924,-0.039138,0.659055,0.602560,-0.018078,0.660268,0.534548,-0.030917,0.661680,0.492808,-0.039292,0.664939,0.454759,-0.044043,0.680998,0.618663,-0.023713,0.682225,0.596292,-0.040922,0.671517,0.641555,-0.043698,0.665726,0.672980,-0.041036,0.699585,0.648074,-0.030510,0.691841,0.650378,-0.043168,0.680429,0.677926,-0.043288,0.673925,0.695627,-0.040619
1780504250.640,right,victory,0.670615,0.761884,0.000000,0.646380,0.734619,-0.009779,0.629528,0.697676,-0.017940,0.641215,0.682280,-0.027523,0.661698,0.679447,-0.037278,0.640119,0.603005,-0.013292,0.626937,0.548710,-0.024409,0.618826,0.514742,-0.030941,0.613652,0.483541,-0.035678,0.665034,0.596751,-0.018186,0.666551,0.531806,-0.029273,0.667018,0.491169,-0.036718,0.669738,0.455382,-0.040933,0.686969,0.613742,-0.024236,0.680717,0.600337,-0.039092,0.668012,0.641561,-0.042948,0.662649,0.671095,-0.041533,0.704440,0.643604,-0.031105,0.688624,0.654383,-0.041848,0.675603,0.677992,-0.042656,0.670326,0.693050,-0.040864
1780504250.758,right,victory,0.680836,0.741811,0.000000,0.657592,0.707574,-0.009560,0.638666,0.671291,-0.019021,0.629003,0.647858,-0.029965,0.639062,0.656026,-0.040673,0.664285,0.582330,-0.012514,0.652665,0.523985,-0.023072,0.644659,0.487996,-0.029128,0.639121,0.457020,-0.033741,0.688240,0.587406,-0.017395,0.692461,0.528701,-0.029647,0.692806,0.491599,-0.037082,0.693630,0.460182,-0.040997,0.706272,0.610492,-0.023285,0.687682,0.598918,-0.039218,0.668883,0.627859,-0.042619,0.658876,0.650965,-0.040657,0.716500,0.643336,-0.029911,0.692446,0.647371,-0.040300,0.675490,0.658168,-0.040820,0.666103,0.664651,-0.039017
1780504250.864,right,victory,0.685672,0.735698,0.000000,0.660367,0.695761,-0.011166,0.640392,0.658764,-0.022248,0.629155,0.635721,-0.034524,0.635143,0.644902,-0.046280,0.675552,0.577116,-0.014478,0.664395,0.519601,-0.026575,0.655797,0.483872,-0.034419,0.650111,0.453237,-0.040534,0.698633,0.586733,-0.019532,0.699972,0.531553,-0.033673,0.698104,0.493012,-0.043158,0.697094,0.460168,-0.048633,0.713639,0.612349,-0.025723,0.686888,0.594516,-0.042920,0.663823,0.619458,-0.046966,0.651155,0.641161,-0.045680,0.717638,0.647084,-0.032879,0.685145,0.649237,-0.044282,0.665544,0.659307,-0.045531,0.654888,0.667541,-0.044311
1780504250.981,right,victory,0.690645,0.731480,0.000000,0.664501,0.685828,-0.012180,0.645092,0.652410,-0.026442,0.630927,0.631983,-0.041431,0.631744,0.637188,-0.055997,0.679843,0.578313,-0.021519,0.669812,0.518595,-0.035984,0.660939,0.482863,-0.044743,0.654673,0.452405,-0.050870,0.701034,0.592961,-0.026614,0.702608,0.539019,-0.042583,0.697924,0.505801,-0.051084,0.694013,0.475553,-0.055355,0.713429,0.621066,-0.032570,0.677903,0.604824,-0.049925,0.654527,0.624039,-0.052401,0.643659,0.638342,-0.050408,0.714098,0.655423,-0.039618,0.680195,0.652835,-0.050026,0.660891,0.659717,-0.049358,0.651757,0.664508,-0.047118
1780504251.085,right,victory,0.693994,0.730027,0.000000,0.667553,0.681261,-0.008447,0.649062,0.643414,-0.021308,0.633417,0.626383,-0.035099,0.631011,0.636157,-0.048898,0.682816,0.585041,-0.021807,0.674036,0.523979,-0.036086,0.664929,0.486017,-0.043620,0.658664,0.454926,-0.048784,0.701526,0.602262,-0.028662,0.701248,0.543219,-0.047243,0.693137,0.508678,-0.056436,0.685439,0.482274,-0.060310,0.710887,0.629427,-0.035596,0.669389,0.610583,-0.053641,0.648331,0.622490,-0.055648,0.640514,0.629864,-0.052952,0.708070,0.659546,-0.043145,0.668763,0.653058,-0.052015,0.654471,0.659779,-0.049918,0.651610,0.662664,-0.046944
1780504251.187,right,victory,0.694646,0.728010,0.000000,0.668051,0.678274,-0.007274,0.650348,0.638387,-0.019150,0.633673,0.623913,-0.031863,0.627609,0.634138,-0.044932,0.681723,0.584912,-0.023126,0.674158,0.525323,-0.036845,0.665657,0.487880,-0.043842,0.659266,0.455899,-0.048754,0.699535,0.604374,-0.030248,0.700125,0.550689,-0.048442,0.693248,0.518831,-0.056573,0.685622,0.495407,-0.059891,0.708331,0.633752,-0.037178,0.668478,0.613690,-0.055315,0.645586,0.621217,-0.057488,0.634407,0.626811,-0.054965,0.706048,0.666609,-0.044403,0.667192,0.656470,-0.053350,0.650803,0.658555,-0.051322,0.645200,0.658333,-0.048492
1780504251.421,right,victory,0.696119,0.727602,0.000000,0.667382,0.675938,-0.008692,0.651756,0.636223,-0.022005,0.637828,0.617907,-0.035695,0.633973,0.619837,-0.049538,0.687741,0.584476,-0.027765,0.677727,0.525498,-0.043129,0.667795,0.485810,-0.051347,0.659794,0.452324,-0.057081,0.702290,0.606371,-0.034245,0.697969,0.553144,-0.055277,0.690077,0.518890,-0.064283,0.681878,0.492732,-0.068116,0.707671,0.636238,-0.040325,0.664216,0.612578,-0.060392,0.642397,0.618424,-0.060953,0.632644,0.620863,-0.057092,0.702329,0.669154,-0.046830,0.662194,0.653607,-0.056988,0.646999,0.653988,-0.053948,0.643460,0.651701,-0.050114
1780504251.576,right,victory,0.699730,0.726754,0.000000,0.672993,0.673118,-0.006445,0.654933,0.633431,-0.019446,0.636302,0.619341,-0.033150,0.625730,0.622187,-0.047415,0.690270,0.586774,-0.028468,0.677347,0.526061,-0.043983,0.667156,0.487707,-0.052633,0.659059,0.454608,-0.058715,0.702774,0.610135,-0.035929,0.695399,0.556641,-0.056578,0.687251,0.523823,-0.065916,0.678771,0.498585,-0.070539,0.706160,0.640734,-0.042612,0.663913,0.612579,-0.062228,0.641210,0.617874,-0.064070,0.629329,0.622596,-0.061620,0.699539,0.673437,-0.049401,0.662239,0.654245,-0.060187,0.644188,0.651964,-0.058442,0.635826,0.649988,-0.055746
1780504251.763,right,victory,0.703830,0.728142,0.000000,0.678620,0.667579,-0.005407,0.658829,0.623854,-0.020419,0.635817,0.614098,-0.036175,0.621853,0.629322,-0.052607,0.694552,0.587218,-0.034124,0.677876,0.526609,-0.051078,0.665273,0.488468,-0.060759,0.654912,0.456546,-0.068214,0.704341,0.613927,-0.042672,0.690397,0.562801,-0.065274,0.678621,0.529325,-0.075469,0.668832,0.505288,-0.081913,0.703498,0.647168,-0.049903,0.658003,0.615227,-0.068350,0.635416,0.620636,-0.068463,0.624994,0.626575,-0.066323,0.694573,0.680951,-0.057328,0.656803,0.657190,-0.067458,0.638672,0.651002,-0.066230,0.630306,0.646542,-0.064940
1780504251.893,right,victory,0.699874,0.749705,0.000000,0.676578,0.683603,-0.002139,0.649752,0.638181,-0.014446,0.620533,0.638973,-0.027651,0.602839,0.660259,-0.042748,0.675228,0.605705,-0.031195,0.652549,0.550968,-0.046174,0.638283,0.517594,-0.055091,0.627171,0.488960,-0.061683,0.682611,0.636784,-0.040132,0.658092,0.592507,-0.058267,0.640852,0.566934,-0.066209,0.627631,0.550215,-0.071553,0.682214,0.675385,-0.047452,0.635032,0.641029,-0.063759,0.614063,0.644167,-0.065125,0.604800,0.651930,-0.063951,0.675210,0.716695,-0.054166,0.634246,0.688270,-0.063389,0.618716,0.678471,-0.061765,0.613923,0.674075,-0.059906
1780504252.022,right,victory,0.695642,0.764214,0.000000,0.680289,0.698534,0.000601,0.652037,0.649715,-0.006885,0.619404,0.634873,-0.014610,0.595654,0.631726,-0.023681,0.664550,0.627167,-0.023570,0.631148,0.581193,-0.034687,0.611828,0.554868,-0.039641,0.598048,0.529858,-0.042997,0.666109,0.664564,-0.030418,0.624605,0.631333,-0.042801,0.602747,0.617890,-0.045251,0.590411,0.610070,-0.046967,0.662904,0.705719,-0.035870,0.613551,0.682036,-0.047669,0.597465,0.676667,-0.045244,0.594091,0.675306,-0.041929,0.657031,0.744178,-0.040516,0.615412,0.718170,-0.048297,0.602317,0.704265,-0.046010,0.599849,0.693631,-0.043169
1780504252.155,right,victory,0.697031,0.765672,0.000000,0.685635,0.700109,-0.002311,0.656614,0.655637,-0.012786,0.619479,0.651899,-0.022407,0.593945,0.659653,-0.033452,0.669042,0.634877,-0.033090,0.632096,0.588229,-0.046976,0.612286,0.561116,-0.053118,0.597027,0.536281,-0.056945,0.668478,0.674782,-0.038858,0.624978,0.640480,-0.053823,0.603507,0.626062,-0.057460,0.590803,0.615062,-0.060333,0.662907,0.716110,-0.042953,0.612520,0.684777,-0.057071,0.597891,0.679038,-0.055989,0.595061,0.678391,-0.053685,0.654821,0.754041,-0.046153,0.616115,0.720103,-0.055008,0.603980,0.702925,-0.053860,0.600142,0.690418,-0.052362
1780504252.360,right,victory,0.696689,0.762599,0.000000,0.686645,0.697716,-0.000998,0.659160,0.653443,-0.010645,0.624989,0.648202,-0.019192,0.599610,0.652411,-0.029080,0.668247,0.632986,-0.034444,0.630838,0.587522,-0.047914,0.611383,0.560663,-0.054028,0.596042,0.536323,-0.057656,0.667580,0.674881,-0.039871,0.622388,0.643494,-0.053110,0.600879,0.628348,-0.055232,0.588380,0.618215,-0.057145,0.662378,0.717168,-0.043276,0.610136,0.686577,-0.055135,0.598082,0.678480,-0.051492,0.598271,0.676936,-0.047682,0.655067,0.754740,-0.045808,0.616859,0.720433,-0.053187,0.608794,0.703095,-0.049923,0.609900,0.690661,-0.046627
1780504252.465,right,victory,0.697923,0.758963,0.000000,0.688434,0.695609,-0.001936,0.660869,0.653781,-0.012514,0.626454,0.651843,-0.021804,0.600557,0.657503,-0.032623,0.670457,0.632848,-0.037566,0.633085,0.586595,-0.051644,0.613637,0.560167,-0.057639,0.598351,0.536765,-0.061066,0.669746,0.674150,-0.042713,0.625506,0.640850,-0.056731,0.603597,0.625757,-0.059347,0.590807,0.615891,-0.061597,0.664241,0.716032,-0.045749,0.612335,0.685065,-0.058454,0.597833,0.677771,-0.056117,0.595847,0.676774,-0.053268,0.656706,0.752860,-0.047822,0.618046,0.718892,-0.056495,0.606765,0.700518,-0.054772,0.604756,0.687263,-0.052624
1780504252.577,right,victory,0.699339,0.758781,0.000000,0.688205,0.693308,-0.002433,0.658653,0.650124,-0.013322,0.622913,0.644951,-0.023001,0.595996,0.649003,-0.034056,0.672638,0.637046,-0.036661,0.634822,0.594580,-0.050822,0.613801,0.568541,-0.056912,0.597021,0.546823,-0.060559,0.671646,0.681028,-0.042141,0.624932,0.652741,-0.058305,0.604146,0.641835,-0.061571,0.593525,0.638111,-0.063244,0.666485,0.723594,-0.045505,0.612404,0.696374,-0.059607,0.602552,0.685445,-0.056474,0.605152,0.681495,-0.052161,0.659651,0.760213,-0.047973,0.620630,0.728935,-0.056625,0.611946,0.709614,-0.053795,0.613218,0.696254,-0.050429
1780504252.762,right,victory,0.698924,0.759193,0.000000,0.685799,0.697518,-0.002458,0.655308,0.658473,-0.013899,0.620300,0.659696,-0.024058,0.595087,0.669290,-0.035347,0.671220,0.639685,-0.038172,0.632740,0.601086,-0.052995,0.612259,0.575892,-0.059856,0.595731,0.554083,-0.064175,0.671497,0.683447,-0.043773,0.625538,0.660034,-0.060050,0.604285,0.648167,-0.062883,0.592270,0.641777,-0.064508,0.667685,0.726587,-0.047266,0.614053,0.703830,-0.060987,0.606334,0.696387,-0.056013,0.611091,0.694400,-0.050392,0.661807,0.763580,-0.050072,0.623292,0.733599,-0.058526,0.613920,0.714944,-0.054912,0.614863,0.701500,-0.050922
1780504253.172,right,victory,0.698900,0.755153,0.000000,0.688154,0.693204,-0.002192,0.657443,0.655390,-0.012252,0.622700,0.655273,-0.021072,0.597406,0.662490,-0.031151,0.670767,0.635789,-0.035262,0.633227,0.595843,-0.048751,0.612425,0.571603,-0.054780,0.596006,0.550649,-0.058378,0.671033,0.677978,-0.040219,0.623655,0.660341,-0.054481,0.601158,0.649697,-0.057027,0.589406,0.644602,-0.058616,0.667138,0.720166,-0.043221,0.613958,0.701622,-0.055617,0.601534,0.689616,-0.052223,0.602248,0.684187,-0.048050,0.661182,0.756827,-0.045413,0.621577,0.731332,-0.053595,0.610430,0.713124,-0.050927,0.609627,0.699628,-0.047565
1780504253.301,right,victory,0.697449,0.756728,0.000000,0.685290,0.695022,-0.003775,0.653876,0.653731,-0.015060,0.618122,0.650558,-0.024686,0.592039,0.656751,-0.035812,0.669992,0.633546,-0.039513,0.632616,0.594398,-0.054434,0.611148,0.569931,-0.060975,0.594275,0.548105,-0.065019,0.671727,0.673966,-0.044595,0.626055,0.649461,-0.060878,0.602074,0.644489,-0.064280,0.589335,0.644986,-0.066476,0.668519,0.716484,-0.047662,0.616661,0.698712,-0.061919,0.600669,0.693532,-0.059565,0.598775,0.693143,-0.056231,0.662513,0.754541,-0.049881,0.622353,0.729238,-0.058871,0.607987,0.712197,-0.057044,0.604498,0.698810,-0.054788
1780504253.445,right,victory,0.695279,0.753705,0.000000,0.683392,0.689478,-0.001238,0.652165,0.660630,-0.010735,0.618928,0.674163,-0.019535,0.596960,0.692384,-0.030027,0.657421,0.638297,-0.031252,0.619562,0.605338,-0.043543,0.596533,0.586174,-0.049525,0.578611,0.568960,-0.053286,0.657255,0.682289,-0.036683,0.610044,0.666563,-0.049869,0.585073,0.657745,-0.052755,0.569579,0.653450,-0.054343,0.655388,0.725748,-0.040069,0.605999,0.713644,-0.050723,0.595293,0.704291,-0.046712,0.595477,0.698499,-0.042034,0.653646,0.762752,-0.042810,0.618586,0.745485,-0.048136,0.613279,0.732397,-0.042433,0.617593,0.723257,-0.036870
1780504253.634,right,victory,0.708613,0.716270,-0.000000,0.672764,0.736601,-0.011722,0.633491,0.749153,-0.020015,0.605560,0.769638,-0.027124,0.584213,0.786304,-0.034831,0.614840,0.678458,-0.022614,0.564216,0.695693,-0.036823,0.536170,0.714701,-0.046151,0.514743,0.730400,-0.051367,0.626919,0.665766,-0.022808,0.575719,0.709451,-0.035370,0.545397,0.748363,-0.041674,0.521456,0.778161,-0.045310,0.642139,0.666124,-0.023501,0.610512,0.737906,-0.035574,0.608686,0.769319,-0.036909,0.610239,0.786170,-0.035456,0.659981,0.673210,-0.024990,0.636685,0.725438,-0.031581,0.632432,0.751398,-0.028180,0.631187,0.770163,-0.023909
1780504253.741,right,victory,0.724699,0.687654,-0.000000,0.698617,0.766755,-0.014263,0.653509,0.817266,-0.019425,0.617865,0.836698,-0.022327,0.597812,0.846641,-0.025785,0.614895,0.750533,-0.018711,0.575481,0.804826,-0.025800,0.555631,0.838798,-0.031917,0.538165,0.866942,-0.037048,0.613743,0.712629,-0.015514,0.591771,0.814447,-0.023579,0.585126,0.883955,-0.028573,0.577580,0.937369,-0.032480,0.621438,0.690179,-0.012740,0.610410,0.776031,-0.021672,0.619759,0.800774,-0.022821,0.626415,0.811808,-0.022790,0.634112,0.676889,-0.010875,0.623952,0.747421,-0.016438,0.630466,0.768093,-0.013095,0.638998,0.776971,-0.009243
1780504253.897,right,victory,0.719627,0.670535,0.000000,0.667532,0.645035,-0.011995,0.623351,0.687787,-0.017734,0.602973,0.750558,-0.020143,0.600367,0.795762,-0.022339,0.618863,0.739797,-0.031593,0.574293,0.805322,-0.034263,0.553688,0.838344,-0.034905,0.535712,0.869767,-0.036342,0.636942,0.782468,-0.025952,0.607071,0.879461,-0.033525,0.588517,0.930897,-0.038141,0.576757,0.973273,-0.042163,0.656057,0.807359,-0.017927,0.628949,0.850067,-0.025550,0.627829,0.818163,-0.027917,0.635083,0.791926,-0.028043,0.668563,0.815104,-0.009873,0.643528,0.832891,-0.014954,0.640171,0.805358,-0.014148,0.645069,0.778829,-0.012105
1780504254.047,right,victory,0.682692,0.649228,0.000000,0.682114,0.715124,-0.016278,0.654039,0.777616,-0.022611,0.625618,0.804440,-0.025233,0.605584,0.806849,-0.027382,0.635259,0.789055,-0.032157,0.607562,0.870718,-0.042104,0.592773,0.920026,-0.046054,0.580553,0.953000,-0.048592,0.620888,0.762507,-0.027971,0.591756,0.847123,-0.039438,0.572282,0.901389,-0.044213,0.557430,0.941079,-0.046762,0.614193,0.734750,-0.023401,0.603728,0.793870,-0.036389,0.617238,0.782476,-0.037520,0.629061,0.764201,-0.035034,0.611929,0.710660,-0.019504,0.608173,0.756880,-0.031842,0.617377,0.751322,-0.032339,0.625325,0.735772,-0.029495
1780504254.134,right,victory,0.690518,0.634710,0.000000,0.637866,0.636536,-0.009921,0.607208,0.694996,-0.013680,0.607677,0.762748,-0.014660,0.622527,0.801052,-0.014632,0.615179,0.752530,-0.024960,0.573858,0.824851,-0.030543,0.554547,0.865934,-0.030160,0.542399,0.898433,-0.027854,0.641261,0.786486,-0.021154,0.612849,0.884819,-0.027650,0.595757,0.938820,-0.028448,0.587697,0.976670,-0.026797,0.661845,0.799198,-0.015834,0.635951,0.834306,-0.021495,0.628254,0.807829,-0.020898,0.632280,0.782426,-0.016760,0.675155,0.798098,-0.010871,0.650621,0.812796,-0.010746,0.645538,0.790927,-0.005818,0.650137,0.768963,0.000121
1780504254.392,right,victory,0.685322,0.630679,0.000000,0.631279,0.639019,-0.012336,0.602145,0.702106,-0.019503,0.607122,0.771360,-0.023255,0.623716,0.808960,-0.026200,0.612216,0.748610,-0.034246,0.571635,0.824553,-0.044671,0.553577,0.870280,-0.047548,0.542185,0.906481,-0.047399,0.640413,0.782761,-0.030549,0.613511,0.886477,-0.041540,0.596762,0.946523,-0.043884,0.588258,0.989741,-0.043167,0.662217,0.797018,-0.025068,0.632381,0.841529,-0.033100,0.623469,0.816472,-0.030569,0.626536,0.790505,-0.025072,0.675574,0.797326,-0.020176,0.647537,0.816617,-0.021668,0.640486,0.795400,-0.015615,0.643544,0.773900,-0.008733
1780504254.509,right,victory,0.684845,0.632094,0.000000,0.630923,0.638719,-0.013036,0.601220,0.701070,-0.020268,0.607024,0.769925,-0.023981,0.624785,0.804862,-0.027082,0.611291,0.748004,-0.034491,0.571221,0.823827,-0.044955,0.552660,0.868923,-0.047693,0.540972,0.904925,-0.047273,0.639397,0.782359,-0.030708,0.612067,0.890758,-0.042232,0.595795,0.955672,-0.045093,0.588296,1.003213,-0.044337,0.661384,0.796090,-0.025094,0.632880,0.842302,-0.034611,0.624837,0.816364,-0.033040,0.628618,0.789064,-0.027457,0.675119,0.795596,-0.019933,0.647912,0.815848,-0.022157,0.641878,0.793107,-0.016042,0.645853,0.769822,-0.008819
1780504254.653,right,victory,0.676893,0.604228,0.000000,0.622119,0.623611,-0.009617,0.599703,0.689320,-0.015716,0.605512,0.750861,-0.019564,0.619122,0.789406,-0.022995,0.603851,0.732741,-0.028767,0.569001,0.809795,-0.039353,0.551372,0.855611,-0.042876,0.539953,0.891152,-0.043279,0.633704,0.762463,-0.026426,0.611487,0.862973,-0.038013,0.597242,0.924327,-0.041304,0.589575,0.971037,-0.041352,0.658172,0.773793,-0.022676,0.636495,0.828283,-0.031743,0.622692,0.807327,-0.031007,0.618376,0.783726,-0.026696,0.673429,0.771201,-0.019236,0.650187,0.802134,-0.021672,0.638876,0.784918,-0.016904,0.636368,0.763490,-0.010934
1780504254.770,right,victory,0.678968,0.585382,0.000000,0.625379,0.603238,-0.009888,0.601965,0.668409,-0.016116,0.606546,0.733507,-0.019747,0.618748,0.774334,-0.022596,0.606470,0.709021,-0.028941,0.570490,0.787888,-0.038960,0.552253,0.834078,-0.042083,0.540492,0.869998,-0.042145,0.635210,0.740219,-0.026117,0.613255,0.842210,-0.037684,0.599221,0.904673,-0.040833,0.591998,0.952177,-0.040549,0.658521,0.753495,-0.021649,0.633217,0.808386,-0.029535,0.621648,0.789588,-0.027266,0.620829,0.767329,-0.021932,0.672885,0.753218,-0.017575,0.647339,0.782910,-0.018265,0.637137,0.767317,-0.012069,0.636775,0.746350,-0.005077
1780504254.867,right,victory,0.679922,0.565829,0.000000,0.627065,0.582175,-0.012746,0.602149,0.646501,-0.020598,0.604848,0.714073,-0.025159,0.617338,0.756790,-0.028544,0.608019,0.686483,-0.032407,0.570046,0.765914,-0.043560,0.551237,0.811535,-0.046895,0.538576,0.846767,-0.046884,0.637033,0.717589,-0.028651,0.613491,0.822753,-0.042323,0.598363,0.885672,-0.045773,0.590267,0.932984,-0.045240,0.660846,0.732115,-0.023423,0.633104,0.788156,-0.033494,0.622778,0.768421,-0.030836,0.623864,0.745608,-0.024476,0.675518,0.733882,-0.018761,0.647510,0.765418,-0.020593,0.638746,0.748557,-0.013975,0.640070,0.727075,-0.006339
1780504254.967,right,victory,0.680107,0.560623,0.000000,0.628211,0.573265,-0.010181,0.600968,0.634897,-0.017307,0.603482,0.703646,-0.021579,0.616562,0.745482,-0.025110,0.604421,0.675212,-0.031360,0.567597,0.755416,-0.041430,0.549630,0.801112,-0.044004,0.537933,0.836768,-0.043659,0.633103,0.707035,-0.028849,0.609935,0.813263,-0.039864,0.596332,0.877146,-0.041810,0.590336,0.926345,-0.040949,0.657341,0.721848,-0.024559,0.632079,0.783220,-0.032149,0.622042,0.761637,-0.028583,0.623173,0.736684,-0.022602,0.673148,0.723603,-0.020670,0.648266,0.755994,-0.021334,0.640275,0.738564,-0.014437,0.641772,0.717378,-0.007148
1780504255.062,right,victory,0.683167,0.559276,0.000000,0.630650,0.565347,-0.011414,0.602711,0.628049,-0.019747,0.604577,0.699115,-0.024746,0.616938,0.745411,-0.029124,0.605226,0.663415,-0.036269,0.567923,0.745542,-0.047111,0.548931,0.790388,-0.050156,0.535545,0.826307,-0.050196,0.634676,0.697178,-0.032535,0.611644,0.807017,-0.044428,0.596992,0.871449,-0.047180,0.589343,0.921323,-0.047217,0.658966,0.715295,-0.026621,0.631930,0.780535,-0.034923,0.622437,0.755409,-0.031204,0.624594,0.728772,-0.025197,0.673967,0.720905,-0.021035,0.646742,0.752695,-0.022659,0.639537,0.732281,-0.016077,0.641997,0.710518,-0.008995
1780504255.159,right,victory,0.683634,0.560368,0.000000,0.632008,0.559662,-0.012307,0.604667,0.619573,-0.021420,0.607221,0.693728,-0.026914,0.618186,0.743074,-0.031643,0.606562,0.657001,-0.038646,0.568037,0.740378,-0.049906,0.549577,0.787252,-0.052973,0.537557,0.825418,-0.053200,0.635268,0.692768,-0.034278,0.610807,0.803647,-0.046523,0.595996,0.867267,-0.049045,0.588275,0.918130,-0.049013,0.658540,0.712228,-0.027579,0.631926,0.779767,-0.035960,0.621670,0.755904,-0.032035,0.623040,0.731343,-0.026068,0.673017,0.718612,-0.021267,0.646000,0.748298,-0.023671,0.637389,0.728216,-0.017730,0.638636,0.707559,-0.011033
1780504255.254,right,victory,0.682754,0.557676,0.000000,0.630527,0.561099,-0.009891,0.604199,0.625265,-0.018335,0.606291,0.699229,-0.023551,0.616905,0.747681,-0.028150,0.604511,0.654785,-0.037246,0.567335,0.735265,-0.048929,0.548251,0.781071,-0.052761,0.535473,0.819312,-0.053692,0.632722,0.691816,-0.033970,0.608425,0.800361,-0.046160,0.593067,0.863084,-0.048703,0.584862,0.914049,-0.048910,0.656193,0.712467,-0.028211,0.630033,0.782135,-0.036112,0.618268,0.760154,-0.032320,0.618390,0.736912,-0.026823,0.670629,0.719212,-0.022692,0.643013,0.746967,-0.025067,0.633475,0.727094,-0.019596,0.633498,0.707454,-0.013455
1780504255.370,right,victory,0.680769,0.549007,0.000000,0.628995,0.553978,-0.009695,0.603236,0.616935,-0.017977,0.605963,0.690787,-0.023760,0.615486,0.739003,-0.029175,0.601689,0.646417,-0.033328,0.562884,0.722038,-0.046242,0.542044,0.766545,-0.051583,0.526611,0.801854,-0.053362,0.628239,0.682080,-0.030991,0.601834,0.782632,-0.042792,0.585700,0.845468,-0.045737,0.576882,0.895229,-0.046443,0.651834,0.701548,-0.026735,0.625740,0.762382,-0.035045,0.620326,0.734880,-0.030289,0.625169,0.707898,-0.023872,0.668293,0.706344,-0.022920,0.643870,0.734473,-0.025636,0.638714,0.712736,-0.019237,0.642326,0.691661,-0.012249
1780504255.504,right,victory,0.669554,0.534624,0.000000,0.622831,0.546058,-0.010516,0.600960,0.615154,-0.021673,0.608054,0.693617,-0.029909,0.619062,0.746243,-0.038064,0.597857,0.629607,-0.042135,0.561654,0.709585,-0.057700,0.541112,0.755698,-0.064105,0.525286,0.793717,-0.066547,0.623514,0.662162,-0.039543,0.600584,0.772555,-0.053385,0.586715,0.839032,-0.056789,0.580198,0.891856,-0.058324,0.646285,0.680643,-0.034272,0.626686,0.756017,-0.042878,0.621087,0.727779,-0.036380,0.624403,0.700023,-0.029239,0.662217,0.686711,-0.029393,0.642189,0.726661,-0.032016,0.637176,0.704819,-0.024510,0.639350,0.683513,-0.017085
1780504255.611,right,victory,0.653351,0.549141,0.000000,0.615621,0.617820,-0.011903,0.595747,0.682068,-0.021890,0.601330,0.734796,-0.030078,0.613752,0.757536,-0.038308,0.568153,0.623610,-0.032716,0.540658,0.670510,-0.048730,0.523470,0.700802,-0.057634,0.505196,0.734938,-0.063518,0.582012,0.610821,-0.034911,0.553373,0.654932,-0.051071,0.533746,0.695309,-0.058807,0.517507,0.731056,-0.064905,0.604160,0.612353,-0.037305,0.602064,0.691604,-0.055139,0.609989,0.739106,-0.062021,0.617370,0.770322,-0.064177,0.629070,0.623028,-0.039861,0.627594,0.695561,-0.050095,0.626554,0.734891,-0.053475,0.627392,0.762040,-0.055883
1780504255.700,right,victory,0.654714,0.610677,0.000001,0.639604,0.670465,-0.020450,0.625559,0.713087,-0.038633,0.614335,0.747238,-0.056173,0.607033,0.732959,-0.073010,0.564352,0.670361,-0.030863,0.526879,0.711099,-0.047718,0.503158,0.742674,-0.057627,0.483595,0.764750,-0.064358,0.561725,0.626506,-0.032938,0.519551,0.647947,-0.051941,0.492094,0.670820,-0.062938,0.472417,0.691402,-0.068567,0.570649,0.594178,-0.036192,0.565918,0.658662,-0.059098,0.587134,0.692677,-0.065399,0.606916,0.710380,-0.064191,0.589245,0.583308,-0.040680,0.596974,0.645245,-0.057292,0.611053,0.678581,-0.060322,0.624577,0.698664,-0.059318
1780504255.787,right,victory,0.656286,0.621414,0.000000,0.646196,0.670709,-0.014798,0.627730,0.717291,-0.026702,0.611812,0.741722,-0.039389,0.596139,0.719860,-0.051262,0.564203,0.688117,-0.017729,0.528057,0.726067,-0.033754,0.504612,0.753685,-0.042764,0.484003,0.771980,-0.048305,0.558414,0.643942,-0.021674,0.514313,0.662935,-0.038550,0.486571,0.680921,-0.048403,0.464998,0.693622,-0.052673,0.565464,0.605420,-0.027212,0.551391,0.648333,-0.050696,0.575627,0.678583,-0.056277,0.598003,0.693295,-0.053566,0.580536,0.581186,-0.033594,0.586404,0.640645,-0.052114,0.603241,0.676724,-0.054977,0.617682,0.695395,-0.052552
1780504255.884,right,victory,0.655829,0.616489,0.000000,0.644801,0.666736,-0.013379,0.624642,0.711266,-0.023726,0.605562,0.732567,-0.034899,0.587148,0.715229,-0.045376,0.561373,0.686021,-0.015520,0.525352,0.724980,-0.030040,0.502585,0.751643,-0.038048,0.482706,0.769435,-0.042789,0.554902,0.642194,-0.019487,0.509778,0.661006,-0.034470,0.482993,0.679784,-0.042941,0.463000,0.693896,-0.046423,0.561213,0.604468,-0.025049,0.546020,0.645949,-0.046950,0.568349,0.671462,-0.053077,0.589632,0.682306,-0.051276,0.575165,0.580576,-0.031339,0.580320,0.639072,-0.049169,0.597017,0.675195,-0.052754,0.611778,0.694325,-0.051234
1780504255.983,right,victory,0.651815,0.609844,0.000000,0.639135,0.662852,-0.010757,0.616655,0.704931,-0.019473,0.596414,0.723115,-0.029543,0.578586,0.705714,-0.039193,0.556516,0.678363,-0.012413,0.520324,0.714033,-0.025308,0.498519,0.738226,-0.032041,0.479603,0.754166,-0.035944,0.550707,0.635714,-0.017114,0.504454,0.652368,-0.030616,0.478227,0.669716,-0.038169,0.459127,0.681497,-0.041145,0.557107,0.598503,-0.023226,0.538065,0.636274,-0.043781,0.559414,0.665323,-0.049845,0.580520,0.678958,-0.048272,0.570933,0.574113,-0.029779,0.574728,0.630450,-0.046446,0.591118,0.667017,-0.050025,0.605918,0.686767,-0.048716
1780504256.077,right,victory,0.650315,0.607487,0.000000,0.636877,0.660255,-0.011304,0.613349,0.702463,-0.020263,0.591310,0.718198,-0.030534,0.572893,0.698747,-0.040176,0.555418,0.676371,-0.012613,0.518466,0.712664,-0.025704,0.496372,0.735543,-0.032608,0.476819,0.749439,-0.036801,0.549212,0.632815,-0.017244,0.503038,0.649630,-0.031366,0.476422,0.665645,-0.039507,0.456467,0.675690,-0.043113,0.555311,0.594547,-0.023352,0.535696,0.632339,-0.044138,0.557571,0.660925,-0.049716,0.578294,0.673439,-0.047991,0.568606,0.568931,-0.030032,0.569965,0.623857,-0.046480,0.585057,0.660462,-0.049722,0.598303,0.679922,-0.048472
1780504256.183,right,victory,0.650171,0.606795,0.000000,0.635758,0.659062,-0.012330,0.612465,0.699052,-0.022169,0.590448,0.715034,-0.033239,0.571850,0.694346,-0.043644,0.554512,0.671215,-0.013423,0.517522,0.705872,-0.027102,0.495156,0.727442,-0.034570,0.475426,0.739878,-0.039223,0.548663,0.627281,-0.017876,0.502720,0.642110,-0.032797,0.476009,0.656999,-0.041506,0.455655,0.666552,-0.045571,0.555211,0.589259,-0.023906,0.533999,0.626137,-0.045543,0.556915,0.653349,-0.050965,0.578424,0.664818,-0.049016,0.568920,0.564053,-0.030594,0.568372,0.617998,-0.047629,0.583410,0.654272,-0.050766,0.597087,0.674074,-0.049406
1780504256.376,right,victory,0.652580,0.607715,0.000000,0.637755,0.659091,-0.013305,0.613419,0.698901,-0.023449,0.590382,0.715963,-0.034816,0.572572,0.694423,-0.045466,0.556481,0.671609,-0.013239,0.518705,0.708128,-0.027759,0.495957,0.731080,-0.036033,0.475487,0.744025,-0.041439,0.551192,0.628482,-0.017423,0.504980,0.643085,-0.033604,0.477313,0.657048,-0.043458,0.455834,0.665084,-0.048449,0.557614,0.590874,-0.023377,0.532494,0.625217,-0.046649,0.554786,0.653877,-0.052999,0.576705,0.666832,-0.051511,0.571130,0.565697,-0.030080,0.569245,0.617950,-0.049252,0.584013,0.654988,-0.053830,0.597756,0.675198,-0.053245
1780504256.497,right,victory,0.653131,0.610931,0.000000,0.639057,0.660724,-0.012868,0.614196,0.702504,-0.022674,0.591449,0.720166,-0.033668,0.574214,0.697618,-0.043925,0.556176,0.672848,-0.013487,0.518615,0.707745,-0.027431,0.496122,0.729402,-0.035120,0.475664,0.741641,-0.040206,0.551202,0.629203,-0.017835,0.505101,0.643704,-0.033637,0.477685,0.658037,-0.043198,0.456030,0.666718,-0.048027,0.558139,0.591187,-0.023816,0.534655,0.627271,-0.046698,0.558034,0.658591,-0.052695,0.579866,0.673351,-0.050987,0.572034,0.566035,-0.030481,0.570635,0.619875,-0.049188,0.585868,0.657077,-0.053479,0.599244,0.676587,-0.052759
1780504256.609,right,victory,0.655450,0.621149,0.000000,0.640403,0.670329,-0.012695,0.615016,0.709759,-0.022249,0.591990,0.725520,-0.032973,0.574854,0.703242,-0.043153,0.557153,0.677099,-0.013371,0.518708,0.708858,-0.026986,0.495698,0.728991,-0.034601,0.475081,0.740202,-0.039645,0.553184,0.633746,-0.017693,0.506656,0.643909,-0.033119,0.478745,0.657113,-0.042794,0.457214,0.665795,-0.047821,0.560778,0.596709,-0.023615,0.535900,0.628507,-0.046531,0.557197,0.659471,-0.053627,0.578606,0.675004,-0.052802,0.574989,0.572728,-0.030104,0.572663,0.626249,-0.049288,0.587959,0.664244,-0.054306,0.602343,0.685170,-0.054122
1780504256.712,right,victory,0.655203,0.635030,0.000000,0.640194,0.684629,-0.013200,0.614755,0.723246,-0.023038,0.591677,0.738261,-0.034017,0.574043,0.717086,-0.044291,0.557367,0.688164,-0.013518,0.517569,0.717895,-0.027506,0.494043,0.737253,-0.035183,0.473207,0.748928,-0.040210,0.554054,0.645756,-0.017552,0.506935,0.652250,-0.033726,0.478681,0.664267,-0.043662,0.456664,0.672576,-0.048604,0.562030,0.609753,-0.023267,0.536077,0.641462,-0.046675,0.556373,0.673788,-0.053824,0.576551,0.690301,-0.052826,0.576461,0.586378,-0.029596,0.573899,0.640871,-0.049150,0.587730,0.679695,-0.054555,0.600301,0.701322,-0.054475
1780504256.814,right,victory,0.650026,0.644783,0.000000,0.632469,0.695863,-0.011149,0.603321,0.726923,-0.020884,0.578861,0.735923,-0.032169,0.562479,0.710304,-0.042829,0.548705,0.682056,-0.013096,0.508222,0.707354,-0.026838,0.484435,0.723224,-0.034387,0.463617,0.731306,-0.039214,0.546937,0.639948,-0.018368,0.498551,0.641396,-0.033955,0.470195,0.647817,-0.042917,0.448182,0.651137,-0.046993,0.556175,0.605952,-0.024990,0.527552,0.638434,-0.047459,0.550178,0.676720,-0.052527,0.572755,0.698182,-0.049896,0.572027,0.585607,-0.032129,0.566069,0.640056,-0.050676,0.580499,0.679811,-0.054032,0.594689,0.701798,-0.052173
1780504256.926,right,victory,0.630043,0.663581,0.000000,0.605926,0.706671,-0.010952,0.573511,0.727794,-0.020355,0.544903,0.725640,-0.031324,0.531082,0.692445,-0.041879,0.525211,0.664972,-0.012309,0.482585,0.666981,-0.024885,0.457241,0.668598,-0.032227,0.436053,0.665547,-0.037563,0.530217,0.625057,-0.017559,0.483600,0.601853,-0.032316,0.456738,0.595044,-0.041422,0.436373,0.588371,-0.046668,0.544005,0.595261,-0.024270,0.508739,0.604816,-0.045842,0.523864,0.645064,-0.051672,0.542144,0.670023,-0.050617,0.562812,0.578753,-0.031411,0.547194,0.620391,-0.049390,0.554808,0.659331,-0.053519,0.564600,0.681859,-0.053174
1780504257.041,right,victory,0.596160,0.691510,0.000000,0.566785,0.724967,-0.009961,0.532273,0.729441,-0.018514,0.505709,0.713417,-0.028833,0.498777,0.680666,-0.039134,0.495504,0.650046,-0.010559,0.454288,0.635642,-0.021113,0.430405,0.627028,-0.027605,0.411196,0.614738,-0.032914,0.506440,0.612308,-0.016399,0.463539,0.569504,-0.030816,0.437082,0.554263,-0.041167,0.417183,0.542143,-0.047518,0.523828,0.588024,-0.023409,0.483620,0.584947,-0.045334,0.491608,0.635774,-0.052168,0.504539,0.671017,-0.051914,0.543654,0.578238,-0.030587,0.519584,0.614013,-0.049203,0.524836,0.657024,-0.053477,0.534309,0.682690,-0.053275
1780504257.171,right,victory,0.571429,0.730363,0.000000,0.535835,0.739647,-0.007321,0.502798,0.722493,-0.014489,0.481548,0.697126,-0.023908,0.479812,0.669545,-0.033504,0.483283,0.632970,-0.007725,0.446509,0.609535,-0.017054,0.425760,0.595988,-0.022404,0.409650,0.579815,-0.026835,0.497723,0.604779,-0.014381,0.464448,0.545845,-0.028234,0.441426,0.519566,-0.038329,0.425399,0.500125,-0.044245,0.516847,0.591234,-0.021941,0.481817,0.580044,-0.041691,0.478397,0.637854,-0.048467,0.483513,0.681517,-0.048797,0.536679,0.591291,-0.029580,0.510533,0.614407,-0.045029,0.509266,0.657109,-0.048124,0.513939,0.685470,-0.047885
1780504257.338,right,victory,0.551530,0.763947,0.000000,0.514196,0.744816,-0.006365,0.487132,0.702166,-0.012530,0.479565,0.663984,-0.021162,0.489543,0.641851,-0.030750,0.489960,0.611488,-0.009224,0.464673,0.552442,-0.019082,0.447621,0.521290,-0.025491,0.434620,0.494706,-0.031016,0.512884,0.596889,-0.017320,0.496986,0.517838,-0.031347,0.481114,0.476660,-0.042558,0.468645,0.445578,-0.050050,0.535337,0.599811,-0.026086,0.508556,0.558346,-0.045490,0.494481,0.606375,-0.052244,0.488496,0.647201,-0.053081,0.553801,0.617187,-0.034838,0.524961,0.612757,-0.049468,0.514442,0.648534,-0.051202,0.512280,0.674683,-0.050438
1780504257.859,right,victory,0.520408,0.814546,0.000000,0.509678,0.758623,-0.011714,0.517720,0.694027,-0.018219,0.535565,0.671672,-0.024938,0.555319,0.679981,-0.031722,0.565311,0.657855,-0.010252,0.580990,0.592560,-0.020581,0.590418,0.546997,-0.027592,0.598358,0.512339,-0.033005,0.581751,0.683480,-0.015396,0.612173,0.624738,-0.026359,0.627134,0.578895,-0.034742,0.639647,0.543319,-0.039391,0.588706,0.718612,-0.022429,0.598919,0.649301,-0.040552,0.589941,0.602763,-0.050438,0.586614,0.574325,-0.054398,0.586862,0.757774,-0.029959,0.578800,0.706862,-0.047640,0.563279,0.690366,-0.052228,0.554174,0.692274,-0.052938
1780504258.035,right,victory,0.510636,0.865426,0.000000,0.512547,0.805483,-0.013288,0.532128,0.752561,-0.022632,0.558661,0.736995,-0.032070,0.577579,0.764826,-0.041513,0.585174,0.752811,-0.020342,0.625241,0.709843,-0.032685,0.645698,0.684662,-0.039753,0.662594,0.666457,-0.044450,0.595452,0.785730,-0.024399,0.641933,0.746623,-0.039055,0.665207,0.714385,-0.048548,0.681574,0.693670,-0.053555,0.595304,0.825029,-0.029426,0.624181,0.795110,-0.049048,0.618331,0.785504,-0.058325,0.609801,0.789421,-0.059820,0.587344,0.862654,-0.034909,0.601320,0.830260,-0.050602,0.597240,0.804249,-0.055550,0.590703,0.789732,-0.056308
1780504258.237,right,victory,0.522958,0.924461,0.000000,0.530926,0.858557,-0.013691,0.562184,0.820196,-0.020257,0.594429,0.820675,-0.027337,0.616519,0.841160,-0.033763,0.604846,0.827726,-0.011576,0.644934,0.801975,-0.021244,0.668138,0.785983,-0.026247,0.686866,0.775826,-0.030361,0.614572,0.868320,-0.013622,0.665256,0.869950,-0.026517,0.693774,0.862433,-0.034870,0.715616,0.859177,-0.039819,0.612787,0.904580,-0.017294,0.650691,0.891868,-0.034969,0.633189,0.872777,-0.039757,0.615692,0.865448,-0.039181,0.603131,0.935107,-0.021874,0.615620,0.912531,-0.036974,0.606101,0.889334,-0.040667,0.597378,0.877245,-0.040691
1780504258.433,right,victory,0.531674,0.922730,0.000000,0.543146,0.858887,-0.009928,0.573822,0.824580,-0.015832,0.603043,0.839583,-0.023436,0.621037,0.869301,-0.030998,0.615201,0.836620,-0.007327,0.648827,0.806572,-0.017737,0.670203,0.787433,-0.024242,0.688621,0.774615,-0.029222,0.622488,0.874654,-0.012196,0.670389,0.872178,-0.024724,0.698521,0.862075,-0.034120,0.719501,0.859339,-0.039724,0.618312,0.910766,-0.018540,0.653720,0.900935,-0.036168,0.633482,0.879234,-0.040689,0.613854,0.870990,-0.039323,0.607710,0.942681,-0.025508,0.621289,0.916021,-0.039279,0.610570,0.895096,-0.040776,0.599287,0.885745,-0.039017
1780504258.540,right,victory,0.533181,0.925203,0.000000,0.542391,0.860343,-0.011957,0.571225,0.823467,-0.018608,0.602102,0.830114,-0.026766,0.620439,0.859046,-0.034509,0.613994,0.834772,-0.006451,0.650897,0.803681,-0.017042,0.673251,0.784778,-0.023615,0.692044,0.773398,-0.028450,0.621084,0.873313,-0.010261,0.669869,0.869486,-0.023543,0.699148,0.859505,-0.033538,0.720863,0.857064,-0.039333,0.617427,0.908746,-0.015923,0.654750,0.896806,-0.034859,0.634799,0.873419,-0.040434,0.614403,0.863989,-0.039337,0.607995,0.939843,-0.022322,0.621920,0.909485,-0.037481,0.611080,0.886912,-0.040333,0.599497,0.877404,-0.039203
1780504258.689,right,victory,0.534444,0.922991,0.000000,0.543662,0.860494,-0.011924,0.572234,0.823047,-0.019053,0.601586,0.831041,-0.027537,0.620595,0.857301,-0.035701,0.615434,0.833032,-0.008532,0.650963,0.802017,-0.019347,0.672296,0.782303,-0.026078,0.690687,0.770344,-0.031010,0.622218,0.869477,-0.012073,0.669367,0.865823,-0.025352,0.698222,0.856236,-0.035153,0.719966,0.854554,-0.040875,0.618658,0.904020,-0.017294,0.653714,0.893686,-0.035654,0.633353,0.870765,-0.041019,0.612754,0.861773,-0.039990,0.609677,0.935466,-0.023257,0.624315,0.909350,-0.038009,0.614263,0.887763,-0.040672,0.603276,0.878393,-0.039492
1780504258.786,right,victory,0.535214,0.919155,0.000000,0.543482,0.859502,-0.010934,0.573339,0.823679,-0.017547,0.603134,0.834786,-0.025552,0.622749,0.861119,-0.033465,0.615731,0.833061,-0.009491,0.651226,0.801810,-0.020007,0.672847,0.783238,-0.026076,0.691427,0.771891,-0.030462,0.622263,0.869745,-0.013520,0.671059,0.866559,-0.026571,0.699821,0.858468,-0.035696,0.721393,0.857494,-0.040777,0.618405,0.904595,-0.018964,0.654258,0.893499,-0.037502,0.632939,0.871118,-0.042358,0.612321,0.862323,-0.040787,0.609343,0.935757,-0.024945,0.625259,0.907303,-0.039773,0.613317,0.885135,-0.041754,0.600777,0.875419,-0.039991
1780504258.969,right,victory,0.535679,0.920157,0.000000,0.544896,0.859451,-0.012725,0.573097,0.822833,-0.020209,0.603156,0.829884,-0.028882,0.623010,0.856914,-0.037091,0.615805,0.832524,-0.009498,0.651708,0.802198,-0.020532,0.673176,0.783556,-0.027068,0.691850,0.772081,-0.031792,0.622991,0.869851,-0.012810,0.670242,0.866786,-0.026257,0.698585,0.856652,-0.035699,0.720272,0.853258,-0.041108,0.619557,0.904571,-0.017871,0.654305,0.893600,-0.036648,0.633837,0.869852,-0.041503,0.613797,0.859536,-0.039984,0.610455,0.935602,-0.023742,0.625958,0.909904,-0.038579,0.615566,0.887750,-0.040849,0.604205,0.877503,-0.039347
1780504259.150,right,victory,0.537280,0.910623,0.000000,0.546280,0.851306,-0.012325,0.573985,0.815627,-0.019966,0.602051,0.824008,-0.028552,0.620131,0.849393,-0.036858,0.616992,0.826558,-0.011953,0.652103,0.797087,-0.023362,0.673500,0.778027,-0.030273,0.691477,0.766102,-0.035041,0.623916,0.863577,-0.015361,0.670999,0.862145,-0.028266,0.698626,0.851422,-0.037167,0.719453,0.847325,-0.042128,0.619960,0.897770,-0.020223,0.654528,0.889083,-0.037976,0.635484,0.867170,-0.042559,0.616506,0.858785,-0.041074,0.609495,0.927704,-0.025792,0.624307,0.904271,-0.039454,0.615137,0.883909,-0.040940,0.605156,0.876410,-0.038977
1780504259.291,right,victory,0.530897,0.875337,0.000000,0.540085,0.819495,-0.010745,0.568157,0.781420,-0.017407,0.594975,0.781947,-0.025618,0.610886,0.808222,-0.033220,0.610485,0.801693,-0.008729,0.645816,0.770695,-0.019636,0.666962,0.752306,-0.025861,0.684516,0.740162,-0.030230,0.617058,0.835862,-0.012739,0.663929,0.833176,-0.026077,0.691364,0.822581,-0.034345,0.712367,0.818697,-0.038602,0.613762,0.868292,-0.018261,0.645123,0.852485,-0.036429,0.623688,0.830363,-0.039143,0.603928,0.823663,-0.036016,0.604108,0.897990,-0.024621,0.615706,0.872239,-0.039064,0.603863,0.848930,-0.040359,0.592836,0.839259,-0.038054
1780504259.404,right,victory,0.529147,0.841043,0.000000,0.538552,0.787795,-0.010891,0.562819,0.750396,-0.017925,0.587704,0.742046,-0.026616,0.603288,0.764893,-0.033818,0.608118,0.770471,-0.006344,0.641614,0.738350,-0.016624,0.660420,0.720544,-0.022452,0.675962,0.708512,-0.026265,0.614706,0.802814,-0.009581,0.658868,0.795314,-0.022078,0.684433,0.783219,-0.029485,0.704245,0.776510,-0.032997,0.611506,0.834082,-0.014693,0.636117,0.807051,-0.031267,0.616649,0.783798,-0.033272,0.598085,0.775303,-0.029644,0.601797,0.860274,-0.020985,0.613651,0.836771,-0.032976,0.608672,0.810610,-0.034229,0.601713,0.794366,-0.032213
1780504259.581,right,victory,0.531107,0.834982,0.000000,0.537984,0.779176,-0.010801,0.562584,0.740131,-0.018032,0.586710,0.732438,-0.026815,0.602219,0.753682,-0.034751,0.608137,0.764160,-0.008647,0.640478,0.734376,-0.019783,0.659541,0.716503,-0.026031,0.675170,0.704477,-0.030086,0.614357,0.796768,-0.012856,0.658375,0.790812,-0.025789,0.683403,0.777075,-0.033220,0.702205,0.768325,-0.036414,0.610089,0.827084,-0.018744,0.635670,0.798507,-0.036993,0.616684,0.778291,-0.039896,0.599554,0.773388,-0.036512,0.598980,0.850720,-0.025434,0.609046,0.816451,-0.039006,0.598482,0.796697,-0.039705,0.588075,0.791969,-0.036867
1780504259.701,right,victory,0.530516,0.825845,0.000000,0.538014,0.774934,-0.009917,0.562519,0.736502,-0.017111,0.586705,0.727643,-0.026032,0.602478,0.750835,-0.034026,0.608254,0.759501,-0.008729,0.641106,0.727852,-0.019868,0.660470,0.709378,-0.025957,0.676514,0.697910,-0.029903,0.613951,0.792549,-0.013145,0.658207,0.784779,-0.026498,0.683605,0.770314,-0.034231,0.702813,0.761706,-0.037541,0.609630,0.823457,-0.019024,0.634848,0.793416,-0.037266,0.614736,0.771162,-0.039752,0.596729,0.765747,-0.035979,0.598918,0.847642,-0.025639,0.608711,0.812087,-0.038900,0.597625,0.787843,-0.039357,0.586896,0.779743,-0.036323
1780504259.819,right,victory,0.527874,0.822083,0.000000,0.536579,0.769146,-0.010254,0.560529,0.731369,-0.017974,0.584033,0.723665,-0.027531,0.598959,0.745478,-0.036106,0.607130,0.753709,-0.008811,0.639330,0.722506,-0.020625,0.658668,0.705585,-0.027418,0.674455,0.694685,-0.031808,0.612449,0.787856,-0.013542,0.656211,0.779529,-0.027585,0.681530,0.765319,-0.036115,0.700511,0.756790,-0.039999,0.607210,0.819173,-0.019812,0.632387,0.789320,-0.038248,0.613573,0.767556,-0.041287,0.596312,0.761112,-0.037982,0.595252,0.843812,-0.026899,0.605448,0.808198,-0.040067,0.595747,0.780790,-0.040842,0.585539,0.767413,-0.038148
1780504259.956,right,victory,0.525355,0.825141,0.000000,0.534333,0.772268,-0.011146,0.557723,0.733270,-0.019534,0.580985,0.724046,-0.029683,0.595768,0.747552,-0.038844,0.605050,0.753859,-0.009699,0.637462,0.721550,-0.022083,0.657173,0.702690,-0.029391,0.673382,0.690599,-0.034246,0.610130,0.787154,-0.014251,0.653625,0.778657,-0.028959,0.679041,0.764569,-0.037780,0.698267,0.756309,-0.041847,0.604920,0.818570,-0.020412,0.630493,0.788390,-0.039442,0.610214,0.766252,-0.042013,0.591986,0.760297,-0.038254,0.593061,0.844350,-0.027508,0.603381,0.808084,-0.041239,0.592255,0.782639,-0.041678,0.581043,0.772741,-0.038569
1780504260.078,right,victory,0.527466,0.824253,0.000000,0.534199,0.773777,-0.011382,0.557645,0.734084,-0.019817,0.581462,0.724569,-0.029639,0.597127,0.747789,-0.038497,0.605358,0.756269,-0.011652,0.638055,0.725496,-0.024218,0.657172,0.705422,-0.031214,0.673295,0.692065,-0.035679,0.611228,0.789355,-0.015513,0.655860,0.779488,-0.029743,0.680868,0.764158,-0.037620,0.700288,0.755188,-0.040955,0.606766,0.820956,-0.020863,0.631081,0.790563,-0.039670,0.611100,0.767500,-0.042134,0.593072,0.760360,-0.038193,0.595664,0.846397,-0.027102,0.605305,0.813827,-0.041049,0.596569,0.789287,-0.041916,0.587339,0.778687,-0.038949
1780504260.192,right,victory,0.524519,0.829150,0.000000,0.533176,0.776796,-0.011830,0.556001,0.737357,-0.020628,0.578990,0.726713,-0.030886,0.593834,0.749329,-0.040050,0.605324,0.758982,-0.011172,0.637345,0.726373,-0.023785,0.657027,0.707379,-0.031195,0.673430,0.694980,-0.036097,0.610085,0.793346,-0.015455,0.653241,0.782512,-0.029966,0.677950,0.767906,-0.038281,0.697177,0.758965,-0.042013,0.604080,0.825750,-0.021335,0.628011,0.793552,-0.040365,0.607439,0.772843,-0.042472,0.589185,0.767957,-0.038365,0.590997,0.851809,-0.028232,0.599683,0.817372,-0.042139,0.588309,0.793772,-0.042403,0.577095,0.785317,-0.039085
1780504260.309,right,victory,0.525257,0.831864,0.000000,0.533439,0.779639,-0.010686,0.556906,0.740380,-0.018438,0.579803,0.729779,-0.027810,0.594280,0.751490,-0.036237,0.605201,0.761650,-0.009297,0.637164,0.730056,-0.021084,0.656652,0.710330,-0.027982,0.672804,0.697565,-0.032563,0.610247,0.795272,-0.013758,0.653544,0.786050,-0.027483,0.678676,0.770980,-0.035715,0.698115,0.762502,-0.039545,0.604796,0.826811,-0.019799,0.628670,0.798221,-0.038308,0.609436,0.775154,-0.041223,0.592228,0.768501,-0.037886,0.592490,0.851171,-0.026700,0.602202,0.819822,-0.040428,0.592557,0.795661,-0.041246,0.582763,0.786441,-0.038486
1780504260.421,right,victory,0.524551,0.831492,0.000000,0.533166,0.780151,-0.010939,0.556160,0.741554,-0.019355,0.579030,0.730055,-0.029353,0.592865,0.753385,-0.038368,0.605012,0.763148,-0.010515,0.636905,0.732291,-0.023030,0.656385,0.712295,-0.030423,0.672612,0.698843,-0.035263,0.610161,0.796410,-0.014975,0.654021,0.786494,-0.029179,0.679093,0.772011,-0.037374,0.698584,0.764057,-0.041038,0.604582,0.828181,-0.020944,0.627893,0.799544,-0.039394,0.608199,0.775907,-0.041671,0.590510,0.768342,-0.037753,0.591788,0.852561,-0.027860,0.602178,0.822292,-0.041129,0.593370,0.797181,-0.041396,0.583889,0.786042,-0.038161
1780504260.509,right,victory,0.525137,0.834767,0.000000,0.534014,0.781401,-0.010998,0.556863,0.742292,-0.019807,0.579172,0.728618,-0.030408,0.593390,0.750364,-0.039962,0.607054,0.765938,-0.010327,0.639515,0.734389,-0.023100,0.659203,0.715549,-0.030692,0.675544,0.703870,-0.035713,0.611568,0.799407,-0.015123,0.655128,0.788774,-0.030190,0.680541,0.774224,-0.039261,0.699902,0.766484,-0.043508,0.605614,0.830618,-0.021466,0.629286,0.797801,-0.040731,0.608703,0.772776,-0.043445,0.590179,0.764995,-0.039766,0.592806,0.854111,-0.028711,0.602383,0.816281,-0.042573,0.591164,0.788258,-0.043100,0.579568,0.775835,-0.040027
1780504260.610,right,victory,0.531751,0.843512,0.000000,0.545330,0.779881,-0.009485,0.564103,0.741167,-0.018458,0.578326,0.717732,-0.028626,0.590547,0.714953,-0.037825,0.616329,0.788500,-0.015783,0.653839,0.760671,-0.029102,0.676984,0.745342,-0.037280,0.695472,0.735816,-0.042393,0.617185,0.822822,-0.020310,0.656201,0.804621,-0.036488,0.680613,0.789792,-0.046505,0.699130,0.776430,-0.051228,0.609362,0.848741,-0.025475,0.617966,0.781860,-0.043556,0.602371,0.748155,-0.046956,0.588193,0.730681,-0.044496,0.594974,0.859383,-0.031456,0.591553,0.796438,-0.044504,0.582802,0.764511,-0.045686,0.574794,0.745576,-0.043357
1780504260.727,right,victory,0.543765,0.864009,0.000000,0.562683,0.787025,-0.005284,0.579026,0.750105,-0.016162,0.586926,0.717721,-0.028512,0.594126,0.690698,-0.041051,0.622607,0.815291,-0.020815,0.658697,0.785393,-0.034560,0.680295,0.762412,-0.043099,0.698454,0.742818,-0.048650,0.616122,0.833060,-0.027722,0.653658,0.791589,-0.043962,0.675325,0.760010,-0.052611,0.691741,0.734529,-0.057662,0.601494,0.835816,-0.034364,0.612411,0.748354,-0.051228,0.598493,0.714234,-0.052853,0.588087,0.700327,-0.050640,0.582173,0.821459,-0.041342,0.584864,0.753649,-0.052838,0.582347,0.722154,-0.053212,0.582949,0.705787,-0.051710
1780504260.850,right,victory,0.562814,0.865346,0.000000,0.595899,0.851147,0.004059,0.620743,0.818798,-0.003853,0.628016,0.774424,-0.012687,0.627086,0.737205,-0.023366,0.637029,0.828508,-0.027559,0.673704,0.779300,-0.041555,0.695414,0.755367,-0.048457,0.713215,0.736948,-0.052178,0.619714,0.817927,-0.036310,0.653307,0.754698,-0.051540,0.670785,0.714964,-0.057076,0.684289,0.684215,-0.060470,0.599077,0.801047,-0.042686,0.617625,0.716851,-0.056222,0.612295,0.688116,-0.055280,0.605954,0.679111,-0.052105,0.578299,0.780442,-0.047800,0.596238,0.717972,-0.055066,0.596486,0.708049,-0.050770,0.593865,0.711045,-0.046184
1780504260.971,right,victory,0.561913,0.848168,0.000000,0.595858,0.839343,0.002552,0.617592,0.797520,-0.005339,0.618433,0.742858,-0.013667,0.613794,0.702844,-0.022966,0.632895,0.808914,-0.026499,0.671891,0.757267,-0.038704,0.693843,0.734653,-0.044254,0.710763,0.718434,-0.046897,0.615014,0.781115,-0.032538,0.649766,0.714862,-0.043456,0.668085,0.674713,-0.046414,0.680683,0.643214,-0.048576,0.595953,0.756028,-0.036209,0.619635,0.685282,-0.044389,0.616850,0.689049,-0.040669,0.610414,0.701389,-0.036813,0.577088,0.737243,-0.039168,0.595817,0.703968,-0.043887,0.598068,0.718846,-0.039327,0.597193,0.737863,-0.034802
1780504261.109,right,victory,0.559791,0.847918,0.000000,0.596476,0.842920,-0.000745,0.619951,0.800251,-0.008983,0.619547,0.750041,-0.016944,0.613752,0.713662,-0.025562,0.627879,0.804862,-0.028728,0.668014,0.758873,-0.040479,0.690546,0.737077,-0.045988,0.708451,0.720657,-0.048569,0.609975,0.774998,-0.032020,0.645619,0.711266,-0.042080,0.665951,0.671446,-0.044952,0.679279,0.638490,-0.047346,0.591315,0.747984,-0.032881,0.618544,0.684395,-0.039209,0.615777,0.704029,-0.033078,0.607867,0.725900,-0.027782,0.574653,0.730008,-0.033464,0.596398,0.701521,-0.036609,0.597454,0.722857,-0.029972,0.593638,0.743139,-0.023931
1780504261.270,right,victory,0.558977,0.854048,0.000000,0.594914,0.851402,-0.003003,0.617347,0.807060,-0.010178,0.617923,0.755801,-0.016175,0.613477,0.718111,-0.022141,0.624620,0.809547,-0.027772,0.666016,0.765435,-0.038867,0.688801,0.744059,-0.043272,0.706670,0.726617,-0.044843,0.608555,0.775505,-0.028675,0.643904,0.711980,-0.038039,0.663587,0.671560,-0.040563,0.676233,0.637138,-0.042274,0.591258,0.745325,-0.027422,0.617149,0.691094,-0.033056,0.615247,0.713207,-0.027670,0.607904,0.733810,-0.022676,0.575954,0.725201,-0.026104,0.596035,0.708258,-0.028333,0.596797,0.729214,-0.022609,0.593346,0.745367,-0.017203
1780504261.359,right,victory,0.558208,0.857728,0.000000,0.593813,0.857090,-0.002860,0.616679,0.814145,-0.009303,0.618015,0.762073,-0.014485,0.614398,0.723216,-0.019467,0.623908,0.812079,-0.027383,0.665836,0.770597,-0.037944,0.688079,0.750183,-0.041559,0.705757,0.733097,-0.042652,0.608527,0.777258,-0.028036,0.643892,0.715163,-0.037581,0.663473,0.675740,-0.039788,0.676518,0.641519,-0.041031,0.591407,0.747456,-0.026466,0.616704,0.693035,-0.032588,0.613784,0.715821,-0.027367,0.606266,0.736324,-0.022266,0.576642,0.729233,-0.024766,0.593538,0.715809,-0.027606,0.592799,0.736032,-0.022638,0.588973,0.749919,-0.017603
1780504261.489,right,victory,0.557896,0.856798,0.000000,0.593960,0.855867,-0.000791,0.616362,0.817141,-0.006978,0.618043,0.771018,-0.012153,0.614237,0.736124,-0.017453,0.623421,0.809603,-0.028527,0.664533,0.767669,-0.039320,0.687313,0.746931,-0.043594,0.705616,0.729549,-0.045151,0.606840,0.773392,-0.029577,0.642290,0.710546,-0.038251,0.662792,0.671754,-0.040203,0.675746,0.638483,-0.041561,0.589504,0.743504,-0.027949,0.616068,0.688072,-0.032587,0.614692,0.711786,-0.027307,0.607037,0.733676,-0.022608,0.575379,0.726822,-0.026033,0.594193,0.714347,-0.027938,0.594383,0.736696,-0.022839,0.590491,0.753809,-0.017808
1780504261.646,right,victory,0.559126,0.857864,0.000000,0.594323,0.855641,-0.003271,0.618569,0.811018,-0.010129,0.620088,0.756653,-0.015306,0.616304,0.716756,-0.020160,0.623699,0.809167,-0.030700,0.667041,0.763414,-0.041593,0.689961,0.742458,-0.044779,0.708031,0.724302,-0.045530,0.606736,0.774932,-0.031004,0.643673,0.709951,-0.041310,0.664826,0.670484,-0.043562,0.678483,0.635810,-0.044788,0.589555,0.744799,-0.028848,0.616919,0.686873,-0.036171,0.615577,0.711069,-0.031723,0.608342,0.731905,-0.026968,0.576038,0.725981,-0.026426,0.595638,0.715547,-0.030713,0.595683,0.739198,-0.027018,0.591858,0.754673,-0.022746
1780504261.831,right,victory,0.560786,0.857552,0.000000,0.595730,0.854642,-0.003049,0.619506,0.809527,-0.009779,0.621085,0.755419,-0.014997,0.617214,0.715362,-0.020052,0.625852,0.808947,-0.030047,0.668296,0.763315,-0.041464,0.691345,0.741617,-0.045095,0.709391,0.723109,-0.045922,0.609216,0.775072,-0.030628,0.645687,0.707995,-0.040827,0.666005,0.667771,-0.042652,0.679027,0.632776,-0.043337,0.591719,0.745396,-0.028830,0.617966,0.687250,-0.035953,0.615939,0.710826,-0.030796,0.608507,0.731203,-0.025346,0.577257,0.726796,-0.026799,0.595720,0.714812,-0.030361,0.595195,0.737029,-0.025597,0.591049,0.751384,-0.020477
1780504262.001,right,victory,0.561313,0.856668,0.000000,0.596126,0.851005,-0.000858,0.618817,0.805344,-0.007343,0.619418,0.748878,-0.012949,0.616654,0.707715,-0.018414,0.627493,0.807010,-0.027367,0.669019,0.761299,-0.038704,0.691814,0.739546,-0.042270,0.709537,0.722044,-0.042957,0.610407,0.773692,-0.029043,0.646542,0.707142,-0.038959,0.666234,0.666331,-0.040428,0.679031,0.631701,-0.040828,0.592322,0.744824,-0.028297,0.616870,0.688380,-0.034276,0.614287,0.711980,-0.028136,0.607388,0.732142,-0.022159,0.577018,0.727489,-0.027241,0.594225,0.714213,-0.029166,0.594417,0.735604,-0.023295,0.591717,0.749287,-0.017546
1780504262.161,right,victory,0.563388,0.860349,0.000000,0.599261,0.854829,-0.003221,0.621857,0.807247,-0.010278,0.621687,0.751989,-0.015835,0.618409,0.712184,-0.021182,0.627961,0.807430,-0.030069,0.669513,0.762043,-0.041234,0.691902,0.741076,-0.045050,0.709641,0.723450,-0.046247,0.610934,0.775052,-0.030457,0.646179,0.707665,-0.040324,0.666772,0.667555,-0.042813,0.679955,0.633469,-0.044490,0.593076,0.746442,-0.028439,0.619285,0.687538,-0.034533,0.618026,0.710794,-0.029363,0.610831,0.731347,-0.024524,0.578592,0.728531,-0.026267,0.597313,0.714329,-0.029189,0.597983,0.735654,-0.024596,0.594412,0.749929,-0.020042
1780504262.343,right,victory,0.564055,0.860375,0.000000,0.599369,0.857354,-0.004267,0.622729,0.811001,-0.011527,0.622124,0.755777,-0.016899,0.617152,0.715391,-0.022087,0.628690,0.811123,-0.031758,0.670654,0.763591,-0.043486,0.693116,0.741718,-0.047470,0.710976,0.723408,-0.048579,0.611412,0.778859,-0.031616,0.647196,0.711320,-0.041819,0.667290,0.671133,-0.044087,0.680218,0.636289,-0.045326,0.593747,0.749924,-0.029129,0.619263,0.691276,-0.036189,0.617931,0.714575,-0.031575,0.611179,0.735251,-0.026784,0.579409,0.730938,-0.026481,0.597242,0.719426,-0.030427,0.597413,0.741381,-0.026389,0.594087,0.755433,-0.021973
1780504262.507,right,victory,0.564194,0.866003,0.000000,0.600312,0.860711,-0.002616,0.622338,0.813390,-0.009355,0.622028,0.759931,-0.014982,0.617245,0.720865,-0.020480,0.628894,0.812243,-0.027540,0.669597,0.765358,-0.038459,0.691894,0.743461,-0.042455,0.709569,0.725059,-0.043883,0.612642,0.779192,-0.028421,0.647160,0.714967,-0.037890,0.666110,0.674263,-0.040411,0.678259,0.639624,-0.042048,0.595150,0.750292,-0.027119,0.619240,0.692620,-0.033188,0.617270,0.715337,-0.028860,0.610619,0.736626,-0.024654,0.580665,0.732548,-0.025684,0.596029,0.721741,-0.029238,0.596233,0.743392,-0.025768,0.593760,0.758244,-0.021909
1780504262.721,right,victory,0.565888,0.875532,0.000000,0.601171,0.868047,-0.002043,0.622295,0.819807,-0.008104,0.621256,0.765809,-0.013129,0.616469,0.726846,-0.018075,0.630819,0.818604,-0.025579,0.670902,0.772002,-0.035951,0.692397,0.748580,-0.039538,0.708967,0.728965,-0.040525,0.614005,0.786688,-0.026663,0.647959,0.720212,-0.035901,0.666079,0.678731,-0.038059,0.677464,0.643028,-0.039056,0.595745,0.759018,-0.025572,0.618895,0.699688,-0.031487,0.616803,0.722404,-0.026479,0.610014,0.742820,-0.021371,0.580209,0.742481,-0.024277,0.596337,0.727719,-0.026880,0.596513,0.748377,-0.021948,0.593255,0.762668,-0.016825
1780504262.861,right,victory,0.568055,0.882698,0.000000,0.605189,0.873321,-0.000723,0.625841,0.827374,-0.006520,0.623262,0.777681,-0.011875,0.616443,0.741814,-0.017361,0.633300,0.823755,-0.024351,0.672227,0.776312,-0.035093,0.694018,0.753283,-0.039620,0.711368,0.733967,-0.041556,0.616308,0.791651,-0.026434,0.649421,0.727900,-0.035779,0.667642,0.686815,-0.038995,0.679112,0.651319,-0.041125,0.597646,0.764119,-0.026281,0.620528,0.703136,-0.032249,0.619024,0.725274,-0.028008,0.612609,0.746617,-0.023773,0.581955,0.747791,-0.025885,0.596697,0.732410,-0.029156,0.597688,0.753320,-0.025084,0.595216,0.768816,-0.020672
1780504263.025,right,victory,0.568387,0.879477,0.000000,0.603890,0.872949,-0.001315,0.625363,0.827650,-0.007581,0.623836,0.775686,-0.012831,0.617782,0.738209,-0.018175,0.632010,0.824917,-0.027365,0.671771,0.776113,-0.038202,0.693392,0.752054,-0.041796,0.710110,0.732416,-0.042594,0.614077,0.792565,-0.028762,0.648525,0.723708,-0.037350,0.666624,0.683324,-0.038301,0.677425,0.649369,-0.038520,0.595484,0.765554,-0.027840,0.619346,0.705792,-0.033438,0.618104,0.728741,-0.028136,0.611496,0.750178,-0.022932,0.580204,0.749936,-0.026611,0.597669,0.734843,-0.029116,0.598352,0.756347,-0.023977,0.595242,0.771663,-0.018740
1780504263.232,right,victory,0.566410,0.878966,0.000000,0.601828,0.871675,-0.001356,0.622652,0.828972,-0.007581,0.622110,0.777182,-0.012913,0.618075,0.740131,-0.018434,0.630877,0.820667,-0.026370,0.669058,0.773573,-0.037841,0.690379,0.749218,-0.042446,0.706993,0.730302,-0.043752,0.613421,0.787297,-0.027526,0.644891,0.721202,-0.036283,0.662311,0.679562,-0.037745,0.673354,0.645885,-0.038294,0.594806,0.761099,-0.026429,0.617191,0.709288,-0.030596,0.616315,0.730176,-0.024401,0.610176,0.750712,-0.018892,0.578710,0.747223,-0.025259,0.595333,0.733514,-0.025738,0.596444,0.752286,-0.019308,0.593910,0.766918,-0.013319
1780504263.393,right,victory,0.566816,0.880710,0.000000,0.602500,0.871668,-0.000305,0.623140,0.825875,-0.006060,0.621546,0.773851,-0.010942,0.615608,0.736575,-0.015941,0.630092,0.819016,-0.026528,0.668526,0.770294,-0.037327,0.689893,0.745748,-0.041336,0.706478,0.725625,-0.042562,0.611941,0.786577,-0.027900,0.644294,0.719018,-0.036618,0.662233,0.677427,-0.038479,0.673213,0.642797,-0.039514,0.593074,0.760130,-0.026743,0.615914,0.702292,-0.031726,0.614891,0.724824,-0.026758,0.608594,0.746232,-0.022025,0.577961,0.746144,-0.025217,0.594087,0.733692,-0.027228,0.595296,0.755215,-0.022531,0.593242,0.770767,-0.017684
1780504263.546,right,victory,0.566615,0.880856,0.000000,0.602422,0.871708,-0.001594,0.623700,0.823933,-0.007381,0.621580,0.770319,-0.012197,0.615810,0.732250,-0.016906,0.630114,0.819612,-0.026198,0.669039,0.769677,-0.036887,0.690652,0.745215,-0.040898,0.707558,0.724609,-0.042428,0.611937,0.788020,-0.027524,0.644050,0.720443,-0.036689,0.662138,0.678680,-0.039134,0.673226,0.643026,-0.040716,0.593018,0.762021,-0.026584,0.616126,0.700077,-0.032790,0.615466,0.723227,-0.028533,0.609294,0.744778,-0.024247,0.578208,0.747902,-0.025402,0.594679,0.735216,-0.029271,0.595959,0.757262,-0.025830,0.593426,0.772318,-0.021813
1780504263.708,right,victory,0.566391,0.881288,0.000000,0.602012,0.872810,-0.001994,0.623890,0.824142,-0.007771,0.622862,0.769082,-0.012290,0.617113,0.729925,-0.016588,0.630165,0.820291,-0.026949,0.668746,0.769594,-0.037779,0.690337,0.744646,-0.041672,0.706976,0.723087,-0.043034,0.611662,0.787617,-0.027906,0.644545,0.718261,-0.037101,0.662863,0.676695,-0.039234,0.673611,0.641682,-0.040466,0.592541,0.760478,-0.026633,0.615855,0.698251,-0.033271,0.615822,0.722016,-0.029422,0.609737,0.744054,-0.025202,0.577731,0.745480,-0.025068,0.595638,0.734231,-0.029346,0.597365,0.757833,-0.026394,0.594824,0.773658,-0.022642
1780504263.826,right,victory,0.565487,0.881260,0.000000,0.601980,0.873508,-0.001935,0.623972,0.825904,-0.007822,0.622694,0.771417,-0.012488,0.616979,0.732724,-0.016918,0.629385,0.821937,-0.027277,0.668644,0.770566,-0.037557,0.690079,0.746014,-0.040902,0.706839,0.724878,-0.041991,0.610823,0.788867,-0.028241,0.643766,0.719274,-0.037389,0.662078,0.677215,-0.039542,0.673207,0.641140,-0.040849,0.592106,0.761521,-0.026866,0.616083,0.699172,-0.033187,0.615723,0.722952,-0.029231,0.609418,0.745012,-0.025110,0.578108,0.746352,-0.025222,0.595788,0.735280,-0.029203,0.597244,0.757925,-0.026242,0.594622,0.773201,-0.022590
1780504263.947,right,victory,0.567212,0.882100,0.000000,0.603615,0.875988,-0.002510,0.625125,0.829082,-0.008584,0.623037,0.775240,-0.013271,0.615507,0.736747,-0.017892,0.629784,0.822137,-0.027604,0.669269,0.771623,-0.037519,0.690635,0.746944,-0.040534,0.707028,0.726452,-0.041104,0.611971,0.789654,-0.028070,0.645112,0.720370,-0.036351,0.663208,0.678866,-0.037709,0.674032,0.644049,-0.038271,0.593806,0.762974,-0.026214,0.617110,0.703353,-0.031741,0.616611,0.725807,-0.027388,0.610087,0.747395,-0.022976,0.579325,0.747732,-0.024129,0.596256,0.735781,-0.027030,0.596731,0.758265,-0.022958,0.593159,0.774367,-0.018533
1780504264.062,right,victory,0.568799,0.883824,0.000000,0.604122,0.877155,-0.002802,0.625843,0.829963,-0.009089,0.624060,0.776480,-0.013980,0.616665,0.737658,-0.018849,0.632557,0.823478,-0.027963,0.671173,0.772760,-0.039180,0.692464,0.748126,-0.043466,0.709247,0.727607,-0.044868,0.614645,0.791926,-0.028612,0.646701,0.722222,-0.037536,0.664200,0.680977,-0.039309,0.675225,0.645540,-0.040271,0.596051,0.765901,-0.027079,0.618570,0.705309,-0.033073,0.617584,0.727936,-0.028471,0.611265,0.749015,-0.023878,0.580511,0.750860,-0.025405,0.596259,0.736724,-0.028621,0.596494,0.757935,-0.024334,0.593265,0.772866,-0.019753
1780504264.160,right,victory,0.570808,0.885431,0.000000,0.606698,0.878454,-0.000970,0.627831,0.834510,-0.006643,0.626532,0.784816,-0.011299,0.619261,0.748477,-0.016061,0.634347,0.826044,-0.026196,0.673590,0.774582,-0.036109,0.694710,0.750216,-0.039243,0.711184,0.731051,-0.039717,0.616585,0.795113,-0.027303,0.649148,0.725046,-0.035122,0.665761,0.683652,-0.036030,0.675885,0.648800,-0.036300,0.598033,0.769175,-0.026059,0.619769,0.707219,-0.030807,0.618264,0.728811,-0.025707,0.611814,0.750502,-0.020848,0.582407,0.753911,-0.024514,0.597169,0.737195,-0.026400,0.597587,0.757411,-0.021372,0.594902,0.772878,-0.016305
1780504264.269,right,victory,0.572871,0.887006,0.000000,0.607838,0.877872,-0.002945,0.628949,0.828340,-0.009578,0.626100,0.773255,-0.014893,0.619082,0.734094,-0.020181,0.636378,0.828143,-0.027502,0.675693,0.777144,-0.038315,0.696822,0.752407,-0.041815,0.713402,0.732208,-0.042605,0.618523,0.797124,-0.028316,0.650726,0.726987,-0.037490,0.667913,0.684527,-0.038985,0.678862,0.648338,-0.039549,0.599840,0.770736,-0.027021,0.621029,0.710892,-0.033237,0.618895,0.734788,-0.027985,0.612439,0.756166,-0.022695,0.584098,0.754637,-0.025599,0.599452,0.738873,-0.028450,0.599436,0.759824,-0.023370,0.596425,0.773864,-0.018201
1780504264.393,right,victory,0.571506,0.886370,0.000000,0.607900,0.881795,-0.002792,0.629418,0.838628,-0.009285,0.629220,0.789062,-0.014302,0.623306,0.753303,-0.019267,0.634130,0.831134,-0.029617,0.674459,0.780169,-0.040365,0.695771,0.754838,-0.043914,0.712153,0.734068,-0.044699,0.615870,0.799197,-0.030203,0.650065,0.728406,-0.039168,0.668492,0.685670,-0.040653,0.679413,0.649810,-0.041263,0.597230,0.772637,-0.028391,0.622188,0.711292,-0.034340,0.622204,0.734286,-0.029207,0.615966,0.757086,-0.024122,0.582544,0.757370,-0.026364,0.601740,0.740206,-0.029311,0.603004,0.761652,-0.024215,0.599727,0.778493,-0.018961
1780504264.494,right,victory,0.573222,0.888425,0.000000,0.609783,0.881819,-0.001026,0.631473,0.837258,-0.006886,0.630115,0.789378,-0.011736,0.621961,0.755334,-0.016730,0.636170,0.831374,-0.027513,0.675492,0.779018,-0.038226,0.697173,0.754110,-0.041817,0.714081,0.734672,-0.042631,0.618018,0.800181,-0.028898,0.651089,0.728968,-0.037501,0.669128,0.687625,-0.038481,0.679754,0.652849,-0.038808,0.599135,0.773830,-0.027905,0.622591,0.710242,-0.033084,0.622740,0.733586,-0.027197,0.616627,0.756415,-0.021729,0.583587,0.758420,-0.026682,0.601569,0.739492,-0.028910,0.603036,0.760647,-0.023356,0.599924,0.776973,-0.017873
1780504264.595,right,victory,0.571651,0.890597,0.000000,0.608473,0.884735,-0.002873,0.630475,0.837598,-0.009524,0.629205,0.784507,-0.014509,0.623059,0.746847,-0.019413,0.634921,0.834060,-0.031072,0.675006,0.781772,-0.042573,0.696933,0.756834,-0.046496,0.713933,0.736634,-0.047554,0.616495,0.802215,-0.031451,0.650721,0.730189,-0.041146,0.669618,0.687740,-0.043122,0.680853,0.652535,-0.044194,0.597851,0.774741,-0.029294,0.623050,0.712147,-0.035237,0.622599,0.735205,-0.029834,0.616073,0.757670,-0.024714,0.583281,0.758020,-0.026941,0.602114,0.742579,-0.029939,0.603261,0.764999,-0.025119,0.600147,0.781591,-0.020143
1780504264.704,right,victory,0.574619,0.891658,0.000000,0.610485,0.883287,-0.001842,0.631550,0.836556,-0.008305,0.628631,0.784740,-0.013596,0.620955,0.747382,-0.019041,0.638007,0.832120,-0.028158,0.676878,0.781538,-0.039451,0.698530,0.756419,-0.043557,0.715357,0.736339,-0.044621,0.619846,0.801934,-0.029350,0.652859,0.729366,-0.038041,0.670288,0.687605,-0.039048,0.680583,0.652475,-0.039387,0.600937,0.776421,-0.028233,0.623318,0.712165,-0.033727,0.622179,0.734810,-0.027664,0.615555,0.756687,-0.021960,0.584752,0.760754,-0.026904,0.602530,0.739451,-0.028933,0.603422,0.760378,-0.022746,0.600025,0.776268,-0.016839
1780504264.805,right,victory,0.572856,0.890298,0.000000,0.608518,0.883419,-0.003894,0.631023,0.834514,-0.010830,0.629228,0.778459,-0.016088,0.623058,0.739501,-0.021191,0.636455,0.834930,-0.029473,0.676564,0.782022,-0.040491,0.697835,0.757275,-0.043712,0.714342,0.737064,-0.044104,0.618091,0.803220,-0.029856,0.652757,0.731672,-0.039141,0.670450,0.689057,-0.040236,0.680866,0.652871,-0.040336,0.599375,0.776294,-0.028104,0.623539,0.716594,-0.034586,0.622641,0.740279,-0.028992,0.616174,0.761943,-0.023275,0.583923,0.759520,-0.026243,0.603754,0.741645,-0.029060,0.604564,0.763325,-0.023356,0.600713,0.778670,-0.017658
1780504264.909,right,victory,0.574540,0.891533,0.000000,0.611061,0.883435,-0.001657,0.632558,0.837085,-0.007896,0.630126,0.786458,-0.013145,0.622135,0.750820,-0.018501,0.638655,0.833028,-0.026963,0.677287,0.781649,-0.037739,0.698632,0.756473,-0.041569,0.715268,0.736504,-0.042634,0.620604,0.801457,-0.028271,0.652997,0.732388,-0.037019,0.670238,0.690253,-0.038412,0.680425,0.654887,-0.039089,0.601666,0.774858,-0.027318,0.623824,0.713408,-0.032359,0.622688,0.736430,-0.026434,0.616313,0.758918,-0.021042,0.585735,0.759023,-0.026256,0.602342,0.740080,-0.028053,0.603117,0.760789,-0.022296,0.600045,0.776636,-0.016800
1780504265.069,right,victory,0.574175,0.890021,0.000000,0.610394,0.883210,-0.002703,0.632594,0.835277,-0.009510,0.630049,0.782095,-0.014824,0.622447,0.744821,-0.020185,0.637534,0.834903,-0.029986,0.677654,0.782355,-0.040974,0.699152,0.757033,-0.044463,0.715710,0.736674,-0.045273,0.618507,0.803741,-0.030770,0.652033,0.732464,-0.039982,0.670473,0.690782,-0.041333,0.681531,0.655456,-0.041969,0.599274,0.776943,-0.029141,0.623720,0.714320,-0.035024,0.623372,0.737489,-0.029243,0.616847,0.758848,-0.023810,0.583862,0.760959,-0.027303,0.603770,0.742498,-0.029967,0.605084,0.763988,-0.024303,0.601381,0.779342,-0.018781
1780504265.175,right,victory,0.573596,0.889122,0.000000,0.609625,0.883331,-0.003432,0.631881,0.835096,-0.010513,0.629119,0.781721,-0.016041,0.621780,0.744189,-0.021590,0.637100,0.835191,-0.030346,0.676883,0.781948,-0.041389,0.698306,0.756870,-0.044673,0.714840,0.736246,-0.045318,0.618102,0.803794,-0.031025,0.652315,0.732856,-0.040556,0.670336,0.691196,-0.041951,0.680787,0.655783,-0.042434,0.598747,0.776733,-0.029413,0.622984,0.714194,-0.036224,0.622334,0.737223,-0.031132,0.615863,0.758728,-0.025894,0.583078,0.760150,-0.027580,0.603326,0.743275,-0.031266,0.604865,0.765626,-0.026392,0.601566,0.781579,-0.021290
1780504265.301,right,victory,0.573253,0.888927,0.000000,0.608922,0.882116,-0.002748,0.630870,0.833892,-0.009367,0.629000,0.779728,-0.014636,0.621378,0.741833,-0.019903,0.637119,0.833311,-0.028603,0.676560,0.780343,-0.039371,0.698252,0.755292,-0.042626,0.714853,0.735455,-0.043173,0.618434,0.802411,-0.029416,0.651908,0.731447,-0.038780,0.669836,0.689058,-0.040236,0.680351,0.653789,-0.040692,0.599229,0.776034,-0.027950,0.622947,0.713819,-0.034552,0.622143,0.735973,-0.029424,0.615559,0.757365,-0.024042,0.583457,0.760053,-0.026221,0.603102,0.742113,-0.029547,0.604475,0.763969,-0.024460,0.601051,0.780142,-0.019114
1780504265.445,right,victory,0.574236,0.888283,0.000000,0.609718,0.882946,-0.003405,0.631545,0.835065,-0.010560,0.629507,0.780762,-0.016064,0.622096,0.742367,-0.021519,0.636442,0.834186,-0.030685,0.677041,0.780116,-0.041715,0.698658,0.754487,-0.044832,0.715203,0.733796,-0.045277,0.617960,0.802085,-0.031096,0.652507,0.730214,-0.040452,0.670170,0.687936,-0.041486,0.680422,0.652078,-0.041651,0.599252,0.774325,-0.029173,0.623136,0.711544,-0.035352,0.622355,0.735360,-0.029800,0.615957,0.757325,-0.024386,0.584103,0.757480,-0.027081,0.602157,0.742042,-0.030159,0.602954,0.764286,-0.025155,0.599657,0.779531,-0.020019
1780504265.599,right,victory,0.572278,0.888259,0.000000,0.607978,0.882142,-0.003406,0.630414,0.834822,-0.010215,0.628994,0.780368,-0.015428,0.622517,0.742226,-0.020599,0.636539,0.832932,-0.029583,0.675494,0.780144,-0.040702,0.696742,0.754658,-0.044270,0.713104,0.733457,-0.045067,0.617671,0.800754,-0.030225,0.651099,0.729635,-0.039821,0.669124,0.687100,-0.041471,0.679857,0.650806,-0.042095,0.598202,0.773722,-0.028578,0.622652,0.713523,-0.035303,0.621939,0.737022,-0.029946,0.615351,0.758537,-0.024430,0.582330,0.757614,-0.026740,0.602338,0.739951,-0.029973,0.603295,0.761534,-0.024489,0.599472,0.776941,-0.018874
1780504265.718,right,victory,0.573359,0.888737,0.000000,0.609170,0.880849,-0.002862,0.630722,0.831761,-0.009613,0.627996,0.777539,-0.015062,0.619954,0.739550,-0.020498,0.636268,0.831453,-0.028543,0.675653,0.778513,-0.039919,0.697142,0.752795,-0.043807,0.713891,0.731591,-0.044951,0.618342,0.799431,-0.029379,0.651542,0.729491,-0.039028,0.669140,0.687150,-0.040801,0.679740,0.650961,-0.041627,0.599673,0.771994,-0.028027,0.622269,0.709985,-0.034601,0.620989,0.733818,-0.029572,0.614629,0.756046,-0.024491,0.584171,0.755477,-0.026531,0.600638,0.741096,-0.030042,0.601469,0.763282,-0.025632,0.598761,0.778644,-0.020927
1780504265.843,right,victory,0.573312,0.887088,0.000000,0.609430,0.880517,-0.002580,0.631662,0.834728,-0.009297,0.629670,0.782866,-0.014581,0.621795,0.746290,-0.019918,0.636523,0.833157,-0.029797,0.676077,0.779871,-0.041121,0.697457,0.753583,-0.045062,0.714089,0.732502,-0.046195,0.617727,0.801771,-0.030641,0.651036,0.729463,-0.039818,0.668885,0.686165,-0.041352,0.679375,0.649631,-0.042195,0.598716,0.774668,-0.029102,0.622640,0.708881,-0.035137,0.622134,0.732299,-0.029629,0.615755,0.755233,-0.024384,0.583450,0.757915,-0.027359,0.601546,0.737736,-0.030542,0.602224,0.759490,-0.025361,0.598665,0.776099,-0.020086
1780504266.048,right,victory,0.573183,0.888355,0.000000,0.608635,0.880868,-0.003542,0.630247,0.832932,-0.010375,0.627604,0.778455,-0.015667,0.620416,0.740709,-0.020963,0.637003,0.831163,-0.029074,0.675754,0.778148,-0.040183,0.696970,0.752097,-0.043838,0.713379,0.731000,-0.044697,0.618452,0.799415,-0.029445,0.650986,0.728114,-0.038940,0.668469,0.685086,-0.040663,0.679046,0.649149,-0.041332,0.599205,0.773046,-0.027593,0.621306,0.713029,-0.034070,0.620435,0.735416,-0.028996,0.614250,0.756852,-0.023700,0.582955,0.757519,-0.025589,0.600983,0.740027,-0.028709,0.602200,0.761109,-0.023624,0.599248,0.776670,-0.018331
1780504266.200,right,victory,0.574737,0.891063,0.000000,0.610932,0.882016,-0.001256,0.631485,0.835281,-0.007403,0.629054,0.785570,-0.012579,0.620640,0.750230,-0.017961,0.638911,0.831888,-0.026538,0.677070,0.779625,-0.037253,0.698012,0.754012,-0.041179,0.714197,0.733706,-0.042221,0.620585,0.800600,-0.028013,0.652351,0.729022,-0.036220,0.669234,0.686985,-0.037424,0.679431,0.652141,-0.037939,0.601361,0.774496,-0.027203,0.623211,0.711582,-0.031975,0.621845,0.733722,-0.026311,0.615372,0.755810,-0.021111,0.585106,0.759076,-0.026203,0.601028,0.740451,-0.027958,0.601555,0.760903,-0.022197,0.598519,0.776655,-0.016638
1780504266.389,right,victory,0.572792,0.890743,0.000000,0.609520,0.884507,-0.002662,0.631406,0.838413,-0.009181,0.629134,0.786819,-0.014348,0.621074,0.750773,-0.019596,0.636174,0.835113,-0.028712,0.674681,0.782330,-0.039409,0.695491,0.756826,-0.042924,0.711858,0.735479,-0.043821,0.617712,0.803173,-0.029591,0.650954,0.731652,-0.038413,0.668759,0.688721,-0.039868,0.679255,0.652208,-0.040577,0.598699,0.776486,-0.028190,0.622438,0.715340,-0.034216,0.622059,0.738517,-0.029118,0.615844,0.760667,-0.024014,0.583301,0.760706,-0.026576,0.602470,0.742304,-0.029385,0.603791,0.763563,-0.024199,0.600501,0.779601,-0.018998
1780504266.539,right,victory,0.572885,0.891408,0.000000,0.609290,0.883968,-0.003117,0.631328,0.838058,-0.010040,0.629682,0.787015,-0.015434,0.622193,0.751049,-0.020860,0.634749,0.834524,-0.030398,0.674132,0.781335,-0.041711,0.695651,0.756304,-0.045534,0.712380,0.736122,-0.046461,0.616098,0.802856,-0.030759,0.649850,0.731907,-0.039992,0.668401,0.690048,-0.041406,0.679163,0.654793,-0.042062,0.597368,0.775976,-0.028787,0.621894,0.713929,-0.034808,0.622185,0.737061,-0.029473,0.616006,0.759970,-0.024267,0.582316,0.759581,-0.026645,0.602103,0.741121,-0.029575,0.604065,0.762966,-0.024529,0.601139,0.780423,-0.019389
1780504266.741,right,victory,0.573379,0.891667,0.000000,0.609532,0.884988,-0.001591,0.630471,0.838323,-0.007723,0.627577,0.788844,-0.012663,0.619260,0.752949,-0.017705,0.636356,0.833487,-0.027940,0.675619,0.780219,-0.038534,0.696626,0.754821,-0.042018,0.713061,0.734272,-0.042859,0.617651,0.801627,-0.029058,0.650269,0.731510,-0.037566,0.667623,0.690437,-0.038737,0.678180,0.655573,-0.039256,0.598378,0.774768,-0.027801,0.621417,0.711897,-0.033087,0.620667,0.735671,-0.027756,0.614468,0.758211,-0.022814,0.582730,0.758895,-0.026306,0.599181,0.744107,-0.029051,0.600011,0.766146,-0.024221,0.597284,0.781704,-0.019269
1780504266.847,right,victory,0.573508,0.893092,0.000000,0.609914,0.885859,-0.002475,0.630851,0.838933,-0.008928,0.628986,0.788363,-0.013963,0.621134,0.752406,-0.019022,0.636708,0.835215,-0.029078,0.675582,0.781412,-0.040064,0.696857,0.755497,-0.044035,0.713434,0.734623,-0.045148,0.618233,0.803725,-0.029592,0.651117,0.732212,-0.038433,0.668765,0.689533,-0.040049,0.679021,0.653825,-0.040911,0.599196,0.776707,-0.027708,0.622854,0.713435,-0.032802,0.622476,0.736145,-0.027258,0.616022,0.758957,-0.022164,0.583728,0.760050,-0.025693,0.601828,0.742212,-0.027809,0.602700,0.763375,-0.022493,0.599296,0.779751,-0.017265
1780504266.958,right,victory,0.572964,0.892170,0.000000,0.608700,0.885332,-0.003638,0.630453,0.836920,-0.010597,0.629286,0.783147,-0.015908,0.622885,0.744977,-0.021020,0.635792,0.836017,-0.029843,0.675614,0.782174,-0.041053,0.697109,0.756498,-0.044745,0.713626,0.735699,-0.045557,0.616731,0.804810,-0.030048,0.650276,0.732513,-0.039404,0.668294,0.689889,-0.040819,0.678680,0.653585,-0.041355,0.597633,0.777704,-0.028004,0.622539,0.714725,-0.034285,0.622325,0.739288,-0.028652,0.615737,0.761915,-0.023120,0.582505,0.760958,-0.025856,0.602568,0.743556,-0.029016,0.603754,0.765718,-0.023766,0.600079,0.781495,-0.018378
1780504267.111,right,victory,0.573143,0.892264,0.000000,0.609758,0.885243,-0.002367,0.631438,0.838109,-0.008908,0.629970,0.787090,-0.013963,0.622450,0.750840,-0.019044,0.636427,0.835980,-0.029735,0.675950,0.781192,-0.040650,0.697191,0.755476,-0.044132,0.713706,0.735066,-0.044788,0.617093,0.804499,-0.030283,0.650381,0.731986,-0.039178,0.668343,0.689797,-0.040300,0.678821,0.654548,-0.040700,0.597728,0.777353,-0.028398,0.621971,0.712058,-0.034115,0.622275,0.735723,-0.028628,0.616103,0.759295,-0.023330,0.582465,0.760690,-0.026261,0.601607,0.740859,-0.029156,0.603306,0.763180,-0.023975,0.600325,0.780802,-0.018634
1780504267.280,right,victory,0.573272,0.891057,0.000000,0.609558,0.883964,-0.002819,0.631132,0.837136,-0.009536,0.629155,0.784123,-0.014701,0.621586,0.747098,-0.019886,0.636804,0.835312,-0.029255,0.675731,0.781245,-0.039864,0.696712,0.755456,-0.043189,0.712939,0.734869,-0.043826,0.617292,0.804196,-0.029813,0.650305,0.731733,-0.038502,0.667618,0.689367,-0.039640,0.677605,0.653957,-0.040103,0.597631,0.777843,-0.028033,0.621408,0.713357,-0.033980,0.621550,0.735720,-0.028811,0.615172,0.758138,-0.023724,0.581846,0.762030,-0.026004,0.601579,0.741945,-0.029086,0.603051,0.763585,-0.023956,0.599332,0.780420,-0.018695
1780504267.459,right,victory,0.572197,0.890150,0.000000,0.608433,0.882534,-0.002220,0.629655,0.835968,-0.008785,0.627814,0.785920,-0.014149,0.619719,0.750604,-0.019670,0.636361,0.833910,-0.028379,0.674941,0.779527,-0.039025,0.696082,0.753477,-0.042705,0.712520,0.732482,-0.043674,0.617023,0.802999,-0.029455,0.649510,0.731158,-0.038419,0.667286,0.687838,-0.040161,0.677849,0.651511,-0.041072,0.597276,0.776990,-0.028157,0.620982,0.712287,-0.034413,0.621087,0.734524,-0.029573,0.614801,0.757201,-0.024618,0.581324,0.761876,-0.026568,0.601336,0.740698,-0.029992,0.603048,0.762733,-0.024940,0.599660,0.780477,-0.019658
1780504267.568,right,victory,0.573998,0.889529,0.000000,0.609935,0.881208,-0.003351,0.631612,0.831268,-0.010706,0.628514,0.777000,-0.016592,0.619215,0.738788,-0.022501,0.636431,0.832020,-0.030273,0.675304,0.778204,-0.041804,0.696753,0.752365,-0.045842,0.713603,0.731105,-0.047043,0.617491,0.800938,-0.030854,0.650137,0.729160,-0.040760,0.668033,0.686630,-0.042593,0.678537,0.650606,-0.043438,0.598385,0.774082,-0.029089,0.621673,0.710775,-0.035926,0.621143,0.734846,-0.030601,0.614810,0.757325,-0.025214,0.582807,0.757568,-0.027149,0.601462,0.740761,-0.030621,0.602506,0.763644,-0.025572,0.599363,0.780252,-0.020368
1780504267.692,right,victory,0.573652,0.889643,0.000000,0.609415,0.881628,-0.002997,0.630973,0.832436,-0.009933,0.628285,0.778130,-0.015280,0.619723,0.740755,-0.020614,0.636399,0.832502,-0.030446,0.674883,0.777249,-0.041923,0.696187,0.750710,-0.045846,0.712767,0.729283,-0.046920,0.617184,0.801604,-0.031113,0.650085,0.728597,-0.040559,0.667495,0.684902,-0.042176,0.677494,0.648634,-0.042951,0.597621,0.775209,-0.029377,0.620601,0.710968,-0.035354,0.620557,0.734346,-0.029730,0.614769,0.757019,-0.024391,0.581809,0.759599,-0.027468,0.599968,0.741166,-0.030271,0.601268,0.762936,-0.024931,0.598201,0.778886,-0.019612
1780504267.813,right,victory,0.574125,0.888930,0.000000,0.610326,0.880396,-0.002047,0.631175,0.832338,-0.008554,0.627803,0.781535,-0.013854,0.618462,0.745799,-0.019241,0.636764,0.831479,-0.028343,0.675780,0.776857,-0.039500,0.696989,0.750292,-0.043379,0.713633,0.728865,-0.044436,0.617777,0.799914,-0.029441,0.650627,0.727259,-0.038479,0.667904,0.684192,-0.039919,0.677997,0.647990,-0.040512,0.598463,0.773090,-0.028228,0.620871,0.708390,-0.034118,0.620459,0.731868,-0.028943,0.614448,0.754605,-0.023849,0.582781,0.757003,-0.026795,0.600068,0.739297,-0.029726,0.601225,0.761200,-0.024776,0.598524,0.777331,-0.019672
1780504267.940,right,victory,0.574334,0.890867,0.000000,0.610327,0.881589,-0.002751,0.630685,0.832511,-0.009822,0.626841,0.780243,-0.015482,0.619132,0.742930,-0.021075,0.636849,0.832273,-0.029507,0.675809,0.777809,-0.040625,0.696741,0.751867,-0.044574,0.712993,0.730564,-0.045877,0.617501,0.801847,-0.030332,0.649927,0.729436,-0.039688,0.667461,0.686452,-0.041733,0.678021,0.649467,-0.043082,0.597868,0.775355,-0.028785,0.621661,0.709248,-0.034772,0.621301,0.732949,-0.029596,0.615219,0.755227,-0.024812,0.582349,0.759381,-0.027058,0.600708,0.742102,-0.030423,0.602107,0.764336,-0.025837,0.599420,0.780222,-0.021144
1780504268.075,right,victory,0.574103,0.889930,0.000000,0.610207,0.881642,-0.003218,0.631518,0.832711,-0.010376,0.628734,0.778708,-0.015890,0.620039,0.740752,-0.021422,0.636203,0.833246,-0.030758,0.675247,0.778167,-0.042208,0.696392,0.751712,-0.046141,0.712929,0.729767,-0.047253,0.616873,0.802559,-0.031255,0.649814,0.730290,-0.040881,0.667575,0.687429,-0.042564,0.677936,0.651008,-0.043409,0.597457,0.775649,-0.029351,0.621113,0.711041,-0.035747,0.621058,0.734619,-0.030253,0.614865,0.757169,-0.024938,0.582113,0.758795,-0.027252,0.601083,0.740549,-0.030472,0.602241,0.762678,-0.025236,0.598817,0.778843,-0.019941
1780504268.203,right,victory,0.573679,0.890740,0.000000,0.610139,0.883324,-0.002844,0.631637,0.835708,-0.009395,0.630011,0.783643,-0.014450,0.622240,0.746932,-0.019444,0.636341,0.833957,-0.029117,0.674999,0.778658,-0.039968,0.695912,0.752521,-0.043614,0.712164,0.730990,-0.044596,0.617195,0.802599,-0.029654,0.649717,0.730528,-0.038879,0.667299,0.688073,-0.040687,0.677648,0.652167,-0.041638,0.597838,0.775448,-0.027859,0.621473,0.710886,-0.034067,0.621696,0.734372,-0.029232,0.615704,0.757587,-0.024441,0.582482,0.758541,-0.025858,0.601065,0.742208,-0.029369,0.602459,0.764637,-0.024993,0.599569,0.781405,-0.020296
1780504268.355,right,victory,0.573075,0.892081,0.000000,0.609384,0.884845,-0.002802,0.630597,0.836584,-0.009332,0.628585,0.785028,-0.014333,0.620404,0.748340,-0.019360,0.636100,0.834561,-0.029284,0.675088,0.778535,-0.040049,0.696305,0.751966,-0.043715,0.712799,0.730396,-0.044685,0.617081,0.803030,-0.029707,0.650024,0.730675,-0.038551,0.667599,0.687912,-0.040243,0.677828,0.652381,-0.041164,0.597787,0.775882,-0.027767,0.621034,0.710568,-0.033622,0.621130,0.733620,-0.028965,0.615116,0.757270,-0.024363,0.582308,0.759057,-0.025598,0.600320,0.741334,-0.028951,0.601465,0.763969,-0.024602,0.598452,0.781704,-0.019931
1780504268.512,right,victory,0.572851,0.892535,0.000000,0.608600,0.882517,-0.002564,0.629751,0.834231,-0.009231,0.627163,0.780731,-0.014482,0.619222,0.743908,-0.019691,0.635612,0.832309,-0.029328,0.673526,0.777656,-0.040659,0.694649,0.751226,-0.044774,0.711052,0.729935,-0.045952,0.616419,0.802308,-0.029828,0.648494,0.730616,-0.039215,0.665945,0.687392,-0.041089,0.675896,0.651792,-0.042135,0.597062,0.776437,-0.027939,0.619551,0.712492,-0.033620,0.619649,0.735117,-0.028023,0.613886,0.758035,-0.022683,0.581544,0.760437,-0.025870,0.600378,0.738515,-0.028229,0.601918,0.760201,-0.022731,0.598934,0.777701,-0.017295
1780504268.758,right,victory,0.571940,0.891968,0.000000,0.607845,0.882718,-0.003195,0.628927,0.833249,-0.010463,0.625204,0.778752,-0.016085,0.616402,0.740862,-0.021660,0.634030,0.834104,-0.031249,0.672642,0.777700,-0.042843,0.693492,0.750277,-0.046900,0.709719,0.727042,-0.048222,0.614306,0.803715,-0.031827,0.647357,0.729924,-0.041851,0.665052,0.686491,-0.043919,0.675321,0.649623,-0.045066,0.594789,0.777415,-0.029937,0.618182,0.708732,-0.036943,0.618229,0.731366,-0.032056,0.612387,0.754102,-0.027070,0.579637,0.761361,-0.027770,0.598639,0.741213,-0.031707,0.600560,0.763939,-0.027211,0.598220,0.781301,-0.022391
1780504269.071,right,victory,0.573639,0.888929,0.000000,0.609058,0.878865,-0.002169,0.629756,0.830176,-0.008938,0.626386,0.777467,-0.014375,0.616955,0.740489,-0.019807,0.634912,0.830232,-0.029042,0.673077,0.773940,-0.039868,0.693713,0.747135,-0.043423,0.709726,0.725071,-0.044320,0.615440,0.800022,-0.029895,0.647775,0.727181,-0.038715,0.664764,0.684798,-0.039870,0.674163,0.649158,-0.040388,0.595980,0.774029,-0.028358,0.618524,0.707730,-0.033860,0.618706,0.731072,-0.028287,0.612768,0.753680,-0.023092,0.580583,0.758347,-0.026610,0.599057,0.739666,-0.029239,0.600839,0.761863,-0.024170,0.598052,0.778334,-0.019112
1780504269.305,right,victory,0.571803,0.888558,0.000000,0.607666,0.879335,-0.003239,0.628955,0.830138,-0.010215,0.625916,0.776009,-0.015496,0.617622,0.737852,-0.020704,0.634071,0.831329,-0.030657,0.672202,0.775227,-0.041824,0.693085,0.748299,-0.045738,0.709576,0.725606,-0.047022,0.614496,0.800466,-0.030944,0.646495,0.727906,-0.040428,0.663992,0.684814,-0.042460,0.674131,0.648690,-0.043742,0.595121,0.773545,-0.028806,0.617955,0.707373,-0.035153,0.618333,0.730224,-0.030397,0.612441,0.753021,-0.025745,0.580064,0.756899,-0.026447,0.599356,0.739018,-0.029894,0.601455,0.761476,-0.025604,0.598878,0.778526,-0.021119
1780504269.482,right,victory,0.570558,0.888240,0.000000,0.606249,0.878012,-0.002234,0.626642,0.829076,-0.009080,0.623395,0.776326,-0.014491,0.615139,0.739446,-0.019945,0.633086,0.829885,-0.029924,0.670011,0.773355,-0.040783,0.690518,0.746750,-0.044505,0.706369,0.725031,-0.045668,0.613366,0.800331,-0.030736,0.644224,0.727086,-0.040233,0.661532,0.683669,-0.042413,0.671794,0.647575,-0.043860,0.593654,0.774617,-0.028992,0.616302,0.707496,-0.035279,0.616605,0.728555,-0.030566,0.610737,0.750424,-0.025992,0.578270,0.759102,-0.026907,0.597954,0.739316,-0.030514,0.600450,0.762032,-0.026160,0.598155,0.780325,-0.021578
1780504269.618,right,victory,0.572876,0.887788,0.000000,0.607613,0.875672,-0.002393,0.627595,0.824959,-0.009192,0.624327,0.770504,-0.014733,0.615788,0.732791,-0.020211,0.633757,0.827110,-0.028337,0.670550,0.771708,-0.039453,0.690978,0.745228,-0.043235,0.706711,0.723768,-0.044324,0.614754,0.797496,-0.029216,0.645315,0.724590,-0.038607,0.661703,0.681682,-0.040167,0.670845,0.646488,-0.040959,0.595422,0.772067,-0.027857,0.616203,0.706114,-0.034099,0.616453,0.729160,-0.028959,0.611024,0.752397,-0.023921,0.579677,0.756714,-0.026292,0.596694,0.738019,-0.029672,0.598798,0.760259,-0.025311,0.596860,0.777526,-0.020686
1780504269.765,right,victory,0.571451,0.889995,0.000000,0.606950,0.879726,-0.002801,0.627665,0.830000,-0.009108,0.625107,0.776681,-0.013902,0.617078,0.739564,-0.018567,0.633919,0.828760,-0.028525,0.670341,0.772072,-0.039413,0.690701,0.744681,-0.043539,0.706545,0.721831,-0.045121,0.614580,0.799108,-0.029037,0.644714,0.726855,-0.038421,0.661860,0.683268,-0.041110,0.671903,0.646844,-0.043038,0.595005,0.773444,-0.027257,0.617024,0.706327,-0.033585,0.617598,0.728474,-0.029555,0.612052,0.751375,-0.025510,0.579830,0.757694,-0.025255,0.597667,0.738293,-0.029059,0.599475,0.760154,-0.025530,0.596868,0.777283,-0.021604
1780504269.914,right,victory,0.572333,0.888806,0.000000,0.608122,0.879362,-0.002526,0.627975,0.831243,-0.009127,0.624420,0.780550,-0.014440,0.615222,0.745099,-0.019828,0.634566,0.830295,-0.027987,0.671457,0.773563,-0.038628,0.691658,0.745866,-0.042498,0.707246,0.723454,-0.043691,0.615187,0.800087,-0.028806,0.645982,0.726767,-0.037241,0.662524,0.683859,-0.038758,0.671862,0.648170,-0.039666,0.595540,0.774473,-0.027408,0.617511,0.708186,-0.033002,0.618143,0.730615,-0.028310,0.612489,0.753653,-0.023763,0.579607,0.759001,-0.025816,0.597651,0.738577,-0.028784,0.599526,0.759638,-0.024190,0.596664,0.776733,-0.019487
1780504270.014,right,victory,0.572528,0.889549,0.000000,0.608196,0.879903,-0.002484,0.627978,0.830616,-0.008749,0.624186,0.778927,-0.013819,0.614865,0.742903,-0.018993,0.634951,0.829114,-0.026690,0.671917,0.774166,-0.037065,0.692136,0.746478,-0.040724,0.707715,0.723982,-0.041737,0.616021,0.798917,-0.027543,0.646877,0.727281,-0.036010,0.663210,0.683931,-0.037572,0.672622,0.647406,-0.038336,0.596467,0.773792,-0.026230,0.617549,0.708235,-0.032005,0.617295,0.731144,-0.027095,0.611521,0.754202,-0.022146,0.580399,0.759119,-0.024713,0.597258,0.737458,-0.027586,0.598548,0.758360,-0.022545,0.595670,0.775200,-0.017360
1780504270.226,right,victory,0.572751,0.888683,0.000000,0.608891,0.879563,-0.003218,0.629428,0.830580,-0.010008,0.626351,0.777272,-0.015330,0.617498,0.740314,-0.020670,0.634878,0.830670,-0.028906,0.672403,0.775174,-0.039850,0.692978,0.747861,-0.043735,0.708852,0.725337,-0.044879,0.615494,0.800635,-0.029424,0.646829,0.727591,-0.038596,0.664318,0.684556,-0.040359,0.674629,0.647529,-0.041328,0.596064,0.774861,-0.027703,0.618831,0.708167,-0.034319,0.619185,0.731779,-0.029487,0.613213,0.754896,-0.024493,0.580569,0.759000,-0.025779,0.599702,0.737257,-0.029465,0.601423,0.759319,-0.024721,0.598133,0.776867,-0.019696
1780504270.334,right,victory,0.574098,0.888589,0.000000,0.609347,0.878505,-0.003421,0.629583,0.829009,-0.010763,0.626507,0.776497,-0.016642,0.617173,0.739983,-0.022622,0.635601,0.829952,-0.029847,0.673316,0.774496,-0.041157,0.694117,0.746979,-0.045329,0.710117,0.725051,-0.046529,0.616385,0.800847,-0.030375,0.647913,0.727596,-0.039507,0.664970,0.684471,-0.040926,0.674568,0.648705,-0.041612,0.596961,0.775781,-0.028655,0.619623,0.708864,-0.034836,0.619985,0.731532,-0.029173,0.614047,0.754718,-0.023704,0.580988,0.760150,-0.026792,0.600757,0.735661,-0.029756,0.602299,0.757360,-0.023993,0.598670,0.775455,-0.018319
1780504270.443,right,victory,0.573183,0.888157,0.000000,0.608451,0.879244,-0.003643,0.629794,0.829723,-0.010751,0.627033,0.774933,-0.016186,0.618528,0.736698,-0.021582,0.635414,0.830625,-0.030098,0.673326,0.774072,-0.041293,0.693962,0.746778,-0.044896,0.709976,0.724830,-0.045761,0.615802,0.800824,-0.030462,0.647219,0.727066,-0.040188,0.664398,0.684022,-0.041855,0.674703,0.648174,-0.042593,0.596169,0.775094,-0.028571,0.618409,0.710462,-0.035560,0.618118,0.732962,-0.030535,0.612031,0.755070,-0.025302,0.580292,0.759028,-0.026472,0.599784,0.739126,-0.030212,0.601642,0.761000,-0.025384,0.598798,0.777577,-0.020293
1780504270.565,right,victory,0.570885,0.888304,0.000000,0.606191,0.875105,-0.002645,0.625589,0.825954,-0.010175,0.621388,0.773091,-0.016507,0.611937,0.736904,-0.023305,0.635220,0.828692,-0.028835,0.669246,0.769969,-0.040183,0.688667,0.740366,-0.044841,0.703819,0.717385,-0.046520,0.615868,0.801008,-0.030285,0.644424,0.727976,-0.039589,0.658922,0.682344,-0.041717,0.667170,0.646454,-0.043046,0.595316,0.777343,-0.029464,0.613363,0.711183,-0.035114,0.613120,0.730392,-0.029536,0.608223,0.752847,-0.024476,0.577211,0.763106,-0.028482,0.593446,0.734583,-0.030917,0.595444,0.754575,-0.024683,0.593261,0.773496,-0.018828
1780504270.676,right,victory,0.570852,0.892648,0.000000,0.602633,0.871089,0.001774,0.619983,0.820959,-0.004492,0.615264,0.767676,-0.010354,0.606437,0.729495,-0.016878,0.638247,0.821100,-0.025229,0.666638,0.755519,-0.036794,0.684218,0.722674,-0.041574,0.698159,0.698768,-0.043063,0.619620,0.804966,-0.029800,0.644660,0.726516,-0.040929,0.656061,0.677659,-0.043339,0.663193,0.642757,-0.044006,0.598283,0.790337,-0.032029,0.607963,0.709830,-0.040226,0.602887,0.703199,-0.036108,0.596875,0.712013,-0.030998,0.576524,0.780220,-0.033453,0.588991,0.732588,-0.036230,0.590142,0.741166,-0.029562,0.589675,0.758424,-0.023099
1780504270.780,right,victory,0.569526,0.881958,0.000000,0.601318,0.854793,0.004669,0.619196,0.805862,-0.000763,0.612856,0.756890,-0.007093,0.599668,0.725256,-0.014764,0.639286,0.805635,-0.021754,0.663422,0.738311,-0.032575,0.679285,0.705467,-0.036945,0.692572,0.681208,-0.038579,0.621953,0.803420,-0.029687,0.643985,0.723955,-0.041503,0.653965,0.677215,-0.045032,0.660797,0.644932,-0.046586,0.599922,0.798878,-0.035439,0.603684,0.709925,-0.046903,0.592591,0.688881,-0.046067,0.583973,0.689268,-0.042518,0.576469,0.792570,-0.039886,0.583894,0.725850,-0.045386,0.581589,0.722297,-0.040620,0.578166,0.735036,-0.035461
1780504270.922,right,victory,0.557047,0.869573,0.000000,0.567936,0.802620,0.000306,0.581436,0.757968,-0.009442,0.583782,0.721549,-0.021420,0.582340,0.700004,-0.033445,0.627179,0.795686,-0.020310,0.657277,0.744915,-0.032693,0.674406,0.712130,-0.038967,0.686216,0.683853,-0.043158,0.622524,0.815636,-0.029834,0.650301,0.753031,-0.046809,0.666009,0.709278,-0.054776,0.676398,0.674665,-0.059269,0.608160,0.824557,-0.038019,0.606084,0.732014,-0.053286,0.588773,0.707440,-0.051726,0.577797,0.699648,-0.047499,0.587844,0.822398,-0.046060,0.582349,0.752926,-0.055750,0.574626,0.726059,-0.053938,0.571219,0.712690,-0.050878
1780504271.036,right,victory,0.545192,0.844121,0.000000,0.551367,0.784887,-0.009511,0.563774,0.743819,-0.018864,0.572442,0.716919,-0.029347,0.580673,0.713171,-0.039142,0.617210,0.773153,-0.017373,0.648516,0.730197,-0.030560,0.668146,0.703827,-0.038278,0.683993,0.684652,-0.043059,0.621907,0.805429,-0.022173,0.658838,0.774788,-0.037805,0.681245,0.749369,-0.047411,0.697696,0.727839,-0.052042,0.617362,0.833027,-0.027517,0.618939,0.766792,-0.045982,0.600107,0.738874,-0.050374,0.583882,0.727027,-0.048541,0.604413,0.847601,-0.033499,0.595287,0.789734,-0.046566,0.584199,0.759177,-0.048181,0.575307,0.741944,-0.046421
1780504271.156,right,victory,0.542179,0.846394,0.000000,0.549235,0.795327,-0.011654,0.568097,0.757112,-0.021161,0.585970,0.749289,-0.031947,0.596669,0.769314,-0.041789,0.619065,0.782463,-0.014966,0.650836,0.744853,-0.028790,0.671141,0.723070,-0.036908,0.688480,0.707687,-0.042124,0.624376,0.818365,-0.019652,0.666091,0.805363,-0.035242,0.691768,0.792850,-0.044286,0.712858,0.785818,-0.048280,0.618462,0.852968,-0.025620,0.635002,0.820072,-0.045312,0.615150,0.794464,-0.048645,0.598241,0.784981,-0.045071,0.605011,0.880439,-0.032487,0.613022,0.847268,-0.046668,0.604922,0.816206,-0.047161,0.596646,0.798718,-0.043902
1780504271.486,right,victory,0.540955,0.850148,0.000000,0.548917,0.800757,-0.012580,0.568706,0.763137,-0.022205,0.587732,0.765595,-0.032692,0.601234,0.789452,-0.042364,0.615968,0.780156,-0.015893,0.649318,0.747147,-0.029155,0.669920,0.728118,-0.036852,0.687726,0.714739,-0.041817,0.620763,0.815528,-0.019798,0.665350,0.808566,-0.033836,0.691503,0.796257,-0.042226,0.712629,0.788667,-0.046538,0.614969,0.849594,-0.025093,0.639107,0.833780,-0.043492,0.622521,0.812416,-0.047110,0.606577,0.801738,-0.044592,0.602680,0.879262,-0.031300,0.616583,0.863102,-0.044546,0.609880,0.840016,-0.044966,0.601372,0.824983,-0.042236
1780504271.582,right,victory,0.541097,0.849749,0.000000,0.548838,0.801695,-0.011490,0.569176,0.763633,-0.020311,0.588483,0.764611,-0.030018,0.601519,0.788559,-0.039241,0.617389,0.779645,-0.014726,0.649545,0.745649,-0.027247,0.669952,0.725430,-0.034574,0.687446,0.711855,-0.039380,0.622158,0.814829,-0.018753,0.666246,0.806845,-0.031759,0.692533,0.794930,-0.039740,0.713295,0.788014,-0.043770,0.616319,0.849054,-0.024089,0.640090,0.834385,-0.042015,0.623415,0.811705,-0.046647,0.607324,0.799763,-0.045013,0.603702,0.878826,-0.030051,0.613411,0.857251,-0.043455,0.603313,0.833967,-0.044499,0.592785,0.820197,-0.042252
1780504271.706,right,victory,0.540984,0.856191,0.000000,0.547618,0.804860,-0.012084,0.569061,0.766590,-0.020878,0.589333,0.776321,-0.030256,0.601984,0.803093,-0.039209,0.614472,0.779689,-0.015770,0.647267,0.745202,-0.028162,0.667432,0.723672,-0.035620,0.684660,0.708070,-0.040546,0.620703,0.814818,-0.019175,0.665803,0.807069,-0.031843,0.692360,0.795867,-0.039595,0.713533,0.790320,-0.043617,0.616600,0.849127,-0.023793,0.641062,0.838115,-0.040279,0.625301,0.818809,-0.043841,0.609738,0.809826,-0.041910,0.606057,0.880501,-0.029235,0.616474,0.862416,-0.041067,0.607795,0.843902,-0.040993,0.598811,0.835034,-0.038248
1780504271.821,right,victory,0.539704,0.856751,0.000000,0.548150,0.805793,-0.009840,0.570543,0.768744,-0.017535,0.590938,0.779993,-0.026151,0.603403,0.808162,-0.034637,0.615471,0.780175,-0.013432,0.647681,0.745318,-0.024810,0.668025,0.724690,-0.031706,0.685666,0.710314,-0.036385,0.621215,0.815605,-0.017733,0.666417,0.806465,-0.029639,0.693466,0.796225,-0.037535,0.714245,0.791654,-0.041701,0.616796,0.850658,-0.023057,0.641602,0.840237,-0.039290,0.627109,0.816968,-0.044476,0.611739,0.803340,-0.043707,0.606392,0.882409,-0.028846,0.616300,0.859962,-0.041015,0.608163,0.837176,-0.042137,0.599016,0.822866,-0.040234
1780504272.009,right,victory,0.539065,0.857179,0.000000,0.547924,0.805648,-0.010226,0.569662,0.769259,-0.018126,0.589897,0.781991,-0.027104,0.602144,0.811002,-0.035935,0.615526,0.779961,-0.013600,0.647940,0.745694,-0.025021,0.668205,0.724950,-0.032127,0.686037,0.710266,-0.037055,0.621513,0.815830,-0.017911,0.666190,0.808578,-0.029733,0.693570,0.799043,-0.037805,0.714826,0.794911,-0.042466,0.617048,0.850793,-0.023351,0.642180,0.842125,-0.039287,0.627786,0.818825,-0.044570,0.612220,0.804745,-0.044205,0.606374,0.882624,-0.029399,0.619254,0.863406,-0.041152,0.611416,0.840513,-0.042271,0.601486,0.824817,-0.040691
1780504272.203,right,victory,0.538949,0.857123,0.000000,0.547314,0.806034,-0.010253,0.569552,0.770203,-0.017804,0.589812,0.783455,-0.026270,0.602734,0.811381,-0.034625,0.616071,0.780228,-0.013318,0.648665,0.745982,-0.024486,0.669113,0.725390,-0.031248,0.686813,0.710774,-0.035878,0.622230,0.816690,-0.017547,0.666937,0.809824,-0.029232,0.694101,0.800050,-0.037340,0.714891,0.795184,-0.041842,0.617490,0.851841,-0.022876,0.641882,0.843144,-0.039105,0.627618,0.821620,-0.044757,0.612655,0.808943,-0.044502,0.606397,0.883329,-0.028710,0.616483,0.864334,-0.040869,0.607631,0.843779,-0.042162,0.597932,0.831122,-0.040538
1780504272.347,right,victory,0.539018,0.857574,0.000000,0.547590,0.806657,-0.010457,0.569416,0.771481,-0.018388,0.589608,0.784146,-0.027219,0.603128,0.811708,-0.035879,0.616645,0.781495,-0.013710,0.649129,0.747054,-0.025177,0.669517,0.726705,-0.032030,0.687358,0.712416,-0.036677,0.622661,0.818189,-0.017987,0.667527,0.811516,-0.029863,0.694978,0.802052,-0.037936,0.715761,0.797270,-0.042382,0.617706,0.853410,-0.023417,0.642144,0.844702,-0.039941,0.628280,0.822917,-0.045858,0.613570,0.809623,-0.045755,0.606352,0.884762,-0.029337,0.615823,0.864521,-0.041879,0.607056,0.842169,-0.043572,0.597417,0.827159,-0.042204
1780504272.559,right,victory,0.539187,0.860410,0.000000,0.547403,0.808613,-0.011582,0.569234,0.774898,-0.019716,0.588136,0.793071,-0.028502,0.600802,0.822113,-0.037167,0.617081,0.784106,-0.014676,0.648751,0.750171,-0.026565,0.669308,0.730190,-0.033907,0.687283,0.715665,-0.038975,0.623653,0.821780,-0.018492,0.667972,0.816683,-0.030551,0.695187,0.808308,-0.038744,0.716750,0.803804,-0.043256,0.618572,0.857177,-0.023540,0.640692,0.850815,-0.040208,0.624145,0.831318,-0.045509,0.608156,0.820141,-0.044849,0.606558,0.888530,-0.029256,0.612925,0.871749,-0.042083,0.601933,0.853075,-0.043404,0.591305,0.842064,-0.041597
1780504272.709,right,victory,0.538854,0.859651,0.000000,0.547687,0.808291,-0.010948,0.570293,0.774303,-0.018710,0.590121,0.791512,-0.027067,0.603342,0.820038,-0.035321,0.616344,0.784633,-0.014533,0.648593,0.751384,-0.025988,0.669042,0.730798,-0.033018,0.687007,0.715401,-0.037843,0.622760,0.822221,-0.018356,0.667825,0.817458,-0.029795,0.695452,0.809077,-0.037688,0.716577,0.804467,-0.042125,0.617917,0.858252,-0.023265,0.641512,0.852529,-0.038923,0.627914,0.830989,-0.044032,0.613490,0.816846,-0.043638,0.606328,0.890620,-0.028789,0.614674,0.872501,-0.040593,0.605308,0.852310,-0.041408,0.595582,0.839038,-0.039527
1780504273.067,right,victory,0.539522,0.860286,0.000000,0.548616,0.807826,-0.010540,0.571378,0.773833,-0.018004,0.590428,0.792399,-0.026209,0.602824,0.821063,-0.034416,0.617557,0.785216,-0.013956,0.650058,0.752081,-0.025445,0.670765,0.731407,-0.032467,0.688791,0.715785,-0.037160,0.624014,0.822718,-0.017860,0.669283,0.817980,-0.029431,0.696756,0.810184,-0.037315,0.717918,0.806360,-0.041522,0.619472,0.857989,-0.022851,0.643220,0.850984,-0.038841,0.628699,0.831815,-0.044156,0.613896,0.820456,-0.043523,0.608296,0.889311,-0.028368,0.617595,0.869369,-0.040230,0.608245,0.849949,-0.041074,0.598723,0.838203,-0.039002
1780504273.283,right,victory,0.540713,0.860846,0.000000,0.549314,0.809374,-0.012152,0.571084,0.776456,-0.020646,0.590366,0.796913,-0.029597,0.603669,0.826708,-0.038283,0.618829,0.784274,-0.015262,0.651282,0.752500,-0.027251,0.671905,0.732883,-0.034586,0.689993,0.718433,-0.039692,0.625266,0.822213,-0.018823,0.669659,0.817411,-0.031086,0.697039,0.810268,-0.039425,0.718773,0.807291,-0.044134,0.620067,0.858364,-0.023608,0.643514,0.853833,-0.040492,0.626751,0.835182,-0.045479,0.610642,0.824017,-0.044636,0.607975,0.891355,-0.029087,0.615574,0.874702,-0.042047,0.604868,0.857045,-0.043086,0.594931,0.846525,-0.041102
1780504273.406,right,victory,0.542136,0.864045,0.000000,0.549776,0.813205,-0.013088,0.570412,0.779153,-0.021784,0.589190,0.798512,-0.030736,0.602594,0.828591,-0.039270,0.620173,0.786609,-0.015737,0.651943,0.753980,-0.027777,0.672396,0.734467,-0.035221,0.690455,0.720762,-0.040347,0.626518,0.824462,-0.018696,0.670061,0.820260,-0.030651,0.697309,0.814026,-0.038776,0.719328,0.812095,-0.043401,0.621299,0.859649,-0.023011,0.643168,0.858043,-0.039630,0.625691,0.841769,-0.044477,0.609299,0.832734,-0.043567,0.609353,0.891498,-0.028170,0.615247,0.879275,-0.040867,0.603661,0.863983,-0.041881,0.593225,0.855253,-0.039893
1780504273.509,right,victory,0.542242,0.866883,0.000000,0.550028,0.815250,-0.013229,0.570895,0.781387,-0.022161,0.589810,0.802034,-0.031351,0.602378,0.832625,-0.040062,0.620050,0.789363,-0.016262,0.651851,0.755769,-0.028736,0.672182,0.735567,-0.036668,0.690254,0.720818,-0.042051,0.626490,0.826963,-0.019220,0.670253,0.822588,-0.031375,0.697313,0.817414,-0.039281,0.719430,0.816122,-0.043568,0.621555,0.861530,-0.023522,0.642190,0.859438,-0.039687,0.623002,0.846699,-0.043074,0.605965,0.840852,-0.041069,0.609837,0.892964,-0.028833,0.615397,0.881242,-0.040569,0.602110,0.867570,-0.040152,0.590830,0.860727,-0.037098
1780504273.630,right,victory,0.541258,0.866597,0.000000,0.549300,0.815597,-0.012679,0.569749,0.782440,-0.021583,0.588252,0.802253,-0.030782,0.601345,0.830997,-0.039630,0.619002,0.788818,-0.016293,0.650952,0.756664,-0.028933,0.671706,0.737048,-0.037199,0.690174,0.722718,-0.042976,0.625348,0.826466,-0.019556,0.669304,0.821971,-0.031807,0.696875,0.816563,-0.040252,0.719034,0.815284,-0.045237,0.620453,0.861971,-0.024077,0.643241,0.860199,-0.040281,0.626386,0.844358,-0.044700,0.609932,0.835368,-0.043771,0.608982,0.894919,-0.029484,0.615390,0.882187,-0.041769,0.604294,0.866223,-0.042443,0.594116,0.856412,-0.040358
1780504273.775,right,victory,0.541283,0.869374,0.000000,0.548613,0.819203,-0.012586,0.568994,0.784648,-0.021247,0.588114,0.803423,-0.030166,0.602382,0.831743,-0.038724,0.619230,0.789836,-0.016238,0.650790,0.756905,-0.028415,0.671185,0.737436,-0.035993,0.689290,0.723477,-0.041187,0.625506,0.828065,-0.019496,0.669287,0.824048,-0.031621,0.696632,0.818771,-0.039716,0.718722,0.817534,-0.044250,0.620389,0.863659,-0.023980,0.642197,0.860606,-0.040688,0.623915,0.845749,-0.045147,0.607051,0.838655,-0.043913,0.608781,0.895904,-0.029238,0.613912,0.878585,-0.042045,0.601098,0.862606,-0.042756,0.589973,0.854640,-0.040448
1780504273.887,right,victory,0.540561,0.867925,0.000000,0.548240,0.817790,-0.012570,0.568884,0.783708,-0.021380,0.588017,0.802590,-0.030500,0.601614,0.831788,-0.039327,0.617930,0.788774,-0.016317,0.650996,0.755968,-0.028494,0.671839,0.736468,-0.036038,0.690127,0.722358,-0.041162,0.623624,0.826730,-0.019594,0.668390,0.822550,-0.031830,0.696094,0.816805,-0.040218,0.718063,0.815388,-0.045011,0.618587,0.862467,-0.024081,0.642634,0.859428,-0.040736,0.626006,0.841597,-0.045689,0.609749,0.831807,-0.044911,0.607414,0.894985,-0.029302,0.615736,0.879281,-0.041868,0.604710,0.862477,-0.042598,0.594402,0.853371,-0.040448
1780504274.023,right,victory,0.540701,0.868809,0.000000,0.548497,0.817251,-0.012183,0.569266,0.783457,-0.020660,0.588088,0.802333,-0.029600,0.601463,0.830892,-0.038226,0.618629,0.789033,-0.015095,0.650751,0.755512,-0.027109,0.671275,0.735721,-0.034533,0.689416,0.721757,-0.039547,0.624446,0.826913,-0.018560,0.668281,0.822214,-0.030755,0.696019,0.816404,-0.038990,0.718213,0.815144,-0.043544,0.619285,0.862542,-0.023297,0.642319,0.859642,-0.040110,0.624371,0.843201,-0.044744,0.607219,0.834185,-0.043521,0.607803,0.895274,-0.028778,0.614838,0.880364,-0.041466,0.602844,0.864614,-0.042036,0.591844,0.855890,-0.039587
1780504274.231,right,victory,0.540475,0.869500,0.000000,0.547982,0.818240,-0.012353,0.568868,0.784301,-0.020773,0.587334,0.804379,-0.029602,0.599802,0.834095,-0.038130,0.618960,0.790216,-0.015655,0.650538,0.757431,-0.027753,0.670758,0.737954,-0.035439,0.688796,0.723871,-0.040740,0.625139,0.828390,-0.018911,0.668436,0.823501,-0.030916,0.695690,0.817950,-0.039008,0.717671,0.816881,-0.043608,0.620179,0.863873,-0.023430,0.642560,0.859961,-0.039895,0.624467,0.845477,-0.044344,0.607287,0.838827,-0.043104,0.608682,0.896018,-0.028765,0.615290,0.880277,-0.041308,0.603695,0.864630,-0.042089,0.593084,0.856678,-0.039854
1780504274.329,right,victory,0.540077,0.869306,0.000000,0.547703,0.818800,-0.012682,0.568751,0.784786,-0.021342,0.587970,0.805766,-0.030330,0.601049,0.835619,-0.038899,0.618747,0.789591,-0.015823,0.650974,0.756776,-0.028109,0.671583,0.737608,-0.035715,0.689530,0.723513,-0.040816,0.625055,0.827480,-0.019050,0.669070,0.822607,-0.031579,0.696412,0.817296,-0.039856,0.718290,0.816122,-0.044317,0.620132,0.862985,-0.023564,0.641782,0.860423,-0.040532,0.623366,0.846873,-0.044908,0.606476,0.840316,-0.043366,0.608758,0.895589,-0.028889,0.615999,0.881060,-0.041499,0.603804,0.866303,-0.041838,0.592864,0.858417,-0.039171
1780504274.447,right,victory,0.540400,0.869933,0.000000,0.547600,0.819401,-0.012781,0.567872,0.785495,-0.021393,0.586685,0.803943,-0.030333,0.600394,0.831584,-0.038897,0.619075,0.790167,-0.015636,0.650611,0.757761,-0.027500,0.670747,0.738149,-0.034877,0.688635,0.723968,-0.039971,0.625159,0.828095,-0.018849,0.668816,0.823847,-0.030953,0.695794,0.817932,-0.039141,0.717465,0.816424,-0.043759,0.619890,0.863634,-0.023351,0.642358,0.860746,-0.040231,0.623937,0.845156,-0.044744,0.606910,0.837534,-0.043499,0.608081,0.895897,-0.028653,0.614263,0.880745,-0.041492,0.601891,0.865491,-0.042196,0.591007,0.858017,-0.039882
1780504274.592,right,victory,0.539944,0.870108,0.000000,0.547236,0.819591,-0.012395,0.567995,0.784978,-0.020872,0.586260,0.803922,-0.029726,0.598763,0.833307,-0.038332,0.619021,0.790748,-0.015756,0.650397,0.758816,-0.027880,0.670595,0.739088,-0.035717,0.688682,0.725194,-0.041273,0.624609,0.828757,-0.019228,0.668116,0.824764,-0.031507,0.695525,0.819170,-0.040075,0.717810,0.818346,-0.045116,0.619081,0.864566,-0.023909,0.642346,0.863935,-0.040721,0.623867,0.846424,-0.045389,0.606377,0.836749,-0.044404,0.607000,0.897209,-0.029371,0.612771,0.882734,-0.042476,0.600783,0.865907,-0.043502,0.590111,0.856447,-0.041463
1780504274.809,right,victory,0.540289,0.869082,0.000000,0.548382,0.818000,-0.012231,0.569803,0.785652,-0.020723,0.588359,0.806900,-0.029552,0.601595,0.835437,-0.038152,0.619092,0.790481,-0.016139,0.651280,0.757165,-0.028301,0.672017,0.737995,-0.035755,0.690322,0.724105,-0.040948,0.624985,0.828673,-0.019733,0.668963,0.824510,-0.032130,0.696431,0.819751,-0.040417,0.718610,0.818653,-0.045142,0.619307,0.864573,-0.024533,0.643201,0.864144,-0.041719,0.625237,0.846945,-0.046818,0.608359,0.836435,-0.046055,0.606871,0.897752,-0.030010,0.613658,0.884419,-0.043564,0.601624,0.867072,-0.044958,0.590833,0.856070,-0.043154
1780504275.016,right,victory,0.539899,0.869949,0.000000,0.546676,0.820158,-0.013418,0.567009,0.785649,-0.022540,0.585581,0.805808,-0.031885,0.597264,0.836262,-0.040822,0.617952,0.790654,-0.017306,0.650150,0.758383,-0.029935,0.670857,0.738791,-0.038134,0.689141,0.724205,-0.043835,0.623536,0.828588,-0.020334,0.667668,0.825430,-0.032945,0.695358,0.821121,-0.041418,0.717863,0.820969,-0.046309,0.618221,0.864251,-0.024604,0.640379,0.864662,-0.041048,0.621630,0.848846,-0.044699,0.604030,0.840632,-0.042971,0.606455,0.896520,-0.029889,0.613128,0.885422,-0.041948,0.601031,0.871262,-0.041821,0.590201,0.864268,-0.039012
1780504275.247,right,victory,0.538637,0.869689,0.000000,0.546600,0.819938,-0.012275,0.567256,0.786625,-0.020985,0.585992,0.806632,-0.030095,0.598055,0.837684,-0.038856,0.618008,0.790923,-0.016019,0.650187,0.757482,-0.028219,0.671071,0.738114,-0.036184,0.689409,0.724472,-0.041804,0.623350,0.829690,-0.019647,0.666827,0.825647,-0.032133,0.694576,0.820709,-0.040756,0.717486,0.820080,-0.045860,0.617718,0.866346,-0.024446,0.640418,0.867045,-0.040908,0.621738,0.848724,-0.044802,0.604179,0.837754,-0.043359,0.605538,0.899865,-0.030105,0.613485,0.887948,-0.042147,0.601617,0.871660,-0.041997,0.590611,0.862083,-0.039297
1780504275.665,right,victory,0.539877,0.866906,0.000000,0.547781,0.817005,-0.012119,0.569211,0.784678,-0.020504,0.587315,0.805739,-0.029242,0.599050,0.836397,-0.037821,0.619770,0.788420,-0.015787,0.651660,0.755902,-0.027486,0.672514,0.737259,-0.034730,0.690501,0.723544,-0.039784,0.625230,0.827829,-0.019501,0.669237,0.824643,-0.031621,0.696471,0.819488,-0.040017,0.718027,0.818020,-0.044775,0.619095,0.865000,-0.024369,0.642197,0.865644,-0.041201,0.624759,0.845722,-0.046490,0.608146,0.832978,-0.045828,0.606294,0.898252,-0.029877,0.614038,0.883774,-0.042768,0.602830,0.865508,-0.043829,0.592427,0.853872,-0.041856
1780504275.881,right,victory,0.540537,0.867907,0.000000,0.548070,0.818159,-0.012877,0.569129,0.784659,-0.021532,0.587836,0.805531,-0.030421,0.601031,0.835104,-0.038911,0.620079,0.788795,-0.016100,0.651659,0.756025,-0.028134,0.672166,0.736658,-0.035647,0.690275,0.721964,-0.040940,0.625995,0.827665,-0.019408,0.669699,0.823931,-0.031641,0.696913,0.819141,-0.039822,0.719231,0.817777,-0.044500,0.620250,0.864423,-0.023977,0.642536,0.864222,-0.040690,0.623413,0.847315,-0.044603,0.606186,0.837301,-0.043026,0.607822,0.898050,-0.029404,0.614321,0.885538,-0.042038,0.601669,0.870007,-0.042215,0.590761,0.861084,-0.039597
1780504276.090,right,victory,0.540067,0.873954,0.000000,0.547522,0.823398,-0.012334,0.570041,0.789252,-0.019855,0.589094,0.811579,-0.027626,0.602290,0.841914,-0.035141,0.619858,0.793567,-0.014553,0.651289,0.760473,-0.025733,0.671574,0.740715,-0.033018,0.689626,0.726348,-0.038298,0.625881,0.832279,-0.017658,0.669127,0.828252,-0.028823,0.696356,0.823283,-0.036787,0.718556,0.822573,-0.041539,0.620523,0.867844,-0.022045,0.642216,0.869646,-0.037987,0.623332,0.852824,-0.042493,0.606054,0.843247,-0.041615,0.608537,0.899987,-0.027255,0.613324,0.888938,-0.040010,0.599762,0.874068,-0.040910,0.588115,0.865922,-0.038913
1780504276.211,right,victory,0.539258,0.874446,0.000000,0.546494,0.823414,-0.012856,0.567495,0.788696,-0.021541,0.586137,0.809507,-0.030527,0.598321,0.840513,-0.039202,0.618592,0.793794,-0.016478,0.650452,0.760155,-0.028558,0.670951,0.740303,-0.036378,0.689311,0.725878,-0.041926,0.624306,0.832666,-0.019711,0.667924,0.829316,-0.031840,0.695221,0.824614,-0.040103,0.717787,0.824242,-0.044971,0.618984,0.869020,-0.024162,0.640726,0.869217,-0.040516,0.621063,0.852528,-0.044350,0.603213,0.843858,-0.042832,0.607173,0.901873,-0.029537,0.612977,0.888110,-0.041815,0.599888,0.872427,-0.041912,0.588571,0.864484,-0.039316
1780504276.355,right,victory,0.538927,0.869711,0.000000,0.546848,0.820427,-0.011951,0.568405,0.786201,-0.020001,0.586805,0.806136,-0.028517,0.599286,0.835808,-0.036890,0.618902,0.790757,-0.015539,0.649931,0.757876,-0.027054,0.670181,0.738242,-0.034396,0.688211,0.723436,-0.039669,0.624654,0.829464,-0.019192,0.667704,0.825765,-0.030912,0.694433,0.819376,-0.039209,0.716257,0.817029,-0.044179,0.618853,0.865935,-0.023979,0.641362,0.864006,-0.040175,0.623018,0.844857,-0.044880,0.606029,0.833960,-0.044113,0.606328,0.898481,-0.029521,0.613968,0.884497,-0.041935,0.602130,0.867020,-0.042758,0.591326,0.857209,-0.040790
1780504276.512,right,victory,0.538540,0.875242,0.000000,0.545045,0.824148,-0.013024,0.565294,0.787946,-0.022134,0.583895,0.806126,-0.031532,0.596483,0.835917,-0.040562,0.616680,0.793002,-0.016666,0.648736,0.759774,-0.029289,0.669434,0.739581,-0.037425,0.687685,0.724740,-0.043114,0.622758,0.831213,-0.020007,0.666524,0.826729,-0.032927,0.693792,0.820096,-0.041714,0.715870,0.817775,-0.046804,0.617807,0.867414,-0.024596,0.640849,0.864271,-0.041828,0.622908,0.846468,-0.046421,0.605614,0.836650,-0.045270,0.606282,0.900622,-0.030029,0.613468,0.885283,-0.042947,0.602384,0.868990,-0.043609,0.592104,0.860410,-0.041329
1780504276.641,right,victory,0.538572,0.872515,0.000000,0.546443,0.820917,-0.011602,0.567917,0.787195,-0.019702,0.586233,0.806501,-0.028397,0.598106,0.836420,-0.036985,0.617551,0.793307,-0.015078,0.649065,0.758876,-0.026997,0.669652,0.739158,-0.034338,0.687877,0.724604,-0.039532,0.623615,0.831170,-0.019056,0.667470,0.825783,-0.031510,0.694539,0.820066,-0.039888,0.716326,0.818067,-0.044566,0.618125,0.867532,-0.024207,0.641379,0.864174,-0.041500,0.622927,0.846684,-0.046605,0.605773,0.836534,-0.045695,0.605746,0.901297,-0.030014,0.612164,0.886619,-0.043411,0.599954,0.868964,-0.044732,0.589101,0.858281,-0.042845
1780504276.833,right,victory,0.538437,0.872874,0.000000,0.545889,0.822079,-0.012858,0.566627,0.787392,-0.021748,0.585416,0.805760,-0.030903,0.598709,0.834764,-0.039751,0.616442,0.792777,-0.016642,0.648320,0.759791,-0.029003,0.668786,0.739667,-0.036892,0.687003,0.724182,-0.042476,0.622499,0.830863,-0.019968,0.666298,0.826417,-0.032469,0.693379,0.820267,-0.040924,0.715478,0.817699,-0.045895,0.617296,0.867184,-0.024504,0.640585,0.863676,-0.041404,0.622551,0.845397,-0.045754,0.605522,0.834822,-0.044612,0.605466,0.900338,-0.029878,0.612223,0.885180,-0.042959,0.600231,0.867796,-0.043684,0.589348,0.857653,-0.041495
1780504276.971,right,victory,0.537616,0.871146,0.000000,0.545647,0.820016,-0.011994,0.566773,0.785811,-0.020360,0.584925,0.805901,-0.029212,0.596678,0.836270,-0.037814,0.616327,0.791914,-0.015815,0.648300,0.758046,-0.027892,0.668935,0.738528,-0.035595,0.687147,0.723840,-0.041033,0.622195,0.830380,-0.019472,0.665842,0.825219,-0.031745,0.693104,0.818981,-0.040191,0.715408,0.816729,-0.045107,0.616697,0.866970,-0.024285,0.639353,0.862595,-0.040933,0.621238,0.844671,-0.045452,0.604227,0.834487,-0.044332,0.604493,0.900613,-0.029871,0.612471,0.886009,-0.042609,0.601296,0.868641,-0.043301,0.590847,0.858191,-0.041074
1780504277.095,right,victory,0.537046,0.869915,0.000000,0.545398,0.819034,-0.012104,0.567000,0.786073,-0.020302,0.585352,0.807392,-0.028874,0.597791,0.836699,-0.037252,0.616328,0.792075,-0.015688,0.648131,0.758348,-0.027684,0.668579,0.738693,-0.035220,0.686659,0.723569,-0.040458,0.622680,0.830114,-0.019154,0.666563,0.825602,-0.031114,0.693276,0.820006,-0.039151,0.714833,0.817676,-0.043663,0.617496,0.866195,-0.023802,0.639997,0.864570,-0.040244,0.621902,0.848187,-0.044809,0.605127,0.838531,-0.043752,0.605309,0.899745,-0.029218,0.612081,0.887456,-0.041842,0.599656,0.870638,-0.042547,0.588525,0.860136,-0.040331
1780504277.254,right,victory,0.536980,0.869875,0.000000,0.544730,0.819153,-0.013065,0.565862,0.785090,-0.021908,0.584061,0.805976,-0.030998,0.596192,0.836133,-0.039739,0.616545,0.791320,-0.016567,0.648316,0.758492,-0.028908,0.668805,0.738479,-0.036976,0.687129,0.723335,-0.042798,0.622366,0.830152,-0.019882,0.665354,0.825577,-0.032278,0.692583,0.819570,-0.040996,0.715064,0.817427,-0.046319,0.616578,0.866744,-0.024457,0.639008,0.864722,-0.041102,0.621302,0.845834,-0.045684,0.604688,0.834229,-0.044870,0.603904,0.900020,-0.029939,0.610775,0.887517,-0.042845,0.599689,0.869900,-0.043841,0.589787,0.858852,-0.041988
1780504277.356,right,victory,0.537339,0.869097,0.000000,0.544680,0.819462,-0.012464,0.565136,0.784255,-0.021361,0.583712,0.802866,-0.030583,0.596276,0.832765,-0.039478,0.615799,0.790551,-0.017115,0.648048,0.757117,-0.029524,0.668648,0.737255,-0.037273,0.686909,0.722286,-0.042742,0.621699,0.829134,-0.020582,0.665878,0.825268,-0.033041,0.692860,0.819523,-0.041277,0.714827,0.817483,-0.046038,0.616223,0.865707,-0.025176,0.639147,0.862168,-0.041838,0.621043,0.843220,-0.045995,0.604184,0.832137,-0.044682,0.603944,0.898967,-0.030577,0.611640,0.884134,-0.043280,0.600812,0.866401,-0.043887,0.590972,0.855940,-0.041623
1780504277.535,right,victory,0.538718,0.870969,0.000000,0.546620,0.819515,-0.012032,0.567627,0.785970,-0.020224,0.586392,0.805407,-0.028942,0.599049,0.834805,-0.037321,0.617232,0.792255,-0.014533,0.649015,0.758810,-0.026458,0.669805,0.739311,-0.033798,0.687933,0.724711,-0.038845,0.623613,0.830139,-0.018130,0.667374,0.825338,-0.030228,0.694258,0.818929,-0.038219,0.715909,0.815911,-0.042590,0.618205,0.866392,-0.023035,0.641332,0.862176,-0.040091,0.623540,0.846387,-0.044696,0.607020,0.837667,-0.043317,0.605662,0.899994,-0.028661,0.614063,0.886545,-0.041658,0.602774,0.870221,-0.042397,0.592319,0.860532,-0.040029
1780504277.648,right,victory,0.538053,0.874492,0.000000,0.544955,0.823598,-0.012935,0.565224,0.787230,-0.022038,0.584335,0.806421,-0.031430,0.597153,0.837550,-0.040450,0.616239,0.792769,-0.016945,0.648346,0.758982,-0.029763,0.668981,0.738992,-0.038149,0.687402,0.724265,-0.044095,0.622496,0.831110,-0.020301,0.666161,0.826829,-0.032983,0.693342,0.820795,-0.041505,0.715675,0.818492,-0.046588,0.617419,0.867159,-0.024917,0.640894,0.865398,-0.041697,0.622934,0.849477,-0.045846,0.605887,0.840781,-0.044650,0.605447,0.900473,-0.030445,0.612375,0.888350,-0.043197,0.601147,0.872468,-0.043830,0.590992,0.863311,-0.041672
1780504277.841,right,victory,0.538153,0.873919,0.000000,0.546939,0.821856,-0.011170,0.569007,0.788053,-0.018963,0.587532,0.809418,-0.027386,0.599453,0.841485,-0.035697,0.618130,0.796190,-0.014666,0.649590,0.763170,-0.026476,0.670019,0.743554,-0.034146,0.688358,0.729465,-0.039692,0.624051,0.834162,-0.018645,0.667283,0.828727,-0.030414,0.694154,0.823902,-0.038571,0.716226,0.823354,-0.043482,0.618384,0.870142,-0.023775,0.641959,0.868623,-0.040223,0.623277,0.851714,-0.044691,0.605747,0.842087,-0.043684,0.605537,0.903153,-0.029606,0.613608,0.890340,-0.042529,0.601998,0.873459,-0.043431,0.591145,0.863099,-0.041429
1780504277.941,right,victory,0.538067,0.877892,0.000000,0.544685,0.827082,-0.012542,0.566318,0.790725,-0.020747,0.584972,0.810469,-0.029313,0.596735,0.841624,-0.037575,0.616816,0.797139,-0.015816,0.648927,0.763178,-0.027613,0.669369,0.743364,-0.035001,0.687594,0.728809,-0.040226,0.622692,0.835502,-0.019083,0.666658,0.830936,-0.030949,0.693881,0.825934,-0.038724,0.716003,0.824596,-0.043175,0.617228,0.871638,-0.023598,0.640097,0.871045,-0.040074,0.621120,0.855615,-0.044004,0.603325,0.846955,-0.042502,0.604930,0.904508,-0.028984,0.611118,0.893372,-0.041704,0.598484,0.878060,-0.042211,0.587243,0.869103,-0.039865
1780504278.144,right,victory,0.538404,0.878751,0.000000,0.546105,0.825956,-0.012145,0.568021,0.791737,-0.020151,0.587095,0.812714,-0.028601,0.598938,0.844077,-0.036866,0.617391,0.798112,-0.015165,0.649650,0.764641,-0.026811,0.670367,0.744767,-0.034210,0.688621,0.730861,-0.039466,0.623680,0.836685,-0.018579,0.667066,0.831969,-0.030296,0.694119,0.826097,-0.038435,0.715820,0.824611,-0.043235,0.618368,0.872804,-0.023227,0.642333,0.871658,-0.039635,0.624185,0.854692,-0.044451,0.606525,0.845102,-0.043650,0.605949,0.905779,-0.028651,0.613590,0.893616,-0.041526,0.602086,0.877607,-0.042679,0.591128,0.868345,-0.040807
1780504278.348,right,victory,0.538478,0.878256,0.000000,0.546389,0.826067,-0.011823,0.568216,0.791262,-0.019924,0.586768,0.811766,-0.028450,0.598921,0.842527,-0.036832,0.617861,0.797482,-0.015534,0.650030,0.763014,-0.027169,0.670554,0.743202,-0.034371,0.688675,0.728813,-0.039488,0.624044,0.836104,-0.019132,0.668090,0.831523,-0.030927,0.695037,0.825731,-0.039017,0.716419,0.823895,-0.043666,0.618580,0.872729,-0.023874,0.642068,0.870049,-0.040430,0.624261,0.851230,-0.045581,0.607111,0.840334,-0.044963,0.606118,0.906327,-0.029292,0.612357,0.891198,-0.042491,0.600485,0.873212,-0.043969,0.589549,0.862492,-0.042266
1780504278.567,right,victory,0.537226,0.881351,0.000000,0.543834,0.828326,-0.013844,0.564796,0.791653,-0.023304,0.584152,0.811619,-0.032865,0.595361,0.844541,-0.042081,0.615756,0.796939,-0.018249,0.648810,0.764933,-0.031188,0.669552,0.745767,-0.039963,0.687956,0.731505,-0.046303,0.621574,0.835752,-0.021152,0.665609,0.831788,-0.033787,0.692746,0.826802,-0.042494,0.714714,0.825584,-0.047916,0.616309,0.871998,-0.025306,0.640075,0.871672,-0.041604,0.621930,0.854084,-0.045752,0.603959,0.843992,-0.044803,0.604255,0.904677,-0.030531,0.610724,0.893744,-0.043245,0.599420,0.877794,-0.044172,0.588799,0.868619,-0.042291
1780504278.746,right,victory,0.537045,0.876775,0.000000,0.545933,0.824516,-0.011308,0.567818,0.790007,-0.019431,0.586388,0.810723,-0.028223,0.597892,0.844328,-0.037032,0.616693,0.799022,-0.015283,0.648243,0.764694,-0.027148,0.668581,0.744657,-0.034764,0.686885,0.730234,-0.040278,0.622622,0.837029,-0.019310,0.666360,0.831278,-0.031324,0.693417,0.826197,-0.039707,0.715232,0.825419,-0.044729,0.616942,0.873240,-0.024459,0.641162,0.870230,-0.041179,0.623590,0.852067,-0.046402,0.606373,0.841620,-0.045865,0.604216,0.906093,-0.030276,0.613335,0.892142,-0.043574,0.602370,0.874044,-0.045033,0.591232,0.862706,-0.043390
1780504278.915,right,victory,0.536336,0.876115,0.000000,0.544090,0.824918,-0.013750,0.564956,0.790851,-0.023271,0.583545,0.810983,-0.033033,0.594531,0.843766,-0.042374,0.615201,0.796395,-0.017365,0.647903,0.764321,-0.030277,0.668890,0.745031,-0.038556,0.687375,0.731096,-0.044394,0.620847,0.835030,-0.020495,0.664155,0.831714,-0.033539,0.691103,0.826283,-0.042140,0.713288,0.824448,-0.047164,0.615291,0.871921,-0.024951,0.638304,0.870887,-0.041942,0.620150,0.853015,-0.045802,0.603063,0.842276,-0.044290,0.602739,0.905998,-0.030449,0.609717,0.895486,-0.043085,0.598891,0.878754,-0.043463,0.589183,0.868441,-0.041090
1780504279.122,right,victory,0.537585,0.875694,0.000000,0.545448,0.824041,-0.011426,0.568139,0.789468,-0.019113,0.586896,0.809657,-0.027382,0.597878,0.841884,-0.035496,0.617067,0.797361,-0.014778,0.649352,0.763359,-0.026196,0.670221,0.743967,-0.033138,0.688254,0.729400,-0.038029,0.622840,0.835660,-0.018558,0.667035,0.831164,-0.030553,0.693837,0.825347,-0.038506,0.715101,0.823027,-0.042777,0.617037,0.872132,-0.023461,0.640174,0.867826,-0.040241,0.621696,0.851404,-0.044820,0.604617,0.842764,-0.043417,0.604251,0.905176,-0.029023,0.612039,0.889433,-0.042052,0.600314,0.871922,-0.042973,0.589565,0.861999,-0.040693
1780504279.332,right,victory,0.537415,0.872731,0.000000,0.545319,0.821147,-0.012534,0.566816,0.786970,-0.020999,0.584785,0.808012,-0.030007,0.596362,0.838533,-0.038730,0.616962,0.793215,-0.015400,0.648775,0.761728,-0.027377,0.669302,0.742773,-0.035103,0.687669,0.729184,-0.040579,0.622542,0.832239,-0.018918,0.665666,0.828919,-0.031076,0.692850,0.823089,-0.039614,0.715216,0.821688,-0.044665,0.616646,0.869195,-0.023688,0.638869,0.868024,-0.040073,0.619608,0.850536,-0.043925,0.601786,0.840866,-0.042390,0.603848,0.902323,-0.029373,0.611534,0.890252,-0.041598,0.599801,0.873704,-0.041607,0.589054,0.864192,-0.038953
1780504279.587,right,victory,0.535916,0.873106,0.000000,0.543137,0.821728,-0.013130,0.564168,0.786215,-0.022089,0.582738,0.806301,-0.031363,0.594209,0.838041,-0.040257,0.614509,0.792923,-0.017032,0.647595,0.760267,-0.029726,0.668713,0.740866,-0.037895,0.687227,0.726341,-0.043592,0.620158,0.831666,-0.020261,0.664062,0.828805,-0.032970,0.691177,0.823965,-0.041456,0.713136,0.822507,-0.046322,0.614681,0.868264,-0.024753,0.636222,0.866135,-0.041356,0.617818,0.850060,-0.045213,0.600760,0.841582,-0.043681,0.602428,0.901426,-0.030220,0.609349,0.889617,-0.042434,0.597625,0.873530,-0.042479,0.587288,0.864726,-0.039865
1780504279.749,right,victory,0.536059,0.871282,0.000000,0.543788,0.819662,-0.012530,0.564950,0.784922,-0.021061,0.583116,0.804824,-0.030023,0.594590,0.836203,-0.038725,0.615044,0.794685,-0.016498,0.647739,0.761055,-0.028775,0.668529,0.741301,-0.036341,0.686855,0.726689,-0.041519,0.620937,0.832863,-0.019768,0.664651,0.828900,-0.031938,0.691702,0.823467,-0.040016,0.713378,0.821792,-0.044471,0.615504,0.868528,-0.024243,0.636535,0.865023,-0.040542,0.618267,0.849292,-0.044935,0.601167,0.840929,-0.043657,0.602999,0.900626,-0.029594,0.608707,0.888574,-0.041817,0.597139,0.872488,-0.042448,0.586432,0.863279,-0.040116
1780504279.891,right,victory,0.537331,0.872960,0.000000,0.544693,0.821282,-0.012301,0.567658,0.786738,-0.020362,0.586820,0.807251,-0.028944,0.598852,0.838594,-0.037122,0.617682,0.795951,-0.014729,0.649630,0.762056,-0.026496,0.670478,0.742257,-0.033633,0.688770,0.727874,-0.038608,0.623840,0.834177,-0.018316,0.667146,0.829390,-0.030807,0.694060,0.823634,-0.038805,0.715968,0.821806,-0.042941,0.617980,0.870412,-0.023184,0.639418,0.866213,-0.040583,0.618153,0.849780,-0.044277,0.599647,0.841333,-0.041967,0.604891,0.903367,-0.028864,0.611080,0.889187,-0.042152,0.597304,0.872737,-0.042408,0.585631,0.864485,-0.039428
1780504280.046,right,victory,0.536979,0.875193,0.000000,0.544775,0.823305,-0.012778,0.566721,0.788666,-0.021276,0.585760,0.809850,-0.030260,0.597268,0.842328,-0.038888,0.617230,0.797351,-0.015304,0.649102,0.765012,-0.027367,0.669674,0.745471,-0.035085,0.687959,0.731299,-0.040501,0.623511,0.835690,-0.018541,0.666864,0.832586,-0.030432,0.693258,0.827082,-0.038273,0.714714,0.825566,-0.042685,0.618036,0.871686,-0.023124,0.639053,0.870485,-0.039085,0.620076,0.855089,-0.042537,0.602668,0.846940,-0.040706,0.605190,0.904313,-0.028721,0.611631,0.894299,-0.040322,0.600110,0.879477,-0.040168,0.589654,0.871157,-0.037435
1780504280.248,right,victory,0.537988,0.874582,0.000000,0.546292,0.822945,-0.012405,0.567958,0.789408,-0.020955,0.586223,0.810096,-0.030076,0.597968,0.841476,-0.038872,0.618332,0.798561,-0.015200,0.650147,0.765898,-0.027275,0.670814,0.746353,-0.034891,0.689212,0.732531,-0.040299,0.624096,0.836705,-0.018816,0.667369,0.832420,-0.031144,0.694297,0.827254,-0.039379,0.716344,0.826237,-0.044127,0.618073,0.872928,-0.023735,0.641034,0.871082,-0.040792,0.621505,0.853745,-0.044794,0.603397,0.843510,-0.043133,0.605003,0.906134,-0.029509,0.613600,0.895159,-0.042535,0.601873,0.878601,-0.042974,0.590787,0.868308,-0.040455
1780504280.388,right,victory,0.539199,0.876134,0.000000,0.547441,0.823215,-0.012770,0.569591,0.790318,-0.021267,0.588154,0.812926,-0.030265,0.600058,0.843338,-0.038916,0.619823,0.800573,-0.014830,0.651569,0.768490,-0.026765,0.672335,0.749119,-0.034482,0.690774,0.735735,-0.039932,0.625847,0.839226,-0.018266,0.668887,0.835443,-0.030513,0.696111,0.830404,-0.038893,0.718588,0.830068,-0.043674,0.620139,0.875586,-0.023071,0.641406,0.874271,-0.039733,0.621360,0.856565,-0.043503,0.603354,0.846197,-0.041697,0.607384,0.908986,-0.028826,0.616449,0.897687,-0.041302,0.604149,0.882081,-0.041187,0.592879,0.872920,-0.038296
1780504280.542,right,victory,0.537680,0.878408,0.000000,0.544884,0.827903,-0.013737,0.565489,0.792706,-0.023407,0.583946,0.811531,-0.033442,0.595497,0.843203,-0.043104,0.617686,0.798720,-0.017478,0.650242,0.767781,-0.030609,0.671323,0.749043,-0.039308,0.690187,0.735646,-0.045615,0.622873,0.838374,-0.020962,0.665999,0.836598,-0.034216,0.693119,0.832136,-0.043238,0.715860,0.831533,-0.048782,0.616558,0.875574,-0.025782,0.640001,0.874952,-0.043057,0.620640,0.855236,-0.046794,0.602879,0.843931,-0.045290,0.603401,0.909264,-0.031651,0.611118,0.897294,-0.044729,0.599276,0.879664,-0.045113,0.588790,0.869750,-0.042771
1780504280.886,right,victory,0.537680,0.876907,0.000000,0.545694,0.825696,-0.012040,0.567506,0.791103,-0.020571,0.584979,0.811197,-0.029725,0.595442,0.842523,-0.038666,0.617294,0.798844,-0.016096,0.649811,0.766143,-0.028448,0.670660,0.747491,-0.036172,0.689084,0.734200,-0.041658,0.622649,0.837899,-0.019970,0.665955,0.834269,-0.032789,0.693070,0.829262,-0.041202,0.715509,0.828112,-0.045976,0.616551,0.874771,-0.025035,0.639588,0.871187,-0.042261,0.619796,0.852976,-0.046175,0.601758,0.842755,-0.044404,0.603487,0.908298,-0.030916,0.611394,0.894892,-0.044067,0.600134,0.877693,-0.044632,0.589976,0.867730,-0.042170
1780504281.018,right,victory,0.538192,0.877655,0.000000,0.545875,0.826561,-0.012664,0.566803,0.792016,-0.021500,0.584778,0.810518,-0.030780,0.595997,0.842090,-0.039803,0.616426,0.800839,-0.016537,0.649236,0.767927,-0.028962,0.670345,0.748541,-0.036649,0.689027,0.734657,-0.041995,0.622126,0.839258,-0.020025,0.666004,0.835630,-0.032525,0.692994,0.830529,-0.040615,0.714841,0.829154,-0.045144,0.616581,0.875620,-0.024756,0.640040,0.871971,-0.041906,0.621508,0.854581,-0.046144,0.604009,0.844899,-0.044636,0.604197,0.908832,-0.030310,0.611873,0.895332,-0.043366,0.600028,0.878116,-0.043959,0.589085,0.868192,-0.041546
1780504281.246,right,victory,0.539262,0.878789,0.000000,0.547244,0.826735,-0.012151,0.568457,0.792497,-0.020856,0.586135,0.811504,-0.030248,0.597883,0.842232,-0.039276,0.619256,0.802158,-0.014764,0.650990,0.769007,-0.027016,0.671808,0.749453,-0.034747,0.690211,0.735788,-0.040116,0.624774,0.840787,-0.018670,0.667434,0.837079,-0.031415,0.694417,0.832428,-0.039807,0.716770,0.832121,-0.044422,0.618850,0.877382,-0.023904,0.640833,0.873532,-0.041388,0.620757,0.855880,-0.045257,0.602755,0.846403,-0.043220,0.605901,0.910517,-0.029948,0.614560,0.895978,-0.042996,0.602502,0.878956,-0.043059,0.591638,0.869679,-0.040108
1780504296.221,left,victory,0.391174,0.867746,0.000000,0.426844,0.880321,-0.015439,0.452416,0.872851,-0.027412,0.464523,0.858143,-0.040765,0.460767,0.836498,-0.053429,0.464752,0.755399,-0.021206,0.491469,0.688750,-0.035331,0.506886,0.648368,-0.044119,0.518819,0.611013,-0.050419,0.441609,0.732796,-0.025542,0.442080,0.663418,-0.047405,0.441928,0.615209,-0.059042,0.444537,0.577076,-0.064144,0.416924,0.733783,-0.030937,0.427909,0.752699,-0.056516,0.433241,0.806167,-0.062105,0.436791,0.841304,-0.060028,0.395016,0.748637,-0.037241,0.408313,0.765743,-0.054024,0.413072,0.802287,-0.053576,0.416479,0.830457,-0.049544
1780504296.309,left,victory,0.412958,0.876059,0.000000,0.445771,0.873094,-0.013783,0.473225,0.858973,-0.025362,0.487699,0.842930,-0.038798,0.483810,0.828047,-0.050400,0.482333,0.738843,-0.017436,0.512070,0.676666,-0.033715,0.529424,0.636572,-0.042202,0.543216,0.601478,-0.046470,0.456842,0.719870,-0.023521,0.469081,0.647794,-0.046024,0.478078,0.594426,-0.058132,0.485239,0.550814,-0.061989,0.432956,0.723925,-0.030772,0.465195,0.751640,-0.058982,0.471774,0.806580,-0.063734,0.472323,0.841598,-0.057334,0.415314,0.747287,-0.039039,0.444903,0.775249,-0.055029,0.453550,0.812187,-0.052967,0.456900,0.839647,-0.045766
1780504296.422,left,victory,0.428145,0.863275,0.000000,0.463301,0.860482,-0.016959,0.494471,0.841506,-0.030348,0.511574,0.818676,-0.045364,0.501047,0.804861,-0.058576,0.498690,0.722264,-0.019628,0.526653,0.659166,-0.038309,0.542626,0.619272,-0.048239,0.554150,0.583794,-0.052866,0.472724,0.704695,-0.025327,0.486621,0.629066,-0.049608,0.495637,0.574853,-0.062363,0.502221,0.528294,-0.066011,0.449008,0.709222,-0.032631,0.485240,0.734142,-0.062902,0.492546,0.792983,-0.067415,0.492647,0.830398,-0.059809,0.432938,0.731964,-0.041363,0.467031,0.759190,-0.058347,0.476123,0.796848,-0.056093,0.478226,0.824913,-0.048361
1780504296.513,left,victory,0.440139,0.858292,0.000000,0.475133,0.852009,-0.015175,0.506155,0.830304,-0.027747,0.520744,0.806141,-0.042146,0.507020,0.791499,-0.054823,0.507905,0.710704,-0.018366,0.533944,0.645913,-0.036469,0.547701,0.605184,-0.045836,0.557763,0.570113,-0.050176,0.481621,0.695866,-0.025114,0.494522,0.617401,-0.048860,0.503427,0.564622,-0.060702,0.508863,0.520791,-0.063700,0.457918,0.702806,-0.033441,0.492524,0.724630,-0.064118,0.501521,0.782565,-0.069216,0.502486,0.819668,-0.061992,0.441353,0.727472,-0.042903,0.473737,0.753267,-0.060289,0.481162,0.793007,-0.058504,0.481913,0.822088,-0.051191
1780504296.596,left,victory,0.443336,0.841606,0.000000,0.478381,0.834053,-0.013379,0.508220,0.810680,-0.025201,0.522843,0.787892,-0.039229,0.509681,0.775584,-0.051670,0.507598,0.687390,-0.016835,0.532465,0.621781,-0.033963,0.544573,0.581217,-0.042728,0.553148,0.546208,-0.046713,0.481488,0.674932,-0.024145,0.493403,0.598516,-0.047133,0.500732,0.546839,-0.058756,0.505551,0.503031,-0.061813,0.457700,0.683598,-0.032817,0.493191,0.706503,-0.062286,0.503758,0.763864,-0.067212,0.505748,0.801007,-0.060304,0.440912,0.709576,-0.042520,0.473672,0.734727,-0.058801,0.483499,0.773374,-0.056822,0.486331,0.801916,-0.049700
1780504296.697,left,victory,0.435802,0.844614,0.000000,0.471915,0.837741,-0.015691,0.501954,0.814703,-0.027163,0.518642,0.791272,-0.040158,0.508041,0.777177,-0.051271,0.504024,0.692250,-0.016539,0.529252,0.629675,-0.032148,0.542158,0.589607,-0.040203,0.550897,0.552605,-0.043801,0.478806,0.677362,-0.022016,0.491541,0.601042,-0.042925,0.499039,0.547162,-0.053894,0.502779,0.502318,-0.056605,0.455822,0.684779,-0.029086,0.491151,0.707567,-0.056973,0.500098,0.764738,-0.062270,0.500535,0.801069,-0.055524,0.439665,0.708932,-0.037458,0.471233,0.732282,-0.052409,0.481216,0.768466,-0.050639,0.484691,0.796988,-0.043640
1780504296.793,left,victory,0.433679,0.847297,0.000000,0.470114,0.841841,-0.015448,0.501234,0.817633,-0.026723,0.516145,0.791515,-0.039705,0.502393,0.777241,-0.050941,0.500129,0.693957,-0.016626,0.525056,0.629481,-0.032304,0.538262,0.588240,-0.040543,0.547722,0.551040,-0.044571,0.474579,0.679345,-0.022388,0.486575,0.602445,-0.043979,0.494888,0.549866,-0.055779,0.499973,0.506743,-0.059309,0.451715,0.687095,-0.029585,0.487639,0.707114,-0.057855,0.496671,0.763187,-0.063499,0.497145,0.799164,-0.057332,0.435309,0.711541,-0.037998,0.467901,0.735507,-0.053580,0.477485,0.771827,-0.052359,0.479935,0.799853,-0.045914
1780504296.925,left,victory,0.427921,0.845675,0.000000,0.464685,0.839342,-0.015228,0.495944,0.815817,-0.026800,0.510150,0.792114,-0.040056,0.497581,0.777357,-0.051556,0.495795,0.690321,-0.016195,0.520950,0.627545,-0.031961,0.534598,0.588094,-0.040520,0.544114,0.551985,-0.044788,0.469979,0.677258,-0.022034,0.481318,0.601575,-0.043579,0.489463,0.551412,-0.055326,0.494245,0.509889,-0.058899,0.446910,0.686140,-0.029314,0.481992,0.704541,-0.057295,0.490604,0.760817,-0.062338,0.490775,0.796480,-0.055868,0.430618,0.711842,-0.037827,0.463381,0.734808,-0.053527,0.472602,0.772640,-0.051956,0.474752,0.801330,-0.045166
1780504297.037,left,victory,0.424888,0.840171,0.000000,0.461851,0.832781,-0.014631,0.491929,0.808393,-0.026188,0.506302,0.785428,-0.039610,0.493952,0.769618,-0.051458,0.491511,0.684701,-0.017035,0.515915,0.621594,-0.033068,0.529366,0.582915,-0.041894,0.539728,0.547835,-0.046460,0.465592,0.671778,-0.023123,0.475144,0.597951,-0.044759,0.482738,0.549110,-0.056612,0.487942,0.508758,-0.060614,0.442375,0.680605,-0.030513,0.476895,0.698149,-0.058531,0.486037,0.754351,-0.063482,0.486813,0.790531,-0.057361,0.426162,0.706780,-0.039093,0.458963,0.728388,-0.055213,0.467653,0.766871,-0.053865,0.469305,0.796289,-0.047443
1780504297.120,left,victory,0.420891,0.838602,0.000000,0.457482,0.831609,-0.014274,0.487375,0.806968,-0.026226,0.502640,0.781493,-0.039990,0.490009,0.765270,-0.052107,0.487037,0.681860,-0.017077,0.512136,0.620631,-0.033493,0.525915,0.580906,-0.042797,0.536459,0.545247,-0.047692,0.461581,0.668503,-0.023540,0.473438,0.593507,-0.045070,0.481415,0.544045,-0.056700,0.487136,0.503082,-0.060596,0.439024,0.677405,-0.031228,0.475413,0.692190,-0.058500,0.482646,0.747669,-0.062202,0.481971,0.783910,-0.055427,0.423335,0.704163,-0.040191,0.456722,0.722774,-0.055541,0.465174,0.759531,-0.053257,0.466931,0.788176,-0.046236
1780504297.226,left,victory,0.403274,0.834108,0.000000,0.448615,0.828885,-0.005259,0.478880,0.810501,-0.013506,0.498133,0.790834,-0.023352,0.495035,0.759908,-0.034328,0.465345,0.726651,-0.009957,0.474699,0.656919,-0.022750,0.484726,0.612809,-0.034972,0.490936,0.580712,-0.043424,0.453962,0.723135,-0.015425,0.468777,0.672466,-0.030471,0.483107,0.687871,-0.039341,0.487677,0.710312,-0.044279,0.442988,0.729202,-0.021377,0.463628,0.683553,-0.035337,0.472892,0.711651,-0.036053,0.472469,0.743069,-0.033934,0.434525,0.742710,-0.027857,0.450953,0.702339,-0.036921,0.460556,0.721563,-0.033983,0.461592,0.747731,-0.030075
1780504297.296,left,victory,0.417695,0.836357,0.000000,0.453082,0.828699,-0.014289,0.484327,0.802269,-0.026330,0.500458,0.774327,-0.040223,0.486842,0.760027,-0.052494,0.481518,0.680531,-0.017092,0.507212,0.619335,-0.033573,0.521706,0.579881,-0.042541,0.532905,0.544752,-0.047143,0.456229,0.666886,-0.023574,0.469005,0.593508,-0.045119,0.476592,0.545313,-0.056104,0.481639,0.504463,-0.059453,0.434135,0.674493,-0.031366,0.471313,0.688622,-0.058510,0.479519,0.743037,-0.061759,0.479341,0.778813,-0.054817,0.418894,0.699600,-0.040477,0.453754,0.719007,-0.055301,0.462150,0.756124,-0.052772,0.463376,0.784854,-0.045793
1780504297.393,left,victory,0.419631,0.832559,0.000000,0.454586,0.822012,-0.012763,0.484779,0.793383,-0.023689,0.500150,0.764753,-0.036665,0.486850,0.752563,-0.048203,0.480449,0.673605,-0.015064,0.504927,0.610445,-0.030486,0.517901,0.570137,-0.038910,0.527762,0.534498,-0.043276,0.455521,0.662341,-0.022029,0.466575,0.587222,-0.042622,0.473290,0.537886,-0.053566,0.477379,0.495465,-0.057050,0.433305,0.672212,-0.030139,0.469466,0.682089,-0.056467,0.478332,0.734694,-0.059915,0.478647,0.769126,-0.053328,0.417894,0.698932,-0.039378,0.450937,0.715120,-0.053751,0.460152,0.750008,-0.051169,0.462265,0.776772,-0.044304
1780504297.488,left,victory,0.423464,0.829373,0.000000,0.458540,0.814992,-0.012100,0.490542,0.778540,-0.021867,0.506328,0.745509,-0.033406,0.490406,0.741277,-0.043365,0.477827,0.671580,-0.015842,0.502394,0.605497,-0.029947,0.514776,0.563100,-0.037793,0.523701,0.525362,-0.042390,0.453993,0.661788,-0.023024,0.466938,0.588209,-0.041430,0.477450,0.541557,-0.050560,0.484918,0.501967,-0.053670,0.434089,0.672585,-0.031228,0.473072,0.683823,-0.054771,0.478277,0.734552,-0.056112,0.475054,0.767106,-0.049425,0.422477,0.700461,-0.040877,0.459253,0.714281,-0.054569,0.466029,0.749435,-0.051575,0.465809,0.777944,-0.045103
1780504297.565,left,victory,0.421123,0.818307,0.000000,0.466759,0.786544,-0.006138,0.492415,0.744409,-0.015532,0.508686,0.714689,-0.027985,0.509054,0.694012,-0.038919,0.462103,0.643095,-0.007791,0.479220,0.584047,-0.022803,0.491527,0.541179,-0.033119,0.501357,0.506455,-0.039573,0.449761,0.649536,-0.017531,0.471655,0.576263,-0.036053,0.488927,0.531290,-0.045437,0.504112,0.490798,-0.049660,0.442802,0.672718,-0.028479,0.493782,0.661977,-0.050002,0.493824,0.704524,-0.048175,0.484627,0.727674,-0.040938,0.444927,0.710348,-0.040556,0.488047,0.699197,-0.052736,0.489315,0.727356,-0.047604,0.481737,0.744729,-0.040797
1780504297.645,left,victory,0.424020,0.778418,0.000000,0.437700,0.698962,0.006274,0.458702,0.640421,0.001516,0.483733,0.621383,-0.007833,0.502840,0.615427,-0.016050,0.445897,0.596022,-0.002816,0.462941,0.515918,-0.014787,0.469589,0.464321,-0.022117,0.473599,0.419456,-0.026633,0.452100,0.612459,-0.016361,0.484423,0.536114,-0.031546,0.507597,0.498629,-0.038571,0.526050,0.467328,-0.041254,0.463629,0.642847,-0.029186,0.511162,0.604653,-0.042300,0.506677,0.633355,-0.035601,0.493673,0.651855,-0.026606,0.478047,0.680790,-0.042281,0.517186,0.646186,-0.045063,0.512611,0.664575,-0.033394,0.501395,0.678541,-0.022721
1780504297.746,left,victory,0.431846,0.740045,0.000000,0.435050,0.658767,0.005100,0.451612,0.597622,-0.000979,0.476085,0.572302,-0.010402,0.496040,0.564643,-0.019624,0.449771,0.561754,-0.014057,0.462157,0.483638,-0.026943,0.466595,0.436359,-0.033160,0.469011,0.396510,-0.036710,0.461882,0.582434,-0.026483,0.493721,0.507420,-0.040915,0.513419,0.467278,-0.045985,0.528559,0.434761,-0.048233,0.474849,0.616199,-0.037746,0.514755,0.569611,-0.051569,0.511875,0.590616,-0.047007,0.502641,0.608467,-0.040110,0.488817,0.655338,-0.048765,0.519794,0.613117,-0.053763,0.515859,0.621054,-0.045598,0.507276,0.632456,-0.037690
1780504297.853,left,victory,0.433000,0.722519,0.000000,0.432226,0.654664,0.001669,0.447175,0.598064,-0.004390,0.471063,0.568563,-0.012453,0.492224,0.554381,-0.020057,0.442584,0.563442,-0.016734,0.449574,0.476728,-0.029876,0.450502,0.429061,-0.034677,0.450253,0.390077,-0.036640,0.458730,0.577510,-0.026462,0.485587,0.491823,-0.040645,0.503017,0.450125,-0.045283,0.516861,0.415772,-0.046772,0.473833,0.605342,-0.035388,0.504037,0.552154,-0.050335,0.499202,0.577032,-0.046585,0.490383,0.596147,-0.039683,0.487869,0.637165,-0.044058,0.503069,0.591784,-0.052029,0.498582,0.589530,-0.046948,0.492452,0.589270,-0.040759
1780504297.943,left,victory,0.441740,0.733319,0.000000,0.427640,0.665082,0.001229,0.437420,0.606790,-0.003418,0.459691,0.575436,-0.009007,0.479804,0.563590,-0.014425,0.440773,0.578352,-0.016326,0.440493,0.495618,-0.026767,0.438193,0.446708,-0.030682,0.436616,0.409627,-0.031685,0.465822,0.587415,-0.022449,0.483663,0.499150,-0.030754,0.494923,0.451926,-0.033334,0.505004,0.420245,-0.033772,0.486725,0.607898,-0.027140,0.496354,0.561065,-0.034496,0.485487,0.575273,-0.030367,0.476680,0.592812,-0.024605,0.501236,0.631907,-0.031645,0.500440,0.592478,-0.032248,0.490555,0.603416,-0.023365,0.484434,0.620250,-0.015090
1780504298.023,left,victory,0.458045,0.761931,0.000000,0.443504,0.696876,-0.002260,0.450339,0.636947,-0.006076,0.467179,0.591902,-0.010525,0.482762,0.567717,-0.014312,0.451610,0.615101,-0.012561,0.448012,0.535528,-0.022983,0.445270,0.492277,-0.027765,0.443150,0.457684,-0.029095,0.475608,0.623369,-0.015907,0.488330,0.537570,-0.024922,0.495982,0.491403,-0.028558,0.503073,0.457591,-0.029475,0.496463,0.638687,-0.018706,0.502607,0.576721,-0.029124,0.492419,0.591068,-0.027853,0.484695,0.610659,-0.022961,0.511918,0.653874,-0.021407,0.508607,0.604742,-0.024813,0.498843,0.611993,-0.018902,0.493277,0.627453,-0.012296
1780504298.102,left,victory,0.470517,0.754538,0.000000,0.455133,0.692891,-0.002740,0.462453,0.634677,-0.008324,0.481656,0.590812,-0.013504,0.501508,0.566716,-0.018025,0.462709,0.625073,-0.019940,0.458583,0.544146,-0.030602,0.456445,0.498638,-0.034206,0.453804,0.463623,-0.034581,0.488446,0.629403,-0.022638,0.503067,0.543051,-0.032666,0.505047,0.505640,-0.034310,0.503668,0.484401,-0.032898,0.509679,0.638945,-0.024107,0.511197,0.571917,-0.032132,0.499772,0.585202,-0.027437,0.491445,0.604882,-0.020690,0.524050,0.649775,-0.025523,0.517634,0.600871,-0.025771,0.507475,0.608093,-0.017445,0.502311,0.622651,-0.009558
1780504298.188,left,victory,0.483317,0.749611,0.000000,0.464845,0.690357,-0.005673,0.468243,0.631389,-0.011651,0.482895,0.584743,-0.016475,0.498454,0.559999,-0.020747,0.473586,0.621948,-0.022096,0.471509,0.544327,-0.033681,0.471297,0.497376,-0.038125,0.471585,0.460831,-0.039221,0.499789,0.626042,-0.022651,0.514432,0.544015,-0.033987,0.517935,0.507852,-0.035913,0.518602,0.487892,-0.034032,0.520715,0.636560,-0.022191,0.516794,0.580678,-0.032107,0.505203,0.595860,-0.028179,0.497607,0.616605,-0.021095,0.534605,0.649093,-0.021792,0.525964,0.607596,-0.024507,0.516247,0.617147,-0.017322,0.511579,0.632739,-0.009439
1780504298.264,left,victory,0.496156,0.748061,0.000000,0.477642,0.685378,-0.006540,0.477876,0.624912,-0.013229,0.488694,0.575925,-0.018270,0.499699,0.549686,-0.022486,0.486318,0.620995,-0.024732,0.488403,0.541098,-0.036114,0.488943,0.495072,-0.040768,0.489727,0.458695,-0.042459,0.513400,0.630888,-0.024452,0.530508,0.551830,-0.036757,0.534798,0.519961,-0.039327,0.536174,0.503852,-0.037976,0.534398,0.642794,-0.022901,0.530626,0.584757,-0.032818,0.518780,0.592759,-0.029349,0.510815,0.611159,-0.022857,0.548198,0.652718,-0.021404,0.539132,0.607302,-0.024815,0.527799,0.612100,-0.018713,0.522185,0.625624,-0.011663
1780504298.361,left,victory,0.501544,0.740612,0.000000,0.488467,0.682671,-0.004785,0.494479,0.630238,-0.011206,0.511436,0.594038,-0.016536,0.528167,0.576687,-0.021401,0.498319,0.622635,-0.023504,0.499915,0.541877,-0.033530,0.501309,0.496173,-0.037060,0.502756,0.461142,-0.038033,0.523673,0.630192,-0.024280,0.540120,0.555963,-0.034720,0.544827,0.524262,-0.036620,0.546069,0.508288,-0.035416,0.543842,0.640251,-0.023640,0.543209,0.582605,-0.031212,0.531498,0.590357,-0.026993,0.522465,0.606824,-0.020957,0.557292,0.648942,-0.023108,0.549426,0.604730,-0.024703,0.538193,0.607944,-0.017890,0.531868,0.619675,-0.010901
1780504298.487,left,victory,0.506637,0.731450,0.000000,0.491525,0.678190,-0.004868,0.494230,0.625652,-0.011875,0.508384,0.586759,-0.016884,0.523680,0.568104,-0.021596,0.500984,0.619577,-0.029414,0.502264,0.539813,-0.039634,0.502905,0.494909,-0.042966,0.504172,0.460918,-0.043979,0.524326,0.628513,-0.029080,0.541541,0.551026,-0.037461,0.547390,0.515714,-0.037471,0.550063,0.495533,-0.036336,0.543873,0.639800,-0.026883,0.548297,0.576672,-0.031301,0.537742,0.580635,-0.025110,0.529023,0.597048,-0.019402,0.557754,0.650185,-0.024905,0.552031,0.605766,-0.025517,0.541960,0.608103,-0.018900,0.536302,0.619544,-0.012749
1780504298.571,left,victory,0.506266,0.725149,0.000000,0.491641,0.671175,-0.004268,0.496913,0.619162,-0.010857,0.514157,0.585154,-0.016005,0.530181,0.568838,-0.020991,0.502993,0.614038,-0.026701,0.502952,0.538769,-0.037099,0.503389,0.494730,-0.041209,0.505097,0.460561,-0.043084,0.525816,0.625028,-0.027673,0.540904,0.550260,-0.035750,0.548538,0.509548,-0.036913,0.554329,0.480720,-0.037396,0.544728,0.639524,-0.027083,0.551646,0.575787,-0.033824,0.541953,0.582971,-0.029114,0.533834,0.600770,-0.024088,0.557966,0.652774,-0.026522,0.553766,0.606921,-0.029970,0.543158,0.610959,-0.024590,0.537532,0.624439,-0.019133
1780504298.677,left,victory,0.501802,0.716272,0.000000,0.486859,0.662976,-0.003441,0.490961,0.611462,-0.010335,0.507814,0.580430,-0.015677,0.524764,0.567320,-0.020650,0.496144,0.604970,-0.028490,0.496990,0.533672,-0.041898,0.497339,0.490421,-0.049094,0.499223,0.456525,-0.052847,0.517483,0.616778,-0.029980,0.534230,0.542041,-0.039084,0.544465,0.497111,-0.041963,0.553934,0.462994,-0.043910,0.536197,0.631825,-0.029690,0.545549,0.573718,-0.036044,0.535406,0.582862,-0.031255,0.527545,0.601376,-0.026389,0.550032,0.646052,-0.029508,0.548356,0.608220,-0.032315,0.538104,0.615586,-0.026352,0.533627,0.629972,-0.020410
1780504298.810,left,victory,0.501307,0.715899,0.000000,0.486514,0.662179,-0.004305,0.493585,0.612010,-0.012116,0.515463,0.586204,-0.018539,0.534671,0.576753,-0.024842,0.495802,0.605197,-0.028568,0.496387,0.535047,-0.040796,0.496677,0.491689,-0.046986,0.498000,0.457181,-0.050284,0.517985,0.616169,-0.030250,0.533878,0.542464,-0.039181,0.543653,0.498192,-0.041742,0.552280,0.464755,-0.043404,0.537102,0.630965,-0.030259,0.543921,0.572416,-0.036938,0.533664,0.581156,-0.032097,0.525864,0.599215,-0.027057,0.551067,0.645773,-0.030409,0.548159,0.602013,-0.032845,0.537577,0.608104,-0.026233,0.533122,0.622271,-0.020109
1780504298.924,left,victory,0.500103,0.722508,0.000000,0.485133,0.669555,-0.004542,0.490900,0.619876,-0.012477,0.510169,0.592814,-0.019152,0.528376,0.583200,-0.025804,0.495524,0.610751,-0.028739,0.496078,0.540135,-0.041548,0.496677,0.496920,-0.048267,0.498491,0.462625,-0.051893,0.517483,0.621244,-0.030352,0.533313,0.547338,-0.040073,0.543920,0.502852,-0.043224,0.553802,0.469573,-0.045159,0.536297,0.636792,-0.030276,0.543921,0.579609,-0.037219,0.533934,0.588369,-0.032217,0.526228,0.606819,-0.026935,0.549930,0.652557,-0.030405,0.548075,0.610095,-0.033213,0.538312,0.616575,-0.026512,0.533956,0.631298,-0.020106
1780504299.014,left,victory,0.496981,0.728332,0.000000,0.483163,0.674247,-0.005480,0.490834,0.624627,-0.014261,0.512155,0.599256,-0.021496,0.531430,0.591606,-0.028528,0.495019,0.615982,-0.031135,0.496212,0.544503,-0.043981,0.496647,0.501226,-0.050351,0.498057,0.466697,-0.053775,0.516483,0.627887,-0.032343,0.533041,0.553783,-0.042780,0.543779,0.508275,-0.046307,0.553886,0.474551,-0.048453,0.534773,0.644450,-0.031660,0.542132,0.590642,-0.038516,0.531596,0.598835,-0.033290,0.523522,0.616399,-0.027951,0.548048,0.660522,-0.031303,0.546052,0.621827,-0.033524,0.536046,0.629138,-0.026512,0.531792,0.643671,-0.020027
1780504299.103,left,victory,0.495029,0.737578,0.000000,0.481591,0.683213,-0.004078,0.488340,0.631911,-0.011335,0.505775,0.601473,-0.017678,0.522041,0.589485,-0.023949,0.494586,0.621629,-0.026662,0.496347,0.549955,-0.039345,0.496713,0.504989,-0.045675,0.497979,0.469833,-0.048889,0.515756,0.632357,-0.028490,0.533346,0.558034,-0.038704,0.544149,0.512315,-0.042112,0.553827,0.478962,-0.043767,0.533371,0.647962,-0.028725,0.541212,0.592859,-0.036383,0.531188,0.602758,-0.031699,0.523425,0.621719,-0.026112,0.545908,0.663606,-0.029128,0.544687,0.621904,-0.032388,0.535171,0.629952,-0.025810,0.530661,0.646008,-0.019066
1780504299.229,left,victory,0.494901,0.740136,0.000000,0.481726,0.684756,-0.003346,0.490090,0.633904,-0.010797,0.510747,0.609653,-0.017392,0.529710,0.602513,-0.024052,0.495389,0.620676,-0.026676,0.497828,0.550203,-0.038044,0.498536,0.507278,-0.043372,0.500396,0.473124,-0.046018,0.515560,0.633729,-0.028954,0.533107,0.560112,-0.038341,0.544480,0.514610,-0.041329,0.555430,0.481640,-0.042954,0.533074,0.651950,-0.029348,0.541082,0.599778,-0.035767,0.530507,0.609048,-0.030545,0.522808,0.627023,-0.025053,0.546220,0.670695,-0.029898,0.546097,0.628642,-0.031635,0.536345,0.637453,-0.023923,0.531878,0.653673,-0.016848
1780504299.353,left,victory,0.495113,0.743250,0.000000,0.481643,0.687480,-0.003875,0.488526,0.635680,-0.011416,0.507327,0.608244,-0.017932,0.524553,0.598131,-0.024429,0.496091,0.624852,-0.027587,0.498034,0.553221,-0.038754,0.498621,0.510278,-0.043406,0.500015,0.476666,-0.045474,0.516690,0.636968,-0.029428,0.534604,0.561908,-0.039225,0.545569,0.515837,-0.042211,0.555758,0.483657,-0.043546,0.533788,0.654017,-0.029341,0.540857,0.601529,-0.035980,0.530645,0.610050,-0.030783,0.523263,0.628120,-0.025124,0.546245,0.671186,-0.029399,0.544494,0.630095,-0.031174,0.535313,0.637889,-0.023559,0.531011,0.653808,-0.016393
1780504299.485,left,victory,0.496782,0.747152,0.000000,0.483419,0.692273,-0.005124,0.490774,0.640042,-0.013281,0.510617,0.610912,-0.020179,0.528887,0.598587,-0.026853,0.496859,0.628447,-0.028698,0.499870,0.554097,-0.040360,0.501737,0.510556,-0.045311,0.504510,0.476674,-0.047519,0.517862,0.641949,-0.030209,0.535821,0.566365,-0.040560,0.547151,0.520571,-0.043668,0.557606,0.488209,-0.045042,0.535841,0.659640,-0.029949,0.542856,0.606207,-0.037507,0.532470,0.613471,-0.032592,0.524508,0.630466,-0.026973,0.548876,0.676126,-0.029897,0.546733,0.632830,-0.032364,0.537080,0.639991,-0.024911,0.532419,0.655434,-0.017834
1780504299.609,left,victory,0.496572,0.751311,0.000000,0.482674,0.696388,-0.004559,0.491227,0.643676,-0.012512,0.513031,0.617178,-0.019196,0.532622,0.608636,-0.025725,0.497361,0.632092,-0.029042,0.500069,0.557566,-0.039983,0.501747,0.514243,-0.044177,0.504501,0.480566,-0.045953,0.518433,0.645985,-0.030674,0.536652,0.570499,-0.040639,0.548019,0.523948,-0.043599,0.558520,0.491715,-0.044942,0.536326,0.663641,-0.030350,0.543429,0.610316,-0.037383,0.532127,0.616162,-0.032848,0.523428,0.632744,-0.027670,0.549396,0.679617,-0.030149,0.546623,0.636579,-0.032186,0.535960,0.642051,-0.025141,0.530775,0.656487,-0.018524
1780504299.742,left,victory,0.493411,0.759776,0.000000,0.480179,0.702072,-0.003475,0.488962,0.651445,-0.010007,0.510074,0.629035,-0.016179,0.528742,0.625734,-0.022126,0.494068,0.639800,-0.022164,0.496793,0.567376,-0.032790,0.498121,0.524476,-0.037001,0.499809,0.491357,-0.038557,0.515809,0.651111,-0.024953,0.534184,0.576964,-0.034494,0.544584,0.531377,-0.038008,0.553370,0.500355,-0.039220,0.534067,0.667455,-0.026371,0.540693,0.614355,-0.034480,0.529984,0.621337,-0.031743,0.521384,0.637960,-0.026994,0.547651,0.683237,-0.027867,0.544940,0.641267,-0.030588,0.535620,0.647147,-0.024523,0.530705,0.662091,-0.018155
1780504299.868,left,victory,0.493914,0.762976,0.000000,0.479384,0.708538,-0.003876,0.487186,0.656592,-0.010817,0.508898,0.631314,-0.016900,0.528769,0.625641,-0.022832,0.494020,0.645378,-0.025327,0.497300,0.569737,-0.035416,0.498109,0.528285,-0.038457,0.499128,0.496866,-0.038900,0.515336,0.657040,-0.027295,0.532687,0.578596,-0.036163,0.542773,0.533217,-0.038419,0.551602,0.502191,-0.038706,0.533340,0.672296,-0.027608,0.538313,0.619129,-0.035046,0.527843,0.626724,-0.031629,0.520169,0.643477,-0.026519,0.546502,0.685835,-0.027891,0.542310,0.641056,-0.029975,0.532513,0.646430,-0.023278,0.527797,0.660495,-0.016593
1780504300.006,left,victory,0.492996,0.763409,0.000000,0.479023,0.707310,-0.003623,0.486989,0.656907,-0.010506,0.508003,0.635183,-0.016656,0.526766,0.631466,-0.022728,0.493948,0.647423,-0.024637,0.496006,0.573588,-0.034922,0.496499,0.532280,-0.038238,0.497047,0.500705,-0.038799,0.515372,0.658305,-0.026607,0.532817,0.580291,-0.035704,0.542987,0.534849,-0.038175,0.551784,0.504094,-0.038461,0.533281,0.673578,-0.026900,0.537179,0.622192,-0.034075,0.526771,0.629538,-0.030722,0.519430,0.645671,-0.025631,0.546258,0.687309,-0.027172,0.540950,0.645408,-0.028671,0.531397,0.651675,-0.021729,0.527208,0.665748,-0.014899
1780504300.147,left,victory,0.490925,0.764683,0.000000,0.478003,0.705781,-0.003387,0.488316,0.654414,-0.009604,0.510781,0.631032,-0.015202,0.530145,0.624697,-0.020450,0.492652,0.645843,-0.022233,0.492230,0.574216,-0.031813,0.492256,0.533190,-0.034905,0.493393,0.501719,-0.035596,0.514004,0.657003,-0.024584,0.530687,0.581838,-0.033831,0.541259,0.536533,-0.036974,0.550646,0.505079,-0.037832,0.531515,0.673163,-0.025379,0.536076,0.621307,-0.033239,0.525442,0.629421,-0.030144,0.517800,0.645648,-0.025072,0.544000,0.687790,-0.026146,0.539280,0.646163,-0.028090,0.529335,0.651104,-0.021561,0.524912,0.664475,-0.015004
1780504300.261,left,victory,0.490908,0.764281,0.000000,0.476298,0.707274,-0.004241,0.485815,0.655423,-0.011384,0.508797,0.633767,-0.017455,0.528991,0.627992,-0.023259,0.490707,0.647704,-0.025771,0.490343,0.574555,-0.036020,0.489935,0.533482,-0.039376,0.490583,0.501266,-0.040248,0.512740,0.658245,-0.027473,0.530577,0.580340,-0.036773,0.542477,0.534174,-0.039644,0.553384,0.501180,-0.040495,0.530315,0.673505,-0.027395,0.535275,0.621236,-0.034592,0.524546,0.630096,-0.030746,0.516957,0.646466,-0.025441,0.542504,0.687222,-0.027348,0.536606,0.645983,-0.029184,0.526751,0.651638,-0.022318,0.522376,0.664913,-0.015584
1780504300.338,left,victory,0.491440,0.762604,0.000000,0.477464,0.706039,-0.005419,0.487136,0.654182,-0.013762,0.510593,0.631351,-0.020694,0.530781,0.623930,-0.027325,0.490008,0.646569,-0.029348,0.491279,0.572255,-0.040913,0.491543,0.528758,-0.045159,0.492638,0.493797,-0.046675,0.512112,0.657808,-0.030589,0.530398,0.580959,-0.040814,0.544039,0.535611,-0.043671,0.556558,0.502974,-0.044636,0.530690,0.673013,-0.030037,0.535514,0.621496,-0.037645,0.525154,0.629407,-0.033442,0.517588,0.645784,-0.028057,0.543921,0.686415,-0.029680,0.538606,0.644481,-0.031728,0.528255,0.650359,-0.024740,0.523529,0.664180,-0.018041
1780504300.443,left,victory,0.492537,0.760339,0.000000,0.478213,0.704789,-0.005107,0.486139,0.653663,-0.013375,0.507011,0.630230,-0.020340,0.525627,0.623668,-0.027210,0.490820,0.643932,-0.029875,0.494153,0.568093,-0.041555,0.495610,0.523602,-0.046219,0.497428,0.488205,-0.048188,0.512660,0.656309,-0.031131,0.531152,0.580946,-0.041189,0.544206,0.536295,-0.043764,0.555835,0.504044,-0.044648,0.530893,0.672704,-0.030574,0.535463,0.620850,-0.038009,0.525241,0.629297,-0.033672,0.517632,0.646780,-0.028342,0.544025,0.687834,-0.030182,0.539576,0.645679,-0.032613,0.529471,0.651833,-0.025800,0.524791,0.666480,-0.019194
1780504300.571,left,victory,0.491420,0.761290,0.000000,0.478309,0.706385,-0.005648,0.488712,0.654843,-0.013886,0.512931,0.630744,-0.020697,0.533131,0.622856,-0.027119,0.490402,0.646415,-0.028861,0.494426,0.570505,-0.040257,0.497222,0.525788,-0.044530,0.500078,0.490498,-0.046165,0.512134,0.658109,-0.030185,0.530100,0.580547,-0.040456,0.542862,0.535693,-0.043314,0.554259,0.503533,-0.044177,0.530597,0.673706,-0.029840,0.535558,0.622020,-0.037941,0.525391,0.631334,-0.033662,0.517748,0.648706,-0.027988,0.543981,0.688194,-0.029700,0.539801,0.647433,-0.032161,0.529842,0.654157,-0.025139,0.525208,0.668686,-0.018286
1780504300.658,left,victory,0.490994,0.762711,0.000000,0.476830,0.708998,-0.005184,0.485945,0.658306,-0.013125,0.508615,0.634688,-0.019806,0.527638,0.628448,-0.026323,0.489523,0.648178,-0.028896,0.495736,0.572265,-0.040663,0.499784,0.528024,-0.045472,0.503836,0.493376,-0.047415,0.511197,0.659634,-0.030176,0.528928,0.582717,-0.040465,0.541182,0.537756,-0.043282,0.552206,0.505441,-0.044097,0.529412,0.674785,-0.029742,0.534095,0.622383,-0.037671,0.523842,0.630778,-0.033540,0.516199,0.647942,-0.027964,0.542643,0.688924,-0.029496,0.538472,0.647168,-0.032344,0.528393,0.652824,-0.025887,0.523658,0.666692,-0.019290
1780504300.735,left,victory,0.491082,0.761938,0.000000,0.477408,0.709563,-0.005203,0.487031,0.659925,-0.013039,0.509698,0.635531,-0.019571,0.528781,0.627044,-0.025866,0.488529,0.648036,-0.028404,0.495093,0.571207,-0.039521,0.499961,0.527396,-0.043554,0.504596,0.492941,-0.044914,0.510037,0.658588,-0.029684,0.527993,0.582086,-0.039396,0.540325,0.537749,-0.041896,0.550946,0.505057,-0.042485,0.528077,0.673262,-0.029258,0.533049,0.619329,-0.036792,0.523116,0.629126,-0.032288,0.515483,0.646126,-0.026477,0.541385,0.687719,-0.028995,0.537610,0.643669,-0.031366,0.527970,0.649011,-0.024431,0.523021,0.662696,-0.017542
1780504300.823,left,victory,0.491244,0.761818,0.000000,0.477896,0.708952,-0.004446,0.487403,0.658845,-0.011616,0.510284,0.636363,-0.017791,0.529265,0.630547,-0.023763,0.488835,0.647180,-0.026465,0.495099,0.572299,-0.037588,0.500270,0.529019,-0.041971,0.505608,0.495710,-0.043576,0.510261,0.658035,-0.028239,0.527739,0.581034,-0.037943,0.539872,0.536542,-0.040884,0.550665,0.505085,-0.041808,0.528708,0.673300,-0.028391,0.535205,0.620182,-0.036197,0.525257,0.629496,-0.032485,0.517567,0.647065,-0.027132,0.542277,0.688047,-0.028682,0.539232,0.647034,-0.031240,0.529423,0.652460,-0.024946,0.524682,0.666229,-0.018513
1780504302.741,left,victory,0.494631,0.773980,0.000000,0.480300,0.717093,-0.006085,0.489519,0.663709,-0.013103,0.511546,0.633602,-0.018542,0.531075,0.623667,-0.023514,0.494303,0.660291,-0.026678,0.500610,0.584009,-0.037082,0.506414,0.541616,-0.040563,0.512249,0.508219,-0.041624,0.516584,0.672300,-0.027069,0.535129,0.598107,-0.036482,0.545430,0.554534,-0.038665,0.553558,0.522869,-0.039032,0.534858,0.686468,-0.026124,0.537702,0.626905,-0.035056,0.526545,0.634492,-0.032169,0.518228,0.652491,-0.027099,0.547868,0.698659,-0.025233,0.542943,0.650646,-0.029196,0.532618,0.654705,-0.024074,0.527714,0.669368,-0.018366
1780504302.826,left,victory,0.495236,0.773193,0.000000,0.480139,0.716346,-0.006598,0.487357,0.663456,-0.013633,0.506514,0.631340,-0.018974,0.524133,0.619300,-0.023904,0.493134,0.662443,-0.027148,0.498859,0.586965,-0.038086,0.504891,0.544845,-0.042031,0.510981,0.511840,-0.043371,0.515867,0.673471,-0.027118,0.534773,0.600410,-0.037166,0.544844,0.557921,-0.039346,0.552428,0.526460,-0.039487,0.534258,0.686929,-0.025785,0.537461,0.626558,-0.035239,0.526495,0.635496,-0.031801,0.518274,0.653907,-0.026075,0.547130,0.698578,-0.024517,0.543033,0.649555,-0.029024,0.533018,0.653824,-0.023691,0.527963,0.668371,-0.017551
1780504302.918,left,victory,0.495016,0.773401,0.000000,0.480721,0.718874,-0.006645,0.488472,0.665812,-0.013551,0.508232,0.633834,-0.018827,0.526083,0.621682,-0.023599,0.492045,0.664630,-0.026316,0.497021,0.589824,-0.037271,0.504327,0.549267,-0.041046,0.512031,0.518292,-0.042074,0.514952,0.675052,-0.026611,0.533581,0.600332,-0.036845,0.543564,0.558444,-0.039160,0.551161,0.527708,-0.039136,0.533851,0.688234,-0.025691,0.539146,0.626503,-0.035592,0.529242,0.636992,-0.032129,0.521584,0.655568,-0.026094,0.547120,0.700099,-0.024826,0.543771,0.651505,-0.029308,0.534375,0.656127,-0.023738,0.529729,0.670129,-0.017292
1780504303.035,left,victory,0.494931,0.774159,0.000000,0.480021,0.719684,-0.006146,0.486992,0.666714,-0.013149,0.506028,0.633842,-0.018486,0.523497,0.620962,-0.023418,0.491770,0.664881,-0.027292,0.496434,0.590161,-0.038408,0.503372,0.548932,-0.042333,0.510683,0.517451,-0.043526,0.514664,0.675421,-0.027776,0.533818,0.600529,-0.037847,0.543630,0.558669,-0.039856,0.550813,0.527945,-0.039729,0.533563,0.688693,-0.026890,0.539542,0.626274,-0.036239,0.529937,0.636989,-0.032182,0.522403,0.655746,-0.025996,0.546928,0.701029,-0.026022,0.543835,0.652076,-0.030129,0.534608,0.656975,-0.024153,0.530106,0.670916,-0.017496
1780504303.118,left,victory,0.494274,0.776183,0.000000,0.479215,0.720797,-0.005579,0.486517,0.667869,-0.011969,0.505384,0.635556,-0.017029,0.522486,0.622069,-0.021607,0.490763,0.665509,-0.024765,0.495971,0.589929,-0.035685,0.502752,0.547774,-0.039761,0.510085,0.515812,-0.041176,0.513502,0.675914,-0.025681,0.532393,0.600988,-0.035575,0.542431,0.559286,-0.037901,0.550325,0.528661,-0.038176,0.532109,0.689040,-0.025407,0.539518,0.624514,-0.034986,0.529461,0.635323,-0.031221,0.521629,0.654746,-0.025285,0.545115,0.700847,-0.025165,0.542273,0.651567,-0.029787,0.532719,0.655704,-0.024343,0.527951,0.669579,-0.018092
1780504303.201,left,victory,0.492929,0.769551,0.000000,0.479241,0.714883,-0.005199,0.489880,0.663074,-0.011879,0.513186,0.636317,-0.017254,0.533055,0.626589,-0.022064,0.490086,0.656548,-0.024856,0.495044,0.582437,-0.035250,0.502145,0.541686,-0.038945,0.509979,0.510988,-0.040248,0.512286,0.669660,-0.026275,0.531026,0.596637,-0.036096,0.541681,0.555688,-0.038836,0.550726,0.525457,-0.039676,0.530998,0.685872,-0.026414,0.539980,0.625973,-0.035831,0.529725,0.636272,-0.032470,0.521887,0.653737,-0.027069,0.544879,0.700156,-0.026538,0.543143,0.653597,-0.030791,0.533385,0.657759,-0.025439,0.528774,0.670710,-0.019561
1780504303.353,left,victory,0.490995,0.766194,0.000000,0.481070,0.712128,-0.002643,0.495485,0.663799,-0.009119,0.520882,0.639377,-0.014824,0.539768,0.629951,-0.020103,0.488868,0.649240,-0.023435,0.495417,0.577361,-0.033245,0.503526,0.537605,-0.036875,0.512536,0.507625,-0.038134,0.509224,0.663317,-0.026578,0.529350,0.592314,-0.035025,0.542444,0.553168,-0.037412,0.553457,0.525665,-0.038440,0.527952,0.682488,-0.028184,0.541842,0.626385,-0.035896,0.532174,0.638749,-0.031979,0.523793,0.656764,-0.026798,0.543386,0.701209,-0.029639,0.546091,0.654615,-0.032163,0.535929,0.660740,-0.025712,0.530451,0.675032,-0.019446
1780504303.481,left,victory,0.488944,0.766300,0.000000,0.491204,0.707735,-0.002009,0.510768,0.658771,-0.011131,0.538745,0.639820,-0.021638,0.555902,0.646558,-0.031459,0.489395,0.635621,-0.021804,0.497172,0.570661,-0.034784,0.508351,0.535018,-0.041853,0.519099,0.508332,-0.046483,0.498531,0.657744,-0.030329,0.521706,0.592405,-0.045627,0.539455,0.556588,-0.052115,0.553340,0.530416,-0.056224,0.510563,0.686918,-0.037908,0.543690,0.635725,-0.049407,0.541484,0.648608,-0.044167,0.533310,0.663605,-0.038183,0.525109,0.716489,-0.046106,0.548412,0.667167,-0.049344,0.544223,0.670649,-0.041919,0.536000,0.681901,-0.035794
1780504303.563,left,victory,0.503479,0.759273,0.000000,0.531174,0.726328,-0.004727,0.547576,0.692197,-0.012495,0.557529,0.668490,-0.022254,0.548978,0.666713,-0.030885,0.519360,0.617900,-0.008422,0.524958,0.569591,-0.020633,0.534496,0.535102,-0.028272,0.544773,0.512068,-0.032566,0.505545,0.624046,-0.015749,0.512213,0.560720,-0.029340,0.528172,0.531410,-0.034184,0.544680,0.511416,-0.035054,0.498255,0.643624,-0.024010,0.533501,0.633778,-0.039445,0.539253,0.663334,-0.037350,0.538150,0.684735,-0.031173,0.499255,0.673441,-0.033323,0.528642,0.668342,-0.042361,0.537667,0.683968,-0.039179,0.541000,0.695108,-0.034300
1780504303.683,left,victory,0.488626,0.756137,0.000000,0.515902,0.736958,-0.010129,0.536909,0.704472,-0.018633,0.547294,0.678772,-0.028025,0.538357,0.673033,-0.036123,0.519595,0.617398,-0.010140,0.533622,0.567920,-0.023239,0.546246,0.538035,-0.031512,0.557718,0.515799,-0.035828,0.502053,0.616829,-0.014755,0.509129,0.553113,-0.028994,0.523487,0.527030,-0.035582,0.536631,0.514191,-0.037234,0.488514,0.630432,-0.020755,0.519694,0.617327,-0.037901,0.530159,0.654018,-0.038052,0.532673,0.683279,-0.032535,0.482404,0.654885,-0.028093,0.512448,0.656563,-0.039417,0.522964,0.682311,-0.038061,0.526558,0.703267,-0.033492
1780504303.789,left,victory,0.478293,0.757285,0.000000,0.505080,0.741761,-0.009750,0.527201,0.709003,-0.017354,0.537211,0.681781,-0.025919,0.528038,0.670691,-0.033148,0.513583,0.619900,-0.009274,0.530428,0.568966,-0.021423,0.543478,0.539287,-0.028857,0.555851,0.517743,-0.032813,0.495180,0.616092,-0.013799,0.502206,0.552887,-0.027494,0.516358,0.528554,-0.033599,0.529786,0.517211,-0.035198,0.480108,0.627318,-0.019724,0.507862,0.609292,-0.037456,0.519061,0.645510,-0.038132,0.522958,0.676322,-0.033003,0.471900,0.649909,-0.026794,0.499150,0.652223,-0.039079,0.509028,0.676263,-0.038574,0.512046,0.696174,-0.034574
1780504303.900,left,victory,0.456150,0.747544,0.000000,0.482086,0.735656,-0.010343,0.506295,0.706515,-0.017996,0.515663,0.678070,-0.026062,0.505366,0.662579,-0.032830,0.499236,0.615790,-0.009115,0.518324,0.570805,-0.020649,0.532782,0.546561,-0.028366,0.545621,0.527634,-0.032973,0.481464,0.607984,-0.012626,0.487967,0.545098,-0.025093,0.501592,0.523357,-0.031061,0.514141,0.510668,-0.033502,0.464883,0.616489,-0.017487,0.487912,0.587948,-0.034196,0.497439,0.626068,-0.034235,0.499803,0.657997,-0.029580,0.453113,0.637461,-0.023470,0.475891,0.636257,-0.037044,0.486676,0.660072,-0.037488,0.490480,0.678866,-0.034355
1780504304.009,left,victory,0.445082,0.741876,0.000000,0.469853,0.730949,-0.010281,0.493154,0.702694,-0.017348,0.502223,0.673195,-0.024887,0.492567,0.659971,-0.031327,0.488124,0.614250,-0.008057,0.502978,0.571069,-0.018454,0.514314,0.546162,-0.025409,0.525322,0.527529,-0.029711,0.471265,0.606661,-0.011745,0.479151,0.540990,-0.023230,0.492524,0.520027,-0.028813,0.504793,0.507623,-0.031188,0.454731,0.614056,-0.016869,0.476270,0.584454,-0.034140,0.486137,0.620571,-0.035687,0.488451,0.651235,-0.032015,0.441750,0.633195,-0.022873,0.464108,0.627055,-0.036158,0.474065,0.651814,-0.036640,0.476355,0.671720,-0.033956
1780504304.108,left,victory,0.437664,0.742519,0.000000,0.463621,0.734085,-0.009213,0.488462,0.706340,-0.016135,0.497841,0.677151,-0.023835,0.486241,0.665423,-0.030566,0.481940,0.615964,-0.009191,0.500016,0.572657,-0.019941,0.512267,0.547210,-0.027320,0.524277,0.527801,-0.032109,0.463686,0.608081,-0.013965,0.471448,0.543026,-0.026115,0.484931,0.519982,-0.032357,0.497359,0.506772,-0.035333,0.447132,0.616407,-0.019875,0.468963,0.587389,-0.037034,0.479577,0.622775,-0.038329,0.482761,0.653285,-0.034754,0.435138,0.636976,-0.026658,0.458236,0.630686,-0.039585,0.468493,0.654666,-0.039385,0.471366,0.675088,-0.036318
1780504304.204,left,victory,0.434929,0.750619,0.000000,0.460506,0.741661,-0.008317,0.484336,0.714794,-0.014762,0.494665,0.688085,-0.022303,0.483886,0.676639,-0.028916,0.479360,0.627810,-0.007489,0.497040,0.585321,-0.017418,0.507793,0.560686,-0.024256,0.518128,0.541080,-0.028852,0.461525,0.619313,-0.012712,0.468205,0.551872,-0.024834,0.480916,0.528483,-0.031026,0.492673,0.514052,-0.033888,0.445150,0.627101,-0.019041,0.466522,0.595516,-0.036630,0.476955,0.633478,-0.037709,0.480138,0.664950,-0.033742,0.433424,0.646707,-0.026108,0.455773,0.637332,-0.039312,0.465634,0.663534,-0.038838,0.468681,0.685388,-0.035506
1780504304.316,left,victory,0.435094,0.751746,0.000000,0.461106,0.744773,-0.009160,0.484419,0.719761,-0.016119,0.493571,0.692823,-0.023967,0.481635,0.683193,-0.030948,0.479586,0.631402,-0.008411,0.496799,0.590987,-0.018711,0.508141,0.566819,-0.025895,0.519205,0.547684,-0.030572,0.461717,0.623342,-0.012990,0.468443,0.559107,-0.024973,0.480500,0.535196,-0.031367,0.491652,0.520439,-0.034402,0.445341,0.630946,-0.018691,0.465662,0.605555,-0.035863,0.476026,0.641464,-0.037602,0.479041,0.671525,-0.034171,0.433107,0.649999,-0.025204,0.454476,0.644414,-0.037536,0.463422,0.669394,-0.037108,0.465590,0.690015,-0.033988
1780504304.397,left,victory,0.432544,0.752332,0.000000,0.457854,0.744994,-0.008919,0.481738,0.720088,-0.015452,0.491474,0.692890,-0.022894,0.479674,0.683117,-0.029562,0.475832,0.633117,-0.008221,0.494462,0.593371,-0.018105,0.506214,0.567927,-0.025040,0.517463,0.547356,-0.029718,0.458666,0.624424,-0.012850,0.465678,0.562472,-0.024825,0.477756,0.538417,-0.031285,0.488964,0.522726,-0.034404,0.442952,0.631824,-0.018515,0.463100,0.607262,-0.035719,0.473286,0.642729,-0.037605,0.476553,0.672037,-0.034270,0.431302,0.651145,-0.024946,0.452599,0.643529,-0.037376,0.461571,0.667210,-0.036985,0.464183,0.687421,-0.033886
1780504304.479,left,victory,0.431198,0.750482,0.000000,0.456391,0.743210,-0.009130,0.479103,0.719391,-0.016635,0.487458,0.694144,-0.025084,0.475842,0.683077,-0.032810,0.474403,0.627706,-0.010317,0.495027,0.586174,-0.020823,0.508069,0.560597,-0.028102,0.519607,0.539347,-0.032800,0.456611,0.621624,-0.014985,0.464301,0.561783,-0.027041,0.475323,0.535608,-0.033975,0.484880,0.516711,-0.037590,0.440567,0.630639,-0.020547,0.460581,0.607495,-0.037146,0.470881,0.641617,-0.038946,0.473899,0.669789,-0.035721,0.428655,0.651182,-0.026886,0.449323,0.638758,-0.038480,0.458525,0.661212,-0.037286,0.461023,0.681961,-0.033604
1780504304.568,left,victory,0.431429,0.749278,0.000000,0.456087,0.743163,-0.011359,0.479408,0.719883,-0.019576,0.486297,0.694819,-0.028257,0.473977,0.683845,-0.035964,0.475880,0.629287,-0.011759,0.495928,0.586652,-0.022777,0.508348,0.559663,-0.030121,0.519631,0.537511,-0.034767,0.457145,0.621673,-0.015349,0.463875,0.560784,-0.028119,0.475127,0.535230,-0.034946,0.485454,0.517595,-0.038071,0.440126,0.629517,-0.020055,0.461501,0.609383,-0.037759,0.470896,0.646904,-0.039215,0.473265,0.676533,-0.035157,0.427589,0.649051,-0.025748,0.449108,0.641164,-0.038301,0.458650,0.665911,-0.037316,0.461553,0.686722,-0.033375
1780504304.654,left,victory,0.432076,0.749257,0.000000,0.456244,0.742618,-0.011575,0.478602,0.719304,-0.019755,0.485882,0.694915,-0.028389,0.473576,0.684929,-0.036030,0.475756,0.628127,-0.011511,0.495718,0.586118,-0.022329,0.508095,0.559021,-0.029518,0.519425,0.537141,-0.033994,0.457189,0.620928,-0.014852,0.463920,0.561281,-0.027285,0.474947,0.535043,-0.033970,0.485116,0.517324,-0.036973,0.440366,0.628881,-0.019380,0.461806,0.611865,-0.036759,0.470948,0.649076,-0.038469,0.473047,0.678442,-0.034544,0.428012,0.648300,-0.024935,0.449649,0.643025,-0.037059,0.458807,0.668067,-0.036191,0.461359,0.688915,-0.032356
1780504304.743,left,victory,0.430274,0.750832,0.000000,0.454687,0.745143,-0.011289,0.477627,0.721868,-0.019105,0.484862,0.697749,-0.027370,0.473165,0.688401,-0.034765,0.474860,0.630246,-0.011266,0.495099,0.588337,-0.021948,0.507416,0.560967,-0.029133,0.518623,0.538411,-0.033613,0.456345,0.622589,-0.014639,0.463556,0.563574,-0.026760,0.474181,0.536066,-0.033581,0.483793,0.517439,-0.036767,0.439475,0.630385,-0.019156,0.460562,0.613783,-0.036235,0.470070,0.649169,-0.038442,0.472390,0.678168,-0.034955,0.426942,0.649437,-0.024645,0.448430,0.643696,-0.036656,0.457693,0.667805,-0.035995,0.460383,0.688693,-0.032320
1780504304.821,left,victory,0.430634,0.753689,0.000000,0.454505,0.747542,-0.011241,0.476761,0.725103,-0.019172,0.484231,0.701715,-0.027588,0.472294,0.692442,-0.035090,0.474381,0.632062,-0.011249,0.494688,0.589888,-0.021788,0.507031,0.562185,-0.028897,0.518074,0.539240,-0.033282,0.456033,0.624681,-0.014657,0.462994,0.565546,-0.026570,0.472889,0.536155,-0.033404,0.481793,0.515024,-0.036624,0.439327,0.632863,-0.019160,0.460141,0.618593,-0.035888,0.468387,0.653942,-0.037908,0.469731,0.681784,-0.034304,0.426929,0.652373,-0.024651,0.447755,0.647047,-0.036163,0.456373,0.671518,-0.035023,0.458653,0.692286,-0.031024
1780504304.908,left,victory,0.430965,0.755707,0.000000,0.454829,0.749796,-0.011610,0.476621,0.728772,-0.020191,0.484071,0.707779,-0.029245,0.472710,0.698152,-0.037319,0.475287,0.635919,-0.012507,0.495609,0.593404,-0.023710,0.507610,0.565534,-0.031166,0.518473,0.542027,-0.035760,0.456502,0.627957,-0.015945,0.463126,0.569943,-0.028619,0.472731,0.539730,-0.035833,0.481539,0.517318,-0.039307,0.439388,0.635683,-0.020473,0.460443,0.624211,-0.037465,0.468030,0.660039,-0.039183,0.468925,0.687435,-0.035393,0.426742,0.654859,-0.026075,0.447597,0.652348,-0.037616,0.455705,0.677045,-0.036314,0.457682,0.697142,-0.032213
1780504304.987,left,victory,0.430553,0.754984,0.000000,0.454617,0.750187,-0.012214,0.476698,0.729625,-0.020657,0.484218,0.707974,-0.029438,0.472503,0.698557,-0.037247,0.474394,0.635326,-0.011971,0.495012,0.593260,-0.023074,0.507775,0.565328,-0.030521,0.519181,0.542150,-0.035015,0.456194,0.627687,-0.014996,0.462703,0.569813,-0.027518,0.472251,0.539340,-0.034892,0.480741,0.516725,-0.038300,0.439339,0.635615,-0.019239,0.459370,0.625415,-0.036570,0.467583,0.661260,-0.039079,0.468927,0.688264,-0.035513,0.426522,0.654586,-0.024534,0.446179,0.651779,-0.036272,0.454724,0.675865,-0.035355,0.456982,0.695446,-0.031367
1780504305.065,left,victory,0.430549,0.758281,0.000000,0.454356,0.752938,-0.012243,0.476566,0.732862,-0.020993,0.483466,0.711226,-0.030042,0.471692,0.701244,-0.038051,0.475136,0.639092,-0.012612,0.495233,0.596613,-0.023588,0.507610,0.568812,-0.030928,0.518897,0.544961,-0.035449,0.456452,0.630681,-0.015714,0.462942,0.573243,-0.028232,0.471662,0.542190,-0.035543,0.479740,0.518421,-0.039021,0.439282,0.638121,-0.019929,0.461117,0.629807,-0.037200,0.467883,0.666569,-0.039157,0.468136,0.694022,-0.035302,0.426162,0.657069,-0.025237,0.447216,0.656446,-0.037181,0.455417,0.682236,-0.036023,0.457614,0.703060,-0.031811
1780504305.146,left,victory,0.430416,0.760502,0.000000,0.454371,0.754846,-0.011760,0.475901,0.734776,-0.020463,0.483713,0.714066,-0.029629,0.472083,0.703993,-0.037856,0.474418,0.641378,-0.012439,0.494615,0.600733,-0.023475,0.506754,0.573071,-0.031082,0.517851,0.549416,-0.035904,0.455900,0.633308,-0.015877,0.462281,0.575694,-0.028442,0.471169,0.544497,-0.035912,0.479448,0.520598,-0.039673,0.438880,0.641352,-0.020358,0.459718,0.630431,-0.037479,0.467465,0.666383,-0.039362,0.468423,0.693879,-0.035675,0.426107,0.661077,-0.025892,0.446951,0.657879,-0.037621,0.455249,0.683189,-0.036223,0.457275,0.704376,-0.032033
1780504305.224,left,victory,0.430755,0.765056,0.000000,0.454239,0.759238,-0.011698,0.476158,0.738937,-0.020511,0.484111,0.717264,-0.029808,0.472165,0.708345,-0.038142,0.474512,0.644964,-0.012436,0.495271,0.604754,-0.023535,0.507793,0.577140,-0.031222,0.519228,0.553357,-0.036096,0.455816,0.636236,-0.016049,0.462547,0.579264,-0.028544,0.471210,0.547801,-0.035991,0.479351,0.523581,-0.039706,0.438781,0.644123,-0.020682,0.460652,0.635274,-0.037773,0.468352,0.671265,-0.039726,0.469314,0.699127,-0.036057,0.426136,0.664199,-0.026382,0.447587,0.662407,-0.038061,0.456324,0.688083,-0.036648,0.458966,0.710256,-0.032384
1780504305.304,left,victory,0.430201,0.765456,0.000000,0.453906,0.760341,-0.012325,0.475744,0.740425,-0.021283,0.484474,0.720265,-0.030645,0.473024,0.711372,-0.039051,0.474710,0.645518,-0.012588,0.494866,0.604879,-0.023915,0.507427,0.577384,-0.031732,0.518940,0.553767,-0.036651,0.456049,0.637702,-0.015827,0.461994,0.580890,-0.028604,0.470816,0.550315,-0.036082,0.478921,0.526787,-0.039774,0.438897,0.645899,-0.020240,0.460012,0.635811,-0.037724,0.468000,0.672830,-0.039790,0.469089,0.700556,-0.036120,0.426062,0.665680,-0.025774,0.447000,0.664752,-0.037778,0.455116,0.690730,-0.036717,0.456899,0.711520,-0.032730
1780504305.383,left,victory,0.430328,0.767516,0.000000,0.454250,0.762131,-0.011417,0.476164,0.741812,-0.019782,0.485028,0.720836,-0.028793,0.473447,0.712094,-0.036927,0.474262,0.645850,-0.010978,0.494871,0.605562,-0.021776,0.507489,0.578341,-0.029368,0.518632,0.554805,-0.034221,0.456127,0.638788,-0.014619,0.462017,0.581191,-0.027205,0.470634,0.549771,-0.035045,0.478281,0.524841,-0.038963,0.439241,0.647781,-0.019355,0.459579,0.635198,-0.037066,0.468366,0.672289,-0.039859,0.470040,0.700171,-0.036505,0.426393,0.668207,-0.025043,0.446572,0.665358,-0.037365,0.455541,0.690433,-0.036708,0.458090,0.711005,-0.032879
1780504305.528,left,victory,0.431239,0.769730,0.000000,0.455117,0.763422,-0.011366,0.476790,0.742714,-0.020142,0.486001,0.723713,-0.029641,0.474635,0.717396,-0.038196,0.474962,0.648961,-0.011791,0.495540,0.609223,-0.022849,0.508096,0.581798,-0.030507,0.519226,0.558422,-0.035478,0.456264,0.641801,-0.015633,0.462583,0.584122,-0.028576,0.471410,0.553170,-0.035996,0.479318,0.529029,-0.039674,0.439461,0.650321,-0.020573,0.461667,0.638235,-0.038247,0.469660,0.675550,-0.040176,0.470500,0.703076,-0.036406,0.427392,0.670378,-0.026565,0.449893,0.668968,-0.038737,0.457862,0.695091,-0.037720,0.459292,0.715700,-0.033810
1780504305.620,left,victory,0.431113,0.772560,0.000000,0.455305,0.766513,-0.011012,0.477232,0.746248,-0.019560,0.486488,0.726147,-0.028833,0.475345,0.718344,-0.037224,0.475230,0.651894,-0.011426,0.495624,0.612678,-0.022736,0.508262,0.585257,-0.030674,0.519638,0.561639,-0.035723,0.457010,0.644429,-0.015411,0.463661,0.586601,-0.028151,0.472337,0.555203,-0.035631,0.480081,0.530287,-0.039321,0.440325,0.653036,-0.020459,0.461939,0.640639,-0.038075,0.470118,0.677878,-0.040100,0.470979,0.705642,-0.036326,0.428033,0.673593,-0.026489,0.449559,0.671538,-0.038472,0.457601,0.697308,-0.037240,0.458819,0.717981,-0.033122
1780504305.706,left,victory,0.432753,0.773900,0.000000,0.457501,0.768016,-0.011492,0.479348,0.748124,-0.020215,0.488238,0.727784,-0.029633,0.476802,0.719478,-0.038015,0.477103,0.652784,-0.011566,0.497792,0.611278,-0.022602,0.509928,0.582614,-0.030043,0.520624,0.558394,-0.034768,0.458353,0.644931,-0.015260,0.464612,0.586926,-0.028333,0.473681,0.555535,-0.035851,0.481913,0.531724,-0.039376,0.441575,0.653022,-0.020076,0.463246,0.640751,-0.037933,0.471724,0.678139,-0.040382,0.473349,0.706460,-0.036750,0.429860,0.672995,-0.025934,0.451606,0.674364,-0.038299,0.460154,0.699611,-0.037991,0.462435,0.719648,-0.034396
1780504305.788,left,victory,0.432813,0.774770,0.000000,0.457771,0.769085,-0.011072,0.480045,0.749794,-0.019617,0.489145,0.728803,-0.028912,0.477307,0.719970,-0.037332,0.477379,0.653885,-0.011260,0.498183,0.613253,-0.022177,0.510362,0.585162,-0.029624,0.520979,0.561270,-0.034340,0.459036,0.646415,-0.015175,0.465327,0.588206,-0.028038,0.474072,0.556657,-0.035779,0.481898,0.532027,-0.039505,0.442132,0.655326,-0.020108,0.462783,0.642174,-0.037948,0.472289,0.678814,-0.040717,0.474712,0.706803,-0.037313,0.429625,0.676038,-0.025948,0.449952,0.674318,-0.038068,0.459216,0.698797,-0.037398,0.462245,0.719056,-0.033600
1780504305.865,left,victory,0.433366,0.774686,0.000000,0.458289,0.768862,-0.011613,0.480491,0.749496,-0.020450,0.489555,0.728278,-0.029887,0.477459,0.720158,-0.038381,0.478164,0.653076,-0.011920,0.498959,0.612868,-0.022842,0.511105,0.584942,-0.030304,0.521809,0.561181,-0.035061,0.459676,0.645282,-0.015616,0.465988,0.588574,-0.028704,0.474906,0.557352,-0.036576,0.482924,0.533306,-0.040341,0.442676,0.654041,-0.020348,0.464049,0.644582,-0.038222,0.473213,0.680917,-0.041105,0.475289,0.708254,-0.037775,0.430190,0.674649,-0.026049,0.451273,0.675225,-0.038043,0.460167,0.699612,-0.037415,0.462815,0.719302,-0.033670
1780504305.946,left,victory,0.432195,0.774913,0.000000,0.457115,0.769284,-0.011500,0.479617,0.749250,-0.020179,0.489499,0.728245,-0.029486,0.477819,0.720433,-0.037782,0.477762,0.653806,-0.011649,0.498442,0.612903,-0.022546,0.510676,0.585209,-0.029870,0.521451,0.561765,-0.034470,0.459438,0.645538,-0.015348,0.465473,0.588712,-0.028505,0.474487,0.557272,-0.036262,0.482531,0.532822,-0.039848,0.442462,0.653804,-0.020120,0.464405,0.645499,-0.037922,0.473143,0.682369,-0.040639,0.474747,0.709486,-0.037144,0.430074,0.673952,-0.025898,0.451468,0.676728,-0.037766,0.459751,0.701052,-0.037211,0.461774,0.719882,-0.033514
1780504306.025,left,victory,0.433181,0.775667,0.000000,0.457859,0.769392,-0.011489,0.480189,0.748934,-0.020158,0.489503,0.727526,-0.029488,0.477365,0.721408,-0.037831,0.477623,0.652957,-0.011487,0.498368,0.612497,-0.022278,0.510648,0.584980,-0.029584,0.521402,0.561663,-0.034222,0.459188,0.645075,-0.015225,0.465522,0.589079,-0.028410,0.474605,0.557696,-0.036267,0.482501,0.533420,-0.039933,0.442339,0.653398,-0.020028,0.464141,0.645136,-0.037896,0.473135,0.681783,-0.040879,0.474902,0.709142,-0.037554,0.430050,0.673464,-0.025829,0.451576,0.676537,-0.037719,0.459822,0.701046,-0.037314,0.461727,0.720180,-0.033724
1780504306.107,left,victory,0.433680,0.775381,0.000000,0.458276,0.769916,-0.011446,0.480860,0.749417,-0.020037,0.490443,0.728994,-0.029250,0.479007,0.722275,-0.037427,0.479412,0.654320,-0.011620,0.499953,0.613001,-0.022491,0.512178,0.584888,-0.029692,0.522923,0.561349,-0.034164,0.460426,0.645597,-0.015357,0.467053,0.587908,-0.028150,0.476174,0.556998,-0.035361,0.484111,0.533738,-0.038508,0.443437,0.653411,-0.020219,0.465904,0.645636,-0.037723,0.473878,0.682866,-0.040126,0.474706,0.710096,-0.036401,0.431623,0.673289,-0.026146,0.453771,0.677482,-0.037855,0.461724,0.702699,-0.037293,0.463183,0.721759,-0.033566
1780504306.192,left,victory,0.434460,0.775557,0.000000,0.459780,0.769876,-0.011033,0.481799,0.750699,-0.019484,0.491408,0.730469,-0.028661,0.479965,0.721632,-0.036881,0.480477,0.654334,-0.011283,0.500626,0.613839,-0.022188,0.512583,0.586028,-0.029561,0.523164,0.562510,-0.034169,0.461940,0.645805,-0.015158,0.468354,0.588566,-0.027903,0.477131,0.557506,-0.035374,0.484852,0.534420,-0.038834,0.445056,0.653863,-0.020102,0.466029,0.644565,-0.037744,0.474973,0.681106,-0.040643,0.476941,0.708924,-0.037325,0.432940,0.674135,-0.026007,0.454020,0.676950,-0.037876,0.462367,0.701782,-0.037541,0.464556,0.721549,-0.034022
1780504306.276,left,victory,0.434853,0.776403,0.000000,0.460201,0.770088,-0.010662,0.482777,0.749995,-0.018868,0.492492,0.728806,-0.027887,0.480702,0.722427,-0.035966,0.480648,0.654970,-0.010686,0.501206,0.614798,-0.021191,0.513475,0.587782,-0.028371,0.524333,0.564748,-0.032935,0.462321,0.646918,-0.014721,0.469202,0.590404,-0.027238,0.477922,0.559276,-0.034760,0.485461,0.535236,-0.038340,0.445635,0.655058,-0.019761,0.467565,0.645571,-0.037168,0.476089,0.682476,-0.039970,0.477516,0.710114,-0.036630,0.433498,0.675190,-0.025739,0.454968,0.677501,-0.037348,0.463363,0.702184,-0.036855,0.465459,0.721806,-0.033265
1780504306.379,left,victory,0.435036,0.775888,0.000000,0.460662,0.770128,-0.010599,0.483130,0.749280,-0.018871,0.492342,0.728015,-0.028062,0.480534,0.721682,-0.036334,0.480877,0.653442,-0.010865,0.501815,0.612197,-0.021695,0.514258,0.585012,-0.029084,0.525075,0.561796,-0.033739,0.462415,0.646384,-0.015055,0.469465,0.589689,-0.028318,0.478277,0.556841,-0.036437,0.485649,0.530442,-0.040326,0.445471,0.654874,-0.020219,0.467276,0.644267,-0.038248,0.475785,0.681755,-0.041129,0.477091,0.709301,-0.037638,0.433042,0.674868,-0.026293,0.455017,0.676043,-0.038291,0.463186,0.700395,-0.037725,0.464861,0.719197,-0.033962
1780504306.488,left,victory,0.436237,0.774683,0.000000,0.461312,0.768491,-0.011059,0.483027,0.748115,-0.019609,0.492094,0.727080,-0.029052,0.480544,0.720018,-0.037575,0.480849,0.652557,-0.011461,0.501815,0.610076,-0.022652,0.514341,0.582631,-0.030024,0.524944,0.559242,-0.034462,0.462445,0.645547,-0.015415,0.469627,0.588425,-0.029051,0.477713,0.554180,-0.037359,0.484037,0.526950,-0.041168,0.445510,0.653945,-0.020386,0.466731,0.644391,-0.038682,0.475891,0.680498,-0.042063,0.477923,0.707355,-0.038721,0.433050,0.673636,-0.026269,0.454631,0.675800,-0.038095,0.463153,0.699490,-0.037679,0.465321,0.718033,-0.033955
1780504306.591,left,victory,0.435109,0.773082,0.000000,0.460734,0.768788,-0.012046,0.482640,0.750334,-0.021291,0.492158,0.732403,-0.031301,0.480939,0.724557,-0.040307,0.482444,0.655152,-0.012771,0.503487,0.612997,-0.024145,0.515407,0.584405,-0.031516,0.525605,0.559613,-0.036059,0.463541,0.646660,-0.016405,0.470403,0.590132,-0.030386,0.477827,0.555312,-0.038591,0.483940,0.526955,-0.042362,0.446202,0.654287,-0.021110,0.467581,0.647241,-0.039840,0.475461,0.684916,-0.042843,0.476706,0.712140,-0.039167,0.433472,0.673552,-0.026855,0.454923,0.677234,-0.039340,0.463268,0.703207,-0.038946,0.465733,0.723701,-0.035113
1780504306.690,left,victory,0.435745,0.775633,0.000000,0.460320,0.770069,-0.012041,0.481824,0.752302,-0.021353,0.491459,0.733864,-0.031447,0.480442,0.725719,-0.040526,0.482091,0.654977,-0.012580,0.502957,0.612663,-0.023760,0.515351,0.585602,-0.031015,0.525791,0.562013,-0.035257,0.463623,0.646680,-0.016175,0.470779,0.590465,-0.030044,0.477509,0.554641,-0.038740,0.482437,0.525585,-0.042632,0.446486,0.654787,-0.020749,0.468180,0.652036,-0.039420,0.476188,0.688751,-0.043300,0.477479,0.715022,-0.039998,0.433773,0.674669,-0.026248,0.454933,0.677685,-0.037946,0.463222,0.703601,-0.037144,0.465690,0.725426,-0.032928
1780504306.835,left,victory,0.435418,0.776177,0.000000,0.460937,0.770565,-0.011841,0.482494,0.752894,-0.021331,0.492273,0.734743,-0.031683,0.481464,0.726748,-0.040924,0.482496,0.656058,-0.012742,0.503601,0.614155,-0.024157,0.516177,0.586724,-0.031521,0.526726,0.562543,-0.035984,0.463851,0.647281,-0.016585,0.471241,0.591393,-0.030599,0.478364,0.556533,-0.038885,0.483712,0.527808,-0.042597,0.446742,0.655241,-0.021440,0.468800,0.652287,-0.040137,0.476377,0.690215,-0.043178,0.477229,0.717014,-0.039397,0.434343,0.675563,-0.027311,0.455875,0.680186,-0.039353,0.464164,0.706185,-0.038589,0.466507,0.727296,-0.034428
1780504306.990,left,victory,0.436882,0.776955,0.000000,0.461811,0.770475,-0.011200,0.483375,0.752169,-0.020458,0.493789,0.733102,-0.030737,0.482543,0.727074,-0.039969,0.483274,0.656434,-0.012478,0.504541,0.613887,-0.023811,0.516773,0.586133,-0.031054,0.526876,0.561824,-0.035484,0.464443,0.647831,-0.016620,0.471880,0.592111,-0.030868,0.478770,0.557235,-0.039312,0.483947,0.528678,-0.043140,0.447160,0.655538,-0.021670,0.469318,0.651767,-0.040226,0.477131,0.689297,-0.043183,0.478330,0.716256,-0.039436,0.434658,0.675401,-0.027701,0.456533,0.680526,-0.039490,0.464962,0.706096,-0.038713,0.467527,0.726680,-0.034623
1780504307.143,left,victory,0.436610,0.778216,0.000000,0.461882,0.773262,-0.012711,0.483828,0.755252,-0.022543,0.493626,0.736959,-0.033049,0.482453,0.729247,-0.042424,0.484048,0.658338,-0.013523,0.504947,0.615788,-0.025034,0.517094,0.587999,-0.032452,0.527318,0.563374,-0.036964,0.465019,0.649596,-0.017044,0.471954,0.593171,-0.031403,0.478833,0.557922,-0.039935,0.484159,0.528661,-0.043745,0.447751,0.657463,-0.021622,0.470417,0.655103,-0.040538,0.477664,0.692846,-0.043686,0.478205,0.718803,-0.039948,0.435230,0.677236,-0.027276,0.457298,0.682175,-0.039251,0.464933,0.708323,-0.038357,0.466733,0.728895,-0.034141
1780504307.284,left,victory,0.431644,0.808025,0.000000,0.455943,0.807870,-0.013569,0.474006,0.800515,-0.023285,0.479822,0.793134,-0.033232,0.475640,0.782793,-0.042074,0.473540,0.700496,-0.017434,0.495134,0.641895,-0.029937,0.507428,0.612102,-0.036773,0.517194,0.586754,-0.039798,0.454466,0.691823,-0.019187,0.460193,0.626081,-0.031857,0.466358,0.588807,-0.039089,0.470493,0.561855,-0.041784,0.437267,0.701013,-0.022019,0.449945,0.703003,-0.037634,0.455145,0.730393,-0.041334,0.455327,0.750180,-0.038540,0.424328,0.721547,-0.025861,0.438433,0.731332,-0.034572,0.442566,0.750802,-0.032748,0.440987,0.764799,-0.028178
1780504316.084,left,victory,0.436329,0.848794,0.000000,0.468340,0.837303,-0.011650,0.488391,0.821642,-0.021799,0.487656,0.816082,-0.033721,0.468864,0.819208,-0.044828,0.489022,0.720045,-0.017659,0.509663,0.660203,-0.028851,0.519015,0.625748,-0.034009,0.527264,0.595186,-0.037269,0.463368,0.705509,-0.022368,0.462200,0.644043,-0.039338,0.463884,0.601088,-0.048137,0.464872,0.567510,-0.051291,0.441731,0.712567,-0.027780,0.458711,0.742785,-0.049018,0.466402,0.780604,-0.055462,0.467732,0.801460,-0.053282,0.426895,0.733539,-0.034028,0.446243,0.773403,-0.046472,0.454360,0.799909,-0.047701,0.457581,0.814921,-0.044783
1780504316.157,left,victory,0.434163,0.834668,0.000000,0.463798,0.824425,-0.012524,0.488472,0.805274,-0.022676,0.491701,0.789014,-0.033925,0.475971,0.787778,-0.043963,0.490913,0.708881,-0.015235,0.511795,0.647356,-0.029217,0.523368,0.613197,-0.035546,0.530638,0.582545,-0.038105,0.466945,0.694946,-0.019206,0.468223,0.625477,-0.037274,0.469874,0.584117,-0.046497,0.469006,0.549601,-0.048360,0.445703,0.701299,-0.024209,0.462542,0.729632,-0.045098,0.469590,0.766927,-0.050180,0.470423,0.785709,-0.045847,0.430612,0.721076,-0.030260,0.449347,0.757790,-0.040607,0.457598,0.786098,-0.039504,0.460800,0.800291,-0.034318
1780504316.231,left,victory,0.435756,0.828905,0.000000,0.465667,0.817978,-0.012257,0.490057,0.797943,-0.022033,0.493163,0.780420,-0.033138,0.476948,0.779637,-0.043214,0.490932,0.698734,-0.014676,0.511641,0.639120,-0.028020,0.523091,0.603569,-0.034494,0.530100,0.571975,-0.037256,0.467357,0.685792,-0.019182,0.469916,0.618506,-0.036826,0.469848,0.574620,-0.045998,0.466416,0.539793,-0.047840,0.446604,0.692550,-0.024741,0.464219,0.719712,-0.046370,0.470609,0.759754,-0.052111,0.470331,0.783047,-0.047837,0.431914,0.713088,-0.031309,0.450421,0.746740,-0.042435,0.458697,0.776230,-0.041882,0.461534,0.795170,-0.036794
1780504316.297,left,victory,0.435924,0.818001,0.000000,0.466319,0.804824,-0.011800,0.489564,0.786109,-0.022497,0.494778,0.772130,-0.034823,0.479832,0.773843,-0.046170,0.491170,0.688048,-0.015770,0.510628,0.627995,-0.029929,0.521156,0.592331,-0.036972,0.527922,0.560853,-0.040119,0.466998,0.676882,-0.020817,0.468801,0.611213,-0.039168,0.468085,0.567457,-0.048545,0.464592,0.532538,-0.050652,0.445790,0.683834,-0.026845,0.464763,0.710258,-0.048802,0.471543,0.750749,-0.054034,0.471357,0.775160,-0.049476,0.430729,0.704167,-0.033914,0.450651,0.737291,-0.045160,0.459480,0.767037,-0.044323,0.462794,0.786340,-0.039070
1780504316.362,left,victory,0.437997,0.816591,0.000000,0.468166,0.801432,-0.011494,0.491545,0.777078,-0.020943,0.492345,0.762781,-0.031995,0.474621,0.767720,-0.042204,0.488452,0.683956,-0.015616,0.507136,0.622017,-0.029224,0.517742,0.585299,-0.035681,0.524649,0.553197,-0.038440,0.464245,0.672856,-0.020309,0.465259,0.610145,-0.038704,0.465230,0.565580,-0.047875,0.462372,0.529150,-0.049866,0.443519,0.679547,-0.025970,0.463169,0.709033,-0.048294,0.470647,0.750872,-0.053845,0.470627,0.775741,-0.049308,0.428821,0.699171,-0.032589,0.448991,0.732328,-0.044045,0.457560,0.762005,-0.043438,0.460155,0.781514,-0.038318
1780504316.427,left,victory,0.440076,0.807506,0.000000,0.467894,0.791844,-0.011896,0.489528,0.768517,-0.021669,0.490060,0.752677,-0.032802,0.473911,0.754726,-0.043077,0.487350,0.675082,-0.015826,0.506213,0.612766,-0.029482,0.516697,0.576959,-0.035796,0.522888,0.545723,-0.038197,0.463169,0.665473,-0.020065,0.463034,0.597989,-0.037916,0.461162,0.554027,-0.046900,0.456543,0.519287,-0.048606,0.442309,0.673025,-0.025233,0.459400,0.696116,-0.047105,0.468236,0.735406,-0.052706,0.469976,0.760000,-0.048197,0.427685,0.692437,-0.031299,0.446780,0.721349,-0.042687,0.457095,0.750323,-0.041969,0.461659,0.770419,-0.036633
1780504316.498,left,victory,0.438811,0.799208,0.000000,0.466138,0.784349,-0.013733,0.488243,0.762135,-0.024559,0.490924,0.746021,-0.036375,0.475844,0.747747,-0.047070,0.486387,0.667723,-0.017458,0.504790,0.605992,-0.031499,0.514716,0.570134,-0.038118,0.520417,0.538654,-0.040831,0.462098,0.657840,-0.020993,0.462356,0.591897,-0.039183,0.461282,0.548858,-0.048069,0.457468,0.514541,-0.049806,0.440926,0.665654,-0.025632,0.459202,0.688818,-0.047578,0.467868,0.728809,-0.052529,0.469338,0.753714,-0.047658,0.426192,0.685459,-0.031401,0.445919,0.712696,-0.042566,0.455746,0.740493,-0.041554,0.460007,0.759490,-0.036159
1780504316.566,left,victory,0.439710,0.797203,0.000000,0.466201,0.783672,-0.013149,0.488006,0.761352,-0.023160,0.489981,0.743722,-0.034296,0.474768,0.743274,-0.044395,0.486176,0.662726,-0.015500,0.504538,0.601075,-0.028876,0.514509,0.564781,-0.035512,0.520151,0.532857,-0.038430,0.462165,0.653641,-0.019341,0.462014,0.588407,-0.036859,0.460418,0.545919,-0.045810,0.456033,0.512422,-0.047870,0.441138,0.662930,-0.024320,0.458191,0.681195,-0.045713,0.466731,0.720626,-0.050505,0.468088,0.746144,-0.045838,0.426116,0.684231,-0.030407,0.444676,0.708385,-0.041653,0.453945,0.736013,-0.040629,0.457596,0.755415,-0.035310
1780504316.643,left,victory,0.441336,0.797763,0.000000,0.467526,0.782482,-0.012568,0.488743,0.759584,-0.022344,0.491059,0.743652,-0.033464,0.476178,0.743196,-0.043554,0.486911,0.662906,-0.014936,0.505314,0.602844,-0.028202,0.514784,0.566861,-0.034626,0.519878,0.535193,-0.037388,0.462756,0.653745,-0.019173,0.462148,0.588807,-0.036820,0.460400,0.546592,-0.045634,0.456145,0.512814,-0.047465,0.441742,0.663278,-0.024568,0.460626,0.684493,-0.046534,0.469496,0.725528,-0.051555,0.470816,0.750618,-0.046794,0.426995,0.684972,-0.030995,0.446669,0.711087,-0.042613,0.456049,0.739256,-0.041787,0.459793,0.758505,-0.036549
1780504316.713,left,victory,0.441116,0.797073,0.000000,0.467455,0.782768,-0.012955,0.489217,0.759993,-0.023005,0.490536,0.743110,-0.034208,0.475177,0.742426,-0.044348,0.486474,0.661626,-0.014909,0.504463,0.602501,-0.028116,0.513749,0.566973,-0.034804,0.519142,0.535439,-0.037888,0.462302,0.652906,-0.018888,0.461526,0.588531,-0.036264,0.459964,0.546896,-0.045353,0.456133,0.513179,-0.047611,0.441435,0.662702,-0.023987,0.459479,0.679580,-0.045593,0.468204,0.719832,-0.050417,0.469526,0.745255,-0.045777,0.426644,0.684615,-0.030145,0.446567,0.709042,-0.041775,0.456040,0.737053,-0.040915,0.459588,0.755891,-0.035721
1780504316.790,left,victory,0.441921,0.795970,0.000000,0.467848,0.780459,-0.012741,0.489208,0.755104,-0.022124,0.488735,0.739019,-0.032682,0.473212,0.739669,-0.042202,0.485532,0.659700,-0.014304,0.503405,0.598957,-0.027055,0.512914,0.562755,-0.033215,0.518366,0.530902,-0.035906,0.461206,0.651486,-0.018213,0.460588,0.587182,-0.035209,0.458930,0.545168,-0.043958,0.454763,0.511708,-0.045944,0.440554,0.661161,-0.023319,0.458984,0.678608,-0.044845,0.467901,0.719539,-0.049827,0.469296,0.745645,-0.045195,0.425974,0.682442,-0.029472,0.446307,0.706966,-0.041143,0.456267,0.735657,-0.040524,0.460395,0.755480,-0.035452
1780504316.869,left,victory,0.439862,0.790739,0.000000,0.466236,0.774523,-0.013129,0.487579,0.749903,-0.023079,0.488210,0.734133,-0.034139,0.473275,0.732852,-0.044085,0.484677,0.655596,-0.015320,0.502269,0.595463,-0.028669,0.512077,0.560558,-0.034988,0.518068,0.529667,-0.037606,0.460183,0.647154,-0.018942,0.459102,0.582498,-0.036372,0.457694,0.539985,-0.045175,0.454198,0.505945,-0.047057,0.439258,0.656481,-0.023767,0.457688,0.675795,-0.045712,0.466982,0.716455,-0.050876,0.468999,0.742266,-0.046187,0.424731,0.677513,-0.029641,0.445663,0.704078,-0.041600,0.456379,0.732674,-0.041234,0.461594,0.752407,-0.036224
1780504316.954,left,victory,0.439497,0.790208,0.000000,0.465950,0.773066,-0.012415,0.486691,0.746665,-0.021766,0.486331,0.728674,-0.032240,0.470781,0.726753,-0.041672,0.482947,0.653719,-0.014602,0.500974,0.593748,-0.027446,0.510642,0.558057,-0.033664,0.516633,0.526348,-0.036361,0.458600,0.645645,-0.018401,0.458010,0.581564,-0.035399,0.456170,0.539113,-0.044082,0.452153,0.505272,-0.046078,0.437900,0.654983,-0.023300,0.457007,0.671397,-0.045109,0.465892,0.712686,-0.050138,0.467326,0.739553,-0.045525,0.423625,0.676417,-0.029169,0.444992,0.700617,-0.041570,0.455159,0.730270,-0.041322,0.459562,0.751663,-0.036393
1780504317.033,left,victory,0.439446,0.787366,0.000000,0.464751,0.770785,-0.013230,0.485669,0.745450,-0.023020,0.487249,0.729511,-0.033879,0.472676,0.728783,-0.043649,0.483001,0.651909,-0.014664,0.500719,0.592946,-0.028058,0.510417,0.557909,-0.034596,0.516122,0.527290,-0.037353,0.458851,0.644032,-0.018222,0.457472,0.579695,-0.035569,0.456052,0.537797,-0.044377,0.452403,0.504093,-0.046280,0.438277,0.653192,-0.023100,0.456376,0.673575,-0.045050,0.464714,0.713758,-0.050397,0.465844,0.738008,-0.045936,0.424053,0.673804,-0.029060,0.444809,0.701108,-0.041337,0.453830,0.730941,-0.041161,0.457308,0.750581,-0.036339
1780504317.111,left,victory,0.441012,0.781822,0.000000,0.466336,0.766305,-0.013005,0.487298,0.742705,-0.023187,0.489383,0.727096,-0.034407,0.474471,0.729165,-0.044564,0.483531,0.649640,-0.015651,0.501597,0.590861,-0.029024,0.511581,0.556000,-0.035452,0.517499,0.525593,-0.038240,0.459571,0.640797,-0.019395,0.458881,0.576481,-0.037039,0.457893,0.534972,-0.045930,0.454226,0.501411,-0.047912,0.439144,0.650055,-0.024265,0.458308,0.672535,-0.046344,0.466797,0.711919,-0.051693,0.467741,0.735316,-0.047272,0.425390,0.671230,-0.030139,0.446469,0.697957,-0.042349,0.456025,0.726925,-0.041981,0.460051,0.746664,-0.037083
1780504317.192,left,victory,0.443285,0.774799,0.000000,0.467715,0.761509,-0.014519,0.487954,0.740316,-0.026229,0.492607,0.721549,-0.038754,0.477814,0.720795,-0.050103,0.485929,0.642467,-0.018252,0.502894,0.583775,-0.032705,0.512331,0.548196,-0.040164,0.518031,0.516385,-0.043965,0.462394,0.633167,-0.021760,0.461081,0.569843,-0.040809,0.459516,0.527850,-0.050576,0.455932,0.493181,-0.053355,0.441780,0.643084,-0.026369,0.461664,0.663324,-0.048785,0.469756,0.701052,-0.053341,0.470896,0.723585,-0.048728,0.428052,0.665173,-0.032227,0.449274,0.689695,-0.044788,0.459013,0.717215,-0.044244,0.463529,0.735837,-0.039342
1780504317.269,left,victory,0.447310,0.761518,0.000000,0.473830,0.744623,-0.011126,0.496286,0.718674,-0.020927,0.505111,0.697289,-0.032214,0.492474,0.702129,-0.042411,0.487141,0.628490,-0.015367,0.501886,0.567956,-0.029139,0.510362,0.530082,-0.036645,0.516015,0.497093,-0.040684,0.464617,0.622071,-0.020694,0.466429,0.557682,-0.039102,0.465836,0.513693,-0.048579,0.462799,0.478092,-0.051496,0.445880,0.633388,-0.026793,0.473839,0.642292,-0.047965,0.484079,0.678033,-0.050998,0.485756,0.702087,-0.045719,0.434266,0.657011,-0.034004,0.461016,0.669757,-0.044733,0.471427,0.693137,-0.042642,0.475091,0.711071,-0.037113
1780504317.353,left,victory,0.446826,0.753841,0.000000,0.477848,0.729457,-0.007084,0.499851,0.700191,-0.015568,0.514612,0.678393,-0.026353,0.510817,0.677199,-0.035953,0.481185,0.619118,-0.011344,0.492395,0.557544,-0.023235,0.497402,0.516426,-0.030262,0.499617,0.482229,-0.034591,0.463111,0.621400,-0.019014,0.467845,0.556972,-0.035109,0.468436,0.512694,-0.043400,0.466806,0.474413,-0.046356,0.450781,0.639026,-0.027275,0.486646,0.632225,-0.046290,0.495553,0.665061,-0.047123,0.494809,0.687144,-0.041609,0.447585,0.667378,-0.036527,0.479836,0.663677,-0.046901,0.490547,0.683338,-0.043761,0.493696,0.700708,-0.038032
1780504317.439,left,victory,0.444945,0.757464,0.000000,0.478950,0.711739,0.003555,0.496319,0.673397,-0.002455,0.509766,0.646651,-0.013298,0.519975,0.644635,-0.023155,0.467360,0.608597,0.001478,0.474812,0.560959,-0.006305,0.478228,0.524718,-0.011994,0.477785,0.495908,-0.016827,0.460446,0.618161,-0.010294,0.469758,0.563436,-0.023093,0.472867,0.525009,-0.030606,0.472986,0.489746,-0.034958,0.457843,0.641338,-0.021940,0.496620,0.616144,-0.034610,0.508443,0.645216,-0.031026,0.508396,0.665356,-0.025360,0.463523,0.671969,-0.034003,0.497372,0.650396,-0.039222,0.507825,0.666456,-0.033521,0.508699,0.681463,-0.027952
1780504317.518,left,victory,0.444500,0.757242,0.000000,0.449741,0.694316,0.001508,0.462357,0.641385,-0.001172,0.476970,0.612321,-0.005213,0.488000,0.595355,-0.008469,0.447098,0.609808,-0.007581,0.447717,0.546387,-0.016052,0.446196,0.507504,-0.020810,0.442303,0.474791,-0.023686,0.455063,0.627666,-0.014770,0.469288,0.568041,-0.023743,0.477673,0.533935,-0.028529,0.483791,0.504498,-0.030901,0.465125,0.655685,-0.021638,0.484651,0.621013,-0.032219,0.492979,0.619942,-0.033192,0.496620,0.617252,-0.031259,0.476814,0.687848,-0.028188,0.490427,0.658126,-0.033598,0.497606,0.648424,-0.030777,0.502569,0.638489,-0.027330
1780504317.622,left,victory,0.441701,0.767354,0.000000,0.435302,0.699168,0.002251,0.446596,0.645736,-0.002445,0.468136,0.623625,-0.008956,0.485129,0.619244,-0.015185,0.440700,0.623244,-0.010970,0.440147,0.562046,-0.020297,0.436393,0.524790,-0.025874,0.432616,0.494444,-0.029453,0.457191,0.640197,-0.018975,0.473212,0.578745,-0.028398,0.481960,0.542691,-0.033036,0.488811,0.512950,-0.036022,0.473674,0.664735,-0.026039,0.493327,0.614962,-0.035221,0.488003,0.629117,-0.032382,0.480260,0.645105,-0.028174,0.488752,0.691398,-0.032997,0.500028,0.646634,-0.035727,0.493355,0.655292,-0.028841,0.487199,0.669415,-0.022686
1780504317.725,left,victory,0.440225,0.758497,0.000000,0.432986,0.696454,-0.000431,0.446510,0.644027,-0.005103,0.471533,0.619731,-0.010725,0.489714,0.612191,-0.015826,0.439470,0.620217,-0.011012,0.438924,0.558967,-0.019233,0.435102,0.521172,-0.023667,0.431522,0.490114,-0.026414,0.457077,0.634361,-0.017248,0.471729,0.573728,-0.025315,0.481543,0.538375,-0.029762,0.489405,0.509662,-0.032578,0.473915,0.657708,-0.022781,0.490547,0.616577,-0.031905,0.483722,0.634411,-0.029380,0.475259,0.650703,-0.025182,0.488818,0.683865,-0.028309,0.497223,0.646122,-0.031902,0.489044,0.659203,-0.025314,0.482113,0.674905,-0.019146
1780504317.814,left,victory,0.435937,0.749249,0.000000,0.426069,0.688301,0.000147,0.437760,0.638674,-0.004774,0.460587,0.617871,-0.010214,0.478166,0.612114,-0.015549,0.437099,0.614733,-0.014138,0.436878,0.553885,-0.021942,0.434387,0.514661,-0.026261,0.432596,0.482682,-0.028884,0.456514,0.628794,-0.019333,0.472979,0.567274,-0.025364,0.483472,0.530474,-0.028406,0.492485,0.502193,-0.030558,0.473893,0.651511,-0.023276,0.487666,0.606885,-0.028803,0.479918,0.620882,-0.024677,0.472231,0.636895,-0.020281,0.488226,0.677333,-0.027185,0.494164,0.637094,-0.028221,0.485841,0.647946,-0.020298,0.480039,0.663427,-0.013379
1780504317.894,left,victory,0.431804,0.725667,0.000000,0.427600,0.663895,0.000503,0.445472,0.619548,-0.004939,0.471496,0.603717,-0.010677,0.490721,0.598799,-0.016765,0.451419,0.597090,-0.017993,0.458525,0.532443,-0.025333,0.460665,0.493854,-0.029493,0.462821,0.461967,-0.032142,0.472206,0.615543,-0.022790,0.496744,0.555819,-0.027951,0.514173,0.522381,-0.030714,0.529111,0.498665,-0.032654,0.487710,0.643347,-0.025707,0.501591,0.602740,-0.028339,0.490769,0.610336,-0.023371,0.481086,0.623499,-0.019108,0.497599,0.672621,-0.028619,0.501989,0.636124,-0.028345,0.492266,0.638490,-0.019921,0.484939,0.649821,-0.012636
1780504317.981,left,victory,0.425761,0.685705,0.000000,0.435852,0.619257,0.003509,0.462819,0.584533,-0.001000,0.489672,0.582176,-0.006646,0.508305,0.588294,-0.012951,0.475379,0.563600,-0.015408,0.494703,0.512634,-0.023253,0.507846,0.480177,-0.028078,0.519963,0.455473,-0.031058,0.489212,0.596169,-0.022280,0.528586,0.559744,-0.029953,0.554895,0.540350,-0.033964,0.576736,0.530230,-0.035870,0.497800,0.634937,-0.026827,0.520065,0.613762,-0.030461,0.505538,0.616383,-0.023929,0.492888,0.623194,-0.017832,0.501138,0.672815,-0.031218,0.514713,0.645050,-0.029043,0.503038,0.643873,-0.017573,0.493642,0.651372,-0.007984
1780504318.069,left,victory,0.417465,0.613240,0.000001,0.448262,0.557977,0.005017,0.485447,0.554140,-0.000178,0.510221,0.584580,-0.007056,0.523260,0.609419,-0.014605,0.505976,0.555735,-0.017831,0.546790,0.538926,-0.025873,0.573069,0.528336,-0.031475,0.595161,0.525256,-0.035918,0.506438,0.597281,-0.026285,0.553768,0.626253,-0.036022,0.583903,0.644985,-0.039797,0.608006,0.662178,-0.042499,0.499569,0.635067,-0.032247,0.526278,0.648961,-0.034099,0.513627,0.633250,-0.026716,0.501713,0.622499,-0.022247,0.486210,0.662646,-0.038580,0.504126,0.664808,-0.036132,0.494102,0.650462,-0.026292,0.483354,0.643943,-0.019164
1780504318.155,left,victory,0.426234,0.559265,0.000000,0.467842,0.538106,0.001965,0.503119,0.567349,-0.004204,0.518015,0.617708,-0.011825,0.524845,0.655678,-0.019596,0.519501,0.571739,-0.016835,0.562135,0.590396,-0.025294,0.588362,0.601670,-0.031036,0.609521,0.613279,-0.035477,0.510756,0.611789,-0.023425,0.546771,0.670855,-0.031301,0.570780,0.710956,-0.034709,0.588990,0.745108,-0.037961,0.496553,0.643708,-0.028302,0.521615,0.675368,-0.029465,0.514122,0.654818,-0.021980,0.504438,0.638981,-0.017581,0.480911,0.664088,-0.033849,0.499982,0.673905,-0.030990,0.495226,0.653475,-0.021654,0.487577,0.639333,-0.015167
1780504318.245,left,victory,0.443749,0.528671,0.000001,0.484828,0.537121,0.001179,0.508932,0.586627,-0.005416,0.507467,0.645001,-0.012894,0.501553,0.683981,-0.020563,0.520402,0.604555,-0.021716,0.559706,0.653197,-0.029643,0.583483,0.679312,-0.034047,0.601299,0.702661,-0.037319,0.502661,0.634202,-0.027336,0.524144,0.715856,-0.035999,0.537828,0.769009,-0.039113,0.546074,0.814057,-0.041828,0.483669,0.652038,-0.030726,0.500734,0.697178,-0.032106,0.500408,0.671051,-0.024455,0.495387,0.650663,-0.019663,0.467438,0.657417,-0.034722,0.483667,0.678941,-0.031351,0.485180,0.657655,-0.021498,0.481375,0.642495,-0.014586
1780504318.319,left,victory,0.449385,0.532903,0.000000,0.489217,0.545604,0.000628,0.509254,0.592855,-0.005390,0.505721,0.643763,-0.011318,0.498005,0.679220,-0.017346,0.518083,0.614278,-0.024798,0.553765,0.674382,-0.032795,0.575285,0.707139,-0.035817,0.591822,0.733547,-0.037541,0.498108,0.642634,-0.028179,0.515450,0.730039,-0.033700,0.524444,0.785404,-0.035290,0.528248,0.829948,-0.036899,0.477935,0.657183,-0.029052,0.491472,0.702087,-0.029281,0.493416,0.677171,-0.022265,0.489957,0.654764,-0.017542,0.461278,0.662217,-0.030147,0.472792,0.678618,-0.027231,0.474337,0.659209,-0.018640,0.470886,0.645467,-0.011995
1780504318.402,left,victory,0.453710,0.538948,0.000000,0.492777,0.559252,0.000732,0.508662,0.611216,-0.005341,0.501956,0.661370,-0.011092,0.492262,0.693578,-0.016996,0.516557,0.634672,-0.024721,0.548432,0.698336,-0.032804,0.568369,0.734560,-0.036455,0.584059,0.763423,-0.038760,0.494462,0.659492,-0.027935,0.505349,0.748685,-0.033305,0.511373,0.805944,-0.035281,0.514250,0.849592,-0.037234,0.473415,0.669108,-0.028609,0.486400,0.710005,-0.028687,0.487936,0.687533,-0.022073,0.484366,0.666122,-0.017608,0.456459,0.670330,-0.029403,0.469241,0.686062,-0.026683,0.471991,0.665416,-0.018277,0.468891,0.649696,-0.011695
1780504318.482,left,victory,0.457730,0.540548,0.000000,0.496077,0.563507,0.000246,0.511458,0.614340,-0.005355,0.505324,0.659522,-0.010993,0.495145,0.689914,-0.016724,0.515802,0.640990,-0.022458,0.547590,0.705893,-0.031924,0.566539,0.743202,-0.036167,0.580713,0.772097,-0.038308,0.494242,0.664929,-0.025665,0.505328,0.755167,-0.032645,0.510876,0.810284,-0.035503,0.513034,0.851251,-0.037195,0.473566,0.672921,-0.026636,0.486738,0.715185,-0.028128,0.488973,0.692846,-0.021851,0.486543,0.671301,-0.016870,0.456865,0.671459,-0.027822,0.469380,0.684925,-0.025957,0.472316,0.664309,-0.017756,0.470107,0.648601,-0.010719
1780504318.565,left,victory,0.462540,0.538331,0.000000,0.499838,0.564789,-0.000787,0.514666,0.615362,-0.007058,0.505634,0.659781,-0.013537,0.491666,0.688542,-0.019798,0.520230,0.644787,-0.021062,0.550211,0.709263,-0.030452,0.568448,0.746019,-0.034561,0.582043,0.774180,-0.036670,0.498214,0.667123,-0.024576,0.506827,0.754689,-0.032051,0.511122,0.807979,-0.035252,0.512197,0.847803,-0.037014,0.477193,0.673537,-0.026187,0.486141,0.714768,-0.028720,0.488236,0.692657,-0.022961,0.486543,0.671033,-0.018048,0.459696,0.670613,-0.028227,0.467546,0.681265,-0.026626,0.469880,0.661909,-0.018562,0.468198,0.646552,-0.011549
1780504318.649,left,victory,0.466968,0.532543,0.000000,0.503931,0.560192,-0.001721,0.518166,0.611958,-0.008367,0.508834,0.656129,-0.014772,0.495485,0.684689,-0.021087,0.521949,0.641395,-0.023328,0.551794,0.707379,-0.032939,0.569346,0.744977,-0.037374,0.582507,0.774931,-0.039763,0.499178,0.662347,-0.025982,0.507106,0.750490,-0.032959,0.509782,0.804442,-0.035471,0.509681,0.845896,-0.036926,0.478280,0.667019,-0.026769,0.488620,0.708048,-0.028936,0.492112,0.686924,-0.023251,0.491017,0.665882,-0.018577,0.461565,0.662505,-0.027998,0.471079,0.676260,-0.026597,0.474376,0.657584,-0.018843,0.473062,0.642327,-0.012139
1780504318.736,left,victory,0.468515,0.531982,0.000000,0.504765,0.561529,-0.000821,0.516093,0.615404,-0.006793,0.505218,0.660795,-0.012440,0.490867,0.688869,-0.017967,0.521135,0.644211,-0.023345,0.550413,0.711220,-0.032478,0.567669,0.749322,-0.036725,0.580357,0.779697,-0.039226,0.497394,0.663034,-0.025940,0.504913,0.751786,-0.033155,0.506394,0.807182,-0.036517,0.504439,0.849117,-0.038837,0.475869,0.664887,-0.026297,0.484541,0.706601,-0.027868,0.488731,0.685098,-0.021562,0.488022,0.664965,-0.016740,0.459189,0.658814,-0.026940,0.469034,0.672838,-0.024731,0.473373,0.652340,-0.016285,0.472314,0.637561,-0.009372
1780504318.827,left,victory,0.469438,0.533987,0.000000,0.504237,0.565264,-0.001896,0.513502,0.620893,-0.008452,0.499802,0.665787,-0.014533,0.484528,0.691818,-0.020629,0.517556,0.653087,-0.023841,0.545392,0.720852,-0.032749,0.560967,0.759873,-0.037032,0.572181,0.791808,-0.039580,0.493272,0.669969,-0.026250,0.499475,0.756840,-0.032710,0.498896,0.810733,-0.035207,0.494856,0.852858,-0.036919,0.471985,0.669193,-0.026593,0.480522,0.705659,-0.027877,0.486684,0.685097,-0.021647,0.486973,0.665270,-0.016981,0.456177,0.660227,-0.027376,0.466542,0.674138,-0.025187,0.471086,0.656373,-0.016448,0.469836,0.642869,-0.009409
1780504318.917,left,victory,0.468134,0.534426,0.000000,0.502206,0.567733,-0.001211,0.511090,0.623289,-0.006982,0.498473,0.668012,-0.012594,0.484158,0.695282,-0.018172,0.514177,0.654903,-0.021260,0.541272,0.723022,-0.030428,0.557085,0.763244,-0.034939,0.568788,0.795954,-0.037548,0.490960,0.672054,-0.023963,0.495833,0.758767,-0.030228,0.494539,0.812510,-0.032707,0.490353,0.854751,-0.034303,0.470439,0.672000,-0.024844,0.478691,0.709573,-0.026122,0.483738,0.688996,-0.020109,0.483745,0.668606,-0.015450,0.454660,0.663487,-0.026191,0.465084,0.676209,-0.024193,0.469461,0.658133,-0.016068,0.468538,0.643430,-0.009335
1780504319.001,left,victory,0.470872,0.530827,0.000000,0.503886,0.567218,-0.002323,0.511313,0.623032,-0.008694,0.496983,0.665480,-0.014805,0.481713,0.692604,-0.020616,0.515881,0.653209,-0.021414,0.540285,0.724647,-0.030643,0.554061,0.765531,-0.034886,0.564232,0.799164,-0.037205,0.492078,0.667269,-0.023759,0.493132,0.752744,-0.031075,0.489348,0.805741,-0.034017,0.483916,0.847792,-0.035596,0.471546,0.665641,-0.024430,0.479969,0.701350,-0.027319,0.485303,0.680503,-0.022071,0.486063,0.661129,-0.017479,0.455900,0.656462,-0.025584,0.465387,0.670825,-0.024433,0.469920,0.653047,-0.016697,0.469609,0.639112,-0.010093
1780504319.088,left,victory,0.476032,0.518589,0.000000,0.508952,0.559347,0.000901,0.515666,0.616260,-0.004009,0.502468,0.658385,-0.008984,0.486956,0.684951,-0.013700,0.518700,0.644586,-0.019025,0.539834,0.718316,-0.027516,0.553255,0.761094,-0.032086,0.562805,0.795756,-0.034909,0.494834,0.654852,-0.022079,0.491810,0.742270,-0.027548,0.487373,0.795240,-0.029520,0.481661,0.836601,-0.031172,0.474375,0.652389,-0.023252,0.478901,0.704927,-0.024420,0.485876,0.685518,-0.018184,0.487433,0.663365,-0.013442,0.458714,0.643961,-0.024648,0.467116,0.671190,-0.022874,0.473774,0.655654,-0.015232,0.474092,0.641458,-0.008869
1780504319.176,left,victory,0.480234,0.510066,0.000000,0.512980,0.550985,0.000473,0.520123,0.606564,-0.005460,0.506950,0.646773,-0.011397,0.490949,0.670895,-0.017259,0.520423,0.638804,-0.022248,0.539873,0.711303,-0.031710,0.553209,0.754229,-0.036884,0.562324,0.788525,-0.040157,0.496498,0.645705,-0.025788,0.490837,0.732278,-0.032626,0.485437,0.785204,-0.034836,0.478299,0.825845,-0.036640,0.476072,0.640689,-0.027268,0.476995,0.697801,-0.029290,0.485219,0.678619,-0.022274,0.487662,0.655822,-0.016985,0.460482,0.629992,-0.028976,0.467663,0.664463,-0.027746,0.475227,0.650045,-0.019354,0.476031,0.635055,-0.012389
1780504319.270,left,victory,0.488928,0.483087,0.000000,0.515972,0.532471,-0.002257,0.519786,0.592636,-0.009402,0.505147,0.633676,-0.016707,0.489520,0.654784,-0.023655,0.521693,0.613499,-0.023952,0.535181,0.688184,-0.034012,0.546051,0.730883,-0.038891,0.554208,0.765614,-0.042097,0.497633,0.610741,-0.028326,0.487000,0.690364,-0.038693,0.479325,0.738883,-0.041707,0.470788,0.777098,-0.043822,0.476360,0.601670,-0.031238,0.470595,0.672874,-0.039256,0.480249,0.657877,-0.034432,0.485278,0.634793,-0.029468,0.459504,0.591873,-0.034382,0.462188,0.649772,-0.037962,0.473931,0.642549,-0.031966,0.480016,0.627212,-0.026395
1780504319.351,left,victory,0.479694,0.461334,0.000000,0.490268,0.530166,-0.000632,0.487034,0.590972,-0.009552,0.472581,0.625093,-0.019227,0.460409,0.635256,-0.028397,0.519291,0.595058,-0.025838,0.532750,0.662074,-0.041301,0.543868,0.700691,-0.050722,0.556244,0.732794,-0.057381,0.514148,0.564071,-0.035245,0.507907,0.621272,-0.055365,0.502861,0.645818,-0.063519,0.501272,0.662760,-0.067751,0.501893,0.535446,-0.043614,0.482006,0.595480,-0.060585,0.465625,0.622028,-0.062814,0.456239,0.639668,-0.062321,0.485135,0.512320,-0.051776,0.470921,0.566501,-0.060727,0.461237,0.591546,-0.059756,0.455105,0.612131,-0.058544
1780504319.456,left,victory,0.464490,0.471460,0.000000,0.472356,0.533556,-0.003312,0.475145,0.585322,-0.015610,0.462600,0.616706,-0.030440,0.455702,0.616787,-0.044067,0.510569,0.599560,-0.023505,0.530577,0.658324,-0.039836,0.545296,0.690585,-0.050910,0.559496,0.717906,-0.059560,0.514130,0.566298,-0.033845,0.518878,0.604990,-0.056155,0.524001,0.627467,-0.065801,0.530305,0.644042,-0.071383,0.506993,0.536020,-0.043740,0.477881,0.596393,-0.060963,0.461651,0.607931,-0.059667,0.457310,0.604581,-0.056780,0.492703,0.511407,-0.054702,0.463796,0.570935,-0.064361,0.455298,0.581924,-0.061995,0.456570,0.582260,-0.059223
1780504319.562,left,victory,0.465089,0.483121,0.000000,0.464635,0.542594,-0.008097,0.465643,0.579213,-0.019703,0.457657,0.600936,-0.032917,0.456288,0.612248,-0.044693,0.508752,0.609945,-0.022236,0.532329,0.666063,-0.035894,0.546380,0.696727,-0.042781,0.559265,0.719851,-0.047168,0.516702,0.572469,-0.028567,0.532810,0.597914,-0.048123,0.547083,0.610045,-0.057015,0.558629,0.617092,-0.060241,0.513394,0.536981,-0.034901,0.489422,0.571446,-0.053619,0.469411,0.590299,-0.057337,0.457607,0.601417,-0.055304,0.501470,0.508357,-0.042013,0.472613,0.546026,-0.052997,0.456379,0.567276,-0.053490,0.447513,0.582471,-0.050866
1780504319.682,left,victory,0.460043,0.480975,0.000000,0.460281,0.529658,-0.012653,0.465817,0.565411,-0.022241,0.475375,0.584347,-0.032751,0.489326,0.588738,-0.041617,0.510029,0.601415,-0.017768,0.531381,0.658114,-0.031728,0.545445,0.689451,-0.038819,0.558938,0.712830,-0.042384,0.523266,0.567035,-0.021044,0.549788,0.595967,-0.039895,0.569323,0.613032,-0.049371,0.585115,0.622994,-0.052353,0.526789,0.532082,-0.025277,0.507767,0.559796,-0.046070,0.486604,0.566161,-0.050141,0.474351,0.565921,-0.046399,0.521674,0.501320,-0.030676,0.500449,0.525928,-0.043035,0.483998,0.540883,-0.043600,0.473005,0.548989,-0.039857
1780504319.781,left,victory,0.460727,0.475734,0.000000,0.458464,0.517876,-0.014783,0.461223,0.553046,-0.027122,0.465920,0.569814,-0.040131,0.468659,0.576644,-0.051644,0.506294,0.600795,-0.019012,0.526253,0.657868,-0.034484,0.539386,0.689580,-0.042617,0.551882,0.712890,-0.046497,0.520099,0.568327,-0.021889,0.551216,0.605578,-0.040050,0.570709,0.629430,-0.048911,0.587258,0.645916,-0.051251,0.524436,0.533447,-0.026091,0.511108,0.561481,-0.047073,0.490361,0.560471,-0.050543,0.478337,0.552588,-0.045714,0.520563,0.503314,-0.031615,0.501407,0.530695,-0.043657,0.484859,0.538374,-0.042680,0.475101,0.538078,-0.037540
1780504319.896,left,victory,0.460257,0.486756,0.000000,0.457394,0.530825,-0.013853,0.461399,0.569890,-0.024045,0.473504,0.579878,-0.034660,0.485865,0.568861,-0.043830,0.505893,0.608721,-0.016793,0.525842,0.663451,-0.031213,0.538483,0.694500,-0.038622,0.550941,0.716785,-0.042060,0.521129,0.576911,-0.019804,0.551619,0.614969,-0.037764,0.571359,0.638761,-0.046872,0.589162,0.653344,-0.049231,0.526402,0.541565,-0.024058,0.513084,0.568697,-0.045527,0.492305,0.567717,-0.049979,0.481379,0.561495,-0.045687,0.523009,0.509635,-0.029375,0.504365,0.534516,-0.041865,0.487318,0.541683,-0.041355,0.477314,0.543313,-0.036562
1780504320.052,left,victory,0.460687,0.488297,0.000000,0.457256,0.531338,-0.014357,0.459707,0.570647,-0.025586,0.468907,0.584799,-0.037226,0.479996,0.574479,-0.047390,0.505737,0.612385,-0.017267,0.524215,0.666974,-0.032030,0.536004,0.697986,-0.040042,0.547990,0.720403,-0.043975,0.520567,0.581523,-0.020253,0.551148,0.621035,-0.038054,0.570779,0.645995,-0.047252,0.588531,0.661580,-0.049895,0.525612,0.546574,-0.024519,0.513759,0.576764,-0.045494,0.492938,0.576805,-0.049696,0.481530,0.570328,-0.045533,0.522124,0.515060,-0.029936,0.503109,0.542267,-0.042021,0.486285,0.547827,-0.041326,0.476930,0.546731,-0.036621
1780504320.161,left,victory,0.459043,0.488130,0.000000,0.455845,0.531599,-0.013873,0.458603,0.571855,-0.024341,0.466650,0.585069,-0.035213,0.475462,0.575440,-0.044744,0.503025,0.614745,-0.016220,0.520482,0.667849,-0.029956,0.532099,0.696898,-0.037307,0.543787,0.718235,-0.040843,0.518004,0.584163,-0.019153,0.547556,0.623658,-0.035958,0.566667,0.648926,-0.044696,0.583897,0.665268,-0.047163,0.523218,0.549266,-0.023393,0.510498,0.577338,-0.044054,0.490287,0.573319,-0.048751,0.479827,0.563886,-0.044896,0.520091,0.517877,-0.028717,0.501774,0.544983,-0.041003,0.484429,0.549093,-0.040774,0.474224,0.546834,-0.036366
1780504320.282,left,victory,0.457006,0.485535,0.000000,0.453446,0.525993,-0.014191,0.455882,0.564829,-0.025415,0.462375,0.580757,-0.037224,0.469278,0.576144,-0.047533,0.499994,0.610786,-0.015907,0.517002,0.665203,-0.030004,0.527911,0.695721,-0.037631,0.538499,0.717911,-0.041337,0.514156,0.581493,-0.018932,0.544392,0.623365,-0.036363,0.563031,0.650045,-0.045365,0.579923,0.668017,-0.047971,0.519467,0.548336,-0.023382,0.507636,0.578267,-0.044443,0.487434,0.574768,-0.048862,0.476766,0.564817,-0.044835,0.516590,0.518458,-0.028994,0.498058,0.546622,-0.041586,0.480899,0.550919,-0.041376,0.471104,0.547714,-0.037010
1780504320.416,left,victory,0.458718,0.491348,0.000000,0.454987,0.534501,-0.013865,0.458056,0.572841,-0.024194,0.467042,0.587186,-0.034913,0.476752,0.578090,-0.044173,0.500018,0.614971,-0.015653,0.516395,0.668622,-0.029399,0.527768,0.698150,-0.036717,0.539405,0.719122,-0.040267,0.515225,0.586653,-0.018532,0.543766,0.629523,-0.035575,0.561981,0.656211,-0.044064,0.578484,0.672783,-0.046253,0.521249,0.553075,-0.022766,0.509777,0.581687,-0.043622,0.489154,0.579469,-0.047728,0.477431,0.571462,-0.043363,0.519199,0.521831,-0.028082,0.501928,0.547948,-0.040165,0.485299,0.553040,-0.039495,0.475037,0.552000,-0.034815
1780504320.653,left,victory,0.459854,0.489085,0.000000,0.457056,0.531082,-0.012995,0.460396,0.567857,-0.023048,0.468715,0.579730,-0.033623,0.477768,0.574592,-0.042905,0.500380,0.610913,-0.015577,0.515888,0.665234,-0.029108,0.526462,0.694545,-0.036439,0.537104,0.715959,-0.039976,0.515527,0.582168,-0.018662,0.543712,0.624768,-0.035301,0.561334,0.651654,-0.043958,0.577130,0.669115,-0.046484,0.521737,0.548584,-0.022997,0.510630,0.577365,-0.043541,0.490704,0.575947,-0.048366,0.479582,0.568295,-0.044845,0.520058,0.517469,-0.028290,0.501965,0.543647,-0.040769,0.485244,0.550326,-0.040959,0.474848,0.550841,-0.036998
1780504320.761,left,victory,0.461957,0.486431,0.000000,0.458348,0.528465,-0.013091,0.461046,0.565488,-0.023341,0.469482,0.579480,-0.034084,0.479952,0.576806,-0.043447,0.500330,0.609872,-0.014941,0.513906,0.663151,-0.028515,0.523139,0.693124,-0.036239,0.533315,0.714599,-0.040078,0.515527,0.582697,-0.017878,0.541739,0.626950,-0.034191,0.558322,0.654766,-0.042714,0.574216,0.673031,-0.045186,0.521780,0.550438,-0.022112,0.508484,0.579076,-0.041662,0.489378,0.574075,-0.045588,0.480257,0.564221,-0.041709,0.519940,0.520621,-0.027412,0.500523,0.546057,-0.038971,0.483986,0.548761,-0.038296,0.475086,0.545579,-0.033844
1780504320.867,left,victory,0.470202,0.480533,0.000000,0.462951,0.524298,-0.012508,0.463047,0.561626,-0.023022,0.468139,0.578938,-0.034320,0.473507,0.580267,-0.044369,0.500546,0.612836,-0.013538,0.509190,0.667941,-0.027204,0.517255,0.700544,-0.035565,0.526088,0.724642,-0.040038,0.515543,0.590541,-0.017092,0.537334,0.640867,-0.032684,0.552602,0.672911,-0.040875,0.566829,0.695409,-0.043395,0.521852,0.560912,-0.022011,0.507029,0.595228,-0.041036,0.488194,0.584852,-0.043646,0.479282,0.569724,-0.038893,0.519952,0.531919,-0.028053,0.501130,0.559484,-0.039210,0.486190,0.556986,-0.037424,0.478829,0.547328,-0.032212
1780504320.986,left,victory,0.476466,0.481630,0.000000,0.468989,0.523858,-0.011968,0.468361,0.557653,-0.021928,0.471954,0.575352,-0.032850,0.477289,0.580772,-0.042433,0.502524,0.612128,-0.013798,0.511348,0.669048,-0.027113,0.518749,0.701512,-0.035165,0.527003,0.726332,-0.039442,0.517041,0.591445,-0.017601,0.539402,0.643246,-0.033108,0.553943,0.674864,-0.041628,0.567144,0.696938,-0.044574,0.524316,0.562600,-0.022681,0.514384,0.595470,-0.041744,0.495264,0.588482,-0.044899,0.484850,0.576157,-0.040698,0.524343,0.532949,-0.028783,0.510162,0.558703,-0.039892,0.495439,0.562344,-0.038599,0.486481,0.558584,-0.033924
1780504321.080,left,victory,0.479078,0.486330,0.000000,0.471262,0.526010,-0.009832,0.470182,0.562862,-0.018969,0.472523,0.582285,-0.029494,0.477032,0.582689,-0.038625,0.503748,0.615633,-0.011740,0.511692,0.670777,-0.024277,0.518430,0.702923,-0.031766,0.526166,0.727749,-0.036015,0.518682,0.594932,-0.016729,0.539752,0.647170,-0.032744,0.553597,0.679466,-0.041554,0.566645,0.702436,-0.044759,0.526224,0.565960,-0.022675,0.512755,0.601736,-0.041529,0.493940,0.589536,-0.043465,0.485215,0.574112,-0.038611,0.525659,0.537071,-0.029551,0.506663,0.564644,-0.040618,0.491233,0.561129,-0.038679,0.484018,0.551677,-0.033593
1780504321.223,left,victory,0.477571,0.486363,0.000000,0.467700,0.526754,-0.009081,0.466149,0.568072,-0.017591,0.468595,0.592002,-0.027703,0.472410,0.593054,-0.036575,0.499293,0.616794,-0.010489,0.505115,0.673026,-0.022864,0.510694,0.705744,-0.030209,0.517659,0.730885,-0.034287,0.514898,0.598058,-0.015640,0.533578,0.653972,-0.031423,0.546436,0.689621,-0.039587,0.559073,0.715331,-0.042215,0.522566,0.571660,-0.021806,0.506659,0.612116,-0.040649,0.486903,0.596728,-0.041891,0.477595,0.578815,-0.036323,0.521932,0.544533,-0.028869,0.500926,0.575676,-0.039803,0.486011,0.569062,-0.037425,0.479304,0.556596,-0.031962
1780504321.386,left,victory,0.482009,0.484288,0.000000,0.471572,0.526159,-0.009122,0.468472,0.565155,-0.018338,0.469260,0.588774,-0.029160,0.474122,0.589273,-0.038726,0.502132,0.615683,-0.011211,0.505364,0.673887,-0.023540,0.510570,0.707312,-0.031014,0.517541,0.733167,-0.035329,0.517051,0.597849,-0.016557,0.532219,0.655316,-0.032107,0.544522,0.689793,-0.040311,0.556734,0.713919,-0.043269,0.524770,0.572214,-0.022854,0.507702,0.613554,-0.040796,0.490250,0.597136,-0.041709,0.483071,0.579194,-0.036482,0.524061,0.546602,-0.030138,0.503532,0.577584,-0.040379,0.489630,0.569923,-0.037798,0.483866,0.556920,-0.032447
1780504321.543,left,victory,0.486162,0.481964,0.000000,0.475284,0.523312,-0.009765,0.471619,0.563470,-0.018491,0.472936,0.586567,-0.028402,0.480137,0.588872,-0.037039,0.504021,0.612596,-0.011251,0.506249,0.670366,-0.023394,0.510525,0.704268,-0.030905,0.516746,0.730562,-0.035164,0.519786,0.596058,-0.016046,0.535504,0.654547,-0.031089,0.546486,0.688765,-0.039168,0.557724,0.713963,-0.041963,0.528194,0.571719,-0.021914,0.508688,0.611831,-0.040012,0.492155,0.594542,-0.041661,0.486629,0.577483,-0.036895,0.527937,0.547229,-0.028744,0.506882,0.577459,-0.039566,0.492852,0.569647,-0.037546,0.487093,0.557738,-0.032549
1780504321.653,left,victory,0.486159,0.474674,0.000000,0.474211,0.512416,-0.007547,0.469504,0.554532,-0.015499,0.468265,0.581153,-0.025264,0.474783,0.582558,-0.033888,0.502092,0.608701,-0.008511,0.502017,0.664113,-0.020484,0.504547,0.697845,-0.028057,0.508959,0.724855,-0.032520,0.517403,0.593212,-0.014644,0.530009,0.652822,-0.029837,0.539431,0.689581,-0.037881,0.549904,0.717451,-0.040837,0.524819,0.569595,-0.021754,0.504928,0.611593,-0.039808,0.487853,0.589748,-0.040491,0.482287,0.569160,-0.035246,0.523185,0.544361,-0.029739,0.499251,0.576261,-0.040579,0.486770,0.562172,-0.038023,0.483846,0.544711,-0.032822
1780504321.798,left,victory,0.491309,0.479352,0.000000,0.478164,0.517967,-0.009789,0.472861,0.555147,-0.018809,0.472742,0.578194,-0.029072,0.481128,0.584642,-0.038063,0.503377,0.609805,-0.012178,0.502724,0.666330,-0.024286,0.504866,0.699690,-0.031739,0.509253,0.726736,-0.035940,0.518781,0.595258,-0.016875,0.531831,0.654966,-0.031306,0.540832,0.690313,-0.039025,0.550579,0.717062,-0.041864,0.527501,0.572911,-0.022595,0.507408,0.611306,-0.040465,0.490747,0.592213,-0.042199,0.485344,0.573549,-0.037709,0.527645,0.549294,-0.029280,0.505185,0.577178,-0.040427,0.490865,0.567692,-0.038876,0.485077,0.553575,-0.034262
1780504321.939,left,victory,0.492237,0.482098,0.000000,0.479332,0.518767,-0.008533,0.473373,0.557860,-0.016964,0.471963,0.582407,-0.026913,0.479591,0.584380,-0.035656,0.504797,0.612162,-0.010678,0.504104,0.666057,-0.022611,0.506655,0.698931,-0.030082,0.511325,0.725579,-0.034564,0.519877,0.597723,-0.016328,0.531524,0.656329,-0.031702,0.540365,0.692457,-0.040090,0.549966,0.719827,-0.043357,0.528009,0.574652,-0.022846,0.508053,0.612509,-0.041219,0.492225,0.591695,-0.042504,0.487354,0.572756,-0.037678,0.527326,0.550037,-0.030243,0.504887,0.578203,-0.041507,0.491689,0.566331,-0.039519,0.487232,0.551355,-0.034683
1780504322.079,left,victory,0.494954,0.481425,0.000000,0.481180,0.517523,-0.007443,0.475529,0.554210,-0.015955,0.472293,0.578253,-0.026335,0.472703,0.588723,-0.035561,0.502366,0.612828,-0.009857,0.500808,0.667822,-0.022021,0.501856,0.700892,-0.029161,0.505379,0.727076,-0.033096,0.517090,0.599760,-0.015790,0.525823,0.661603,-0.031003,0.533921,0.698547,-0.038716,0.543421,0.725607,-0.041260,0.525420,0.577728,-0.022639,0.505084,0.615106,-0.040890,0.488253,0.595423,-0.041955,0.481922,0.575920,-0.036732,0.525740,0.553095,-0.030225,0.502976,0.581467,-0.041023,0.489773,0.570275,-0.038609,0.485326,0.554613,-0.033332
1780504322.244,left,victory,0.498943,0.481610,0.000000,0.484379,0.521560,-0.004597,0.477973,0.558831,-0.012132,0.472886,0.582478,-0.022153,0.470000,0.593297,-0.031070,0.505657,0.611139,-0.008225,0.501963,0.667152,-0.020126,0.502977,0.700889,-0.027351,0.507274,0.727672,-0.031707,0.519207,0.599074,-0.015831,0.525624,0.660934,-0.031289,0.532826,0.698146,-0.039403,0.542030,0.725868,-0.042483,0.526346,0.578440,-0.024016,0.502077,0.615415,-0.041825,0.485471,0.594492,-0.042028,0.480416,0.574806,-0.036541,0.525440,0.555168,-0.032816,0.501036,0.581929,-0.043067,0.488591,0.570308,-0.040119,0.485624,0.554932,-0.034662
1780504322.381,left,victory,0.509062,0.482613,0.000000,0.493529,0.523484,-0.003780,0.486681,0.557506,-0.010878,0.480719,0.576903,-0.020294,0.478927,0.591134,-0.028493,0.512757,0.608793,-0.009046,0.512099,0.663938,-0.020224,0.514163,0.696704,-0.026637,0.518611,0.721988,-0.030250,0.525685,0.596256,-0.016191,0.529718,0.656190,-0.030423,0.535432,0.692549,-0.037824,0.542896,0.718637,-0.040624,0.532197,0.576305,-0.023717,0.506660,0.609495,-0.039554,0.491567,0.592979,-0.040097,0.487126,0.576552,-0.035532,0.530806,0.553256,-0.031775,0.505082,0.575733,-0.040418,0.492025,0.568664,-0.037837,0.487757,0.558205,-0.033064
1780504322.504,left,victory,0.540101,0.469549,0.000000,0.521082,0.520113,0.001528,0.511181,0.561062,-0.004865,0.501841,0.583010,-0.014227,0.496388,0.591503,-0.022867,0.540229,0.599269,-0.009962,0.535615,0.653445,-0.021382,0.537329,0.688307,-0.029436,0.541944,0.716639,-0.035524,0.544547,0.584066,-0.019771,0.535891,0.637294,-0.036619,0.536656,0.675658,-0.046927,0.540599,0.707167,-0.053428,0.542814,0.561304,-0.028635,0.512076,0.600327,-0.042745,0.499209,0.584841,-0.039930,0.497153,0.570479,-0.035166,0.534196,0.536842,-0.037834,0.509102,0.567654,-0.044628,0.499279,0.562363,-0.039745,0.497487,0.555522,-0.034803
1780504322.642,left,victory,0.556031,0.467127,0.000000,0.554036,0.520340,0.005840,0.542683,0.565269,0.001012,0.525226,0.585490,-0.007106,0.510976,0.594168,-0.014732,0.560098,0.591892,-0.010158,0.556409,0.649677,-0.020926,0.556351,0.683226,-0.027446,0.558771,0.712196,-0.032065,0.555517,0.578312,-0.020841,0.546884,0.634423,-0.035869,0.545967,0.671143,-0.044464,0.549128,0.700025,-0.050067,0.547726,0.557201,-0.030085,0.522210,0.605565,-0.042127,0.508661,0.595005,-0.039989,0.506164,0.582810,-0.036062,0.535986,0.535886,-0.038998,0.516165,0.575522,-0.044387,0.506188,0.578325,-0.040840,0.502976,0.577496,-0.037093
1780504322.760,left,victory,0.565595,0.472455,0.000000,0.575784,0.522562,0.005272,0.569012,0.571911,0.001001,0.552263,0.595313,-0.005458,0.536542,0.605367,-0.011063,0.579708,0.589187,-0.013202,0.580555,0.651548,-0.023601,0.584996,0.686598,-0.028840,0.590814,0.713235,-0.031834,0.569428,0.577010,-0.022377,0.562543,0.642684,-0.036533,0.562955,0.681948,-0.042052,0.566494,0.711818,-0.044765,0.556100,0.560889,-0.029972,0.534288,0.618292,-0.039507,0.532248,0.606727,-0.033425,0.537587,0.592983,-0.026642,0.540977,0.543598,-0.037393,0.524237,0.595051,-0.038505,0.523355,0.592396,-0.030060,0.526691,0.583961,-0.022801
1780504322.909,left,victory,0.569839,0.477146,0.000000,0.583471,0.523189,0.002436,0.580472,0.571681,-0.001521,0.564728,0.599010,-0.006613,0.550126,0.613433,-0.011320,0.586158,0.592293,-0.012431,0.591549,0.652841,-0.021160,0.598192,0.686353,-0.025599,0.605661,0.711748,-0.027768,0.571111,0.584344,-0.018941,0.566285,0.652843,-0.027561,0.566822,0.690667,-0.031098,0.568866,0.720458,-0.033028,0.555180,0.571150,-0.024320,0.541377,0.627299,-0.032207,0.545505,0.611211,-0.028294,0.551905,0.593457,-0.023175,0.540434,0.555813,-0.029388,0.534634,0.602990,-0.031364,0.540350,0.593014,-0.024230,0.545946,0.578560,-0.017705
1780504323.006,left,victory,0.568664,0.465786,0.000000,0.588185,0.508295,0.001889,0.587454,0.557416,-0.000974,0.574352,0.585691,-0.004098,0.560451,0.598602,-0.006914,0.587706,0.582448,-0.013996,0.597952,0.643318,-0.022480,0.607597,0.678430,-0.026681,0.615148,0.703858,-0.028568,0.569373,0.579403,-0.017981,0.565545,0.652060,-0.024957,0.565316,0.691549,-0.027471,0.563792,0.720603,-0.028521,0.551982,0.569478,-0.020473,0.545452,0.624272,-0.025332,0.553385,0.610774,-0.020369,0.558443,0.592703,-0.014898,0.537263,0.555745,-0.022705,0.538333,0.596480,-0.022726,0.546044,0.587279,-0.015017,0.548872,0.572483,-0.007908
1780504323.106,left,victory,0.567897,0.460769,0.000000,0.590715,0.502926,-0.000577,0.591302,0.553953,-0.004317,0.576500,0.586123,-0.007714,0.561246,0.602258,-0.010863,0.589891,0.578012,-0.017139,0.603246,0.640580,-0.025439,0.613486,0.676450,-0.029314,0.620873,0.703488,-0.030922,0.570212,0.578309,-0.019677,0.568412,0.653656,-0.025415,0.568173,0.694916,-0.027114,0.566677,0.725104,-0.027870,0.552411,0.570031,-0.020825,0.551510,0.624293,-0.025255,0.558587,0.611205,-0.021122,0.562245,0.592072,-0.016436,0.538187,0.557950,-0.021846,0.542533,0.597759,-0.022341,0.550054,0.588606,-0.015543,0.552144,0.573431,-0.009139
1780504323.250,left,victory,0.569415,0.459788,0.000000,0.593701,0.500718,-0.002796,0.594494,0.553144,-0.006921,0.578096,0.588310,-0.010476,0.562597,0.605674,-0.013614,0.593506,0.578069,-0.016724,0.609647,0.641561,-0.024355,0.620297,0.677050,-0.027572,0.627657,0.704736,-0.028676,0.572684,0.582040,-0.018166,0.573057,0.657519,-0.023462,0.573142,0.699944,-0.024880,0.571475,0.732089,-0.025147,0.554749,0.575690,-0.018592,0.558555,0.625525,-0.023462,0.565147,0.610442,-0.020226,0.567579,0.590477,-0.015695,0.540933,0.564872,-0.019099,0.546980,0.600291,-0.020122,0.554295,0.591583,-0.014129,0.556020,0.577274,-0.008085
1780504323.368,left,victory,0.570339,0.460779,0.000000,0.596948,0.498348,-0.003809,0.601035,0.551623,-0.008026,0.586146,0.586728,-0.011326,0.571887,0.603996,-0.014360,0.596721,0.583976,-0.017408,0.615286,0.645467,-0.024016,0.626636,0.678960,-0.026707,0.634188,0.705329,-0.027623,0.574837,0.588250,-0.017854,0.576046,0.663848,-0.022476,0.576021,0.705331,-0.023638,0.573739,0.736967,-0.023712,0.557197,0.581227,-0.017225,0.563071,0.627974,-0.021390,0.569847,0.613073,-0.018315,0.572043,0.593598,-0.014046,0.544240,0.569448,-0.016726,0.553149,0.601283,-0.017762,0.559959,0.591901,-0.011981,0.561079,0.577424,-0.006029
1780504323.492,left,victory,0.572606,0.460603,0.000000,0.599556,0.500184,-0.004428,0.601485,0.554540,-0.009287,0.584682,0.593133,-0.013223,0.568561,0.614139,-0.016685,0.598272,0.584637,-0.017956,0.618103,0.646839,-0.025324,0.630049,0.681355,-0.028460,0.637733,0.709569,-0.029622,0.576715,0.590294,-0.018332,0.579943,0.665679,-0.023900,0.579339,0.709453,-0.025721,0.576105,0.742830,-0.026246,0.559266,0.584988,-0.017719,0.566573,0.627128,-0.022595,0.573978,0.613383,-0.020095,0.576497,0.595130,-0.016123,0.546773,0.575377,-0.017320,0.556307,0.606318,-0.018481,0.563572,0.596656,-0.012883,0.564798,0.582284,-0.007130
1780504323.592,left,victory,0.573946,0.463055,0.000000,0.602526,0.502290,-0.004417,0.606989,0.558732,-0.008654,0.593017,0.597962,-0.011626,0.578916,0.618788,-0.014215,0.601583,0.584698,-0.019751,0.623877,0.650687,-0.026755,0.636221,0.685144,-0.029182,0.644236,0.713177,-0.029760,0.579308,0.592578,-0.019127,0.584278,0.671142,-0.024268,0.584481,0.715478,-0.025326,0.582634,0.749545,-0.025218,0.562000,0.589295,-0.017270,0.575039,0.629681,-0.021431,0.581624,0.615306,-0.018638,0.583153,0.596232,-0.014493,0.550263,0.581620,-0.015573,0.563734,0.609498,-0.016724,0.570203,0.598488,-0.011402,0.570877,0.582798,-0.005796
1780504323.690,left,victory,0.576021,0.463782,0.000000,0.605227,0.503553,-0.004602,0.608967,0.560442,-0.009270,0.592882,0.600611,-0.012648,0.577681,0.623061,-0.015565,0.605092,0.590308,-0.019700,0.627151,0.653764,-0.026227,0.640163,0.686879,-0.028841,0.648379,0.714183,-0.029957,0.582785,0.596182,-0.019490,0.587594,0.673697,-0.024057,0.588099,0.718405,-0.025343,0.585537,0.752029,-0.026087,0.565094,0.590819,-0.018089,0.574100,0.635902,-0.021552,0.582361,0.623286,-0.018507,0.585400,0.604100,-0.014928,0.552359,0.581653,-0.016965,0.563376,0.612427,-0.018005,0.570578,0.603011,-0.012729,0.571657,0.587851,-0.007538
1780504323.782,left,victory,0.575951,0.463064,0.000000,0.606424,0.501461,-0.004246,0.611495,0.557411,-0.008586,0.595540,0.596837,-0.011809,0.579501,0.617079,-0.014576,0.607593,0.591241,-0.018200,0.629742,0.653649,-0.024428,0.642713,0.686920,-0.027164,0.650866,0.714270,-0.028493,0.585098,0.598562,-0.018157,0.590434,0.674905,-0.022451,0.591311,0.719869,-0.023783,0.588693,0.754105,-0.024600,0.567128,0.593502,-0.016999,0.575506,0.636482,-0.020064,0.583709,0.623160,-0.017106,0.586276,0.603248,-0.013647,0.554291,0.583981,-0.016177,0.565079,0.613534,-0.017155,0.572021,0.603645,-0.012082,0.572525,0.588011,-0.007050
1780504323.883,left,victory,0.577930,0.463181,0.000000,0.606906,0.502068,-0.004993,0.611197,0.559600,-0.010183,0.595837,0.601944,-0.014000,0.580173,0.625553,-0.017265,0.609117,0.587526,-0.020956,0.632292,0.653181,-0.027956,0.645141,0.688003,-0.030599,0.653549,0.716845,-0.031619,0.586949,0.596415,-0.020499,0.593213,0.676178,-0.025735,0.594072,0.722587,-0.027264,0.592080,0.757908,-0.028016,0.569112,0.593663,-0.018757,0.578972,0.637699,-0.022362,0.586675,0.623222,-0.018975,0.589107,0.603268,-0.015000,0.556633,0.586318,-0.017325,0.568939,0.614817,-0.017714,0.575938,0.603300,-0.011848,0.576362,0.587943,-0.006275
1780504323.973,left,victory,0.578337,0.464198,0.000000,0.608663,0.503508,-0.004956,0.613748,0.560242,-0.009843,0.598115,0.601565,-0.013562,0.582285,0.624146,-0.016701,0.610754,0.591415,-0.018957,0.634622,0.653828,-0.025985,0.647957,0.687364,-0.029037,0.656542,0.714940,-0.030347,0.588606,0.599620,-0.018885,0.595541,0.677772,-0.024030,0.597114,0.724044,-0.025839,0.595051,0.759227,-0.026821,0.570792,0.595645,-0.017790,0.579550,0.640457,-0.021696,0.588069,0.626458,-0.018912,0.590954,0.606002,-0.015275,0.558072,0.587142,-0.017060,0.569518,0.616899,-0.018011,0.576746,0.606110,-0.012685,0.577366,0.590082,-0.007416
1780504324.054,left,victory,0.578280,0.466500,0.000000,0.609438,0.506699,-0.003566,0.614347,0.563858,-0.007698,0.599130,0.603199,-0.010769,0.583595,0.624363,-0.013364,0.612978,0.593326,-0.017859,0.636793,0.653606,-0.024807,0.650623,0.686790,-0.027976,0.659989,0.714391,-0.029427,0.590865,0.601556,-0.018174,0.598121,0.679207,-0.022840,0.599867,0.725052,-0.024363,0.598507,0.760322,-0.025354,0.572494,0.597947,-0.017393,0.581070,0.644020,-0.021008,0.588603,0.628687,-0.018064,0.590915,0.607733,-0.014473,0.559140,0.590235,-0.016825,0.571803,0.619890,-0.017816,0.578849,0.607441,-0.012598,0.579194,0.591080,-0.007499
1780504324.139,left,victory,0.576563,0.470119,0.000000,0.607824,0.508249,-0.003118,0.614586,0.563132,-0.007480,0.601052,0.602566,-0.010958,0.585546,0.624134,-0.014012,0.613198,0.591999,-0.018551,0.637771,0.652565,-0.026120,0.651911,0.686547,-0.029383,0.661787,0.714609,-0.030715,0.591591,0.603008,-0.019189,0.600189,0.681052,-0.024415,0.602462,0.727081,-0.025885,0.601642,0.762788,-0.026562,0.573056,0.602458,-0.018614,0.583050,0.648675,-0.022552,0.589701,0.632699,-0.019311,0.591179,0.611474,-0.015255,0.559256,0.597184,-0.018228,0.572525,0.626849,-0.019372,0.579190,0.614102,-0.013955,0.579175,0.597334,-0.008457
1780504324.229,left,victory,0.574931,0.471325,0.000000,0.606309,0.506183,-0.003523,0.613651,0.562689,-0.008036,0.602000,0.607173,-0.011669,0.588717,0.634777,-0.014685,0.615688,0.589850,-0.018423,0.642437,0.649259,-0.026789,0.657676,0.681746,-0.030554,0.668730,0.708176,-0.032037,0.594112,0.603140,-0.019249,0.604493,0.682118,-0.025045,0.608555,0.728040,-0.027014,0.609773,0.763448,-0.027868,0.575380,0.603860,-0.018976,0.585769,0.646785,-0.023237,0.592404,0.631091,-0.019813,0.594401,0.611064,-0.015504,0.561455,0.599204,-0.018956,0.573891,0.627032,-0.019417,0.580219,0.614493,-0.013224,0.580620,0.598902,-0.007235
1780504324.333,left,victory,0.568364,0.477795,0.000000,0.603350,0.504799,-0.003388,0.614363,0.560094,-0.007787,0.605122,0.606568,-0.011428,0.594365,0.634801,-0.014510,0.620519,0.586314,-0.017540,0.652593,0.638032,-0.026704,0.671188,0.664984,-0.030970,0.685123,0.686008,-0.032364,0.600317,0.605117,-0.018912,0.618643,0.682084,-0.025321,0.629161,0.726234,-0.027726,0.635810,0.761814,-0.028423,0.581300,0.611345,-0.019214,0.597881,0.649888,-0.024250,0.601089,0.628270,-0.020960,0.600041,0.606769,-0.016201,0.566021,0.610344,-0.019765,0.582797,0.631111,-0.019791,0.586374,0.614693,-0.012637,0.584511,0.598320,-0.005749
1780504324.425,left,victory,0.561829,0.489557,0.000000,0.599837,0.506969,-0.002042,0.617800,0.556391,-0.005725,0.613945,0.601392,-0.009320,0.605362,0.632242,-0.012304,0.626446,0.581242,-0.013388,0.659410,0.624718,-0.022688,0.679645,0.646242,-0.028107,0.696250,0.663445,-0.030682,0.608433,0.605327,-0.015621,0.632615,0.673396,-0.022019,0.647513,0.714379,-0.025506,0.658035,0.749353,-0.027517,0.589954,0.617158,-0.017021,0.607885,0.658088,-0.022360,0.608176,0.635978,-0.019494,0.604696,0.612938,-0.015257,0.574322,0.621705,-0.018694,0.592913,0.641809,-0.019937,0.594227,0.624609,-0.013810,0.590113,0.607675,-0.007651
1780504324.509,left,victory,0.541279,0.521098,0.000000,0.580405,0.513868,-0.000799,0.607244,0.543113,-0.004194,0.614268,0.583925,-0.007852,0.612853,0.616184,-0.011123,0.621855,0.567084,-0.013224,0.660268,0.584092,-0.023078,0.684797,0.590752,-0.028852,0.704048,0.596514,-0.031388,0.612751,0.598069,-0.016007,0.648207,0.647601,-0.021948,0.670671,0.678948,-0.024391,0.685832,0.706567,-0.025958,0.598544,0.620779,-0.017844,0.616730,0.650139,-0.021407,0.613562,0.629531,-0.017964,0.606597,0.609192,-0.014114,0.583714,0.636068,-0.020158,0.598980,0.644990,-0.018378,0.597465,0.629224,-0.011301,0.592087,0.615636,-0.005236
1780504324.666,left,victory,0.533547,0.544383,0.000000,0.572074,0.528281,0.001798,0.600517,0.550576,-0.001057,0.610038,0.590590,-0.004992,0.609060,0.624437,-0.008733,0.616165,0.563044,-0.009618,0.655018,0.571964,-0.017604,0.678405,0.574208,-0.021988,0.696821,0.576285,-0.023818,0.609164,0.597223,-0.014294,0.647948,0.637112,-0.018789,0.671350,0.661073,-0.021255,0.688194,0.682886,-0.022683,0.596212,0.624834,-0.017797,0.614467,0.648929,-0.020018,0.609163,0.634401,-0.016345,0.600978,0.619842,-0.012363,0.582316,0.644465,-0.021595,0.596585,0.649820,-0.018701,0.592637,0.637904,-0.010651,0.585498,0.628328,-0.003828
1780504324.783,left,victory,0.523078,0.575676,0.000000,0.557568,0.552346,0.002060,0.587564,0.569306,-0.001067,0.604250,0.606167,-0.005301,0.611956,0.639760,-0.009039,0.603807,0.569319,-0.009866,0.640766,0.568925,-0.018869,0.662953,0.564929,-0.023754,0.680934,0.560430,-0.025480,0.599655,0.603653,-0.014628,0.639701,0.634569,-0.020135,0.665148,0.652324,-0.023308,0.683606,0.668325,-0.025061,0.589684,0.635222,-0.018141,0.609406,0.653200,-0.020933,0.600950,0.640063,-0.016654,0.591136,0.629230,-0.012080,0.577900,0.660687,-0.021818,0.593068,0.662732,-0.018196,0.586423,0.651044,-0.009016,0.577912,0.643827,-0.001452
1780504324.932,left,victory,0.508371,0.594014,0.000000,0.539030,0.556581,0.002298,0.568690,0.561112,-0.000231,0.585119,0.590111,-0.004208,0.592189,0.620712,-0.007942,0.585328,0.558097,-0.007537,0.620853,0.546373,-0.016466,0.641335,0.535396,-0.021330,0.656549,0.524321,-0.022549,0.585875,0.594278,-0.012287,0.627993,0.611254,-0.017466,0.654471,0.622212,-0.020245,0.673521,0.632588,-0.021034,0.580806,0.629635,-0.016092,0.599208,0.636237,-0.018797,0.590617,0.628343,-0.015970,0.580573,0.621419,-0.011865,0.573433,0.657830,-0.020054,0.587767,0.650998,-0.015997,0.580956,0.642595,-0.007221,0.571875,0.637503,0.000372
1780504325.168,left,victory,0.499946,0.597167,0.000000,0.527149,0.556425,0.002534,0.556444,0.556370,-0.000496,0.575200,0.578874,-0.004899,0.584495,0.604571,-0.009451,0.575545,0.555637,-0.009994,0.611394,0.539178,-0.018906,0.632659,0.526322,-0.023912,0.648843,0.514288,-0.025631,0.578111,0.593110,-0.014620,0.621778,0.609594,-0.019212,0.648842,0.620099,-0.021306,0.667488,0.628570,-0.021857,0.573510,0.628661,-0.018076,0.592800,0.632974,-0.019621,0.585065,0.624334,-0.015793,0.574742,0.617617,-0.011362,0.565266,0.657478,-0.021617,0.581011,0.650594,-0.017925,0.574649,0.642829,-0.008935,0.565599,0.639233,-0.001096
1780504325.271,left,victory,0.487326,0.608193,0.000000,0.515387,0.565206,0.001913,0.545135,0.564922,-0.002305,0.563903,0.590792,-0.007710,0.573302,0.620506,-0.013340,0.562102,0.560180,-0.014050,0.598387,0.543538,-0.025340,0.620539,0.529321,-0.031949,0.638180,0.515831,-0.034824,0.565097,0.599195,-0.019094,0.610799,0.613171,-0.024992,0.637839,0.619402,-0.026981,0.656728,0.623478,-0.027431,0.561128,0.636235,-0.022939,0.581761,0.643336,-0.026043,0.571729,0.633894,-0.021812,0.559698,0.626368,-0.016829,0.553267,0.664949,-0.026933,0.567313,0.661062,-0.024838,0.559170,0.651267,-0.016333,0.549614,0.646499,-0.008631
1780504325.367,left,victory,0.468907,0.623821,0.000000,0.496186,0.577091,0.003462,0.526889,0.574797,0.000205,0.548657,0.598088,-0.004149,0.561280,0.624241,-0.008549,0.545189,0.569176,-0.012159,0.580488,0.551176,-0.020340,0.601083,0.536000,-0.024373,0.617457,0.522459,-0.025804,0.547794,0.608032,-0.017655,0.593570,0.618692,-0.021729,0.620795,0.624313,-0.022992,0.639781,0.630532,-0.023451,0.543553,0.645106,-0.021585,0.564035,0.651120,-0.022760,0.553523,0.642895,-0.017500,0.541594,0.637741,-0.012608,0.535885,0.674712,-0.025531,0.547413,0.667345,-0.021399,0.538155,0.659791,-0.011935,0.528441,0.656929,-0.004168
1780504325.502,left,victory,0.457854,0.630783,0.000000,0.484405,0.583482,0.000889,0.515925,0.580107,-0.003297,0.538519,0.607047,-0.008450,0.551799,0.635460,-0.013278,0.536132,0.574799,-0.011541,0.571276,0.554988,-0.021257,0.592129,0.537522,-0.026959,0.608837,0.522480,-0.029623,0.539593,0.613782,-0.016774,0.584113,0.619517,-0.023028,0.612012,0.621573,-0.026463,0.632598,0.626694,-0.028179,0.535997,0.650691,-0.020969,0.553822,0.653544,-0.025194,0.541914,0.643517,-0.021559,0.529712,0.638500,-0.017067,0.528538,0.680127,-0.025410,0.538137,0.670896,-0.023956,0.527897,0.661574,-0.015656,0.518258,0.659605,-0.008324
1780504325.633,left,victory,0.450202,0.633731,0.000000,0.478022,0.587953,0.001357,0.509841,0.582693,-0.002297,0.533900,0.605909,-0.006967,0.547864,0.631631,-0.011349,0.529912,0.580303,-0.011324,0.565858,0.557684,-0.019779,0.588567,0.541765,-0.024405,0.606402,0.530093,-0.026579,0.533502,0.616941,-0.016317,0.578639,0.624242,-0.021460,0.605725,0.631181,-0.023871,0.625010,0.641135,-0.024915,0.529520,0.652450,-0.020157,0.548866,0.662488,-0.022976,0.537770,0.654546,-0.018361,0.525529,0.649496,-0.013487,0.521469,0.682093,-0.024304,0.533600,0.681816,-0.022227,0.524454,0.676051,-0.013777,0.514820,0.673719,-0.006333
1780504325.764,left,victory,0.445433,0.624559,0.000000,0.474601,0.580002,0.003551,0.506820,0.577136,0.001102,0.528390,0.603786,-0.002588,0.538491,0.631218,-0.006201,0.523887,0.574713,-0.010751,0.561544,0.552552,-0.017796,0.584949,0.537122,-0.021164,0.602996,0.526664,-0.022561,0.526574,0.611239,-0.015803,0.571752,0.618999,-0.019699,0.599221,0.625357,-0.021603,0.618049,0.635228,-0.022726,0.522616,0.646538,-0.019293,0.543951,0.655530,-0.020132,0.534608,0.645495,-0.015679,0.522525,0.640027,-0.011564,0.515248,0.675958,-0.022899,0.527037,0.672776,-0.019007,0.518786,0.665141,-0.010984,0.509495,0.663485,-0.004374
1780504325.873,left,victory,0.443381,0.625093,0.000000,0.471535,0.582504,0.003143,0.503676,0.582501,-0.000338,0.526103,0.611015,-0.004990,0.538034,0.639626,-0.009383,0.522710,0.574848,-0.012070,0.560526,0.557241,-0.019342,0.583823,0.544315,-0.022891,0.602454,0.534670,-0.024556,0.525075,0.611690,-0.017626,0.569574,0.624653,-0.021599,0.596708,0.634506,-0.023412,0.616142,0.645703,-0.024607,0.520115,0.647630,-0.021602,0.538212,0.662082,-0.021913,0.527622,0.653357,-0.016407,0.515999,0.645941,-0.011881,0.511605,0.677682,-0.025816,0.522774,0.679709,-0.021361,0.514190,0.673577,-0.012230,0.505087,0.669453,-0.005024
1780504326.118,left,victory,0.443290,0.627841,0.000000,0.470932,0.585544,0.003928,0.503238,0.585012,0.000998,0.527620,0.609503,-0.002793,0.542475,0.632905,-0.006251,0.521698,0.580186,-0.013004,0.559959,0.561867,-0.020112,0.583148,0.548510,-0.023460,0.601776,0.538451,-0.024975,0.523889,0.616191,-0.018237,0.568956,0.629053,-0.022103,0.596229,0.639309,-0.023599,0.615873,0.651202,-0.024731,0.518992,0.651233,-0.021574,0.539429,0.664575,-0.020831,0.529780,0.654136,-0.014243,0.518595,0.646698,-0.009465,0.510582,0.680665,-0.025091,0.522528,0.682416,-0.020063,0.513507,0.675235,-0.010454,0.504210,0.671426,-0.003057
1780504326.394,left,victory,0.442012,0.627851,0.000000,0.470418,0.586589,0.004285,0.502860,0.587216,0.001714,0.525745,0.614207,-0.001883,0.539252,0.638973,-0.005189,0.520592,0.582407,-0.012111,0.559267,0.565992,-0.018935,0.583056,0.553861,-0.022187,0.601984,0.545019,-0.023736,0.522677,0.618531,-0.017734,0.567513,0.632782,-0.021470,0.594843,0.644997,-0.023194,0.614351,0.658292,-0.024544,0.517697,0.653544,-0.021479,0.538808,0.668652,-0.020903,0.529212,0.658851,-0.014721,0.517952,0.650803,-0.010236,0.509261,0.682691,-0.025381,0.521357,0.684756,-0.020692,0.512675,0.677098,-0.011446,0.503495,0.672589,-0.004318
1780504326.564,left,victory,0.440608,0.620840,0.000000,0.470135,0.583465,0.003622,0.501408,0.583262,0.000724,0.521051,0.611190,-0.003316,0.530699,0.639116,-0.007512,0.522264,0.589251,-0.014071,0.564435,0.584055,-0.020575,0.587940,0.575439,-0.023132,0.605911,0.567715,-0.024142,0.521071,0.627583,-0.019109,0.566125,0.649623,-0.023103,0.592258,0.665091,-0.024303,0.609669,0.681572,-0.025068,0.513104,0.662412,-0.022185,0.535967,0.677414,-0.022060,0.527479,0.663094,-0.016404,0.516046,0.653664,-0.012064,0.502553,0.688282,-0.025387,0.515918,0.690406,-0.021918,0.509200,0.679473,-0.013658,0.500253,0.674440,-0.006936
1780504326.777,left,victory,0.451217,0.610837,0.000000,0.485099,0.614824,0.002302,0.515611,0.639902,-0.005713,0.530071,0.682490,-0.017112,0.528970,0.712893,-0.027496,0.534000,0.592946,-0.014354,0.574204,0.608787,-0.028073,0.597367,0.612311,-0.036820,0.617229,0.607815,-0.042753,0.526886,0.601084,-0.026088,0.567674,0.627018,-0.042256,0.596757,0.633936,-0.051613,0.621094,0.632559,-0.057630,0.514327,0.617168,-0.036772,0.543037,0.680578,-0.050211,0.530735,0.698285,-0.047070,0.519620,0.696006,-0.041666,0.499767,0.643174,-0.047890,0.522758,0.691612,-0.052910,0.521176,0.709073,-0.047088,0.516757,0.714746,-0.041408
1780504326.932,left,victory,0.330657,0.658216,-0.000000,0.308928,0.721447,0.000143,0.286008,0.758634,-0.000639,0.275294,0.793060,-0.002813,0.267037,0.830454,-0.006374,0.259757,0.701023,0.011858,0.277306,0.729097,0.017674,0.288600,0.738307,0.014623,0.295071,0.741601,0.010676,0.268624,0.664003,0.009837,0.280978,0.691559,0.017881,0.291310,0.702772,0.011090,0.300692,0.702981,0.002976,0.281965,0.638450,0.008473,0.290731,0.662303,0.016490,0.300100,0.668937,0.013148,0.308221,0.667127,0.007484,0.297382,0.624243,0.006973,0.301193,0.639274,0.014712,0.309225,0.643407,0.018827,0.316791,0.643332,0.019707
1780504327.053,left,victory,0.323163,0.654552,-0.000000,0.304084,0.715557,-0.004271,0.288036,0.758865,-0.006348,0.278656,0.796131,-0.008868,0.269900,0.829139,-0.011612,0.265564,0.702065,0.011315,0.294099,0.712690,0.017427,0.301305,0.711250,0.014679,0.302102,0.710550,0.010421,0.268591,0.665686,0.011799,0.294047,0.679217,0.020489,0.298538,0.680350,0.014391,0.302248,0.676885,0.006079,0.275452,0.640889,0.012326,0.297578,0.653120,0.020619,0.302149,0.652960,0.019031,0.305401,0.649599,0.014394,0.286338,0.623658,0.011951,0.300340,0.631578,0.019454,0.305358,0.632035,0.023792,0.309757,0.631337,0.025009
1780504327.279,left,victory,0.465868,0.602303,0.000000,0.495224,0.639987,-0.000338,0.518002,0.657145,-0.005841,0.532737,0.671018,-0.014980,0.540243,0.677224,-0.023210,0.550992,0.598613,-0.003107,0.585691,0.617845,-0.014474,0.608432,0.620132,-0.021615,0.626840,0.614632,-0.025754,0.546941,0.576681,-0.012913,0.586101,0.585236,-0.027823,0.611381,0.577215,-0.035997,0.630461,0.564157,-0.038936,0.536740,0.566163,-0.023139,0.557910,0.622935,-0.041642,0.544113,0.659074,-0.042851,0.531290,0.675673,-0.037160,0.522944,0.569605,-0.033599,0.537985,0.615751,-0.043341,0.533033,0.644420,-0.040170,0.525958,0.661259,-0.034156
1780504327.403,left,victory,0.469823,0.603877,0.000000,0.498118,0.638003,-0.002649,0.521529,0.655349,-0.008977,0.536527,0.667310,-0.018493,0.540386,0.668272,-0.027073,0.554480,0.601098,-0.005163,0.588957,0.618272,-0.016775,0.610885,0.620737,-0.023855,0.628857,0.616346,-0.027869,0.549915,0.574841,-0.013918,0.587927,0.576212,-0.029506,0.611942,0.567431,-0.037943,0.629810,0.555412,-0.040846,0.539398,0.559318,-0.023238,0.559175,0.612692,-0.042870,0.545914,0.649614,-0.044967,0.533477,0.667745,-0.039547,0.525382,0.558333,-0.032834,0.540811,0.602831,-0.043452,0.535471,0.633148,-0.040713,0.527391,0.651722,-0.034839
1780504327.514,left,victory,0.473883,0.599506,0.000000,0.499770,0.635727,-0.004903,0.522410,0.657182,-0.011627,0.538704,0.665289,-0.020827,0.542462,0.647604,-0.029007,0.556645,0.599181,-0.006369,0.590748,0.614899,-0.017771,0.611365,0.617027,-0.024586,0.628514,0.612467,-0.028108,0.551364,0.571053,-0.013651,0.588530,0.566157,-0.028545,0.611614,0.556287,-0.036778,0.629417,0.543681,-0.039514,0.540147,0.553329,-0.021665,0.558492,0.601798,-0.041147,0.546533,0.636863,-0.043996,0.535479,0.653485,-0.039039,0.525604,0.549308,-0.030028,0.541746,0.587042,-0.040559,0.538319,0.616293,-0.038079,0.531528,0.635732,-0.032381
1780504327.627,left,victory,0.474821,0.598909,0.000000,0.499198,0.633105,-0.006558,0.521236,0.653443,-0.014032,0.536599,0.659072,-0.023709,0.541427,0.643137,-0.032433,0.555393,0.600939,-0.008731,0.589711,0.615286,-0.021557,0.610273,0.616576,-0.029362,0.627806,0.611349,-0.033558,0.550414,0.570123,-0.015584,0.587743,0.557808,-0.032104,0.611309,0.545909,-0.041471,0.630266,0.531727,-0.044895,0.539009,0.549310,-0.023278,0.557914,0.591376,-0.044594,0.546910,0.629993,-0.048129,0.536812,0.650156,-0.043387,0.524231,0.542204,-0.031326,0.540775,0.578010,-0.043490,0.538809,0.608351,-0.041566,0.533931,0.628286,-0.036182
1780504327.721,left,victory,0.475001,0.597111,0.000000,0.498512,0.628835,-0.005649,0.521271,0.648421,-0.012399,0.537041,0.654303,-0.021298,0.542999,0.638033,-0.029175,0.555037,0.592048,-0.007296,0.588893,0.605377,-0.019003,0.609162,0.607584,-0.026057,0.625824,0.603698,-0.029610,0.549789,0.562943,-0.014213,0.588157,0.550624,-0.029032,0.611621,0.539658,-0.037467,0.629575,0.526361,-0.040260,0.538472,0.543875,-0.021896,0.557725,0.587526,-0.041879,0.547270,0.624887,-0.045214,0.537105,0.643051,-0.040547,0.523925,0.538875,-0.029837,0.542133,0.575001,-0.041392,0.538087,0.605912,-0.038908,0.530194,0.625292,-0.033050
1780504327.841,left,victory,0.475947,0.596652,0.000000,0.498950,0.627910,-0.006801,0.521571,0.647392,-0.013432,0.538082,0.649342,-0.021847,0.542755,0.627015,-0.029368,0.554966,0.594385,-0.007183,0.587643,0.606892,-0.018625,0.607174,0.608680,-0.025601,0.623727,0.604177,-0.029146,0.551157,0.565787,-0.013040,0.588948,0.550040,-0.027274,0.611227,0.538703,-0.035294,0.628546,0.524824,-0.037853,0.540172,0.546102,-0.019772,0.558621,0.581833,-0.039321,0.547629,0.617834,-0.042563,0.536992,0.635046,-0.037862,0.525658,0.537474,-0.026861,0.541663,0.568954,-0.038080,0.537870,0.597293,-0.035770,0.530669,0.614190,-0.030145
1780504327.933,left,victory,0.475510,0.602060,0.000000,0.497933,0.630302,-0.007940,0.521355,0.647537,-0.015085,0.538358,0.646797,-0.023749,0.541214,0.623182,-0.031452,0.556650,0.596326,-0.008735,0.588555,0.608454,-0.020679,0.608449,0.610509,-0.028205,0.625480,0.606930,-0.032404,0.552410,0.565400,-0.014350,0.588467,0.549558,-0.029134,0.610331,0.538514,-0.037277,0.627547,0.525209,-0.040082,0.540594,0.544405,-0.020907,0.557970,0.579895,-0.040614,0.546442,0.614873,-0.043332,0.535585,0.630980,-0.038496,0.525188,0.535436,-0.028008,0.540888,0.567562,-0.039752,0.535647,0.595534,-0.037368,0.527356,0.610764,-0.031689
1780504328.024,left,victory,0.476168,0.602817,0.000000,0.498139,0.632401,-0.008784,0.521884,0.646784,-0.015053,0.537480,0.639142,-0.022491,0.540881,0.613340,-0.029065,0.559022,0.600507,-0.007049,0.591195,0.613369,-0.017531,0.610733,0.615169,-0.024179,0.627009,0.611263,-0.027825,0.554959,0.570423,-0.011232,0.589447,0.551107,-0.024759,0.610356,0.538020,-0.032806,0.626682,0.523033,-0.035768,0.542750,0.548976,-0.016435,0.558873,0.575205,-0.035306,0.547219,0.606694,-0.038588,0.535916,0.620626,-0.034280,0.526814,0.537334,-0.022111,0.541718,0.562023,-0.033918,0.535450,0.588027,-0.031906,0.525875,0.602439,-0.026424
1780504328.164,left,victory,0.477976,0.603407,0.000000,0.499659,0.632930,-0.009148,0.521752,0.645421,-0.015394,0.536371,0.633235,-0.022744,0.541229,0.607639,-0.029186,0.558610,0.602785,-0.007524,0.591750,0.615627,-0.017997,0.611714,0.617262,-0.024270,0.627935,0.613913,-0.027468,0.554148,0.572001,-0.011376,0.589869,0.549715,-0.024973,0.611338,0.535969,-0.032919,0.627406,0.521781,-0.035703,0.541505,0.549511,-0.016252,0.558646,0.569363,-0.035521,0.547897,0.602186,-0.039269,0.536556,0.619754,-0.035128,0.525191,0.536151,-0.021515,0.538769,0.559917,-0.033924,0.533308,0.586697,-0.032497,0.524765,0.602744,-0.027301
1780504328.275,left,victory,0.477198,0.606161,0.000000,0.498082,0.635508,-0.009338,0.520794,0.648165,-0.015587,0.534824,0.635364,-0.022844,0.538202,0.609154,-0.029284,0.558012,0.605289,-0.007852,0.590708,0.617242,-0.018451,0.610662,0.618073,-0.025018,0.627056,0.615071,-0.028488,0.553715,0.573667,-0.011694,0.589687,0.551500,-0.025145,0.611614,0.536892,-0.033283,0.628221,0.522613,-0.036300,0.541248,0.550586,-0.016522,0.559330,0.567573,-0.035765,0.548530,0.599774,-0.039630,0.537026,0.617918,-0.035647,0.524917,0.537005,-0.021761,0.538693,0.559320,-0.034594,0.532954,0.587297,-0.033403,0.524246,0.605342,-0.028295
1780504328.356,left,victory,0.475185,0.603295,0.000000,0.495287,0.634643,-0.010165,0.516779,0.647981,-0.017004,0.529734,0.633234,-0.024684,0.535591,0.609137,-0.031489,0.556961,0.606855,-0.009065,0.590248,0.618924,-0.019920,0.610598,0.619932,-0.026911,0.627167,0.617383,-0.030808,0.552323,0.574359,-0.012399,0.587268,0.551269,-0.025794,0.608915,0.537162,-0.034175,0.625001,0.524415,-0.037757,0.539308,0.550671,-0.016763,0.557180,0.560123,-0.035259,0.547520,0.589894,-0.039104,0.536504,0.607983,-0.035775,0.522357,0.536642,-0.021662,0.535444,0.555583,-0.034535,0.531529,0.582001,-0.033961,0.524665,0.600519,-0.029569
1780504328.441,left,victory,0.475555,0.605994,0.000000,0.496279,0.637308,-0.009777,0.519084,0.650514,-0.015954,0.531567,0.631940,-0.022923,0.534062,0.604985,-0.029103,0.557690,0.606973,-0.008683,0.590954,0.619318,-0.018920,0.611459,0.620366,-0.025187,0.627979,0.617165,-0.028590,0.552382,0.574297,-0.012108,0.587564,0.551434,-0.024985,0.609084,0.538334,-0.032954,0.624886,0.525990,-0.036119,0.538985,0.551336,-0.016491,0.555895,0.562411,-0.034754,0.546229,0.592493,-0.039104,0.535434,0.610352,-0.035977,0.521804,0.538041,-0.021313,0.533964,0.558476,-0.033830,0.529199,0.585125,-0.033401,0.521714,0.602935,-0.029108
1780504328.527,left,victory,0.474293,0.607217,0.000000,0.495188,0.637235,-0.010019,0.517461,0.648908,-0.016750,0.531036,0.635128,-0.024354,0.535210,0.608518,-0.031084,0.555871,0.604458,-0.009335,0.588684,0.617009,-0.020256,0.608636,0.618598,-0.026992,0.625204,0.615895,-0.030568,0.551141,0.572069,-0.012904,0.585815,0.550685,-0.026538,0.607263,0.538116,-0.034694,0.623426,0.525820,-0.037805,0.538151,0.548912,-0.017483,0.554789,0.568348,-0.036674,0.543743,0.600890,-0.040596,0.532386,0.618656,-0.036775,0.521421,0.536351,-0.022536,0.534572,0.560089,-0.035228,0.528920,0.587771,-0.034175,0.520297,0.605730,-0.029243
1780504328.612,left,victory,0.473048,0.603174,0.000000,0.494199,0.633736,-0.009908,0.517102,0.644553,-0.016104,0.530022,0.626675,-0.023137,0.534092,0.599821,-0.029358,0.553784,0.604522,-0.009035,0.587441,0.616596,-0.019981,0.608235,0.618112,-0.026852,0.625306,0.615611,-0.030639,0.549296,0.571156,-0.012496,0.584405,0.547150,-0.025992,0.606270,0.533157,-0.034251,0.622602,0.519945,-0.037625,0.536342,0.547569,-0.016976,0.554620,0.559423,-0.036110,0.544898,0.591593,-0.040286,0.534026,0.610724,-0.036940,0.519640,0.534300,-0.021942,0.532643,0.557110,-0.035615,0.528557,0.585490,-0.035516,0.521445,0.604813,-0.031332
1780504328.711,left,victory,0.472879,0.604396,0.000000,0.493590,0.635241,-0.009591,0.516544,0.646759,-0.015539,0.527958,0.627380,-0.022280,0.531586,0.601349,-0.028171,0.554881,0.606221,-0.008020,0.588160,0.618652,-0.018234,0.608730,0.620525,-0.024542,0.625334,0.618587,-0.027967,0.549925,0.573943,-0.011312,0.584493,0.550795,-0.023943,0.605548,0.537183,-0.031647,0.621181,0.523889,-0.034725,0.536787,0.550727,-0.015636,0.554169,0.563065,-0.033567,0.543820,0.594069,-0.037045,0.532396,0.611233,-0.033419,0.519792,0.536641,-0.020455,0.532302,0.557202,-0.032587,0.527328,0.582943,-0.031585,0.519609,0.598521,-0.026984
1780504328.907,left,victory,0.470208,0.607706,0.000000,0.490611,0.637779,-0.010449,0.513782,0.649152,-0.016761,0.525808,0.629746,-0.023784,0.530659,0.604615,-0.029901,0.551573,0.611470,-0.009114,0.584165,0.622432,-0.020013,0.604309,0.625241,-0.026965,0.621199,0.624856,-0.030697,0.547217,0.578901,-0.012005,0.581940,0.555622,-0.025161,0.603725,0.542638,-0.033079,0.621049,0.530112,-0.036232,0.534747,0.554880,-0.016015,0.551286,0.567932,-0.034404,0.538749,0.597249,-0.037461,0.526455,0.612217,-0.033317,0.518392,0.540128,-0.020669,0.530569,0.560762,-0.033051,0.524935,0.586849,-0.031844,0.517109,0.602619,-0.026949
1780504328.997,left,victory,0.469581,0.613272,0.000000,0.489598,0.643863,-0.010687,0.513012,0.654964,-0.016701,0.524466,0.633643,-0.023311,0.528574,0.606924,-0.028983,0.551706,0.614115,-0.008296,0.583225,0.625341,-0.018792,0.603046,0.628478,-0.025465,0.619380,0.628525,-0.029060,0.546882,0.581164,-0.011129,0.580513,0.558584,-0.024064,0.601898,0.545626,-0.032110,0.618711,0.533441,-0.035372,0.533724,0.557480,-0.015162,0.549844,0.570978,-0.033651,0.537358,0.600796,-0.037046,0.525340,0.616703,-0.033090,0.516626,0.543486,-0.019807,0.529094,0.563052,-0.032234,0.523758,0.588928,-0.031098,0.516191,0.605396,-0.026268
1780504329.086,left,victory,0.463802,0.615262,0.000000,0.484096,0.645335,-0.010457,0.507366,0.656580,-0.016620,0.518921,0.631723,-0.023449,0.522920,0.604582,-0.029411,0.544375,0.619859,-0.008491,0.576698,0.631136,-0.019374,0.596380,0.634499,-0.026483,0.613109,0.634615,-0.030530,0.540686,0.587058,-0.011467,0.574926,0.565167,-0.024771,0.597156,0.551711,-0.033207,0.614917,0.538669,-0.036914,0.528664,0.563197,-0.015650,0.545919,0.574705,-0.033908,0.534808,0.603194,-0.037683,0.523323,0.618846,-0.034404,0.512279,0.547824,-0.020484,0.523656,0.567911,-0.033087,0.519435,0.593315,-0.032690,0.512847,0.609789,-0.028623
1780504329.176,left,victory,0.464076,0.616885,0.000000,0.484111,0.647243,-0.010592,0.505841,0.658317,-0.017246,0.517439,0.636493,-0.024547,0.521960,0.610058,-0.031003,0.545419,0.620895,-0.009622,0.577567,0.633109,-0.020987,0.597314,0.636582,-0.028071,0.613709,0.635884,-0.031875,0.541094,0.587660,-0.012720,0.575096,0.567042,-0.026338,0.596135,0.553925,-0.034611,0.612471,0.541081,-0.037968,0.528104,0.563419,-0.016978,0.541752,0.575672,-0.035257,0.530503,0.604515,-0.038941,0.519485,0.621827,-0.035379,0.510774,0.548119,-0.021888,0.521091,0.565793,-0.033822,0.518488,0.590140,-0.033071,0.513960,0.607730,-0.028753
1780504329.360,left,victory,0.462326,0.616342,0.000000,0.482900,0.646737,-0.010822,0.505070,0.656212,-0.017410,0.516613,0.633560,-0.024565,0.523060,0.609065,-0.030851,0.543499,0.620607,-0.010572,0.577181,0.632587,-0.021872,0.597499,0.635720,-0.028751,0.614305,0.634436,-0.032367,0.538773,0.587479,-0.013312,0.572840,0.566713,-0.026857,0.594270,0.553394,-0.035045,0.610895,0.540245,-0.038387,0.525685,0.563501,-0.017162,0.538990,0.573515,-0.035073,0.528437,0.602019,-0.038715,0.517775,0.619214,-0.035334,0.508468,0.548656,-0.021698,0.519018,0.564573,-0.033677,0.516792,0.588491,-0.033046,0.512599,0.606080,-0.028839
1780504329.484,left,victory,0.461366,0.616278,0.000000,0.481703,0.645519,-0.011321,0.503557,0.655811,-0.018211,0.516532,0.634792,-0.025649,0.524834,0.611702,-0.032179,0.542044,0.618558,-0.010566,0.575497,0.629768,-0.022036,0.595822,0.632308,-0.029303,0.612822,0.630849,-0.033275,0.536626,0.585616,-0.013113,0.569701,0.563966,-0.027067,0.590764,0.550494,-0.035687,0.607177,0.537697,-0.039402,0.523474,0.562005,-0.016832,0.537993,0.570345,-0.035184,0.527833,0.599748,-0.038878,0.517104,0.618342,-0.035526,0.506345,0.547138,-0.021271,0.518202,0.561084,-0.033759,0.516417,0.584842,-0.033270,0.512253,0.602908,-0.029103
1780504329.607,left,victory,0.458961,0.613871,0.000000,0.479302,0.640778,-0.011001,0.501830,0.648206,-0.017752,0.514169,0.624333,-0.025092,0.521255,0.600082,-0.031551,0.539142,0.611918,-0.010310,0.571983,0.622318,-0.022017,0.592403,0.625726,-0.029641,0.609597,0.624666,-0.033919,0.533842,0.579884,-0.013054,0.566396,0.556415,-0.026841,0.587089,0.542734,-0.035490,0.603427,0.528922,-0.039330,0.520383,0.557119,-0.016945,0.534324,0.562292,-0.035268,0.523987,0.592117,-0.038859,0.513128,0.610105,-0.035512,0.502702,0.543137,-0.021526,0.514536,0.554719,-0.034218,0.511351,0.578599,-0.033566,0.505798,0.595668,-0.029277
1780504329.736,left,victory,0.458208,0.616752,0.000000,0.478571,0.643758,-0.011604,0.501384,0.651480,-0.018375,0.513754,0.628495,-0.025479,0.521531,0.605107,-0.031506,0.538433,0.614019,-0.010971,0.571610,0.624103,-0.022950,0.592022,0.627122,-0.030365,0.608889,0.625860,-0.034299,0.533038,0.580854,-0.013256,0.565982,0.556109,-0.027574,0.586549,0.542614,-0.035878,0.602716,0.528897,-0.039006,0.519686,0.557464,-0.016760,0.532544,0.570656,-0.035460,0.521815,0.600224,-0.038587,0.511370,0.615356,-0.034512,0.502556,0.543510,-0.021013,0.512654,0.564379,-0.033311,0.508943,0.587239,-0.032235,0.503762,0.599711,-0.027491
1780504329.854,left,victory,0.458176,0.621286,0.000000,0.477894,0.649153,-0.010396,0.499403,0.660037,-0.017159,0.510282,0.641378,-0.024487,0.514128,0.617388,-0.031009,0.537652,0.620679,-0.010594,0.570002,0.630082,-0.022318,0.589994,0.633039,-0.029725,0.606677,0.632035,-0.033597,0.533078,0.586703,-0.013492,0.565650,0.562686,-0.026828,0.586158,0.547424,-0.034943,0.602054,0.532617,-0.038160,0.519952,0.562401,-0.017402,0.531698,0.576693,-0.034786,0.521509,0.605743,-0.037903,0.511221,0.621925,-0.034133,0.502513,0.548133,-0.022018,0.512507,0.566865,-0.032808,0.509967,0.591371,-0.031129,0.505430,0.607839,-0.026229
1780504329.994,left,victory,0.457909,0.620922,0.000000,0.477772,0.648188,-0.011341,0.499796,0.657865,-0.018214,0.511637,0.639029,-0.025501,0.517641,0.616238,-0.031749,0.538299,0.618488,-0.009924,0.570018,0.627712,-0.021610,0.589610,0.630481,-0.028917,0.605569,0.629437,-0.032687,0.533052,0.585163,-0.012521,0.565993,0.559663,-0.026568,0.586364,0.546077,-0.034825,0.602196,0.532871,-0.037788,0.519542,0.561608,-0.016355,0.531577,0.575595,-0.034848,0.520761,0.605286,-0.038060,0.510400,0.621410,-0.033901,0.502222,0.547776,-0.020933,0.512153,0.567440,-0.032611,0.509100,0.590832,-0.031179,0.504836,0.605190,-0.026213
1780504330.135,left,victory,0.456848,0.622154,0.000000,0.479176,0.649901,-0.009667,0.500954,0.661810,-0.016557,0.512227,0.648778,-0.024489,0.512514,0.625583,-0.031751,0.536896,0.613289,-0.009202,0.568395,0.620762,-0.020856,0.588070,0.621517,-0.028500,0.604873,0.618759,-0.032668,0.531464,0.581731,-0.012833,0.562714,0.560590,-0.026998,0.583797,0.545987,-0.036036,0.600499,0.532172,-0.039884,0.518293,0.559121,-0.017508,0.531409,0.580133,-0.036094,0.521562,0.610508,-0.040321,0.511416,0.627708,-0.036906,0.501448,0.546462,-0.022783,0.513234,0.568978,-0.034310,0.510674,0.595486,-0.033362,0.505266,0.614697,-0.028816
1780504330.244,left,victory,0.452582,0.617802,0.000000,0.478578,0.646286,-0.005913,0.499153,0.658795,-0.014407,0.511964,0.669641,-0.025546,0.518325,0.680206,-0.035797,0.531882,0.602706,-0.008014,0.565878,0.610331,-0.021559,0.587724,0.609258,-0.030486,0.605469,0.603892,-0.035603,0.525256,0.577889,-0.015360,0.559788,0.571718,-0.032509,0.583780,0.556899,-0.042695,0.602937,0.541001,-0.046894,0.513486,0.563560,-0.023565,0.534102,0.609200,-0.043830,0.524373,0.646564,-0.046473,0.514554,0.667184,-0.041670,0.498583,0.561940,-0.032355,0.513447,0.601965,-0.043384,0.512772,0.631938,-0.041064,0.509466,0.651098,-0.035625
1780504330.367,left,victory,0.447633,0.617323,0.000000,0.478482,0.655127,0.000517,0.500338,0.669539,-0.006127,0.514494,0.684422,-0.016449,0.526475,0.694473,-0.025772,0.526169,0.598941,-0.005550,0.560162,0.603305,-0.017108,0.583103,0.599102,-0.025238,0.601929,0.589096,-0.030791,0.520837,0.588730,-0.015470,0.558334,0.598379,-0.031358,0.581869,0.595105,-0.040529,0.600904,0.584926,-0.044945,0.511005,0.593753,-0.025204,0.538521,0.645373,-0.042121,0.529263,0.678633,-0.041721,0.518786,0.690870,-0.036565,0.499431,0.612294,-0.035098,0.519604,0.657514,-0.042868,0.516132,0.679333,-0.037961,0.509562,0.687622,-0.031892
1780504330.538,left,victory,0.451603,0.622336,0.000000,0.480762,0.622582,0.002576,0.509280,0.637370,-0.003868,0.526218,0.670423,-0.013256,0.533171,0.700512,-0.021984,0.526291,0.586598,-0.011654,0.563924,0.587946,-0.023535,0.585279,0.584633,-0.030996,0.602686,0.575766,-0.035958,0.520009,0.597219,-0.021721,0.556347,0.615744,-0.035857,0.579571,0.616917,-0.043842,0.598795,0.610213,-0.048705,0.509929,0.616521,-0.030912,0.539145,0.670614,-0.043349,0.531073,0.694695,-0.041274,0.522952,0.699517,-0.036741,0.498954,0.643170,-0.040104,0.522771,0.684931,-0.043932,0.520159,0.701130,-0.037909,0.515439,0.705995,-0.032188
1780504330.669,left,victory,0.449468,0.642413,0.000000,0.478466,0.617684,0.004978,0.510389,0.615628,0.001168,0.529788,0.634972,-0.005164,0.543860,0.653572,-0.010737,0.523813,0.592445,-0.011085,0.561181,0.589508,-0.021795,0.582090,0.577387,-0.027384,0.598697,0.562408,-0.030515,0.518239,0.612489,-0.020467,0.559677,0.626973,-0.032200,0.583397,0.629825,-0.036547,0.603178,0.628027,-0.038876,0.509726,0.639080,-0.028661,0.544201,0.684366,-0.038088,0.533556,0.688669,-0.032608,0.522223,0.678520,-0.026397,0.500061,0.669007,-0.036756,0.529840,0.703525,-0.039155,0.524020,0.705797,-0.031226,0.515604,0.697065,-0.024195
1780504330.845,left,victory,0.452803,0.661752,0.000000,0.478893,0.622971,0.005724,0.509112,0.610871,0.003082,0.530405,0.621809,-0.001765,0.546069,0.638336,-0.006274,0.522754,0.594557,-0.008904,0.556234,0.570427,-0.016636,0.575929,0.552102,-0.020526,0.591406,0.536543,-0.022687,0.522851,0.622444,-0.017032,0.565227,0.623328,-0.023706,0.589378,0.623971,-0.026993,0.608246,0.624365,-0.029342,0.519331,0.655183,-0.023692,0.553857,0.673961,-0.028699,0.541724,0.675013,-0.023525,0.528831,0.670871,-0.018630,0.514622,0.688727,-0.030087,0.539581,0.695544,-0.029769,0.531518,0.693503,-0.021858,0.521978,0.689770,-0.015277
1780504331.015,left,victory,0.454499,0.671354,0.000000,0.478361,0.627350,0.003573,0.507966,0.617632,-0.000323,0.530536,0.637458,-0.005994,0.545471,0.659607,-0.011373,0.520429,0.596058,-0.009626,0.550629,0.565931,-0.017410,0.569087,0.544296,-0.021728,0.584075,0.526998,-0.024251,0.523629,0.626478,-0.016850,0.564594,0.622571,-0.023232,0.590429,0.620988,-0.026563,0.610556,0.621831,-0.029059,0.522108,0.661144,-0.022860,0.554023,0.668312,-0.027630,0.543878,0.669502,-0.022715,0.531849,0.669222,-0.018018,0.518582,0.696591,-0.028844,0.543043,0.694353,-0.027944,0.535393,0.692719,-0.019390,0.525757,0.692728,-0.012481
1780504331.256,left,victory,0.454974,0.678525,0.000000,0.476089,0.628413,0.003277,0.503855,0.610339,-0.000884,0.526513,0.618726,-0.006222,0.542300,0.633865,-0.011499,0.515915,0.597337,-0.014468,0.545217,0.560561,-0.024090,0.563617,0.535075,-0.029519,0.578559,0.515210,-0.032679,0.521300,0.628829,-0.020689,0.564313,0.618899,-0.028074,0.590812,0.614291,-0.031311,0.611238,0.613316,-0.033610,0.521811,0.664078,-0.025234,0.554142,0.662488,-0.029690,0.544187,0.660682,-0.023507,0.531738,0.661115,-0.018047,0.519752,0.698174,-0.029755,0.542233,0.689230,-0.029368,0.534150,0.685132,-0.020559,0.524411,0.686075,-0.013140
1780504331.445,left,victory,0.457316,0.687117,0.000000,0.474640,0.630895,0.002048,0.503435,0.607477,-0.002421,0.526547,0.613115,-0.007540,0.543565,0.627364,-0.012536,0.512212,0.592680,-0.016115,0.542755,0.552866,-0.025742,0.559700,0.524559,-0.030565,0.573256,0.502116,-0.033063,0.520389,0.623768,-0.021511,0.563910,0.603987,-0.029012,0.588958,0.593983,-0.031211,0.609690,0.589350,-0.032389,0.523640,0.659339,-0.025309,0.556557,0.645257,-0.030610,0.544219,0.644019,-0.024095,0.530806,0.647884,-0.017895,0.524023,0.693303,-0.029032,0.546010,0.673504,-0.029644,0.536756,0.668677,-0.020891,0.526697,0.671605,-0.013169
1780504331.567,left,victory,0.468146,0.691537,0.000000,0.476043,0.627376,0.000185,0.500119,0.591781,-0.004212,0.525013,0.587282,-0.008613,0.543418,0.596139,-0.012652,0.511388,0.577830,-0.016653,0.531992,0.524268,-0.025232,0.543829,0.489935,-0.029247,0.553592,0.463153,-0.030675,0.524057,0.607449,-0.019695,0.560131,0.569525,-0.025492,0.584068,0.548412,-0.027330,0.603858,0.535862,-0.028149,0.532404,0.640308,-0.021156,0.551699,0.613996,-0.024782,0.539980,0.614010,-0.020419,0.527839,0.620628,-0.015598,0.537195,0.669361,-0.022668,0.548822,0.640190,-0.021800,0.539298,0.638739,-0.014226,0.529839,0.645854,-0.007156
1780504331.693,left,victory,0.475898,0.706088,0.000000,0.475944,0.641421,0.002814,0.495438,0.599901,-0.000297,0.518871,0.593576,-0.004667,0.538058,0.601766,-0.008930,0.505459,0.572260,-0.010349,0.519089,0.513152,-0.017723,0.527053,0.481889,-0.021066,0.534331,0.460009,-0.022329,0.522295,0.596677,-0.016231,0.551999,0.547266,-0.021917,0.571963,0.519054,-0.024959,0.588542,0.501322,-0.026582,0.533599,0.628476,-0.020699,0.552804,0.598622,-0.025037,0.540220,0.607748,-0.021121,0.528606,0.619867,-0.016608,0.540348,0.660831,-0.024969,0.548151,0.630650,-0.024363,0.538703,0.634493,-0.016642,0.530271,0.644607,-0.009622
1780504331.811,left,victory,0.472117,0.725082,0.000000,0.467044,0.660946,0.002293,0.482402,0.611163,-0.001542,0.504383,0.589944,-0.006619,0.522121,0.586800,-0.011740,0.485437,0.579037,-0.012950,0.492269,0.513781,-0.021612,0.495530,0.476419,-0.025226,0.498321,0.446841,-0.026785,0.500990,0.601007,-0.020105,0.526939,0.537052,-0.027754,0.543224,0.501613,-0.030423,0.556380,0.474357,-0.031300,0.513198,0.634498,-0.026117,0.533919,0.597564,-0.035389,0.527012,0.602799,-0.033732,0.517712,0.607344,-0.029601,0.522223,0.671233,-0.031550,0.533994,0.642246,-0.035762,0.528546,0.644667,-0.030149,0.521376,0.648680,-0.024032
1780504331.933,left,victory,0.465674,0.734619,0.000000,0.452808,0.672761,0.000643,0.459425,0.618075,-0.002354,0.478101,0.595398,-0.006652,0.493771,0.590900,-0.010969,0.461066,0.583527,-0.006809,0.460711,0.522377,-0.015350,0.458309,0.486336,-0.020174,0.455457,0.457913,-0.022171,0.481478,0.596280,-0.012482,0.497809,0.531069,-0.018677,0.508043,0.492542,-0.021996,0.516953,0.462973,-0.023294,0.499069,0.620987,-0.017873,0.508770,0.578599,-0.025615,0.503411,0.580284,-0.025691,0.497270,0.583328,-0.023119,0.513774,0.651045,-0.023049,0.516901,0.616526,-0.026065,0.509858,0.619091,-0.020955,0.503534,0.625720,-0.015412
1780504332.046,left,victory,0.455018,0.726347,0.000000,0.434530,0.667570,0.002339,0.432880,0.614009,0.000089,0.447087,0.583715,-0.004384,0.459891,0.570916,-0.008873,0.424333,0.586514,-0.002467,0.412815,0.526612,-0.009126,0.404292,0.493751,-0.013654,0.398501,0.466651,-0.016421,0.438830,0.582640,-0.009569,0.438660,0.504637,-0.016339,0.437698,0.462983,-0.020826,0.436720,0.429620,-0.023403,0.457282,0.589011,-0.016151,0.467774,0.535859,-0.024000,0.464965,0.560717,-0.022915,0.460158,0.582168,-0.019784,0.477059,0.601946,-0.022642,0.482349,0.560388,-0.025055,0.477690,0.581595,-0.018645,0.473368,0.602444,-0.012647
1780504332.223,left,victory,0.440703,0.711329,0.000000,0.412169,0.658347,0.004789,0.402711,0.605731,0.002025,0.412790,0.562954,-0.003056,0.425565,0.538628,-0.007520,0.388031,0.592824,-0.004668,0.369533,0.534100,-0.012818,0.356244,0.505624,-0.016888,0.343852,0.481612,-0.018575,0.401872,0.587309,-0.013040,0.389540,0.506257,-0.021541,0.380937,0.465844,-0.024309,0.372408,0.432027,-0.024965,0.421812,0.587101,-0.020662,0.426826,0.519732,-0.029611,0.428337,0.545369,-0.025251,0.426735,0.569721,-0.018700,0.443753,0.592675,-0.027962,0.444627,0.540737,-0.028302,0.443033,0.560066,-0.019065,0.442090,0.580891,-0.010793
1780504332.353,left,victory,0.434364,0.689517,0.000000,0.405958,0.652884,0.002926,0.391382,0.607960,-0.001328,0.395217,0.564927,-0.007685,0.404694,0.536865,-0.013573,0.377008,0.597144,-0.008819,0.354446,0.544185,-0.018379,0.339206,0.518517,-0.022897,0.325012,0.498797,-0.024571,0.389667,0.587028,-0.016554,0.371731,0.512871,-0.025017,0.360112,0.472736,-0.028162,0.349681,0.440181,-0.029404,0.407890,0.581504,-0.023591,0.408701,0.518050,-0.032854,0.414494,0.539698,-0.029457,0.416269,0.563138,-0.023853,0.428415,0.580017,-0.030382,0.425081,0.532163,-0.031883,0.427357,0.549809,-0.023917,0.428307,0.568811,-0.016681
1780504332.474,left,victory,0.421570,0.661108,0.000000,0.389740,0.629460,0.002553,0.373634,0.586021,-0.000894,0.376141,0.541316,-0.006493,0.384279,0.514226,-0.011330,0.357326,0.581125,-0.004474,0.331932,0.537576,-0.012443,0.315453,0.516253,-0.016914,0.299752,0.500746,-0.019241,0.369317,0.564172,-0.012097,0.346140,0.502551,-0.019490,0.331974,0.468397,-0.023441,0.318072,0.440144,-0.025513,0.387379,0.552351,-0.019272,0.382708,0.495144,-0.027384,0.390873,0.514787,-0.024103,0.394899,0.536880,-0.018833,0.408097,0.545494,-0.026463,0.402007,0.504394,-0.028233,0.406101,0.522092,-0.020949,0.409040,0.540838,-0.014138
1780504332.595,left,victory,0.426597,0.624457,0.000000,0.395063,0.599477,0.002923,0.377441,0.562609,-0.001251,0.380496,0.525064,-0.007448,0.389586,0.498358,-0.013095,0.362023,0.558311,-0.007504,0.334361,0.518449,-0.016308,0.316634,0.498836,-0.021018,0.301244,0.484009,-0.023106,0.374495,0.542076,-0.015049,0.349135,0.481381,-0.022921,0.333042,0.445644,-0.026738,0.319959,0.416832,-0.028490,0.392145,0.528827,-0.021799,0.384483,0.474523,-0.029379,0.390153,0.492763,-0.026162,0.393961,0.514724,-0.021101,0.411685,0.519152,-0.028467,0.402800,0.481207,-0.029201,0.406127,0.497307,-0.021108,0.409415,0.514745,-0.013837
1780504332.712,left,victory,0.432047,0.620453,0.000000,0.399912,0.607191,0.001987,0.380502,0.575663,-0.002196,0.378751,0.538757,-0.007864,0.385534,0.511951,-0.013225,0.365803,0.568502,-0.011127,0.334675,0.534976,-0.019807,0.315766,0.520171,-0.023751,0.299749,0.510496,-0.025230,0.377671,0.546734,-0.017539,0.348703,0.492290,-0.025269,0.330804,0.462920,-0.028969,0.316126,0.439948,-0.030474,0.394663,0.528260,-0.022766,0.383046,0.485745,-0.029488,0.389437,0.504597,-0.025795,0.394424,0.524190,-0.020441,0.413410,0.514860,-0.027869,0.400629,0.487916,-0.027798,0.405029,0.504738,-0.019336,0.410490,0.520572,-0.011696
1780504332.868,left,victory,0.433718,0.624679,0.000000,0.401164,0.615875,0.004574,0.381166,0.588461,0.001793,0.377487,0.553225,-0.002681,0.382119,0.525886,-0.006803,0.365342,0.579402,-0.008799,0.334144,0.551274,-0.016728,0.314829,0.539530,-0.020463,0.298701,0.532507,-0.021875,0.375729,0.555807,-0.015546,0.345399,0.506926,-0.022921,0.326101,0.480619,-0.027046,0.310798,0.459953,-0.028860,0.391666,0.535270,-0.020668,0.379522,0.497443,-0.025213,0.386002,0.514948,-0.020703,0.391592,0.532160,-0.015227,0.409964,0.520036,-0.025556,0.398071,0.498859,-0.023107,0.402866,0.514072,-0.013781,0.408644,0.526785,-0.005682
1780504333.021,left,victory,0.441306,0.623907,0.000000,0.409033,0.619054,0.002545,0.387330,0.591112,-0.001199,0.382301,0.550547,-0.006426,0.386375,0.519502,-0.011493,0.372252,0.583344,-0.010734,0.339613,0.560046,-0.019043,0.319679,0.549382,-0.023013,0.303847,0.542102,-0.024738,0.382637,0.559673,-0.017206,0.349653,0.513774,-0.024401,0.329931,0.488552,-0.028012,0.315736,0.468867,-0.029673,0.398889,0.539447,-0.022396,0.383410,0.504480,-0.028426,0.389556,0.521234,-0.024568,0.396054,0.537728,-0.019468,0.417522,0.524136,-0.027425,0.402219,0.505576,-0.027184,0.406737,0.521073,-0.018829,0.413029,0.533286,-0.011424
1780504333.175,left,victory,0.447709,0.626045,0.000000,0.414824,0.621332,0.005274,0.393343,0.595633,0.002136,0.386229,0.554630,-0.002873,0.388325,0.522718,-0.007624,0.377554,0.588751,-0.009264,0.345082,0.564918,-0.016705,0.325013,0.555676,-0.020114,0.309119,0.549824,-0.021542,0.386888,0.564503,-0.016565,0.354524,0.519723,-0.023643,0.334570,0.494110,-0.027441,0.320328,0.473608,-0.029396,0.402433,0.542964,-0.022016,0.389052,0.509177,-0.025771,0.395388,0.525601,-0.020237,0.401556,0.541664,-0.014636,0.420908,0.526794,-0.027258,0.407001,0.509098,-0.024277,0.411653,0.523575,-0.014246,0.417599,0.535067,-0.006047
1780504333.445,left,victory,0.447927,0.638633,0.000000,0.414453,0.632742,0.007937,0.394673,0.609094,0.005628,0.388705,0.573626,0.000923,0.391869,0.546090,-0.003711,0.377842,0.600412,-0.007989,0.345915,0.575301,-0.014903,0.325882,0.565844,-0.017844,0.310054,0.559583,-0.019070,0.386857,0.575070,-0.016153,0.355473,0.529002,-0.024047,0.335303,0.503601,-0.028175,0.320790,0.483881,-0.030045,0.402308,0.553288,-0.021942,0.391063,0.518319,-0.024371,0.396702,0.533591,-0.017724,0.402165,0.549600,-0.011482,0.420802,0.537718,-0.027445,0.409480,0.518563,-0.022507,0.413473,0.532011,-0.011501,0.418852,0.544014,-0.002639
1780504333.538,left,victory,0.445435,0.648307,0.000000,0.412566,0.643177,0.007003,0.392028,0.619057,0.004879,0.386197,0.584717,0.000454,0.388624,0.556829,-0.003643,0.375490,0.609451,-0.006994,0.344172,0.582686,-0.014263,0.324377,0.572839,-0.017652,0.308549,0.566851,-0.019257,0.384603,0.585047,-0.014856,0.353855,0.538975,-0.023324,0.333567,0.513545,-0.028420,0.318211,0.493420,-0.031212,0.399743,0.564214,-0.020639,0.387809,0.524373,-0.024248,0.394701,0.538759,-0.018399,0.400768,0.554655,-0.012644,0.417405,0.547942,-0.026166,0.406411,0.526589,-0.022930,0.411099,0.539675,-0.013175,0.416036,0.552185,-0.005135
1780504333.676,left,victory,0.439137,0.649411,0.000000,0.406552,0.645706,0.008063,0.387245,0.624521,0.006206,0.380748,0.591262,0.002094,0.382755,0.562613,-0.001639,0.370155,0.616176,-0.006662,0.338974,0.591980,-0.014285,0.319795,0.582994,-0.017652,0.304388,0.578294,-0.018872,0.378936,0.591133,-0.014603,0.347753,0.546715,-0.023637,0.327718,0.522504,-0.028302,0.311997,0.504005,-0.030235,0.393685,0.569349,-0.020378,0.382623,0.531462,-0.024481,0.389578,0.545456,-0.018181,0.395246,0.560789,-0.011469,0.411282,0.553289,-0.025711,0.399934,0.532669,-0.021914,0.404336,0.544759,-0.011278,0.409217,0.556686,-0.002270
1780504333.815,left,victory,0.439372,0.653982,0.000000,0.406625,0.651031,0.008558,0.386869,0.631598,0.006566,0.379447,0.599478,0.002105,0.382245,0.571299,-0.001936,0.370834,0.621116,-0.006947,0.339293,0.596743,-0.015475,0.318941,0.588913,-0.019560,0.303378,0.583749,-0.021345,0.378095,0.595549,-0.014647,0.346325,0.552767,-0.025021,0.325544,0.528094,-0.030078,0.310877,0.509572,-0.032152,0.391908,0.572253,-0.019943,0.380523,0.536248,-0.023010,0.386618,0.548782,-0.015535,0.392532,0.563803,-0.008299,0.408989,0.555916,-0.024985,0.398766,0.535059,-0.020071,0.402461,0.547551,-0.008929,0.407181,0.560267,0.000362
1780504333.920,left,victory,0.435436,0.654115,0.000000,0.403498,0.649366,0.008086,0.384559,0.625629,0.006364,0.378926,0.589731,0.002253,0.382564,0.559536,-0.001338,0.368416,0.622107,-0.005904,0.336500,0.599615,-0.012930,0.316813,0.592040,-0.015538,0.301337,0.587812,-0.016354,0.375101,0.596896,-0.013860,0.342920,0.554454,-0.022498,0.322775,0.531238,-0.026543,0.307930,0.514009,-0.028005,0.388252,0.574229,-0.019700,0.378406,0.535892,-0.022854,0.386115,0.549773,-0.016106,0.392129,0.565654,-0.009318,0.405057,0.556765,-0.025260,0.396378,0.535519,-0.020791,0.401540,0.549253,-0.010317,0.406595,0.562799,-0.001648
1780504334.044,left,victory,0.434981,0.649272,0.000000,0.403816,0.644178,0.008935,0.384171,0.621653,0.007337,0.378510,0.587426,0.002756,0.383728,0.557782,-0.001278,0.368098,0.620692,-0.004181,0.337055,0.597745,-0.011318,0.318079,0.590957,-0.014066,0.302694,0.588756,-0.015235,0.374125,0.598022,-0.013247,0.342708,0.556376,-0.023200,0.321970,0.533951,-0.028302,0.305825,0.518614,-0.030606,0.386360,0.577299,-0.020285,0.377727,0.531127,-0.024670,0.386616,0.541893,-0.017992,0.391998,0.557213,-0.011226,0.402170,0.559471,-0.027009,0.394007,0.529035,-0.023218,0.400506,0.540630,-0.012778,0.405314,0.555096,-0.004313
1780504334.162,left,victory,0.434113,0.635449,0.000000,0.403773,0.636126,0.007548,0.380601,0.618693,0.006107,0.372639,0.588541,0.001766,0.374647,0.558642,-0.001916,0.367036,0.620359,-0.002929,0.335958,0.601219,-0.009673,0.319504,0.598386,-0.011891,0.305481,0.600708,-0.012662,0.370019,0.599699,-0.012071,0.336879,0.565117,-0.021292,0.316527,0.548199,-0.026404,0.299258,0.536654,-0.028783,0.380448,0.580427,-0.019750,0.371858,0.525586,-0.027187,0.385165,0.529232,-0.023867,0.392809,0.540018,-0.018861,0.395327,0.562842,-0.026918,0.392436,0.524473,-0.028403,0.402290,0.527969,-0.022322,0.408300,0.538188,-0.016372
1780504334.391,left,victory,0.440627,0.624787,0.000000,0.421972,0.601546,0.010316,0.403104,0.579958,0.010443,0.389246,0.554182,0.005999,0.378028,0.534972,0.002419,0.373708,0.617438,0.009249,0.341929,0.603061,0.003786,0.324566,0.600368,0.001623,0.309971,0.603129,0.001223,0.372347,0.607714,-0.002000,0.336439,0.578290,-0.010753,0.315610,0.564042,-0.015757,0.297763,0.556489,-0.017287,0.378331,0.594171,-0.012678,0.368589,0.526611,-0.023029,0.388208,0.522478,-0.021401,0.400680,0.530427,-0.016160,0.389062,0.574641,-0.022502,0.384393,0.521284,-0.026205,0.399845,0.520072,-0.020721,0.411260,0.529829,-0.014540
1780504334.508,left,victory,0.445101,0.619238,0.000000,0.434088,0.568253,-0.001147,0.419106,0.537691,-0.004766,0.406811,0.515880,-0.011089,0.392782,0.515625,-0.016325,0.378538,0.607220,0.000394,0.345215,0.588359,-0.007460,0.324468,0.581959,-0.011796,0.306796,0.582902,-0.013403,0.376737,0.609243,-0.005575,0.340378,0.582084,-0.015185,0.317578,0.572679,-0.020827,0.296756,0.570254,-0.022573,0.380718,0.600378,-0.012119,0.367523,0.529328,-0.025469,0.387318,0.515355,-0.027371,0.402150,0.515756,-0.023686,0.388089,0.580526,-0.018806,0.380247,0.527923,-0.025040,0.394543,0.517989,-0.022597,0.407860,0.515509,-0.018205
1780504334.615,left,victory,0.449314,0.610496,0.000000,0.434830,0.554263,0.000745,0.419219,0.528079,-0.002653,0.408212,0.508946,-0.010287,0.397753,0.510098,-0.017072,0.378847,0.599544,0.007135,0.348981,0.589479,-0.000183,0.328113,0.587297,-0.004854,0.311450,0.589582,-0.006755,0.377642,0.608703,-0.001152,0.342918,0.590198,-0.011441,0.319234,0.583267,-0.017479,0.298631,0.581381,-0.018854,0.381566,0.607032,-0.010558,0.367138,0.536088,-0.025985,0.386405,0.517461,-0.029345,0.402106,0.515145,-0.025556,0.388963,0.591718,-0.020032,0.378300,0.535711,-0.027674,0.391650,0.520350,-0.025899,0.406166,0.514848,-0.021438
1780504334.719,left,victory,0.452597,0.608118,0.000000,0.437287,0.552707,0.000659,0.420855,0.526743,-0.001331,0.408789,0.507219,-0.007446,0.396858,0.507355,-0.012616,0.378278,0.593656,0.009147,0.350960,0.587245,0.003321,0.329552,0.588154,-0.001258,0.312429,0.590026,-0.003998,0.377527,0.604636,0.000970,0.349770,0.585642,-0.007181,0.327844,0.580579,-0.012453,0.308740,0.578554,-0.014571,0.380983,0.606511,-0.008604,0.367889,0.544043,-0.022164,0.385720,0.520829,-0.024202,0.402459,0.514770,-0.020586,0.388308,0.596405,-0.018652,0.377347,0.545460,-0.027059,0.388267,0.524749,-0.025963,0.402561,0.514017,-0.022097
1780504334.822,left,victory,0.453815,0.599893,0.000000,0.440901,0.550778,-0.000545,0.423938,0.523006,-0.004424,0.411161,0.501436,-0.011661,0.397542,0.501810,-0.017973,0.379094,0.583676,0.003621,0.350298,0.581092,-0.002417,0.329577,0.583636,-0.006732,0.312683,0.587256,-0.010106,0.378606,0.599248,-0.003369,0.362598,0.563367,-0.013294,0.366711,0.544892,-0.016351,0.369775,0.539477,-0.016793,0.381913,0.606079,-0.011507,0.370360,0.547919,-0.024328,0.387915,0.519589,-0.023337,0.404289,0.511584,-0.019197,0.388299,0.602898,-0.020109,0.377177,0.554330,-0.028124,0.387228,0.527978,-0.025925,0.399879,0.515176,-0.022023
1780504334.985,left,victory,0.451595,0.593891,0.000000,0.440432,0.549387,-0.005226,0.423958,0.518000,-0.009291,0.408122,0.496161,-0.016288,0.391515,0.504460,-0.021930,0.382341,0.568024,0.007378,0.359379,0.567093,0.001297,0.344861,0.567973,-0.002496,0.332335,0.572925,-0.003874,0.379117,0.584331,0.002031,0.345256,0.581738,-0.005777,0.323481,0.578270,-0.009369,0.304908,0.578617,-0.009306,0.380599,0.597797,-0.005714,0.363928,0.549327,-0.021428,0.382987,0.523594,-0.023996,0.400003,0.515994,-0.019420,0.386138,0.603714,-0.014163,0.374507,0.556963,-0.024407,0.385098,0.533189,-0.024070,0.398012,0.521790,-0.020189
1780504335.102,left,victory,0.449102,0.588692,0.000000,0.437642,0.546454,-0.005757,0.420335,0.514431,-0.009076,0.403114,0.495217,-0.014854,0.388914,0.503971,-0.019472,0.382446,0.556465,0.005795,0.360776,0.549956,-0.001274,0.352129,0.546844,-0.006559,0.343235,0.549036,-0.008955,0.378480,0.575998,0.001147,0.343823,0.576907,-0.008177,0.321604,0.574690,-0.014770,0.303099,0.576853,-0.017251,0.379827,0.594548,-0.005604,0.363874,0.550746,-0.022508,0.380370,0.520194,-0.028269,0.395760,0.508119,-0.026168,0.384157,0.608187,-0.012723,0.373079,0.562181,-0.023630,0.382881,0.538167,-0.024455,0.394770,0.528310,-0.021787
1780504335.215,left,victory,0.443129,0.589993,0.000000,0.429194,0.544591,-0.005155,0.409243,0.514388,-0.007803,0.389570,0.499957,-0.013219,0.376212,0.513482,-0.017609,0.379066,0.555765,0.011683,0.360465,0.541870,0.006671,0.348880,0.532558,0.002705,0.338887,0.526547,0.000851,0.374171,0.575952,0.006516,0.336771,0.581059,-0.001213,0.315153,0.580253,-0.005943,0.298093,0.583633,-0.006842,0.374410,0.595921,-0.001179,0.351824,0.564256,-0.018715,0.369846,0.536636,-0.023167,0.386841,0.528051,-0.019639,0.377494,0.612438,-0.009096,0.361778,0.574050,-0.021680,0.374833,0.551362,-0.021966,0.389607,0.545016,-0.018484
1780504335.511,left,victory,0.438465,0.596791,0.000000,0.425126,0.549788,-0.006290,0.403686,0.521067,-0.008942,0.383829,0.510963,-0.014076,0.369582,0.524786,-0.018201,0.373663,0.563896,0.008067,0.352881,0.548785,0.000700,0.341003,0.537135,-0.005294,0.329898,0.529750,-0.008638,0.368987,0.584537,0.002835,0.329653,0.590340,-0.008503,0.305876,0.591046,-0.016548,0.288021,0.597015,-0.019600,0.370001,0.605172,-0.004737,0.346787,0.575669,-0.025348,0.363819,0.544651,-0.031580,0.379926,0.532536,-0.028750,0.374046,0.622637,-0.012429,0.356198,0.586708,-0.026947,0.368329,0.562023,-0.027802,0.382769,0.552685,-0.024463
1780504335.714,left,victory,0.429317,0.603220,0.000000,0.413684,0.564671,-0.007827,0.388934,0.540120,-0.010424,0.365841,0.536489,-0.014492,0.355924,0.561078,-0.017803,0.362360,0.572087,0.003602,0.337621,0.548778,-0.001821,0.323137,0.538721,-0.006191,0.309639,0.534708,-0.008959,0.357713,0.597061,0.000382,0.317181,0.610931,-0.009499,0.292804,0.616513,-0.016629,0.274331,0.626344,-0.019798,0.360912,0.621555,-0.004490,0.335025,0.600392,-0.023395,0.350579,0.570208,-0.028572,0.366461,0.559374,-0.025999,0.366996,0.643445,-0.009472,0.346799,0.614288,-0.023768,0.358616,0.592239,-0.024224,0.373208,0.585719,-0.021001
1780504335.880,left,victory,0.414740,0.625406,0.000000,0.400536,0.586235,-0.009695,0.374451,0.562771,-0.013627,0.353950,0.575086,-0.018030,0.344126,0.605633,-0.021455,0.342176,0.585184,-0.003142,0.314883,0.562390,-0.011110,0.298940,0.549460,-0.016833,0.285574,0.539975,-0.020187,0.338526,0.617892,-0.005839,0.296932,0.633521,-0.015300,0.273416,0.640166,-0.021043,0.256037,0.647516,-0.023349,0.344664,0.647121,-0.010035,0.318582,0.639681,-0.026930,0.334118,0.613828,-0.029162,0.349295,0.601505,-0.025400,0.356725,0.671078,-0.014754,0.341475,0.653610,-0.028538,0.351410,0.630674,-0.027820,0.362665,0.619470,-0.023735
1780504336.050,left,victory,0.405753,0.619658,0.000000,0.393141,0.581190,-0.011495,0.366742,0.555461,-0.016862,0.345268,0.569791,-0.022314,0.335810,0.602337,-0.026899,0.328658,0.573310,-0.007910,0.301796,0.547923,-0.016663,0.286561,0.531947,-0.023085,0.273029,0.520238,-0.027285,0.324667,0.607603,-0.010451,0.282504,0.620938,-0.020427,0.259226,0.627059,-0.026840,0.240180,0.636455,-0.030100,0.332886,0.638231,-0.014149,0.306014,0.631041,-0.030483,0.324014,0.606849,-0.031242,0.340238,0.597440,-0.026889,0.347644,0.665961,-0.018621,0.328950,0.654797,-0.031014,0.337270,0.633369,-0.028425,0.347457,0.623351,-0.023418
1780504336.186,left,victory,0.405501,0.608545,0.000000,0.394734,0.564960,-0.012285,0.368130,0.536782,-0.017644,0.343770,0.548530,-0.023185,0.331425,0.580290,-0.027652,0.329181,0.544185,-0.006204,0.303426,0.516173,-0.015893,0.288254,0.497115,-0.023168,0.274447,0.482670,-0.027875,0.322790,0.577789,-0.008239,0.281727,0.584513,-0.019831,0.257827,0.587783,-0.027392,0.238988,0.593388,-0.031014,0.328727,0.610122,-0.011776,0.303744,0.600602,-0.029867,0.323792,0.584929,-0.031214,0.341077,0.580946,-0.026457,0.340987,0.638974,-0.016125,0.325292,0.624635,-0.029989,0.336004,0.605725,-0.028204,0.347370,0.597606,-0.023162
1780504336.290,left,victory,0.399998,0.615736,0.000000,0.387591,0.571806,-0.012082,0.358963,0.546051,-0.016478,0.333754,0.564842,-0.020996,0.319513,0.599390,-0.024666,0.327651,0.544752,-0.004193,0.303060,0.512809,-0.011669,0.289869,0.492144,-0.017323,0.278113,0.476395,-0.021220,0.320659,0.578668,-0.006109,0.280339,0.582738,-0.015061,0.258955,0.584104,-0.020281,0.241518,0.589597,-0.022408,0.325448,0.611730,-0.009833,0.302299,0.604778,-0.027743,0.325894,0.590639,-0.029094,0.342527,0.589034,-0.024301,0.336216,0.642352,-0.014248,0.319679,0.630829,-0.029157,0.334812,0.615698,-0.027676,0.347474,0.610703,-0.022859
1780504336.400,left,victory,0.398585,0.642546,0.000000,0.385271,0.597444,-0.012758,0.355660,0.572279,-0.017698,0.330904,0.597210,-0.022729,0.318401,0.632294,-0.027058,0.322628,0.572547,-0.005215,0.298374,0.540817,-0.014747,0.285152,0.516877,-0.022275,0.273729,0.495393,-0.027153,0.316066,0.606342,-0.006292,0.278645,0.607691,-0.017598,0.256394,0.607674,-0.025795,0.237726,0.609239,-0.029994,0.320973,0.637719,-0.008980,0.299150,0.634594,-0.026634,0.318934,0.628645,-0.029086,0.335021,0.629142,-0.025243,0.332434,0.665042,-0.012486,0.315079,0.659920,-0.025539,0.327355,0.650945,-0.023824,0.339647,0.647942,-0.019017
1780504336.522,left,victory,0.400075,0.673450,0.000000,0.396019,0.634788,-0.012101,0.382177,0.615607,-0.018848,0.365661,0.624607,-0.024684,0.352585,0.638920,-0.030243,0.351569,0.618261,-0.008901,0.333903,0.631291,-0.018517,0.327430,0.639886,-0.026518,0.324301,0.649979,-0.030640,0.346199,0.639145,-0.007067,0.322965,0.651760,-0.013872,0.315931,0.651635,-0.018029,0.314638,0.654777,-0.020036,0.344730,0.661317,-0.006997,0.321508,0.670837,-0.014900,0.319933,0.669138,-0.015460,0.323308,0.669249,-0.013923,0.346647,0.685664,-0.008024,0.325525,0.693341,-0.014479,0.321357,0.686876,-0.014266,0.323402,0.680679,-0.012469
1780504345.458,left,victory,0.301587,0.837705,-0.000000,0.284124,0.766070,-0.009281,0.251009,0.698823,-0.011150,0.224187,0.657025,-0.012192,0.204465,0.633399,-0.013454,0.254072,0.716097,-0.016898,0.230535,0.671850,-0.025173,0.215544,0.652823,-0.030140,0.202744,0.637031,-0.034765,0.257499,0.752569,-0.018667,0.220104,0.761801,-0.029013,0.204254,0.772348,-0.035868,0.194382,0.777699,-0.041620,0.264050,0.792701,-0.020897,0.233966,0.807712,-0.034829,0.226165,0.813928,-0.041018,0.221877,0.812418,-0.044404,0.274042,0.830549,-0.023206,0.257804,0.847394,-0.036054,0.254012,0.847969,-0.040925,0.251888,0.843703,-0.043284
1780504345.568,left,victory,0.346718,0.803951,0.000000,0.332092,0.743155,-0.008044,0.304285,0.704441,-0.011674,0.280094,0.684758,-0.016650,0.266386,0.670145,-0.021468,0.271377,0.699152,-0.002032,0.242467,0.671198,-0.010327,0.222803,0.656402,-0.017853,0.204342,0.644861,-0.024581,0.265093,0.736936,-0.006355,0.231248,0.732338,-0.021096,0.247362,0.724169,-0.028526,0.264513,0.721570,-0.031288,0.266654,0.777338,-0.012023,0.243102,0.772179,-0.029099,0.264740,0.760466,-0.030280,0.283144,0.758505,-0.027374,0.274341,0.816260,-0.018311,0.258299,0.806535,-0.030376,0.273145,0.796782,-0.028740,0.286925,0.794911,-0.025183
1780504345.655,left,victory,0.355072,0.773861,0.000000,0.343959,0.720886,-0.011150,0.315222,0.689074,-0.013264,0.285127,0.692314,-0.015763,0.264002,0.709463,-0.017371,0.294986,0.665769,0.001231,0.282252,0.626126,-0.007607,0.271699,0.597333,-0.015245,0.262401,0.574577,-0.020755,0.283077,0.694289,-0.000495,0.243653,0.682991,-0.010446,0.221920,0.672753,-0.016723,0.204109,0.667816,-0.020188,0.280571,0.728132,-0.004743,0.251649,0.721761,-0.022996,0.271908,0.711807,-0.025834,0.288374,0.710077,-0.022797,0.284270,0.763937,-0.009812,0.267637,0.751340,-0.025909,0.283150,0.742313,-0.026781,0.296688,0.741018,-0.024150
1780504345.768,left,victory,0.366598,0.749955,0.000000,0.355884,0.695996,-0.005956,0.324759,0.667807,-0.006716,0.295766,0.681930,-0.008764,0.276582,0.706052,-0.010334,0.305699,0.657722,0.003036,0.290362,0.617908,-0.002131,0.281633,0.592423,-0.006481,0.273814,0.571489,-0.010196,0.293923,0.686535,-0.000778,0.255334,0.675841,-0.007925,0.234122,0.667377,-0.013247,0.217162,0.665138,-0.016837,0.291354,0.721260,-0.006223,0.264099,0.712544,-0.021012,0.283176,0.699048,-0.024994,0.298968,0.697243,-0.024290,0.294454,0.755874,-0.011969,0.280021,0.741946,-0.025629,0.294778,0.732425,-0.027659,0.307780,0.733243,-0.026974
1780504345.866,left,victory,0.367223,0.746991,0.000000,0.356446,0.691932,-0.007206,0.325585,0.665426,-0.008448,0.295554,0.680173,-0.010851,0.276935,0.705397,-0.012659,0.309104,0.656971,0.003536,0.293544,0.617326,-0.000873,0.283726,0.590956,-0.003850,0.276019,0.570090,-0.006444,0.297502,0.684736,0.000992,0.260488,0.675202,-0.004713,0.240380,0.666475,-0.007973,0.221817,0.660833,-0.010121,0.294641,0.717188,-0.003539,0.265824,0.712225,-0.017503,0.285219,0.695431,-0.020561,0.301682,0.690752,-0.019248,0.296910,0.751476,-0.008548,0.280267,0.743279,-0.022295,0.292827,0.733315,-0.024973,0.304683,0.733559,-0.024746
1780504345.992,left,victory,0.368216,0.750707,0.000000,0.358057,0.693995,-0.006115,0.329308,0.665936,-0.007093,0.299847,0.677540,-0.009603,0.281121,0.700627,-0.011679,0.312090,0.659676,0.004179,0.296605,0.620452,-0.000688,0.287136,0.594455,-0.004323,0.279705,0.573371,-0.007202,0.300523,0.687660,0.000905,0.264217,0.676486,-0.005054,0.243960,0.668093,-0.008126,0.226649,0.665009,-0.010015,0.297584,0.720440,-0.004296,0.268193,0.712112,-0.018297,0.289072,0.695702,-0.019833,0.307702,0.692742,-0.017135,0.299612,0.755462,-0.009974,0.280569,0.741432,-0.023136,0.292948,0.729591,-0.024246,0.305849,0.729158,-0.022691
1780504346.221,left,victory,0.371731,0.757405,0.000000,0.360797,0.702970,-0.008198,0.333031,0.674410,-0.009844,0.304999,0.687083,-0.012562,0.286207,0.708522,-0.014677,0.313932,0.663396,0.003160,0.299328,0.625007,-0.002889,0.290826,0.599313,-0.007854,0.283563,0.579180,-0.011812,0.302662,0.691858,0.000590,0.267659,0.680878,-0.007162,0.248566,0.673322,-0.012036,0.231292,0.670042,-0.014904,0.300372,0.724425,-0.004092,0.273069,0.716410,-0.020266,0.295295,0.704952,-0.023038,0.313206,0.703798,-0.020534,0.303608,0.759111,-0.009345,0.287794,0.746168,-0.024826,0.302526,0.735804,-0.027016,0.316061,0.734033,-0.025621
1780504346.328,left,victory,0.373714,0.757720,0.000000,0.364742,0.705079,-0.006463,0.332729,0.677873,-0.006837,0.306035,0.691272,-0.008683,0.288823,0.716982,-0.010067,0.313403,0.665606,0.005363,0.299855,0.629680,0.001038,0.291661,0.604251,-0.002974,0.285283,0.585606,-0.006547,0.302758,0.695525,0.001834,0.267067,0.686595,-0.004620,0.248379,0.678815,-0.008854,0.231376,0.676625,-0.011306,0.301931,0.729757,-0.003677,0.273932,0.723787,-0.019197,0.296943,0.710195,-0.021761,0.314026,0.707875,-0.019356,0.306405,0.764125,-0.009623,0.290442,0.749361,-0.025168,0.305893,0.740423,-0.027197,0.318480,0.741409,-0.025905
1780504346.475,left,victory,0.384492,0.769003,0.000000,0.374538,0.714043,-0.008719,0.344040,0.684932,-0.009846,0.316021,0.707099,-0.011585,0.298877,0.734675,-0.012684,0.324627,0.676049,0.000693,0.306780,0.639019,-0.004678,0.297058,0.615338,-0.008831,0.289374,0.596334,-0.012211,0.313599,0.709578,-0.001660,0.276771,0.700117,-0.009975,0.256009,0.692394,-0.015755,0.239549,0.690234,-0.019004,0.312881,0.745019,-0.005747,0.283691,0.739155,-0.023113,0.306896,0.730441,-0.026691,0.325967,0.730030,-0.024168,0.318360,0.779334,-0.010201,0.302011,0.764702,-0.026288,0.316144,0.750338,-0.028862,0.329116,0.743146,-0.027550
1780504346.615,left,victory,0.387368,0.784804,0.000000,0.374157,0.729771,-0.014703,0.342014,0.703946,-0.016969,0.311646,0.722528,-0.018291,0.291865,0.749772,-0.018636,0.325936,0.685516,-0.001917,0.307680,0.650530,-0.007195,0.296573,0.627535,-0.011662,0.287064,0.610019,-0.015705,0.314545,0.720083,-0.001110,0.278691,0.710061,-0.009189,0.255999,0.702910,-0.016254,0.237880,0.700056,-0.021084,0.314731,0.755769,-0.002887,0.282565,0.752864,-0.022425,0.295716,0.755482,-0.031905,0.308883,0.763187,-0.033796,0.321571,0.791269,-0.005157,0.304752,0.775334,-0.025312,0.318262,0.764877,-0.033312,0.331741,0.760383,-0.036136
1780504346.760,left,victory,0.388168,0.792092,0.000000,0.374954,0.739407,-0.009280,0.347262,0.712260,-0.012212,0.319074,0.726773,-0.015537,0.301126,0.752954,-0.018338,0.322741,0.703851,-0.002713,0.304412,0.668618,-0.009507,0.292018,0.644200,-0.015266,0.281699,0.624358,-0.019945,0.312530,0.737670,-0.005046,0.275520,0.733779,-0.014095,0.251017,0.729849,-0.021975,0.233177,0.728997,-0.027646,0.313598,0.771147,-0.008914,0.279832,0.772594,-0.024984,0.286927,0.770583,-0.031614,0.299445,0.774434,-0.032808,0.321524,0.803920,-0.013132,0.301732,0.794357,-0.028130,0.311054,0.778255,-0.032504,0.325083,0.768199,-0.033385
1780504346.885,left,victory,0.386935,0.788018,0.000000,0.377363,0.738009,-0.009647,0.349981,0.706478,-0.012376,0.321617,0.712237,-0.015711,0.305334,0.738580,-0.018335,0.320638,0.710376,-0.002004,0.298384,0.673699,-0.008815,0.285049,0.649703,-0.014426,0.274668,0.630503,-0.018700,0.311825,0.741657,-0.004101,0.271557,0.738673,-0.012970,0.247678,0.733118,-0.020026,0.228961,0.730882,-0.024617,0.313522,0.773893,-0.007635,0.282519,0.763905,-0.023377,0.298747,0.744667,-0.027003,0.316075,0.737753,-0.025593,0.321009,0.806590,-0.011795,0.302551,0.790092,-0.026069,0.313404,0.770596,-0.027807,0.327004,0.761982,-0.026320
1780504347.013,left,victory,0.385157,0.787798,0.000000,0.375432,0.735427,-0.010036,0.347244,0.703501,-0.012711,0.317952,0.709799,-0.015774,0.301310,0.735942,-0.018164,0.321127,0.708627,-0.002026,0.299292,0.673238,-0.007900,0.285900,0.650667,-0.012812,0.274640,0.632282,-0.016727,0.311455,0.739660,-0.003773,0.269779,0.739897,-0.011972,0.245725,0.734684,-0.018251,0.227059,0.732593,-0.022337,0.312240,0.771322,-0.006979,0.281079,0.761701,-0.023049,0.297731,0.744283,-0.026732,0.314819,0.739621,-0.025203,0.318666,0.803165,-0.010688,0.298885,0.785058,-0.025402,0.311116,0.766044,-0.026899,0.325710,0.759180,-0.025203
1780504347.253,left,victory,0.380049,0.785530,0.000000,0.367958,0.734859,-0.009369,0.338442,0.705979,-0.012184,0.309440,0.716168,-0.015797,0.293543,0.744725,-0.018680,0.314121,0.711700,-0.001274,0.294015,0.674451,-0.007887,0.281534,0.651312,-0.013453,0.271755,0.632595,-0.017612,0.305128,0.743439,-0.003520,0.265559,0.743069,-0.011948,0.242291,0.736421,-0.018499,0.224967,0.732879,-0.022768,0.306455,0.775632,-0.007343,0.275704,0.768651,-0.022896,0.291360,0.747856,-0.026912,0.309011,0.740202,-0.025740,0.313513,0.807185,-0.011691,0.293790,0.789295,-0.025362,0.305450,0.767113,-0.026893,0.320718,0.757018,-0.025390
1780504347.507,left,victory,0.375621,0.783964,0.000000,0.364458,0.735235,-0.009734,0.334725,0.708145,-0.012375,0.305923,0.717720,-0.015479,0.291200,0.747588,-0.017903,0.309246,0.714631,-0.002805,0.288062,0.677246,-0.009643,0.276634,0.653182,-0.015142,0.268064,0.635307,-0.019088,0.300688,0.745268,-0.004439,0.262171,0.743082,-0.012611,0.239074,0.738706,-0.019079,0.221492,0.738472,-0.023280,0.302910,0.775918,-0.007518,0.273109,0.772556,-0.022114,0.286435,0.753917,-0.026099,0.302102,0.745965,-0.025251,0.310921,0.807125,-0.011176,0.291372,0.792371,-0.024103,0.301227,0.771054,-0.025501,0.314954,0.759357,-0.024085
1780504347.672,left,victory,0.375216,0.784195,0.000000,0.363571,0.735102,-0.008691,0.333393,0.710129,-0.010479,0.305006,0.718794,-0.013116,0.289510,0.746506,-0.015162,0.307003,0.715152,0.000503,0.286350,0.681389,-0.005723,0.274727,0.658589,-0.011200,0.266204,0.640660,-0.015398,0.298822,0.745657,-0.002007,0.260357,0.744951,-0.009915,0.237288,0.741268,-0.016777,0.219950,0.741457,-0.021268,0.301749,0.776701,-0.006128,0.270309,0.776335,-0.021566,0.283626,0.754377,-0.026585,0.299664,0.743081,-0.026289,0.310822,0.808545,-0.010701,0.291037,0.795493,-0.025173,0.300318,0.774632,-0.027809,0.313306,0.763205,-0.027150
1780504347.878,left,victory,0.373198,0.781130,0.000000,0.361475,0.733840,-0.013224,0.331317,0.711460,-0.017331,0.301117,0.730364,-0.021080,0.283295,0.759215,-0.023850,0.304027,0.704440,-0.004324,0.284158,0.668218,-0.012466,0.272963,0.643212,-0.018893,0.265607,0.623465,-0.023479,0.295008,0.738139,-0.004799,0.258117,0.735046,-0.013236,0.235376,0.732444,-0.020120,0.218442,0.732215,-0.024773,0.298100,0.770660,-0.007354,0.267724,0.776741,-0.022937,0.278705,0.765492,-0.028728,0.293449,0.760227,-0.029270,0.308472,0.803332,-0.010772,0.289845,0.797878,-0.025672,0.297900,0.781103,-0.029492,0.309324,0.769886,-0.029808
1780504348.053,left,victory,0.364509,0.788584,0.000000,0.351346,0.737578,-0.013313,0.320645,0.718377,-0.015635,0.291722,0.740601,-0.017728,0.274828,0.769996,-0.018973,0.293913,0.703758,0.001219,0.274483,0.668987,-0.006192,0.263174,0.645780,-0.012837,0.254586,0.628091,-0.017612,0.285890,0.739356,0.001543,0.249542,0.737964,-0.007850,0.227242,0.736341,-0.016719,0.209673,0.736448,-0.022059,0.289658,0.773543,-0.000569,0.262857,0.780040,-0.017994,0.273368,0.771981,-0.026163,0.285314,0.766949,-0.027126,0.299675,0.805094,-0.003340,0.282367,0.804656,-0.019011,0.291011,0.794027,-0.023446,0.301146,0.784532,-0.023567
1780504348.208,left,victory,0.363675,0.797364,0.000000,0.354572,0.751000,-0.020884,0.327544,0.729684,-0.026516,0.299674,0.752362,-0.030796,0.279852,0.778846,-0.033597,0.293959,0.714389,-0.005394,0.273257,0.680426,-0.014048,0.260587,0.657367,-0.020669,0.251113,0.639057,-0.025062,0.284414,0.749199,-0.001864,0.249231,0.747627,-0.012313,0.226224,0.749130,-0.020452,0.208760,0.750086,-0.024865,0.286058,0.781690,-0.001689,0.258187,0.795101,-0.020839,0.270153,0.798816,-0.029364,0.284011,0.797851,-0.029650,0.292880,0.810766,-0.002941,0.273058,0.821576,-0.020433,0.281057,0.819576,-0.026602,0.292368,0.812342,-0.027306
1780504348.328,left,victory,0.365869,0.795458,0.000000,0.354260,0.747166,-0.018996,0.324949,0.727724,-0.023605,0.296498,0.753909,-0.027077,0.277523,0.783511,-0.029128,0.293626,0.718198,-0.002848,0.272189,0.686359,-0.009496,0.257856,0.664610,-0.014727,0.248312,0.647892,-0.018532,0.285653,0.754557,-0.000136,0.250026,0.756415,-0.008670,0.226960,0.757407,-0.016142,0.210234,0.758925,-0.020394,0.289556,0.786848,-0.000553,0.261839,0.798526,-0.019225,0.273837,0.793846,-0.028704,0.288651,0.789370,-0.029868,0.299124,0.814449,-0.002111,0.281080,0.820195,-0.020436,0.288900,0.811749,-0.028027,0.300241,0.801862,-0.029864
1780504348.481,left,victory,0.368353,0.791195,0.000000,0.356413,0.744790,-0.016689,0.326514,0.726856,-0.020996,0.298228,0.751160,-0.024568,0.280221,0.780445,-0.026973,0.293879,0.719861,-0.003451,0.272084,0.689163,-0.011471,0.258370,0.666855,-0.017874,0.248718,0.648619,-0.022553,0.286535,0.755808,-0.002084,0.249807,0.760068,-0.012214,0.226318,0.763290,-0.020771,0.208501,0.766132,-0.025736,0.291239,0.787960,-0.003313,0.261613,0.801507,-0.022738,0.274762,0.796299,-0.031176,0.290230,0.790084,-0.031606,0.302479,0.815888,-0.005466,0.285414,0.823009,-0.024471,0.294434,0.813419,-0.031145,0.306120,0.802016,-0.032036
1780504348.610,left,victory,0.372124,0.786300,0.000000,0.360708,0.742380,-0.015023,0.332438,0.719671,-0.019187,0.304292,0.740355,-0.022755,0.287097,0.770618,-0.025463,0.295260,0.716685,-0.003887,0.273620,0.686608,-0.011423,0.259840,0.666592,-0.017667,0.248921,0.650029,-0.022627,0.288580,0.751952,-0.003860,0.250862,0.758965,-0.013552,0.226406,0.764970,-0.021827,0.207842,0.769733,-0.026787,0.294988,0.782925,-0.006065,0.263660,0.800296,-0.025209,0.270960,0.801828,-0.033902,0.280927,0.800300,-0.035329,0.309062,0.811451,-0.008955,0.293586,0.820229,-0.028790,0.304235,0.812266,-0.035267,0.317115,0.802841,-0.036249
1780504348.753,left,victory,0.374218,0.776555,0.000000,0.361745,0.729979,-0.010561,0.334289,0.705965,-0.013660,0.307443,0.721313,-0.017024,0.293116,0.753253,-0.019764,0.296437,0.712786,-0.002466,0.273549,0.685152,-0.009400,0.259505,0.666516,-0.015590,0.247915,0.652363,-0.020477,0.289953,0.748522,-0.004671,0.249906,0.757480,-0.013653,0.224922,0.763835,-0.021708,0.205466,0.772086,-0.026782,0.296517,0.780228,-0.008336,0.265863,0.791211,-0.025590,0.276254,0.781278,-0.031828,0.288431,0.775553,-0.031995,0.310889,0.810012,-0.012451,0.294333,0.804624,-0.029401,0.304993,0.787107,-0.032804,0.317742,0.774907,-0.032048
1780504348.950,left,victory,0.379660,0.747982,0.000000,0.368221,0.698147,-0.009096,0.345569,0.661471,-0.013710,0.323775,0.655353,-0.019205,0.311823,0.676994,-0.023850,0.300558,0.702443,-0.005939,0.273459,0.688020,-0.014418,0.257307,0.682054,-0.020785,0.243581,0.679986,-0.025316,0.294968,0.738665,-0.010473,0.250050,0.753449,-0.022349,0.221637,0.759292,-0.032687,0.199961,0.765879,-0.038754,0.301395,0.769108,-0.015988,0.277136,0.762801,-0.036579,0.283762,0.732050,-0.047985,0.292825,0.710100,-0.051290,0.314579,0.792394,-0.021494,0.303784,0.756223,-0.040114,0.314524,0.717245,-0.046538,0.327566,0.688852,-0.048116
1780504349.072,left,victory,0.388191,0.727772,0.000000,0.371207,0.658255,-0.002690,0.355104,0.633786,-0.011309,0.345499,0.621699,-0.023158,0.336043,0.614322,-0.033731,0.308219,0.710236,-0.015794,0.268184,0.698449,-0.031187,0.241636,0.691848,-0.040318,0.218753,0.693754,-0.045699,0.308636,0.714261,-0.024544,0.268139,0.676086,-0.046304,0.238457,0.663002,-0.057731,0.216264,0.661343,-0.062304,0.316969,0.705235,-0.032774,0.307467,0.623675,-0.054243,0.326680,0.602364,-0.054921,0.343303,0.599812,-0.048540,0.330364,0.684773,-0.041320,0.325947,0.626240,-0.051724,0.338942,0.608204,-0.047263,0.353393,0.600479,-0.040337
1780504349.214,left,victory,0.394303,0.694744,0.000000,0.361897,0.677551,0.004721,0.338646,0.642083,0.001703,0.334544,0.600939,-0.003763,0.341436,0.573510,-0.009352,0.318404,0.656505,-0.009510,0.280792,0.637999,-0.018182,0.259345,0.635058,-0.021028,0.241556,0.637079,-0.022135,0.325643,0.631928,-0.018212,0.291720,0.589688,-0.027280,0.271195,0.568590,-0.030753,0.254754,0.552658,-0.031990,0.339557,0.612105,-0.025732,0.334809,0.568504,-0.033256,0.343887,0.585227,-0.031998,0.348885,0.602997,-0.028677,0.355409,0.597408,-0.033009,0.354572,0.574913,-0.034222,0.360821,0.595591,-0.028969,0.364464,0.614531,-0.024360
1780504349.341,left,victory,0.389817,0.679228,0.000000,0.356035,0.672157,0.010231,0.338804,0.641015,0.008491,0.336505,0.603762,0.004215,0.341603,0.574200,0.000468,0.319639,0.636368,-0.007345,0.287039,0.614749,-0.014195,0.266442,0.611790,-0.016618,0.249438,0.610696,-0.017605,0.327827,0.609940,-0.016010,0.296014,0.570332,-0.022156,0.276564,0.549054,-0.024293,0.263733,0.532428,-0.025532,0.343678,0.589115,-0.022280,0.339280,0.558648,-0.020340,0.345127,0.577332,-0.012262,0.350263,0.595300,-0.006794,0.362001,0.576401,-0.028534,0.359460,0.567754,-0.020756,0.362731,0.583308,-0.010635,0.366089,0.595657,-0.003615
1780504349.453,left,victory,0.386370,0.679411,0.000000,0.353883,0.672602,0.005517,0.337809,0.641992,0.003227,0.338043,0.603081,-0.001008,0.344466,0.574494,-0.005056,0.319722,0.633435,-0.007160,0.289641,0.614104,-0.013308,0.271769,0.609329,-0.015385,0.256266,0.606331,-0.016059,0.327099,0.606440,-0.014035,0.297544,0.569934,-0.018927,0.281055,0.548922,-0.021015,0.269088,0.532265,-0.021903,0.342243,0.586001,-0.019413,0.343587,0.563462,-0.019883,0.350265,0.580952,-0.015974,0.354264,0.597453,-0.012696,0.359609,0.574316,-0.024972,0.362325,0.570099,-0.020739,0.366489,0.586278,-0.014213,0.369210,0.599444,-0.009372
1780504349.589,left,victory,0.383582,0.678712,0.000000,0.350663,0.670951,0.004572,0.335120,0.640032,0.001143,0.336765,0.603708,-0.004110,0.346651,0.577035,-0.009332,0.318913,0.632033,-0.009669,0.289795,0.613468,-0.017722,0.271598,0.608355,-0.021671,0.255838,0.605291,-0.023686,0.326642,0.606094,-0.016563,0.298132,0.568383,-0.022087,0.282150,0.545499,-0.024702,0.269951,0.527211,-0.026110,0.342413,0.586114,-0.022011,0.343360,0.563086,-0.022967,0.349735,0.580408,-0.018903,0.353347,0.597274,-0.015479,0.360788,0.574470,-0.027745,0.362890,0.569210,-0.024047,0.366645,0.584725,-0.017260,0.369066,0.597744,-0.012108
1780504349.709,left,victory,0.383301,0.681322,0.000000,0.351202,0.670823,0.003631,0.335217,0.637754,0.000679,0.338059,0.601133,-0.003887,0.348810,0.575606,-0.008448,0.320568,0.628887,-0.008549,0.292563,0.610101,-0.016152,0.274848,0.604546,-0.019852,0.259336,0.601151,-0.021643,0.328380,0.603180,-0.014963,0.301309,0.565857,-0.019501,0.286273,0.543995,-0.021702,0.274151,0.526744,-0.022778,0.343878,0.583812,-0.020298,0.346218,0.560587,-0.021663,0.352860,0.577285,-0.018770,0.355972,0.593805,-0.015925,0.361888,0.573184,-0.025913,0.364858,0.565331,-0.022800,0.368581,0.580469,-0.016847,0.370330,0.594167,-0.012253
1780504349.846,left,victory,0.383587,0.672336,0.000000,0.351475,0.663576,0.004176,0.335568,0.631985,0.000892,0.337361,0.598174,-0.004065,0.347537,0.573564,-0.009221,0.322136,0.621339,-0.009277,0.294758,0.602441,-0.017191,0.277228,0.596860,-0.021543,0.261605,0.593099,-0.023896,0.330407,0.595401,-0.015947,0.303901,0.556521,-0.019631,0.289196,0.533707,-0.021363,0.277124,0.515358,-0.022618,0.346094,0.577068,-0.021407,0.346062,0.556007,-0.021316,0.352261,0.573345,-0.017366,0.355298,0.589546,-0.014496,0.364128,0.567558,-0.027202,0.364776,0.561197,-0.023477,0.368323,0.576586,-0.016819,0.370351,0.589399,-0.011988
1780504349.975,left,victory,0.384133,0.673211,0.000000,0.353510,0.661196,0.003257,0.338549,0.628371,0.000008,0.340711,0.593481,-0.004848,0.350661,0.569412,-0.009768,0.323680,0.617839,-0.008461,0.296759,0.598815,-0.016333,0.279488,0.591313,-0.020625,0.264432,0.586192,-0.022770,0.332611,0.592882,-0.014926,0.307933,0.552202,-0.018945,0.293868,0.528951,-0.021001,0.282313,0.511346,-0.022093,0.348426,0.575432,-0.020446,0.349969,0.553423,-0.021756,0.356071,0.570358,-0.018835,0.358698,0.586842,-0.015965,0.366300,0.567183,-0.026276,0.367495,0.558786,-0.023166,0.371003,0.573802,-0.016769,0.372911,0.587243,-0.011789
1780504350.128,left,victory,0.384639,0.675444,0.000000,0.354074,0.661597,0.003603,0.340144,0.626884,0.000830,0.343060,0.590568,-0.003614,0.353273,0.566345,-0.007876,0.325588,0.618899,-0.006944,0.298069,0.601087,-0.014649,0.280377,0.594657,-0.018879,0.265162,0.590248,-0.021044,0.334146,0.595150,-0.013406,0.308714,0.554765,-0.017974,0.294382,0.531325,-0.020404,0.282756,0.513233,-0.021645,0.349520,0.578557,-0.018989,0.351288,0.554140,-0.020902,0.358080,0.570715,-0.018113,0.360646,0.586437,-0.015137,0.367113,0.570540,-0.024831,0.369091,0.560440,-0.022410,0.373024,0.575629,-0.016589,0.374335,0.588796,-0.011920
1780504350.255,left,victory,0.383663,0.672580,0.000000,0.353683,0.660947,0.003332,0.338899,0.629968,0.000189,0.340032,0.597160,-0.004668,0.349580,0.573420,-0.009584,0.325110,0.617958,-0.007087,0.298467,0.599352,-0.014821,0.281195,0.591369,-0.019194,0.266336,0.585888,-0.021358,0.333808,0.593097,-0.013481,0.308867,0.551430,-0.017594,0.294743,0.527982,-0.019692,0.283150,0.510340,-0.020672,0.349102,0.576227,-0.019032,0.349641,0.552964,-0.020633,0.356100,0.569913,-0.017635,0.358701,0.585632,-0.014575,0.366468,0.568352,-0.024827,0.367418,0.558130,-0.021712,0.371200,0.574348,-0.015098,0.372682,0.587921,-0.009928
1780504350.457,left,victory,0.384019,0.670675,0.000000,0.353642,0.658090,0.002417,0.339256,0.625646,-0.000857,0.341513,0.590779,-0.005667,0.351922,0.566609,-0.010397,0.325935,0.615417,-0.007692,0.299333,0.595543,-0.015524,0.282556,0.586876,-0.019871,0.267744,0.580949,-0.022008,0.334712,0.591030,-0.013646,0.310542,0.549700,-0.017919,0.296636,0.526304,-0.020211,0.284867,0.508782,-0.021266,0.349779,0.574349,-0.018874,0.351237,0.550931,-0.021032,0.357523,0.566834,-0.018748,0.359890,0.582326,-0.015971,0.366702,0.566682,-0.024404,0.368783,0.556840,-0.021925,0.372215,0.572208,-0.016062,0.373437,0.585666,-0.011312
1780504350.654,left,victory,0.381328,0.670446,0.000000,0.351030,0.657773,0.001737,0.337047,0.623305,-0.001786,0.340862,0.587148,-0.006561,0.352823,0.563097,-0.011145,0.323973,0.614459,-0.008539,0.297286,0.592282,-0.015932,0.280139,0.583986,-0.019811,0.265210,0.578787,-0.021770,0.333049,0.588965,-0.013959,0.309320,0.547461,-0.018666,0.294636,0.523497,-0.021636,0.282508,0.504537,-0.023259,0.348186,0.571676,-0.018492,0.350103,0.551093,-0.020040,0.355329,0.568047,-0.017596,0.357329,0.583712,-0.014992,0.364643,0.563064,-0.023438,0.366610,0.559599,-0.020268,0.369804,0.574940,-0.014342,0.370972,0.587500,-0.009741
1780504350.915,left,victory,0.376916,0.669186,0.000000,0.345975,0.654841,0.002407,0.331959,0.617423,-0.001034,0.336684,0.579475,-0.005601,0.347904,0.553506,-0.009961,0.318973,0.616185,-0.009762,0.292140,0.592317,-0.016640,0.275301,0.583321,-0.019823,0.260261,0.577255,-0.021546,0.327523,0.590631,-0.015570,0.302335,0.549011,-0.019686,0.287967,0.524542,-0.022050,0.275541,0.505118,-0.023635,0.342645,0.571882,-0.020294,0.344403,0.544352,-0.021831,0.351166,0.561509,-0.018982,0.353799,0.578548,-0.016352,0.359594,0.561277,-0.025309,0.362566,0.555591,-0.022902,0.366473,0.570925,-0.017492,0.367900,0.584158,-0.013344
1780504351.134,left,victory,0.380307,0.672759,0.000000,0.351430,0.656777,0.005005,0.337987,0.622017,0.003556,0.342107,0.585808,0.000094,0.353219,0.561571,-0.003303,0.323762,0.613452,-0.003153,0.300049,0.591622,-0.008210,0.285320,0.582242,-0.010312,0.272151,0.575450,-0.011035,0.332706,0.589912,-0.009561,0.311991,0.546849,-0.012976,0.299267,0.522969,-0.015336,0.288795,0.505017,-0.016379,0.347895,0.574209,-0.014927,0.352462,0.552436,-0.016087,0.358166,0.568346,-0.014491,0.360186,0.583105,-0.012193,0.365014,0.566506,-0.020273,0.368153,0.557842,-0.016185,0.371270,0.572915,-0.010361,0.372319,0.586153,-0.005849
1780504351.276,left,victory,0.380605,0.673468,0.000000,0.351989,0.659290,0.003348,0.339132,0.626457,0.000883,0.342670,0.592826,-0.003225,0.354330,0.569641,-0.007278,0.325872,0.614699,-0.005659,0.301228,0.592162,-0.012141,0.285009,0.582201,-0.015455,0.271241,0.575096,-0.017008,0.334006,0.591356,-0.011553,0.312099,0.548208,-0.014919,0.299414,0.524634,-0.016770,0.289275,0.506742,-0.017545,0.348389,0.575666,-0.016651,0.352997,0.550886,-0.017301,0.358661,0.566975,-0.014844,0.360463,0.582050,-0.012303,0.364738,0.568446,-0.022036,0.368828,0.560527,-0.018293,0.371934,0.576058,-0.012537,0.372470,0.588844,-0.008105
1780504351.429,left,victory,0.379972,0.675622,0.000000,0.351409,0.659791,0.004742,0.338679,0.624262,0.002749,0.341698,0.590183,-0.001174,0.353316,0.566666,-0.005092,0.325315,0.613642,-0.004600,0.301337,0.589087,-0.010693,0.285411,0.578082,-0.013866,0.271579,0.570080,-0.015479,0.333713,0.590600,-0.011078,0.312960,0.545846,-0.014167,0.300729,0.520856,-0.016163,0.290666,0.501991,-0.017259,0.348136,0.575433,-0.016563,0.353588,0.549302,-0.016308,0.359674,0.567038,-0.013074,0.361083,0.583130,-0.010348,0.364536,0.568284,-0.022304,0.369883,0.558669,-0.018117,0.373392,0.575577,-0.012134,0.373608,0.589421,-0.007662
1780504351.567,left,victory,0.379324,0.675347,0.000000,0.350364,0.657091,0.003575,0.337967,0.618540,0.001417,0.342808,0.581129,-0.002385,0.354267,0.556420,-0.005880,0.325366,0.613396,-0.004468,0.301527,0.588912,-0.010088,0.285832,0.578641,-0.012844,0.272052,0.571305,-0.014194,0.333457,0.592144,-0.010344,0.313373,0.547556,-0.013858,0.301299,0.522704,-0.016398,0.291463,0.503671,-0.017739,0.347414,0.577498,-0.015360,0.354389,0.551379,-0.016469,0.360393,0.568528,-0.014526,0.361533,0.584104,-0.012286,0.363438,0.570041,-0.020589,0.369452,0.559685,-0.016920,0.372919,0.576072,-0.011507,0.372871,0.589491,-0.007421
1780504351.717,left,victory,0.377758,0.674531,0.000000,0.349108,0.658099,0.003322,0.336938,0.621527,0.000750,0.341513,0.586198,-0.003422,0.354020,0.561900,-0.007481,0.324976,0.614129,-0.005695,0.301843,0.589003,-0.011739,0.286106,0.578278,-0.014836,0.272414,0.570416,-0.016409,0.333349,0.591447,-0.011397,0.313416,0.547161,-0.014630,0.301208,0.522019,-0.016860,0.291115,0.502438,-0.018156,0.347586,0.575880,-0.016216,0.353319,0.549991,-0.016733,0.359069,0.566810,-0.014370,0.360412,0.582703,-0.012052,0.363502,0.568192,-0.021299,0.368361,0.558703,-0.017322,0.371544,0.574439,-0.011682,0.371726,0.587698,-0.007504
1780504351.845,left,victory,0.377806,0.674236,0.000000,0.349364,0.658329,0.004358,0.337458,0.621530,0.002367,0.341524,0.586425,-0.001362,0.353545,0.562139,-0.004950,0.325331,0.614591,-0.004562,0.302137,0.589276,-0.010269,0.286410,0.578834,-0.013262,0.272895,0.571818,-0.014773,0.333339,0.592543,-0.010409,0.313668,0.547522,-0.013326,0.301581,0.522164,-0.015493,0.291763,0.502924,-0.016806,0.347305,0.577159,-0.015255,0.352791,0.549645,-0.014808,0.358720,0.566371,-0.011681,0.360110,0.582171,-0.009071,0.363254,0.569217,-0.020335,0.367772,0.558253,-0.015570,0.371119,0.573994,-0.009433,0.371415,0.587171,-0.004982
1780504351.989,left,victory,0.375159,0.677006,0.000000,0.347454,0.658891,0.003505,0.335930,0.621719,0.000950,0.340446,0.587056,-0.003220,0.353101,0.563798,-0.007386,0.324317,0.613158,-0.005872,0.302055,0.588284,-0.011924,0.286752,0.576533,-0.015131,0.273470,0.567711,-0.016842,0.332868,0.590901,-0.011739,0.313734,0.545864,-0.014942,0.302137,0.520449,-0.017077,0.292566,0.501144,-0.018305,0.347161,0.575832,-0.016676,0.352893,0.550042,-0.017156,0.358423,0.567240,-0.014558,0.359522,0.583543,-0.012094,0.363173,0.568726,-0.021855,0.367626,0.558745,-0.017906,0.370671,0.575106,-0.012032,0.370751,0.589087,-0.007670
1780504352.079,left,victory,0.368418,0.671794,0.000000,0.342388,0.652225,0.002097,0.331454,0.613377,-0.000541,0.337687,0.577885,-0.004379,0.349137,0.553007,-0.007992,0.319060,0.609788,-0.006592,0.297841,0.581180,-0.012134,0.284273,0.568551,-0.014273,0.271392,0.559489,-0.015166,0.328066,0.585783,-0.011754,0.310195,0.540131,-0.015037,0.299210,0.515041,-0.017277,0.288727,0.495957,-0.018474,0.342435,0.570209,-0.016146,0.349674,0.548042,-0.017966,0.355129,0.564313,-0.017057,0.355658,0.579845,-0.015460,0.358002,0.562663,-0.020688,0.364407,0.560325,-0.018199,0.367439,0.575641,-0.013904,0.367428,0.589196,-0.010560
1780504352.226,left,victory,0.370666,0.662574,0.000000,0.368537,0.611922,0.002111,0.363118,0.580509,-0.001692,0.359428,0.552167,-0.009025,0.353001,0.531168,-0.015300,0.312256,0.604813,0.003329,0.293719,0.568652,-0.003590,0.280306,0.547029,-0.009216,0.266572,0.532234,-0.012923,0.311201,0.599195,-0.004425,0.289863,0.560048,-0.014819,0.272368,0.533791,-0.022363,0.256268,0.516296,-0.026436,0.318853,0.595525,-0.012303,0.323970,0.535239,-0.025330,0.343673,0.528544,-0.029002,0.357238,0.535642,-0.027941,0.332779,0.586081,-0.020034,0.342400,0.542985,-0.028106,0.355344,0.534443,-0.028481,0.366279,0.537673,-0.026602
1780504352.353,left,victory,0.378677,0.632429,0.000000,0.373594,0.587321,-0.006071,0.359253,0.555000,-0.008633,0.341638,0.540143,-0.012725,0.326562,0.543148,-0.016260,0.328883,0.570599,0.000810,0.312453,0.546509,-0.005143,0.301940,0.531585,-0.009915,0.291136,0.518446,-0.013478,0.320281,0.591000,-0.003472,0.283873,0.580578,-0.013651,0.263348,0.570930,-0.020766,0.247218,0.564617,-0.024377,0.318634,0.613679,-0.009090,0.299232,0.581404,-0.027886,0.318540,0.557335,-0.034068,0.334967,0.546357,-0.033186,0.321113,0.634669,-0.014600,0.312165,0.597819,-0.030321,0.326989,0.578900,-0.033024,0.340967,0.572512,-0.031801
1780504352.512,left,victory,0.369459,0.639416,0.000000,0.364797,0.598633,-0.007007,0.344980,0.570031,-0.009173,0.324781,0.565881,-0.011997,0.310616,0.580553,-0.014233,0.315384,0.575295,-0.002295,0.297514,0.544175,-0.008288,0.288096,0.524664,-0.012579,0.279544,0.510554,-0.015350,0.308047,0.599212,-0.004634,0.272166,0.592388,-0.012865,0.252259,0.587425,-0.018275,0.236877,0.586821,-0.020825,0.309490,0.624846,-0.008006,0.287668,0.609346,-0.022724,0.302569,0.589216,-0.026595,0.316862,0.580193,-0.025011,0.315705,0.649412,-0.011517,0.304018,0.626934,-0.024227,0.315792,0.609339,-0.025349,0.328255,0.601251,-0.023240
1780504352.632,left,victory,0.369863,0.640927,0.000000,0.364459,0.601834,-0.009816,0.342878,0.573717,-0.013339,0.320470,0.577685,-0.017078,0.305013,0.599057,-0.020224,0.312537,0.573196,-0.004083,0.294517,0.542027,-0.011030,0.284405,0.521408,-0.016454,0.275383,0.505765,-0.020202,0.305425,0.599346,-0.005935,0.269615,0.594405,-0.014284,0.250547,0.588494,-0.020171,0.235350,0.587472,-0.023185,0.308588,0.626867,-0.009108,0.285946,0.615734,-0.025417,0.302862,0.597494,-0.029530,0.317486,0.591030,-0.027713,0.317333,0.653074,-0.012608,0.303339,0.632841,-0.027563,0.316389,0.616227,-0.028863,0.329694,0.610512,-0.026471
1780504352.735,left,victory,0.370315,0.644359,0.000000,0.363846,0.605527,-0.009375,0.341710,0.577835,-0.012441,0.320153,0.585989,-0.015797,0.305315,0.609696,-0.018593,0.310202,0.577569,-0.003308,0.290876,0.547068,-0.010487,0.281514,0.526150,-0.015921,0.273648,0.510676,-0.019498,0.303845,0.604942,-0.005453,0.269332,0.600178,-0.014191,0.249808,0.595561,-0.021016,0.234490,0.595958,-0.024730,0.307608,0.633503,-0.009010,0.288074,0.623296,-0.025240,0.300364,0.606761,-0.031087,0.311316,0.600500,-0.030814,0.316826,0.660686,-0.012823,0.304988,0.643328,-0.027557,0.317220,0.627323,-0.029630,0.329897,0.620720,-0.028029
1780504352.888,left,victory,0.370930,0.648359,0.000000,0.364043,0.609634,-0.011114,0.342134,0.583671,-0.015294,0.320053,0.591910,-0.019430,0.304780,0.615789,-0.022895,0.310740,0.580138,-0.005470,0.290899,0.549385,-0.013249,0.280398,0.527985,-0.019300,0.271829,0.510792,-0.023321,0.303971,0.608059,-0.006772,0.269046,0.604682,-0.015803,0.248771,0.599211,-0.022970,0.233674,0.597161,-0.027035,0.307710,0.636594,-0.009541,0.288260,0.626024,-0.026110,0.302230,0.613666,-0.032156,0.315104,0.610892,-0.031871,0.317030,0.662397,-0.012716,0.304878,0.645622,-0.027850,0.316675,0.630549,-0.030471,0.329124,0.624378,-0.029183
1780504352.962,left,victory,0.370478,0.648791,0.000000,0.363040,0.611201,-0.011318,0.341780,0.585283,-0.015606,0.320148,0.594840,-0.019833,0.304962,0.618827,-0.023358,0.310343,0.582036,-0.005585,0.290332,0.550277,-0.013082,0.279557,0.528484,-0.018817,0.270938,0.511402,-0.022562,0.303814,0.609916,-0.006767,0.268765,0.606996,-0.015078,0.248686,0.601923,-0.021637,0.233814,0.600592,-0.025362,0.307824,0.637925,-0.009497,0.288730,0.629212,-0.024939,0.301365,0.616270,-0.030609,0.313109,0.612490,-0.030332,0.317163,0.663441,-0.012748,0.303471,0.650445,-0.026661,0.313763,0.635664,-0.028906,0.325451,0.628554,-0.027599
1780504353.077,left,victory,0.369278,0.652427,0.000000,0.362591,0.614190,-0.011233,0.340566,0.587505,-0.015608,0.317796,0.599303,-0.019964,0.302447,0.624400,-0.023593,0.309480,0.583624,-0.006089,0.289536,0.551790,-0.014596,0.279276,0.530140,-0.020818,0.270427,0.513638,-0.024768,0.302664,0.612365,-0.007506,0.267916,0.608416,-0.017394,0.247537,0.604445,-0.024645,0.230932,0.604729,-0.028342,0.306634,0.641276,-0.010299,0.289173,0.634921,-0.027011,0.304436,0.622752,-0.031497,0.316900,0.619454,-0.029709,0.316144,0.667706,-0.013578,0.304626,0.655748,-0.027605,0.316220,0.642154,-0.028354,0.327606,0.636180,-0.025529
1780504353.198,left,victory,0.368651,0.654968,0.000000,0.361746,0.616407,-0.010238,0.340007,0.591968,-0.014504,0.317832,0.602793,-0.019075,0.302767,0.627579,-0.022883,0.308229,0.586031,-0.005431,0.287924,0.553415,-0.013955,0.277740,0.531680,-0.020147,0.268956,0.515158,-0.024101,0.301397,0.614964,-0.007323,0.266952,0.611151,-0.017479,0.246578,0.606857,-0.024911,0.229677,0.606954,-0.028720,0.305327,0.644156,-0.010435,0.287901,0.638941,-0.026962,0.304346,0.626754,-0.030944,0.317431,0.623540,-0.028787,0.315228,0.670290,-0.013990,0.304543,0.658473,-0.027603,0.316604,0.645272,-0.027911,0.328060,0.639968,-0.024743
1780504353.287,left,victory,0.366547,0.659654,0.000000,0.359514,0.620275,-0.012174,0.337607,0.595893,-0.017279,0.314232,0.609077,-0.022319,0.298247,0.635880,-0.026532,0.305815,0.588577,-0.006545,0.284805,0.555993,-0.015145,0.273547,0.534329,-0.021254,0.263998,0.518381,-0.025195,0.299589,0.618533,-0.007650,0.265238,0.615004,-0.018023,0.244248,0.611460,-0.025766,0.226808,0.612601,-0.029788,0.303992,0.647942,-0.010174,0.286488,0.644336,-0.027532,0.303074,0.633875,-0.032239,0.316151,0.631728,-0.030362,0.314245,0.674101,-0.013217,0.302895,0.664522,-0.027756,0.314883,0.652251,-0.028796,0.326352,0.647034,-0.026023
1780504353.372,left,victory,0.366860,0.660616,0.000000,0.360494,0.621633,-0.010725,0.339096,0.598582,-0.015321,0.317498,0.609102,-0.020333,0.302254,0.632759,-0.024583,0.306189,0.589646,-0.006176,0.285404,0.555769,-0.015253,0.273935,0.533858,-0.021651,0.264047,0.517513,-0.025788,0.299492,0.618978,-0.008134,0.265498,0.614550,-0.019183,0.244332,0.611411,-0.027084,0.226177,0.612158,-0.031132,0.303527,0.647771,-0.011359,0.285238,0.645856,-0.028599,0.303088,0.635329,-0.032589,0.317263,0.631282,-0.030154,0.313660,0.673679,-0.015120,0.302971,0.666169,-0.029159,0.314421,0.654967,-0.029944,0.325405,0.649046,-0.027014
1780504353.512,left,victory,0.365463,0.662083,0.000000,0.358870,0.622446,-0.011083,0.337993,0.599869,-0.016195,0.315894,0.611912,-0.021609,0.300456,0.636624,-0.026331,0.304871,0.591307,-0.007272,0.283924,0.558211,-0.016754,0.272628,0.536689,-0.023389,0.262556,0.520322,-0.027612,0.298252,0.621054,-0.008958,0.264123,0.618001,-0.020580,0.242697,0.614798,-0.028865,0.224466,0.615102,-0.033090,0.302129,0.650178,-0.011825,0.285145,0.648669,-0.029265,0.302320,0.638123,-0.033545,0.316176,0.634414,-0.031245,0.311830,0.675870,-0.015187,0.301548,0.668507,-0.028930,0.313114,0.658385,-0.029471,0.324291,0.653888,-0.026322
1780504353.626,left,victory,0.364982,0.666021,0.000000,0.357890,0.626407,-0.011607,0.336984,0.604093,-0.016886,0.314914,0.617745,-0.022342,0.299275,0.642400,-0.027018,0.303434,0.594562,-0.007084,0.282498,0.561502,-0.016865,0.270602,0.540727,-0.023597,0.260093,0.524357,-0.027754,0.297304,0.624760,-0.008639,0.263333,0.622918,-0.020738,0.241876,0.619834,-0.028892,0.223912,0.619637,-0.032682,0.301981,0.654265,-0.011478,0.285421,0.654475,-0.029605,0.303153,0.645275,-0.033261,0.317017,0.642134,-0.030120,0.312603,0.680083,-0.014858,0.301674,0.674410,-0.029098,0.313971,0.665916,-0.028958,0.325358,0.662578,-0.024960
1780504353.777,left,victory,0.364341,0.670476,0.000000,0.357540,0.632962,-0.015102,0.336189,0.610650,-0.021661,0.313494,0.627376,-0.027716,0.296491,0.653250,-0.032687,0.300911,0.598296,-0.008996,0.278911,0.565608,-0.019591,0.266355,0.544844,-0.026586,0.255912,0.528749,-0.030742,0.294810,0.629709,-0.009026,0.261232,0.629287,-0.021907,0.239945,0.626574,-0.030477,0.222147,0.626107,-0.034233,0.299754,0.659600,-0.010822,0.284183,0.663154,-0.029976,0.301023,0.654977,-0.034728,0.314012,0.651081,-0.032013,0.310600,0.685076,-0.013407,0.300357,0.682014,-0.028430,0.311886,0.675228,-0.029227,0.321972,0.672120,-0.025710
1780504362.050,left,victory,0.407601,0.773703,0.000000,0.400959,0.698756,0.004897,0.413843,0.645403,0.001477,0.436324,0.624906,-0.004216,0.454318,0.619959,-0.009932,0.408843,0.623594,-0.009593,0.413896,0.551818,-0.017112,0.417763,0.509813,-0.020715,0.422069,0.475038,-0.022865,0.427792,0.637823,-0.017935,0.448400,0.565640,-0.024672,0.462493,0.526289,-0.027392,0.473545,0.497476,-0.029166,0.445271,0.660604,-0.024992,0.467030,0.600729,-0.031528,0.459683,0.613355,-0.028243,0.450271,0.633024,-0.023945,0.460352,0.685337,-0.031733,0.468956,0.637546,-0.033679,0.459643,0.641551,-0.027630,0.451150,0.656397,-0.021883
1780504362.137,left,victory,0.422922,0.762364,0.000000,0.414884,0.694708,0.000782,0.429959,0.641476,-0.004520,0.455305,0.616994,-0.010651,0.475507,0.608530,-0.016709,0.424894,0.616979,-0.015632,0.426330,0.545821,-0.024351,0.427325,0.502569,-0.028736,0.429337,0.466581,-0.031131,0.445730,0.628853,-0.021357,0.463416,0.557427,-0.027918,0.476990,0.515617,-0.030586,0.488432,0.484819,-0.032254,0.463961,0.650499,-0.025740,0.477518,0.603998,-0.031536,0.466921,0.620109,-0.027860,0.456479,0.638473,-0.023462,0.477831,0.675461,-0.030072,0.479831,0.639254,-0.031223,0.468693,0.650429,-0.023978,0.460696,0.666193,-0.017405
1780504362.230,left,victory,0.431473,0.762469,0.000000,0.421587,0.695017,-0.001465,0.434541,0.638775,-0.007336,0.459599,0.614162,-0.013457,0.478673,0.606633,-0.019072,0.430649,0.621481,-0.017795,0.431381,0.550430,-0.027892,0.431452,0.505773,-0.033175,0.433235,0.469429,-0.036084,0.451547,0.636158,-0.022552,0.469228,0.564394,-0.031801,0.483175,0.518865,-0.036140,0.496467,0.484452,-0.038694,0.470120,0.657990,-0.026063,0.483013,0.607140,-0.034691,0.472273,0.621903,-0.031712,0.462617,0.640914,-0.027063,0.484895,0.680228,-0.029619,0.487006,0.640310,-0.032816,0.477384,0.650260,-0.026260,0.471496,0.666170,-0.019778
1780504362.362,left,victory,0.439386,0.770248,0.000000,0.427470,0.706863,-0.000142,0.439271,0.652225,-0.005748,0.462816,0.626565,-0.011459,0.482644,0.618997,-0.017258,0.438256,0.632189,-0.020557,0.437600,0.557596,-0.030416,0.438396,0.512188,-0.035123,0.440586,0.475299,-0.037456,0.462188,0.642373,-0.025164,0.480247,0.566892,-0.032226,0.493443,0.521661,-0.035097,0.504922,0.488308,-0.036676,0.481699,0.662073,-0.027931,0.489369,0.611174,-0.032991,0.478840,0.623681,-0.029061,0.470121,0.641720,-0.024528,0.494860,0.683993,-0.030640,0.491182,0.649104,-0.031202,0.481087,0.657204,-0.023917,0.475671,0.672067,-0.017153
1780504362.500,left,victory,0.446181,0.781928,0.000000,0.432525,0.718105,-0.000232,0.444176,0.662539,-0.005441,0.468896,0.637670,-0.010777,0.489946,0.630537,-0.016173,0.447149,0.642430,-0.019519,0.444281,0.568057,-0.029261,0.444123,0.522726,-0.034407,0.445677,0.485942,-0.037285,0.471399,0.652318,-0.023698,0.488897,0.574138,-0.030055,0.501229,0.527754,-0.032810,0.512489,0.494722,-0.034664,0.490107,0.671906,-0.026206,0.496286,0.617749,-0.030449,0.484672,0.628237,-0.026574,0.476226,0.647265,-0.022389,0.502502,0.693444,-0.028749,0.497436,0.656669,-0.029145,0.486995,0.663323,-0.022458,0.482232,0.678538,-0.016321
1780504362.624,left,victory,0.450389,0.795541,0.000000,0.436938,0.729817,-0.001724,0.448201,0.670901,-0.008184,0.472941,0.641525,-0.014260,0.494026,0.630291,-0.020294,0.451033,0.652933,-0.023606,0.448774,0.574756,-0.035094,0.449010,0.527098,-0.041223,0.451186,0.488593,-0.044604,0.474771,0.663888,-0.027247,0.493287,0.583216,-0.035329,0.506260,0.534855,-0.038495,0.518235,0.500341,-0.040580,0.493851,0.683798,-0.029113,0.502064,0.626038,-0.034821,0.489528,0.637287,-0.030156,0.480350,0.657284,-0.025214,0.506528,0.704999,-0.031115,0.503861,0.663430,-0.032691,0.492886,0.671456,-0.025478,0.487800,0.687660,-0.018710
1780504362.729,left,victory,0.452393,0.790648,0.000000,0.438616,0.722866,-0.003172,0.451314,0.664085,-0.010494,0.478600,0.635208,-0.016985,0.500279,0.623226,-0.023245,0.452451,0.647700,-0.025353,0.452086,0.571779,-0.036710,0.452154,0.524360,-0.042473,0.453996,0.485410,-0.045618,0.477206,0.660251,-0.028153,0.497170,0.581573,-0.037005,0.511347,0.532840,-0.040467,0.524062,0.497631,-0.042654,0.496981,0.681288,-0.029171,0.504900,0.627755,-0.035338,0.491543,0.637224,-0.030617,0.481550,0.654910,-0.025581,0.510205,0.702732,-0.030372,0.507460,0.661903,-0.031727,0.495146,0.668800,-0.024151,0.489187,0.683829,-0.017272
1780504362.858,left,victory,0.451213,0.787424,0.000000,0.442809,0.719037,0.000574,0.459210,0.660922,-0.005098,0.486968,0.635159,-0.011224,0.507115,0.627449,-0.017232,0.454957,0.637844,-0.019022,0.459053,0.563224,-0.028477,0.460332,0.516286,-0.033136,0.462815,0.477838,-0.035971,0.475381,0.655541,-0.025494,0.499731,0.578261,-0.033470,0.515070,0.533572,-0.036745,0.528809,0.500294,-0.039097,0.493199,0.682557,-0.030267,0.514475,0.627095,-0.037980,0.501829,0.642220,-0.033302,0.490682,0.661261,-0.028095,0.507293,0.711037,-0.034839,0.516286,0.666211,-0.037764,0.504215,0.678280,-0.029673,0.496384,0.695940,-0.022385
1780504362.956,left,victory,0.444335,0.772641,0.000000,0.449613,0.706220,0.002521,0.468145,0.655188,-0.003770,0.493112,0.637359,-0.012022,0.512611,0.635544,-0.019363,0.455235,0.618352,-0.016151,0.467713,0.546353,-0.027335,0.474312,0.503546,-0.032953,0.479439,0.469036,-0.036555,0.462334,0.639256,-0.025643,0.486604,0.574580,-0.039387,0.503246,0.536005,-0.045872,0.516757,0.506512,-0.049351,0.472020,0.670237,-0.033721,0.509829,0.640310,-0.044849,0.516314,0.653080,-0.041235,0.514299,0.664253,-0.035803,0.483303,0.704979,-0.041743,0.511722,0.677907,-0.044631,0.517402,0.676851,-0.037630,0.517425,0.676515,-0.031194
1780504363.102,left,victory,0.439924,0.777373,0.000000,0.472125,0.746619,-0.006339,0.489826,0.715102,-0.017226,0.502655,0.695800,-0.031098,0.504986,0.684094,-0.043259,0.465990,0.624237,-0.011911,0.478014,0.558223,-0.023518,0.483050,0.514164,-0.031143,0.487577,0.479398,-0.036296,0.449993,0.631935,-0.020293,0.457146,0.569209,-0.035688,0.463034,0.523997,-0.043801,0.468872,0.486911,-0.048017,0.442343,0.652019,-0.029116,0.482572,0.639761,-0.044242,0.487173,0.670958,-0.041831,0.482166,0.692790,-0.036679,0.445510,0.682049,-0.039436,0.485426,0.679249,-0.048128,0.492024,0.700622,-0.044150,0.489603,0.716741,-0.039011
1780504363.224,left,victory,0.437032,0.769551,0.000000,0.461771,0.746293,-0.012777,0.480229,0.719078,-0.022693,0.481757,0.701205,-0.033667,0.467917,0.696318,-0.043480,0.470296,0.620031,-0.014784,0.484927,0.553569,-0.028323,0.494145,0.513779,-0.035056,0.500465,0.481277,-0.037732,0.446413,0.619304,-0.018500,0.443998,0.552438,-0.035100,0.443425,0.507743,-0.043923,0.440915,0.474079,-0.046209,0.427617,0.634032,-0.023500,0.450764,0.646162,-0.044435,0.461247,0.681296,-0.049820,0.463092,0.703419,-0.045895,0.416695,0.658996,-0.029583,0.442467,0.680037,-0.041564,0.454052,0.705539,-0.041813,0.458427,0.722642,-0.037425
1780504363.400,left,victory,0.416496,0.752453,0.000000,0.442083,0.734076,-0.013383,0.460325,0.709442,-0.022437,0.452006,0.693353,-0.032167,0.434641,0.680713,-0.040858,0.455985,0.612125,-0.014657,0.474536,0.547181,-0.027869,0.484977,0.508363,-0.033817,0.490260,0.475346,-0.035751,0.430272,0.605644,-0.017212,0.426913,0.535853,-0.033671,0.425052,0.493046,-0.042241,0.421329,0.456932,-0.044078,0.409425,0.616987,-0.021031,0.424442,0.633095,-0.042342,0.434386,0.667581,-0.048228,0.436765,0.686978,-0.044455,0.395936,0.638232,-0.025758,0.415482,0.663512,-0.038476,0.427190,0.691629,-0.038730,0.432960,0.709259,-0.034081
1780504363.531,left,victory,0.411532,0.746743,0.000000,0.436034,0.727796,-0.011309,0.455397,0.700927,-0.018819,0.447202,0.686528,-0.027390,0.431733,0.680940,-0.035069,0.451958,0.609367,-0.012077,0.470556,0.548089,-0.024433,0.481147,0.511854,-0.029943,0.486892,0.480704,-0.031599,0.427436,0.600740,-0.015563,0.425320,0.534785,-0.030938,0.423887,0.491245,-0.039363,0.420327,0.454770,-0.041153,0.406922,0.610886,-0.020147,0.420752,0.635191,-0.040773,0.429777,0.672741,-0.047013,0.431790,0.695247,-0.043243,0.392183,0.632097,-0.025472,0.408630,0.661924,-0.037278,0.419197,0.690775,-0.037156,0.424505,0.709750,-0.032162
1780504363.715,left,victory,0.403194,0.743596,0.000000,0.427378,0.727682,-0.010983,0.446409,0.705294,-0.019115,0.439471,0.690911,-0.028513,0.423513,0.682801,-0.037072,0.442718,0.608294,-0.012380,0.461315,0.546611,-0.025000,0.472549,0.511383,-0.031029,0.478953,0.480466,-0.033140,0.418919,0.601971,-0.016276,0.416456,0.537479,-0.031621,0.412077,0.496079,-0.040154,0.405964,0.461591,-0.042168,0.398985,0.612710,-0.021227,0.409193,0.633946,-0.041125,0.417751,0.668291,-0.046419,0.420662,0.688713,-0.042503,0.385062,0.634139,-0.027008,0.399202,0.661424,-0.038049,0.411852,0.687361,-0.037187,0.420450,0.705032,-0.031926
1780504363.923,left,victory,0.396215,0.734661,0.000000,0.418712,0.716413,-0.011922,0.434178,0.695164,-0.020121,0.424372,0.682875,-0.029361,0.409733,0.670502,-0.037756,0.431967,0.602681,-0.013932,0.449039,0.542926,-0.026555,0.459482,0.507766,-0.032178,0.465209,0.477480,-0.033863,0.407499,0.596910,-0.016803,0.401216,0.531944,-0.032522,0.396532,0.491593,-0.040531,0.390246,0.458720,-0.041837,0.387523,0.608170,-0.020774,0.396305,0.629365,-0.041863,0.407102,0.666704,-0.047457,0.411337,0.688827,-0.043182,0.373980,0.628656,-0.025487,0.386883,0.659052,-0.038052,0.397570,0.687679,-0.037963,0.403637,0.705677,-0.032789
1780504364.163,left,victory,0.390229,0.731951,0.000000,0.409830,0.705838,-0.010287,0.420686,0.675698,-0.017718,0.405865,0.658387,-0.026031,0.388768,0.645885,-0.033472,0.417202,0.599161,-0.014369,0.434107,0.540045,-0.026776,0.443811,0.505122,-0.032135,0.448288,0.474002,-0.033874,0.392946,0.595883,-0.017704,0.385213,0.533394,-0.033588,0.379590,0.493324,-0.041288,0.372037,0.457535,-0.042463,0.373853,0.608992,-0.021796,0.381481,0.628919,-0.041764,0.393108,0.662877,-0.045972,0.398046,0.678731,-0.041362,0.361241,0.630601,-0.026552,0.373562,0.659219,-0.037650,0.385690,0.683760,-0.036404,0.393019,0.695210,-0.030939
1780504364.337,left,victory,0.380233,0.729664,0.000000,0.400473,0.711412,-0.013628,0.413127,0.685780,-0.022790,0.397813,0.678294,-0.032010,0.379509,0.672045,-0.040454,0.409054,0.604181,-0.017727,0.424030,0.542444,-0.031655,0.432597,0.506658,-0.038003,0.437206,0.474501,-0.040307,0.384855,0.599209,-0.019691,0.376483,0.538047,-0.035648,0.369037,0.497973,-0.043550,0.361310,0.461370,-0.045124,0.366092,0.610357,-0.022772,0.371195,0.633078,-0.042688,0.382744,0.667254,-0.047151,0.388913,0.684476,-0.042954,0.353765,0.629583,-0.026864,0.364872,0.662686,-0.038686,0.376830,0.689655,-0.037860,0.384602,0.702628,-0.032719
1780504364.521,left,victory,0.388063,0.728042,0.000000,0.408606,0.705855,-0.011246,0.423356,0.678931,-0.019851,0.415692,0.667662,-0.029459,0.399655,0.667483,-0.038346,0.405912,0.594480,-0.015771,0.415040,0.531307,-0.027950,0.420996,0.494165,-0.033472,0.424180,0.462294,-0.035628,0.382655,0.597035,-0.019352,0.374556,0.541992,-0.035644,0.367447,0.503943,-0.043975,0.359510,0.473665,-0.045886,0.364856,0.614729,-0.023688,0.383310,0.628653,-0.044616,0.397671,0.661351,-0.049509,0.404119,0.682423,-0.045278,0.354100,0.641172,-0.028724,0.373287,0.655515,-0.040805,0.388617,0.676015,-0.040234,0.398933,0.691332,-0.035211
1780504364.708,left,victory,0.379272,0.732249,0.000000,0.389705,0.677644,0.005258,0.405302,0.628146,-0.000906,0.427487,0.609560,-0.010966,0.445042,0.618361,-0.020784,0.380711,0.588989,-0.010863,0.382080,0.523694,-0.020855,0.381214,0.481806,-0.026952,0.379004,0.448400,-0.032008,0.380427,0.606490,-0.023120,0.391360,0.549275,-0.037507,0.398729,0.510044,-0.045521,0.403682,0.481860,-0.050546,0.386030,0.634000,-0.033983,0.422506,0.594157,-0.044499,0.436562,0.604075,-0.041075,0.438858,0.615237,-0.036624,0.398619,0.663268,-0.044957,0.428401,0.630687,-0.048038,0.439540,0.627499,-0.042335,0.442947,0.628400,-0.037514
1780504364.818,left,victory,0.383716,0.747887,0.000000,0.383508,0.682503,0.005378,0.396663,0.629503,0.001825,0.417725,0.603999,-0.004248,0.435041,0.596650,-0.010215,0.376525,0.597344,-0.008397,0.377179,0.532010,-0.016558,0.374859,0.491600,-0.020556,0.371345,0.458188,-0.023177,0.385011,0.613712,-0.018342,0.398486,0.546188,-0.027615,0.406571,0.505017,-0.032675,0.411649,0.472883,-0.035584,0.396445,0.639787,-0.027292,0.423241,0.595055,-0.037992,0.434045,0.594428,-0.039743,0.437066,0.597943,-0.038207,0.409593,0.668915,-0.035481,0.429337,0.633810,-0.040134,0.439309,0.620839,-0.038179,0.445124,0.611804,-0.035594
1780504364.936,left,victory,0.417327,0.789693,0.000000,0.401628,0.727082,0.001532,0.408302,0.667679,-0.003436,0.429065,0.637142,-0.009697,0.448192,0.628529,-0.015488,0.399758,0.646255,-0.015216,0.393412,0.577274,-0.025244,0.386545,0.538103,-0.030261,0.379503,0.506724,-0.033039,0.418328,0.655497,-0.022479,0.430754,0.577834,-0.031186,0.437954,0.535038,-0.035320,0.443116,0.501603,-0.038065,0.437191,0.672189,-0.028564,0.455846,0.607686,-0.037831,0.453605,0.624328,-0.035711,0.449005,0.645158,-0.031751,0.454381,0.690719,-0.034354,0.461463,0.643556,-0.036993,0.455512,0.652091,-0.030665,0.450617,0.666538,-0.024814
1780504365.101,left,victory,0.428657,0.785451,0.000000,0.412474,0.722560,0.002859,0.418507,0.665686,-0.001610,0.440961,0.639140,-0.007122,0.459711,0.632017,-0.012244,0.408271,0.647281,-0.014603,0.402552,0.577569,-0.022572,0.396202,0.537955,-0.026468,0.391114,0.505241,-0.028621,0.428159,0.655504,-0.021263,0.437922,0.579360,-0.028268,0.446691,0.534588,-0.031759,0.454092,0.500604,-0.034265,0.448611,0.669660,-0.026304,0.463333,0.611799,-0.032042,0.459205,0.629248,-0.028746,0.453074,0.649949,-0.024840,0.467310,0.684538,-0.031079,0.470835,0.640962,-0.031268,0.463689,0.651954,-0.024023,0.458205,0.666881,-0.017859
1780504365.245,left,victory,0.431336,0.794634,0.000000,0.417052,0.729029,0.005396,0.427691,0.670850,0.002206,0.451783,0.640059,-0.002289,0.469817,0.630928,-0.006720,0.417352,0.652515,-0.013898,0.411092,0.582938,-0.020268,0.404745,0.542874,-0.022834,0.399509,0.509373,-0.024377,0.437622,0.659826,-0.021523,0.447613,0.584339,-0.027218,0.455603,0.540173,-0.029307,0.462267,0.507562,-0.030936,0.457233,0.674875,-0.027139,0.472710,0.617849,-0.030694,0.467767,0.633233,-0.025677,0.461328,0.653475,-0.020997,0.474635,0.692514,-0.032386,0.478415,0.647843,-0.030442,0.470825,0.656495,-0.021910,0.465807,0.672240,-0.015140
1780504365.372,left,victory,0.440127,0.802174,0.000000,0.441937,0.736801,0.001574,0.457207,0.678684,-0.007992,0.481194,0.656305,-0.020709,0.497051,0.667775,-0.032337,0.425997,0.652740,-0.016834,0.425530,0.582989,-0.030119,0.423300,0.541378,-0.039165,0.419688,0.506610,-0.046545,0.429741,0.675689,-0.028634,0.439236,0.609688,-0.047236,0.447065,0.566598,-0.058325,0.451559,0.534199,-0.065994,0.439234,0.704342,-0.039170,0.474611,0.642871,-0.052947,0.485862,0.653874,-0.050116,0.484728,0.667007,-0.046106,0.455295,0.730915,-0.050102,0.483666,0.678778,-0.055035,0.490229,0.678624,-0.049689,0.488694,0.682623,-0.045428
1780504365.594,left,victory,0.462192,0.795416,0.000000,0.480985,0.753843,-0.009988,0.491678,0.711653,-0.019880,0.494262,0.693261,-0.031639,0.483115,0.711488,-0.042030,0.456710,0.642513,-0.016317,0.453492,0.574865,-0.028713,0.450561,0.535515,-0.035333,0.447635,0.502040,-0.039514,0.436883,0.660801,-0.022513,0.427055,0.608946,-0.039046,0.418678,0.571144,-0.047284,0.410558,0.541012,-0.050723,0.426622,0.688487,-0.029460,0.459616,0.673155,-0.048246,0.474098,0.702132,-0.050322,0.476041,0.723075,-0.046274,0.426769,0.720580,-0.037670,0.460011,0.706283,-0.047956,0.471109,0.725116,-0.046278,0.472841,0.742826,-0.042134
1780504376.901,left,victory,0.396090,0.880132,-0.000000,0.426344,0.835608,-0.003297,0.438917,0.776151,-0.006678,0.430975,0.718375,-0.012085,0.419205,0.676309,-0.017380,0.442646,0.737993,-0.002637,0.460228,0.684310,-0.009635,0.467789,0.650966,-0.014109,0.471883,0.624141,-0.017136,0.424523,0.742047,-0.006476,0.429716,0.742122,-0.023395,0.427940,0.778471,-0.030532,0.423180,0.810837,-0.031501,0.407673,0.754038,-0.010927,0.412765,0.769218,-0.027848,0.418657,0.815080,-0.031021,0.419349,0.851734,-0.028139,0.391406,0.767704,-0.015125,0.399847,0.777393,-0.024876,0.406533,0.805371,-0.025075,0.410106,0.828974,-0.022046
1780504376.981,left,victory,0.398457,0.830196,0.000000,0.431948,0.798937,-0.009110,0.450732,0.763526,-0.013414,0.445001,0.733996,-0.019098,0.431229,0.713301,-0.023829,0.444277,0.676668,-0.003345,0.463195,0.622241,-0.012500,0.472312,0.585030,-0.017103,0.476413,0.552371,-0.019121,0.419816,0.672916,-0.006206,0.415886,0.613882,-0.019683,0.411438,0.571989,-0.027683,0.405348,0.540630,-0.029305,0.399711,0.689001,-0.010347,0.407568,0.700079,-0.030419,0.418485,0.737945,-0.036313,0.423826,0.765483,-0.032570,0.384384,0.718907,-0.014771,0.396057,0.743971,-0.028487,0.405959,0.774863,-0.029311,0.411224,0.796735,-0.024606
1780504377.098,left,victory,0.404254,0.786380,0.000000,0.434266,0.757860,-0.007510,0.453807,0.720904,-0.011592,0.444017,0.703760,-0.017456,0.427752,0.697549,-0.022467,0.447354,0.628627,-0.002571,0.466138,0.570570,-0.011711,0.474546,0.534577,-0.015910,0.478192,0.503055,-0.017600,0.421902,0.626472,-0.007178,0.420358,0.561220,-0.020331,0.417885,0.519190,-0.028012,0.413046,0.483743,-0.029554,0.401834,0.642729,-0.013103,0.414462,0.653872,-0.032824,0.426593,0.690615,-0.039058,0.430392,0.713391,-0.035607,0.388756,0.670306,-0.019389,0.408336,0.696414,-0.031056,0.418389,0.724188,-0.031577,0.421619,0.739262,-0.027392
1780504377.242,left,victory,0.410718,0.762433,0.000000,0.436582,0.738323,-0.009590,0.454009,0.704294,-0.015814,0.443588,0.687917,-0.023505,0.425220,0.689512,-0.030428,0.448923,0.616766,-0.008693,0.467216,0.557854,-0.019447,0.476649,0.523298,-0.024134,0.481387,0.494748,-0.025760,0.423819,0.613471,-0.013156,0.420230,0.541528,-0.026509,0.418160,0.498075,-0.033702,0.413695,0.464095,-0.035218,0.404229,0.630325,-0.018855,0.415207,0.632982,-0.038190,0.426876,0.665932,-0.044481,0.430407,0.688353,-0.041461,0.392197,0.658947,-0.025064,0.410627,0.677213,-0.036120,0.422166,0.702276,-0.036236,0.426243,0.720383,-0.032142
1780504377.365,left,victory,0.417019,0.756655,0.000000,0.439127,0.735521,-0.010988,0.455814,0.704742,-0.018153,0.443095,0.687611,-0.025982,0.425771,0.679453,-0.032867,0.451647,0.618618,-0.012446,0.467888,0.558551,-0.023629,0.477457,0.523700,-0.028701,0.482126,0.494227,-0.030550,0.427595,0.611733,-0.015475,0.423034,0.542382,-0.029401,0.420406,0.499405,-0.037205,0.415449,0.463577,-0.039271,0.408169,0.623070,-0.019449,0.420472,0.634954,-0.037468,0.428945,0.665323,-0.042889,0.429990,0.681956,-0.040012,0.394787,0.644357,-0.024175,0.412016,0.665328,-0.034368,0.421961,0.689229,-0.034037,0.426021,0.702884,-0.029900
1780504377.491,left,victory,0.421349,0.761286,0.000000,0.445071,0.745911,-0.014134,0.463867,0.722073,-0.023551,0.454739,0.701207,-0.033313,0.435506,0.692766,-0.042135,0.457233,0.626185,-0.014909,0.473709,0.565287,-0.027902,0.483243,0.527832,-0.034356,0.488079,0.495605,-0.036957,0.433627,0.618186,-0.017204,0.428951,0.548096,-0.033133,0.425367,0.502593,-0.041941,0.419983,0.465875,-0.044241,0.414076,0.629137,-0.020770,0.426054,0.637948,-0.041528,0.434887,0.668070,-0.047954,0.437105,0.686302,-0.044845,0.400548,0.649615,-0.025232,0.417931,0.665985,-0.037338,0.429284,0.690324,-0.037507,0.435822,0.706729,-0.033174
1780504377.592,left,victory,0.428915,0.766458,0.000000,0.452827,0.748897,-0.013072,0.471408,0.723296,-0.022371,0.463401,0.704571,-0.032316,0.445227,0.701792,-0.041260,0.462964,0.628645,-0.014119,0.479412,0.567901,-0.026737,0.488418,0.530640,-0.033059,0.492735,0.498673,-0.035854,0.439152,0.622550,-0.017261,0.432986,0.552589,-0.033582,0.429940,0.506318,-0.042956,0.424295,0.468224,-0.045767,0.419677,0.635057,-0.021506,0.434085,0.645452,-0.042392,0.442985,0.676802,-0.048791,0.443888,0.694313,-0.045767,0.406770,0.657244,-0.026552,0.426872,0.676408,-0.038601,0.437019,0.700735,-0.038605,0.440634,0.714854,-0.034315
1780504377.688,left,victory,0.432994,0.769558,0.000000,0.456308,0.751904,-0.013199,0.474995,0.723667,-0.022225,0.467415,0.705735,-0.031900,0.449061,0.703100,-0.040555,0.466399,0.627259,-0.013908,0.482892,0.564259,-0.025925,0.491249,0.526472,-0.031556,0.494550,0.493650,-0.034042,0.441846,0.622821,-0.017070,0.435542,0.552969,-0.033971,0.432025,0.506848,-0.043687,0.425890,0.467836,-0.046609,0.421756,0.636551,-0.021355,0.440170,0.647959,-0.043858,0.449425,0.681642,-0.050961,0.449737,0.700106,-0.047972,0.408649,0.659688,-0.026377,0.431269,0.677952,-0.040380,0.443038,0.704100,-0.041448,0.448518,0.720532,-0.037546
1780504377.812,left,victory,0.433943,0.761696,0.000000,0.458154,0.742301,-0.012964,0.476617,0.718294,-0.023237,0.475939,0.701590,-0.034365,0.460912,0.699561,-0.044268,0.465456,0.619401,-0.016225,0.478886,0.553995,-0.029679,0.484655,0.515481,-0.036132,0.486697,0.482482,-0.039042,0.440873,0.615958,-0.020089,0.434996,0.549596,-0.038109,0.429707,0.504582,-0.047840,0.423301,0.466482,-0.050516,0.420754,0.632316,-0.024938,0.441266,0.648211,-0.047113,0.451921,0.680375,-0.052821,0.455031,0.698277,-0.048817,0.408558,0.660375,-0.030731,0.429193,0.678887,-0.043644,0.444605,0.698903,-0.043718,0.455539,0.712538,-0.038999
1780504377.936,left,victory,0.429121,0.760736,0.000000,0.454289,0.733207,-0.008332,0.471234,0.705307,-0.017427,0.481876,0.684997,-0.028818,0.478315,0.678200,-0.038831,0.451821,0.610843,-0.012579,0.459984,0.543523,-0.025080,0.463151,0.500059,-0.032331,0.463877,0.464023,-0.036736,0.430808,0.616915,-0.019638,0.428521,0.550725,-0.036183,0.424300,0.506517,-0.044855,0.418810,0.470924,-0.048134,0.416960,0.638785,-0.027422,0.449723,0.623944,-0.047478,0.463564,0.652662,-0.049694,0.466972,0.675173,-0.045084,0.412115,0.670658,-0.036214,0.444896,0.668340,-0.049220,0.458743,0.685172,-0.048266,0.464100,0.700113,-0.043592
1780504378.140,left,victory,0.416769,0.758707,0.000000,0.448309,0.713340,-0.000991,0.463826,0.673099,-0.010119,0.476046,0.646118,-0.023242,0.488071,0.637539,-0.034760,0.431167,0.601931,-0.009649,0.433091,0.538593,-0.022443,0.432770,0.495038,-0.031105,0.429679,0.459198,-0.037979,0.424998,0.610213,-0.020825,0.431131,0.542774,-0.042273,0.431813,0.492672,-0.055234,0.430551,0.450637,-0.062420,0.423994,0.635496,-0.031299,0.464011,0.601180,-0.050474,0.476226,0.634538,-0.046389,0.476895,0.659034,-0.038610,0.432283,0.667691,-0.042475,0.466469,0.642017,-0.052199,0.477821,0.657418,-0.046105,0.480132,0.671636,-0.038977
1780504378.282,left,victory,0.420721,0.748547,0.000000,0.421800,0.681443,0.006492,0.433749,0.625676,0.003248,0.449961,0.597198,-0.002798,0.462287,0.586995,-0.008081,0.419874,0.596449,-0.007224,0.419483,0.523512,-0.016823,0.415400,0.482946,-0.021527,0.408720,0.451661,-0.023872,0.428345,0.611522,-0.017752,0.442093,0.533246,-0.028304,0.448969,0.490838,-0.033290,0.452757,0.456874,-0.035666,0.439658,0.636324,-0.027103,0.470747,0.582999,-0.037154,0.476384,0.597068,-0.033505,0.473770,0.610445,-0.027807,0.453538,0.665023,-0.035934,0.475330,0.620789,-0.038127,0.479521,0.626321,-0.030194,0.478251,0.634017,-0.022947
1780504378.469,left,victory,0.427227,0.748297,0.000000,0.420185,0.679843,0.006730,0.430136,0.624261,0.003008,0.449370,0.594615,-0.002856,0.465544,0.577989,-0.008536,0.419726,0.597358,-0.011713,0.415503,0.527477,-0.021716,0.408551,0.489108,-0.026141,0.400509,0.456666,-0.028365,0.433538,0.609161,-0.021963,0.446974,0.525915,-0.031046,0.454335,0.483247,-0.035245,0.459261,0.449053,-0.037409,0.448591,0.632728,-0.030643,0.469241,0.575848,-0.039756,0.471396,0.583585,-0.037472,0.468057,0.591743,-0.033290,0.464315,0.660452,-0.038513,0.474815,0.616983,-0.041352,0.476147,0.608972,-0.035600,0.475269,0.601999,-0.030059
1780504378.666,left,victory,0.433377,0.744945,0.000000,0.419522,0.679239,0.007315,0.425887,0.624371,0.005157,0.445289,0.599869,0.000927,0.463090,0.588615,-0.003405,0.420626,0.599569,-0.009031,0.415007,0.532375,-0.016545,0.407296,0.495848,-0.019574,0.399097,0.465730,-0.020766,0.439833,0.605232,-0.017935,0.451705,0.525204,-0.023730,0.457362,0.483797,-0.026693,0.461249,0.452496,-0.028246,0.458098,0.622554,-0.024997,0.472584,0.570552,-0.030484,0.468377,0.588468,-0.027421,0.462027,0.604972,-0.023445,0.474338,0.644516,-0.031238,0.477146,0.611865,-0.031105,0.470013,0.624875,-0.023361,0.464499,0.637467,-0.016605
1780504378.818,left,victory,0.426208,0.754838,0.000000,0.410173,0.690616,0.004661,0.415949,0.634535,0.002086,0.433385,0.605667,-0.002136,0.449668,0.593731,-0.006596,0.413775,0.603643,-0.009549,0.405828,0.540974,-0.017599,0.398556,0.503802,-0.021195,0.392019,0.472728,-0.023147,0.434277,0.609884,-0.017653,0.444920,0.535340,-0.025156,0.451655,0.491037,-0.029511,0.457273,0.457531,-0.031788,0.453321,0.629325,-0.024402,0.464464,0.582272,-0.032752,0.461061,0.589596,-0.032162,0.455696,0.598585,-0.029250,0.470112,0.653923,-0.030419,0.469963,0.619423,-0.034151,0.463326,0.623601,-0.029299,0.457973,0.630559,-0.023976
1780504378.941,left,victory,0.417502,0.742622,0.000000,0.401855,0.679520,0.006527,0.406590,0.624017,0.004484,0.423623,0.595610,0.000486,0.440667,0.583592,-0.003836,0.407637,0.598761,-0.009220,0.401703,0.532702,-0.016061,0.395644,0.493601,-0.018843,0.390366,0.462017,-0.020092,0.428118,0.602807,-0.017008,0.441082,0.526626,-0.021825,0.448627,0.484771,-0.023915,0.454377,0.453118,-0.025206,0.446714,0.618186,-0.023067,0.459561,0.565770,-0.027674,0.454321,0.586573,-0.023799,0.447990,0.607371,-0.019443,0.462380,0.639132,-0.028467,0.464151,0.602983,-0.028429,0.456480,0.615410,-0.021129,0.450826,0.630310,-0.014606
1780504379.116,left,victory,0.407990,0.734443,0.000000,0.404290,0.667164,0.005763,0.417098,0.612000,0.002347,0.439615,0.589536,-0.003719,0.458678,0.581028,-0.009138,0.409422,0.584193,-0.007127,0.412044,0.518061,-0.015957,0.409193,0.479217,-0.020004,0.405147,0.448331,-0.021932,0.421238,0.598975,-0.016909,0.439510,0.526982,-0.026917,0.447682,0.486582,-0.030738,0.453471,0.454851,-0.032277,0.434070,0.622249,-0.025625,0.462944,0.573352,-0.034522,0.461925,0.591185,-0.029840,0.455524,0.607651,-0.023657,0.447330,0.650211,-0.034005,0.467220,0.607579,-0.034363,0.464975,0.618087,-0.025123,0.459679,0.630954,-0.017207
1780504379.299,left,victory,0.420969,0.736251,0.000000,0.444848,0.700927,-0.004322,0.458773,0.664426,-0.012004,0.469843,0.640467,-0.022665,0.469760,0.628428,-0.031839,0.431104,0.585116,-0.009625,0.435688,0.523608,-0.020953,0.435484,0.481740,-0.028761,0.433421,0.447214,-0.034479,0.416831,0.595895,-0.018445,0.419928,0.535894,-0.034121,0.418946,0.492169,-0.042427,0.416594,0.456138,-0.046806,0.409126,0.618781,-0.027693,0.444141,0.592509,-0.044850,0.457077,0.620839,-0.043175,0.458657,0.642186,-0.037720,0.410780,0.649119,-0.037967,0.444392,0.630294,-0.048453,0.457052,0.642145,-0.045338,0.460955,0.653205,-0.040478
1780504379.645,left,victory,0.422490,0.734588,0.000000,0.443457,0.718778,-0.016627,0.462278,0.690480,-0.027064,0.456958,0.670191,-0.037250,0.439559,0.664806,-0.046334,0.453267,0.593735,-0.015970,0.466560,0.533623,-0.029460,0.473208,0.497143,-0.036754,0.476254,0.466338,-0.040208,0.428291,0.591053,-0.017589,0.420971,0.524184,-0.033969,0.415507,0.482406,-0.043288,0.408702,0.446469,-0.046390,0.408038,0.606775,-0.020721,0.423058,0.606430,-0.042390,0.433858,0.638708,-0.047590,0.436558,0.658727,-0.043904,0.394182,0.631215,-0.025039,0.413781,0.639494,-0.039118,0.425488,0.665526,-0.039034,0.430974,0.682210,-0.034463
1780504379.803,left,victory,0.417834,0.731082,0.000000,0.439024,0.712130,-0.014439,0.457360,0.683746,-0.023561,0.447645,0.664741,-0.032599,0.430149,0.656650,-0.040469,0.450850,0.593754,-0.014953,0.465950,0.535467,-0.027160,0.474551,0.499532,-0.033280,0.478551,0.469017,-0.035909,0.425789,0.587365,-0.016913,0.419924,0.521612,-0.032376,0.416102,0.479369,-0.041141,0.410308,0.442576,-0.043585,0.405465,0.599973,-0.020095,0.422330,0.611406,-0.040618,0.431275,0.645167,-0.046460,0.431876,0.662662,-0.043172,0.391440,0.622377,-0.024223,0.410732,0.640080,-0.036822,0.421508,0.665737,-0.037076,0.426764,0.680530,-0.032845
1780504380.007,left,victory,0.407199,0.726735,0.000000,0.427993,0.706938,-0.014264,0.443362,0.679957,-0.023556,0.431999,0.663462,-0.033067,0.414223,0.655668,-0.041663,0.435365,0.591352,-0.016027,0.450724,0.533260,-0.028649,0.459821,0.497789,-0.034894,0.464110,0.467460,-0.037391,0.410916,0.587377,-0.017772,0.403131,0.521585,-0.033774,0.397604,0.480691,-0.042168,0.390271,0.446647,-0.044203,0.391244,0.600998,-0.020630,0.402577,0.611161,-0.040880,0.413743,0.643629,-0.045623,0.416959,0.662309,-0.041409,0.377336,0.622690,-0.024417,0.391885,0.637756,-0.035520,0.402622,0.660907,-0.034287,0.407514,0.674901,-0.029028
1780504380.282,left,victory,0.409375,0.725028,0.000000,0.429215,0.708468,-0.015362,0.446352,0.682464,-0.025267,0.435168,0.665422,-0.034955,0.416738,0.660688,-0.043518,0.437078,0.593937,-0.017398,0.452073,0.535046,-0.030704,0.461403,0.499099,-0.036886,0.466042,0.469733,-0.039024,0.413220,0.588861,-0.018834,0.405103,0.521940,-0.034837,0.400744,0.480942,-0.042712,0.394463,0.447261,-0.044051,0.394275,0.602413,-0.021533,0.407810,0.617469,-0.042112,0.418838,0.650615,-0.046846,0.421391,0.668638,-0.042361,0.381637,0.624278,-0.025240,0.398824,0.644017,-0.036318,0.408689,0.667474,-0.035068,0.412070,0.679764,-0.029773
1780504380.423,left,victory,0.409356,0.722995,0.000000,0.428949,0.704691,-0.014420,0.445286,0.677754,-0.023613,0.433200,0.661340,-0.032797,0.415231,0.657652,-0.040889,0.437027,0.590427,-0.015634,0.451361,0.531427,-0.028954,0.460219,0.495800,-0.035388,0.464260,0.466650,-0.037651,0.413109,0.585647,-0.017270,0.404981,0.521025,-0.033384,0.400181,0.480096,-0.041761,0.393595,0.445461,-0.043447,0.393837,0.598818,-0.020147,0.405436,0.614552,-0.040716,0.416726,0.647685,-0.045579,0.420003,0.666715,-0.040991,0.379983,0.620666,-0.023960,0.394532,0.638518,-0.034972,0.404638,0.661434,-0.033463,0.408791,0.675167,-0.027769
1780504380.540,left,victory,0.408434,0.731025,0.000000,0.427628,0.711398,-0.013182,0.443279,0.682405,-0.021662,0.428656,0.667988,-0.030211,0.409512,0.665780,-0.037807,0.433880,0.595748,-0.014964,0.447275,0.535812,-0.027330,0.454922,0.500587,-0.033168,0.457955,0.470658,-0.035518,0.409798,0.591734,-0.017248,0.400399,0.528683,-0.032672,0.393763,0.489420,-0.040961,0.385353,0.454760,-0.043035,0.390822,0.606109,-0.020602,0.401953,0.621845,-0.039972,0.412196,0.652728,-0.045002,0.414132,0.667745,-0.041486,0.377762,0.629352,-0.024833,0.393246,0.651189,-0.035460,0.402940,0.673677,-0.034574,0.406103,0.683906,-0.029950
1780504380.679,left,victory,0.408339,0.726233,0.000000,0.428299,0.703468,-0.013438,0.443808,0.673455,-0.022255,0.430150,0.659584,-0.031017,0.412084,0.659963,-0.038742,0.432944,0.590865,-0.015525,0.446429,0.529644,-0.027515,0.454025,0.493385,-0.033168,0.456672,0.463445,-0.035392,0.408627,0.587909,-0.017256,0.398432,0.524703,-0.032234,0.392116,0.484898,-0.040470,0.383934,0.450260,-0.042610,0.389690,0.602243,-0.019949,0.402047,0.614064,-0.038812,0.413193,0.642648,-0.044004,0.415737,0.658675,-0.040619,0.376829,0.624817,-0.023531,0.392941,0.641637,-0.034063,0.404507,0.662301,-0.033366,0.409810,0.674629,-0.028728
1780504380.868,left,victory,0.410283,0.725051,0.000000,0.431232,0.704211,-0.014203,0.447114,0.679198,-0.024458,0.439718,0.665537,-0.035080,0.423191,0.664218,-0.044650,0.433362,0.588933,-0.016511,0.445544,0.528197,-0.029413,0.452110,0.491919,-0.035650,0.454468,0.461971,-0.038213,0.409523,0.589365,-0.018619,0.399548,0.528671,-0.035228,0.392663,0.489559,-0.044189,0.384519,0.457374,-0.046640,0.390801,0.606115,-0.021801,0.407228,0.616658,-0.042974,0.420235,0.647373,-0.048558,0.424571,0.666288,-0.044782,0.379014,0.630556,-0.025892,0.397848,0.643467,-0.038258,0.410985,0.664284,-0.038040,0.418226,0.679073,-0.033279
1780504381.007,left,victory,0.405975,0.733190,0.000000,0.429368,0.709027,-0.009533,0.447063,0.679746,-0.018451,0.452103,0.659906,-0.028806,0.440890,0.665349,-0.038299,0.430362,0.594540,-0.013612,0.440435,0.533797,-0.025574,0.445484,0.495676,-0.031952,0.447091,0.464306,-0.035343,0.409031,0.597631,-0.018912,0.404637,0.540762,-0.034444,0.399354,0.503509,-0.042444,0.392125,0.474941,-0.044890,0.392896,0.617594,-0.024929,0.419352,0.615775,-0.044002,0.434029,0.645060,-0.047470,0.438756,0.666569,-0.043365,0.384427,0.646877,-0.031802,0.409654,0.650933,-0.042517,0.422687,0.666210,-0.041484,0.428547,0.679154,-0.036988
1780504381.112,left,victory,0.396426,0.733111,0.000000,0.427174,0.696228,-0.001838,0.441467,0.659788,-0.009545,0.453055,0.634494,-0.020716,0.455720,0.626692,-0.030653,0.411558,0.586886,-0.009102,0.418917,0.525623,-0.021194,0.420499,0.482337,-0.029626,0.418887,0.447129,-0.035746,0.400920,0.597442,-0.019375,0.410083,0.533683,-0.037006,0.411648,0.487508,-0.046705,0.409999,0.449314,-0.051615,0.396961,0.620627,-0.029579,0.434075,0.588369,-0.047050,0.444784,0.616867,-0.044375,0.443081,0.639378,-0.037870,0.402535,0.650204,-0.040571,0.435633,0.624618,-0.050368,0.445412,0.638677,-0.045481,0.444888,0.653377,-0.039173
1780504381.226,left,victory,0.402886,0.731807,0.000000,0.391793,0.669261,0.004103,0.398333,0.609976,0.000792,0.414508,0.575057,-0.004484,0.428283,0.555338,-0.008722,0.388845,0.583943,-0.007995,0.384144,0.518628,-0.017848,0.378923,0.479195,-0.023296,0.372688,0.447864,-0.026082,0.404328,0.593688,-0.016508,0.416034,0.517514,-0.026218,0.422060,0.474022,-0.031090,0.425831,0.437847,-0.033699,0.421328,0.611715,-0.024043,0.442505,0.553661,-0.032899,0.440064,0.575230,-0.027830,0.433570,0.595293,-0.021370,0.438818,0.632612,-0.031351,0.451913,0.584937,-0.032028,0.448176,0.599214,-0.022581,0.442735,0.615805,-0.014268
1780504381.362,left,victory,0.416477,0.752200,0.000000,0.398804,0.691990,0.004281,0.400977,0.633331,0.000898,0.417973,0.603263,-0.004394,0.435072,0.593134,-0.009618,0.398770,0.606998,-0.011353,0.389412,0.544209,-0.020594,0.380806,0.506495,-0.025165,0.372699,0.475436,-0.027495,0.417222,0.613517,-0.019886,0.426173,0.536087,-0.028413,0.431394,0.491064,-0.032428,0.435379,0.457455,-0.034425,0.436394,0.630668,-0.027057,0.449122,0.577821,-0.035678,0.446530,0.587977,-0.033867,0.442189,0.602362,-0.029880,0.454840,0.653021,-0.033689,0.459590,0.609485,-0.035519,0.453694,0.617738,-0.028260,0.449189,0.631757,-0.021532
1780504381.525,left,victory,0.423795,0.772352,0.000000,0.407787,0.710763,0.005135,0.411588,0.653408,0.001350,0.428220,0.619983,-0.004122,0.443426,0.603587,-0.009860,0.406445,0.627468,-0.014931,0.396587,0.560973,-0.025826,0.387511,0.523347,-0.030478,0.378610,0.492585,-0.032611,0.423772,0.637600,-0.024155,0.432718,0.555762,-0.034889,0.438144,0.507950,-0.039284,0.441978,0.472072,-0.041232,0.441349,0.659787,-0.031848,0.454243,0.599331,-0.042815,0.454785,0.596487,-0.042175,0.451850,0.600848,-0.038613,0.458601,0.686404,-0.038628,0.464347,0.636711,-0.043957,0.461049,0.625923,-0.039542,0.457088,0.622432,-0.034372
1780504381.609,left,victory,0.434277,0.771280,0.000000,0.414384,0.712345,0.006674,0.416702,0.654558,0.004862,0.433575,0.621444,0.001601,0.449854,0.605879,-0.001717,0.412952,0.629946,-0.011101,0.402842,0.562749,-0.018953,0.394056,0.522781,-0.022797,0.386366,0.490272,-0.024621,0.433387,0.634368,-0.018440,0.442279,0.554254,-0.024682,0.448801,0.507263,-0.027841,0.453302,0.472604,-0.029547,0.453906,0.648119,-0.023779,0.463143,0.588837,-0.028469,0.459678,0.597325,-0.025235,0.454708,0.610527,-0.021189,0.472580,0.665130,-0.028328,0.471854,0.619714,-0.027914,0.463852,0.624417,-0.020416,0.458510,0.633824,-0.013555
1780504381.722,left,victory,0.439450,0.775667,0.000000,0.420497,0.714747,0.007901,0.425029,0.658607,0.006404,0.444013,0.628540,0.003591,0.463159,0.613886,0.000403,0.422355,0.636311,-0.011923,0.412726,0.569576,-0.018320,0.404274,0.531115,-0.020716,0.397148,0.499069,-0.021550,0.444157,0.637408,-0.019121,0.452527,0.556221,-0.023135,0.458604,0.510023,-0.024419,0.463917,0.477745,-0.024907,0.464539,0.649522,-0.023917,0.471241,0.593627,-0.025418,0.465318,0.602398,-0.020500,0.459598,0.616760,-0.015854,0.481674,0.667308,-0.027862,0.477163,0.622240,-0.024805,0.468780,0.628971,-0.015481,0.464855,0.641814,-0.007614
1780504381.816,left,victory,0.442342,0.777940,0.000000,0.420629,0.721438,0.004508,0.422814,0.664836,0.001801,0.440943,0.631684,-0.001782,0.459569,0.615831,-0.005679,0.423074,0.636575,-0.013897,0.412227,0.568490,-0.021063,0.403833,0.528544,-0.024166,0.396683,0.496218,-0.025467,0.445968,0.637060,-0.019542,0.454989,0.556350,-0.024946,0.460361,0.510335,-0.027268,0.464550,0.476497,-0.028305,0.466124,0.649343,-0.023049,0.471223,0.593429,-0.026782,0.464517,0.608655,-0.022289,0.458670,0.627089,-0.017343,0.482645,0.667413,-0.025872,0.478126,0.622451,-0.024524,0.469457,0.632614,-0.015619,0.465159,0.648471,-0.007673
1780504381.937,left,victory,0.441134,0.777174,0.000000,0.421014,0.719889,0.004280,0.423540,0.663587,0.001270,0.442398,0.630888,-0.002686,0.461596,0.615009,-0.006871,0.422385,0.637012,-0.013636,0.412563,0.570083,-0.021098,0.404635,0.531130,-0.024270,0.397432,0.499554,-0.025461,0.445160,0.637671,-0.019479,0.454551,0.557275,-0.025009,0.460433,0.512253,-0.027319,0.464793,0.479822,-0.028294,0.465628,0.649448,-0.023293,0.470697,0.593854,-0.027372,0.464800,0.606269,-0.023358,0.459372,0.622890,-0.018693,0.482447,0.666416,-0.026470,0.477707,0.621784,-0.024903,0.469394,0.629391,-0.016107,0.465288,0.643245,-0.008390
1780504382.062,left,victory,0.435664,0.775269,0.000000,0.418648,0.713208,0.005791,0.423286,0.658180,0.002839,0.442306,0.626990,-0.001695,0.460872,0.610557,-0.006502,0.420523,0.634295,-0.011983,0.411575,0.568877,-0.020173,0.404246,0.529058,-0.023910,0.398080,0.497359,-0.025501,0.441518,0.637714,-0.019400,0.452114,0.558174,-0.025852,0.457913,0.513984,-0.028337,0.462455,0.482588,-0.029415,0.461438,0.652085,-0.024851,0.470799,0.592026,-0.029650,0.465933,0.607017,-0.024395,0.461183,0.624841,-0.018855,0.479014,0.672587,-0.029670,0.478726,0.623918,-0.028120,0.471361,0.634781,-0.018130,0.467653,0.650628,-0.009626
1780504382.175,left,victory,0.430650,0.787012,0.000000,0.437988,0.722906,0.005065,0.450851,0.667755,0.000296,0.470524,0.640572,-0.007548,0.485125,0.630568,-0.014640,0.423628,0.635352,-0.009589,0.423924,0.567420,-0.021695,0.419615,0.529763,-0.029046,0.412645,0.497965,-0.033421,0.427963,0.655981,-0.020784,0.441935,0.582852,-0.034140,0.449761,0.541766,-0.041013,0.454035,0.508918,-0.044847,0.438085,0.683288,-0.031115,0.469278,0.623960,-0.044176,0.478738,0.633847,-0.042769,0.478624,0.646275,-0.038429,0.452706,0.712124,-0.041066,0.477018,0.661709,-0.045767,0.485054,0.652645,-0.040629,0.487585,0.647359,-0.035538
1780504382.290,left,victory,0.461016,0.808011,0.000000,0.476882,0.767798,-0.011004,0.485198,0.730220,-0.019505,0.478823,0.716692,-0.029116,0.464263,0.727643,-0.037912,0.452339,0.649522,-0.015356,0.449109,0.582966,-0.025673,0.445391,0.543110,-0.031717,0.440836,0.510496,-0.036193,0.429974,0.669605,-0.020864,0.409956,0.616355,-0.036555,0.396216,0.580948,-0.045753,0.383956,0.556131,-0.050232,0.416599,0.703200,-0.027165,0.433411,0.684419,-0.047502,0.452426,0.696078,-0.053516,0.462568,0.706312,-0.052416,0.412211,0.741388,-0.034210,0.435638,0.729137,-0.048576,0.453802,0.733739,-0.050509,0.465266,0.738176,-0.048637
1780504382.427,left,victory,0.463358,0.824186,0.000000,0.479020,0.792487,-0.015245,0.489053,0.752108,-0.025254,0.477516,0.741110,-0.035378,0.458983,0.751941,-0.044584,0.460294,0.667027,-0.017480,0.462069,0.599969,-0.031303,0.461880,0.559482,-0.038384,0.458941,0.526261,-0.041871,0.435614,0.680592,-0.019973,0.414866,0.625010,-0.037569,0.400104,0.587958,-0.047230,0.384759,0.556783,-0.050451,0.420287,0.710767,-0.023602,0.433983,0.703487,-0.046242,0.453160,0.727054,-0.051800,0.461341,0.743691,-0.048041,0.412981,0.745796,-0.028256,0.434278,0.746652,-0.042797,0.451871,0.761112,-0.043226,0.461727,0.770154,-0.038875
1780504382.568,left,victory,0.463918,0.823049,0.000000,0.480607,0.791952,-0.016234,0.490234,0.750877,-0.026715,0.478640,0.737788,-0.037028,0.459800,0.747585,-0.046246,0.461333,0.666709,-0.018951,0.464915,0.599385,-0.032505,0.465282,0.558313,-0.039486,0.462549,0.524995,-0.043024,0.436769,0.679000,-0.020843,0.416846,0.622451,-0.038143,0.402294,0.585787,-0.047769,0.387630,0.555077,-0.051080,0.421187,0.707581,-0.023855,0.437549,0.701662,-0.046178,0.456247,0.727567,-0.051453,0.464120,0.746001,-0.047569,0.413695,0.741179,-0.028005,0.433908,0.739747,-0.042497,0.451611,0.754307,-0.042843,0.462098,0.764973,-0.038373
1780504382.855,left,victory,0.464689,0.825068,0.000000,0.481423,0.794207,-0.015474,0.491040,0.750881,-0.024635,0.477741,0.737228,-0.033588,0.459590,0.746206,-0.041364,0.462623,0.669073,-0.016808,0.465276,0.601604,-0.029466,0.465790,0.561207,-0.035527,0.463169,0.528674,-0.038407,0.437818,0.681106,-0.018761,0.416967,0.623930,-0.035449,0.403140,0.587424,-0.044689,0.388886,0.557472,-0.047591,0.422382,0.709185,-0.021904,0.439703,0.704780,-0.043740,0.457177,0.729870,-0.049337,0.463203,0.746706,-0.045754,0.414971,0.742210,-0.026082,0.437921,0.743311,-0.040072,0.454590,0.758157,-0.040678,0.462696,0.767227,-0.036575
1780504383.010,left,victory,0.465024,0.820291,0.000000,0.481016,0.788037,-0.015593,0.490103,0.745744,-0.024792,0.475993,0.735180,-0.033757,0.457825,0.745029,-0.041562,0.462216,0.665696,-0.017132,0.465445,0.598168,-0.029549,0.466269,0.557297,-0.035315,0.463672,0.525225,-0.037808,0.437252,0.678298,-0.018824,0.416490,0.621268,-0.035122,0.402619,0.584631,-0.043964,0.388364,0.554453,-0.046449,0.421332,0.706442,-0.021684,0.438710,0.703578,-0.043553,0.457936,0.728587,-0.049185,0.465756,0.745467,-0.045294,0.413252,0.739268,-0.025556,0.434599,0.740989,-0.039435,0.452246,0.755687,-0.039753,0.462276,0.765752,-0.035199
1780504383.193,left,victory,0.463630,0.819027,0.000000,0.480165,0.788342,-0.016551,0.489740,0.746884,-0.026317,0.476623,0.735316,-0.035609,0.458226,0.742676,-0.043707,0.462471,0.665494,-0.018357,0.465860,0.598397,-0.031280,0.466258,0.557773,-0.037638,0.463726,0.524966,-0.040708,0.437358,0.677421,-0.019586,0.416906,0.621461,-0.036263,0.403100,0.585882,-0.045579,0.389518,0.555514,-0.048667,0.421395,0.705114,-0.021990,0.437861,0.701283,-0.043820,0.456209,0.726198,-0.049147,0.463974,0.743084,-0.045397,0.413458,0.737762,-0.025554,0.433527,0.738475,-0.039902,0.451485,0.752073,-0.040430,0.462493,0.761334,-0.036109
1780504383.405,left,victory,0.463744,0.817916,0.000000,0.481295,0.787065,-0.015381,0.491266,0.746248,-0.025127,0.480099,0.733175,-0.034861,0.461850,0.741992,-0.043488,0.462212,0.663002,-0.016844,0.466568,0.596318,-0.029332,0.467122,0.555393,-0.035672,0.464868,0.522404,-0.038872,0.438053,0.674850,-0.018772,0.418871,0.619659,-0.035227,0.404795,0.583302,-0.044558,0.391052,0.553522,-0.047795,0.422471,0.702604,-0.021816,0.437329,0.694655,-0.043907,0.456496,0.720573,-0.049452,0.465518,0.739903,-0.045789,0.414796,0.735724,-0.025884,0.434735,0.734910,-0.040913,0.453222,0.749395,-0.042010,0.465095,0.760494,-0.037975
1780504383.607,left,victory,0.464651,0.815721,0.000000,0.482028,0.784961,-0.015747,0.492407,0.743759,-0.025455,0.480533,0.730374,-0.035047,0.461260,0.738764,-0.043505,0.462616,0.660512,-0.016678,0.466576,0.594084,-0.028993,0.467566,0.553958,-0.035246,0.465723,0.521676,-0.038328,0.438971,0.672921,-0.018394,0.418924,0.617718,-0.034608,0.405049,0.581877,-0.043915,0.391562,0.552022,-0.047100,0.423725,0.700860,-0.021275,0.438524,0.693017,-0.043326,0.457907,0.719401,-0.048724,0.467034,0.738527,-0.044863,0.416138,0.733720,-0.025191,0.434836,0.732321,-0.040013,0.452942,0.746834,-0.040695,0.464582,0.757902,-0.036334
1780504383.848,left,victory,0.465544,0.812577,0.000000,0.482440,0.780502,-0.014612,0.492039,0.739497,-0.023667,0.479767,0.726190,-0.032828,0.461393,0.735557,-0.040983,0.463126,0.658378,-0.015785,0.466097,0.591757,-0.028178,0.466597,0.550790,-0.034437,0.464305,0.518223,-0.037442,0.439275,0.671101,-0.017925,0.418812,0.615209,-0.034075,0.404562,0.579310,-0.043258,0.390791,0.550520,-0.046288,0.423603,0.699171,-0.021145,0.436527,0.690209,-0.043249,0.456194,0.714404,-0.049021,0.466368,0.733361,-0.045368,0.415727,0.732554,-0.025261,0.434130,0.730364,-0.040424,0.453171,0.744107,-0.041407,0.466130,0.755818,-0.037130
1780504384.118,left,victory,0.464152,0.808902,0.000000,0.480845,0.778120,-0.014813,0.490793,0.737480,-0.024004,0.478761,0.723335,-0.033273,0.460459,0.732058,-0.041388,0.461789,0.654851,-0.015677,0.464897,0.588087,-0.028193,0.465669,0.547210,-0.034453,0.463593,0.514777,-0.037498,0.437685,0.667340,-0.017810,0.417650,0.611761,-0.033908,0.403877,0.575430,-0.042867,0.390334,0.546311,-0.045831,0.422156,0.695307,-0.021131,0.435290,0.686338,-0.042807,0.454608,0.710161,-0.048272,0.464419,0.728637,-0.044669,0.414867,0.728606,-0.025480,0.434913,0.728323,-0.040282,0.453155,0.741972,-0.041522,0.464927,0.752504,-0.037641
1780504384.366,left,victory,0.463662,0.807237,0.000000,0.480549,0.776911,-0.015058,0.490055,0.735138,-0.023988,0.477755,0.721358,-0.032848,0.459634,0.731067,-0.040635,0.460760,0.653683,-0.016211,0.463300,0.587122,-0.028223,0.463379,0.546491,-0.034146,0.460568,0.514208,-0.037038,0.437014,0.666524,-0.018059,0.416815,0.611497,-0.033764,0.402914,0.576165,-0.042670,0.389257,0.547480,-0.045703,0.421920,0.694411,-0.021013,0.436274,0.686469,-0.042233,0.455316,0.710637,-0.047741,0.464379,0.728760,-0.044311,0.414783,0.726979,-0.024988,0.434468,0.725676,-0.039276,0.452500,0.739642,-0.040279,0.464071,0.750194,-0.036377
1780504384.499,left,victory,0.462294,0.806424,0.000000,0.479642,0.775915,-0.014995,0.488805,0.734004,-0.023849,0.476414,0.720114,-0.032676,0.458040,0.729129,-0.040418,0.459504,0.653028,-0.015538,0.462494,0.586699,-0.027630,0.462955,0.546334,-0.033738,0.460586,0.514095,-0.036761,0.436268,0.665477,-0.017347,0.416241,0.609951,-0.033197,0.402549,0.574386,-0.042334,0.389080,0.545881,-0.045529,0.421156,0.693091,-0.020289,0.432715,0.682799,-0.042027,0.452365,0.706461,-0.047652,0.462563,0.724983,-0.044165,0.413606,0.725852,-0.024189,0.431746,0.721988,-0.039113,0.450238,0.735796,-0.040190,0.462478,0.747128,-0.036213
1780504384.623,left,victory,0.461300,0.802476,0.000000,0.478670,0.767262,-0.011586,0.488480,0.726094,-0.020764,0.483314,0.703878,-0.030804,0.468883,0.716105,-0.039856,0.456059,0.647381,-0.014446,0.458264,0.582597,-0.026120,0.456960,0.543938,-0.032781,0.452863,0.512470,-0.036840,0.434012,0.663082,-0.018791,0.417231,0.609680,-0.034489,0.404489,0.575291,-0.043791,0.391359,0.549337,-0.047727,0.420688,0.693197,-0.023793,0.438982,0.676275,-0.043784,0.457697,0.695467,-0.048062,0.466461,0.713546,-0.044730,0.416359,0.728710,-0.029696,0.438842,0.716246,-0.042853,0.457198,0.723631,-0.042759,0.469241,0.733093,-0.038647
1780504384.754,left,victory,0.462944,0.796980,0.000000,0.478092,0.761270,-0.010858,0.486904,0.720376,-0.020530,0.486917,0.692076,-0.031518,0.476427,0.700456,-0.041420,0.453886,0.644821,-0.014875,0.454385,0.579980,-0.027266,0.452579,0.540291,-0.034521,0.448257,0.508211,-0.039041,0.433982,0.662483,-0.020096,0.420107,0.607825,-0.036497,0.408615,0.572223,-0.045464,0.396515,0.546330,-0.049315,0.422073,0.691981,-0.026030,0.442271,0.662465,-0.046027,0.461479,0.679960,-0.048921,0.471120,0.698572,-0.044931,0.419667,0.724930,-0.033009,0.444846,0.706060,-0.046156,0.461758,0.714184,-0.045894,0.471704,0.725573,-0.041861
1780504384.899,left,victory,0.461649,0.790918,0.000000,0.477752,0.750824,-0.007258,0.486228,0.704998,-0.015686,0.489792,0.674600,-0.026312,0.484109,0.678052,-0.035722,0.451876,0.638857,-0.011154,0.449779,0.575688,-0.023313,0.446563,0.535942,-0.030280,0.441659,0.505208,-0.034637,0.434267,0.658043,-0.018535,0.420794,0.598461,-0.034839,0.411940,0.560446,-0.043072,0.402054,0.533144,-0.046199,0.425202,0.686487,-0.026614,0.448631,0.644045,-0.045872,0.469078,0.661813,-0.046896,0.477817,0.680798,-0.041762,0.426781,0.716060,-0.035608,0.456593,0.687460,-0.047359,0.472143,0.697325,-0.045819,0.478439,0.710570,-0.041219
1780504384.991,left,victory,0.455754,0.786287,0.000000,0.475493,0.736109,-0.003432,0.482227,0.692411,-0.011220,0.487955,0.664104,-0.021999,0.485325,0.651158,-0.031439,0.440106,0.639900,-0.011168,0.437045,0.572698,-0.022534,0.431272,0.531184,-0.029623,0.423542,0.499296,-0.034559,0.429080,0.656852,-0.020089,0.422206,0.593587,-0.035894,0.414506,0.552970,-0.043828,0.405846,0.521296,-0.047630,0.427291,0.680301,-0.029133,0.454827,0.630001,-0.046039,0.474115,0.646644,-0.044358,0.481688,0.666487,-0.038673,0.436198,0.703903,-0.039026,0.462332,0.666096,-0.049175,0.477065,0.667588,-0.046045,0.484207,0.675726,-0.040983
1780504385.192,left,victory,0.448059,0.777931,0.000000,0.466823,0.712995,0.001097,0.470282,0.668396,-0.006199,0.473443,0.634465,-0.017427,0.479006,0.619819,-0.027369,0.424783,0.635237,-0.005284,0.418262,0.576587,-0.015522,0.411524,0.536797,-0.022172,0.403119,0.508103,-0.027257,0.421910,0.647848,-0.016113,0.418139,0.581693,-0.031777,0.410957,0.541314,-0.040201,0.400960,0.510612,-0.044664,0.427233,0.668609,-0.026696,0.450016,0.608421,-0.041772,0.470534,0.618703,-0.039046,0.478505,0.635088,-0.033307,0.441351,0.689056,-0.037673,0.461047,0.641706,-0.044354,0.475239,0.645373,-0.038974,0.481056,0.659023,-0.033245
1780504385.300,left,victory,0.439815,0.769664,0.000000,0.450571,0.709309,0.001474,0.456586,0.655708,-0.007216,0.463736,0.619171,-0.019723,0.473235,0.609360,-0.031100,0.415592,0.631860,-0.010346,0.408486,0.569182,-0.021486,0.401510,0.529926,-0.028967,0.393040,0.501102,-0.034832,0.416759,0.647124,-0.021788,0.411327,0.579509,-0.038414,0.405449,0.536975,-0.047655,0.397546,0.506401,-0.053485,0.424820,0.667814,-0.032400,0.447591,0.596464,-0.044773,0.464210,0.608806,-0.038586,0.467379,0.626209,-0.031951,0.441434,0.684939,-0.043697,0.460786,0.626299,-0.046915,0.470398,0.633188,-0.038731,0.471054,0.649781,-0.032200
1780504385.443,left,victory,0.425043,0.755666,0.000000,0.426437,0.697577,0.005426,0.431835,0.640160,-0.000061,0.444874,0.602000,-0.009707,0.458240,0.594273,-0.018573,0.397845,0.621998,-0.004591,0.388144,0.558609,-0.014136,0.379581,0.522075,-0.020381,0.369681,0.495114,-0.025200,0.403384,0.631827,-0.017066,0.400558,0.559806,-0.030266,0.397905,0.518191,-0.038076,0.392813,0.486620,-0.043317,0.414161,0.648203,-0.028784,0.436022,0.575294,-0.039173,0.446509,0.594219,-0.034229,0.445479,0.613891,-0.028787,0.431458,0.662467,-0.040739,0.448465,0.606564,-0.043439,0.453688,0.617967,-0.036460,0.451292,0.633721,-0.030907
1780504385.543,left,victory,0.417232,0.752093,0.000000,0.409758,0.693634,0.008730,0.409956,0.639166,0.004822,0.416501,0.601732,-0.003464,0.425448,0.578618,-0.010766,0.386016,0.620050,-0.002968,0.378255,0.556771,-0.012461,0.370583,0.521922,-0.017593,0.361039,0.497706,-0.020879,0.394033,0.628314,-0.015740,0.392040,0.553904,-0.028476,0.388973,0.512422,-0.035081,0.383298,0.479343,-0.039040,0.405809,0.642292,-0.027405,0.426170,0.567404,-0.037070,0.438505,0.585900,-0.030329,0.439725,0.604077,-0.023217,0.423257,0.656020,-0.038862,0.438879,0.597832,-0.040315,0.445804,0.607968,-0.031763,0.445314,0.622243,-0.024636
1780504385.638,left,victory,0.408496,0.746899,0.000000,0.398898,0.688076,0.007237,0.398863,0.632603,0.003002,0.406885,0.595247,-0.005254,0.417176,0.575394,-0.012602,0.377030,0.617904,-0.003691,0.369373,0.555922,-0.012677,0.361785,0.522845,-0.017726,0.352320,0.499512,-0.021160,0.386091,0.624779,-0.015405,0.383578,0.552679,-0.026836,0.380105,0.510883,-0.033691,0.374374,0.478388,-0.038363,0.398478,0.638353,-0.026090,0.416794,0.566231,-0.034614,0.428739,0.581472,-0.028892,0.429838,0.598985,-0.022909,0.415484,0.650642,-0.036721,0.429700,0.592843,-0.037946,0.437953,0.596749,-0.030451,0.438685,0.607347,-0.024319
1780504385.737,left,victory,0.407424,0.747457,0.000000,0.400114,0.691697,0.006266,0.402678,0.637209,0.001497,0.414654,0.600569,-0.007241,0.428824,0.584079,-0.015269,0.375935,0.622244,-0.004926,0.366688,0.559393,-0.014989,0.358683,0.525637,-0.020326,0.349098,0.502025,-0.023645,0.384128,0.627637,-0.016812,0.380772,0.554388,-0.029362,0.377067,0.512549,-0.036045,0.371544,0.480684,-0.040015,0.396282,0.639831,-0.027847,0.415087,0.569770,-0.038210,0.426535,0.585679,-0.033059,0.427757,0.603161,-0.026687,0.413416,0.652310,-0.038815,0.426365,0.597090,-0.040925,0.433749,0.604328,-0.033214,0.434720,0.616905,-0.026596
1780504385.911,left,victory,0.404781,0.746725,0.000000,0.398900,0.691366,0.004778,0.403114,0.635689,-0.000365,0.417674,0.598354,-0.009196,0.432308,0.583922,-0.017155,0.374727,0.621311,-0.005735,0.365915,0.557741,-0.015485,0.357932,0.524732,-0.020969,0.348209,0.501515,-0.024610,0.382377,0.627398,-0.016993,0.378136,0.555330,-0.029259,0.374045,0.513424,-0.036256,0.368437,0.481055,-0.040646,0.394314,0.640302,-0.027513,0.413315,0.570915,-0.038003,0.424480,0.586449,-0.033497,0.425102,0.604662,-0.027617,0.411575,0.653057,-0.038157,0.425003,0.597830,-0.041195,0.433786,0.600364,-0.034509,0.435932,0.609818,-0.028524
1780504386.121,left,victory,0.403017,0.749190,0.000000,0.395509,0.693712,0.005655,0.398903,0.638227,0.000704,0.411181,0.599410,-0.007980,0.424490,0.582081,-0.015812,0.372401,0.624300,-0.005413,0.363009,0.561336,-0.015073,0.354813,0.527852,-0.020077,0.345366,0.504390,-0.023169,0.380796,0.629060,-0.016958,0.376178,0.555961,-0.029283,0.372121,0.513906,-0.035596,0.366871,0.481716,-0.039238,0.393220,0.640886,-0.027663,0.411561,0.572413,-0.037757,0.421766,0.588712,-0.032240,0.422098,0.606902,-0.025578,0.410625,0.653187,-0.038412,0.423074,0.597031,-0.040406,0.430962,0.602350,-0.032535,0.432670,0.614194,-0.025725
1780504386.261,left,victory,0.400954,0.748975,0.000000,0.391982,0.695338,0.006089,0.394724,0.638143,0.001330,0.407020,0.598857,-0.007090,0.421202,0.584401,-0.014576,0.369678,0.623834,-0.005925,0.359718,0.560937,-0.015606,0.351202,0.528021,-0.020649,0.341427,0.505637,-0.023954,0.378922,0.629939,-0.017502,0.373984,0.555389,-0.030102,0.369532,0.512603,-0.036790,0.363989,0.480425,-0.040958,0.391581,0.642766,-0.028044,0.406650,0.569297,-0.037759,0.416870,0.584967,-0.031535,0.417549,0.603595,-0.024660,0.408916,0.654802,-0.038641,0.419964,0.596151,-0.040633,0.427182,0.599992,-0.032827,0.427813,0.610651,-0.026181
1780504386.406,left,victory,0.393252,0.752130,0.000000,0.383509,0.699054,0.006613,0.384809,0.642271,0.003416,0.394437,0.602792,-0.003560,0.404362,0.581107,-0.009468,0.359810,0.627998,-0.002768,0.348575,0.565910,-0.011636,0.339013,0.533093,-0.016529,0.327741,0.510791,-0.019710,0.369298,0.632171,-0.013993,0.363958,0.558214,-0.025257,0.359120,0.515671,-0.032119,0.352365,0.482831,-0.036547,0.382109,0.643235,-0.024385,0.395825,0.568574,-0.033521,0.407833,0.584438,-0.027880,0.409766,0.602246,-0.021470,0.399551,0.654118,-0.034741,0.409931,0.596362,-0.036637,0.417900,0.599249,-0.029371,0.419581,0.607977,-0.023115
1780504386.528,left,victory,0.390867,0.750477,0.000000,0.386842,0.695955,0.006077,0.390321,0.639798,0.001043,0.402189,0.601289,-0.008143,0.416306,0.583752,-0.016362,0.358057,0.626253,-0.003912,0.346241,0.565915,-0.012503,0.337929,0.533177,-0.017304,0.327962,0.509919,-0.021013,0.364870,0.631181,-0.016092,0.357067,0.559947,-0.028531,0.350792,0.517919,-0.035925,0.342988,0.487130,-0.040834,0.375819,0.644001,-0.027384,0.389435,0.569362,-0.037284,0.403724,0.582467,-0.032205,0.407435,0.599452,-0.026442,0.392568,0.654758,-0.038743,0.403175,0.598028,-0.041395,0.413461,0.598998,-0.034995,0.417085,0.607692,-0.029639
1780504386.672,left,victory,0.406868,0.743818,0.000000,0.417511,0.688742,-0.002124,0.415625,0.644634,-0.007244,0.413977,0.617230,-0.014978,0.408329,0.606321,-0.021304,0.370628,0.613200,-0.005352,0.360589,0.560159,-0.014032,0.350394,0.529779,-0.019847,0.339147,0.507045,-0.023906,0.361209,0.631192,-0.013403,0.345490,0.573971,-0.026028,0.332657,0.538222,-0.032599,0.320617,0.512013,-0.035692,0.361115,0.652934,-0.021774,0.376834,0.594506,-0.037350,0.398082,0.597741,-0.037818,0.409755,0.609272,-0.033981,0.370868,0.672459,-0.030518,0.389026,0.625116,-0.040055,0.404589,0.622579,-0.037728,0.414589,0.628427,-0.033651
1780504386.807,left,victory,0.414716,0.745322,0.000000,0.425937,0.704558,-0.012403,0.424920,0.651731,-0.018816,0.411793,0.625738,-0.025761,0.395295,0.634053,-0.031535,0.386093,0.613967,-0.007499,0.377814,0.556096,-0.016347,0.372203,0.524294,-0.021734,0.364578,0.497582,-0.024885,0.370341,0.629896,-0.010119,0.344935,0.573313,-0.022308,0.331474,0.541481,-0.028792,0.317835,0.517621,-0.030825,0.361639,0.654779,-0.014188,0.363125,0.605649,-0.034022,0.386370,0.628906,-0.035372,0.398230,0.652609,-0.029501,0.359315,0.682608,-0.019095,0.368396,0.640416,-0.033601,0.386512,0.651931,-0.031977,0.396890,0.669127,-0.026548
1780504386.935,left,victory,0.416014,0.755083,0.000000,0.427814,0.708686,-0.009806,0.424074,0.655532,-0.014410,0.405825,0.640277,-0.019833,0.388968,0.650358,-0.024610,0.394020,0.613325,-0.004471,0.389670,0.555775,-0.012831,0.386013,0.522528,-0.018498,0.381496,0.494988,-0.021937,0.377298,0.627708,-0.007679,0.352934,0.571299,-0.018828,0.338426,0.537897,-0.025754,0.325037,0.513068,-0.028589,0.367745,0.653332,-0.012140,0.362088,0.610192,-0.030911,0.383167,0.631456,-0.033097,0.395847,0.654569,-0.028258,0.363637,0.684233,-0.017043,0.365156,0.645906,-0.031202,0.382615,0.656759,-0.029248,0.394534,0.674554,-0.023695
1780504387.110,left,victory,0.418494,0.766320,0.000000,0.429730,0.722550,-0.011225,0.427416,0.672403,-0.017237,0.410673,0.655808,-0.023836,0.392779,0.662848,-0.029544,0.398410,0.620611,-0.006759,0.395962,0.562479,-0.016233,0.392951,0.527945,-0.022651,0.389831,0.499976,-0.026350,0.381045,0.635822,-0.009831,0.356747,0.578270,-0.021617,0.342916,0.542738,-0.028706,0.331015,0.516737,-0.031522,0.370436,0.663728,-0.014321,0.365898,0.624286,-0.033591,0.386743,0.645929,-0.035960,0.399011,0.668978,-0.031074,0.365311,0.696677,-0.019413,0.367607,0.662099,-0.033782,0.385092,0.672564,-0.031928,0.396439,0.689389,-0.026318
1780504387.283,left,victory,0.428738,0.777939,0.000000,0.441341,0.736046,-0.010510,0.440214,0.683873,-0.016020,0.423157,0.667801,-0.022449,0.404391,0.671314,-0.028036,0.410083,0.627254,-0.006073,0.407957,0.566748,-0.016123,0.405694,0.530169,-0.022767,0.402733,0.500182,-0.026647,0.391290,0.642391,-0.009721,0.367694,0.583389,-0.022986,0.352337,0.546384,-0.031594,0.338163,0.517949,-0.035261,0.379965,0.670939,-0.014565,0.376761,0.630134,-0.035092,0.397627,0.652336,-0.038340,0.410129,0.674812,-0.033881,0.375069,0.705563,-0.019911,0.381761,0.674460,-0.035726,0.400103,0.687521,-0.034649,0.411893,0.704200,-0.029265
1780504387.446,left,victory,0.453898,0.796553,0.000000,0.471122,0.759985,-0.013423,0.478009,0.710320,-0.020705,0.464742,0.685610,-0.028294,0.446436,0.686307,-0.034816,0.445173,0.636805,-0.009488,0.447570,0.572793,-0.020469,0.446355,0.533305,-0.027142,0.443751,0.502786,-0.030450,0.425601,0.649637,-0.012378,0.406123,0.582892,-0.025889,0.392639,0.542796,-0.034059,0.380231,0.516215,-0.036816,0.412479,0.677827,-0.016773,0.419243,0.641909,-0.037800,0.439414,0.662569,-0.042912,0.450248,0.685309,-0.039155,0.405379,0.711921,-0.021824,0.419446,0.684150,-0.036707,0.438139,0.698061,-0.036263,0.449205,0.716557,-0.031280
1780504387.659,left,victory,0.478798,0.814924,0.000000,0.501000,0.779472,-0.011798,0.515052,0.736774,-0.019702,0.511600,0.705011,-0.028626,0.496767,0.694306,-0.036435,0.486600,0.651092,-0.008233,0.496674,0.590222,-0.020814,0.500594,0.552527,-0.028811,0.502125,0.521480,-0.032799,0.466435,0.655150,-0.011980,0.457157,0.584293,-0.026748,0.450366,0.541316,-0.035899,0.443080,0.511456,-0.039024,0.451588,0.675571,-0.017226,0.467704,0.650496,-0.038018,0.484964,0.673619,-0.043638,0.492870,0.697007,-0.040187,0.442677,0.704523,-0.023222,0.464902,0.689078,-0.036413,0.482518,0.703670,-0.036016,0.492592,0.721455,-0.031243
1780504387.843,left,victory,0.487084,0.808397,0.000000,0.513093,0.781218,-0.011976,0.530879,0.744231,-0.020363,0.532456,0.714626,-0.029860,0.520094,0.698449,-0.038140,0.513714,0.652333,-0.010228,0.528669,0.591482,-0.023658,0.536341,0.553844,-0.031690,0.541336,0.520011,-0.035729,0.492138,0.649011,-0.013884,0.488684,0.578303,-0.029246,0.486604,0.535604,-0.037832,0.483080,0.501890,-0.040721,0.474447,0.663820,-0.018954,0.496720,0.645456,-0.039460,0.511610,0.678571,-0.042666,0.516590,0.705390,-0.037785,0.463290,0.688872,-0.025074,0.487891,0.684621,-0.037923,0.501738,0.707069,-0.036685,0.508132,0.727272,-0.031384
1780504388.011,left,victory,0.481046,0.795043,0.000000,0.508632,0.775534,-0.010996,0.530426,0.741227,-0.019547,0.536155,0.710346,-0.029452,0.523180,0.696044,-0.038098,0.521422,0.650404,-0.010857,0.541569,0.593711,-0.024051,0.552245,0.558917,-0.031666,0.559575,0.526905,-0.035658,0.500271,0.642569,-0.015497,0.504735,0.572933,-0.032057,0.507832,0.528594,-0.041033,0.508385,0.489869,-0.044170,0.482005,0.653441,-0.021233,0.509637,0.638135,-0.043246,0.521451,0.680564,-0.045570,0.524208,0.710644,-0.039616,0.469670,0.676302,-0.027869,0.495931,0.675102,-0.041841,0.507528,0.700543,-0.040246,0.511756,0.721554,-0.034430
1780504388.226,left,victory,0.474835,0.785237,0.000000,0.504714,0.771473,-0.009989,0.528302,0.746408,-0.018710,0.539577,0.720430,-0.029053,0.531831,0.702387,-0.038097,0.525740,0.650575,-0.010620,0.550598,0.601583,-0.023669,0.563508,0.569261,-0.031267,0.573086,0.539437,-0.035260,0.505759,0.639052,-0.016033,0.517430,0.572303,-0.032374,0.525112,0.529816,-0.041031,0.529865,0.493705,-0.043969,0.487480,0.646030,-0.022496,0.519317,0.636330,-0.044281,0.529371,0.681309,-0.046709,0.531281,0.713765,-0.040921,0.474555,0.666589,-0.029781,0.503321,0.671589,-0.043534,0.513371,0.699149,-0.042091,0.516419,0.721446,-0.036448
1780504388.614,left,victory,0.473368,0.782184,0.000000,0.502709,0.772728,-0.010212,0.526654,0.749945,-0.018965,0.538434,0.724436,-0.029293,0.530046,0.706120,-0.038438,0.525975,0.651707,-0.011757,0.552695,0.607398,-0.025019,0.565935,0.575334,-0.032962,0.575532,0.545355,-0.037402,0.506294,0.639195,-0.017463,0.521546,0.575278,-0.033925,0.530459,0.534914,-0.042654,0.536042,0.500875,-0.045678,0.487989,0.645116,-0.024162,0.519486,0.640310,-0.046466,0.528188,0.685691,-0.049173,0.528948,0.718207,-0.043567,0.474493,0.665158,-0.031662,0.503287,0.672948,-0.045917,0.513674,0.701901,-0.044581,0.516972,0.726241,-0.038948
1780504389.017,left,victory,0.467861,0.775010,0.000000,0.499368,0.767018,-0.009091,0.524498,0.745469,-0.017368,0.538958,0.722517,-0.027516,0.531830,0.704872,-0.036515,0.523515,0.649985,-0.010693,0.551602,0.606539,-0.023790,0.566357,0.575371,-0.031148,0.576876,0.546922,-0.034851,0.505223,0.638100,-0.016713,0.523944,0.576996,-0.032958,0.534278,0.536711,-0.041123,0.540676,0.503056,-0.043497,0.488686,0.643726,-0.023747,0.522893,0.644600,-0.045614,0.530793,0.690108,-0.048328,0.531389,0.722334,-0.042587,0.477126,0.663629,-0.031522,0.506895,0.674036,-0.044797,0.516065,0.703510,-0.043259,0.518918,0.728451,-0.037549
1780504389.180,left,victory,0.461423,0.762119,0.000000,0.504787,0.752883,0.000114,0.529873,0.733501,-0.006787,0.546386,0.722892,-0.017310,0.558838,0.721948,-0.027331,0.525755,0.648480,-0.007825,0.552596,0.602792,-0.019368,0.567396,0.570536,-0.026448,0.577188,0.540595,-0.031124,0.517283,0.646336,-0.018028,0.548653,0.598109,-0.032403,0.565026,0.564230,-0.039929,0.575355,0.533557,-0.043277,0.509975,0.662177,-0.028121,0.550595,0.665969,-0.045464,0.555614,0.705663,-0.046013,0.552856,0.732576,-0.041261,0.505830,0.692252,-0.038353,0.536404,0.705119,-0.048201,0.544405,0.727325,-0.045491,0.546091,0.744253,-0.040682
1780504389.459,left,victory,0.468870,0.747332,0.000000,0.486763,0.684424,0.006075,0.516656,0.656343,0.001348,0.543291,0.666747,-0.005569,0.562617,0.680519,-0.012313,0.523140,0.627914,-0.013785,0.550848,0.579392,-0.023185,0.564828,0.545637,-0.028918,0.575598,0.517029,-0.033106,0.532009,0.657327,-0.023312,0.573616,0.625654,-0.031874,0.597709,0.605914,-0.035647,0.617019,0.589925,-0.039055,0.537252,0.693352,-0.031030,0.578837,0.675874,-0.035932,0.569283,0.685500,-0.028485,0.556814,0.693560,-0.022788,0.540374,0.731206,-0.038760,0.568203,0.713170,-0.038465,0.561258,0.712430,-0.029400,0.551855,0.715240,-0.022377
1780504389.648,left,victory,0.498972,0.781963,0.000000,0.492755,0.710607,-0.001122,0.509483,0.664781,-0.005293,0.529423,0.643917,-0.008899,0.542171,0.636202,-0.012629,0.536153,0.654216,-0.020357,0.556099,0.590367,-0.031200,0.568254,0.550332,-0.037854,0.579206,0.520406,-0.041478,0.556142,0.681557,-0.021432,0.592088,0.633424,-0.027573,0.617087,0.608657,-0.028967,0.637172,0.593737,-0.029442,0.566680,0.710969,-0.020960,0.579175,0.667389,-0.022297,0.569280,0.654385,-0.017085,0.558384,0.655278,-0.012532,0.569562,0.735181,-0.020907,0.571466,0.696899,-0.020439,0.562171,0.685578,-0.014346,0.553217,0.687174,-0.008417
1780504390.073,left,victory,0.505601,0.802629,0.000000,0.494610,0.731757,-0.003369,0.508013,0.674173,-0.006949,0.530120,0.655060,-0.009780,0.544953,0.661227,-0.012532,0.536159,0.668838,-0.019972,0.553143,0.599513,-0.028617,0.564935,0.559696,-0.033474,0.575502,0.530923,-0.036447,0.555892,0.691155,-0.020236,0.588634,0.638080,-0.026891,0.612986,0.608648,-0.029684,0.633119,0.593883,-0.031056,0.566214,0.714897,-0.019163,0.573840,0.680923,-0.020952,0.562804,0.678775,-0.017828,0.552214,0.689938,-0.014612,0.570745,0.735385,-0.018787,0.568445,0.711177,-0.019121,0.558192,0.711209,-0.015102,0.549186,0.720814,-0.010693
1780504390.236,left,victory,0.507852,0.808778,0.000000,0.493936,0.740138,-0.005427,0.503887,0.679382,-0.010347,0.528134,0.660878,-0.014070,0.546857,0.669721,-0.017708,0.536365,0.676401,-0.022384,0.551557,0.607964,-0.030661,0.563268,0.571864,-0.035602,0.574406,0.545331,-0.038955,0.557679,0.698430,-0.021641,0.590535,0.643009,-0.027636,0.613691,0.615173,-0.029876,0.632830,0.601426,-0.031086,0.567946,0.722614,-0.019652,0.573043,0.683577,-0.021678,0.559659,0.678867,-0.018563,0.548691,0.690019,-0.015324,0.570998,0.743474,-0.018372,0.568440,0.711433,-0.019983,0.556681,0.708015,-0.016529,0.547040,0.717165,-0.012502
1780504390.395,left,victory,0.500972,0.811722,0.000000,0.488023,0.743343,-0.004674,0.498280,0.683209,-0.008602,0.520443,0.659154,-0.011333,0.535947,0.663267,-0.013771,0.527699,0.679078,-0.021109,0.541713,0.608286,-0.028773,0.552484,0.571971,-0.032486,0.562959,0.545047,-0.034738,0.549199,0.698849,-0.020432,0.582011,0.641668,-0.027565,0.604667,0.611770,-0.030318,0.623418,0.596750,-0.031300,0.560058,0.720485,-0.018314,0.566210,0.677610,-0.021669,0.552109,0.673250,-0.019092,0.540565,0.683972,-0.015715,0.564302,0.738996,-0.016721,0.562638,0.706304,-0.019025,0.551333,0.702544,-0.016146,0.541726,0.710511,-0.012249
1780504390.548,left,victory,0.501573,0.816191,0.000000,0.487078,0.744850,-0.005740,0.499130,0.683944,-0.010875,0.525296,0.663868,-0.014426,0.546177,0.669193,-0.017897,0.527270,0.682910,-0.023880,0.541946,0.612803,-0.032342,0.552826,0.576296,-0.037095,0.563339,0.548282,-0.040229,0.549114,0.703703,-0.022632,0.581285,0.645254,-0.028497,0.603625,0.615931,-0.030356,0.622217,0.599519,-0.031370,0.560138,0.725369,-0.020073,0.565486,0.684066,-0.022119,0.552561,0.680305,-0.018941,0.542249,0.691625,-0.015706,0.563864,0.743379,-0.018171,0.560732,0.711674,-0.019621,0.548782,0.709377,-0.016184,0.539306,0.718851,-0.012232
1780504390.650,left,victory,0.500208,0.818659,0.000000,0.486252,0.746974,-0.004994,0.497104,0.687309,-0.010074,0.522547,0.668161,-0.013826,0.542644,0.671468,-0.017424,0.527211,0.682969,-0.021869,0.540919,0.614063,-0.029561,0.551112,0.578168,-0.033939,0.561200,0.551107,-0.036803,0.549049,0.703615,-0.020866,0.581054,0.647064,-0.026566,0.603134,0.617720,-0.028913,0.621401,0.602804,-0.030243,0.559692,0.727009,-0.018429,0.564336,0.687579,-0.019843,0.550546,0.682956,-0.016658,0.539762,0.694010,-0.013543,0.562996,0.747588,-0.016587,0.560107,0.715997,-0.017414,0.547918,0.712629,-0.013550,0.538149,0.721522,-0.009284
1780504390.793,left,victory,0.497395,0.825895,0.000000,0.481779,0.753550,-0.005519,0.491746,0.692894,-0.010701,0.516726,0.672862,-0.014608,0.536420,0.680026,-0.018307,0.520999,0.693410,-0.022625,0.535751,0.624525,-0.030685,0.546275,0.588628,-0.035304,0.556257,0.560965,-0.038417,0.543217,0.712620,-0.021791,0.575971,0.654460,-0.028258,0.598698,0.623977,-0.030712,0.617729,0.607922,-0.031931,0.554300,0.733547,-0.019565,0.560207,0.687828,-0.021731,0.546563,0.684358,-0.018222,0.536040,0.697425,-0.014647,0.558417,0.751790,-0.018047,0.555473,0.716181,-0.019378,0.543971,0.712389,-0.015516,0.534816,0.722291,-0.011177
1780504391.074,left,victory,0.496422,0.823670,0.000000,0.481257,0.753675,-0.005249,0.490515,0.695715,-0.010907,0.513485,0.673254,-0.014922,0.532042,0.675516,-0.018782,0.520440,0.692595,-0.024636,0.533648,0.621410,-0.033047,0.543568,0.583647,-0.037647,0.553257,0.555154,-0.040676,0.542405,0.711125,-0.023260,0.573757,0.651022,-0.029633,0.595982,0.621440,-0.031619,0.614569,0.605813,-0.032754,0.553595,0.731844,-0.020238,0.560025,0.683657,-0.021749,0.547083,0.679737,-0.017508,0.536788,0.691688,-0.013894,0.557586,0.750145,-0.017829,0.554505,0.714380,-0.018816,0.542657,0.710900,-0.014811,0.533535,0.720578,-0.010553
1780504391.169,left,victory,0.495893,0.823774,0.000000,0.481726,0.751124,-0.004604,0.493624,0.692775,-0.009570,0.519192,0.673005,-0.013284,0.538924,0.673788,-0.016893,0.521117,0.688829,-0.021923,0.534204,0.619876,-0.030212,0.544140,0.583263,-0.034928,0.554157,0.555610,-0.037937,0.542724,0.709671,-0.021319,0.573909,0.652487,-0.027417,0.596687,0.623620,-0.029741,0.615876,0.608473,-0.031046,0.553711,0.732327,-0.019322,0.559260,0.690909,-0.021320,0.545902,0.687244,-0.018046,0.535363,0.698571,-0.014848,0.557680,0.751840,-0.017896,0.553960,0.719669,-0.019071,0.541709,0.716649,-0.015280,0.532129,0.725414,-0.011084
1780504391.328,left,victory,0.493507,0.819805,0.000000,0.479227,0.749840,-0.004182,0.490629,0.691328,-0.008774,0.516040,0.672980,-0.012382,0.535973,0.676078,-0.015784,0.517241,0.685463,-0.019835,0.530167,0.615716,-0.026252,0.539692,0.580171,-0.029293,0.549568,0.553723,-0.031352,0.539601,0.705513,-0.019833,0.571061,0.647532,-0.024863,0.593260,0.619093,-0.026961,0.612273,0.604511,-0.028267,0.550931,0.728244,-0.018433,0.559940,0.683673,-0.019679,0.547462,0.680368,-0.016197,0.537432,0.691020,-0.013214,0.555434,0.748169,-0.017610,0.553544,0.714971,-0.018038,0.542905,0.711135,-0.014010,0.534343,0.719095,-0.009920
1780504391.449,left,victory,0.494235,0.824330,0.000000,0.480286,0.753102,-0.004709,0.491700,0.695708,-0.010241,0.517372,0.672546,-0.014286,0.537773,0.671278,-0.018108,0.517430,0.690812,-0.024325,0.531033,0.619147,-0.032727,0.540871,0.581498,-0.037148,0.550908,0.552569,-0.040123,0.539974,0.710508,-0.023650,0.572155,0.653081,-0.029506,0.594827,0.624242,-0.031272,0.613516,0.607992,-0.032583,0.551790,0.732478,-0.021432,0.559417,0.684655,-0.023200,0.546078,0.681722,-0.019347,0.535304,0.693911,-0.016197,0.556486,0.752390,-0.019752,0.554013,0.716440,-0.021370,0.541775,0.711975,-0.017922,0.532175,0.720798,-0.014163
1780504391.554,left,victory,0.493114,0.818395,0.000000,0.478944,0.747520,-0.004914,0.489995,0.687644,-0.009894,0.515274,0.667611,-0.013200,0.535548,0.672448,-0.016400,0.517386,0.687948,-0.023260,0.530869,0.618652,-0.030025,0.540271,0.582404,-0.033852,0.550049,0.553993,-0.036861,0.540174,0.707726,-0.022024,0.571790,0.649353,-0.026434,0.593975,0.621106,-0.027608,0.612648,0.604307,-0.028807,0.551402,0.729194,-0.019228,0.559902,0.678701,-0.019868,0.547489,0.673057,-0.015828,0.536838,0.682622,-0.012904,0.555351,0.747844,-0.016993,0.553697,0.709562,-0.018171,0.542134,0.704367,-0.014724,0.532602,0.712232,-0.011236
1780504391.756,left,victory,0.493077,0.823541,0.000000,0.478464,0.751988,-0.004379,0.490122,0.692626,-0.009037,0.516653,0.672325,-0.012300,0.537775,0.675939,-0.015406,0.516342,0.689595,-0.021775,0.530477,0.619436,-0.029241,0.540629,0.582523,-0.033472,0.550631,0.554062,-0.036377,0.539346,0.709337,-0.020997,0.571613,0.651461,-0.025755,0.593716,0.622143,-0.027231,0.612162,0.605620,-0.028196,0.551162,0.731185,-0.018783,0.558696,0.684278,-0.019508,0.545503,0.679179,-0.015542,0.534561,0.690003,-0.012233,0.555594,0.751182,-0.017152,0.553369,0.715971,-0.017594,0.542032,0.711145,-0.013577,0.532722,0.720062,-0.009422
1780504391.885,left,victory,0.492051,0.815818,0.000000,0.478956,0.744856,-0.004352,0.490181,0.684589,-0.008604,0.515406,0.666165,-0.011313,0.534907,0.670524,-0.014026,0.517937,0.682580,-0.021397,0.531126,0.615026,-0.027459,0.540236,0.579418,-0.030762,0.549830,0.551840,-0.033223,0.540044,0.703442,-0.020397,0.571520,0.647020,-0.024197,0.593742,0.618379,-0.025355,0.612783,0.601686,-0.026421,0.551146,0.726396,-0.017899,0.558803,0.680691,-0.018503,0.545911,0.676290,-0.015495,0.535131,0.686866,-0.013161,0.555194,0.746914,-0.015869,0.552856,0.712271,-0.016926,0.541502,0.708409,-0.013820,0.532481,0.717391,-0.010517
1780504392.053,left,victory,0.491774,0.814445,0.000000,0.478682,0.741889,-0.004154,0.490873,0.683324,-0.009171,0.517436,0.663191,-0.012895,0.538492,0.666131,-0.016383,0.516405,0.680726,-0.021551,0.530115,0.610606,-0.028641,0.539650,0.574879,-0.032351,0.549719,0.547003,-0.034970,0.538952,0.701587,-0.021326,0.571120,0.643817,-0.026255,0.593760,0.615454,-0.027797,0.612956,0.599224,-0.028898,0.550387,0.724006,-0.019649,0.559580,0.673720,-0.021173,0.547354,0.668885,-0.017583,0.536753,0.679690,-0.014551,0.554880,0.743658,-0.018458,0.553255,0.705563,-0.019638,0.542078,0.699537,-0.016002,0.532789,0.707424,-0.012156
1780504392.251,left,victory,0.490561,0.816203,0.000000,0.477423,0.744503,-0.003723,0.489356,0.686460,-0.008554,0.514716,0.663434,-0.011997,0.535351,0.664838,-0.015333,0.513484,0.684664,-0.023299,0.527990,0.613091,-0.031282,0.537956,0.575484,-0.035490,0.548048,0.546132,-0.038381,0.536377,0.703562,-0.022848,0.570011,0.644524,-0.028126,0.592833,0.615996,-0.029456,0.611772,0.599071,-0.030415,0.548273,0.724480,-0.020718,0.557455,0.673361,-0.021979,0.544487,0.669333,-0.017635,0.533555,0.680319,-0.014129,0.552790,0.743241,-0.019032,0.551804,0.704648,-0.020131,0.540534,0.699598,-0.016170,0.531172,0.707559,-0.012062
1780504392.521,left,victory,0.490492,0.813166,0.000000,0.476374,0.744563,-0.004228,0.487087,0.685552,-0.008611,0.511888,0.666290,-0.011713,0.531428,0.671508,-0.014721,0.514013,0.681373,-0.021487,0.527095,0.609517,-0.027819,0.536400,0.572421,-0.030694,0.545778,0.544000,-0.032728,0.536621,0.700778,-0.020903,0.568810,0.641721,-0.025530,0.591201,0.613198,-0.027002,0.610009,0.597542,-0.027929,0.547897,0.723067,-0.018769,0.555353,0.676154,-0.019901,0.542694,0.674143,-0.016537,0.532499,0.685996,-0.013647,0.552128,0.743222,-0.017099,0.549321,0.708922,-0.017856,0.538329,0.705657,-0.014291,0.529585,0.714557,-0.010589
1780504392.667,left,victory,0.490853,0.815284,0.000000,0.475830,0.744162,-0.004756,0.487466,0.684914,-0.009616,0.514184,0.664684,-0.013059,0.535237,0.668100,-0.016276,0.511927,0.683960,-0.022712,0.525361,0.611092,-0.029779,0.535117,0.573778,-0.033345,0.545025,0.544874,-0.035948,0.535365,0.703172,-0.021984,0.567654,0.642223,-0.027033,0.589881,0.614402,-0.028498,0.608821,0.599652,-0.029555,0.547232,0.724877,-0.019737,0.555185,0.673144,-0.021414,0.541627,0.670561,-0.017400,0.531138,0.683466,-0.013994,0.552016,0.744702,-0.017995,0.550497,0.705863,-0.019451,0.539363,0.701893,-0.015620,0.530400,0.711725,-0.011621
1780504392.879,left,victory,0.480295,0.813556,0.000000,0.478321,0.744658,-0.001287,0.503565,0.699623,-0.007263,0.537066,0.690392,-0.013207,0.562210,0.692937,-0.018714,0.512951,0.679733,-0.020452,0.529425,0.615906,-0.029094,0.539477,0.577595,-0.033585,0.548352,0.546886,-0.036598,0.531946,0.707701,-0.024506,0.569267,0.662110,-0.031949,0.593604,0.641094,-0.034431,0.613593,0.630327,-0.036074,0.543526,0.738844,-0.026992,0.562478,0.704412,-0.031490,0.549791,0.701611,-0.026492,0.539008,0.710075,-0.021934,0.549035,0.765899,-0.029722,0.558361,0.729803,-0.030059,0.547674,0.724901,-0.022577,0.539316,0.732906,-0.016183
1780504393.079,left,victory,0.496639,0.810752,0.000000,0.530132,0.786229,0.001315,0.559275,0.760401,-0.005873,0.579408,0.759196,-0.016667,0.584245,0.779658,-0.027195,0.552819,0.693711,-0.010370,0.580381,0.641782,-0.020780,0.594598,0.607297,-0.027560,0.603909,0.575343,-0.033082,0.543279,0.701393,-0.021053,0.567763,0.675489,-0.036521,0.579356,0.651004,-0.044579,0.585489,0.626495,-0.049173,0.534900,0.724962,-0.031115,0.575005,0.735091,-0.044885,0.583858,0.767550,-0.044364,0.583309,0.787525,-0.041272,0.529800,0.757970,-0.041485,0.563404,0.768425,-0.047488,0.570839,0.786097,-0.043919,0.570774,0.797449,-0.040235
1780504393.306,left,victory,0.507836,0.813989,0.000000,0.542406,0.797648,0.000808,0.568578,0.773454,-0.005441,0.586687,0.763010,-0.015529,0.582315,0.758586,-0.024422,0.561359,0.691416,-0.008047,0.586772,0.639963,-0.019055,0.600480,0.605847,-0.026471,0.608146,0.575140,-0.031826,0.545900,0.691221,-0.019156,0.565712,0.653173,-0.035217,0.574358,0.617673,-0.043252,0.577771,0.586514,-0.047252,0.534191,0.706026,-0.030131,0.569489,0.712367,-0.045011,0.577890,0.747077,-0.043212,0.577484,0.768954,-0.038419,0.528867,0.733718,-0.041808,0.560165,0.744483,-0.048660,0.567710,0.765333,-0.044416,0.568062,0.780449,-0.039494
1780504393.437,left,victory,0.512614,0.803830,0.000000,0.547037,0.792109,-0.002020,0.571965,0.767635,-0.009307,0.589359,0.752873,-0.020184,0.585839,0.745994,-0.029859,0.565059,0.684777,-0.009851,0.589201,0.632831,-0.021088,0.602484,0.597371,-0.027913,0.609947,0.567018,-0.032709,0.549122,0.683056,-0.019567,0.568170,0.636267,-0.036228,0.577295,0.599019,-0.043942,0.581254,0.566895,-0.047267,0.537474,0.696025,-0.029397,0.573932,0.697240,-0.045976,0.581915,0.733434,-0.044309,0.580575,0.757289,-0.038706,0.533466,0.722086,-0.040080,0.566232,0.733473,-0.048904,0.571159,0.755248,-0.045623,0.567741,0.769923,-0.040766
1780504393.693,left,victory,0.514629,0.800667,0.000000,0.548183,0.788254,-0.002052,0.572985,0.764639,-0.008903,0.589754,0.751386,-0.019293,0.586952,0.746433,-0.028463,0.566982,0.682892,-0.008523,0.590633,0.631314,-0.019599,0.604037,0.597555,-0.026374,0.612387,0.568389,-0.031144,0.551171,0.679718,-0.018159,0.569757,0.634427,-0.034840,0.578763,0.597255,-0.043152,0.582850,0.565827,-0.046811,0.538777,0.691073,-0.027982,0.574444,0.695440,-0.044948,0.581651,0.731747,-0.043967,0.580463,0.755788,-0.038580,0.533078,0.715159,-0.038616,0.564240,0.730711,-0.047616,0.570453,0.752911,-0.044677,0.569236,0.767381,-0.039909
1780504394.043,left,victory,0.514110,0.797990,0.000000,0.547100,0.785835,-0.002431,0.572056,0.761385,-0.009267,0.589289,0.746455,-0.019625,0.586255,0.744234,-0.028791,0.567101,0.680196,-0.007962,0.590377,0.629478,-0.019018,0.603958,0.595282,-0.026104,0.612252,0.566086,-0.031203,0.551538,0.677043,-0.017493,0.569898,0.631057,-0.034198,0.579058,0.593211,-0.042950,0.582891,0.561082,-0.046989,0.538807,0.688030,-0.027262,0.574127,0.690986,-0.044233,0.581563,0.727926,-0.043126,0.580216,0.752096,-0.037595,0.532759,0.711814,-0.037929,0.564304,0.725246,-0.046939,0.570703,0.747999,-0.043859,0.569104,0.763112,-0.038968
1780504394.246,left,victory,0.515235,0.799389,0.000000,0.547367,0.786174,-0.002877,0.572285,0.762056,-0.009992,0.589390,0.746871,-0.020537,0.586883,0.744895,-0.029861,0.566017,0.680696,-0.008527,0.589064,0.628751,-0.019751,0.602595,0.593905,-0.026844,0.610953,0.564690,-0.031865,0.550710,0.677884,-0.017768,0.568750,0.630224,-0.034477,0.578330,0.592286,-0.043053,0.582804,0.560934,-0.046919,0.538274,0.689315,-0.027269,0.573813,0.690981,-0.044253,0.580992,0.727235,-0.043085,0.579607,0.751974,-0.037499,0.532430,0.713623,-0.037683,0.563497,0.727029,-0.046965,0.570200,0.749835,-0.044009,0.569162,0.765808,-0.039093
1780504394.593,left,victory,0.511470,0.794549,0.000000,0.544999,0.781944,-0.001989,0.569676,0.758999,-0.009547,0.587433,0.744398,-0.020740,0.584134,0.740379,-0.030649,0.563790,0.676751,-0.008680,0.586768,0.625465,-0.020024,0.599860,0.589657,-0.027050,0.607297,0.559823,-0.032066,0.548054,0.674508,-0.018595,0.566259,0.627102,-0.035118,0.575695,0.590116,-0.043345,0.580082,0.558516,-0.047142,0.535804,0.686662,-0.028606,0.571306,0.688837,-0.044468,0.578020,0.724471,-0.041887,0.575751,0.747299,-0.035812,0.530476,0.711919,-0.039625,0.562032,0.725231,-0.048155,0.568782,0.747206,-0.044404,0.567112,0.761206,-0.039148
1780504394.914,left,victory,0.505491,0.791903,0.000000,0.539315,0.767719,0.001074,0.565427,0.743553,-0.006271,0.584873,0.735666,-0.017263,0.596319,0.743092,-0.027387,0.552704,0.666630,-0.008457,0.575914,0.621994,-0.020008,0.588729,0.587822,-0.028217,0.597069,0.557355,-0.034505,0.547351,0.675301,-0.019617,0.574222,0.630097,-0.035266,0.588438,0.592258,-0.045171,0.598942,0.558586,-0.051355,0.542563,0.699590,-0.030166,0.584924,0.696066,-0.045510,0.587666,0.728689,-0.042789,0.582063,0.747920,-0.037099,0.542353,0.734884,-0.041130,0.575090,0.730752,-0.049098,0.584948,0.745469,-0.044229,0.587106,0.756341,-0.038594
1780504395.014,left,victory,0.505877,0.804372,0.000000,0.498299,0.737366,-0.003352,0.517094,0.684888,-0.008700,0.546599,0.666710,-0.013308,0.569726,0.663557,-0.017124,0.529686,0.671565,-0.019036,0.540835,0.605671,-0.025852,0.547908,0.568011,-0.028423,0.554898,0.538666,-0.029838,0.549549,0.695960,-0.020855,0.581168,0.640012,-0.027960,0.602775,0.609464,-0.030603,0.620786,0.591686,-0.031974,0.562318,0.722580,-0.021318,0.576151,0.672246,-0.026825,0.563511,0.666933,-0.023509,0.552634,0.675417,-0.019422,0.569840,0.744465,-0.021962,0.573264,0.700335,-0.024012,0.562696,0.696032,-0.018601,0.555174,0.705222,-0.013106
1780504395.193,left,victory,0.502750,0.807001,0.000000,0.489302,0.741180,-0.005414,0.501615,0.684420,-0.010856,0.525580,0.658888,-0.014541,0.543633,0.657771,-0.017859,0.522591,0.682967,-0.024761,0.531795,0.610364,-0.033394,0.538464,0.568892,-0.037580,0.545565,0.536791,-0.040352,0.545042,0.700819,-0.024287,0.573574,0.636568,-0.031742,0.593378,0.601979,-0.034158,0.610426,0.581355,-0.035466,0.558524,0.720439,-0.022182,0.565703,0.666453,-0.026512,0.553621,0.661039,-0.022340,0.543328,0.671290,-0.018145,0.565794,0.736301,-0.020517,0.565298,0.690983,-0.023423,0.555413,0.687333,-0.018758,0.547758,0.697351,-0.013778
1780504395.312,left,victory,0.502153,0.807696,0.000000,0.489159,0.739650,-0.005376,0.501675,0.681367,-0.010978,0.527385,0.656457,-0.014903,0.548211,0.655052,-0.018293,0.520024,0.680588,-0.022888,0.529142,0.608044,-0.030336,0.535944,0.568386,-0.033477,0.543760,0.537948,-0.035434,0.542423,0.697766,-0.022520,0.570438,0.633465,-0.029626,0.590724,0.598570,-0.031897,0.608716,0.577833,-0.032947,0.556437,0.716964,-0.020602,0.565890,0.660957,-0.025221,0.554449,0.656002,-0.021558,0.544543,0.667700,-0.017491,0.564757,0.732475,-0.019044,0.563655,0.684908,-0.021774,0.553290,0.680445,-0.017223,0.545748,0.690575,-0.012284
1780504395.444,left,victory,0.499908,0.805820,0.000000,0.487468,0.738716,-0.003816,0.499815,0.682686,-0.008940,0.524816,0.663062,-0.012860,0.544862,0.665742,-0.016555,0.517482,0.679273,-0.022116,0.525453,0.606630,-0.029431,0.531395,0.566440,-0.032332,0.538306,0.535324,-0.033997,0.540050,0.696211,-0.022669,0.567873,0.629757,-0.029368,0.587830,0.593780,-0.031562,0.605532,0.571967,-0.032523,0.553970,0.715980,-0.021518,0.562971,0.662776,-0.025676,0.551202,0.658910,-0.022341,0.541322,0.670685,-0.018502,0.561773,0.731866,-0.020601,0.560662,0.687933,-0.022527,0.550306,0.683750,-0.017694,0.542832,0.693435,-0.012643
1780504395.618,left,victory,0.498478,0.805201,0.000000,0.485667,0.737582,-0.003735,0.497632,0.680620,-0.008639,0.522070,0.659119,-0.012338,0.541908,0.659196,-0.015885,0.516638,0.676008,-0.021491,0.524265,0.604626,-0.028815,0.529902,0.565178,-0.031876,0.536639,0.534847,-0.033554,0.538836,0.693463,-0.022098,0.566737,0.628306,-0.028333,0.586415,0.592531,-0.030112,0.603653,0.570408,-0.030796,0.552568,0.713803,-0.021133,0.562318,0.659995,-0.025364,0.551069,0.654128,-0.022259,0.541259,0.664271,-0.018593,0.560131,0.730206,-0.020352,0.559479,0.684843,-0.022522,0.549290,0.679624,-0.017774,0.541797,0.688724,-0.012737
1780504395.709,left,victory,0.497710,0.805404,0.000000,0.485052,0.737320,-0.003789,0.497641,0.680281,-0.008805,0.522267,0.658550,-0.012661,0.542224,0.658754,-0.016305,0.515225,0.675675,-0.021678,0.522651,0.603145,-0.029083,0.527960,0.562930,-0.032028,0.534372,0.532166,-0.033591,0.537322,0.692721,-0.022364,0.565005,0.626816,-0.029297,0.584899,0.591058,-0.031443,0.602234,0.568731,-0.032212,0.551040,0.711957,-0.021450,0.559818,0.656343,-0.026261,0.548263,0.652211,-0.023222,0.538569,0.662624,-0.019389,0.558753,0.727070,-0.020701,0.557393,0.680409,-0.023125,0.546758,0.675863,-0.018459,0.539199,0.684890,-0.013390
1780504395.845,left,victory,0.495450,0.802515,0.000000,0.483439,0.732739,-0.003852,0.497039,0.676132,-0.009299,0.522413,0.654579,-0.013627,0.542943,0.653275,-0.017740,0.512980,0.673481,-0.022515,0.520672,0.599954,-0.030665,0.526146,0.559437,-0.034096,0.532843,0.528374,-0.035826,0.535061,0.692774,-0.023648,0.563251,0.624168,-0.030929,0.583252,0.585478,-0.033187,0.600612,0.560591,-0.034030,0.549355,0.713893,-0.023224,0.559576,0.657259,-0.028489,0.547855,0.650721,-0.025483,0.537831,0.659567,-0.021567,0.557485,0.730116,-0.022946,0.557243,0.682436,-0.025366,0.546228,0.676675,-0.020254,0.538221,0.685167,-0.014851
1780504395.991,left,victory,0.492861,0.802127,0.000000,0.480544,0.731553,-0.004515,0.494133,0.675981,-0.010897,0.519454,0.652523,-0.015814,0.540434,0.650440,-0.020362,0.509675,0.675014,-0.025056,0.518173,0.600908,-0.034572,0.523455,0.558715,-0.038856,0.529473,0.525522,-0.041169,0.531681,0.692603,-0.025759,0.559968,0.624429,-0.034073,0.579500,0.586391,-0.036613,0.596436,0.561763,-0.037702,0.546156,0.711322,-0.024753,0.554233,0.652072,-0.030310,0.541326,0.647186,-0.026411,0.530795,0.657558,-0.022013,0.554758,0.726041,-0.024032,0.552610,0.677777,-0.026491,0.541382,0.673644,-0.021089,0.533793,0.682638,-0.015559
1780504396.183,left,victory,0.486915,0.800104,0.000000,0.473715,0.731486,-0.003775,0.485996,0.674591,-0.009265,0.509892,0.649078,-0.013610,0.529616,0.644562,-0.017641,0.501897,0.668081,-0.023178,0.508184,0.592202,-0.031728,0.513534,0.550354,-0.034685,0.519826,0.518449,-0.035906,0.524458,0.685653,-0.024087,0.552550,0.619303,-0.032382,0.570923,0.579013,-0.035022,0.585941,0.553180,-0.035784,0.539452,0.706493,-0.023273,0.547731,0.652863,-0.029458,0.534570,0.647799,-0.026416,0.523224,0.657213,-0.022093,0.548492,0.723852,-0.022514,0.546851,0.680321,-0.025215,0.535836,0.677793,-0.020050,0.527845,0.687817,-0.014335
1780504396.284,left,victory,0.482613,0.799690,0.000000,0.469207,0.729441,-0.004154,0.481711,0.671516,-0.009490,0.505697,0.642965,-0.013756,0.525315,0.634829,-0.017571,0.496587,0.666420,-0.021671,0.502761,0.593832,-0.030787,0.506661,0.551139,-0.034897,0.511191,0.517160,-0.037161,0.518696,0.683404,-0.022753,0.544579,0.617262,-0.031480,0.562290,0.578074,-0.034560,0.577813,0.551865,-0.035972,0.533731,0.703393,-0.022418,0.542832,0.648033,-0.029741,0.530270,0.646191,-0.026949,0.519962,0.658730,-0.022798,0.542920,0.719937,-0.022230,0.541896,0.673674,-0.026425,0.530419,0.672171,-0.022001,0.522734,0.683272,-0.016803
1780504396.471,left,victory,0.480531,0.797715,0.000000,0.467243,0.728871,-0.004641,0.480240,0.671254,-0.010545,0.504930,0.640938,-0.015252,0.525601,0.630901,-0.019390,0.495013,0.664573,-0.021591,0.501011,0.592709,-0.029823,0.503904,0.550465,-0.033182,0.507901,0.516706,-0.034967,0.516821,0.681041,-0.022410,0.542014,0.614000,-0.030733,0.559450,0.574368,-0.033644,0.574711,0.547913,-0.034909,0.531887,0.700550,-0.021759,0.540327,0.641407,-0.029025,0.527361,0.638601,-0.026257,0.516803,0.651145,-0.022141,0.541487,0.716621,-0.021247,0.539901,0.666640,-0.025442,0.527515,0.664406,-0.020868,0.519425,0.676226,-0.015562
1780504396.636,left,victory,0.479435,0.797250,0.000000,0.465919,0.729819,-0.003672,0.478648,0.672818,-0.008637,0.502630,0.644125,-0.012960,0.522553,0.636013,-0.016786,0.493183,0.662701,-0.018175,0.498877,0.591842,-0.025985,0.501440,0.551059,-0.029170,0.505196,0.519101,-0.030639,0.514818,0.678625,-0.019545,0.539656,0.612069,-0.027777,0.557120,0.572735,-0.030974,0.572463,0.547522,-0.032092,0.529819,0.698616,-0.019618,0.537613,0.643094,-0.026954,0.524310,0.641719,-0.024828,0.513901,0.654818,-0.020764,0.539501,0.715446,-0.019782,0.538041,0.667928,-0.023565,0.526345,0.666887,-0.018978,0.518866,0.679103,-0.013520
1780504396.855,left,victory,0.475681,0.796544,0.000000,0.462991,0.729892,-0.004098,0.475587,0.674681,-0.010127,0.499857,0.649144,-0.015630,0.519816,0.643800,-0.020539,0.486880,0.665558,-0.020688,0.492893,0.590992,-0.030016,0.495462,0.549496,-0.033615,0.498847,0.517554,-0.035060,0.508728,0.680982,-0.022375,0.532773,0.611739,-0.031958,0.550722,0.572375,-0.035359,0.566892,0.547298,-0.036487,0.524664,0.700858,-0.022741,0.532688,0.645987,-0.030704,0.520392,0.647761,-0.027832,0.510653,0.662318,-0.023150,0.535433,0.717865,-0.023322,0.534777,0.672241,-0.026928,0.524354,0.672493,-0.021727,0.517695,0.684540,-0.015870
1780504397.116,left,victory,0.473955,0.799458,0.000000,0.459994,0.734943,-0.003895,0.472055,0.678565,-0.009287,0.495553,0.649158,-0.014236,0.514739,0.639450,-0.018567,0.483622,0.664939,-0.018486,0.489369,0.591803,-0.027320,0.492413,0.548717,-0.030948,0.496192,0.514656,-0.032575,0.505467,0.679190,-0.020197,0.529371,0.610884,-0.029475,0.547088,0.570896,-0.033139,0.562991,0.544596,-0.034380,0.521494,0.698877,-0.020685,0.529303,0.645899,-0.028676,0.516959,0.647714,-0.025964,0.507289,0.661842,-0.021218,0.532323,0.716250,-0.021364,0.531942,0.671033,-0.024981,0.521846,0.671549,-0.019608,0.515562,0.683670,-0.013478
1780504397.298,left,victory,0.466399,0.792663,0.000000,0.459110,0.726380,-0.000828,0.473443,0.670126,-0.004999,0.495969,0.635738,-0.009448,0.513448,0.617099,-0.013245,0.473825,0.652350,-0.014222,0.481428,0.585862,-0.022225,0.484567,0.545042,-0.025446,0.487620,0.510573,-0.027144,0.492397,0.670189,-0.018780,0.515909,0.606480,-0.026642,0.532742,0.570661,-0.029897,0.547297,0.543540,-0.031854,0.508575,0.694186,-0.022283,0.527415,0.642813,-0.030561,0.519254,0.653705,-0.027356,0.510774,0.669270,-0.022761,0.522177,0.716792,-0.025705,0.530149,0.670503,-0.029261,0.522554,0.676213,-0.023288,0.516355,0.690829,-0.017244
1780504397.453,left,victory,0.474937,0.796496,0.000000,0.504144,0.748786,0.002711,0.517009,0.713438,-0.002531,0.528364,0.693334,-0.012009,0.529791,0.687357,-0.020449,0.482760,0.646067,0.003068,0.486827,0.602857,-0.005523,0.487782,0.568325,-0.013088,0.486699,0.539684,-0.018853,0.471887,0.657275,-0.007782,0.479000,0.602285,-0.018237,0.483089,0.564839,-0.024060,0.485586,0.531052,-0.027875,0.467741,0.679726,-0.019186,0.502261,0.648668,-0.031445,0.514884,0.672465,-0.028940,0.515459,0.693146,-0.024727,0.471698,0.710068,-0.031156,0.503343,0.690829,-0.037820,0.513350,0.704240,-0.033418,0.514127,0.717719,-0.029094
1780504397.653,left,victory,0.486597,0.792727,0.000000,0.506497,0.770462,-0.011658,0.522366,0.739068,-0.021343,0.527174,0.716440,-0.032005,0.516314,0.713386,-0.041404,0.501704,0.650969,-0.014206,0.509985,0.590695,-0.027133,0.515041,0.554254,-0.034663,0.518281,0.521862,-0.038933,0.481604,0.654681,-0.018538,0.480093,0.596847,-0.034301,0.478299,0.560084,-0.042593,0.474575,0.531027,-0.045590,0.466502,0.672690,-0.023972,0.490457,0.658326,-0.043530,0.503877,0.689829,-0.046197,0.508559,0.713355,-0.041875,0.458981,0.700075,-0.030538,0.485840,0.701850,-0.043195,0.498920,0.721433,-0.043156,0.504763,0.735870,-0.039236
1780504397.801,left,victory,0.483638,0.799342,0.000000,0.505687,0.775797,-0.012757,0.522354,0.742873,-0.023294,0.526686,0.716894,-0.034704,0.515088,0.714653,-0.044627,0.502538,0.655755,-0.014902,0.511818,0.596057,-0.028122,0.517529,0.558982,-0.036072,0.521142,0.526708,-0.040806,0.481883,0.658071,-0.018673,0.480796,0.602684,-0.034666,0.478780,0.566110,-0.042955,0.475268,0.536602,-0.046181,0.466691,0.675512,-0.023631,0.492523,0.665200,-0.042313,0.503756,0.698132,-0.043811,0.506679,0.722987,-0.039070,0.459169,0.702686,-0.030072,0.485621,0.706208,-0.042145,0.498420,0.723673,-0.041868,0.504315,0.736694,-0.037929
1780504397.921,left,victory,0.484147,0.802623,0.000000,0.505525,0.778194,-0.011473,0.521404,0.745878,-0.021264,0.525807,0.719549,-0.032194,0.513943,0.719405,-0.041742,0.501831,0.655647,-0.013403,0.511355,0.596544,-0.025687,0.516784,0.559805,-0.033093,0.519674,0.527748,-0.037617,0.481595,0.658610,-0.017964,0.479761,0.602511,-0.033402,0.476950,0.566349,-0.041863,0.472724,0.537224,-0.045249,0.466590,0.677204,-0.023514,0.491256,0.668168,-0.041940,0.502377,0.701392,-0.043670,0.505359,0.725973,-0.038993,0.459063,0.705629,-0.030396,0.483030,0.706709,-0.042094,0.496652,0.723809,-0.041419,0.504130,0.737698,-0.037168
1780504398.102,left,victory,0.483849,0.802344,0.000000,0.505045,0.776880,-0.011702,0.520686,0.744218,-0.021473,0.525051,0.718744,-0.032236,0.513495,0.717260,-0.041514,0.501574,0.655259,-0.013646,0.510502,0.595194,-0.025907,0.515609,0.558743,-0.033336,0.518518,0.526534,-0.037877,0.481003,0.658193,-0.018022,0.478323,0.601722,-0.033402,0.475916,0.565448,-0.042151,0.472680,0.536361,-0.045810,0.465621,0.676412,-0.023389,0.490171,0.667914,-0.041645,0.501351,0.700541,-0.043672,0.504697,0.724653,-0.039306,0.457898,0.704089,-0.030109,0.481792,0.705777,-0.041741,0.495602,0.723392,-0.041228,0.503528,0.737809,-0.037122
1780504398.255,left,victory,0.484674,0.801646,0.000000,0.506206,0.776530,-0.012071,0.521766,0.743979,-0.022278,0.525120,0.718951,-0.033583,0.512811,0.719590,-0.043429,0.502193,0.656363,-0.014170,0.511143,0.595672,-0.026821,0.516715,0.558796,-0.034187,0.520227,0.526855,-0.038507,0.481460,0.659006,-0.018281,0.479236,0.603104,-0.034225,0.476730,0.566261,-0.042671,0.473368,0.537655,-0.045893,0.465927,0.676351,-0.023488,0.491008,0.669619,-0.042308,0.501873,0.703190,-0.044233,0.505030,0.728822,-0.039512,0.458021,0.703115,-0.030083,0.483183,0.707309,-0.041805,0.496278,0.725462,-0.041380,0.503291,0.740413,-0.037258
1780504398.405,left,victory,0.483896,0.800473,0.000000,0.506448,0.776286,-0.012895,0.522438,0.744943,-0.023343,0.525586,0.719544,-0.034698,0.513264,0.717506,-0.044531,0.502279,0.657574,-0.014937,0.511519,0.597460,-0.027905,0.517186,0.560631,-0.035687,0.520838,0.528140,-0.040345,0.481729,0.659632,-0.018670,0.480039,0.604540,-0.034671,0.477545,0.567555,-0.043302,0.474304,0.538153,-0.046810,0.466366,0.676789,-0.023575,0.491413,0.668928,-0.042620,0.502084,0.703287,-0.044504,0.505252,0.729516,-0.039833,0.458690,0.703558,-0.029961,0.483173,0.707007,-0.042481,0.496564,0.724823,-0.042425,0.504185,0.739955,-0.038477
1780504398.583,left,victory,0.483639,0.797946,0.000000,0.504816,0.774670,-0.012354,0.520839,0.742523,-0.022600,0.524636,0.716242,-0.033655,0.512416,0.714218,-0.043290,0.501209,0.654181,-0.015426,0.511160,0.593898,-0.028233,0.517082,0.557369,-0.035821,0.520987,0.524537,-0.040433,0.480551,0.656407,-0.019556,0.479169,0.600430,-0.035457,0.476871,0.563946,-0.044075,0.473640,0.533942,-0.047656,0.464916,0.674135,-0.024662,0.491015,0.666127,-0.043468,0.501766,0.700135,-0.045029,0.504533,0.724567,-0.040305,0.456761,0.701618,-0.031170,0.481402,0.704294,-0.043417,0.494812,0.722356,-0.042882,0.502253,0.736064,-0.038727
1780504398.725,left,victory,0.482249,0.799461,0.000000,0.504359,0.775555,-0.012737,0.520740,0.743520,-0.023423,0.524575,0.717113,-0.035041,0.512516,0.715745,-0.045213,0.501157,0.655033,-0.015211,0.510913,0.596201,-0.028166,0.516797,0.559423,-0.036092,0.520739,0.526919,-0.041039,0.480438,0.657026,-0.019179,0.479220,0.602250,-0.035324,0.476897,0.565563,-0.044065,0.473830,0.535500,-0.047835,0.464730,0.674287,-0.024226,0.490245,0.664886,-0.043077,0.500799,0.699701,-0.044316,0.503520,0.725900,-0.039442,0.456720,0.701335,-0.030787,0.481325,0.702366,-0.043167,0.494961,0.720700,-0.042645,0.502624,0.736120,-0.038509
1780504398.854,left,victory,0.481662,0.798328,0.000000,0.503217,0.773732,-0.012365,0.519412,0.741664,-0.022572,0.523096,0.716628,-0.033641,0.511080,0.714599,-0.043228,0.500065,0.653558,-0.014949,0.509971,0.593163,-0.027724,0.515678,0.556233,-0.035289,0.519338,0.523129,-0.039874,0.479332,0.655672,-0.019077,0.477416,0.599129,-0.035131,0.475008,0.562712,-0.043906,0.471659,0.533349,-0.047410,0.463603,0.673216,-0.024202,0.489037,0.664978,-0.043358,0.500331,0.699580,-0.045211,0.503593,0.724637,-0.040436,0.455482,0.700611,-0.030698,0.480214,0.704180,-0.043001,0.493760,0.722560,-0.042567,0.501164,0.736777,-0.038348
1780504398.950,left,victory,0.483239,0.798511,0.000000,0.505528,0.774512,-0.012270,0.521464,0.742117,-0.022253,0.524117,0.716381,-0.033185,0.511440,0.715109,-0.042745,0.500512,0.654184,-0.014302,0.510330,0.595952,-0.026845,0.516058,0.560419,-0.034443,0.520026,0.528418,-0.039077,0.479807,0.656281,-0.018266,0.478170,0.601762,-0.033979,0.476160,0.565244,-0.042552,0.473358,0.535807,-0.046085,0.464221,0.673382,-0.023304,0.489923,0.665601,-0.042403,0.500798,0.699619,-0.044497,0.503643,0.725230,-0.039963,0.455998,0.700533,-0.029685,0.481104,0.702855,-0.042086,0.494651,0.720818,-0.041849,0.501935,0.735790,-0.037848
1780504399.048,left,victory,0.481752,0.800230,0.000000,0.503782,0.777042,-0.012078,0.520024,0.744581,-0.022018,0.523798,0.718657,-0.032828,0.511598,0.716617,-0.042166,0.500165,0.656592,-0.014479,0.509887,0.596286,-0.027198,0.515633,0.559427,-0.034915,0.519431,0.526855,-0.039629,0.479344,0.658359,-0.018493,0.477350,0.602910,-0.034391,0.475552,0.566490,-0.043196,0.473044,0.537249,-0.046885,0.463788,0.676052,-0.023490,0.488945,0.667750,-0.042363,0.500035,0.701547,-0.044084,0.503192,0.727117,-0.039362,0.455958,0.703730,-0.029862,0.480643,0.706139,-0.042460,0.495029,0.722535,-0.042274,0.503355,0.735988,-0.038203
1780504399.151,left,victory,0.481767,0.800294,0.000000,0.503762,0.775617,-0.012203,0.519648,0.743300,-0.022772,0.523640,0.717569,-0.034395,0.511467,0.717052,-0.044567,0.499711,0.655832,-0.015048,0.509954,0.596233,-0.028002,0.516094,0.559071,-0.035924,0.520204,0.526434,-0.040885,0.479025,0.658803,-0.019349,0.478018,0.603824,-0.035433,0.476154,0.567451,-0.044177,0.473380,0.538018,-0.047943,0.463723,0.676874,-0.024671,0.489891,0.667807,-0.043375,0.500546,0.701718,-0.044723,0.502979,0.727181,-0.039959,0.456388,0.704463,-0.031474,0.481692,0.706300,-0.043893,0.495666,0.724157,-0.043512,0.503232,0.739374,-0.039437
1780504399.257,left,victory,0.481978,0.799972,0.000000,0.504006,0.775364,-0.012355,0.520425,0.743241,-0.022756,0.523882,0.717060,-0.034134,0.511028,0.716564,-0.044076,0.499732,0.656541,-0.014937,0.509608,0.596938,-0.027863,0.515490,0.559944,-0.035660,0.519407,0.527163,-0.040465,0.478895,0.658798,-0.019091,0.477551,0.603561,-0.035132,0.475542,0.567320,-0.043865,0.472879,0.538058,-0.047531,0.463552,0.676298,-0.024270,0.488784,0.668123,-0.043190,0.500081,0.701953,-0.044736,0.503636,0.727657,-0.039947,0.455909,0.703483,-0.030908,0.480375,0.706249,-0.043392,0.494749,0.723647,-0.043089,0.503270,0.738344,-0.039003
1780504399.378,left,victory,0.482362,0.801377,0.000000,0.504462,0.777358,-0.012464,0.520408,0.747181,-0.023117,0.524321,0.722535,-0.034715,0.512266,0.718669,-0.044850,0.500222,0.659144,-0.015368,0.510176,0.598974,-0.028498,0.516337,0.561785,-0.036337,0.520386,0.529155,-0.040949,0.479419,0.661061,-0.019187,0.478330,0.606681,-0.035072,0.476227,0.570763,-0.043405,0.473273,0.541444,-0.046654,0.463966,0.678035,-0.024066,0.490468,0.670941,-0.042893,0.501412,0.704813,-0.044442,0.504360,0.730358,-0.039571,0.456189,0.705221,-0.030379,0.481164,0.709100,-0.042814,0.495345,0.725860,-0.042510,0.503410,0.739862,-0.038299
1780504399.527,left,victory,0.481459,0.800514,0.000000,0.503383,0.776176,-0.012718,0.519125,0.745518,-0.023647,0.523533,0.721096,-0.035498,0.512206,0.717527,-0.045882,0.499875,0.658247,-0.016142,0.509710,0.597510,-0.029725,0.515734,0.559783,-0.037821,0.519726,0.526733,-0.042582,0.479209,0.660764,-0.020105,0.478646,0.605437,-0.036798,0.476423,0.568859,-0.045581,0.473351,0.539349,-0.049008,0.463711,0.678197,-0.025126,0.490344,0.670960,-0.044633,0.501322,0.705237,-0.046249,0.504364,0.730804,-0.041221,0.456083,0.705158,-0.031580,0.480968,0.706720,-0.044212,0.495024,0.724502,-0.043664,0.503028,0.739568,-0.039220
1780504399.667,left,victory,0.482215,0.801657,0.000000,0.504681,0.778157,-0.012679,0.520736,0.747467,-0.023331,0.524426,0.722273,-0.034921,0.511907,0.720511,-0.045116,0.501058,0.659427,-0.015821,0.510641,0.598842,-0.028860,0.516183,0.561432,-0.036583,0.519869,0.528722,-0.041203,0.480160,0.661547,-0.019578,0.478669,0.607977,-0.035664,0.476285,0.571928,-0.044133,0.473297,0.543084,-0.047495,0.464618,0.678686,-0.024385,0.490291,0.672193,-0.043363,0.501376,0.705094,-0.045300,0.504621,0.730259,-0.040739,0.456660,0.705809,-0.030638,0.481280,0.710859,-0.043171,0.495519,0.727064,-0.043289,0.503811,0.740473,-0.039460
1780504399.830,left,victory,0.481524,0.800891,0.000000,0.503927,0.776736,-0.012227,0.520024,0.745874,-0.022824,0.524214,0.720435,-0.034467,0.512418,0.719165,-0.044640,0.499712,0.658362,-0.015216,0.509754,0.598149,-0.028305,0.515881,0.560279,-0.036193,0.519882,0.526945,-0.041066,0.479143,0.661042,-0.019527,0.478679,0.606291,-0.035716,0.476417,0.570192,-0.044411,0.473109,0.541150,-0.048026,0.463968,0.678766,-0.024846,0.490477,0.670197,-0.043740,0.501131,0.704282,-0.045066,0.503690,0.729908,-0.040142,0.456522,0.706313,-0.031638,0.481959,0.709155,-0.044186,0.496193,0.726214,-0.043852,0.504006,0.740470,-0.039698
1780504399.967,left,victory,0.481657,0.804450,0.000000,0.503786,0.780639,-0.011974,0.519677,0.749460,-0.022334,0.524556,0.725092,-0.033794,0.513243,0.722242,-0.043815,0.500523,0.661390,-0.014978,0.510426,0.600784,-0.027971,0.516374,0.562939,-0.035711,0.520222,0.530149,-0.040319,0.479711,0.663485,-0.019040,0.478717,0.609052,-0.035031,0.476434,0.572915,-0.043371,0.473081,0.544287,-0.046567,0.464289,0.680264,-0.024143,0.490436,0.672489,-0.042921,0.501680,0.706235,-0.044607,0.504732,0.731838,-0.039878,0.456744,0.707034,-0.030659,0.482253,0.711858,-0.043003,0.496199,0.729215,-0.042962,0.503807,0.743224,-0.039000
1780504400.124,left,victory,0.480930,0.801864,0.000000,0.503312,0.777749,-0.012163,0.519857,0.746932,-0.022629,0.523705,0.722291,-0.034067,0.511475,0.722314,-0.044114,0.500336,0.660577,-0.015451,0.510388,0.599305,-0.028351,0.516500,0.562149,-0.035961,0.520412,0.529039,-0.040638,0.479647,0.662386,-0.019597,0.478588,0.607798,-0.035667,0.476108,0.572262,-0.044399,0.472696,0.543484,-0.048066,0.464291,0.679639,-0.024667,0.490025,0.674099,-0.042986,0.500790,0.706186,-0.044458,0.503730,0.729847,-0.039833,0.456364,0.706818,-0.031193,0.480727,0.711388,-0.042676,0.494541,0.727323,-0.042007,0.502467,0.739874,-0.037892
1780504400.336,left,victory,0.483534,0.802186,0.000000,0.505441,0.777611,-0.011727,0.521317,0.745548,-0.021703,0.524298,0.719947,-0.032763,0.511453,0.720187,-0.042474,0.500677,0.658007,-0.014071,0.510715,0.598785,-0.026657,0.516776,0.562209,-0.034257,0.520672,0.529858,-0.038862,0.480043,0.660617,-0.018389,0.478333,0.606285,-0.034081,0.475688,0.570341,-0.042590,0.472001,0.541511,-0.045986,0.464651,0.678365,-0.023699,0.489510,0.671036,-0.042580,0.500647,0.705043,-0.044381,0.503814,0.730692,-0.039624,0.456696,0.706179,-0.030343,0.481295,0.709806,-0.042546,0.495055,0.727669,-0.042081,0.502629,0.742544,-0.037829
1780504400.504,left,victory,0.481532,0.804666,0.000000,0.503388,0.780573,-0.012209,0.518990,0.749017,-0.022473,0.523261,0.724289,-0.033653,0.511900,0.721469,-0.043335,0.500335,0.660377,-0.014620,0.510700,0.599895,-0.027188,0.516780,0.562878,-0.034670,0.520556,0.530693,-0.039209,0.479468,0.662551,-0.018496,0.477619,0.607902,-0.034310,0.475227,0.572454,-0.042789,0.471717,0.543876,-0.046208,0.463967,0.680303,-0.023374,0.488847,0.671333,-0.042091,0.499687,0.705716,-0.043627,0.502486,0.731455,-0.038847,0.456250,0.707818,-0.029647,0.481099,0.711493,-0.042263,0.494743,0.728954,-0.042150,0.502056,0.742610,-0.038125
1780504400.657,left,victory,0.470602,0.800914,0.000000,0.497757,0.765432,-0.003240,0.515926,0.728286,-0.011925,0.528956,0.706236,-0.023774,0.524905,0.711092,-0.034795,0.492711,0.655933,-0.010619,0.499213,0.595708,-0.021940,0.502787,0.556987,-0.029154,0.504828,0.524886,-0.034606,0.478093,0.667648,-0.019683,0.482453,0.621906,-0.035584,0.483149,0.587406,-0.044146,0.481905,0.557588,-0.048787,0.468891,0.691480,-0.028809,0.501617,0.670969,-0.044024,0.513936,0.697376,-0.042328,0.515645,0.717952,-0.037588,0.468689,0.722578,-0.039014,0.498759,0.713428,-0.047738,0.511742,0.721462,-0.045221,0.516341,0.728506,-0.041265
1780504400.802,left,victory,0.462264,0.802974,0.000000,0.490899,0.753068,0.003717,0.509266,0.708335,-0.002394,0.523878,0.681703,-0.012572,0.529921,0.689295,-0.021758,0.479167,0.653080,-0.006067,0.486791,0.599427,-0.015549,0.491029,0.561624,-0.022060,0.492674,0.531985,-0.027604,0.474131,0.667517,-0.018266,0.483134,0.609581,-0.033309,0.490078,0.566194,-0.042596,0.494675,0.532041,-0.048582,0.473213,0.694919,-0.029536,0.508069,0.658192,-0.041704,0.523552,0.679104,-0.037820,0.527376,0.697362,-0.032533,0.480935,0.727144,-0.041250,0.509881,0.698037,-0.045486,0.522090,0.704699,-0.039904,0.526116,0.713589,-0.034962
1780504401.019,left,victory,0.457182,0.786237,0.000000,0.470211,0.725978,0.002326,0.493253,0.676489,-0.005353,0.517172,0.659805,-0.016290,0.531666,0.678085,-0.026695,0.471171,0.645495,-0.011408,0.480561,0.583811,-0.021062,0.484896,0.546173,-0.027324,0.486877,0.514948,-0.032715,0.472206,0.661886,-0.022552,0.483873,0.608168,-0.035941,0.490890,0.570607,-0.043794,0.494899,0.542945,-0.049522,0.475815,0.689815,-0.032666,0.511574,0.650897,-0.041916,0.524032,0.665396,-0.037949,0.524726,0.679802,-0.034022,0.485199,0.721001,-0.043309,0.513277,0.687548,-0.045596,0.522656,0.691368,-0.039773,0.523924,0.698395,-0.035478
1780504401.249,left,victory,0.455561,0.776599,0.000000,0.464012,0.717006,0.002357,0.484014,0.671894,-0.005121,0.508333,0.657173,-0.015301,0.526831,0.662890,-0.024984,0.465564,0.637877,-0.013789,0.474892,0.573258,-0.024355,0.479393,0.535792,-0.030480,0.482267,0.504310,-0.035179,0.469595,0.658093,-0.024129,0.487424,0.602310,-0.037618,0.496861,0.567931,-0.044600,0.503126,0.541042,-0.049436,0.475985,0.687001,-0.033416,0.511451,0.645394,-0.044618,0.522108,0.660500,-0.041411,0.522632,0.675223,-0.037283,0.485938,0.717812,-0.042798,0.513318,0.682763,-0.047030,0.522686,0.685085,-0.041756,0.524890,0.689430,-0.037263
1780504401.415,left,victory,0.453657,0.782790,0.000000,0.462035,0.722011,0.002366,0.484093,0.673981,-0.004651,0.510970,0.658044,-0.014293,0.528879,0.666007,-0.023429,0.463451,0.639015,-0.013514,0.472048,0.573616,-0.023721,0.475597,0.535661,-0.029806,0.477356,0.502992,-0.034620,0.468105,0.660149,-0.024029,0.486744,0.602708,-0.037291,0.497776,0.567921,-0.044261,0.505641,0.538570,-0.049164,0.475226,0.689202,-0.033529,0.510132,0.642383,-0.045119,0.517747,0.654778,-0.042757,0.515941,0.667790,-0.038963,0.485677,0.720000,-0.043133,0.512692,0.680079,-0.047577,0.519282,0.677190,-0.042984,0.519227,0.678853,-0.038986
1780504401.571,left,victory,0.451965,0.782137,0.000000,0.459118,0.719321,0.002704,0.479450,0.671349,-0.003614,0.505770,0.655828,-0.012451,0.525715,0.657931,-0.020865,0.461706,0.637835,-0.012139,0.468725,0.572394,-0.022288,0.471441,0.533693,-0.028148,0.472936,0.500885,-0.032368,0.467234,0.657743,-0.022050,0.485217,0.599977,-0.034500,0.496364,0.564569,-0.041006,0.504651,0.535793,-0.045253,0.475168,0.685843,-0.031020,0.507809,0.640714,-0.042466,0.517224,0.650781,-0.040945,0.517792,0.662521,-0.037533,0.485370,0.716117,-0.039895,0.510192,0.678714,-0.044359,0.518241,0.674670,-0.040030,0.520810,0.673770,-0.036005
1780504401.770,left,victory,0.451697,0.781913,0.000000,0.459466,0.720623,0.002469,0.479837,0.673140,-0.003790,0.506211,0.659375,-0.012566,0.526989,0.662325,-0.020807,0.461045,0.637407,-0.011822,0.468873,0.572326,-0.021932,0.471554,0.534030,-0.027781,0.472806,0.501146,-0.032091,0.466607,0.656729,-0.021608,0.484881,0.601372,-0.034121,0.496002,0.566212,-0.040872,0.504417,0.536609,-0.045370,0.474634,0.684562,-0.030494,0.505930,0.642189,-0.041784,0.513709,0.652550,-0.040429,0.513268,0.663704,-0.037190,0.485022,0.714548,-0.039363,0.508353,0.678909,-0.043715,0.516422,0.673603,-0.039677,0.519618,0.670999,-0.035903
1780504401.919,left,victory,0.452825,0.780024,0.000000,0.459885,0.720134,0.002059,0.480167,0.672514,-0.004940,0.507331,0.658283,-0.014486,0.526833,0.664245,-0.023469,0.460382,0.636947,-0.013126,0.468280,0.571096,-0.023608,0.471078,0.532997,-0.029732,0.472569,0.500060,-0.034470,0.466655,0.656496,-0.023248,0.484471,0.600585,-0.036002,0.495521,0.566106,-0.042677,0.503910,0.536159,-0.047519,0.474995,0.684301,-0.032511,0.507800,0.640788,-0.043901,0.514247,0.654173,-0.041875,0.512038,0.667444,-0.038509,0.485940,0.714120,-0.041904,0.511215,0.678544,-0.046438,0.516375,0.677671,-0.042186,0.515908,0.679269,-0.038547
1780504402.120,left,victory,0.453166,0.786955,0.000000,0.461979,0.729038,0.002685,0.483070,0.680534,-0.004956,0.508741,0.662831,-0.015798,0.527876,0.669060,-0.025917,0.461524,0.643195,-0.013671,0.470382,0.574862,-0.024476,0.474002,0.536540,-0.031072,0.475555,0.502855,-0.036566,0.464012,0.662563,-0.025056,0.479263,0.603628,-0.040035,0.489146,0.566882,-0.048265,0.495385,0.537116,-0.054160,0.469725,0.690368,-0.035305,0.506034,0.640690,-0.046934,0.517847,0.656218,-0.043471,0.518017,0.671146,-0.039392,0.480133,0.719714,-0.045871,0.508558,0.679252,-0.050470,0.517982,0.679641,-0.045642,0.519175,0.682613,-0.041707
1780504402.232,left,victory,0.455901,0.794882,0.000000,0.482313,0.741411,0.003495,0.500326,0.697297,-0.004084,0.515728,0.672240,-0.015897,0.526066,0.677021,-0.026446,0.468640,0.644691,-0.007234,0.477393,0.590281,-0.017952,0.482388,0.556107,-0.025024,0.484765,0.527570,-0.030665,0.465331,0.659245,-0.019653,0.475312,0.597087,-0.036351,0.483405,0.554377,-0.046468,0.489219,0.519917,-0.052883,0.466158,0.684868,-0.031089,0.503136,0.643814,-0.044427,0.517904,0.666699,-0.040458,0.520918,0.684983,-0.034901,0.475180,0.714069,-0.042908,0.506365,0.684279,-0.047080,0.516920,0.694992,-0.040735,0.518070,0.706128,-0.035312
1780504402.361,left,victory,0.465634,0.792896,0.000000,0.494361,0.745908,0.001446,0.509442,0.704663,-0.004454,0.522260,0.679035,-0.014130,0.523615,0.679312,-0.022738,0.471857,0.644230,-0.003789,0.478421,0.591146,-0.014118,0.483655,0.553731,-0.020396,0.487196,0.527094,-0.024552,0.464641,0.656664,-0.014408,0.474885,0.593841,-0.029055,0.482783,0.552411,-0.036766,0.489528,0.518239,-0.040329,0.463235,0.681100,-0.025006,0.497220,0.649554,-0.039947,0.510274,0.673716,-0.038017,0.513968,0.694473,-0.032274,0.469333,0.711464,-0.036002,0.495827,0.689743,-0.043043,0.509330,0.695452,-0.039244,0.515837,0.702207,-0.034336
1780504402.491,left,victory,0.468185,0.791589,0.000000,0.495494,0.747159,0.000359,0.509476,0.710038,-0.005524,0.521208,0.683875,-0.014852,0.522017,0.679644,-0.023350,0.472882,0.647084,-0.003324,0.479601,0.602517,-0.012748,0.482006,0.568123,-0.018950,0.482506,0.542503,-0.023100,0.464709,0.658407,-0.012571,0.473433,0.601503,-0.023480,0.479463,0.565058,-0.028680,0.482819,0.534285,-0.031177,0.462634,0.680459,-0.022118,0.491300,0.646867,-0.035178,0.506377,0.669222,-0.033693,0.511454,0.691411,-0.028968,0.468426,0.708654,-0.032109,0.494015,0.688914,-0.038786,0.506951,0.695912,-0.035647,0.513226,0.706331,-0.031469
1780504402.669,left,victory,0.474977,0.782936,0.000000,0.497575,0.748349,-0.003026,0.511437,0.714765,-0.009317,0.522619,0.692656,-0.017889,0.523823,0.682775,-0.025546,0.475158,0.643662,-0.007354,0.483112,0.592835,-0.016979,0.486414,0.558110,-0.023261,0.488100,0.529527,-0.027185,0.464241,0.653637,-0.014962,0.469572,0.595386,-0.026012,0.474524,0.559565,-0.031407,0.477555,0.529799,-0.033698,0.460387,0.675091,-0.022950,0.487981,0.641211,-0.038185,0.504550,0.664512,-0.038484,0.511563,0.687380,-0.034160,0.464474,0.703963,-0.031329,0.489128,0.683338,-0.041273,0.504180,0.691114,-0.039397,0.512797,0.702300,-0.035155
1780504402.820,left,victory,0.472721,0.784036,0.000000,0.496996,0.751013,-0.003842,0.512410,0.713541,-0.010518,0.523575,0.689190,-0.019444,0.522351,0.683011,-0.027413,0.478084,0.640704,-0.007472,0.485657,0.587701,-0.018680,0.489309,0.551793,-0.026054,0.491755,0.522226,-0.030698,0.466089,0.650494,-0.015147,0.469688,0.591064,-0.028191,0.476337,0.554700,-0.035024,0.481144,0.526347,-0.038071,0.460678,0.671843,-0.023375,0.487552,0.635373,-0.040109,0.505774,0.659427,-0.040628,0.514026,0.683041,-0.036086,0.463875,0.699715,-0.032130,0.491661,0.678529,-0.042960,0.506310,0.688044,-0.041395,0.512805,0.699947,-0.037204
1780504402.995,left,victory,0.473574,0.784277,0.000000,0.497954,0.749985,-0.003061,0.512546,0.712808,-0.009310,0.523910,0.688881,-0.017996,0.524533,0.679590,-0.025676,0.476480,0.638925,-0.006942,0.482645,0.587038,-0.017383,0.485422,0.550743,-0.024414,0.487488,0.521085,-0.028842,0.465178,0.648559,-0.014821,0.469260,0.589697,-0.027372,0.475540,0.551491,-0.034123,0.480404,0.521921,-0.037187,0.460570,0.669826,-0.023098,0.488316,0.635043,-0.039272,0.506569,0.658252,-0.039838,0.515138,0.681618,-0.035478,0.464628,0.697955,-0.031810,0.491778,0.675666,-0.041702,0.506421,0.683846,-0.039605,0.513804,0.694907,-0.035232
1780504403.135,left,victory,0.469693,0.782097,0.000000,0.494922,0.741621,-0.001015,0.507679,0.705334,-0.006798,0.519678,0.683147,-0.015366,0.526405,0.665863,-0.022842,0.470401,0.638857,-0.005347,0.476919,0.590099,-0.015057,0.479656,0.556993,-0.021493,0.481739,0.530031,-0.025755,0.461663,0.648875,-0.014006,0.466488,0.587259,-0.025956,0.474221,0.549681,-0.032399,0.481068,0.518992,-0.035563,0.460347,0.670146,-0.022900,0.488858,0.629908,-0.038507,0.507475,0.652412,-0.038399,0.516309,0.675152,-0.033926,0.467280,0.697850,-0.032026,0.493870,0.672887,-0.042041,0.509609,0.677465,-0.040109,0.518265,0.684956,-0.036040
1780504403.269,left,victory,0.466608,0.780768,0.000000,0.493691,0.732918,-0.000596,0.505678,0.696516,-0.007605,0.517536,0.672909,-0.017879,0.526459,0.657556,-0.026650,0.461864,0.642034,-0.005537,0.465421,0.586127,-0.017232,0.470682,0.550446,-0.024766,0.476068,0.524534,-0.029369,0.458597,0.651830,-0.014720,0.464597,0.585277,-0.029702,0.473726,0.544446,-0.038099,0.481898,0.511702,-0.042041,0.463061,0.671064,-0.024069,0.493643,0.626833,-0.040127,0.510518,0.645872,-0.039805,0.517469,0.666223,-0.035066,0.474763,0.694837,-0.033743,0.502114,0.667977,-0.042474,0.516191,0.672777,-0.039539,0.523059,0.681579,-0.034816
1780504403.392,left,victory,0.459989,0.784130,0.000000,0.463857,0.726588,0.001753,0.475845,0.672516,-0.004956,0.494425,0.642421,-0.013918,0.512055,0.627240,-0.021716,0.454056,0.648074,-0.014697,0.457962,0.580326,-0.026990,0.462683,0.538632,-0.033530,0.468467,0.507524,-0.037570,0.458064,0.664309,-0.024285,0.466476,0.599573,-0.040782,0.479187,0.558246,-0.047958,0.491595,0.530040,-0.051543,0.468500,0.687511,-0.032836,0.497545,0.634157,-0.045837,0.510156,0.639749,-0.041742,0.513543,0.652632,-0.035903,0.483965,0.713285,-0.041614,0.508300,0.668696,-0.046825,0.519012,0.660173,-0.041141,0.522933,0.658186,-0.035545
1780504403.512,left,victory,0.457858,0.789660,0.000000,0.447123,0.726642,-0.001137,0.456335,0.670802,-0.008032,0.479043,0.641465,-0.015776,0.498057,0.629294,-0.023270,0.449705,0.658708,-0.019003,0.454339,0.588016,-0.028766,0.457647,0.546949,-0.033919,0.461052,0.513345,-0.037240,0.469321,0.673011,-0.024949,0.486719,0.601662,-0.034260,0.498365,0.564008,-0.037527,0.507543,0.536149,-0.040204,0.488575,0.690823,-0.029824,0.507440,0.621143,-0.037673,0.499488,0.633260,-0.033500,0.490113,0.653435,-0.029268,0.505797,0.706792,-0.034919,0.514656,0.649300,-0.037240,0.506776,0.655109,-0.030881,0.499926,0.670252,-0.025634
1780504403.735,left,victory,0.460085,0.793241,0.000000,0.443966,0.737928,-0.006053,0.451068,0.682128,-0.012348,0.473836,0.647602,-0.017685,0.493042,0.630310,-0.022284,0.450314,0.678179,-0.023030,0.450093,0.601641,-0.032871,0.451433,0.557154,-0.036763,0.454616,0.521720,-0.038847,0.473933,0.686695,-0.024451,0.488822,0.608307,-0.034452,0.499809,0.563402,-0.038056,0.509696,0.530333,-0.040207,0.493950,0.698125,-0.025004,0.504626,0.620558,-0.035158,0.495922,0.623635,-0.033475,0.487867,0.640427,-0.029804,0.509233,0.706991,-0.025701,0.509317,0.647559,-0.031778,0.499664,0.644594,-0.028774,0.493713,0.655569,-0.024898
1780504403.875,left,victory,0.462374,0.793728,0.000000,0.437165,0.742091,-0.010266,0.437045,0.683315,-0.018182,0.454973,0.641653,-0.022793,0.472893,0.626651,-0.026886,0.446389,0.690134,-0.032724,0.444612,0.615619,-0.041308,0.445582,0.572289,-0.043855,0.447878,0.532948,-0.045733,0.473073,0.691682,-0.030662,0.486719,0.615142,-0.039941,0.497273,0.572213,-0.042737,0.505601,0.539218,-0.044560,0.492766,0.693723,-0.027259,0.494353,0.604478,-0.037924,0.488460,0.564277,-0.042225,0.485208,0.540026,-0.044206,0.504879,0.691697,-0.023464,0.491603,0.627347,-0.031385,0.476249,0.616845,-0.032356,0.468194,0.618003,-0.032407
1780504404.016,left,victory,0.465267,0.789053,0.000000,0.434333,0.739231,-0.014747,0.433382,0.672413,-0.024507,0.452503,0.620924,-0.028451,0.471988,0.600714,-0.031127,0.449072,0.691667,-0.045178,0.444808,0.615280,-0.055358,0.443235,0.570489,-0.058885,0.443095,0.531020,-0.061749,0.476066,0.691249,-0.038936,0.485108,0.606938,-0.048187,0.491590,0.560449,-0.049656,0.496603,0.525979,-0.051706,0.494706,0.686891,-0.030644,0.489326,0.598718,-0.038691,0.473428,0.589956,-0.035656,0.462908,0.597867,-0.032893,0.505206,0.678703,-0.022638,0.487863,0.616195,-0.029343,0.471652,0.617185,-0.027810,0.464469,0.629694,-0.026009
1780504404.135,left,victory,0.494527,0.771452,0.000000,0.462940,0.729575,-0.014648,0.453236,0.659215,-0.019838,0.466273,0.608592,-0.020456,0.479327,0.592468,-0.019875,0.487997,0.661141,-0.031544,0.485686,0.584742,-0.038573,0.487081,0.543553,-0.041312,0.488225,0.508717,-0.043228,0.511416,0.657966,-0.024706,0.516865,0.576890,-0.029695,0.517602,0.534301,-0.029175,0.518117,0.501718,-0.028732,0.523208,0.656990,-0.017145,0.515960,0.592788,-0.021535,0.501302,0.595182,-0.017525,0.491022,0.609503,-0.013155,0.526697,0.657235,-0.010528,0.515716,0.610579,-0.015196,0.504556,0.607766,-0.013148,0.498188,0.615845,-0.010033
1780504404.275,left,victory,0.513701,0.752786,0.000000,0.479982,0.713394,-0.017964,0.464802,0.646129,-0.023541,0.470589,0.593937,-0.023567,0.483801,0.573508,-0.021915,0.507767,0.633949,-0.030946,0.504513,0.557033,-0.035832,0.505286,0.517225,-0.037210,0.506342,0.483730,-0.038023,0.529179,0.628063,-0.020722,0.530864,0.549953,-0.024100,0.529499,0.506305,-0.022757,0.528409,0.472967,-0.021352,0.540141,0.627478,-0.010066,0.522653,0.574786,-0.012853,0.507081,0.577031,-0.009787,0.497660,0.589736,-0.005907,0.542864,0.629665,-0.000634,0.526725,0.594086,-0.004156,0.514203,0.592172,-0.003113,0.507218,0.598413,-0.000563
1780504404.426,left,victory,0.525173,0.756390,0.000000,0.490406,0.721361,-0.019577,0.473181,0.653438,-0.027729,0.475425,0.597240,-0.029955,0.489264,0.573835,-0.030304,0.519183,0.638504,-0.038887,0.517789,0.565220,-0.049047,0.519043,0.527709,-0.053495,0.520402,0.495387,-0.055985,0.538925,0.630615,-0.029721,0.541293,0.541152,-0.040094,0.542001,0.490151,-0.042896,0.544000,0.449398,-0.043691,0.548583,0.628646,-0.019508,0.526611,0.569190,-0.027873,0.507339,0.579176,-0.024299,0.496733,0.596809,-0.018791,0.549812,0.630867,-0.010518,0.530129,0.592316,-0.017309,0.515953,0.597409,-0.015047,0.508142,0.609875,-0.010852
1780504404.537,left,victory,0.534351,0.772643,0.000000,0.502805,0.734169,-0.022454,0.484771,0.671888,-0.030759,0.483402,0.616016,-0.032850,0.494852,0.591640,-0.032636,0.532309,0.655795,-0.036856,0.538318,0.577974,-0.044039,0.538274,0.542520,-0.045238,0.538582,0.515446,-0.045241,0.547583,0.647526,-0.025734,0.553963,0.556581,-0.034787,0.552964,0.507718,-0.036853,0.552565,0.473398,-0.037112,0.553740,0.643580,-0.014067,0.538467,0.575501,-0.023746,0.518230,0.585372,-0.023325,0.505289,0.604146,-0.019624,0.553658,0.643546,-0.003493,0.537577,0.598536,-0.012392,0.523911,0.604502,-0.013105,0.514552,0.618250,-0.010845
1780504404.662,left,victory,0.535290,0.784800,0.000000,0.507028,0.741824,-0.023615,0.490205,0.683337,-0.033747,0.487804,0.627616,-0.036866,0.499728,0.600544,-0.037277,0.539842,0.666818,-0.039673,0.545184,0.591992,-0.045911,0.543362,0.561335,-0.046893,0.542888,0.538630,-0.046764,0.553957,0.661552,-0.026556,0.559949,0.573086,-0.035150,0.559030,0.525455,-0.037501,0.559008,0.491979,-0.038431,0.559362,0.660026,-0.012401,0.549172,0.593218,-0.019518,0.530340,0.592379,-0.018331,0.518044,0.602909,-0.015054,0.558623,0.660035,0.000682,0.548415,0.610813,-0.005143,0.536267,0.609292,-0.004312,0.527649,0.617892,-0.001557
1780504404.819,left,victory,0.539275,0.788945,0.000000,0.508180,0.751556,-0.026369,0.490394,0.686521,-0.037305,0.488442,0.629192,-0.040392,0.501132,0.598850,-0.040928,0.541427,0.673499,-0.046876,0.546010,0.602085,-0.057925,0.546724,0.570291,-0.062422,0.547322,0.544225,-0.064537,0.557943,0.665730,-0.033310,0.563301,0.575217,-0.043839,0.563011,0.527999,-0.046059,0.563118,0.491786,-0.046695,0.564371,0.660148,-0.018984,0.547811,0.591056,-0.028493,0.527324,0.600997,-0.025914,0.514429,0.618092,-0.021134,0.563206,0.657860,-0.006106,0.547977,0.611098,-0.015052,0.534207,0.617405,-0.014501,0.525283,0.631044,-0.011334
1780504405.141,left,victory,0.536979,0.791485,0.000000,0.507152,0.751373,-0.025120,0.490043,0.690034,-0.036581,0.489447,0.632048,-0.041385,0.502231,0.601743,-0.042375,0.541010,0.672826,-0.039680,0.541197,0.593251,-0.048632,0.530143,0.585553,-0.049870,0.522967,0.592387,-0.048676,0.558358,0.665328,-0.027521,0.563648,0.573767,-0.036516,0.562689,0.525680,-0.038765,0.562804,0.492922,-0.040000,0.564875,0.663126,-0.015147,0.555195,0.591591,-0.023623,0.538904,0.592164,-0.022221,0.526702,0.603604,-0.019142,0.563340,0.662356,-0.004126,0.552071,0.613749,-0.012094,0.541417,0.613154,-0.011743,0.532656,0.620506,-0.009321
1780504405.273,left,victory,0.535715,0.797166,0.000000,0.506183,0.754657,-0.024597,0.490237,0.692171,-0.034945,0.490375,0.634917,-0.038417,0.502566,0.606693,-0.037424,0.542634,0.671863,-0.039875,0.540613,0.588721,-0.045496,0.524890,0.590299,-0.043252,0.513884,0.604968,-0.039943,0.559562,0.666939,-0.026572,0.564158,0.576060,-0.033962,0.562982,0.529508,-0.035290,0.563846,0.497052,-0.036347,0.564805,0.667361,-0.012545,0.552683,0.596845,-0.018282,0.536396,0.598610,-0.015389,0.525878,0.611248,-0.012058,0.562422,0.668387,0.000184,0.550971,0.618044,-0.005745,0.541169,0.618967,-0.004087,0.534383,0.629202,-0.001054
1780504405.474,left,victory,0.533712,0.797955,0.000000,0.504799,0.754860,-0.023814,0.489984,0.692319,-0.033882,0.490529,0.635869,-0.037544,0.502333,0.608697,-0.036958,0.542348,0.670002,-0.037202,0.542122,0.586074,-0.042595,0.527668,0.587188,-0.040881,0.517766,0.602194,-0.037906,0.558401,0.665508,-0.024311,0.564278,0.574951,-0.031097,0.562617,0.530690,-0.032804,0.562851,0.500458,-0.034031,0.562873,0.667210,-0.010743,0.550244,0.598687,-0.016206,0.532684,0.603954,-0.013636,0.521587,0.619382,-0.010336,0.560099,0.670055,0.001607,0.547534,0.621717,-0.003441,0.536342,0.625861,-0.001116,0.528661,0.638503,0.002463
1780504405.739,left,victory,0.534319,0.800219,0.000000,0.505402,0.755601,-0.023179,0.490342,0.693194,-0.033338,0.490813,0.636267,-0.037386,0.501892,0.607290,-0.037559,0.539896,0.676267,-0.036889,0.540770,0.592854,-0.044507,0.528601,0.590154,-0.045019,0.521071,0.599516,-0.043590,0.556421,0.670470,-0.025103,0.562808,0.578320,-0.033315,0.563345,0.532262,-0.035332,0.565759,0.499161,-0.036726,0.562116,0.670375,-0.012964,0.552936,0.597349,-0.020364,0.536745,0.598036,-0.018269,0.525902,0.609733,-0.014989,0.560496,0.671329,-0.002055,0.551140,0.619601,-0.009006,0.541716,0.618323,-0.007838,0.535128,0.626373,-0.005005
1780504405.892,left,victory,0.534136,0.796551,0.000000,0.504481,0.751869,-0.024265,0.489707,0.691714,-0.035212,0.490138,0.634192,-0.039739,0.502708,0.604724,-0.041039,0.538371,0.672266,-0.036973,0.540132,0.595014,-0.044956,0.533873,0.577715,-0.047096,0.530837,0.570794,-0.047199,0.554111,0.667004,-0.024665,0.559987,0.576946,-0.033417,0.560408,0.530417,-0.036498,0.561953,0.497325,-0.038187,0.559251,0.667523,-0.011991,0.546037,0.599768,-0.020078,0.527706,0.606806,-0.018536,0.515817,0.623111,-0.014967,0.557656,0.669919,-0.000621,0.543845,0.624368,-0.007626,0.531805,0.629111,-0.006594,0.523611,0.641491,-0.003486
1780504406.051,left,victory,0.535670,0.797348,0.000000,0.506353,0.753072,-0.025353,0.490628,0.690645,-0.035924,0.489570,0.635266,-0.039200,0.501812,0.605592,-0.039270,0.539508,0.675780,-0.040629,0.543523,0.596541,-0.047336,0.539120,0.578342,-0.048554,0.537507,0.570053,-0.048108,0.555201,0.670940,-0.026519,0.560734,0.579485,-0.033180,0.561337,0.530736,-0.034172,0.562209,0.496425,-0.034614,0.561005,0.670513,-0.011844,0.548158,0.598502,-0.017376,0.530150,0.600098,-0.014608,0.517301,0.613372,-0.010844,0.560076,0.671611,0.001390,0.546479,0.622657,-0.004456,0.534220,0.624299,-0.003099,0.525108,0.635376,-0.000046
1780504406.326,left,victory,0.534930,0.795862,0.000000,0.505741,0.752404,-0.025634,0.490181,0.691532,-0.036658,0.489339,0.633848,-0.040314,0.502268,0.603675,-0.039508,0.539974,0.673165,-0.041623,0.537878,0.590839,-0.047226,0.525490,0.594252,-0.044829,0.517341,0.608667,-0.041308,0.556440,0.666699,-0.027300,0.560437,0.574183,-0.033437,0.561345,0.528238,-0.033239,0.562935,0.495729,-0.033195,0.561561,0.666684,-0.012375,0.548010,0.596084,-0.017023,0.531445,0.598256,-0.013150,0.519470,0.611070,-0.009182,0.559133,0.667709,0.001099,0.547173,0.619056,-0.004099,0.537371,0.619138,-0.002290,0.529633,0.628422,0.000773
1780504406.578,left,victory,0.533451,0.800324,0.000000,0.504773,0.755440,-0.025008,0.489083,0.693954,-0.035206,0.488334,0.636819,-0.038691,0.499907,0.608650,-0.038855,0.538912,0.675816,-0.036452,0.540615,0.598081,-0.043200,0.534140,0.579896,-0.044914,0.530670,0.570477,-0.045007,0.555013,0.670794,-0.023097,0.559994,0.581691,-0.030737,0.561121,0.535163,-0.033031,0.563453,0.502493,-0.034416,0.560356,0.671164,-0.009530,0.549843,0.600695,-0.016352,0.532693,0.597800,-0.015089,0.520512,0.607824,-0.012138,0.558682,0.672257,0.002606,0.547965,0.623285,-0.003897,0.537074,0.620670,-0.003598,0.528733,0.628832,-0.001296
1780504406.733,left,victory,0.533171,0.800329,0.000000,0.503765,0.755719,-0.024378,0.488748,0.695299,-0.035551,0.487979,0.638402,-0.039919,0.499797,0.607872,-0.041156,0.535718,0.681772,-0.040257,0.538462,0.606490,-0.049869,0.535979,0.582351,-0.053591,0.535692,0.566121,-0.055293,0.552825,0.674395,-0.027881,0.558120,0.585193,-0.038249,0.559916,0.536926,-0.042003,0.562473,0.501693,-0.044546,0.559099,0.671974,-0.015021,0.548530,0.598652,-0.023212,0.530494,0.596806,-0.021498,0.517694,0.606266,-0.018438,0.557587,0.670309,-0.003608,0.546414,0.620919,-0.011596,0.535717,0.617553,-0.012291,0.527903,0.622849,-0.010806
1780504407.054,left,victory,0.533999,0.796002,0.000000,0.504746,0.752268,-0.022782,0.488919,0.693258,-0.034606,0.487961,0.636367,-0.040445,0.500894,0.606845,-0.042509,0.535993,0.679369,-0.040239,0.536936,0.599566,-0.051389,0.527009,0.594296,-0.054601,0.520528,0.602637,-0.054790,0.553577,0.671099,-0.029301,0.561262,0.578322,-0.040080,0.561052,0.529984,-0.043736,0.561551,0.495616,-0.046225,0.560116,0.668514,-0.017764,0.552757,0.592475,-0.025928,0.536681,0.593711,-0.023236,0.524868,0.605365,-0.019596,0.558311,0.667488,-0.007514,0.549654,0.615192,-0.014676,0.539220,0.613646,-0.013494,0.530463,0.620928,-0.010710
1780504407.192,left,victory,0.532306,0.796976,0.000000,0.503428,0.753673,-0.022618,0.487278,0.693872,-0.033573,0.486663,0.637047,-0.038766,0.499399,0.607761,-0.040139,0.535546,0.675742,-0.036056,0.535428,0.595642,-0.044796,0.522173,0.594420,-0.046543,0.513857,0.605721,-0.045874,0.552741,0.669797,-0.025174,0.558956,0.578926,-0.034598,0.558992,0.531903,-0.037754,0.560993,0.499323,-0.039876,0.558967,0.670079,-0.013920,0.550388,0.597785,-0.021986,0.533363,0.599376,-0.019786,0.521575,0.612318,-0.016360,0.557632,0.671402,-0.003887,0.547515,0.620746,-0.010812,0.536688,0.620760,-0.009175,0.528499,0.629851,-0.006043
1780504407.406,left,victory,0.530654,0.800300,0.000000,0.501199,0.755015,-0.021658,0.485125,0.693757,-0.032233,0.485640,0.636703,-0.037063,0.499346,0.608143,-0.038342,0.531985,0.680765,-0.036350,0.534985,0.596881,-0.044211,0.525467,0.585783,-0.045361,0.519237,0.589476,-0.044451,0.549877,0.674856,-0.025568,0.556803,0.582310,-0.034181,0.556981,0.534289,-0.036913,0.558222,0.501684,-0.038684,0.557234,0.674600,-0.014108,0.548350,0.602403,-0.020736,0.530554,0.602784,-0.017969,0.517836,0.614257,-0.014345,0.557091,0.676067,-0.003806,0.546819,0.625262,-0.008993,0.535178,0.623602,-0.006587,0.525865,0.631341,-0.003110
1780504407.654,left,victory,0.527885,0.801665,0.000000,0.496757,0.754635,-0.020836,0.481679,0.693439,-0.031220,0.484182,0.637314,-0.036064,0.497831,0.608125,-0.038050,0.526900,0.683681,-0.036148,0.533408,0.602554,-0.045007,0.530686,0.576979,-0.047416,0.529459,0.563298,-0.047665,0.545724,0.677622,-0.026181,0.553303,0.587044,-0.035888,0.554182,0.537154,-0.038795,0.555339,0.500920,-0.040347,0.554482,0.676305,-0.015528,0.545270,0.603750,-0.022973,0.527245,0.604574,-0.020029,0.514162,0.616023,-0.015954,0.555388,0.675952,-0.006103,0.544389,0.625972,-0.011801,0.532285,0.624238,-0.009855,0.522906,0.631610,-0.006547
1780504407.809,left,victory,0.527915,0.801330,0.000000,0.498016,0.752900,-0.019362,0.482127,0.688441,-0.028948,0.483814,0.630725,-0.033422,0.498064,0.603671,-0.035313,0.525312,0.685979,-0.034537,0.531238,0.611048,-0.045276,0.529660,0.582666,-0.049366,0.528944,0.563103,-0.050945,0.545162,0.680129,-0.026493,0.553854,0.591621,-0.038108,0.555743,0.541212,-0.042481,0.557177,0.502363,-0.045151,0.554892,0.677735,-0.018009,0.551098,0.601912,-0.029158,0.536291,0.598041,-0.029504,0.524163,0.604880,-0.027150,0.555796,0.676123,-0.010397,0.550506,0.622568,-0.019467,0.541280,0.617225,-0.020455,0.532703,0.620987,-0.019176
1780504407.979,left,victory,0.527062,0.801228,0.000000,0.495906,0.754696,-0.021154,0.479933,0.689511,-0.031818,0.482733,0.631314,-0.036540,0.497046,0.601547,-0.038904,0.522500,0.690839,-0.041387,0.530669,0.617358,-0.054497,0.533986,0.580913,-0.060738,0.536945,0.549237,-0.064243,0.543256,0.683603,-0.032382,0.552036,0.592264,-0.045185,0.553577,0.542531,-0.049368,0.554670,0.502662,-0.051789,0.553994,0.679025,-0.022561,0.546573,0.603453,-0.033541,0.528028,0.607734,-0.031240,0.513944,0.621335,-0.026912,0.555880,0.676230,-0.013947,0.547860,0.623591,-0.023199,0.535658,0.622833,-0.022779,0.525491,0.630991,-0.020092
1780504408.249,left,victory,0.526217,0.800183,0.000000,0.495003,0.755500,-0.022759,0.479751,0.691517,-0.033756,0.483118,0.633083,-0.038520,0.494967,0.599015,-0.040868,0.523318,0.689209,-0.041814,0.530648,0.611974,-0.053879,0.533271,0.578024,-0.058844,0.536457,0.549507,-0.061201,0.543310,0.682316,-0.031871,0.551767,0.589247,-0.044594,0.553962,0.538592,-0.048980,0.556382,0.498192,-0.051321,0.553336,0.678991,-0.021166,0.545374,0.602164,-0.032899,0.526174,0.607578,-0.031650,0.511986,0.622088,-0.027783,0.555103,0.677047,-0.011633,0.546258,0.623742,-0.021467,0.533087,0.624940,-0.021351,0.522449,0.634834,-0.018731
1780504408.378,left,victory,0.525564,0.800137,0.000000,0.495274,0.755710,-0.021697,0.479873,0.691853,-0.031626,0.482683,0.635029,-0.035416,0.496970,0.606248,-0.036863,0.523502,0.690681,-0.040513,0.531813,0.613999,-0.052609,0.534433,0.578344,-0.057560,0.537100,0.548573,-0.059917,0.543003,0.682873,-0.030465,0.552004,0.590005,-0.042689,0.552746,0.541431,-0.046011,0.553366,0.503538,-0.047476,0.552986,0.678111,-0.019753,0.544200,0.602217,-0.030843,0.524214,0.607963,-0.029106,0.509824,0.623536,-0.024856,0.554663,0.675423,-0.010213,0.545150,0.624322,-0.019731,0.531556,0.625943,-0.019921,0.520716,0.636149,-0.017532
1780504408.510,left,victory,0.525949,0.802804,0.000000,0.495022,0.758761,-0.020557,0.479398,0.693502,-0.029746,0.482629,0.636738,-0.033118,0.497523,0.611155,-0.034281,0.523767,0.687857,-0.038244,0.531413,0.611903,-0.049604,0.534799,0.574162,-0.054699,0.537798,0.541621,-0.057438,0.543398,0.682445,-0.028797,0.552130,0.590980,-0.040116,0.553483,0.542066,-0.043356,0.554785,0.503416,-0.044852,0.553258,0.680331,-0.018690,0.543938,0.606389,-0.028996,0.524152,0.611916,-0.027052,0.509881,0.627414,-0.022686,0.554962,0.680195,-0.009738,0.545315,0.629019,-0.018907,0.532074,0.629230,-0.018915,0.521398,0.638572,-0.016337
1780504408.632,left,victory,0.527849,0.802646,0.000000,0.497233,0.757949,-0.019979,0.481458,0.693289,-0.028938,0.484716,0.635465,-0.032355,0.499344,0.608398,-0.033794,0.523571,0.690218,-0.035821,0.532349,0.615650,-0.047021,0.535172,0.580045,-0.052176,0.538015,0.551280,-0.054710,0.543885,0.684820,-0.027181,0.552601,0.596480,-0.037860,0.556797,0.546702,-0.041563,0.560154,0.506347,-0.043859,0.554288,0.681869,-0.018294,0.553143,0.607806,-0.028571,0.543629,0.593947,-0.030063,0.534978,0.591315,-0.028873,0.555962,0.678943,-0.010370,0.553140,0.625680,-0.019916,0.547092,0.613791,-0.022395,0.540589,0.610832,-0.022251
1780504408.754,left,victory,0.527347,0.798497,0.000000,0.495909,0.755531,-0.020443,0.480411,0.689852,-0.030490,0.484975,0.633380,-0.034750,0.500470,0.607331,-0.036821,0.524185,0.690738,-0.040107,0.532905,0.615752,-0.051451,0.536491,0.581236,-0.055854,0.540171,0.552694,-0.058089,0.544617,0.684799,-0.031755,0.554521,0.591582,-0.042735,0.558009,0.542362,-0.045692,0.561141,0.503503,-0.047259,0.555592,0.681514,-0.022653,0.548300,0.603732,-0.033552,0.529792,0.609386,-0.032261,0.515848,0.624335,-0.028564,0.557916,0.679897,-0.014534,0.548921,0.625235,-0.024452,0.536213,0.624187,-0.024811,0.525652,0.632103,-0.022653
1780504408.912,left,victory,0.527156,0.803674,0.000000,0.497320,0.758631,-0.020604,0.481533,0.693837,-0.030413,0.484744,0.637153,-0.034332,0.500954,0.612737,-0.036152,0.525759,0.691388,-0.039904,0.535505,0.615516,-0.051838,0.540483,0.576659,-0.057663,0.545236,0.543176,-0.061124,0.545774,0.685945,-0.030730,0.554774,0.595202,-0.041975,0.558307,0.546565,-0.045624,0.561472,0.507584,-0.047901,0.556097,0.683250,-0.020778,0.550236,0.607881,-0.030127,0.533082,0.609376,-0.028189,0.519591,0.621426,-0.024580,0.558254,0.681958,-0.012078,0.550875,0.630476,-0.020828,0.539409,0.627485,-0.021205,0.529403,0.633449,-0.019248
1780504409.085,left,victory,0.528224,0.801696,0.000000,0.497233,0.757780,-0.021444,0.481294,0.693942,-0.032483,0.484544,0.636486,-0.037655,0.499860,0.608791,-0.040547,0.525496,0.692163,-0.041178,0.533729,0.616614,-0.054728,0.537562,0.579821,-0.061405,0.542185,0.548722,-0.065337,0.545550,0.685335,-0.032353,0.554518,0.592959,-0.045928,0.557881,0.543572,-0.050973,0.561638,0.503720,-0.053953,0.555474,0.681347,-0.022792,0.546979,0.604569,-0.034820,0.527128,0.611732,-0.033025,0.512520,0.627631,-0.028913,0.557050,0.678782,-0.014431,0.546402,0.626903,-0.025201,0.532464,0.628925,-0.025566,0.521169,0.638719,-0.023238
1780504409.233,left,victory,0.528513,0.804001,0.000000,0.497870,0.760193,-0.020413,0.481788,0.694606,-0.030768,0.485114,0.636608,-0.035516,0.500484,0.609995,-0.038024,0.525071,0.692405,-0.039319,0.533648,0.617563,-0.051864,0.536977,0.582988,-0.057432,0.540936,0.555705,-0.060244,0.545706,0.686216,-0.031221,0.554774,0.595912,-0.043349,0.559232,0.546623,-0.047300,0.563651,0.507647,-0.049611,0.556540,0.682947,-0.022589,0.550763,0.608007,-0.033691,0.534522,0.608135,-0.032965,0.521634,0.618120,-0.029914,0.558669,0.680369,-0.015043,0.550666,0.627276,-0.024852,0.539680,0.621935,-0.025823,0.529855,0.625321,-0.024273
1780504409.388,left,victory,0.528459,0.805169,0.000000,0.496911,0.759718,-0.018783,0.482183,0.689198,-0.027517,0.489186,0.630680,-0.031051,0.508412,0.613725,-0.032684,0.524954,0.692928,-0.037248,0.533259,0.618968,-0.049879,0.540199,0.578373,-0.056599,0.545944,0.543561,-0.060939,0.547463,0.687232,-0.029624,0.556956,0.598276,-0.041030,0.562800,0.550418,-0.044697,0.568085,0.510610,-0.046883,0.559245,0.683143,-0.021443,0.548582,0.614230,-0.031048,0.531426,0.618730,-0.028690,0.519523,0.630331,-0.024466,0.561913,0.679942,-0.014515,0.550243,0.631612,-0.022865,0.537248,0.630433,-0.022828,0.527474,0.635675,-0.020671
1780504409.547,left,victory,0.525607,0.805381,0.000000,0.498977,0.760302,-0.016576,0.490026,0.686496,-0.027071,0.500026,0.631311,-0.032758,0.515754,0.606654,-0.036973,0.511566,0.700443,-0.043895,0.519823,0.617436,-0.055039,0.523607,0.574185,-0.058001,0.527089,0.538261,-0.059874,0.533037,0.702552,-0.038999,0.550254,0.612146,-0.052613,0.561291,0.560787,-0.055683,0.569693,0.519870,-0.057307,0.547991,0.699898,-0.032507,0.549702,0.615510,-0.044161,0.539118,0.617978,-0.040577,0.529155,0.631637,-0.035765,0.557930,0.692799,-0.026707,0.551516,0.629355,-0.035242,0.540552,0.629270,-0.032703,0.532646,0.640321,-0.029206
1780504409.848,left,victory,0.517971,0.795113,0.000000,0.498312,0.738983,-0.007166,0.501940,0.681916,-0.015273,0.519265,0.640911,-0.020946,0.531834,0.616455,-0.026131,0.506958,0.684588,-0.033445,0.514219,0.604712,-0.043492,0.519620,0.561399,-0.046373,0.525768,0.526520,-0.047629,0.532095,0.693512,-0.033011,0.552835,0.614760,-0.042973,0.566075,0.568427,-0.045913,0.577027,0.533756,-0.048053,0.552289,0.701014,-0.030575,0.560479,0.623235,-0.038753,0.547851,0.618761,-0.036506,0.538079,0.628637,-0.033617,0.565597,0.703722,-0.028053,0.560976,0.646194,-0.032890,0.547938,0.639011,-0.030083,0.540562,0.644092,-0.026985
1780504410.079,left,victory,0.516022,0.792541,0.000000,0.509191,0.732971,-0.000328,0.520562,0.679482,-0.006970,0.542659,0.652145,-0.013838,0.561284,0.641511,-0.020175,0.511176,0.665488,-0.022667,0.519558,0.596706,-0.034695,0.525192,0.555935,-0.041919,0.530446,0.522442,-0.046476,0.525479,0.685748,-0.028700,0.546063,0.616765,-0.039476,0.561975,0.576106,-0.044583,0.574345,0.546683,-0.048642,0.542446,0.710262,-0.033400,0.572309,0.642500,-0.041961,0.580210,0.634049,-0.041413,0.580201,0.641663,-0.039879,0.560166,0.732589,-0.038031,0.581060,0.677071,-0.042737,0.584515,0.661439,-0.040622,0.583900,0.657844,-0.038197
1780504410.215,left,victory,0.532814,0.798694,0.000000,0.558213,0.752596,-0.000190,0.574831,0.709664,-0.007592,0.586547,0.681122,-0.017591,0.597671,0.671848,-0.026630,0.540284,0.657035,-0.013685,0.546319,0.596932,-0.025490,0.551410,0.557069,-0.032710,0.555448,0.524602,-0.037796,0.539890,0.668749,-0.022719,0.547104,0.609036,-0.041958,0.555111,0.565472,-0.052717,0.562169,0.531331,-0.058285,0.545474,0.694446,-0.030591,0.584657,0.659704,-0.048260,0.603852,0.672917,-0.048332,0.611891,0.686765,-0.044094,0.558112,0.725698,-0.038309,0.589693,0.695167,-0.046061,0.602265,0.700747,-0.041608,0.607994,0.710359,-0.036413
1780504410.354,left,victory,0.532727,0.798969,0.000000,0.563658,0.754153,-0.000148,0.583042,0.715930,-0.009013,0.599678,0.691188,-0.021315,0.615741,0.689800,-0.032610,0.545643,0.652789,-0.010205,0.551405,0.596205,-0.021165,0.556281,0.558069,-0.028228,0.559740,0.526170,-0.033952,0.542304,0.661583,-0.020445,0.548207,0.601142,-0.038937,0.554299,0.558178,-0.049989,0.560416,0.522573,-0.056305,0.544441,0.687574,-0.029781,0.585006,0.657488,-0.046948,0.602453,0.679454,-0.045589,0.609019,0.698271,-0.040596,0.555040,0.718960,-0.039334,0.588056,0.695060,-0.047130,0.602115,0.704830,-0.042616,0.609009,0.716260,-0.037586
1780504410.506,left,victory,0.532669,0.805136,0.000000,0.564605,0.762596,0.001911,0.582247,0.722587,-0.005118,0.598947,0.694980,-0.016320,0.613374,0.695469,-0.026202,0.546666,0.654546,-0.005201,0.551871,0.598318,-0.014908,0.556094,0.557621,-0.021726,0.558881,0.525810,-0.027556,0.542003,0.664265,-0.016596,0.547457,0.603563,-0.034261,0.553865,0.557727,-0.045788,0.559788,0.520436,-0.052428,0.543104,0.689590,-0.027108,0.582624,0.660094,-0.043005,0.599613,0.682509,-0.041185,0.604853,0.700667,-0.035991,0.553258,0.720507,-0.037947,0.586614,0.697426,-0.045257,0.601133,0.707525,-0.040750,0.607507,0.719502,-0.035543
1780504410.691,left,victory,0.532366,0.805657,0.000000,0.563325,0.762445,-0.000196,0.581147,0.724143,-0.008567,0.598616,0.700769,-0.020524,0.613830,0.701274,-0.031280,0.545717,0.656022,-0.010435,0.552222,0.595505,-0.022052,0.556852,0.553850,-0.029835,0.560215,0.519363,-0.036105,0.541428,0.665566,-0.021041,0.547893,0.603786,-0.040853,0.553902,0.556204,-0.053500,0.559528,0.517996,-0.060691,0.543159,0.691832,-0.030644,0.581774,0.662894,-0.049080,0.600200,0.684271,-0.049015,0.607253,0.702810,-0.044486,0.553544,0.723604,-0.040501,0.586024,0.702886,-0.049678,0.601219,0.711870,-0.046181,0.608822,0.722940,-0.041392
1780504410.787,left,victory,0.530262,0.807782,0.000000,0.561895,0.763575,-0.000119,0.580033,0.725141,-0.008619,0.597595,0.702773,-0.020759,0.612843,0.703023,-0.031511,0.545547,0.655603,-0.010591,0.551245,0.595964,-0.022558,0.555404,0.554119,-0.030499,0.558351,0.519608,-0.036778,0.539997,0.666478,-0.021508,0.545930,0.605126,-0.041894,0.552830,0.557623,-0.054335,0.559085,0.519718,-0.061204,0.540683,0.692954,-0.031520,0.579191,0.665010,-0.050309,0.598494,0.685900,-0.049923,0.606014,0.703878,-0.045033,0.550494,0.725218,-0.041828,0.583949,0.704563,-0.050235,0.597913,0.712689,-0.046092,0.604005,0.721985,-0.041014
1780504410.901,left,victory,0.530176,0.808451,0.000000,0.562558,0.761241,-0.000298,0.580855,0.721496,-0.009288,0.597904,0.699683,-0.022006,0.610789,0.704048,-0.033365,0.546067,0.655485,-0.011381,0.551744,0.596129,-0.023521,0.555946,0.554434,-0.031289,0.558660,0.520727,-0.037525,0.540389,0.667160,-0.022440,0.546275,0.607101,-0.044066,0.552532,0.559956,-0.056672,0.558159,0.522805,-0.063506,0.540536,0.694335,-0.032555,0.578440,0.667872,-0.051629,0.597510,0.688818,-0.050539,0.605204,0.706913,-0.045127,0.549891,0.727129,-0.043055,0.582874,0.706067,-0.051029,0.596654,0.714697,-0.046270,0.602560,0.724790,-0.040878
1780504411.024,left,victory,0.529508,0.811590,0.000000,0.561358,0.765471,-0.000062,0.578877,0.726742,-0.008173,0.594909,0.704979,-0.019916,0.608904,0.702901,-0.030422,0.546203,0.658300,-0.010343,0.552523,0.598226,-0.022493,0.556989,0.556261,-0.030228,0.560189,0.521738,-0.036170,0.540751,0.668654,-0.021233,0.547377,0.607057,-0.042327,0.554247,0.560555,-0.054663,0.560583,0.523582,-0.061126,0.541284,0.694537,-0.031316,0.579349,0.668151,-0.051625,0.599226,0.689648,-0.051975,0.608019,0.708531,-0.047074,0.550279,0.726849,-0.041516,0.583116,0.706788,-0.050810,0.596982,0.716039,-0.046785,0.603351,0.726451,-0.041583
1780504411.193,left,victory,0.528363,0.811137,0.000000,0.561240,0.765033,-0.000135,0.579410,0.726884,-0.008533,0.596111,0.704208,-0.020628,0.609983,0.704104,-0.031373,0.545795,0.657298,-0.009366,0.552750,0.598727,-0.020725,0.557371,0.558122,-0.028326,0.560548,0.524509,-0.034512,0.540353,0.667502,-0.020067,0.545898,0.606666,-0.040073,0.551994,0.560096,-0.052393,0.557956,0.522383,-0.059329,0.540606,0.694215,-0.029900,0.578759,0.667613,-0.048636,0.596951,0.689834,-0.048150,0.603891,0.709017,-0.043280,0.549621,0.726875,-0.040029,0.582544,0.707565,-0.048973,0.597306,0.716677,-0.045118,0.604231,0.726980,-0.040202
1780504411.289,left,victory,0.528480,0.814005,0.000000,0.561455,0.765738,0.000394,0.579556,0.727589,-0.007961,0.595558,0.706059,-0.020096,0.608718,0.706429,-0.031079,0.546291,0.660054,-0.009774,0.552395,0.600821,-0.021814,0.557085,0.559486,-0.029276,0.560440,0.525590,-0.035017,0.540283,0.670623,-0.020883,0.546242,0.608856,-0.042251,0.552555,0.562396,-0.054610,0.558471,0.524996,-0.060982,0.540164,0.697274,-0.031162,0.578331,0.672194,-0.051751,0.598623,0.694147,-0.052267,0.608096,0.712623,-0.047333,0.548646,0.730274,-0.041471,0.581427,0.710978,-0.050717,0.596543,0.718828,-0.046907,0.604298,0.727200,-0.041889
1780504411.413,left,victory,0.527352,0.814251,0.000000,0.560029,0.765903,0.000168,0.579067,0.726569,-0.008818,0.596115,0.704690,-0.021598,0.608298,0.709390,-0.033035,0.544889,0.660055,-0.011256,0.550677,0.599896,-0.023784,0.555179,0.558161,-0.031906,0.558078,0.523970,-0.038432,0.539199,0.671902,-0.022725,0.544737,0.611182,-0.044801,0.551195,0.562959,-0.058120,0.556974,0.525264,-0.065516,0.539107,0.699738,-0.033195,0.576623,0.674190,-0.052757,0.596834,0.694790,-0.052435,0.605911,0.712129,-0.047556,0.548271,0.732988,-0.043960,0.581187,0.714458,-0.052437,0.596397,0.722199,-0.048390,0.604053,0.730760,-0.043531
1780504411.680,left,victory,0.527411,0.815103,0.000000,0.560916,0.766558,0.000367,0.579399,0.727976,-0.008341,0.596001,0.705325,-0.020887,0.608824,0.705576,-0.032176,0.544394,0.660035,-0.010338,0.551274,0.600519,-0.022624,0.555791,0.558632,-0.030491,0.558828,0.524329,-0.036702,0.538736,0.671078,-0.021611,0.545079,0.610030,-0.042890,0.551533,0.562664,-0.055634,0.557812,0.524769,-0.062640,0.539041,0.698465,-0.031951,0.576992,0.672659,-0.051622,0.596722,0.693954,-0.051583,0.605608,0.712269,-0.046786,0.548257,0.731539,-0.042493,0.580554,0.712136,-0.051683,0.596455,0.719412,-0.048066,0.604933,0.727673,-0.043306
1780504411.777,left,victory,0.526768,0.814590,0.000000,0.560516,0.767467,0.000037,0.579308,0.727693,-0.008706,0.596072,0.705086,-0.021141,0.607771,0.706069,-0.032181,0.544337,0.659057,-0.010890,0.550344,0.598941,-0.023287,0.554701,0.556809,-0.031347,0.557569,0.522674,-0.037737,0.538301,0.670694,-0.022149,0.544098,0.610054,-0.044001,0.550834,0.562108,-0.056908,0.556893,0.524162,-0.063906,0.538288,0.698013,-0.032511,0.576323,0.672495,-0.052243,0.596539,0.693061,-0.052010,0.605483,0.710419,-0.047086,0.547315,0.731055,-0.043139,0.580947,0.712493,-0.051742,0.595537,0.720676,-0.047619,0.602500,0.729429,-0.042629
1780504411.958,left,victory,0.527045,0.813602,0.000000,0.560288,0.766558,-0.000579,0.578570,0.727158,-0.009637,0.595548,0.703711,-0.022454,0.609461,0.704573,-0.033875,0.543760,0.657845,-0.009751,0.551142,0.598111,-0.021938,0.555556,0.556050,-0.030204,0.558290,0.521726,-0.036869,0.538504,0.668433,-0.020722,0.545252,0.607372,-0.041430,0.551636,0.560509,-0.054192,0.557455,0.522434,-0.061449,0.539081,0.695177,-0.030955,0.578051,0.668801,-0.049898,0.596110,0.692061,-0.049235,0.602698,0.711400,-0.044300,0.548457,0.727689,-0.041637,0.581946,0.708892,-0.050509,0.596499,0.718214,-0.046630,0.603010,0.728078,-0.041782
1780504412.133,left,victory,0.527263,0.810260,0.000000,0.561529,0.763886,-0.000398,0.579528,0.725857,-0.008336,0.595863,0.705497,-0.019830,0.606840,0.704398,-0.030312,0.547106,0.655612,-0.009298,0.554799,0.598664,-0.020572,0.558461,0.560346,-0.027892,0.561500,0.527841,-0.033689,0.539521,0.666042,-0.019693,0.545339,0.607229,-0.038295,0.551087,0.563475,-0.049363,0.557292,0.527618,-0.055493,0.538282,0.692357,-0.029559,0.575268,0.668900,-0.048644,0.594939,0.691609,-0.050020,0.604324,0.711125,-0.046333,0.545554,0.725284,-0.039623,0.578030,0.709302,-0.049725,0.594961,0.716131,-0.047903,0.604942,0.723976,-0.044381
1780504412.339,left,victory,0.528068,0.807103,0.000000,0.563004,0.763657,-0.001824,0.581479,0.726797,-0.010517,0.597759,0.710071,-0.022557,0.606819,0.709040,-0.033615,0.549165,0.653861,-0.011063,0.556443,0.594639,-0.022331,0.559879,0.554578,-0.029846,0.562657,0.520206,-0.035709,0.539725,0.664921,-0.020748,0.544402,0.609605,-0.038998,0.549405,0.566653,-0.049362,0.554871,0.530667,-0.054895,0.537547,0.691111,-0.029992,0.575106,0.669664,-0.048385,0.594665,0.692435,-0.049269,0.603477,0.711848,-0.045385,0.544094,0.723912,-0.039677,0.577785,0.708987,-0.049039,0.593677,0.716464,-0.046630,0.603074,0.725591,-0.042723
1780504412.506,left,victory,0.527208,0.807367,0.000000,0.560267,0.766282,-0.001088,0.579898,0.728582,-0.009022,0.597711,0.709484,-0.020489,0.608489,0.711244,-0.030846,0.549021,0.655606,-0.008938,0.556939,0.599755,-0.019654,0.560655,0.561056,-0.026766,0.563432,0.528515,-0.032434,0.539638,0.666096,-0.019066,0.544923,0.606441,-0.036346,0.550866,0.561678,-0.046457,0.556842,0.525644,-0.052148,0.537007,0.691628,-0.028834,0.574479,0.665188,-0.046354,0.593368,0.689954,-0.046647,0.601402,0.711234,-0.042639,0.543452,0.723785,-0.039052,0.577830,0.707935,-0.047686,0.592140,0.715983,-0.045090,0.598927,0.724359,-0.041409
1780504412.658,left,victory,0.526058,0.808998,0.000000,0.558954,0.769086,-0.002014,0.578419,0.730249,-0.010808,0.595573,0.710202,-0.023120,0.606638,0.713683,-0.034339,0.548436,0.657300,-0.011603,0.556608,0.596732,-0.023370,0.560184,0.554368,-0.031406,0.562532,0.518601,-0.038060,0.539290,0.668512,-0.021853,0.543992,0.612497,-0.041458,0.548570,0.566427,-0.053374,0.552963,0.528501,-0.060295,0.536579,0.695463,-0.031550,0.573149,0.669503,-0.050539,0.592763,0.694125,-0.050805,0.601071,0.715185,-0.046690,0.543185,0.728741,-0.041798,0.577223,0.713275,-0.051903,0.592346,0.721738,-0.049623,0.599734,0.730168,-0.045923
1780504412.836,left,victory,0.526110,0.813335,0.000000,0.559513,0.769518,-0.001241,0.577519,0.732578,-0.009218,0.592944,0.712761,-0.020599,0.602162,0.707716,-0.030989,0.546276,0.660434,-0.009049,0.553581,0.602731,-0.019787,0.557115,0.563868,-0.026895,0.560186,0.530924,-0.032393,0.537609,0.670614,-0.018778,0.542720,0.616733,-0.036545,0.547390,0.574736,-0.046638,0.552450,0.539693,-0.051934,0.535776,0.696133,-0.028154,0.573143,0.675811,-0.046657,0.593176,0.697702,-0.048392,0.602981,0.717593,-0.045121,0.542204,0.728829,-0.037802,0.576111,0.716976,-0.047383,0.591262,0.725049,-0.045556,0.599869,0.733628,-0.042088
1780504412.939,left,victory,0.526622,0.811901,0.000000,0.560154,0.768916,-0.000730,0.579342,0.731295,-0.008571,0.596950,0.713819,-0.019870,0.605575,0.712345,-0.030278,0.549004,0.659756,-0.009192,0.555533,0.605828,-0.019452,0.557915,0.568174,-0.026103,0.559853,0.536429,-0.031412,0.538413,0.670614,-0.019209,0.542974,0.616324,-0.035338,0.547131,0.574746,-0.044152,0.551667,0.539476,-0.049005,0.534894,0.696741,-0.028898,0.571469,0.674593,-0.045904,0.590748,0.697239,-0.046201,0.599386,0.717454,-0.042389,0.540566,0.730465,-0.038965,0.574360,0.715341,-0.047965,0.590216,0.722342,-0.045697,0.599233,0.730794,-0.042142
1780504413.053,left,victory,0.526414,0.809656,0.000000,0.558376,0.771720,-0.002811,0.577285,0.734058,-0.011573,0.594787,0.716607,-0.023499,0.606154,0.716882,-0.034331,0.548508,0.660123,-0.012601,0.556257,0.599250,-0.024263,0.559084,0.558374,-0.032512,0.560545,0.523174,-0.039163,0.538414,0.671822,-0.022240,0.542710,0.619490,-0.040465,0.545890,0.576384,-0.051363,0.548422,0.539528,-0.057710,0.535289,0.698251,-0.031458,0.570490,0.674481,-0.049464,0.589385,0.697602,-0.049607,0.596794,0.717185,-0.045737,0.541372,0.731434,-0.041323,0.574916,0.716361,-0.051008,0.589421,0.724830,-0.048353,0.596534,0.733701,-0.044395
1780504413.244,left,victory,0.525162,0.809840,0.000000,0.558940,0.770884,-0.003208,0.578284,0.735502,-0.012275,0.595578,0.718419,-0.024410,0.604654,0.718329,-0.035678,0.547272,0.658717,-0.012433,0.554148,0.597600,-0.023910,0.556933,0.557092,-0.031669,0.559279,0.522315,-0.037689,0.537256,0.670097,-0.021818,0.541409,0.618573,-0.039419,0.544120,0.575971,-0.049540,0.547052,0.539555,-0.055154,0.534383,0.696702,-0.030970,0.569698,0.676212,-0.049610,0.589456,0.697664,-0.051354,0.598675,0.717873,-0.048282,0.540113,0.730808,-0.040640,0.572427,0.717101,-0.051074,0.587890,0.723793,-0.049527,0.596849,0.732031,-0.046223
1780504413.349,left,victory,0.525478,0.809101,0.000000,0.559477,0.770870,-0.003044,0.578829,0.736446,-0.011918,0.596182,0.720273,-0.023875,0.605156,0.716795,-0.034970,0.548563,0.661287,-0.012506,0.555830,0.598441,-0.024033,0.558935,0.558191,-0.031575,0.561461,0.523220,-0.037238,0.537460,0.670972,-0.021671,0.541300,0.619183,-0.039391,0.543778,0.577469,-0.049163,0.546386,0.541070,-0.054293,0.534001,0.695724,-0.030619,0.569182,0.676795,-0.049583,0.589832,0.698508,-0.051885,0.600162,0.718295,-0.048971,0.539131,0.728294,-0.040015,0.571077,0.716640,-0.050668,0.587056,0.723847,-0.049509,0.597118,0.732717,-0.046329
1780504413.523,left,victory,0.525606,0.807968,0.000000,0.559252,0.773273,-0.003327,0.578975,0.740095,-0.012289,0.596641,0.723999,-0.024480,0.605567,0.721296,-0.035863,0.549265,0.661897,-0.012116,0.556147,0.599141,-0.023858,0.559262,0.558580,-0.031547,0.561762,0.524137,-0.037166,0.537653,0.670933,-0.021257,0.541483,0.618424,-0.038657,0.543387,0.576820,-0.048135,0.544871,0.540046,-0.052996,0.533629,0.694989,-0.030309,0.569296,0.676270,-0.049448,0.588344,0.701076,-0.051222,0.596678,0.722776,-0.047747,0.538130,0.727092,-0.039857,0.571352,0.717012,-0.050634,0.585849,0.725564,-0.049049,0.593569,0.734713,-0.045448
1780504413.633,left,victory,0.525215,0.806894,0.000000,0.558459,0.772543,-0.003343,0.578339,0.740494,-0.012411,0.596248,0.725713,-0.024455,0.604347,0.721705,-0.035715,0.549835,0.661865,-0.013636,0.557189,0.597783,-0.025672,0.560645,0.557120,-0.033587,0.563312,0.521717,-0.039470,0.538044,0.671540,-0.022777,0.541793,0.619148,-0.040690,0.543758,0.577871,-0.050563,0.545252,0.541003,-0.055833,0.533543,0.696401,-0.031693,0.568453,0.676959,-0.051100,0.587899,0.700191,-0.053022,0.596819,0.720616,-0.049774,0.537603,0.729301,-0.041071,0.569898,0.718192,-0.052390,0.585738,0.724283,-0.051284,0.595236,0.731005,-0.048054
1780504413.821,left,victory,0.525319,0.802227,0.000000,0.559542,0.768233,-0.002988,0.580032,0.735296,-0.011814,0.597537,0.720327,-0.023729,0.604511,0.720858,-0.035002,0.550792,0.655556,-0.012744,0.558811,0.592158,-0.024658,0.562549,0.550919,-0.032682,0.565065,0.515020,-0.038701,0.538837,0.665607,-0.022418,0.542801,0.613975,-0.039824,0.544246,0.572443,-0.049331,0.544834,0.535441,-0.054372,0.533957,0.691145,-0.031983,0.567939,0.671544,-0.050914,0.587364,0.694253,-0.052791,0.596245,0.713614,-0.049680,0.537295,0.725074,-0.042035,0.568614,0.712919,-0.052722,0.583107,0.718622,-0.051163,0.591202,0.724988,-0.047813
1780504413.981,left,victory,0.526035,0.802513,0.000000,0.559529,0.769614,-0.003930,0.579131,0.737526,-0.012864,0.596310,0.722240,-0.024668,0.604898,0.721235,-0.035640,0.550071,0.656498,-0.013439,0.559572,0.592576,-0.025325,0.564296,0.550956,-0.033442,0.567900,0.515689,-0.039496,0.537693,0.666432,-0.022247,0.542244,0.614697,-0.039304,0.544366,0.573975,-0.048568,0.545894,0.539122,-0.053519,0.533144,0.691194,-0.030978,0.567484,0.672211,-0.049520,0.586897,0.693479,-0.051365,0.595912,0.713547,-0.048396,0.536840,0.724514,-0.040296,0.569401,0.714611,-0.051301,0.584450,0.721720,-0.050055,0.593040,0.729771,-0.046797
1780504414.087,left,victory,0.526192,0.798241,0.000000,0.560198,0.767651,-0.005581,0.581254,0.736737,-0.015136,0.598799,0.720355,-0.027368,0.600782,0.719402,-0.038841,0.551332,0.652851,-0.014189,0.560316,0.586979,-0.026634,0.565485,0.544489,-0.035091,0.569630,0.508992,-0.041110,0.536767,0.662934,-0.022548,0.539933,0.611448,-0.039859,0.541559,0.571065,-0.049235,0.542683,0.536552,-0.053995,0.530584,0.687183,-0.031134,0.564352,0.669899,-0.050346,0.584339,0.691018,-0.053292,0.594396,0.710421,-0.050763,0.533012,0.720173,-0.040439,0.564933,0.710614,-0.051835,0.579877,0.717264,-0.051161,0.588546,0.725528,-0.048175
1780504414.206,left,victory,0.523567,0.798828,0.000000,0.558296,0.765898,-0.004668,0.577990,0.734510,-0.014552,0.595545,0.718380,-0.027733,0.601196,0.720120,-0.040262,0.548129,0.652178,-0.012456,0.557914,0.588308,-0.025129,0.563031,0.544330,-0.033804,0.566960,0.508730,-0.039932,0.534624,0.661532,-0.021382,0.538824,0.609955,-0.038501,0.540258,0.569390,-0.047400,0.541323,0.533783,-0.051796,0.529462,0.684698,-0.030550,0.564618,0.665974,-0.049665,0.582837,0.691591,-0.050919,0.590693,0.715220,-0.046945,0.532813,0.717071,-0.040523,0.565034,0.707327,-0.051995,0.580164,0.717188,-0.050400,0.588579,0.729334,-0.046403
1780504414.338,left,victory,0.522808,0.799476,0.000000,0.557056,0.765678,-0.004505,0.576721,0.734760,-0.014169,0.593321,0.719723,-0.026916,0.598564,0.719392,-0.039003,0.548476,0.652911,-0.013156,0.557812,0.588825,-0.025889,0.562733,0.546342,-0.034621,0.566885,0.510897,-0.040907,0.535178,0.662555,-0.021921,0.538858,0.612807,-0.039348,0.540271,0.572924,-0.048658,0.541358,0.538410,-0.053517,0.529625,0.686796,-0.030844,0.563741,0.669265,-0.049647,0.582468,0.693003,-0.051207,0.590871,0.714995,-0.047767,0.532305,0.719761,-0.040512,0.563839,0.710662,-0.051603,0.578464,0.718897,-0.050258,0.586464,0.728500,-0.046709
1780504414.505,left,victory,0.522405,0.798720,0.000000,0.556333,0.766784,-0.004864,0.576862,0.733787,-0.013667,0.594279,0.716968,-0.025233,0.597457,0.717938,-0.036095,0.547488,0.652346,-0.013271,0.556268,0.589063,-0.025234,0.560952,0.547384,-0.033507,0.564873,0.512442,-0.039553,0.533664,0.662158,-0.021700,0.536449,0.611451,-0.038389,0.537964,0.570736,-0.047670,0.539058,0.536381,-0.052647,0.528026,0.686394,-0.030270,0.560596,0.668262,-0.048970,0.580380,0.690284,-0.051763,0.590114,0.711245,-0.049317,0.530840,0.719189,-0.039510,0.561974,0.709237,-0.050434,0.576121,0.716612,-0.049641,0.584171,0.725758,-0.046763
1780504414.622,left,victory,0.522651,0.798533,0.000000,0.556016,0.766552,-0.004403,0.576032,0.735214,-0.013866,0.592578,0.719888,-0.026302,0.596697,0.720599,-0.038002,0.548241,0.654405,-0.014575,0.557884,0.591139,-0.027536,0.562423,0.549001,-0.036402,0.565523,0.513132,-0.042992,0.534934,0.664870,-0.023602,0.539487,0.615040,-0.041492,0.541021,0.574998,-0.051004,0.541801,0.540503,-0.056208,0.529099,0.689807,-0.032641,0.563155,0.671041,-0.051329,0.581126,0.694921,-0.052146,0.588667,0.716152,-0.048455,0.531877,0.722984,-0.042489,0.563279,0.712698,-0.053565,0.577530,0.720284,-0.052043,0.585163,0.728283,-0.048558
1780504414.762,left,victory,0.522630,0.798927,0.000000,0.556778,0.765795,-0.005437,0.575931,0.735994,-0.015426,0.591047,0.721882,-0.028146,0.593707,0.716176,-0.039993,0.547848,0.655368,-0.015335,0.557584,0.591937,-0.028531,0.562847,0.550269,-0.037201,0.566861,0.515571,-0.043307,0.534641,0.665624,-0.023478,0.539681,0.615751,-0.041566,0.541074,0.575999,-0.051005,0.542148,0.541236,-0.055910,0.529377,0.690142,-0.031751,0.565134,0.675349,-0.051276,0.582899,0.700042,-0.052803,0.590640,0.721729,-0.049217,0.532536,0.722952,-0.040762,0.564336,0.715072,-0.052541,0.578679,0.725415,-0.051378,0.586817,0.736123,-0.047860
1780504414.857,left,victory,0.522278,0.799901,0.000000,0.556275,0.767247,-0.005050,0.575822,0.736874,-0.014769,0.591238,0.722690,-0.027381,0.594167,0.718119,-0.039140,0.547993,0.655828,-0.014444,0.557775,0.592016,-0.027621,0.562983,0.549770,-0.036612,0.566935,0.514461,-0.043093,0.534661,0.665881,-0.022927,0.539463,0.617597,-0.041211,0.540514,0.577617,-0.051085,0.541157,0.542820,-0.056339,0.529055,0.690161,-0.031549,0.564124,0.674813,-0.050943,0.581833,0.699266,-0.052309,0.589400,0.720856,-0.048647,0.532008,0.722749,-0.040951,0.563847,0.714171,-0.052696,0.578994,0.723133,-0.051529,0.587896,0.732791,-0.047974
1780504415.000,left,victory,0.522523,0.801449,0.000000,0.556625,0.768326,-0.004818,0.576131,0.737544,-0.014623,0.591267,0.722860,-0.027369,0.594581,0.718002,-0.039177,0.548532,0.657361,-0.015467,0.558561,0.592680,-0.029077,0.563392,0.550485,-0.038279,0.567005,0.514767,-0.044976,0.535341,0.667746,-0.024073,0.541021,0.622035,-0.043263,0.543045,0.581404,-0.053725,0.544824,0.546458,-0.059425,0.529672,0.692449,-0.032638,0.565646,0.679165,-0.051721,0.583665,0.703455,-0.052561,0.591625,0.724402,-0.048799,0.532697,0.725210,-0.042059,0.565184,0.718911,-0.053317,0.579947,0.728400,-0.051849,0.588629,0.737648,-0.048228
1780504415.158,left,victory,0.521943,0.803054,0.000000,0.555904,0.769526,-0.003961,0.575649,0.738370,-0.012869,0.591968,0.723483,-0.024772,0.596569,0.719784,-0.035867,0.548130,0.657457,-0.012352,0.557558,0.594299,-0.024663,0.562482,0.552516,-0.033089,0.566190,0.517639,-0.039195,0.535205,0.666516,-0.021025,0.540016,0.616529,-0.038163,0.541547,0.576998,-0.047472,0.542486,0.542936,-0.052371,0.529740,0.690565,-0.029814,0.564476,0.675075,-0.048447,0.582503,0.699353,-0.050031,0.590382,0.720978,-0.046627,0.532479,0.723361,-0.039254,0.563851,0.715138,-0.050209,0.578582,0.723218,-0.048947,0.587272,0.732165,-0.045501
1780504415.281,left,victory,0.521689,0.803954,0.000000,0.556002,0.771838,-0.004876,0.576132,0.740364,-0.014410,0.592236,0.724469,-0.026772,0.595342,0.721465,-0.038247,0.548507,0.657746,-0.014493,0.558561,0.593765,-0.027307,0.563877,0.551707,-0.035888,0.567743,0.516466,-0.042177,0.535202,0.667950,-0.022994,0.539825,0.619530,-0.040988,0.541634,0.580521,-0.050429,0.542959,0.546703,-0.055395,0.529473,0.692907,-0.031586,0.564432,0.677989,-0.050588,0.582490,0.701831,-0.051870,0.590302,0.722711,-0.048322,0.532208,0.726199,-0.040948,0.564005,0.718649,-0.052206,0.578535,0.726820,-0.051011,0.587082,0.735343,-0.047623
1780504415.472,left,victory,0.521981,0.804815,0.000000,0.556647,0.773188,-0.005217,0.577329,0.741245,-0.014762,0.594068,0.724541,-0.027149,0.593995,0.722143,-0.038613,0.548470,0.657905,-0.014347,0.557655,0.592801,-0.027117,0.563201,0.550250,-0.035730,0.567567,0.515217,-0.041985,0.534443,0.667954,-0.022779,0.537495,0.618682,-0.040555,0.539171,0.579116,-0.049931,0.540631,0.544882,-0.054811,0.528451,0.692630,-0.031339,0.563121,0.677677,-0.049920,0.581243,0.700483,-0.050965,0.589054,0.720589,-0.047353,0.531085,0.726101,-0.040789,0.563650,0.718355,-0.051832,0.577909,0.726851,-0.050339,0.585806,0.735813,-0.046740
1780504415.711,left,victory,0.521676,0.803734,0.000000,0.555839,0.772063,-0.004822,0.576736,0.739527,-0.014123,0.593740,0.723340,-0.026400,0.594697,0.723441,-0.037878,0.547984,0.658037,-0.013570,0.557494,0.593986,-0.025955,0.562684,0.551077,-0.034438,0.566433,0.515988,-0.040602,0.533945,0.667947,-0.022212,0.537058,0.617794,-0.039493,0.538359,0.577692,-0.048688,0.539019,0.542949,-0.053486,0.528098,0.691904,-0.030965,0.562259,0.674451,-0.049446,0.580239,0.699076,-0.050438,0.587514,0.721003,-0.046717,0.531112,0.724330,-0.040571,0.563339,0.714588,-0.051360,0.577363,0.723930,-0.049602,0.584757,0.734733,-0.045839
1780504415.916,left,victory,0.521026,0.803358,0.000000,0.554102,0.772084,-0.004783,0.573776,0.740761,-0.014325,0.591332,0.725142,-0.026998,0.594735,0.727546,-0.038933,0.546859,0.658431,-0.013417,0.556256,0.595000,-0.025876,0.561571,0.552299,-0.034085,0.565626,0.517632,-0.039999,0.532923,0.668265,-0.022117,0.536313,0.618405,-0.039472,0.537512,0.578809,-0.048467,0.538311,0.545075,-0.053019,0.526919,0.692064,-0.030977,0.560721,0.676279,-0.049733,0.578918,0.701187,-0.050761,0.586781,0.723645,-0.046855,0.529353,0.724326,-0.040671,0.561599,0.716391,-0.051635,0.576488,0.725758,-0.050076,0.584573,0.736083,-0.046334
1780504416.117,left,victory,0.522135,0.800972,0.000000,0.554317,0.771367,-0.005368,0.575148,0.739736,-0.015348,0.592725,0.724023,-0.028269,0.594960,0.726036,-0.040417,0.547710,0.658320,-0.015419,0.557707,0.593013,-0.028557,0.563354,0.550104,-0.037409,0.567389,0.515000,-0.043775,0.533230,0.669239,-0.024148,0.537205,0.620193,-0.042137,0.538530,0.579853,-0.051525,0.538710,0.545618,-0.056444,0.526750,0.693419,-0.033006,0.560946,0.675640,-0.051442,0.579049,0.699515,-0.052070,0.586291,0.720769,-0.048217,0.528975,0.725502,-0.042816,0.561677,0.715566,-0.053366,0.575393,0.725935,-0.051267,0.582036,0.737434,-0.047304
1780504416.322,left,victory,0.521147,0.800003,0.000000,0.554218,0.769388,-0.005256,0.574773,0.738339,-0.015490,0.591585,0.723172,-0.028802,0.592824,0.727559,-0.041251,0.548644,0.656806,-0.015134,0.558503,0.591917,-0.028193,0.563900,0.549204,-0.036909,0.567402,0.514458,-0.043334,0.534226,0.668121,-0.023957,0.537791,0.621350,-0.042663,0.538831,0.581289,-0.052627,0.539094,0.547821,-0.057918,0.527378,0.692994,-0.032844,0.562015,0.677221,-0.051291,0.580107,0.701231,-0.051761,0.587416,0.722056,-0.047789,0.529499,0.725486,-0.042731,0.562248,0.716908,-0.053277,0.576849,0.727457,-0.051397,0.584264,0.738603,-0.047547
1780504416.514,left,victory,0.522597,0.799092,0.000000,0.555307,0.768293,-0.004484,0.575728,0.738373,-0.014848,0.593492,0.723414,-0.028571,0.592428,0.727067,-0.041379,0.547555,0.656726,-0.014148,0.556832,0.591756,-0.026803,0.562522,0.548822,-0.035004,0.566438,0.514745,-0.040979,0.533271,0.667687,-0.023189,0.536312,0.621767,-0.041071,0.537515,0.582525,-0.049845,0.538235,0.547505,-0.054361,0.527050,0.691904,-0.032291,0.562104,0.676165,-0.049708,0.579598,0.701018,-0.048981,0.586010,0.722276,-0.044485,0.529819,0.724039,-0.042474,0.562997,0.715726,-0.052342,0.577069,0.726821,-0.049807,0.584091,0.738575,-0.045634
1780504416.645,left,victory,0.519448,0.802659,0.000000,0.554630,0.770026,-0.005377,0.573553,0.740922,-0.015244,0.589424,0.726027,-0.027958,0.591744,0.723326,-0.040043,0.544808,0.659718,-0.013923,0.555691,0.595138,-0.026562,0.562071,0.552499,-0.034811,0.566701,0.517727,-0.040434,0.531280,0.669200,-0.021706,0.537046,0.621917,-0.038682,0.537721,0.583790,-0.047374,0.537578,0.550154,-0.051586,0.525841,0.692877,-0.029708,0.561253,0.679864,-0.048212,0.578667,0.703500,-0.050081,0.586316,0.724268,-0.046665,0.528587,0.725162,-0.038472,0.559504,0.717587,-0.049295,0.574694,0.728674,-0.048009,0.583915,0.741617,-0.044275
1780504416.830,left,victory,0.520059,0.800452,0.000000,0.552702,0.771235,-0.005857,0.573619,0.740896,-0.015954,0.590962,0.724885,-0.028983,0.590033,0.727859,-0.041286,0.546834,0.658463,-0.015120,0.556752,0.592548,-0.028164,0.562438,0.549164,-0.036562,0.566660,0.514090,-0.042411,0.531760,0.668690,-0.023425,0.534770,0.620949,-0.041325,0.535725,0.582190,-0.050187,0.536351,0.548883,-0.054415,0.524860,0.692479,-0.031974,0.558731,0.677556,-0.050890,0.576567,0.702443,-0.051923,0.584094,0.724466,-0.047890,0.526407,0.724806,-0.041467,0.558174,0.716928,-0.052298,0.572512,0.726309,-0.050624,0.580415,0.736779,-0.046717
1780504416.927,left,victory,0.518938,0.801862,0.000000,0.551856,0.771471,-0.004903,0.572837,0.739033,-0.014808,0.590268,0.722679,-0.027803,0.590498,0.725836,-0.039930,0.546073,0.657598,-0.014714,0.556946,0.592734,-0.027733,0.562748,0.548973,-0.036570,0.566668,0.513708,-0.043051,0.531563,0.668477,-0.023635,0.536257,0.622596,-0.041781,0.537722,0.582836,-0.051344,0.538181,0.549362,-0.056446,0.524959,0.692580,-0.032598,0.560090,0.676907,-0.050378,0.577779,0.701123,-0.050339,0.584482,0.722382,-0.046249,0.527397,0.724510,-0.042619,0.561016,0.716243,-0.052708,0.574641,0.727857,-0.050408,0.581058,0.739981,-0.046339
1780504417.034,left,victory,0.519140,0.801352,0.000000,0.552011,0.769668,-0.004959,0.572509,0.739438,-0.015165,0.589908,0.724000,-0.028460,0.591040,0.729980,-0.040956,0.547366,0.659597,-0.015273,0.557697,0.594604,-0.028520,0.562990,0.551033,-0.037274,0.566425,0.515370,-0.043691,0.532626,0.670397,-0.024197,0.537204,0.625114,-0.042710,0.537984,0.585188,-0.052361,0.538088,0.551490,-0.057479,0.525568,0.694942,-0.033150,0.560358,0.682044,-0.051125,0.577759,0.704960,-0.051511,0.584652,0.725002,-0.047654,0.527339,0.727399,-0.043151,0.559777,0.720676,-0.053194,0.574191,0.730032,-0.051235,0.581856,0.740162,-0.047452
1780504417.142,left,victory,0.519959,0.800882,0.000000,0.553192,0.771250,-0.005299,0.573522,0.740640,-0.015101,0.590818,0.724685,-0.027816,0.588670,0.723879,-0.039650,0.545618,0.658761,-0.015039,0.555759,0.592789,-0.027962,0.561714,0.549792,-0.036417,0.565825,0.514870,-0.042396,0.530657,0.669175,-0.023418,0.534066,0.622895,-0.041096,0.535483,0.584594,-0.050047,0.536275,0.550863,-0.054610,0.524063,0.693055,-0.031895,0.558510,0.679244,-0.049924,0.576294,0.703367,-0.050333,0.583330,0.724266,-0.046370,0.526361,0.725421,-0.041356,0.558682,0.717913,-0.051832,0.573167,0.728460,-0.049822,0.580936,0.740137,-0.045835
1780504417.283,left,victory,0.519621,0.802402,0.000000,0.552117,0.773383,-0.005384,0.572411,0.743820,-0.015232,0.590272,0.728944,-0.027922,0.592038,0.732422,-0.039740,0.546809,0.659590,-0.015276,0.556878,0.594475,-0.028197,0.561959,0.551048,-0.036983,0.565226,0.514764,-0.043417,0.532614,0.670847,-0.023806,0.537110,0.625549,-0.041493,0.538664,0.586106,-0.050934,0.539054,0.553062,-0.056064,0.526157,0.695626,-0.032423,0.559741,0.680886,-0.050031,0.576832,0.703964,-0.050766,0.583243,0.724214,-0.047264,0.528493,0.728329,-0.042075,0.560606,0.720734,-0.052030,0.573877,0.731187,-0.050154,0.579831,0.742193,-0.046481
1780504417.385,left,victory,0.520599,0.799698,0.000000,0.553281,0.769782,-0.005375,0.573197,0.740736,-0.015538,0.589993,0.726957,-0.028519,0.593267,0.725939,-0.040775,0.547004,0.657806,-0.016160,0.557901,0.592347,-0.029721,0.563646,0.549248,-0.038743,0.567757,0.513299,-0.045103,0.532834,0.668441,-0.024732,0.537687,0.620875,-0.042770,0.538990,0.582079,-0.051914,0.539279,0.547766,-0.056554,0.526587,0.692959,-0.033364,0.561083,0.678958,-0.052136,0.578347,0.703013,-0.052704,0.584853,0.723857,-0.048620,0.528799,0.726221,-0.042884,0.560998,0.718427,-0.053892,0.575456,0.727960,-0.051681,0.582873,0.738089,-0.047384
1780504417.509,left,victory,0.520317,0.799736,0.000000,0.553402,0.770599,-0.005514,0.573695,0.742163,-0.015697,0.590602,0.729720,-0.028645,0.593918,0.732129,-0.040799,0.549058,0.660010,-0.016763,0.559582,0.592859,-0.030384,0.565001,0.549429,-0.039447,0.568834,0.512240,-0.046105,0.534865,0.670164,-0.025322,0.539824,0.624919,-0.044366,0.542134,0.585593,-0.054530,0.543573,0.552269,-0.060129,0.527846,0.694643,-0.033881,0.562183,0.680778,-0.052686,0.579970,0.704217,-0.053769,0.587580,0.724108,-0.050333,0.529369,0.727310,-0.043380,0.560274,0.719721,-0.054129,0.574937,0.728091,-0.052603,0.583213,0.736723,-0.049158
1780504417.638,left,victory,0.520198,0.800058,0.000000,0.554554,0.770301,-0.004513,0.575298,0.739998,-0.014042,0.592722,0.724732,-0.026632,0.591764,0.725457,-0.038476,0.548076,0.657978,-0.014192,0.558434,0.591649,-0.026967,0.564757,0.548225,-0.035481,0.569564,0.512715,-0.041637,0.533437,0.667268,-0.022921,0.536909,0.619604,-0.040481,0.538506,0.580497,-0.049493,0.539564,0.545822,-0.054163,0.526880,0.690935,-0.031702,0.561313,0.676590,-0.049904,0.579075,0.701219,-0.050445,0.586345,0.722687,-0.046511,0.528742,0.723712,-0.041371,0.560880,0.716558,-0.052171,0.575783,0.726280,-0.050396,0.584347,0.736957,-0.046558
1780504417.794,left,victory,0.519631,0.800138,0.000000,0.553629,0.769152,-0.004567,0.574888,0.738249,-0.014352,0.592762,0.722714,-0.027263,0.591322,0.727897,-0.039387,0.548287,0.656427,-0.014273,0.558690,0.591913,-0.027056,0.564641,0.548333,-0.035602,0.568930,0.513160,-0.041867,0.533566,0.666808,-0.023320,0.537595,0.619802,-0.040889,0.538855,0.580069,-0.050080,0.539628,0.545493,-0.054928,0.526701,0.691237,-0.032386,0.561581,0.677352,-0.050093,0.578975,0.701476,-0.050187,0.585710,0.722546,-0.046087,0.528751,0.724354,-0.042455,0.561808,0.717460,-0.052534,0.576102,0.727889,-0.050278,0.583522,0.739046,-0.046212
1780504417.925,left,victory,0.517020,0.802954,0.000000,0.551161,0.770195,-0.004108,0.570751,0.738390,-0.013556,0.587592,0.720558,-0.026012,0.593451,0.719438,-0.037643,0.542562,0.657056,-0.013464,0.554286,0.593966,-0.025786,0.559787,0.550385,-0.033924,0.563680,0.514769,-0.039869,0.530630,0.667035,-0.022306,0.536335,0.614853,-0.039176,0.539210,0.574530,-0.047729,0.541452,0.539387,-0.052113,0.526521,0.691723,-0.031128,0.561570,0.674057,-0.048937,0.578534,0.697387,-0.048998,0.584767,0.718682,-0.044814,0.530582,0.725101,-0.040738,0.562892,0.716001,-0.050934,0.576164,0.724440,-0.048569,0.582171,0.733218,-0.044453
1780504418.067,left,victory,0.509716,0.806382,0.000000,0.523092,0.740706,0.002914,0.541749,0.691042,-0.004262,0.562398,0.669211,-0.014202,0.580080,0.668901,-0.024062,0.525081,0.658276,-0.015404,0.537139,0.591141,-0.026999,0.543590,0.548967,-0.034081,0.548766,0.513189,-0.039343,0.526083,0.673699,-0.026274,0.539084,0.622659,-0.041891,0.549217,0.586849,-0.050089,0.556284,0.558723,-0.054971,0.531484,0.703035,-0.035835,0.567326,0.671132,-0.050037,0.587662,0.680528,-0.051503,0.596100,0.692720,-0.050015,0.540840,0.738983,-0.045149,0.569164,0.713448,-0.052120,0.582541,0.709472,-0.050349,0.590290,0.709955,-0.047951
1780504418.278,left,victory,0.505706,0.793369,0.000000,0.515405,0.724922,0.003262,0.534939,0.674408,-0.003105,0.557771,0.652930,-0.011548,0.576762,0.649090,-0.019788,0.521269,0.643860,-0.017428,0.532363,0.576919,-0.029120,0.536875,0.538000,-0.035740,0.540019,0.504351,-0.040553,0.525597,0.667284,-0.027611,0.545257,0.617077,-0.041605,0.557030,0.584750,-0.048481,0.565447,0.558272,-0.053055,0.532948,0.700937,-0.036419,0.569326,0.665766,-0.048662,0.586232,0.675414,-0.047837,0.593406,0.686678,-0.045353,0.542565,0.737526,-0.044912,0.571327,0.707167,-0.050569,0.584585,0.700084,-0.047436,0.593041,0.695712,-0.044340
1780504418.419,left,victory,0.502656,0.793181,0.000000,0.505627,0.725565,0.003540,0.522048,0.673558,-0.001677,0.543786,0.653427,-0.008364,0.563138,0.649237,-0.014820,0.516023,0.643886,-0.016392,0.525176,0.578998,-0.027487,0.530324,0.538762,-0.033593,0.534406,0.506436,-0.037409,0.524617,0.668850,-0.025335,0.549350,0.612485,-0.036735,0.562200,0.579428,-0.041706,0.571753,0.553656,-0.044713,0.535325,0.701766,-0.032946,0.570561,0.660016,-0.043177,0.582781,0.661752,-0.042042,0.587191,0.667896,-0.039215,0.546527,0.736417,-0.040059,0.573390,0.699830,-0.043416,0.580109,0.690522,-0.038752,0.583108,0.684888,-0.034421
